init_x,init_y,final_x,final_y,time_delay,true_h0,corrected_x,corrected_y
0.839434,0.372382,111.146596,-26.120618,50.05,70.0,111.16608294196442,-26.139545837196476
0.624145,0.011011,162.530766,15.79516,50.05,70.0,162.5223199550127,15.784669977845207
-0.936115,0.714453,25.407237,-40.37964,50.05,70.0,25.392394031531065,-40.37569959881348
-0.185917,-0.709162,-1.321835,-60.429027,50.05,70.0,-1.3323269157672786,-60.41008031510509
-0.883472,-0.507208,-408.326706,131.363438,50.05,70.0,-408.331154974301,131.38184599344527
-0.643114,-0.810853,1.394307,59.727237,50.05,70.0,1.3906303712150205,59.74268290892306
-0.007603,0.221303,249.777346,1523.970733,50.05,70.0,249.75740887775154,1523.9728022941154
-0.558761,0.897777,2.117056,19.47462,50.05,70.0,2.117381430863612,19.466642415840546
0.936277,0.005382,-188.940756,1.290304,50.05,70.0,-188.9374051837231,1.278117839891188
0.461128,0.181942,-270.082998,1495.008529,50.05,70.0,-270.1015929178417,1495.026361714772
-0.105382,0.843088,-145.58415,41.704122,50.05,70.0,-145.56569238966568,41.71609878074863
-0.222535,-0.150031,225.823488,280.953925,50.05,70.0,225.8142930855448,280.94829956768075
0.431738,0.224246,169.824879,-75.376567,50.05,70.0,169.8270404389098,-75.36404692856973
0.903345,0.511197,13.748734,3.987638,50.05,70.0,13.766453887376274,4.00627463291866
-0.319823,0.733629,-53.54122,11.016521,50.05,70.0,-53.56111040904086,11.000853568197474
0.107867,0.912392,-49.571928,-169.736272,50.05,70.0,-49.58065149839101,-169.75521746799575
0.57597,0.333165,101.467427,-38.6024,50.05,70.0,101.487044269999,-38.60300148039029
-0.488396,-0.476188,149.592953,149.291238,50.05,70.0,149.57401880903723,149.31053610794513
0.716329,-0.663431,-38.90735,-12.33778,50.05,70.0,-38.88915274562103,-12.318362761202707
-0.2768,-0.170318,0.858095,0.979972,50.05,70.0,0.8384454257054414,0.9717818532112937
-0.528656,0.876494,1.967941,-1.084069,50.05,70.0,1.983134852526842,-1.1023719147021285
-0.765222,0.910374,-34.848619,-15.855795,50.05,70.0,-34.83514567259791,-15.858095839879844
0.649646,0.595326,48.643896,-8.047374,50.05,70.0,48.63253993877525,-8.052398597111386
-0.353841,0.991841,20.455457,3.862593,50.05,70.0,20.46439700469158,3.8591005225516337
-0.129181,0.852695,102.185771,-227.852916,50.05,70.0,102.16765254985798,-227.86107210007395
-0.760468,0.819013,-76.108968,-54.563256,50.05,70.0,-76.1185965186959,-54.58158140279006
-0.856611,0.943895,0.040128,-0.116869,50.05,70.0,0.029094936350012937,-0.09727021542478831
0.050121,0.383922,-23.334368,-96.127425,50.05,70.0,-23.334898957596053,-96.1455799609283
0.575882,0.852276,-163.833396,157.121263,50.05,70.0,-163.8292629649016,157.1071676731075
0.194407,-0.604043,-83.257815,106.465631,50.05,70.0,-83.27752057358431,106.4650701055635
-0.144334,0.185441,297.454505,-93.112565,50.05,70.0,297.4430950369681,-93.1179303946408
0.703882,0.141491,1109.247234,582.601404,50.05,70.0,1109.2335920064377,582.596540070441
0.047347,-0.230826,-172.410127,404.581917,50.05,70.0,-172.4155787992258,404.58814276644466
0.514394,-0.585725,61.543674,-4.787536,50.05,70.0,61.562278762485924,-4.767784209498876
-0.277444,0.994465,-2.309218,-109.392544,50.05,70.0,-2.3156155136954433,-109.38208146366196
-0.019451,-0.911819,53.498005,496.692981,50.05,70.0,53.517992104426355,496.67501269942494
-0.940364,-0.691462,5.68599,3.431812,50.05,70.0,5.666133108935352,3.412053675461105
0.604134,-0.323592,-72.798139,-26.699228,50.05,70.0,-72.81813435711247,-26.681082624230967
-0.611109,-0.91722,-116.496618,53.531005,50.05,70.0,-116.50823299631143,53.5254327857233
0.291034,-0.598486,-102.126482,45.649717,50.05,70.0,-102.10877098070064,45.64725121404689
-0.756777,0.845587,-44.915641,-6.894678,50.05,70.0,-44.917321599682396,-6.895591077151604
-0.21503,-0.016742,174.566169,-81.656371,50.05,70.0,174.5686662643125,-81.63913422879479
0.617458,-0.380864,120.354999,-2.556425,50.05,70.0,120.35071731231028,-2.55323859958604
0.821982,-0.945412,-64.937587,8.524765,50.05,70.0,-64.95713787551982,8.515762511975895
0.458674,0.938619,78.574481,6.390169,50.05,70.0,78.58467641789919,6.370468658370588
-0.625961,-0.527762,-233.58574,43.971857,50.05,70.0,-233.58678354094766,43.98657546381924
-0.101244,0.389927,198.393428,156.762153,50.05,70.0,198.3734307562242,156.77642547840773
-0.498782,0.976165,-48.735178,-42.969428,50.05,70.0,-48.75395199884836,-42.96540641897712
0.407039,-0.895317,77.223009,58.521724,50.05,70.0,77.2144811060647,58.502622309209904
0.404077,-0.679306,-6.73815,-0.616297,50.05,70.0,-6.739351429320065,-0.6292428515903548
0.904507,0.041103,-199.416833,11.065155,50.05,70.0,-199.43563479023916,11.057894682822946
0.813634,0.743424,0.762349,0.721923,50.05,70.0,0.7533265562468374,0.7062484589640144
0.729768,-0.788904,-11.944867,-3.001172,50.05,70.0,-11.957783498583725,-3.021160390352129
0.891615,-0.625622,-14.088178,-41.941774,50.05,70.0,-14.102212812648727,-41.936923946371564
-0.831653,0.416344,55.216544,25.752872,50.05,70.0,55.21736254725341,25.77146427075073
-0.500526,-0.346266,27.942214,-6.852599,50.05,70.0,27.936408308785754,-6.850805351416577
0.299226,-0.90756,-45.953451,6.246067,50.05,70.0,-45.95714155886778,6.227895958717139
0.64681,0.933661,-94.356641,-15.48439,50.05,70.0,-94.37462437591414,-15.467280272618565
0.037826,-0.258899,554.609402,273.436607,50.05,70.0,554.5982709460698,273.42545497662707
0.688121,-0.756611,-2.57352,-33.331007,50.05,70.0,-2.5705188909567958,-33.31190755082048
-0.368022,0.657531,56.595929,7.174235,50.05,70.0,56.57658657712255,7.193679187553669
-0.876302,-0.010674,173.609596,-2.194478,50.05,70.0,173.62959062512888,-2.183145752914103
0.607603,-0.014746,-179.431072,-3.039784,50.05,70.0,-179.44081884081888,-3.0352116487474983
0.16112,-0.051638,-679.849617,-441.14959,50.05,70.0,-679.8564732122674,-441.12961009734363
0.120804,0.347009,-484.912877,18.392885,50.05,70.0,-484.9280108364452,18.407584811149945
0.182878,-0.367962,-245.617171,12.831327,50.05,70.0,-245.59777318445836,12.812088699512445
-0.341758,0.071441,261.752741,31.570378,50.05,70.0,261.7666960803631,31.564651964917395
0.708243,-0.551929,-143.740529,-41.012678,50.05,70.0,-143.72537387761696,-41.02768674854129
-0.264702,-0.841479,31.478756,-5.67193,50.05,70.0,31.48046025309919,-5.652908795852229
-0.73883,0.478961,147.674045,88.156516,50.05,70.0,147.69042433941954,88.13660799610989
-0.097355,-0.244675,1320.34786,-722.776534,50.05,70.0,1320.330500416952,-722.78278091867
-0.258326,0.31324,-255.56106,-352.170899,50.05,70.0,-255.58105932967885,-352.18450081358543
0.624456,-0.763416,-12.700635,-23.420024,50.05,70.0,-12.685462607786747,-23.40436399835265
-0.733425,-0.679181,-32.945258,-12.885428,50.05,70.0,-32.96525200240421,-12.881311154947888
-0.996633,-0.417949,-18.494148,-44.43271,50.05,70.0,-18.50968349666967,-44.43680568500161
-0.462271,0.618503,-289.146652,-64.100794,50.05,70.0,-289.14788161073096,-64.08429451114358
-0.818037,-0.752233,-5.295836,-1.344408,50.05,70.0,-5.30433405934717,-1.3399583986993377
-0.777298,-0.043582,231.925667,-16.538518,50.05,70.0,231.90871781230084,-16.55708649784153
-0.480128,0.487792,-185.663292,174.96194,50.05,70.0,-185.64344520220303,174.96145666434404
0.319611,-0.302438,-902.682786,1143.262752,50.05,70.0,-902.7024413069616,1143.2528824562023
0.923816,0.571897,-61.949607,3.377165,50.05,70.0,-61.96808278759899,3.371232462372687
-0.118827,0.872109,485.022101,125.454669,50.05,70.0,485.0048006452953,125.47427420194077
-0.462651,0.225283,102.499613,20.785786,50.05,70.0,102.49454153555438,20.767511703863768
0.330509,0.860962,-83.084538,-39.81781,50.05,70.0,-83.0661330471766,-39.802939363338496
0.185636,-0.010014,-248.643027,1.905975,50.05,70.0,-248.64512507346257,1.9190909800322546
-0.298174,0.587609,101.631305,-5.381015,50.05,70.0,101.61170980046829,-5.366817630639451
-0.048034,0.690969,32.460171,-215.017606,50.05,70.0,32.44785592101409,-215.00786282562223
-0.878406,0.627833,0.061602,-0.500112,50.05,70.0,0.04964153180275461,-0.48105322498991804
-0.003675,0.238246,9.389083,-356.310426,50.05,70.0,9.394400190291677,-356.3301083120716
0.202557,0.377925,-73.497651,-45.522323,50.05,70.0,-73.51741476097996,-45.54226205756875
-0.222823,-0.990202,203.799387,129.242796,50.05,70.0,203.78307105196166,129.2514931691754
-0.324112,0.646366,96.057403,-14.132918,50.05,70.0,96.03740751320548,-14.151515959204064
-0.518843,-0.190178,184.111857,-67.345351,50.05,70.0,184.12275619426975,-67.3652982611331
-0.314853,0.272999,66.796547,18.385466,50.05,70.0,66.78190849675865,18.396707336774355
0.296908,0.125981,77.674194,-204.117579,50.05,70.0,77.66586172145537,-204.11008121551
-0.637367,-0.225646,44.762712,164.83532,50.05,70.0,44.78034478691665,164.82082991709024
-0.427203,-0.008699,-945.762699,-185.538547,50.05,70.0,-945.7467518705436,-185.55362850485272
-0.197994,0.309146,115.257555,28.116531,50.05,70.0,115.27174818451392,28.112665932889385
-0.183167,-0.480004,74.553372,147.727016,50.05,70.0,74.54631142336319,147.71763648821513
0.574271,-0.232221,-147.063653,-94.698934,50.05,70.0,-147.07914168924214,-94.67927742705652
-0.945962,-0.785614,11.991942,-8.041629,50.05,70.0,11.980117780607012,-8.060907351284106
0.186323,-0.475589,257.432088,-118.343134,50.05,70.0,257.41429798747197,-118.33058539942633
0.778613,0.155407,-61.419596,391.098911,50.05,70.0,-61.399811325941236,391.11315596897094
-0.070107,-0.282205,103.963563,246.510224,50.05,70.0,103.98087952912168,246.50791378514083
0.980812,0.512764,-71.955979,-5.81963,50.05,70.0,-71.9413041212783,-5.820979696708664
0.027399,0.488204,-94.257241,-495.92997,50.05,70.0,-94.24116987054956,-495.90999237531275
-0.754334,-0.095292,100.725965,228.461216,50.05,70.0,100.70709097730555,228.47243935402506
0.432167,-0.572755,112.732401,-182.632304,50.05,70.0,112.71513328443311,-182.6373271581022
-0.293338,-0.130521,460.048827,139.141633,50.05,70.0,460.02906555985487,139.1581587446558
0.329093,-0.939418,-106.309012,50.392561,50.05,70.0,-106.2971421273884,50.37623594076124
-0.804996,0.424925,286.729264,92.331627,50.05,70.0,286.73237106584713,92.34105233317116
-0.28186,0.780277,73.744033,6.816911,50.05,70.0,73.75314354138467,6.808811128622962
0.118383,-0.33917,-599.941229,-220.188921,50.05,70.0,-599.9608927829124,-220.20632843842716
-0.425639,0.292864,-175.789161,32.988331,50.05,70.0,-175.76916164652292,33.00362606549296
0.165124,-0.754504,-343.419406,96.83214,50.05,70.0,-343.41244610431903,96.82784091834743
-0.95572,-0.787871,14.515553,-2.269685,50.05,70.0,14.534320827883901,-2.2886625619924144
0.260457,-0.495454,-126.239613,6.661201,50.05,70.0,-126.22062378021845,6.641883824720609
0.902946,-0.188082,-265.032913,-165.341276,50.05,70.0,-265.02389966482855,-165.324629806285
0.91198,-0.354906,134.603269,-46.692089,50.05,70.0,134.5866302697202,-46.67699391800687
-0.901258,0.550374,-3.398742,4.082168,50.05,70.0,-3.378742904821861,4.076543899097533
0.139984,0.706221,-139.463397,-229.897373,50.05,70.0,-139.45680185910152,-229.8775087646376
-0.539659,-0.048027,-1494.382051,1310.257471,50.05,70.0,-1494.3995629584838,1310.2646636042928
0.813718,0.160263,-285.042194,311.214653,50.05,70.0,-285.0588583522893,311.22421871358
-0.458293,-0.535006,22.206918,36.614403,50.05,70.0,22.222070166978543,36.60495610323209
0.159598,0.358436,-167.60887,135.101109,50.05,70.0,-167.6101316512906,135.0866245277566
0.225685,-0.908604,-201.315303,44.484208,50.05,70.0,-201.30348718759925,44.490193456819924
-0.905373,-0.600732,66.767313,-3.676736,50.05,70.0,66.77629711093766,-3.6632052195798748
-0.50705,0.007537,139.962366,-257.396589,50.05,70.0,139.9799104227055,-257.41103973355126
0.670311,-0.085871,-211.054164,-27.141114,50.05,70.0,-211.0425907805988,-27.122032931069743
0.765283,0.11474,-254.744267,61.206429,50.05,70.0,-254.7635255790755,61.20256375438061
0.432921,0.100986,-154.555953,12.903115,50.05,70.0,-154.5360803864568,12.923087937203363
-0.734579,-0.07355,505.082153,-214.95193,50.05,70.0,505.07557832543824,-214.93374842195306
-0.158675,-0.854774,41.439507,66.213473,50.05,70.0,41.420865230137196,66.23325559604822
-0.181187,0.782817,242.403257,-173.506612,50.05,70.0,242.39449493419946,-173.49055194012493
0.801507,0.925218,-3.815281,0.008575,50.05,70.0,-3.8144237626946493,0.028062597993615303
0.145125,-0.880957,-62.708687,151.559979,50.05,70.0,-62.72120157586593,151.5763048816537
-0.251701,-0.340394,122.938059,34.551753,50.05,70.0,122.93863553906888,34.561497883983115
0.996317,-0.907332,-0.139928,0.128482,50.05,70.0,-0.12794546488033828,0.14378348112170225
0.46816,0.363326,135.10757,-84.1642,50.05,70.0,135.1106065230165,-84.18410900123722
0.426073,-0.993585,241.906658,-8.363506,50.05,70.0,241.92323249845214,-8.383501952649233
0.816063,-0.43054,-34.468445,-18.153985,50.05,70.0,-34.475044214204736,-18.17203401852102
-0.081441,-0.782623,0.440192,-0.218314,50.05,70.0,0.4224449615309186,-0.23009954005005004
0.46259,0.750856,53.829753,-2.984737,50.05,70.0,53.81562671095456,-2.974409831990964
-0.367029,-0.660422,63.872668,-2.86287,50.05,70.0,63.852981117911604,-2.8534277493479165
0.286805,0.334481,35.717669,-305.799562,50.05,70.0,35.70131030163456,-305.81727934559876
-0.3805,0.941608,-43.153481,57.413842,50.05,70.0,-43.172005546807746,57.4030778605279
-0.391956,0.394626,192.277226,45.272368,50.05,70.0,192.28055382853418,45.2923334614109
0.484373,0.863385,235.268713,-6.263912,50.05,70.0,235.27063734907367,-6.260274679932173
0.915048,-0.786755,0.763215,-0.955996,50.05,70.0,0.7831693319310351,-0.9716166065371219
-0.995201,-0.335944,120.204065,-125.456009,50.05,70.0,120.22129773357048,-125.46721367825741
-0.215869,-0.114522,181.39368,15.089224,50.05,70.0,181.39463756006268,15.077620892470833
-0.768004,0.15137,-56.223687,5.034955,50.05,70.0,-56.2228465721087,5.033873378017819
0.083646,-0.159973,-253.125942,256.201315,50.05,70.0,-253.13976714760162,256.1831534798747
-0.664924,0.624629,-27.267062,-10.179774,50.05,70.0,-27.27889957199876,-10.186140658902618
0.139979,0.629069,-107.715974,212.689419,50.05,70.0,-107.69597723334975,212.68538153661194
0.760826,-0.805293,-26.154559,0.561118,50.05,70.0,-26.14796468158311,0.5688455322363128
-0.559282,0.140837,-204.963223,-274.389567,50.05,70.0,-204.97923330689903,-274.3737293393798
-0.957952,-0.300832,136.135298,-54.306899,50.05,70.0,136.11575111757224,-54.31686575607551
-0.088781,-0.145533,731.576437,57.848951,50.05,70.0,731.5807670558553,57.85858266062362
0.023117,0.527916,-28.818711,-294.08881,50.05,70.0,-28.82226577469704,-294.0705458330322
0.688031,-0.257114,-53.239735,-12.898702,50.05,70.0,-53.25965250029194,-12.912100321943896
0.681084,0.982738,-58.953782,-47.321488,50.05,70.0,-58.93708356072615,-47.30434205224469
0.885805,-0.276499,144.963965,-6.687544,50.05,70.0,144.94596474131174,-6.700162088222159
0.876564,0.403255,-43.881207,16.505683,50.05,70.0,-43.86622097888564,16.52318212617401
-0.497857,0.524249,-149.98423,-71.360916,50.05,70.0,-149.96477420297296,-71.373040449762
-0.939978,-0.205296,-412.685851,-423.0252,50.05,70.0,-412.67103656395636,-423.04173918509997
-0.40164,-0.36798,-10.647637,-6.392119,50.05,70.0,-10.657999691132485,-6.411834438668936
-0.645077,0.192924,56.83976,10.49745,50.05,70.0,56.85566991313208,10.49975159236164
0.468376,0.003559,348.921489,18.103698,50.05,70.0,348.9325779170922,18.09329077266136
-0.191755,-0.823704,-85.610468,-147.73399,50.05,70.0,-85.60275935156974,-147.7199948610039
2.4e-05,0.397994,0.142333,-228.17814,50.05,70.0,0.1517907812106632,-228.16299448955823
-0.90886,0.79745,0.734506,0.52139,50.05,70.0,0.7446966718595261,0.5041433433663496
0.735159,-0.187676,-96.253359,-260.879292,50.05,70.0,-96.24148725947927,-260.89576340965925
-0.268498,-0.640132,118.113742,73.855829,50.05,70.0,118.09394332462477,73.87580329160964
-0.692553,0.260126,41.758989,22.191922,50.05,70.0,41.74211791792274,22.194335433295194
-0.062163,-0.768853,954.868449,688.780139,50.05,70.0,954.8815635631169,688.792903768811
-0.119231,0.080746,-173.389815,52.643364,50.05,70.0,-173.40234357125527,52.6631939458447
-0.904463,0.684527,-0.899352,0.831693,50.05,70.0,-0.9163613389894507,0.8274137622990667
0.843932,-0.040372,-173.165807,-8.300785,50.05,70.0,-173.15349384318642,-8.29448875317397
-0.524137,0.836088,-32.53459,7.069054,50.05,70.0,-32.54876536790963,7.0844806007934
0.128305,0.414259,116.16067,53.341794,50.05,70.0,116.167082808907,53.32330565002516
0.452742,-0.770781,-0.764137,-4.411179,50.05,70.0,-0.7628429760578093,-4.426741862492444
-0.512934,-0.875117,-27.29561,287.310105,50.05,70.0,-27.31053861561815,287.3065002002094
-0.090873,0.69059,35.215524,-119.225844,50.05,70.0,35.229495215761865,-119.20606391459583
0.74099,-0.184706,-240.097052,-199.615191,50.05,70.0,-240.08077777232,-199.5967454644254
-0.354701,0.545193,78.376438,-9.129402,50.05,70.0,78.35652613832028,-9.143091810589869
-0.943088,-0.477913,30.135388,-8.763777,50.05,70.0,30.138641716809094,-8.743919650221375
-0.287084,0.972077,110.926254,-10.094284,50.05,70.0,110.92216430036702,-10.097078162473746
-0.304899,-0.430907,69.459278,-10.871373,50.05,70.0,69.47554386537608,-10.874369707743833
-0.257558,-0.775833,9.374699,-2.766072,50.05,70.0,9.355632944328113,-2.785448293403322
0.567422,0.668449,38.824994,23.494452,50.05,70.0,38.8061220562482,23.510327876866455
0.629705,-0.550639,86.766361,-12.048517,50.05,70.0,86.77685435155824,-12.029363707169207
-0.595724,-0.325918,54.617219,-26.818943,50.05,70.0,54.600457237905935,-26.838405025484306
0.295206,-0.47968,-100.914766,1.896686,50.05,70.0,-100.91593836834484,1.8898617013044128
0.011609,-0.88006,-932.102135,-1215.118598,50.05,70.0,-932.0972411596248,-1215.1194382846015
0.829212,0.558939,0.961981,-138.668881,50.05,70.0,0.9457409908575166,-138.6669337691927
0.093446,0.543276,-494.064086,259.629525,50.05,70.0,-494.07650351029713,259.6398452978767
0.83755,0.701993,128.767424,75.102848,50.05,70.0,128.7475121408956,75.08320555457962
0.390663,-0.131522,284.207856,88.865806,50.05,70.0,284.1882802144919,88.87594074221661
-0.48486,0.959593,1.614574,16.16566,50.05,70.0,1.5995074269167744,16.161317107045846
-0.122251,-0.676295,225.945341,292.597194,50.05,70.0,225.9285526932426,292.6035639881694
-0.497234,0.995227,18.728879,2.31867,50.05,70.0,18.712347210010975,2.3351383959591727
0.782157,-0.288678,132.146542,-67.986081,50.05,70.0,132.1346237990143,-67.975245565124
0.196361,0.246626,56.404086,231.94505,50.05,70.0,56.394893714630456,231.96004769035773
-0.960097,-0.344597,98.887829,-107.806354,50.05,70.0,98.90721400956119,-107.81343125643455
0.361722,-0.542109,92.125687,-98.701345,50.05,70.0,92.13115023750183,-98.70885824479821
0.780653,0.44079,-30.147935,11.020378,50.05,70.0,-30.16778139099712,11.040345777633481
0.358377,-0.755788,-69.505024,-2.696477,50.05,70.0,-69.52088761483616,-2.703879280858999
-0.536464,-0.346408,-2.74538,-25.18515,50.05,70.0,-2.7505611035181854,-25.17717291737859
-0.079176,-0.715225,92.65858,289.241453,50.05,70.0,92.67616841800032,289.23961526782625
-0.788184,0.99317,1.020723,0.767825,50.05,70.0,1.007876432756738,0.775451441715074
0.205445,0.920213,-118.975752,-162.493577,50.05,70.0,-118.99442600923406,-162.50233115884032
0.017432,0.971391,-6.522463,-146.78984,50.05,70.0,-6.503944472310018,-146.78252557046744
0.17143,-0.774774,-119.296146,-288.244713,50.05,70.0,-119.31003223318554,-288.2264665376041
0.376357,-0.56848,36.884544,15.818773,50.05,70.0,36.874021309643936,15.80683631501481
-0.437219,-0.340847,59.483635,283.924981,50.05,70.0,59.47631002542024,283.91473829039535
-0.615923,0.178408,-169.969551,108.847748,50.05,70.0,-169.9830841120333,108.84680950068432
0.50758,0.899012,16.63121,5.111126,50.05,70.0,16.6394179290624,5.113046144314797
-0.299724,0.543425,144.242188,4.271296,50.05,70.0,144.25404621322,4.275571272039788
-0.659452,0.591245,5.099395,129.74689,50.05,70.0,5.1193948034884205,129.7655779398345
-0.937614,-0.48093,-84.43699,-6.185281,50.05,70.0,-84.42758592660562,-6.178249332814765
-0.99806,-0.389272,82.167162,-81.309236,50.05,70.0,82.1863264849106,-81.32436631416705
-0.501272,-0.878005,35.41927,-61.758651,50.05,70.0,35.40339226051648,-61.75079572494922
-0.637905,0.738435,537.20597,131.278449,50.05,70.0,537.2099555308426,131.25845915535686
0.882571,-0.622228,-16.03853,-2.760065,50.05,70.0,-16.057406062688774,-2.758426093116364
0.209494,0.960726,263.741124,352.839218,50.05,70.0,263.7214908032568,352.8536692484846
0.926177,0.252435,209.234826,1145.404325,50.05,70.0,209.2368581369251,1145.384330652884
0.67314,-0.538987,-49.897573,-12.10585,50.05,70.0,-49.882693633532504,-12.111160548818242
-0.759585,-0.342176,-53.026684,-47.959649,50.05,70.0,-53.04390370248119,-47.953146210209674
-0.947216,0.145988,237.018722,64.582562,50.05,70.0,237.03116104434494,64.56743629044888
-0.382452,0.13159,-226.871654,157.571446,50.05,70.0,-226.8590388959168,157.55203514089072
-0.368921,-0.461293,1217.164928,699.470033,50.05,70.0,1217.1511852520955,699.4530843928371
-0.944681,0.740016,-0.329956,0.084453,50.05,70.0,-0.32175944896419906,0.08287496846824964
-0.544244,0.891366,-11.419983,0.721981,50.05,70.0,-11.429010619654434,0.7390184389026031
-0.815845,0.099651,270.280671,-710.636306,50.05,70.0,270.2814755586396,-710.618934867865
0.838052,-0.863858,0.451781,-0.514532,50.05,70.0,0.4410063371692208,-0.5272335473270865
-0.859642,-0.011216,-323.608497,-32.692647,50.05,70.0,-323.6105019667591,-32.71249769052893
-0.500992,-0.164872,25.373423,-2.514702,50.05,70.0,25.37328021350018,-2.5075184306426443
0.996569,-0.669275,-132.372959,-105.356124,50.05,70.0,-132.35605493019804,-105.36673995214561
-0.504183,0.201348,109.632728,117.687973,50.05,70.0,109.6163208170941,117.68885827169291
0.059011,-0.206854,-9.30977,-2.697703,50.05,70.0,-9.325707978036862,-2.714486413100783
-0.594949,0.699587,52.367643,41.818847,50.05,70.0,52.38732584893343,41.80952687469622
-0.04861,-0.985898,489.979734,857.332252,50.05,70.0,489.9997164332098,857.3493690468255
0.012671,0.960837,-313.665712,-1526.874936,50.05,70.0,-313.67170893058073,-1526.8905648026114
0.792609,-0.615849,41.266733,6.978715,50.05,70.0,41.26013767790448,6.989327642809048
-0.569623,0.344474,-119.819934,-59.274327,50.05,70.0,-119.8373999043657,-59.28604952623378
-0.428807,-0.95542,42.07053,-7.479743,50.05,70.0,42.076447986041075,-7.499563554072253
0.252859,-0.196333,-1775.069047,-33.861717,50.05,70.0,-1775.0624259586411,-33.880531812971185
0.224412,-0.306586,-157.096688,49.009707,50.05,70.0,-157.0966018398666,49.02963432306941
-0.793482,-0.044882,548.97677,-746.334964,50.05,70.0,548.9870055493825,-746.3220388940806
-0.328941,-0.503065,80.173655,0.260286,50.05,70.0,80.19293379446843,0.2664863543357879
0.986481,-0.206528,-258.119626,-218.020369,50.05,70.0,-258.12024201846907,-218.03691569079086
0.88927,-0.036901,248.249962,-78.607343,50.05,70.0,248.25658709887972,-78.62632322518112
-0.197556,-0.327054,139.942839,89.196024,50.05,70.0,139.94032493227186,89.18298990962604
-0.804454,-0.454772,27.953556,-10.249055,50.05,70.0,27.936948364116972,-10.248393259105024
0.648797,0.330391,-89.37533,-311.348879,50.05,70.0,-89.35540260632834,-311.33452765489596
0.876617,-0.694396,14.026322,-0.717648,50.05,70.0,14.034960884159808,-0.7071223156201126
-0.717035,0.795477,-0.031502,1.62408,50.05,70.0,-0.012207599059399204,1.6438324184969562
-0.414367,-0.273891,30.014154,-73.673812,50.05,70.0,30.028538963012647,-73.65885099878608
0.716707,-0.311909,-96.36407,-67.478075,50.05,70.0,-96.34515457293841,-67.48612273202853
-0.258681,0.351331,-1.212818,146.237527,50.05,70.0,-1.19842284526723,146.2570488896141
0.820507,0.259085,-122.300394,36.625721,50.05,70.0,-122.28452774611482,36.61680265317688
0.438279,0.156841,-122.875327,187.062652,50.05,70.0,-122.89075897639995,187.06653265221433
0.026079,0.310668,913.739168,338.684417,50.05,70.0,913.7370988149553,338.6980596447218
-0.595369,-0.363164,-146.170226,-135.505388,50.05,70.0,-146.15280758189758,-135.513740648119
0.305236,0.103194,-180.411291,-374.133406,50.05,70.0,-180.3915197676472,-374.1516729665509
0.374119,-0.177221,1112.64343,364.862618,50.05,70.0,1112.6597243487915,364.8454992952639
-0.545909,0.911141,-71.810626,15.736322,50.05,70.0,-71.81345238000596,15.748572149123618
-0.456067,0.888955,6.859178,0.375722,50.05,70.0,6.878237965022741,0.3564026027427383
0.661109,-0.735209,12.875614,-3.95232,50.05,70.0,12.859798867321812,-3.9518284615252424
-0.663786,-0.253626,91.4323,-814.96277,50.05,70.0,91.43564773247378,-814.9615753335316
-0.685291,0.310101,104.874266,51.513723,50.05,70.0,104.8734265947441,51.49447255923982
-0.138953,0.616445,81.961089,-166.080062,50.05,70.0,81.944048415585,-166.0766311277719
0.596877,-0.288776,49.189524,-38.594091,50.05,70.0,49.20896261592404,-38.58171202897325
0.546078,-0.074458,182.337407,-668.608848,50.05,70.0,182.32980958478268,-668.5926306740236
0.590455,-0.228714,-47.729797,-9.984085,50.05,70.0,-47.723031985030545,-9.96421043564201
-0.003493,-0.714056,44.061255,1079.040461,50.05,70.0,44.04354360839105,1079.0589225528538
0.858789,-0.331138,6.571944,19.572785,50.05,70.0,6.562805186895111,19.57531823435369
0.55965,0.030788,-586.962188,116.387024,50.05,70.0,-586.9756808324819,116.40393286716044
-0.551527,0.478545,-50.086207,12.143805,50.05,70.0,-50.10334024637094,12.15629387302967
0.906012,-0.659595,-66.018187,-1.847576,50.05,70.0,-66.02190323551079,-1.8670776381548366
0.184527,-0.648997,33.443417,-148.339204,50.05,70.0,33.437886931794594,-148.35433631856193
0.30402,-0.334728,-142.900226,-623.376776,50.05,70.0,-142.9084536008253,-623.3809686421463
0.226482,0.483504,-114.979897,-87.519244,50.05,70.0,-114.96404768575471,-87.53924256706281
0.243884,0.957552,-179.803191,-46.942855,50.05,70.0,-179.81892165264432,-46.925503150486854
-0.416509,-0.268631,190.69934,-8.15809,50.05,70.0,190.69833533307477,-8.15762344961444
-0.880085,0.403254,-16.902442,52.705408,50.05,70.0,-16.909613536744875,52.68636616454473
-0.516718,-0.48182,-107.62489,98.157254,50.05,70.0,-107.61203908465079,98.14501236983907
0.051196,0.447887,-258.815388,-551.665505,50.05,70.0,-258.81557150038856,-551.6461732639376
-0.370682,-0.059619,280.65916,60.435736,50.05,70.0,280.67021707777826,60.424864672683796
-0.022602,0.128956,28.299007,-132.110693,50.05,70.0,28.284397629334347,-132.13054100223465
-0.635962,-0.606321,65.936906,-7.790375,50.05,70.0,65.91790895438696,-7.810042139537702
-0.431762,-0.617161,1.646018,-0.276455,50.05,70.0,1.6263723515592068,-0.28380107293862306
-0.62646,-0.920792,12.315442,-1.165499,50.05,70.0,12.324243645701726,-1.159280744487318
0.2486,0.219984,-165.322891,28.047411,50.05,70.0,-165.3047635732476,28.02880515158405
-0.734857,-0.740305,0.427351,-0.243769,50.05,70.0,0.4085769636164124,-0.2544935050861927
-0.300216,0.270076,-53.17347,-41.396802,50.05,70.0,-53.16640383375835,-41.40464137787858
-0.833752,-0.862111,-0.478234,-1.229107,50.05,70.0,-0.47548967943688536,-1.2437350141292105
0.504128,0.879194,-114.744274,23.26464,50.05,70.0,-114.74595744213026,23.257208392078407
0.618563,0.182392,901.410257,105.968137,50.05,70.0,901.4279753975541,105.95967935837395
-0.53985,0.739828,189.932136,-4.897227,50.05,70.0,189.9441856239884,-4.884790079553494
0.285482,0.090296,-205.495344,9.458681,50.05,70.0,-205.49871809027835,9.438989689113077
-0.397338,-0.061188,174.469851,-8.361818,50.05,70.0,174.48633043928905,-8.351240174628096
-0.38341,0.024781,-679.076943,1619.831991,50.05,70.0,-679.0742691491122,1619.8164011805925
0.4954,0.184734,271.894464,101.768336,50.05,70.0,271.8925403806134,101.75494656666989
0.828118,0.175612,634.878395,12.690209,50.05,70.0,634.8900025459735,12.693935129511104
-0.490973,0.224393,75.082615,63.449253,50.05,70.0,75.08370631796936,63.44910805918913
-0.622725,-0.130896,207.04832,-43.191546,50.05,70.0,207.03380446137575,-43.18981176779709
0.033733,0.957631,-900.887739,1126.767789,50.05,70.0,-900.9041607897765,1126.784237105105
0.897147,0.349109,-102.506037,86.929045,50.05,70.0,-102.4881637762523,86.91104112805037
-0.526755,0.827897,-30.241518,14.462618,50.05,70.0,-30.242646579546125,14.480951295243292
0.464081,-0.182395,-211.951743,-104.687234,50.05,70.0,-211.97045392982758,-104.69732404864963
0.490027,-0.109387,-169.889015,24.503464,50.05,70.0,-169.8889191305671,24.510429641248688
-0.468963,0.142964,-163.12832,70.790958,50.05,70.0,-163.11101970412284,70.79871515739272
0.801105,0.167008,199.80443,284.664772,50.05,70.0,199.80080243190886,284.684771813908
0.897383,0.322431,117.548856,-256.106702,50.05,70.0,117.56774746747755,-256.125996214461
-0.896319,-0.43971,-123.991235,-9.100579,50.05,70.0,-124.0112098064201,-9.110314151859242
-0.202343,-0.780236,169.727037,161.776326,50.05,70.0,169.70709855683174,161.7947067195967
0.565579,-0.310449,-55.060082,-27.063402,50.05,70.0,-55.0555511601904,-27.055410506766258
0.285956,0.059465,-462.396021,172.135873,50.05,70.0,-462.39835610359484,172.15533676492268
-0.570712,0.035716,134.412582,4.57617,50.05,70.0,134.39704432427766,4.595606615943626
0.27882,0.133207,285.215123,35.425363,50.05,70.0,285.2337465273698,35.4449341872546
0.811042,-0.822984,1.59862,-0.915159,50.05,70.0,1.6184337107630407,-0.9179324010492214
0.11061,-0.976331,-221.624623,-148.994929,50.05,70.0,-221.61651920999125,-149.00799151068628
0.811548,-0.319211,-53.118103,-58.858436,50.05,70.0,-53.1010867517111,-58.860948062982466
-0.979532,-0.991078,0.621746,-0.315656,50.05,70.0,0.6017465600510326,-0.3356452014318726
0.94699,0.053668,-3.707293,-130.035216,50.05,70.0,-3.7099570443417003,-130.01618827780237
0.00021,-0.475152,1.452804,1161.966163,50.05,70.0,1.4356993581997126,1161.9772895828523
0.120562,0.280616,30.081249,145.779796,50.05,70.0,30.082238283484482,145.7982926420262
0.305066,-0.758847,-35.682138,1.206753,50.05,70.0,-35.68707484492285,1.1909542744307218
0.057298,-0.998705,-266.341582,-46.481938,50.05,70.0,-266.3402197282601,-46.46300020686324
0.770048,0.194557,-211.599973,236.033757,50.05,70.0,-211.61751751658986,236.01867954052577
-0.078833,-0.950838,-0.174624,-0.533865,50.05,70.0,-0.18372213774496426,-0.521016225873436
-0.734932,0.003547,591.362849,379.036084,50.05,70.0,591.3485011830907,379.01930622545575
-0.378289,0.104653,265.031067,64.316018,50.05,70.0,265.0492199032806,64.33256116030984
0.902774,0.93075,0.80718,0.692035,50.05,70.0,0.8009155888405971,0.6795138183816702
-0.883196,0.124203,250.789405,661.000259,50.05,70.0,250.7903211477731,660.9822636177756
-0.526224,-0.249338,125.468352,-55.217255,50.05,70.0,125.47565657498936,-55.20606096904075
-0.619034,-0.110613,348.293343,-433.835447,50.05,70.0,348.2734284872924,-433.82505450972633
0.918932,0.490314,51.86386,-59.293397,50.05,70.0,51.84554576535917,-59.2961463875204
0.709778,-0.760536,75.347102,9.481667,50.05,70.0,75.34148950031852,9.501017192854396
-0.323841,-0.793662,11.724934,-1.866119,50.05,70.0,11.723053124360982,-1.8757987527201474
0.921117,-0.794043,2.626896,-0.17617,50.05,70.0,2.6114703964224617,-0.15931160588000057
0.515312,0.841739,-23.789474,0.611808,50.05,70.0,-23.787824821594075,0.6299609549629401
-0.884852,0.295261,46.22625,34.361309,50.05,70.0,46.242871646263296,34.36575533335847
0.458999,0.390844,4.958113,5.853183,50.05,70.0,4.941375150470387,5.872023533789707
0.911073,0.408734,23.323644,6.984423,50.05,70.0,23.31651256595349,6.965844458356276
-0.40414,-0.379664,-36.774111,93.400011,50.05,70.0,-36.756311864441074,93.39826552811283
0.980455,0.513962,-178.063881,-75.526008,50.05,70.0,-178.07580760179016,-75.53233941840824
0.154316,-0.412784,-883.489389,233.111601,50.05,70.0,-883.4899315438,233.13026431842619
0.340648,-0.724027,409.74032,1064.222221,50.05,70.0,409.7267333860995,1064.240770534575
-0.718725,0.387541,-17.892876,31.393638,50.05,70.0,-17.895100242923476,31.395057019274606
-0.594711,0.684555,55.577451,-44.905143,50.05,70.0,55.59735472401231,-44.90227898307699
-0.689945,0.087215,-214.065115,357.483523,50.05,70.0,-214.06215382908724,357.47201200163335
-0.182357,-0.879355,-17.928968,-60.139751,50.05,70.0,-17.91337458626766,-60.14193561969702
0.67943,-0.814522,-80.205453,43.56716,50.05,70.0,-80.2229575593266,43.57629256700115
0.335994,-0.945974,-40.797003,-40.884596,50.05,70.0,-40.79264899634217,-40.904120441472024
-0.977595,-0.435621,74.973061,-43.644991,50.05,70.0,74.99292720487271,-43.65553015673613
0.525858,0.090877,-44.106657,3.690844,50.05,70.0,-44.11435936443034,3.7071006342615718
-0.624926,0.861053,-23.291623,6.421986,50.05,70.0,-23.278830605428116,6.402464508255444
-0.286641,0.429308,43.689183,-310.674099,50.05,70.0,43.66939891271247,-310.67199837001345
-0.628071,0.010661,-1512.037156,445.5759,50.05,70.0,-1512.046573963159,445.57703820198583
-0.817757,-0.037941,-153.161423,-12.353252,50.05,70.0,-153.14392147759864,-12.338502772436486
0.324768,0.378296,-77.796921,7.463995,50.05,70.0,-77.80432337496056,7.480801823055819
0.013337,0.16092,-181.927089,1077.833662,50.05,70.0,-181.94654445678188,1077.8365394155908
0.575087,-0.507415,-15.170178,1.895516,50.05,70.0,-15.171233550136323,1.9135016829672098
-0.125331,-0.445083,74.201859,140.859981,50.05,70.0,74.21287213136611,140.87907966282637
-0.506028,-0.816494,-132.057417,-24.84005,50.05,70.0,-132.037532108563,-24.823027038181408
-0.816772,0.511167,-12.638462,-189.943948,50.05,70.0,-12.654831579573617,-189.925233284761
-0.812994,0.011447,187.86345,2.726907,50.05,70.0,187.88097635407973,2.706910592215028
0.394094,-0.467021,-6.793892,0.545527,50.05,70.0,-6.785847283133666,0.528886621904527
0.781272,0.838998,2.740387,10.867668,50.05,70.0,2.724339490139583,10.876100414610274
-0.957842,-0.457456,29.189166,-19.720597,50.05,70.0,29.207903705197396,-19.717841227561546
-0.467389,0.598425,-15.458815,16.094984,50.05,70.0,-15.477502415677748,16.088596782122156
-0.276711,-0.673587,83.65803,53.270344,50.05,70.0,83.67066262552657,53.25240812127469
-0.978976,0.349521,-560.289864,-123.033388,50.05,70.0,-560.2788163425603,-123.02020828771177
0.403307,0.382391,-198.101399,439.062968,50.05,70.0,-198.08916156514096,439.050619150974
0.842357,-0.49818,-7.741612,-11.936742,50.05,70.0,-7.741743007427239,-11.926086976775894
-0.907658,0.995086,0.38128,0.397888,50.05,70.0,0.3995528231340366,0.3913012154973485
0.409624,0.556998,40.951042,20.973581,50.05,70.0,40.93243513779671,20.95654817469605
-0.534641,0.293734,49.982653,24.428507,50.05,70.0,49.9900635799009,24.431627183175966
0.782951,-0.946095,3.018448,5.34102,50.05,70.0,3.038447975587677,5.324692881246074
0.974495,0.334432,-104.36276,39.907606,50.05,70.0,-104.38273801121605,39.926656209894176
0.79241,0.028157,211.523812,-59.144877,50.05,70.0,211.5157541397765,-59.15399053022176
-0.762406,0.248685,53.816012,12.394967,50.05,70.0,53.80089412650471,12.404093987523558
-0.357276,-0.743426,-91.944928,-96.897406,50.05,70.0,-91.95753123246908,-96.88749125116924
-0.759993,0.789966,-5.451721,32.905295,50.05,70.0,-5.433355852700804,32.89475498759793
0.960631,-0.681187,-27.386613,-6.781646,50.05,70.0,-27.39870540776331,-6.776238460498017
-0.715418,-0.036722,126.167279,-4.677604,50.05,70.0,126.18697726306203,-4.693838129799289
0.814219,0.57073,224.029266,840.494088,50.05,70.0,224.0126501448835,840.4907329583344
0.258055,-0.876405,-163.060978,82.71138,50.05,70.0,-163.07909456130935,82.71261114900393
0.268167,-0.91969,50.134504,-26.372784,50.05,70.0,50.13616152568011,-26.35692172924482
0.774007,0.741408,-0.875559,8.075536,50.05,70.0,-0.8666258763979535,8.068968286126506
0.843045,-0.945535,0.651557,-0.474317,50.05,70.0,0.6376341853359853,-0.49418214520790066
0.3891,-0.387926,77.617317,529.628846,50.05,70.0,77.6216499086311,529.6308405247174
0.125059,-0.134048,-225.295567,118.834122,50.05,70.0,-225.3035318209148,118.82981854562287
-0.938436,-0.301469,-240.486317,63.407949,50.05,70.0,-240.48115388006747,63.393991947242455
-0.788915,0.705895,-4.792859,4.120497,50.05,70.0,-4.773189807402258,4.128328636972318
-0.017335,0.654052,108.436654,-724.129047,50.05,70.0,108.41667023730184,-724.1341603339199
0.648714,0.93293,3.353103,0.113176,50.05,70.0,3.3638261769314126,0.10335587250916736
-0.247758,-0.069517,177.557007,-593.319466,50.05,70.0,177.54092850834456,-593.3250912671739
-0.367291,0.943099,152.883654,172.083164,50.05,70.0,152.87622505919538,172.07254805243485
0.67124,-0.466473,42.781411,-6.291625,50.05,70.0,42.780567281173134,-6.272397022432518
-0.009408,-0.119543,29.424696,303.987595,50.05,70.0,29.413521140428543,303.97035277421406
0.847206,0.987379,8.54103,2.578211,50.05,70.0,8.547410193555633,2.583999942289484
0.871943,0.748814,27.334037,7.051812,50.05,70.0,27.321129092021273,7.052030087054712
-0.688632,0.154211,187.774761,42.034847,50.05,70.0,187.7809092524559,42.01694729708398
-0.181042,-0.781054,289.986155,118.667131,50.05,70.0,289.99440791133554,118.66884420525886
0.831898,-0.294931,-144.623285,-76.914399,50.05,70.0,-144.64254376066512,-76.89734970844727
-0.911011,0.642566,36.060672,10.63638,50.05,70.0,36.06513754111813,10.629743876403099
-0.387854,-0.668616,-368.399936,354.820751,50.05,70.0,-368.3843181378894,354.8311092922656
0.574466,-0.956495,63.31222,-92.868595,50.05,70.0,63.32372218572907,-92.88336763412612
0.195265,-0.178009,-4.988065,112.187724,50.05,70.0,-4.968334440705396,112.20735490085455
0.199039,-0.74837,-242.272644,111.055342,50.05,70.0,-242.2585048130078,111.06085473482787
0.146051,0.679524,-70.266921,-145.276265,50.05,70.0,-70.25444770800253,-145.25894622644935
0.757139,-0.771542,4.936914,-11.548565,50.05,70.0,4.918315879638713,-11.530540179026852
0.692408,-0.692702,-110.208158,5.329691,50.05,70.0,-110.18818833320859,5.323614198568381
-0.250072,-0.966181,80.500823,95.791312,50.05,70.0,80.52063745706573,95.80988339788567
-0.597473,0.272056,111.443676,38.25975,50.05,70.0,111.45031560042875,38.25169872184578
0.448087,-0.998049,8.976191,-17.82319,50.05,70.0,8.95792466224979,-17.810736784990112
-0.217499,0.490102,91.951352,-78.590463,50.05,70.0,91.95636270892713,-78.58111117599753
-0.852394,-0.184809,54.430586,-8.733724,50.05,70.0,54.4367571687954,-8.741607416675583
-0.086238,0.598793,21.089928,-40.964021,50.05,70.0,21.10149300713761,-40.959924476676484
-0.086992,-0.0677,418.750864,151.297348,50.05,70.0,418.76276116855405,151.2996863121487
0.158242,-0.434143,-95.795207,130.081364,50.05,70.0,-95.79714676007791,130.08369557960216
-0.643968,0.823674,7.959347,46.123651,50.05,70.0,7.940175302138447,46.1135951406542
-0.511571,0.029097,-884.891607,666.734228,50.05,70.0,-884.9001499302761,666.743378638595
-0.96621,0.912628,-10.514895,6.281019,50.05,70.0,-10.515111626482051,6.267559904450704
0.53267,0.577339,-0.738317,0.361885,50.05,70.0,-0.7188837394117549,0.3448344295506365
-0.661707,0.684508,12.917594,4.137328,50.05,70.0,12.936889088533391,4.133642766903674
0.520875,0.34281,108.79586,33.954324,50.05,70.0,108.79836573208085,33.93661905432094
-0.400626,0.675942,36.315079,7.931514,50.05,70.0,36.33359490951779,7.94759192554053
0.562279,0.216966,143.553715,184.859796,50.05,70.0,143.56614631446513,184.86150085545103
0.545074,-0.948564,-48.102496,-14.339172,50.05,70.0,-48.113132786024906,-14.342765223290261
-0.509974,0.871524,-82.468542,22.101655,50.05,70.0,-82.47903888498175,22.087636066819986
-0.289628,0.221583,38.41832,-120.23469,50.05,70.0,38.43640186584859,-120.25266006833994
0.153433,0.747716,-103.584147,-151.606589,50.05,70.0,-103.56836778872976,-151.62466650741786
0.855928,-0.419388,-46.017045,-30.626138,50.05,70.0,-46.03149414960834,-30.640785930008516
-0.647364,-0.243644,157.51153,-83.407245,50.05,70.0,157.49724435606439,-83.41835044485775
-0.918316,-0.141803,231.834774,-59.428331,50.05,70.0,231.81545212212285,-59.44827653203553
0.709048,0.965072,49.80262,9.362231,50.05,70.0,49.80877323875836,9.348693396705647
-0.035422,0.666537,10.262415,-67.600665,50.05,70.0,10.281624377393483,-67.5906545227739
0.490516,0.102368,98.993464,-522.235239,50.05,70.0,99.00327463517567,-522.231924817
0.502944,0.982435,1.051563,1.028133,50.05,70.0,1.033369338487336,1.0385086468889682
-0.217176,-0.071276,365.929929,-508.790865,50.05,70.0,365.9433514873515,-508.7844205604904
0.071965,-0.490363,-61.402127,217.532397,50.05,70.0,-61.38969275576947,217.54536302649285
0.476937,-0.120257,-558.280374,-453.682605,50.05,70.0,-558.2840161449055,-453.6845379239157
0.84118,-0.293447,-51.49583,-13.759151,50.05,70.0,-51.48955227524311,-13.739323536055943
0.038641,-0.568763,-15.331655,107.141551,50.05,70.0,-15.311698818404112,107.1476663610512
0.79635,0.252342,130.35969,220.3471,50.05,70.0,130.37611412168067,220.34546132660014
-0.880457,0.157764,300.370602,163.990908,50.05,70.0,300.3706248517338,164.01061384089704
-0.460883,-0.062564,-83.162442,253.530129,50.05,70.0,-83.18243875674725,253.5388069928254
0.49402,0.995828,226.469632,-14.647457,50.05,70.0,226.48624922934962,-14.643562214696718
0.884873,0.054374,-1035.885163,282.471498,50.05,70.0,-1035.9047169552582,282.4617287730142
-0.139851,-0.47868,81.220647,141.015908,50.05,70.0,81.24021587324319,141.00252575418722
0.82492,0.43483,-65.012398,-140.312291,50.05,70.0,-64.99571827233324,-140.31414532587382
0.18683,0.050849,-107.638464,-4.981894,50.05,70.0,-107.6340355833296,-4.9930348456485545
0.621906,0.373673,96.857355,13.342284,50.05,70.0,96.84389918810692,13.360009966339108
0.316117,0.984594,44.728896,-50.626708,50.05,70.0,44.709447257459516,-50.643311201405595
0.066357,-0.730101,168.695144,-168.318447,50.05,70.0,168.7020882335936,-168.31760909553296
-0.806809,-0.042457,343.956651,-41.206414,50.05,70.0,343.9759903131882,-41.21114323758587
0.421149,0.24303,59.221178,41.018621,50.05,70.0,59.20564182178435,41.03260983035179
0.598716,0.623567,-304.95787,-149.144753,50.05,70.0,-304.93948393724736,-149.15352217935907
0.292476,-0.352222,-101.39796,-6.299843,50.05,70.0,-101.39962384405182,-6.3072133458236905
0.204722,0.757065,-78.649232,-109.505541,50.05,70.0,-78.66478077471717,-109.52262196031573
-0.016029,0.60564,-27.581288,-1.920934,50.05,70.0,-27.57770953288279,-1.9019722971825417
0.993805,0.87515,-0.785467,1.069933,50.05,70.0,-0.8015413905747896,1.0557957326966712
0.649864,0.264391,108.685698,127.281034,50.05,70.0,108.70515914146296,127.26107892554117
-0.386457,0.811729,43.707957,3.186164,50.05,70.0,43.70353666787331,3.1901196570689265
0.721866,0.395731,101.897376,-661.869367,50.05,70.0,101.91635424626124,-661.8523047089518
-0.942244,-0.288549,31.881488,217.314343,50.05,70.0,31.873344788091533,217.3006079633704
0.353575,0.533323,-35.726652,6.206,50.05,70.0,-35.7341803537488,6.187883906437116
-0.442719,-0.774134,-33.57605,-20.861451,50.05,70.0,-33.56419132204197,-20.86532548634823
-0.873561,0.054256,181.933128,12.267908,50.05,70.0,181.91318956460222,12.2713816304741
-0.123601,0.638159,441.276487,92.916987,50.05,70.0,441.26924019154643,92.92805438983524
-0.456097,0.385891,-140.87143,-75.724226,50.05,70.0,-140.8913949457954,-75.70818881105863
-0.324837,0.465891,80.653147,1.199373,50.05,70.0,80.64749851491923,1.207690795468742
0.223034,0.533888,19.803757,70.318207,50.05,70.0,19.798473620213635,70.31937865702317
-0.94387,0.37626,78.869491,76.12317,50.05,70.0,78.86019977803409,76.12471998371538
-0.205224,0.802071,210.485909,-18.38334,50.05,70.0,210.50040181646747,-18.40333984048364
0.406912,0.964687,-61.469161,0.963012,50.05,70.0,-61.489055679184624,0.9802653598004799
-0.499486,-0.864975,-3.204128,0.168256,50.05,70.0,-3.189218062757138,0.14922572802103068
0.364334,-0.635692,-21.837275,-5.041409,50.05,70.0,-21.838759708353514,-5.055776011403802
-0.072521,-0.854166,320.112321,531.511503,50.05,70.0,320.107763982328,531.5099076565914
0.034776,0.477663,-250.995812,597.551277,50.05,70.0,-250.99784391690784,597.5495351075485
0.074306,0.867321,-391.467886,337.762174,50.05,70.0,-391.48746795752146,337.74233559764906
-0.927933,0.237895,50.219342,9.909404,50.05,70.0,50.20617744080571,9.92887412098432
0.309004,-0.574983,-77.921838,-84.649725,50.05,70.0,-77.93707783513388,-84.62975172393382
0.256562,0.031755,106.546896,10.533636,50.05,70.0,106.56036543148896,10.538283624511052
-0.299039,0.058612,167.188646,2.23645,50.05,70.0,167.16899346741536,2.255673405581074
-0.902548,0.881161,-0.319846,0.097936,50.05,70.0,-0.3104391296486965,0.09736740315906389
-0.321711,-0.995974,99.132613,64.950108,50.05,70.0,99.11422543751728,64.9652938089141
0.659479,-0.140008,-153.28743,-24.184285,50.05,70.0,-153.3074210652511,-24.16440909913828
0.880327,-0.338613,-81.004176,-29.465354,50.05,70.0,-81.01062060995937,-29.48475881948819
0.930066,-0.382887,251.508087,-70.971104,50.05,70.0,251.5052080392643,-70.95872472334983
0.812119,-0.717602,54.11542,87.260632,50.05,70.0,54.12280531579907,87.27905219328126
-0.73798,0.77514,-61.80562,-67.451343,50.05,70.0,-61.78773904423477,-67.44321014254186
-0.228963,-0.181992,170.857254,16.325999,50.05,70.0,170.85622617309906,16.345486225937567
-0.739146,-0.822731,-277.30749,-103.901866,50.05,70.0,-277.28926307997773,-103.9110253334308
0.363428,0.131595,-257.738538,123.436757,50.05,70.0,-257.71873137445044,123.45280247339367
-0.278793,0.327876,55.828501,0.957934,50.05,70.0,55.80856069384165,0.9400062175824643
0.606209,0.554936,27.485864,9.057578,50.05,70.0,27.50516478376754,9.071501272899553
0.803262,0.425356,-62.187035,38.335189,50.05,70.0,-62.18781066803491,38.31525702012279
0.949956,-0.094269,-605.915461,-620.041194,50.05,70.0,-605.9258461018228,-620.0318024992362
-0.384539,-0.940468,-87.264208,5.806646,50.05,70.0,-87.2779704178376,5.787930451956281
-0.449718,-0.412275,-127.58767,-112.647106,50.05,70.0,-127.57212296472797,-112.66672679324064
0.895934,-0.032447,-1223.588974,-470.709797,50.05,70.0,-1223.5794542339586,-470.71583762821257
0.660758,-0.641849,-17.109853,-1.555811,50.05,70.0,-17.129796886254468,-1.5707642210132544
0.452124,0.853661,96.47885,50.335288,50.05,70.0,96.48568968610944,50.338469974327055
-0.526355,-0.451647,-162.544019,-23.924562,50.05,70.0,-162.5488175110639,-23.93615654722624
-0.826467,-0.425858,44.282352,-18.979595,50.05,70.0,44.270245161143364,-18.978185727254136
0.606409,-0.079225,25.669132,0.542771,50.05,70.0,25.677428266839335,0.5248467441124663
0.470582,-0.92736,158.814774,52.435042,50.05,70.0,158.79499198203746,52.42039556896959
-0.139709,-0.085079,292.336002,-466.439791,50.05,70.0,292.31785273585444,-466.45314880161834
0.07897,-0.744641,-94.457388,295.233083,50.05,70.0,-94.46486454793339,295.2430683708206
0.825877,0.517205,173.295865,-47.750841,50.05,70.0,173.29600173239132,-47.734337081953775
0.661534,0.405006,-25.994919,7.210464,50.05,70.0,-26.01486127460495,7.202648007813933
0.943395,-0.361238,64.998303,41.349947,50.05,70.0,64.98708652952364,41.346695009963
0.672266,0.778274,-32.723994,-5.091307,50.05,70.0,-32.73035730940636,-5.071964635601519
0.457591,0.737067,6.137231,0.821557,50.05,70.0,6.12077645451864,0.836463534773368
-0.113712,0.842568,38.579498,8.734207,50.05,70.0,38.57337279237597,8.728097100807576
-0.953555,-0.391105,86.122463,41.520582,50.05,70.0,86.12756197812699,41.50103873096431
0.690351,0.723574,-31.081685,8.457392,50.05,70.0,-31.101530096206815,8.45538714588333
-0.89904,-0.167479,-25.292695,-84.942063,50.05,70.0,-25.281479744491826,-84.92812554994005
-0.823226,0.044138,1277.954899,-587.951903,50.05,70.0,1277.9688390502317,-587.9324069501038
-0.169521,0.86461,287.850844,10.189655,50.05,70.0,287.8634632394871,10.208038744509592
-0.506657,0.62265,-220.009003,37.534579,50.05,70.0,-220.0236622163393,37.55224832526876
0.881134,-0.776971,8.051865,-9.842464,50.05,70.0,8.069244848652524,-9.859178117141237
-0.549111,-0.902113,15.094757,-21.161804,50.05,70.0,15.111641635401313,-21.14186106796123
0.181818,-0.189873,-49.036027,-593.152423,50.05,70.0,-49.03799680163278,-593.1326074257594
0.805518,0.344741,-102.757835,55.16568,50.05,70.0,-102.76964621481089,55.168446622455576
0.056532,0.140191,220.163834,-50.888289,50.05,70.0,220.1632828709591,-50.882205827511584
0.196641,0.946173,-162.140071,-184.344639,50.05,70.0,-162.12117785989682,-184.32492544789832
0.324776,0.516854,68.763475,32.468432,50.05,70.0,68.7464259558943,32.46471335507414
0.758339,-0.602456,-0.385006,-0.354457,50.05,70.0,-0.40460139476510004,-0.361394434392304
0.517023,-0.396244,-46.291435,-41.863067,50.05,70.0,-46.30986070652996,-41.85261129534648
0.328103,0.432803,41.886065,29.799937,50.05,70.0,41.86657343757317,29.790096512614884
0.114919,-0.552925,-93.626192,206.08275,50.05,70.0,-93.62676472924267,206.0627613252622
0.986258,0.031947,-821.778948,179.706951,50.05,70.0,-821.7781630801686,179.72600709989499
0.934457,-0.578065,16.712481,-56.06549,50.05,70.0,16.72575424190195,-56.071594975844086
0.458738,0.017766,-1299.337759,153.871013,50.05,70.0,-1299.3311810643088,153.89085742021805
0.593495,0.867694,23.721902,1.078175,50.05,70.0,23.706331523849194,1.0925191324821355
-0.669154,-0.466775,-44.640228,-6.074024,50.05,70.0,-44.62292141882974,-6.0938051778349775
0.907584,-0.229884,-1452.778139,995.327241,50.05,70.0,-1452.771216423556,995.3445124906881
0.347389,0.568898,-69.475477,0.216763,50.05,70.0,-69.45780200995732,0.21217625406357596
-0.531273,0.888151,12.119322,50.85672,50.05,70.0,12.123008890988022,50.84438752654666
-0.849615,0.528817,-68.612017,-17.667897,50.05,70.0,-68.61934041643873,-17.684098858227244
-0.176334,0.354434,-129.008413,194.618918,50.05,70.0,-129.02274803013324,194.6083753043962
0.970626,-0.684931,0.611784,-1.085138,50.05,70.0,0.6269081206401096,-1.1050696912429905
0.363719,-0.975202,-42.605516,-7.823848,50.05,70.0,-42.62528942014333,-7.807349427851761
-0.22289,-0.112582,115.471397,8.033921,50.05,70.0,115.48383394841639,8.04926844742425
-0.15831,-0.71289,14.076975,-132.858266,50.05,70.0,14.096733634056656,-132.85233726175258
0.465738,-0.339695,-39.131908,-10.64566,50.05,70.0,-39.135464486802654,-10.632929243254223
0.748236,-0.395412,6.120223,-103.843777,50.05,70.0,6.135328808740227,-103.83005688937146
0.307862,0.22842,-127.389608,13.050436,50.05,70.0,-127.37640128553745,13.036434141183964
-0.945574,-0.258579,146.23817,-48.275743,50.05,70.0,146.22816444841087,-48.28967371506706
0.070878,-0.748985,-42.963257,201.634963,50.05,70.0,-42.957798602988085,201.64243360383827
-0.184365,-0.623936,179.873857,-18.371389,50.05,70.0,179.88750086435735,-18.358550437456433
-0.487893,-0.013174,233.682497,-4.637998,50.05,70.0,233.70112937283687,-4.618670108587585
0.577386,0.129304,-303.382504,276.294601,50.05,70.0,-303.3972323908891,276.27683101153934
-0.791245,-0.449211,-108.057838,0.463775,50.05,70.0,-108.04317805663263,0.4837330936569768
0.111643,0.384059,164.566929,-380.416656,50.05,70.0,164.5867012069996,-380.3973417909518
0.880904,-0.638361,-180.444877,159.492736,50.05,70.0,-180.45448049659103,159.47608713061058
-0.9261,-0.967189,-0.823718,-0.657185,50.05,70.0,-0.8208413649923026,-0.6683752745578803
0.462429,0.044998,-365.224539,762.102522,50.05,70.0,-365.2197989591997,762.0894333314326
0.284249,-0.622096,65.382511,-16.509333,50.05,70.0,65.36728577410236,-16.489681371147327
0.424794,-0.479113,2.230789,1.282394,50.05,70.0,2.233357579897899,1.2855481903745742
-0.453744,-0.075823,-178.555362,819.43056,50.05,70.0,-178.54549425490487,819.447457162783
-0.363707,-0.827542,-109.302578,147.512715,50.05,70.0,-109.2895307320265,147.53256086317853
-0.498698,0.389122,89.179517,-59.537827,50.05,70.0,89.16570718776373,-59.51826044724878
-0.023765,0.578341,-1041.935613,-176.825681,50.05,70.0,-1041.9161393392387,-176.8135239867452
0.181594,0.052202,-176.652715,-14.302855,50.05,70.0,-176.66623551789087,-14.320631338213333
-0.641912,-0.617975,-63.454083,-16.41106,50.05,70.0,-63.461387807546274,-16.431050732945597
-0.308112,-0.442059,67.333171,3.78137,50.05,70.0,67.33431625475812,3.763968492053409
0.315815,-0.090838,8.350023,-210.66246,50.05,70.0,8.365421977750064,-210.67474422105292
-0.715405,0.196034,62.290385,11.78025,50.05,70.0,62.30457812824413,11.762106302408013
0.748038,0.273012,-93.326061,27.133766,50.05,70.0,-93.33702726465569,27.131693806673283
0.512978,-0.378764,-80.07639,17.301489,50.05,70.0,-80.09626098248594,17.29808340944526
0.114368,0.187196,-155.696071,166.62795,50.05,70.0,-155.7076541819032,166.64405590427322
0.210687,-0.983482,44.387596,-67.313904,50.05,70.0,44.39573488097793,-67.32270578245571
0.60977,0.406249,-88.2428,12.691913,50.05,70.0,-88.23105411215126,12.695489022979775
-0.167994,0.521467,-35.482474,-35.130178,50.05,70.0,-35.476979597787455,-35.12842794246686
0.299626,-0.185021,-311.784162,91.347832,50.05,70.0,-311.80286175999896,91.36324604492212
0.345313,-0.318787,-31.425583,-6.330664,50.05,70.0,-31.430286399890292,-6.310687307296414
0.155143,-0.512651,-71.628237,111.497437,50.05,70.0,-71.64802563878573,111.51743699857488
-0.129191,0.686932,31.353669,-45.097568,50.05,70.0,31.366657545953597,-45.07852920074592
-0.730821,-0.901712,-402.650492,523.10881,50.05,70.0,-402.6307741318274,523.0913398118597
0.933595,0.933807,-0.392952,0.16182,50.05,70.0,-0.3784786733494405,0.1541429708745723
0.494555,-0.021049,-83.255104,-1.720268,50.05,70.0,-83.26977373907883,-1.720557857838943
0.221179,-0.6456,-109.251988,-9.788262,50.05,70.0,-109.2325931566748,-9.769667873956413
-0.601129,0.821956,-19.188431,3.936676,50.05,70.0,-19.173620865058265,3.934210704797757
0.616906,0.33941,147.421896,-7.3066,50.05,70.0,147.440280533415,-7.31449880353221
0.466581,-0.175939,-127.028413,-541.77433,50.05,70.0,-127.04301929511713,-541.7571794158279
0.997253,0.82522,41.108818,-73.749927,50.05,70.0,41.12733511921196,-73.75449100604602
-0.53319,0.670792,-87.120342,30.443716,50.05,70.0,-87.10056260221275,30.43428359200897
0.003965,0.641526,327.878358,1698.919095,50.05,70.0,327.87300293641204,1698.9364556037806
0.134501,0.562885,7.789191,101.794862,50.05,70.0,7.789916842937522,101.80122833163499
0.414678,-0.506203,620.231395,239.777784,50.05,70.0,620.2127580352482,239.75940215621873
0.252625,-0.139978,-241.722402,-55.372398,50.05,70.0,-241.7302241839707,-55.384811992228364
-0.614731,0.216402,75.62009,115.37202,50.05,70.0,75.60150078638019,115.38092520259853
-0.925757,0.806324,-0.83111,0.429077,50.05,70.0,-0.8143216814951122,0.41850689282920184
-0.111258,0.091181,60.953792,-32.61608,50.05,70.0,60.95936557315319,-32.63606811757404
0.486569,-0.231058,-57.085627,-43.158273,50.05,70.0,-57.10222053176767,-43.176222401906344
0.616549,0.334268,74.916076,-24.255408,50.05,70.0,74.89712760658549,-24.27030008950564
0.04789,0.882762,-259.673763,-653.100731,50.05,70.0,-259.6540929951962,-653.1133029295945
0.585628,0.655022,164.939194,-11.171095,50.05,70.0,164.95197392681357,-11.171652896276472
0.958977,-0.475051,-0.461915,0.493891,50.05,70.0,-0.44946179787716817,0.4804232900496532
-0.177829,-0.773486,-735.394445,382.807839,50.05,70.0,-735.4089206586516,382.81301879322575
0.014217,0.952836,-43.55772,-121.885047,50.05,70.0,-43.55684548298378,-121.89553634744608
0.310056,-0.892413,-108.842631,64.855048,50.05,70.0,-108.85538019322205,64.83998061929894
-0.789495,0.961299,7.339478,7.250099,50.05,70.0,7.3196270926547955,7.2608760524933045
0.545724,-0.021403,102.364617,840.650169,50.05,70.0,102.36064115338668,840.6308234121932
0.286756,-0.488838,-112.448951,28.366183,50.05,70.0,-112.45781643976702,28.34628357666366
0.107263,0.772924,-72.143495,-210.434139,50.05,70.0,-72.14869155751636,-210.4510234847031
0.531466,0.346785,-209.111516,-210.055761,50.05,70.0,-209.12820196515364,-210.07234888673258
0.41589,-0.136151,-192.638048,-33.37766,50.05,70.0,-192.63055740868646,-33.38341911865213
-0.295437,0.589944,111.506497,-15.217339,50.05,70.0,111.49378985108359,-15.21933986744858
-0.818468,0.012508,5.267179,-0.052042,50.05,70.0,5.26203333023765,-0.044853669616128425
0.220622,-0.007002,590.39355,-103.84028,50.05,70.0,590.4084243213997,-103.83173494656064
0.315112,0.094287,-5.6914,227.174631,50.05,70.0,-5.711049798998276,227.15496374234456
0.682708,0.267121,-52.515702,13.208778,50.05,70.0,-52.51710972054012,13.213833037469232
-0.498717,0.065001,-81.399433,-28.049945,50.05,70.0,-81.41745191772198,-28.046740544093797
0.470277,-0.060472,-493.28088,-910.778048,50.05,70.0,-493.2611096535223,-910.7974054619492
-0.354969,0.029832,177.912423,3.21944,50.05,70.0,177.90483335297986,3.201806481340814
-0.617655,-0.923711,-29.645041,27.275052,50.05,70.0,-29.664239732105376,27.258217761989755
-0.811497,-0.82341,0.437366,-0.156501,50.05,70.0,0.423264839015923,-0.16805704981454742
0.944223,-0.445875,-47.204787,-21.293787,50.05,70.0,-47.198019015807915,-21.312173096179155
0.174963,0.59719,-294.082458,-85.575067,50.05,70.0,-294.0940580883224,-85.55528249064022
0.978653,0.212858,-16.23251,238.531819,50.05,70.0,-16.250733388164896,238.549186711164
-0.490829,0.640644,160.068423,85.91237,50.05,70.0,160.0832669519534,85.8979286707344
-0.698315,-0.588564,-158.078764,-30.543339,50.05,70.0,-158.097555214383,-30.537749109326853
0.006262,-0.747629,-10.763343,380.155592,50.05,70.0,-10.765626103583061,380.1372467138608
0.60466,0.527562,-55.888496,6.537053,50.05,70.0,-55.8693979070765,6.517306121397776
0.735013,-0.634136,-96.145853,1189.579151,50.05,70.0,-96.16102109044738,1189.5591940037502
0.071231,-0.819007,-63.775818,-65.63468,50.05,70.0,-63.795666821374226,-65.63453128815765
0.945409,-0.516151,-80.306938,1.161131,50.05,70.0,-80.31612974328985,1.1777590472337647
-0.952135,-0.539525,-3.200015,-2.285392,50.05,70.0,-3.1818472557178534,-2.3045447576976246
0.201193,-0.541347,-32.310317,0.657767,50.05,70.0,-32.31325121759209,0.6530044650385975
-0.426191,-0.99688,-96.361111,-48.39436,50.05,70.0,-96.35972878920116,-48.402677728894865
-0.558646,0.840157,69.810592,-33.030723,50.05,70.0,69.79107405400984,-33.04960346410115
0.510689,-0.843334,-33.552964,-6.071304,50.05,70.0,-33.53552269598582,-6.077412542706197
0.08547,0.485992,-100.180092,-256.356739,50.05,70.0,-100.18036983777012,-256.3603897804822
0.061318,0.564118,-34.823976,-168.89285,50.05,70.0,-34.835664541365894,-168.8975751455874
-0.861644,0.349155,53.069327,54.99155,50.05,70.0,53.04937375753556,54.993903419358055
0.253424,-0.696154,1177.76237,-148.193599,50.05,70.0,1177.7710309544143,-148.19153111914403
-0.26377,0.814656,96.007333,3.073399,50.05,70.0,96.01402099549591,3.057203302993733
-0.075144,-0.943939,24.226186,114.607626,50.05,70.0,24.245277719615366,114.60405302696124
-0.779351,-0.54887,-0.458077,-2.021132,50.05,70.0,-0.44548742742052394,-2.0343135075671737
-0.857383,-0.036968,-45.736275,156.342807,50.05,70.0,-45.72594881468204,156.32694468569457
0.68548,0.862897,99.238088,-133.838051,50.05,70.0,99.23870829621868,-133.81837843437913
0.715173,-0.0843,73.043703,-2.861062,50.05,70.0,73.02398505541731,-2.847038714071399
-0.825792,0.913236,-2.419147,1.219218,50.05,70.0,-2.422867113632257,1.2370436049417872
0.76308,-0.909058,69.3276,37.357896,50.05,70.0,69.30778273565015,37.36762440983386
-0.541483,-0.705246,-0.176112,0.276133,50.05,70.0,-0.15647241151168406,0.2888673886108732
0.936137,-0.33968,-129.998173,-82.972573,50.05,70.0,-130.00160857009612,-82.9915651546895
-0.99556,-0.37438,-146.938117,69.974968,50.05,70.0,-146.95643749681705,69.99304513866072
-0.196311,0.599139,129.442026,-143.387263,50.05,70.0,129.4298715437028,-143.36728067383797
-0.27729,-0.410655,119.611056,16.333561,50.05,70.0,119.61078392852548,16.34168187182577
0.123435,0.566387,-194.452878,-313.698278,50.05,70.0,-194.43802986259297,-313.6994480572541
-0.737224,-0.517294,60.549885,-299.286729,50.05,70.0,60.532682222404965,-299.27867863616336
-0.163884,-0.398818,11.347706,65.013811,50.05,70.0,11.327779544937759,65.03345160487744
-0.941043,-0.118086,-174.645465,-282.41008,50.05,70.0,-174.625556128988,-282.39026313997016
-0.67116,-0.183682,225.548148,-187.223868,50.05,70.0,225.54965199426195,-187.24378520597926
0.85788,0.391883,17.644293,117.685484,50.05,70.0,17.62802941708746,117.70482779454862
0.375648,-0.490873,-6.287165,35.649391,50.05,70.0,-6.272489983533208,35.66938704064191
-0.10524,-0.775677,48.524767,157.753448,50.05,70.0,48.52025645979662,157.7384277303667
-0.79819,0.81409,5.548602,-11.954711,50.05,70.0,5.55026596598149,-11.971953740959163
0.403577,0.918367,-33.889357,4.953288,50.05,70.0,-33.89652029001211,4.972892431588428
0.987458,0.212037,-232.93543,115.854901,50.05,70.0,-232.9166380207592,115.84175739110823
-0.298798,0.099476,631.937114,-1758.04918,50.05,70.0,631.9357220211355,-1758.034637059473
-0.101,0.487485,64.752788,-167.552606,50.05,70.0,64.73551759770257,-167.57228324369655
-0.837497,0.187443,227.411458,283.86547,50.05,70.0,227.3989986677076,283.8850743037104
0.352809,-0.346032,101.435622,-37.15377,50.05,70.0,101.44368366520087,-37.157529570123586
0.237752,-0.09413,77.163064,-23.867091,50.05,70.0,77.1639650116741,-23.883591200453615
-0.042059,-0.89125,19.666704,177.356597,50.05,70.0,19.68178040320833,177.34486833157268
0.756847,0.324111,-53.044122,16.543346,50.05,70.0,-53.0269214761121,16.548177124120908
-0.673305,-0.234224,-1631.330093,762.082456,50.05,70.0,-1631.3234306346965,762.0919541698278
-0.603341,-0.358902,-1.478391,0.40312,50.05,70.0,-1.460337096831673,0.412035263289105
-0.05783,0.045573,-362.380698,-236.043108,50.05,70.0,-362.3636214136927,-236.0571069674396
-0.05355,-0.014989,256.734761,-38.247556,50.05,70.0,256.7269842056292,-38.25409748755449
0.087417,-0.785744,-305.140574,138.625287,50.05,70.0,-305.122193961231,138.6341594505162
-0.005452,0.366842,410.791676,-2017.506845,50.05,70.0,410.7892860115472,-2017.4908415727202
-0.491867,-0.814038,-0.149422,0.086152,50.05,70.0,-0.14107077008119642,0.10082511493161864
0.465056,0.197664,-137.92429,112.63959,50.05,70.0,-137.93935336351632,112.64042700621916
0.136041,0.448805,96.181961,7.672337,50.05,70.0,96.19426395187891,7.652939742790675
-0.931056,-0.257304,-55.708101,198.90944,50.05,70.0,-55.6886420163979,198.8996842207085
-0.511135,-0.650289,-129.013372,-11.114274,50.05,70.0,-128.99679221731776,-11.124392091424621
0.586988,-0.492308,-82.53634,13.130587,50.05,70.0,-82.53003897363611,13.12210923683892
-0.224232,-0.669665,-6.899828,-191.958078,50.05,70.0,-6.879839446525703,-191.9780439283807
0.944082,-0.816467,-1.285802,0.401172,50.05,70.0,-1.2676651358417983,0.42095972815052046
-0.35799,-0.743692,-88.943084,265.545136,50.05,70.0,-88.92468453318267,265.5487177625716
0.770993,0.082181,-277.728899,50.808481,50.05,70.0,-277.7206234427719,50.828444357719434
-0.790449,0.920482,53.795013,13.432607,50.05,70.0,53.77644867522393,13.439818664687262
0.536675,-0.111299,22.388241,-335.534452,50.05,70.0,22.387006126302676,-335.5263943185246
-0.602532,-0.759896,32.703695,-20.904983,50.05,70.0,32.71875168362336,-20.88522480224495
0.424394,0.786155,-13.242013,2.44402,50.05,70.0,-13.248800842958131,2.4245772794045726
0.911879,-0.056468,88.108246,1.334181,50.05,70.0,88.1158075670346,1.3492400581722472
0.94207,-0.625145,191.685626,-36.95725,50.05,70.0,191.6748718357058,-36.97666543469944
-0.819798,-0.349933,-267.19304,49.284132,50.05,70.0,-267.1734165831894,49.27003127724225
0.667805,-0.206216,-178.094801,-61.482973,50.05,70.0,-178.08590026941627,-61.4863075996335
0.120165,-0.388515,-432.416091,-101.683858,50.05,70.0,-432.4061756236064,-101.66811607775352
0.220429,0.744319,-193.505495,-113.909671,50.05,70.0,-193.489581941394,-113.88973995380785
-0.231519,0.858676,143.953727,-136.317768,50.05,70.0,143.9510002027489,-136.3365968211415
-0.235153,-0.216525,-407.305294,652.240437,50.05,70.0,-407.3007537191789,652.254733388496
0.856793,0.127078,-327.960565,139.506229,50.05,70.0,-327.9586165772172,139.5261113059205
-0.200507,0.077244,343.702342,-379.636042,50.05,70.0,343.69010737524826,-379.65600537420755
0.232083,0.618478,-150.13111,-106.207027,50.05,70.0,-150.1289944343245,-106.2266853783408
0.762798,0.34691,-36.499878,26.397589,50.05,70.0,-36.499057159634,26.416770857269587
0.512856,-0.427347,-5.820596,-1.226512,50.05,70.0,-5.81759487222257,-1.2400294842694277
-0.427829,-0.528309,48.052288,27.098044,50.05,70.0,48.0444676675891,27.099450797334114
0.704056,-0.938944,-93.894113,11.991002,50.05,70.0,-93.89934635166415,11.987076909121297
-0.833088,0.289777,150.430015,93.862505,50.05,70.0,150.4112660825304,93.85733700098206
0.276907,-0.029946,402.226326,-304.863034,50.05,70.0,402.23831370686383,-304.8456019229586
0.695342,0.612187,-10.704544,0.328905,50.05,70.0,-10.684598334552657,0.3090385884224428
-0.967741,-0.821993,1.459764,-0.851121,50.05,70.0,1.4777135121410132,-0.8405793866778912
0.766924,-0.309471,-20.090891,-2.119642,50.05,70.0,-20.072449316234245,-2.0997005091208196
0.726403,0.651052,-14.042847,66.230037,50.05,70.0,-14.062024186191707,66.23912323904449
0.238146,0.518041,-95.484434,-70.345624,50.05,70.0,-95.48183621659824,-70.32572374374915
0.710556,0.310049,-91.346618,-96.252061,50.05,70.0,-91.33538085870516,-96.25926796312677
0.990003,0.986776,0.630739,0.463062,50.05,70.0,0.6454473506259352,0.4430634646500093
0.746938,-0.213858,58.624827,-374.212672,50.05,70.0,58.644230062813364,-374.224207545495
-0.316377,0.643941,36.950378,7.743529,50.05,70.0,36.96740478819584,7.727045773574104
0.712848,0.843757,-22.694978,22.572106,50.05,70.0,-22.699669970162084,22.590697379090653
-0.976277,-0.294603,-47.17083,81.464944,50.05,70.0,-47.18849102489879,81.4454923215523
0.611573,0.704316,20.823712,41.046737,50.05,70.0,20.806564347109845,41.02869342585178
-0.559511,0.293174,-139.037415,129.740011,50.05,70.0,-139.0174300742157,129.7275021616289
-0.617661,0.965828,-38.470759,15.967559,50.05,70.0,-38.490019310226245,15.952478700859004
0.664162,0.563072,-31.212848,41.063777,50.05,70.0,-31.23080940600916,41.07432272634578
-0.443739,0.077336,81.643285,5.902055,50.05,70.0,81.62439584194969,5.921692739203661
-0.214993,0.609477,-13.863557,-81.68925,50.05,70.0,-13.864340899816993,-81.66965965575213
-0.517961,0.623386,-49.585118,17.824915,50.05,70.0,-49.566782091977146,17.805588381633513
-0.746362,-0.107678,-215.691537,47.431781,50.05,70.0,-215.71152717863106,47.419214604781345
0.259009,-0.833459,-28.143876,231.029304,50.05,70.0,-28.16025497242417,231.0134100761456
0.055494,0.694854,-19.506053,-103.372537,50.05,70.0,-19.526003045122135,-103.39233882052191
0.416132,-0.074845,84.242639,-164.237575,50.05,70.0,84.26150338646772,-164.21814719232177
0.082813,-0.162631,-205.876503,238.327662,50.05,70.0,-205.89305360589017,238.33744161586455
0.659891,0.783949,-128.921837,-1276.305714,50.05,70.0,-128.9055235516914,-1276.3224136976585
-0.164654,0.667512,229.586364,-200.376121,50.05,70.0,229.58069381580066,-200.38241792928372
0.867178,0.660982,41.454104,1.077788,50.05,70.0,41.43850926431066,1.0977323814531263
-0.871573,-0.533816,41.952824,-10.90088,50.05,70.0,41.97062381505374,-10.915881937287052
0.161575,-0.411802,125.461139,-44.736945,50.05,70.0,125.4729484890566,-44.726355855802005
0.837304,0.571955,-69.578363,47.190727,50.05,70.0,-69.58492300585752,47.1771554133317
0.847557,0.895113,-0.908307,0.875882,50.05,70.0,-0.9272084565878133,0.8724815208533555
0.171323,-0.573727,-114.543248,158.572625,50.05,70.0,-114.5247423762323,158.58431752463835
-0.63655,-0.496629,4.562952,-12.009576,50.05,70.0,4.5699529082295935,-12.023167525718012
-0.839243,0.847496,0.566909,2.637315,50.05,70.0,0.5785330298694027,2.6182503988617096
-0.136574,0.597014,-52.19788,-73.969579,50.05,70.0,-52.18272265128786,-73.98901894884185
0.02149,-0.81424,-3.465876,23.056204,50.05,70.0,-3.4495161984409988,23.05721597579047
-0.939399,-0.477103,-128.598655,-35.106669,50.05,70.0,-128.5909432661472,-35.1169101309826
-0.667903,0.558719,-35.881074,9.368269,50.05,70.0,-35.87549799102683,9.34937809124792
0.386204,0.934561,118.655521,-158.75982,50.05,70.0,118.63843875667513,-158.7775283343076
-0.825099,0.555602,-61.281976,210.045939,50.05,70.0,-61.26585143468301,210.04802711317566
0.009042,-0.032657,-104.314712,387.543733,50.05,70.0,-104.30270398300954,387.56368516104567
-0.860936,0.247318,75.019148,18.312001,50.05,70.0,75.01037999392447,18.30562274522959
0.680454,0.384598,-25.620427,6.203181,50.05,70.0,-25.628215763561876,6.187924996226045
-0.062311,0.731608,-82.705298,115.345647,50.05,70.0,-82.72469596814578,115.35356515298798
0.131218,-0.613425,-154.935238,241.080843,50.05,70.0,-154.95170585414866,241.07543899733977
0.168304,0.680846,-76.365805,-245.767652,50.05,70.0,-76.35664876233942,-245.76514823465797
0.972757,-0.86763,3.740502,-1.227744,50.05,70.0,3.743381266547544,-1.2079598357005836
-0.264222,-0.77423,19.535629,-220.57793,50.05,70.0,19.53941852271299,-220.5971018818376
-0.480644,-0.178237,199.495264,-88.406018,50.05,70.0,199.4791782657775,-88.40560497965724
0.368329,0.50277,275.035727,-173.902242,50.05,70.0,275.0226910064454,-173.88887707275478
0.053839,0.868652,49.796752,12.545832,50.05,70.0,49.7947017466193,12.5318683455748
-0.56042,-0.972801,98.430505,219.197285,50.05,70.0,98.43883170885648,219.1878147450674
0.140467,0.82525,-79.393957,-183.071524,50.05,70.0,-79.37566791085958,-183.0629747203967
-0.027466,0.379586,28.040923,-230.973669,50.05,70.0,28.059824026233503,-230.98152624280297
-0.291325,-0.304249,110.150128,-4.865962,50.05,70.0,110.16451590425787,-4.8772362013234165
0.487848,-0.732412,108.778229,-11.117327,50.05,70.0,108.79463611412258,-11.13578218749581
0.343689,0.374072,-116.09499,-35.431266,50.05,70.0,-116.11382059000208,-35.446306189994466
-0.972223,-0.154428,307.795958,-148.835507,50.05,70.0,307.7885410040463,-148.8170905364708
0.522512,-0.136467,-2.713183,-3.409752,50.05,70.0,-2.693709670252108,-3.398938287279216
0.392978,0.786962,48.602932,-29.460462,50.05,70.0,48.596026257320595,-29.469318924250253
0.472676,0.258274,-71.556459,37.645951,50.05,70.0,-71.56171270651218,37.66467409220405
0.81747,-0.789661,4.632412,-1.388263,50.05,70.0,4.620179234953272,-1.3960492465476133
0.169069,-0.454028,-267.719447,-6.798155,50.05,70.0,-267.73018476246807,-6.778927077546926
-0.843413,0.76189,-0.859052,0.730688,50.05,70.0,-0.8688477734880169,0.7225852544026105
-0.921664,-0.399561,-232.221873,-63.345797,50.05,70.0,-232.23269715984716,-63.340061102229576
0.571108,0.608699,121.618175,19.793156,50.05,70.0,121.5981753148786,19.79698612418787
0.409482,0.162019,-106.87203,12.743981,50.05,70.0,-106.85651311732002,12.763149311823947
-0.939342,0.486668,5.089538,0.798466,50.05,70.0,5.074502663258567,0.8174822449833433
-0.57852,0.820515,21.189981,-40.007686,50.05,70.0,21.207059689825723,-39.994701712224185
0.39805,0.023245,-286.19181,13.654417,50.05,70.0,-286.20674222280456,13.653689086597304
0.684942,-0.182179,-73.705618,-13.359624,50.05,70.0,-73.69093146559891,-13.371065718177066
0.125736,-0.756056,-97.46988,28.049187,50.05,70.0,-97.45182831976486,28.03078561173766
0.961042,0.227149,-76.333455,16.535389,50.05,70.0,-76.31667398594311,16.53466451031793
-0.309824,0.78118,95.122048,-52.121501,50.05,70.0,95.11916438052903,-52.12819047982155
-0.714333,0.211194,-240.558358,-249.004708,50.05,70.0,-240.57465939039776,-249.0228183689505
-0.468174,-0.593672,-22.928409,-9.285638,50.05,70.0,-22.941227455392315,-9.285116322053215
0.153747,0.017742,426.893364,211.909972,50.05,70.0,426.87856312050536,211.90511334338711
0.193254,0.025208,-96.563954,-1.152514,50.05,70.0,-96.55400571961756,-1.141465049355098
-0.325331,0.165478,-111.17883,-125.765464,50.05,70.0,-111.18857240483797,-125.78518325969283
-0.808937,0.197328,192.718733,63.468008,50.05,70.0,192.71794956074694,63.4551923562405
0.485716,-0.572723,-76.334716,25.509606,50.05,70.0,-76.3156909691283,25.509007541121083
0.250532,0.693452,11.456519,-42.80769,50.05,70.0,11.448544070312986,-42.79283900582843
0.854143,-0.424451,-51.659584,-32.285147,50.05,70.0,-51.64091072568522,-32.26968804726791
0.255866,0.336702,-124.257944,-29.457813,50.05,70.0,-124.26509773756229,-29.4431197250446
0.94261,0.447182,-51.578492,24.585806,50.05,70.0,-51.58640759009217,24.60501678171109
-0.215783,-0.660445,103.18599,117.45673,50.05,70.0,103.18984916606252,117.4719134588785
-0.09927,-0.424608,-90.197932,18.235626,50.05,70.0,-90.19936962002926,18.239031607841852
-0.391044,-0.2694,30.840233,-7.226218,50.05,70.0,30.86023292302245,-7.245529637815135
0.200222,-0.862035,-242.699323,128.619184,50.05,70.0,-242.6832837408581,128.632505671237
-0.226544,0.466902,-156.689319,132.552225,50.05,70.0,-156.68702555816964,132.54479225292994
-0.776652,0.812688,23.469382,7.907632,50.05,70.0,23.488666714306024,7.898702634127012
0.847317,0.854422,-1.463928,0.622913,50.05,70.0,-1.4633875127376015,0.633098491146741
0.263607,0.443266,-117.668908,182.198196,50.05,70.0,-117.67032460364204,182.18524930370145
-0.030461,0.040833,87.276214,-103.060186,50.05,70.0,87.27462099298825,-103.07929090344898
0.28453,0.088501,-231.612944,18.126665,50.05,70.0,-231.60383527890656,18.119101443348647
-0.558976,-0.702948,35.596251,-17.858292,50.05,70.0,35.57684307693342,-17.867550107007336
-0.443141,0.131168,-12.002857,-63.528041,50.05,70.0,-11.996199572191307,-63.54700023470304
0.543033,0.762422,-61.694847,108.466772,50.05,70.0,-61.67649763285021,108.48329952008241
0.028009,0.744238,-154.366724,-678.80989,50.05,70.0,-154.38480698495837,-678.7990532209386
0.413987,-0.123243,-284.883584,-161.436765,50.05,70.0,-284.887664878232,-161.44256732678028
0.662945,0.122443,-185.104198,30.127654,50.05,70.0,-185.10734837190404,30.121325593850028
-0.103451,-0.701381,271.204352,-185.921009,50.05,70.0,271.21038419277363,-185.91277114947704
-0.118146,0.318425,105.710292,-163.927938,50.05,70.0,105.70407679866966,-163.91349504548447
-0.238282,-0.811637,-14.179648,-102.413248,50.05,70.0,-14.179915242749535,-102.41746423493355
0.825251,-0.005771,438.186993,41.014475,50.05,70.0,438.1717212298746,41.00807156303389
-0.997665,0.246628,49.314947,207.081432,50.05,70.0,49.295580586073264,207.0822375481741
-0.926083,-0.68137,94.399742,-7.163956,50.05,70.0,94.41879758603783,-7.149456689166812
0.222452,0.751365,-91.21628,-110.938212,50.05,70.0,-91.23588150381887,-110.95525762520602
0.187067,0.037414,-157.704206,-8.140932,50.05,70.0,-157.7069185046108,-8.160928493452595
0.814279,-0.409729,-89.271598,3.461346,50.05,70.0,-89.29159017707434,3.4807151451076472
-0.314284,-0.171082,-28.307677,-1.750963,50.05,70.0,-28.320096139089184,-1.7706857022889329
0.620853,0.668328,-74.994966,33.245055,50.05,70.0,-74.98945550304396,33.236436959870744
0.58721,-0.756438,87.847725,-23.763671,50.05,70.0,87.858385399332,-23.74698954462568
0.549711,0.997253,-176.341288,33.162151,50.05,70.0,-176.32850095358637,33.15274376486625
0.832655,0.427708,-16.773701,-86.109442,50.05,70.0,-16.770731688746736,-86.1210023915741
0.495848,-0.27841,-101.624093,135.931075,50.05,70.0,-101.60653592928705,135.94475528398047
0.770402,0.145728,-65.58642,-258.598932,50.05,70.0,-65.56694340812528,-258.5918054899871
-0.744729,-0.663841,-70.589064,46.818989,50.05,70.0,-70.5690854259507,46.8282928759795
0.825383,0.210876,-49.292813,199.829366,50.05,70.0,-49.29041148550955,199.83237371219514
0.186995,0.830822,73.354499,227.006521,50.05,70.0,73.33861539932424,226.99249883047833
-0.366519,-0.082252,-23.654234,-42.798271,50.05,70.0,-23.66133662669151,-42.7893661424404
-0.405123,-0.896074,-80.641562,64.62976,50.05,70.0,-80.63312937903439,64.63911681324012
-0.316904,-0.200154,97.265204,-51.7085,50.05,70.0,97.24914888375308,-51.72476778680161
0.013811,0.116674,-53.820906,-352.784605,50.05,70.0,-53.800971979300655,-352.7750453198782
0.945944,0.481966,-40.461112,24.627442,50.05,70.0,-40.47265274692804,24.633869215898727
0.410573,0.500298,280.92551,18.371762,50.05,70.0,280.9118388866731,18.3528779653776
0.513568,-0.458684,238.360232,-147.63368,50.05,70.0,238.3581184817787,-147.64207649166815
0.891595,-0.954815,0.648226,-0.156491,50.05,70.0,0.6341255481831436,-0.1763920049415095
0.425903,0.145282,219.956658,-10.184394,50.05,70.0,219.94445123477053,-10.164901968066994
-0.242375,0.398193,85.932265,-37.752012,50.05,70.0,85.92703645106987,-37.76682352877936
0.437931,0.301793,-124.52913,9.640373,50.05,70.0,-124.54675003304227,9.656762469811472
0.239089,0.368239,16.895555,136.527409,50.05,70.0,16.87974727586274,136.50858902445603
0.985237,0.876718,-0.822088,0.981747,50.05,70.0,-0.8417037193471167,0.9704220007420578
0.996679,-0.821,-10.42741,8.552834,50.05,70.0,-10.446179082257432,8.54690886221462
-0.540135,-0.045762,-891.905554,-11.232904,50.05,70.0,-891.8980586169993,-11.232164204221757
0.874166,0.103933,457.507192,394.87352,50.05,70.0,457.5270399599194,394.8914719443128
0.806495,0.756152,-31.389554,3.007942,50.05,70.0,-31.377161681720597,3.0277683741369437
0.642926,-0.346696,44.148449,-4.017485,50.05,70.0,44.129547205254894,-4.003998694156775
-0.913024,0.811457,-84.622141,-11.874531,50.05,70.0,-84.62838685278146,-11.88526452534727
0.163037,0.160289,-322.158671,96.911831,50.05,70.0,-322.14498145595593,96.89853658407254
-0.020001,-0.155794,37.070398,-327.282365,50.05,70.0,37.06339094833265,-327.3023649609321
-0.431149,-0.316877,19.116152,-2.240726,50.05,70.0,19.13572068743715,-2.2360143880918875
0.256515,-0.756251,406.615183,-212.079326,50.05,70.0,406.63506406941696,-212.0971982309735
-0.312776,-0.818858,-33.350062,83.898361,50.05,70.0,-33.3699825117366,83.87896262425475
-0.549731,0.679095,0.735382,0.449009,50.05,70.0,0.7510055246567001,0.4318068642052891
-0.446346,0.269798,-493.49976,273.901024,50.05,70.0,-493.5043054693854,273.8966159052072
0.486596,0.222074,458.549152,69.394699,50.05,70.0,458.5688551978995,69.4110127797571
0.391407,0.371213,-31.788504,7.211781,50.05,70.0,-31.80845584114201,7.206021894391229
0.973228,-0.959726,-0.634723,-0.472328,50.05,70.0,-0.6487879151841633,-0.49231774656953065
-0.115402,0.444212,101.367946,-195.939024,50.05,70.0,101.37721328625196,-195.949091210722
-0.131646,-0.571746,432.540143,-35.31977,50.05,70.0,432.52772858902756,-35.31413098016085
0.67146,-0.770204,118.561004,40.802754,50.05,70.0,118.56477631653564,40.79121801848503
-0.816673,0.184445,139.475529,28.967318,50.05,70.0,139.48188347612995,28.987286733104042
-0.033889,0.429333,-84.91101,120.591365,50.05,70.0,-84.91554938318919,120.57327032254183
-0.207701,-0.831662,238.024916,83.264823,50.05,70.0,238.04487621173823,83.24765891883126
0.255309,0.977945,-45.814792,7.692282,50.05,70.0,-45.80098029177474,7.672966096505318
0.318624,-0.885888,-112.99363,31.850089,50.05,70.0,-112.97712346831854,31.867459996443014
0.873763,-0.657408,6.925919,-1.927271,50.05,70.0,6.9301190406620545,-1.9472190732608454
0.943638,-0.282588,66.333779,-24.914322,50.05,70.0,66.3515308880328,-24.90974550856074
0.538255,0.447094,119.380324,6.921411,50.05,70.0,119.37933368890938,6.941410990313858
0.304642,0.120707,-54.972831,145.096299,50.05,70.0,-54.96834142739194,145.0957950095734
0.714569,-0.232048,-17.098881,-26.82195,50.05,70.0,-17.1154768314567,-26.837608988634862
-0.037276,-0.503575,-50.033806,7.789998,50.05,70.0,-50.01482077688148,7.798014442607281
0.415527,-0.236759,-9.723209,0.110504,50.05,70.0,-9.712712321423664,0.10893279805382268
0.787932,0.774924,0.579395,0.402459,50.05,70.0,0.5974772460670006,0.3830544001080233
0.155599,-0.852451,-63.37855,138.360127,50.05,70.0,-63.3664422725791,138.3417695331053
0.848634,0.996926,0.071323,-0.09846,50.05,70.0,0.061869919856963745,-0.07971832184345445
-0.658498,0.621716,0.702422,1.647143,50.05,70.0,0.7209824059969139,1.6285001971919735
-0.821521,0.69873,0.093296,1.284739,50.05,70.0,0.09609695604961171,1.3026021384237934
-0.444246,-0.436502,-306.897934,-601.424271,50.05,70.0,-306.88635915573565,-601.4207230518937
-0.282447,0.91578,-128.144064,137.999716,50.05,70.0,-128.16233398560823,138.01944574072073
-0.477473,-0.88816,57.832863,-79.132769,50.05,70.0,57.83638118514065,-79.11295856302748
0.692383,0.877019,45.959869,-78.108426,50.05,70.0,45.943207529321825,-78.12631960628063
0.065411,-0.635584,20.174987,3.128534,50.05,70.0,20.17629193769352,3.147362465344441
-0.264426,-0.205122,168.367495,-25.098445,50.05,70.0,168.3709078391104,-25.078564468572495
0.509941,0.58304,-79.515211,-371.890588,50.05,70.0,-79.5079803523276,-371.89386484566614
-0.841903,0.132302,159.418818,305.493327,50.05,70.0,159.43096316861235,305.5062167422523
-0.398427,-0.362025,36.226556,-8.625507,50.05,70.0,36.241644296267765,-8.616073270377468
-0.559542,-0.214006,17.748984,-1.049962,50.05,70.0,17.766164635483257,-1.0357483111487158
-0.792484,0.718528,-28.789405,11.638328,50.05,70.0,-28.76945707100719,11.655206512202128
0.301012,-0.884981,257.648883,73.214907,50.05,70.0,257.66882063688206,73.23454167456723
0.12515,-0.601973,-44.597391,-171.423337,50.05,70.0,-44.607641270310054,-171.44329329288183
0.635895,-0.514807,64.639088,44.034888,50.05,70.0,64.6442866876449,44.01637921681563
-0.35639,0.154757,195.751242,43.020395,50.05,70.0,195.7711477477384,43.023385708670546
0.995062,0.014033,-180.560428,3.071625,50.05,70.0,-180.5535730824741,3.063730878934333
-0.152041,0.638744,238.835184,-221.712494,50.05,70.0,238.82703359923372,-221.6938526045793
-0.635834,-0.469831,149.617197,-32.878954,50.05,70.0,149.60003095423016,-32.8604325884466
-0.457128,-0.942676,8.285927,-0.875015,50.05,70.0,8.30479994032955,-0.8916457046004405
0.438453,-0.92372,-27.460142,-6.964276,50.05,70.0,-27.454925806495822,-6.95230917036314
-0.958961,0.741586,-0.521026,1.441138,50.05,70.0,-0.5050836696749988,1.4239475602299192
-0.171258,-0.331661,263.849023,84.598517,50.05,70.0,263.8670460711841,84.61801822484088
-0.225325,0.968202,121.229843,-148.450913,50.05,70.0,121.21496752088686,-148.47059640351395
0.563994,-0.956137,-97.242484,341.683196,50.05,70.0,-97.25394829145914,341.6683518941931
0.206292,-0.842901,-71.681365,104.643242,50.05,70.0,-71.66156357410091,104.6625424743774
-0.64446,0.568154,-40.183937,4.547822,50.05,70.0,-40.197539914839076,4.567620005019277
0.957211,-0.155335,392.982852,150.328612,50.05,70.0,392.96847125810956,150.32558478338342
-0.719467,-0.083481,-143.395982,102.334075,50.05,70.0,-143.38802398468965,102.34941318805298
0.938318,0.316639,-20.120684,28.553909,50.05,70.0,-20.14038572852745,28.573856525568846
-0.24646,-0.260447,-111.642108,88.963688,50.05,70.0,-111.66131199681361,88.97461238481614
0.674678,-0.687597,126.685499,232.527071,50.05,70.0,126.69037094617819,232.5347962341752
-0.45004,0.176041,75.90095,11.946384,50.05,70.0,75.90011704934676,11.93019945911236
0.724643,-0.933375,-35.985647,282.180052,50.05,70.0,-35.99203618041335,282.1669646997761
0.771337,-0.137967,100.741354,-6.516877,50.05,70.0,100.72295103857715,-6.506959347999903
-0.818528,-0.993024,0.436306,-0.47841,50.05,70.0,0.42267991893060614,-0.4898793731930868
0.245601,-0.178798,-32.863702,-4.504827,50.05,70.0,-32.85353984416975,-4.493286125607722
0.946163,0.159624,-183.583412,39.661643,50.05,70.0,-183.59097649481058,39.678459344784734
0.806448,-0.02517,-442.129438,-42.687979,50.05,70.0,-442.12569214410195,-42.677751944508685
0.96246,0.062779,-197.34866,16.572451,50.05,70.0,-197.33016144107145,16.591654285772016
-0.872994,-0.407388,51.346807,-21.194643,50.05,70.0,51.361712340403734,-21.181847065661195
-0.970453,-0.397837,88.827986,-44.019515,50.05,70.0,88.82428565827517,-44.02721910974859
-0.442415,0.325418,-30.951378,44.897936,50.05,70.0,-30.971198187824584,44.88427476814792
-0.692336,-0.096276,275.459166,-742.260247,50.05,70.0,275.47680808798765,-742.2544791305344
-0.118742,0.311316,216.436778,-224.620819,50.05,70.0,216.45677566567142,-224.6189262535242
0.284286,-0.000808,968.115502,-138.784528,50.05,70.0,968.1082820659923,-138.80084302849247
0.420568,0.493784,-99.25847,-85.753831,50.05,70.0,-99.27843608803177,-85.7338938349494
-0.971671,-0.881449,-0.248964,-0.357442,50.05,70.0,-0.2684974762906953,-0.35103732299356755
-0.50766,-0.237728,-79.552425,-103.35356,50.05,70.0,-79.57241914799117,-103.36043024770397
0.497986,-0.344997,20.855476,-76.736882,50.05,70.0,20.84750186438264,-76.75333406157745
-0.362914,0.507261,-96.229831,-39.408611,50.05,70.0,-96.24521108739809,-39.426300030669346
-0.469126,-0.594762,-30.946844,-21.134729,50.05,70.0,-30.928667112838088,-21.148717838763098
-0.16949,-0.619539,-8.059796,203.008765,50.05,70.0,-8.065885703441763,202.9916285843873
-0.587965,0.080647,504.465925,575.913764,50.05,70.0,504.48503672912926,575.8951122205756
-0.57137,0.977181,4.589259,-29.440335,50.05,70.0,4.580502470021747,-29.45188478446073
-0.511221,-0.097369,318.547598,-108.152886,50.05,70.0,318.539616760915,-108.17286151697832
-0.486964,-0.405171,39.576453,-7.700426,50.05,70.0,39.56206388818816,-7.720411506844795
0.283675,-0.266328,-72.67183,-1.286566,50.05,70.0,-72.6748117361117,-1.2768863767598646
-0.171552,0.728084,191.896354,-200.185952,50.05,70.0,191.8774494132926,-200.1913788131149
0.91359,0.709462,75.035961,-46.673517,50.05,70.0,75.02042298163767,-46.67828109754714
-0.07608,-0.684943,100.302063,304.842511,50.05,70.0,100.29177825589252,304.8507808544275
0.161188,-0.910084,8.114135,-50.039902,50.05,70.0,8.132205303808025,-50.059177260565164
0.222582,0.939305,-186.624458,-139.93263,50.05,70.0,-186.6402727368915,-139.95258203324678
0.89112,-0.938713,0.916689,-0.837395,50.05,70.0,0.9339913275025375,-0.8399667392344445
-0.95484,-0.000838,1421.869094,-66.960291,50.05,70.0,1421.8495841034255,-66.98022908708354
-0.084154,-0.378173,38.59451,90.294855,50.05,70.0,38.57865792975277,90.29019039563717
0.0411,0.771544,-388.185496,-843.663284,50.05,70.0,-388.2004223722849,-843.6465195401598
-0.6668,-0.915655,1.435406,0.399043,50.05,70.0,1.4536315654424092,0.411571395597857
0.590687,-0.330588,-26.855692,-8.824315,50.05,70.0,-26.858468559871685,-8.838104619485437
-0.188126,0.162401,110.383336,-30.054672,50.05,70.0,110.39332714092794,-30.04392706566791
-0.518103,0.243403,79.139924,81.718858,50.05,70.0,79.14364705585507,81.73865936636486
0.875339,-0.174947,-282.250749,-185.247644,50.05,70.0,-282.2608874845223,-185.26321249873712
-0.328809,-0.284822,-77.600535,-26.549768,50.05,70.0,-77.61490924591034,-26.54944836797464
-0.99515,0.521153,240.353124,229.801969,50.05,70.0,240.3385960416808,229.79984441625118
-0.986539,-0.753267,-20.87823,-5.916009,50.05,70.0,-20.85892859639352,-5.931063662262935
-0.157457,-0.377392,306.642181,-11.213566,50.05,70.0,306.6514314421273,-11.193695115108303
-0.820022,-0.115873,-76.273542,-601.72918,50.05,70.0,-76.25671407019587,-601.7357704429718
0.525679,-0.908782,60.569072,4.28914,50.05,70.0,60.57944803254336,4.295399638342878
0.097785,-0.524417,-57.411486,161.8832,50.05,70.0,-57.42944337604584,161.8754430009586
0.125396,-0.466379,-438.752571,-62.817761,50.05,70.0,-438.7511629585706,-62.80582329174386
-0.42917,0.938337,-103.783415,8.641087,50.05,70.0,-103.79743590441443,8.62408148296431
0.629021,-0.047184,-918.035439,-1100.930716,50.05,70.0,-918.04645380603,-1100.9497606685454
0.970384,-0.763956,-43.557314,36.086383,50.05,70.0,-43.57687602394585,36.075859106110244
0.183917,-0.913077,155.498341,-29.949325,50.05,70.0,155.5156876965903,-29.950374053632224
-0.085147,0.930952,844.154374,-407.200343,50.05,70.0,844.1494322098243,-407.1995004513717
0.503368,0.103586,-312.28396,432.661096,50.05,70.0,-312.2649686209732,432.64111927723343
0.963954,-0.833453,3.281956,3.238133,50.05,70.0,3.2726725218021246,3.222859588903566
0.157801,0.156821,-181.38285,157.917499,50.05,70.0,-181.40017591951465,157.9067945785424
-0.311097,-0.60032,-207.913106,872.792143,50.05,70.0,-207.91879665819707,872.7730459790969
0.41614,0.071853,64.92601,96.866852,50.05,70.0,64.93610325622802,96.85683138060591
-0.372886,0.903528,43.485382,-0.068575,50.05,70.0,43.47865807740337,-0.08441135402471646
-0.402036,0.973047,34.876463,4.165627,50.05,70.0,34.89482304767183,4.166105408880303
0.006335,0.471798,36.684483,408.026086,50.05,70.0,36.66558821807751,408.0331456190957
-0.492569,-0.607187,-33.035392,-10.837736,50.05,70.0,-33.02130361099397,-10.84255502164747
-0.987932,-0.170875,-32.472472,-79.343483,50.05,70.0,-32.48784516177197,-79.33268466266554
0.102053,-0.797355,-199.036576,344.302114,50.05,70.0,-199.0382182323139,344.28684284173215
0.856944,0.656842,-76.172623,27.921699,50.05,70.0,-76.15299195327347,27.906800900350134
-0.452019,0.919169,21.179676,5.540456,50.05,70.0,21.19050320149672,5.552639598908667
0.466125,0.16923,171.941672,-236.765414,50.05,70.0,171.9311610180274,-236.7561293258714
0.25435,0.860476,-58.587511,-44.761766,50.05,70.0,-58.57379428319222,-44.77613203267678
0.028478,0.62569,-48.012299,-359.679239,50.05,70.0,-48.03202539523089,-359.67389776011913
-0.034917,-0.85079,357.162291,-756.965711,50.05,70.0,357.14807559541384,-756.9620523479642
0.774497,0.975672,-0.118897,1.59608,50.05,70.0,-0.09905660330300317,1.612648741020251
0.11763,-0.985158,-108.094297,259.413121,50.05,70.0,-108.08628519535932,259.4329829823408
0.4486,-0.387635,460.032234,130.591284,50.05,70.0,460.02273597272455,130.60868642956552
-0.97374,0.353475,-105.16776,14.992845,50.05,70.0,-105.17617004257461,14.985464319390186
0.849746,-0.325553,-123.423279,-63.429523,50.05,70.0,-123.42633187876113,-63.42542108706585
0.431376,0.14466,305.920896,-535.149824,50.05,70.0,305.93640996651453,-535.1686036081701
-0.702787,0.252073,-66.810435,473.30418,50.05,70.0,-66.82612180476997,473.3142465030792
0.588498,0.88147,26.671621,9.161261,50.05,70.0,26.6909832576593,9.164439125987794
0.860253,0.27816,263.320602,-36.50995,50.05,70.0,263.31398175509474,-36.52919476211725
-0.967011,-0.54926,0.570941,1.311922,50.05,70.0,0.5763993564235081,1.292739415692993
0.592494,0.042002,-1000.896972,1129.905475,50.05,70.0,-1000.8807763203844,1129.8855271593977
-0.076825,0.807987,31.470076,-144.591575,50.05,70.0,31.46244329738754,-144.57230357413232
-0.168834,0.403887,814.939238,415.231951,50.05,70.0,814.9476297171115,415.2119765155531
0.12356,0.665748,34.897323,15.703445,50.05,70.0,34.89777478836284,15.706002433228099
-0.777857,0.565542,-83.978292,3.057084,50.05,70.0,-83.97009037276695,3.066476054481301
-0.935197,0.15048,-86.606319,321.171336,50.05,70.0,-86.61595721385346,321.18880852193416
-0.890984,-0.776143,1.097829,-0.732535,50.05,70.0,1.1077853825518638,-0.7185156093354487
-0.641778,-0.357188,-199.871467,34.6899,50.05,70.0,-199.8837593985279,34.708815193835186
0.749673,-0.243847,-139.701794,-157.801387,50.05,70.0,-139.69278661346075,-157.79187940850736
-0.337876,-0.684501,-108.467999,-20.564734,50.05,70.0,-108.48300991508741,-20.57280259822089
-0.413168,-0.119769,284.836885,-236.193837,50.05,70.0,284.84221293501884,-236.20391042879777
-0.95893,-0.732827,164.725285,78.014942,50.05,70.0,164.73517433027112,78.03220673167063
-0.619557,-0.900644,6.397201,-30.81008,50.05,70.0,6.399443474072077,-30.79324282738347
0.882935,-0.515203,78.948119,23.793672,50.05,70.0,78.9401071971217,23.802742508012628
0.987111,0.37211,-77.288099,30.604716,50.05,70.0,-77.27225433599543,30.58472205061027
0.045218,-0.013471,-155.817763,37.160255,50.05,70.0,-155.82641380704925,37.18024815531753
-0.40834,-0.966331,60.758047,1.88779,50.05,70.0,60.75776356870331,1.87606302711536
0.883094,0.153448,-270.356309,105.185316,50.05,70.0,-270.37547279354294,105.19779976933398
-0.994813,0.186082,254.915,115.071821,50.05,70.0,254.90634304525616,115.08407036075107
-0.515498,0.024676,1272.39337,1481.595697,50.05,70.0,1272.3954265153832,1481.5762784772317
0.732933,0.400996,-39.104556,18.838098,50.05,70.0,-39.105701165489485,18.85281282958927
-0.468019,0.000503,-282.987635,1.95409,50.05,70.0,-282.99441158080907,1.9609350934449092
0.458231,-0.508531,474.424194,-269.260714,50.05,70.0,474.404365672973,-269.2802384022077
-0.882118,0.250324,192.754583,123.101822,50.05,70.0,192.74976971604804,123.08647412158842
-0.799675,-0.143764,56.542704,-7.241956,50.05,70.0,56.562637672073,-7.221964890963278
-0.236695,-0.140215,57.258063,-64.05659,50.05,70.0,57.26123950461563,-64.07496902428375
-0.598838,-0.673105,-94.457523,52.039415,50.05,70.0,-94.44698217508021,52.04938867150812
-0.882284,-0.547133,-273.360964,195.110178,50.05,70.0,-273.3410385532364,195.0906258252414
0.333331,0.289871,-168.93639,55.5809,50.05,70.0,-168.9165496826856,55.56252958623694
-0.13985,-0.461556,307.628414,-74.036841,50.05,70.0,307.6384162402894,-74.03031349909489
0.629601,-0.300725,-97.131295,57.590069,50.05,70.0,-97.14889800978239,57.58453400644728
-0.286681,-0.254435,118.486409,-1.682473,50.05,70.0,118.46944674525717,-1.6872625916020083
-0.295394,-0.692707,114.311078,53.222705,50.05,70.0,114.32701242721413,53.24224677405118
-0.327882,-0.71487,79.25859,25.800121,50.05,70.0,79.25470866149129,25.81811009886763
-0.825586,0.372445,80.751885,36.737123,50.05,70.0,80.77178990521541,36.73582852522795
-0.323787,0.10972,288.008279,101.565942,50.05,70.0,287.9903801717134,101.57333879752183
0.064926,-0.782913,-18.760755,78.526325,50.05,70.0,-18.75940688897735,78.54438577385264
-0.417261,-0.901581,-38.991077,-55.905349,50.05,70.0,-38.99257561746953,-55.88566020812937
-0.863892,0.561222,262.004663,-555.44019,50.05,70.0,262.00400223573325,-555.4601856647885
0.455537,0.216377,-126.070967,79.179036,50.05,70.0,-126.06987742672929,79.17005846470141
0.642666,-0.713465,120.168045,-35.708098,50.05,70.0,120.15792930767394,-35.72208900853836
0.788855,0.288307,228.231882,-209.300067,50.05,70.0,228.2387396058483,-209.31454611683773
-0.429971,-0.516428,-19.967111,-45.68394,50.05,70.0,-19.9829813030875,-45.6685841773249
0.388232,-0.981679,59.194157,13.525813,50.05,70.0,59.1742289061959,13.541599646582975
0.926886,0.177709,21.634394,87.26247,50.05,70.0,21.6416081966186,87.26669740257758
0.747067,-0.041399,-166.161305,-7.851352,50.05,70.0,-166.1813032712812,-7.8484674577449125
0.205931,-0.919514,-129.393586,166.225204,50.05,70.0,-129.37389064493888,166.24480470892706
-0.266232,-0.560948,-150.419459,-100.647729,50.05,70.0,-150.43048331145977,-100.65390907871532
0.152582,0.444055,29.461469,308.750407,50.05,70.0,29.442618942634045,308.73160252577605
-0.762589,-0.840759,0.938336,-1.030588,50.05,70.0,0.9564263364976024,-1.0310021500040218
-0.63607,-0.433152,0.333935,-2.131365,50.05,70.0,0.3527984204901221,-2.1333393525857027
0.01773,-0.011468,-702.88527,460.027841,50.05,70.0,-702.8757978451051,460.01730269561904
-0.740254,0.550651,30.389155,-133.098287,50.05,70.0,30.3992001514092,-133.09010497868596
0.795327,-0.934333,-0.539484,-1.658438,50.05,70.0,-0.5575942667664786,-1.676497329884362
0.662932,-0.107355,-274.142194,-71.813204,50.05,70.0,-274.15815988289734,-71.80200669288234
-0.315986,-0.784852,18.332561,-3.681821,50.05,70.0,18.34108794787522,-3.6988019341929457
0.99668,-0.7932,0.264529,-1.272986,50.05,70.0,0.2628959263152204,-1.2680737532984034
0.682089,-0.135658,-100.914382,-437.308517,50.05,70.0,-100.91426396271534,-437.3153051907036
-0.000566,0.493161,0.7203,-293.83225,50.05,70.0,0.7381612990715369,-293.8501718725413
0.549525,-0.141371,-77.429039,-10.784192,50.05,70.0,-77.4192077186,-10.79910483911471
-0.0296,0.514138,267.221505,702.484697,50.05,70.0,267.2239567828888,702.4727506994166
-0.883857,-0.989163,0.203223,-0.021122,50.05,70.0,0.2011147242048967,-0.010588551340913356
-0.87001,-0.250801,353.035532,-61.798186,50.05,70.0,353.01757510543484,-61.77974468025604
0.780136,-0.260066,-166.522033,-107.464917,50.05,70.0,-166.51979288572818,-107.48483941332535
-0.936062,-0.394264,85.120102,-65.171967,50.05,70.0,85.13533429125742,-65.17367082354139
-0.399528,-0.86386,37.966786,-4.721075,50.05,70.0,37.98676714123033,-4.7164682296098475
-0.889148,0.091323,490.259234,884.801908,50.05,70.0,490.27129124505416,884.8150489597965
0.866944,0.724131,1.201578,2.051907,50.05,70.0,1.1867553315999282,2.071153899318091
0.464084,-0.145407,-88.307048,-11.469106,50.05,70.0,-88.3213513292288,-11.471926014596274
0.137614,0.881366,-66.815171,-169.307284,50.05,70.0,-66.7953216093429,-169.29762951728566
-0.888439,0.000928,350.224126,-9.706912,50.05,70.0,350.2438701436123,-9.713151562736314
-0.397781,0.499864,5.302218,-0.361636,50.05,70.0,5.282778868851793,-0.35781076326450983
-0.787965,0.677245,-6.264913,-72.503553,50.05,70.0,-6.246032608724679,-72.4836364112592
0.462307,-0.008892,1308.603983,391.785433,50.05,70.0,1308.5841904196943,391.7732781638214
0.559431,0.361989,34.573553,2.696971,50.05,70.0,34.58944665033753,2.6770352363544943
-0.046626,0.349238,-156.713905,202.264089,50.05,70.0,-156.71928567122228,202.25898910892704
-0.35093,-0.088546,-423.093445,-342.821215,50.05,70.0,-423.0747788679252,-342.82891904902203
-0.189084,0.058081,-346.754576,358.060527,50.05,70.0,-346.7624596387456,358.07905345382477
0.175235,-0.828078,39.863487,-2.812404,50.05,70.0,39.84354344405822,-2.8158605274362287
0.49888,0.68063,23.485327,12.52718,50.05,70.0,23.48143297088637,12.51970424374116
-0.646516,0.008394,131.211561,1.094668,50.05,70.0,131.19707738989504,1.0774632351783031
-0.92305,0.306863,143.144941,68.326436,50.05,70.0,143.15930788326057,68.34339786635051
-0.558516,-0.978118,-4.287129,-0.29487,50.05,70.0,-4.307036053142484,-0.31186269953957346
0.773739,0.229913,125.066844,136.854981,50.05,70.0,125.05567869388072,136.8352278665354
0.148145,-0.122304,-116.344668,43.035195,50.05,70.0,-116.32467334592472,43.01792572008622
0.437853,-0.996398,188.449267,63.330561,50.05,70.0,188.46133970589014,63.35002764526314
-0.459981,-0.908975,-144.74055,-78.506145,50.05,70.0,-144.74390125017317,-78.49772846236851
0.853254,0.643979,106.736552,-54.775549,50.05,70.0,106.74716189555394,-54.757035581007
-0.639394,-0.29967,-429.714434,-423.968759,50.05,70.0,-429.7277899546652,-423.9495225183543
-0.546181,0.342216,42.312257,15.116195,50.05,70.0,42.31589171510364,15.10667291833829
-0.375256,-0.919668,60.899233,-4.757499,50.05,70.0,60.91872642458409,-4.77693370756351
-0.864806,-0.789669,-16.919168,79.121937,50.05,70.0,-16.92374681421809,79.1024508089441
0.028664,-0.241947,-38.260104,227.413931,50.05,70.0,-38.263819992590555,227.39505354911637
-0.402893,0.578523,-64.825683,38.520346,50.05,70.0,-64.842119172479,38.503236942914256
-0.765903,-0.527364,-257.674766,48.218554,50.05,70.0,-257.6602821275804,48.237533404153886
0.590693,-0.224321,-83.306331,-18.504281,50.05,70.0,-83.28657255818966,-18.509627740339837
-0.168039,-0.228534,282.782889,36.257069,50.05,70.0,282.76689219628486,36.276679218577506
-0.966612,0.156953,184.362242,527.716313,50.05,70.0,184.35526649426265,527.7114379375392
-0.096829,0.596852,28.202587,-59.650727,50.05,70.0,28.19865935227733,-59.66945383816488
-0.703683,-0.798223,-42.618645,-6.82717,50.05,70.0,-42.62683068005526,-6.809965396753497
0.264992,-0.287639,-44.228702,-3.530082,50.05,70.0,-44.21006741471773,-3.523435415762029
-0.351039,0.094203,-196.039938,-34.752335,50.05,70.0,-196.02339430538095,-34.7323401900072
-0.73734,-0.475311,-87.495777,-6.834985,50.05,70.0,-87.50324356701266,-6.848954870374848
-0.550797,0.750464,-12.930509,1.32614,50.05,70.0,-12.92369775757771,1.3211939439036986
-0.948348,-0.891076,-0.740964,-0.954339,50.05,70.0,-0.7209991617318982,-0.9712497275943845
-0.318314,0.100144,183.494367,365.860605,50.05,70.0,183.5099849412242,365.88044448310586
-0.874715,0.658478,1225.453356,-1001.639204,50.05,70.0,1225.4438143831323,-1001.6312374848031
-0.962445,0.192376,265.392466,156.682482,50.05,70.0,265.3741633274334,156.68953808053996
-0.732037,0.652102,2.955376,-0.425374,50.05,70.0,2.9383893162879016,-0.4373133052499599
-0.117946,-0.324689,57.769289,82.29087,50.05,70.0,57.7711719595417,82.31054659046102
0.949808,-0.576841,-721.656959,194.11509,50.05,70.0,-721.6534437561685,194.11179247876302
-0.960164,0.5177,-1.40683,0.86555,50.05,70.0,-1.4253686791297622,0.8801706191298262
0.976535,0.623415,225.611264,112.41817,50.05,70.0,225.61629410130575,112.39867214465824
-0.271724,-0.866978,2.045885,-88.439197,50.05,70.0,2.031982710053184,-88.4530643123356
0.699379,0.462442,21.605737,-122.323963,50.05,70.0,21.58900822792837,-122.31698754049653
0.257375,-0.306332,299.578025,60.2192,50.05,70.0,299.5684910377289,60.20327313011988
-0.516073,0.354774,-329.620988,155.540753,50.05,70.0,-329.6407338719129,155.53409092910877
0.692641,-0.777264,19.334396,16.822485,50.05,70.0,19.347441419393327,16.807414546522423
0.526882,-0.69075,18.725148,-4.963919,50.05,70.0,18.731309067617563,-4.94766516638332
0.559727,-0.672273,-62.071252,-275.573221,50.05,70.0,-62.090485625515235,-275.5890035057999
-0.898503,0.858907,-6.035322,3.146916,50.05,70.0,-6.035854271787796,3.153424852358809
-0.346027,0.330385,-172.718313,-150.764186,50.05,70.0,-172.71510083520846,-150.78299792103152
0.787131,-0.697466,-1.176917,-1.131329,50.05,70.0,-1.1651900857864628,-1.112896896847216
-0.308289,0.589869,96.512753,-29.248302,50.05,70.0,96.49300039835013,-29.24183452425977
-0.07496,0.146773,725.054567,504.727785,50.05,70.0,725.0384155529238,504.74762873573
0.808565,-0.451082,-27.384534,-9.372182,50.05,70.0,-27.38973318117734,-9.366974905716797
0.666215,-0.927241,-2.058031,59.809819,50.05,70.0,-2.0692873901756843,59.79685193786368
-0.142247,-0.747713,-123.605141,-66.52588,50.05,70.0,-123.59773334057975,-66.53880634946333
-0.819488,0.859329,0.375952,0.469274,50.05,70.0,0.39023239016312056,0.46319256911976886
0.745744,-0.281342,-62.445833,-17.329337,50.05,70.0,-62.426469117538616,-17.336369455878877
-0.517426,-0.384225,113.15269,-386.454089,50.05,70.0,113.15648609037694,-386.4348501518196
0.330685,-0.17095,17.870555,-1.310627,50.05,70.0,17.865221340964883,-1.3069949534698666
0.839487,-0.736414,-134.971562,46.803374,50.05,70.0,-134.9515721005451,46.78669545815468
-0.904843,0.30026,-26.787438,7.184646,50.05,70.0,-26.80701887145266,7.1764998822526005
0.471707,-0.014688,1387.790385,-697.398644,50.05,70.0,1387.7938597866041,-697.4121968123818
-0.865452,0.355376,106.574038,60.319338,50.05,70.0,106.57411390492538,60.32657469441525
0.799568,0.333118,145.751471,-78.036994,50.05,70.0,145.73972885133804,-78.0170788389139
0.706333,-0.662285,-33.046922,23.156307,50.05,70.0,-33.038089784877094,23.150377574486093
0.973517,-0.092804,157.682191,-134.770809,50.05,70.0,157.66219409020138,-134.79064333211448
0.236609,0.681083,-149.815105,-109.124484,50.05,70.0,-149.798118537241,-109.12062195590522
0.956692,-0.871954,1.035554,-1.099667,50.05,70.0,1.0496883856448276,-1.0906917333512725
-0.931012,0.488924,49.070099,58.307811,50.05,70.0,49.08186672788598,58.32688030816172
-0.646111,0.805971,105.331663,-139.186191,50.05,70.0,105.3516165298421,-139.17764425458105
-0.040233,-0.201755,190.671181,265.476634,50.05,70.0,190.69114468161723,265.4742900916513
-0.903734,0.940402,-1.048382,0.922387,50.05,70.0,-1.068281174806648,0.9324894003113562
-0.662894,0.737237,56.472183,19.415346,50.05,70.0,56.47833447765493,19.43390125725897
0.740252,-0.587607,-126.806684,-179.569935,50.05,70.0,-126.79464686732011,-179.55307861456157
0.083237,0.966002,-43.670603,-196.870192,50.05,70.0,-43.65343174891673,-196.86994549473144
-0.408855,0.38046,-666.601479,-155.687945,50.05,70.0,-666.5889771022792,-155.707452371624
0.390709,0.640174,59.701678,45.243077,50.05,70.0,59.70209224920575,45.2231095814434
-0.595873,-0.844428,13.53585,-14.06435,50.05,70.0,13.517160998330777,-14.06165803626984
-0.301943,-0.761152,-116.976956,-8.744039,50.05,70.0,-116.97177377041373,-8.72697333235132
-0.683543,-0.311525,102.208908,-53.936678,50.05,70.0,102.2183836007944,-53.946887443201085
0.20097,-0.304469,-199.303741,177.992604,50.05,70.0,-199.31931133464659,177.97648874189304
0.785287,0.31847,-118.309386,69.471632,50.05,70.0,-118.28983448240226,69.48362854520646
0.533022,0.500461,64.738181,19.499584,50.05,70.0,64.73601430596757,19.479698085559146
-0.759036,0.88203,-7.150155,0.984468,50.05,70.0,-7.169715822479941,0.9770952937138792
0.279117,-0.887641,30.680753,-204.960472,50.05,70.0,30.66875853958398,-204.97768476049436
-0.585066,0.794207,101.098051,29.922308,50.05,70.0,101.07952171576916,29.90323805401386
0.24184,0.605645,-58.108269,9.781053,50.05,70.0,-58.12782720159637,9.782171924615362
-0.916192,-0.440286,45.6415,-20.064038,50.05,70.0,45.645684354557666,-20.07259355190955
0.111069,0.740908,-117.773471,-260.970234,50.05,70.0,-117.75573643866717,-260.9738395299692
0.436773,0.842371,-26.225258,6.668499,50.05,70.0,-26.20651044356306,6.68213462671393
-0.265048,-0.660025,1251.870451,1370.140124,50.05,70.0,1251.8883911968765,1370.145479968699
0.966423,0.679754,9.243886,40.415853,50.05,70.0,9.260900206338032,40.40349079372736
0.627466,-0.178398,0.152259,-0.473577,50.05,70.0,0.13828315576347372,-0.4590981350013025
-0.341238,0.805137,-29.00232,7.656702,50.05,70.0,-28.991286049629892,7.6742695637170115
-0.064758,-0.393521,-112.017252,550.102129,50.05,70.0,-112.03723058841591,550.1148293112541
0.094316,-0.832699,-46.484033,175.281694,50.05,70.0,-46.48211832972567,175.30166072629353
0.823887,-0.928377,-14.109197,2.849711,50.05,70.0,-14.08932094476534,2.852498885786369
0.763869,0.352083,-78.900411,51.659016,50.05,70.0,-78.88776555816294,51.66361793257077
-0.545573,0.553577,-124.274113,-19.05593,50.05,70.0,-124.29127820804521,-19.040188954686215
-0.024629,0.057202,143.785402,1143.577322,50.05,70.0,143.78913950641638,1143.5597484148852
-0.60898,0.870137,4.589551,46.652278,50.05,70.0,4.603666742634084,46.640752066671155
0.399515,0.656523,128.00865,-98.819247,50.05,70.0,128.0238873112222,-98.80592235473802
0.190064,0.412481,-214.179401,-103.023431,50.05,70.0,-214.1773239480895,-103.04195877140268
0.573761,-0.793784,-5.610634,-9.598193,50.05,70.0,-5.595385206413331,-9.61770585589609
0.869152,-0.160565,24.353131,302.901238,50.05,70.0,24.35824421237732,302.8866925743544
-0.621693,-0.801749,118.315633,66.76351,50.05,70.0,118.33010120086803,66.77500093397377
-0.99576,0.262035,162.892846,215.522196,50.05,70.0,162.891952301308,215.50814373167623
0.019252,-0.433813,102.842047,-370.351315,50.05,70.0,102.86159800146737,-370.34069405284134
0.903613,-0.982881,0.707069,-0.615417,50.05,70.0,0.7057797415142508,-0.6338865190634071
0.720171,-0.080591,186.098174,408.589633,50.05,70.0,186.11400009678806,408.60636833855295
-0.49978,0.190591,154.009746,106.163263,50.05,70.0,154.01199808248677,106.14453472598268
-0.73793,-0.387674,3.270023,-0.953408,50.05,70.0,3.2899931400936264,-0.9694241779494546
0.368235,0.919323,56.241801,89.045843,50.05,70.0,56.22642526503312,89.04657208849363
-0.934534,-0.711345,65.637661,-4.532392,50.05,70.0,65.65009343589858,-4.530233665440466
0.427589,0.494192,412.243357,847.063399,50.05,70.0,412.2520580748137,847.0823068196438
-0.120029,0.664408,179.170423,6.988701,50.05,70.0,179.162893547965,6.971132201288675
0.705288,-0.227835,478.072105,290.111253,50.05,70.0,478.0569541402565,290.09276612607357
0.772582,0.788429,-58.390826,62.177144,50.05,70.0,-58.38819459755016,62.15760015880511
-0.871381,0.696831,0.58683,0.509502,50.05,70.0,0.5980249763942375,0.48993078359699693
-0.354858,-0.090853,377.404191,-49.128953,50.05,70.0,377.3928892712257,-49.13844600314452
-0.974739,-0.440114,72.141071,-42.474132,50.05,70.0,72.16009832199578,-42.49088532376864
-0.989918,0.442241,-80.943467,23.022673,50.05,70.0,-80.92541679435588,23.005602858660097
0.737799,0.189638,-209.388629,236.831085,50.05,70.0,-209.3841667674143,236.81704780543413
-0.756035,-0.674062,-0.683776,-0.495498,50.05,70.0,-0.6961030549486633,-0.5147340311715503
-0.955017,-0.967282,0.954648,-1.234204,50.05,70.0,0.9568866052415953,-1.2329877305419519
0.88493,-0.974656,1.030588,-0.47214,50.05,70.0,1.0165097252311868,-0.4636112412741647
0.964297,0.940013,-0.915859,0.757361,50.05,70.0,-0.9278863622185071,0.7547069721940084
0.794887,-0.330628,-61.304972,-230.025635,50.05,70.0,-61.310982895527204,-230.02127867817296
-0.860677,0.594115,-1.682356,0.819845,50.05,70.0,-1.698712627536232,0.809258608671798
-0.70586,0.602966,-2.036768,7.842887,50.05,70.0,-2.0167987648352277,7.828377362538196
0.055559,-0.213665,-465.620154,-615.149665,50.05,70.0,-465.61757882644986,-615.1693396727776
0.939142,0.154599,-323.490417,391.341889,50.05,70.0,-323.4807797645347,391.3240407419038
0.347511,0.621833,-210.218865,5.932782,50.05,70.0,-210.238537490138,5.928191641158568
-0.854066,-0.279784,-210.438807,-321.936482,50.05,70.0,-210.4573517817594,-321.95591111534236
-0.33351,0.702862,67.7657,5.888112,50.05,70.0,67.74731456684103,5.9060018049749985
-0.992168,0.627713,74.183373,-5.721456,50.05,70.0,74.18990957540332,-5.701890939645845
-0.025492,-0.444716,1881.650331,475.690558,50.05,70.0,1881.6450513040222,475.6768893571447
-0.342747,-0.545256,184.690095,212.387404,50.05,70.0,184.6916674372337,212.40708882677626
-0.114333,0.407357,81.004106,-160.566511,50.05,70.0,81.02386427528059,-160.58591412330995
0.452003,0.808599,12.103993,19.486406,50.05,70.0,12.10314010394729,19.472904125420378
0.123452,0.855242,-72.483441,-195.442484,50.05,70.0,-72.4799173932514,-195.45094387193961
0.059461,-0.636063,-48.728,-152.711507,50.05,70.0,-48.72500095102244,-152.70819099678857
-0.304815,0.97438,107.829359,-77.57225,50.05,70.0,107.8492018474841,-77.56513615018379
0.404605,0.204609,-205.239319,251.935332,50.05,70.0,-205.2372826531158,251.92633506743778
0.86781,-0.711935,-1.553762,-3.157063,50.05,70.0,-1.5522165076237822,-3.1553616260825783
0.503284,0.686559,54.475226,17.007562,50.05,70.0,54.47096279620274,16.99580553556283
0.995108,0.778121,-4.340862,1.07867,50.05,70.0,-4.356401361546938,1.0594871379629656
-0.117785,0.38635,225.834811,131.09766,50.05,70.0,225.8526763710691,131.0931295873906
-0.623455,-0.404443,12.726808,-0.511864,50.05,70.0,12.715809529805183,-0.49796127523446315
0.528234,0.023205,-227.865132,7.927049,50.05,70.0,-227.846451930462,7.917489935521528
0.000761,0.784382,-0.271318,-118.393941,50.05,70.0,-0.2908337196240024,-118.38968956077599
-0.89153,0.049411,-819.226349,1192.88385,50.05,70.0,-819.2064604040238,1192.9013527610077
0.449147,0.81508,-14.108289,56.547652,50.05,70.0,-14.108390576024943,56.550529770261896
-0.950174,0.427631,75.141417,47.041556,50.05,70.0,75.14941978928759,47.04721297594472
-0.806131,-0.641769,14.727302,85.677647,50.05,70.0,14.745404163827097,85.6738518066768
-0.219788,0.027082,-489.192624,404.450675,50.05,70.0,-489.208683784181,404.44605239593864
-0.836811,-0.27616,148.397664,-134.920527,50.05,70.0,148.38277400106753,-134.9037155136333
0.577119,-0.365693,-22.064497,-4.139,50.05,70.0,-22.08374741579748,-4.157670009877757
-0.204487,-0.80996,137.601991,160.883623,50.05,70.0,137.60538244625982,160.86362301354578
0.994874,0.848924,-1.190436,0.919488,50.05,70.0,-1.2103040127470643,0.9384023220549009
-0.138171,-0.243237,391.488354,-1.671567,50.05,70.0,391.4708394270195,-1.6910423922267914
-0.087586,-0.064917,462.883161,140.336764,50.05,70.0,462.86525897490446,140.3249356494594
0.944574,-0.538187,-1.040595,-1.814569,50.05,70.0,-1.0474892587267148,-1.80514614256614
0.685116,0.741017,-4.819301,1.626682,50.05,70.0,-4.8000767348887985,1.6368712511257117
0.278834,0.365415,-116.102163,-10.828521,50.05,70.0,-116.08874339701178,-10.844024226512326
-0.462784,-0.013074,778.390151,-279.10453,50.05,70.0,778.3779596989935,-279.1222463569084
0.260024,0.227603,-89.403228,-5.181772,50.05,70.0,-89.41723829822033,-5.1694968195847375
-0.669394,-0.505448,-66.003564,-83.802591,50.05,70.0,-65.98506326691252,-83.82236465062714
0.936618,-0.266717,-185.262247,-142.514134,50.05,70.0,-185.2730541574765,-142.5320674823297
-0.714788,0.560307,-9.197107,24.773061,50.05,70.0,-9.216591192990101,24.764679223630576
-0.916031,0.266667,68.848872,17.677432,50.05,70.0,68.85707403640419,17.682185361552953
-0.124919,0.487327,38.982729,-54.022212,50.05,70.0,38.984046210054565,-54.00239370557859
0.509802,0.243379,-2.338055,1.137188,50.05,70.0,-2.349302335756631,1.149991110838646
0.462483,0.943653,-16.387223,4.152252,50.05,70.0,-16.368373968926292,4.171606748246755
-0.020765,-0.996581,7.81196,149.879635,50.05,70.0,7.831795547373421,149.88380631384211
0.467542,-0.013844,239.299789,-44.170667,50.05,70.0,239.2836160523256,-44.188694551810315
-0.684133,-0.224811,64.201006,-117.567215,50.05,70.0,64.20801869462993,-117.55029735624761
-0.401458,0.702962,16.371924,59.665857,50.05,70.0,16.374358290955826,59.68554024801874
0.678386,-0.368332,6.791228,-1.951016,50.05,70.0,6.797714575110225,-1.9675071216246274
-0.558259,-0.656757,0.083813,-1.48541,50.05,70.0,0.0656081883803776,-1.4671406040568438
-0.110387,0.730984,352.199404,182.685765,50.05,70.0,352.2133931366703,182.6830863205832
-0.346913,-0.561098,21.333784,-4.219397,50.05,70.0,21.31819028782368,-4.199607547713882
-0.371579,0.876623,38.161847,2.236458,50.05,70.0,38.14219461590579,2.222929769951959
-0.591104,-0.681307,40.267981,-13.350439,50.05,70.0,40.28202879423497,-13.331206739181313
-0.72548,0.850074,91.812015,-15.329189,50.05,70.0,91.79304972728964,-15.31067222678439
-0.811891,0.540048,-211.989831,101.652258,50.05,70.0,-212.0023557823065,101.64561908406993
0.582936,-0.602148,67.747369,-19.514801,50.05,70.0,67.75104071053404,-19.497804694367602
-0.294705,0.897348,112.461672,-79.283045,50.05,70.0,112.45080284714422,-79.30303151426502
-0.280496,-0.304442,63.149254,-14.8169,50.05,70.0,63.16859676807031,-14.81722415209111
-0.762521,0.308794,93.175497,32.343203,50.05,70.0,93.15555474231724,32.355291183722066
-0.102672,0.387783,52.337293,-16.846391,50.05,70.0,52.326148391609564,-16.85827903607975
-0.533593,-0.094102,-651.896953,306.351081,50.05,70.0,-651.91643093957,306.35272687461287
0.422952,0.55797,-0.763967,44.420282,50.05,70.0,-0.747679302897194,44.40470846565195
-0.19733,-0.519651,214.545123,15.424318,50.05,70.0,214.5648906751792,15.421759506052442
0.224873,-0.555209,-130.56406,106.63511,50.05,70.0,-130.57966669727296,106.65125909018897
0.599576,-0.932884,19.877178,-5.570146,50.05,70.0,19.868957030739455,-5.561886441828076
-0.982581,-0.241322,142.365521,-40.824355,50.05,70.0,142.36388787069126,-40.829436069857515
0.105886,-0.371826,-54.711996,105.438916,50.05,70.0,-54.723172791289734,105.41949600671809
0.724421,-0.649225,341.406771,-31.246091,50.05,70.0,341.42178574867023,-31.25427819528996
0.471056,-0.966471,-10.643112,-2.002661,50.05,70.0,-10.632009270464215,-2.022295339318144
0.519937,0.581394,-179.730644,-175.225478,50.05,70.0,-179.73800591892382,-175.20572624412023
-0.510639,-0.303952,-310.348831,-26.147664,50.05,70.0,-310.330128785171,-26.1280731293714
-0.5173,-0.263717,108.569735,-45.562494,50.05,70.0,108.54975708839092,-45.57845367458974
-0.294844,0.557467,113.385637,-26.236404,50.05,70.0,113.39948588519393,-26.233825418348207
-0.659169,-0.65004,-74.340054,-7.953049,50.05,70.0,-74.35765017309897,-7.942114306504354
0.772937,0.756756,-19.450694,2.622565,50.05,70.0,-19.440300775467392,2.6027494101547983
0.793555,-0.729305,-5.388156,0.832205,50.05,70.0,-5.405192215882334,0.8275045358464836
0.566546,-0.057741,-165.127676,-10.016414,50.05,70.0,-165.12402828301504,-10.032915200618975
-0.450919,-0.592145,-552.757856,-110.311913,50.05,70.0,-552.7382956081009,-110.29815573403444
-0.187752,0.44696,206.713384,8.870121,50.05,70.0,206.7205847455408,8.850123911399644
0.0627,-0.194085,-1.570327,0.519004,50.05,70.0,-1.5599317546426423,0.5190509326364158
0.013973,0.851161,-140.181995,807.539634,50.05,70.0,-140.1956513199066,807.5207445661804
-0.540105,0.447909,-6.769162,-74.244173,50.05,70.0,-6.778976678481728,-74.25931793322785
0.014766,0.176447,-101.654619,-595.07983,50.05,70.0,-101.64850055349117,-595.0640906138921
-0.460484,0.647953,-84.644495,23.886341,50.05,70.0,-84.64347176364711,23.87379216991861
0.150481,-0.866394,-218.256488,-62.906189,50.05,70.0,-218.26375161792777,-62.91436259676966
0.515587,-0.529855,54.352886,-23.206671,50.05,70.0,54.348803433852545,-23.20700429386111
0.721527,0.704333,0.537384,-0.998747,50.05,70.0,0.5565976517538865,-1.0167150967291991
-0.274084,-0.523692,61.284816,-10.216975,50.05,70.0,61.27020137450983,-10.214604658954624
0.308439,-0.063861,-336.641736,153.682439,50.05,70.0,-336.6225871601052,153.69792760460032
0.68531,0.004598,-15.728516,-0.001138,50.05,70.0,-15.728629799385935,-0.021032489203111467
-0.726586,0.27356,240.536464,52.470918,50.05,70.0,240.5164739869336,52.45384316036623
-0.275072,0.859392,-82.587475,103.750688,50.05,70.0,-82.59509083041564,103.74706690250811
-0.197195,-0.261524,207.23918,-24.057426,50.05,70.0,207.2234316381304,-24.04016658045263
0.559811,0.737193,1.09804,1.629175,50.05,70.0,1.117194014920714,1.6432094311944951
0.004839,-0.667408,-1.404411,68.130817,50.05,70.0,-1.3848450525149671,68.14560160478607
0.873532,-0.552295,-13.281327,-3.105795,50.05,70.0,-13.284887681915418,-3.1239476322740987
-0.415085,-0.338443,29.123193,-6.453492,50.05,70.0,29.10814716836233,-6.444468288160879
-0.203699,0.438189,83.908404,15.836984,50.05,70.0,83.89637837459661,15.839762993969854
0.638056,-0.197088,-143.507668,-33.241585,50.05,70.0,-143.51351121985067,-33.235377616803625
-0.458157,-0.23997,42.419984,-8.694838,50.05,70.0,42.429714487982245,-8.693989936692393
0.826744,-0.914463,1.246618,-0.741157,50.05,70.0,1.257312670128866,-0.7211820901502948
0.624971,-0.112836,-275.476878,-80.105667,50.05,70.0,-275.4568841145928,-80.10161546334362
-0.437737,0.950705,28.015312,7.056651,50.05,70.0,28.002038279663196,7.051206840452233
0.497983,-0.39723,-110.176972,52.786816,50.05,70.0,-110.17616627613545,52.777853788665986
-0.246112,-0.40266,393.314438,-34.907064,50.05,70.0,393.3341257815337,-34.887105990146694
0.499894,-0.283305,-56.76028,-26.659878,50.05,70.0,-56.77980535021301,-26.65006674990196
0.4969,-0.595307,231.143022,-90.773405,50.05,70.0,231.12310863850973,-90.7549143290805
0.668915,0.456434,-68.284608,12.054364,50.05,70.0,-68.2955945560341,12.043736258902038
-0.711758,-0.515684,-42.469413,-15.097895,50.05,70.0,-42.471235494559025,-15.092184371678496
0.903911,0.039911,-217.867398,12.945011,50.05,70.0,-217.84842848099044,12.931014742095705
0.77877,0.791876,-46.861028,9.225825,50.05,70.0,-46.84425538244026,9.220751313159091
-0.935415,0.482683,54.804387,-16.455897,50.05,70.0,54.793125930218594,-16.471150283168914
0.450753,-0.187969,105.430699,6.248476,50.05,70.0,105.42724546620968,6.264588450551164
0.808497,0.408068,11.265369,10.024714,50.05,70.0,11.262540267915064,10.044223960942414
0.402837,0.484942,-111.085947,-9.833031,50.05,70.0,-111.068119883086,-9.849166006062076
0.428022,-0.227911,477.249753,-260.597275,50.05,70.0,477.2357647346139,-260.5931225357076
-0.500079,-0.834376,-26.379059,-14.590205,50.05,70.0,-26.36626060287189,-14.570231616031782
0.635966,0.681579,-78.696576,-157.329929,50.05,70.0,-78.71556501520043,-157.34409374298235
-0.700868,0.517939,-54.031728,9.762619,50.05,70.0,-54.051587957135794,9.782615640861687
-0.993871,0.010547,215.254594,3.26628,50.05,70.0,215.24291742388255,3.2608012235128614
-0.737064,0.161046,72.78201,111.689581,50.05,70.0,72.768295674146,111.70698983037013
0.697974,0.854543,0.466277,0.265463,50.05,70.0,0.485687091397509,0.25167603965489127
0.307103,-0.514099,-99.508993,9.746208,50.05,70.0,-99.52897978541729,9.753949747236874
-0.458415,-0.575121,-54.912153,-25.063089,50.05,70.0,-54.90532772288759,-25.06954321718006
-0.058713,-0.792112,96.152926,-155.980918,50.05,70.0,96.13872439873175,-156.00081616942703
0.978496,-0.409915,239.00684,57.389036,50.05,70.0,238.9893904609696,57.3957397585786
0.565609,0.18507,-157.409929,36.416149,50.05,70.0,-157.41255398266463,36.41453704481609
0.469474,0.454835,180.999035,-83.400309,50.05,70.0,180.98427262181798,-83.3807758548481
0.40374,-0.339414,71.599178,-178.923344,50.05,70.0,71.58573385207343,-178.9035558298075
-0.539256,0.716038,-165.395178,-68.482608,50.05,70.0,-165.3955891558596,-68.49741746478907
0.451725,0.149655,-222.42386,74.425365,50.05,70.0,-222.40409030625005,74.44536479755696
-0.743376,0.074204,164.41602,13.982459,50.05,70.0,164.43032884126606,13.99297441720444
-0.860271,-0.579287,-0.226177,-0.514804,50.05,70.0,-0.2369287375134574,-0.5062868152767653
-0.080926,-0.121117,-51.470314,156.976422,50.05,70.0,-51.4801830267946,156.99575479015556
0.38503,-0.794228,170.603463,221.680011,50.05,70.0,170.61445944995654,221.68150779023216
-0.596829,-0.89664,25.186513,-8.522285,50.05,70.0,25.20611463277641,-8.503003507046916
0.169988,0.987602,30.388806,-35.648152,50.05,70.0,30.374047085696603,-35.63993814529053
0.632576,-0.291681,-11.934562,0.173455,50.05,70.0,-11.919310621018987,0.1534580450936809
-0.286475,-0.788199,109.035492,75.307381,50.05,70.0,109.02671688733096,75.30959911949364
0.738672,0.859651,11.381211,-11.488696,50.05,70.0,11.365609167657658,-11.46995971924367
0.146346,-0.367558,48.561157,-225.9279,50.05,70.0,48.58059821106653,-225.94028277759344
0.446365,0.056609,-118.4298,5.384274,50.05,70.0,-118.41027263637488,5.385098070680113
-0.571604,-0.946506,-5.947761,0.959703,50.05,70.0,-5.967686868927903,0.9575805002597976
0.070995,-0.780809,-27.100484,129.179113,50.05,70.0,-27.11960089863525,129.16080210323048
0.938597,-0.99751,1.065306,-0.769021,50.05,70.0,1.0782440019741708,-0.7574958656570315
0.847283,0.29169,-12.597502,-80.862643,50.05,70.0,-12.613796297501738,-80.84288480198101
0.433564,0.909389,-89.163086,23.479754,50.05,70.0,-89.18142079857297,23.498914715791365
0.107753,-0.989071,-56.11291,193.252226,50.05,70.0,-56.1324218676486,193.24080158279165
0.681114,-0.513494,120.60038,-14.963161,50.05,70.0,120.61138090944938,-14.943498201618045
-0.289848,0.52688,105.676813,-35.252681,50.05,70.0,105.67025241943755,-35.23613485489022
-0.731745,-0.435208,-111.410442,11.000328,50.05,70.0,-111.43043635082049,10.9893593919381
-0.532951,0.692106,31.461032,14.293644,50.05,70.0,31.47521667977693,14.313137526459693
0.224118,0.745755,-154.658427,-131.937919,50.05,70.0,-154.65753005586174,-131.9200009896298
-0.089314,0.893744,-491.010197,-246.263134,50.05,70.0,-491.0064463355783,-246.2652037632308
-0.85204,-0.229678,90.807302,-214.943084,50.05,70.0,90.80156891929161,-214.94460994673895
-0.194013,-0.777917,262.609194,91.65394,50.05,70.0,262.6013535797534,91.67374499138823
-0.44971,-0.28015,-14.413297,81.755255,50.05,70.0,-14.406079050722804,81.73561546709806
-0.483126,0.096602,44.330249,4.054,50.05,70.0,44.35002336754523,4.050636797401767
-0.407715,-0.465347,-1207.751264,-23.137369,50.05,70.0,-1207.7617532411589,-23.12103629862953
0.921108,-0.939128,0.68348,-0.706215,50.05,70.0,0.6910741916342168,-0.7254591130309798
0.067795,-0.569723,-58.056502,-244.316004,50.05,70.0,-58.06608212431408,-244.30981127502162
0.659003,-0.143786,-140.44521,-21.600946,50.05,70.0,-140.46378168582805,-21.599345873553663
-0.606397,0.277748,14.271682,2.299793,50.05,70.0,14.254162961477574,2.287332950060269
0.116952,-0.388037,-344.654391,-151.050737,50.05,70.0,-344.6735015781937,-151.0529004485634
0.258955,0.258823,338.654047,-136.353071,50.05,70.0,338.65484177409166,-136.37304776700458
0.03975,0.078375,-38.195761,657.81846,50.05,70.0,-38.19266928185692,657.8026399057187
-0.743469,0.515426,-7.40606,-0.595929,50.05,70.0,-7.409284813599718,-0.5802378211752113
0.758464,-0.491309,-22.118128,-36.610046,50.05,70.0,-22.13299220861439,-36.62614865431462
0.572299,0.628208,11.281638,3.525692,50.05,70.0,11.26284849197862,3.5454949842887933
0.283889,-0.67044,-85.620736,50.433731,50.05,70.0,-85.60582655981247,50.44697449466988
-0.082487,-0.361791,426.861587,405.545791,50.05,70.0,426.84187227709816,405.5379239885217
-0.614097,0.878829,-41.547146,-280.653427,50.05,70.0,-41.56423801133246,-280.6349334975756
0.473751,0.340334,19.31696,77.738682,50.05,70.0,19.301750048546385,77.72481361002438
-0.013729,-0.742051,547.511387,1769.949975,50.05,70.0,547.5137143186017,1769.943285226438
0.351165,0.036824,-232.056161,9.669686,50.05,70.0,-232.0749739978213,9.659443096873366
0.898598,0.737281,13.665547,-5.234041,50.05,70.0,13.648324648708433,-5.219925833843948
-0.522082,-0.624924,-126.433688,-52.868618,50.05,70.0,-126.44237483017118,-52.88380716158793
0.907275,0.575536,-45.574127,-95.258265,50.05,70.0,-45.55527216002747,-95.26036447717935
-0.96566,0.159608,140.357511,520.668068,50.05,70.0,140.3747587790426,520.6610524154027
0.533965,0.355198,-30.302236,151.397952,50.05,70.0,-30.299562635316203,151.41305737016324
-0.192438,-0.300214,-19.7772,-589.055292,50.05,70.0,-19.75721111936672,-589.056774012136
0.302868,0.309581,75.186553,76.828391,50.05,70.0,75.20180924603193,76.83819715624378
-0.875811,0.248181,66.213871,166.360475,50.05,70.0,66.22705385415449,166.35326749852075
-0.826081,0.057553,-329.957153,212.063905,50.05,70.0,-329.97714275804947,212.04589276972982
-0.700666,-0.096686,275.585116,-62.245154,50.05,70.0,275.5892479723787,-62.251770947944856
0.991768,0.648716,174.238462,-150.196135,50.05,70.0,174.24125347210696,-150.2074220940659
0.964001,-0.042739,-199.955478,-11.494763,50.05,70.0,-199.9714521873178,-11.480141855006814
-0.316388,0.473733,84.104387,-6.891837,50.05,70.0,84.10242348419,-6.87384095772151
0.029032,-0.06079,128.994373,108.444152,50.05,70.0,129.01350305946704,108.43244315734147
0.300654,-0.916482,-113.369621,17.747419,50.05,70.0,-113.3556624332208,17.751575853888557
0.687189,-0.421997,-15.354423,-1.74482,50.05,70.0,-15.367317721442893,-1.7409072981849891
-0.509374,0.95494,3.481514,-24.940734,50.05,70.0,3.497898245936763,-24.938164910112878
-0.318762,0.562646,126.815328,-108.219563,50.05,70.0,126.80178505912139,-108.2022572833133
0.396902,0.728725,37.228916,-6.206337,50.05,70.0,37.236413121709006,-6.220405188508289
-0.317999,-0.606303,-200.330434,57.256709,50.05,70.0,-200.33819681877688,57.23931188498734
-0.134798,0.452672,40.158802,202.221403,50.05,70.0,40.14946333690091,202.24068947315195
0.061885,0.099814,-205.353192,-242.615621,50.05,70.0,-205.3614081708265,-242.63282802705965
-0.431344,0.40735,-105.376718,-49.095521,50.05,70.0,-105.38511677845219,-49.08315118579919
0.326061,0.102512,-310.500574,122.902662,50.05,70.0,-310.5194821978433,122.91964841499187
0.922607,0.25732,9.371477,67.453633,50.05,70.0,9.353494633086628,67.43433905427476
0.769077,-0.127289,-106.187791,-13.618423,50.05,70.0,-106.17071831248657,-13.638422040285064
0.653221,0.683356,32.835118,9.596944,50.05,70.0,32.81995032094506,9.610693761054982
-0.833157,-0.873472,25.707174,1.311693,50.05,70.0,25.712610322194983,1.2924145380624006
-0.447621,0.839805,4.631956,-0.108213,50.05,70.0,4.621655016806937,-0.11604122869811892
0.608934,0.352156,87.031668,15.265757,50.05,70.0,87.04770710774146,15.264802213482799
0.690477,0.84261,1.328114,0.391418,50.05,70.0,1.3466402361295242,0.4101542985454522
-0.253674,0.507137,122.76083,-67.276175,50.05,70.0,122.76539852847304,-67.28354163132155
-0.548107,-0.029729,-225.116693,-84.376774,50.05,70.0,-225.1324886511175,-84.36423703697085
0.343933,0.476717,234.119589,-475.537036,50.05,70.0,234.10999243811054,-475.54398183485307
0.188624,0.200309,-110.816512,57.58764,50.05,70.0,-110.83422901209036,57.59558545978822
0.590868,0.711522,41.070452,8.398532,50.05,70.0,41.05218078013795,8.390339210713877
0.550125,-0.048861,515.92436,-960.034352,50.05,70.0,515.9279762928852,-960.0529677772618
0.788176,0.868585,-3.017767,0.810313,50.05,70.0,-3.0335567353422976,0.7940253069133864
0.311065,0.067376,-563.8037,-131.166313,50.05,70.0,-563.8174972572028,-131.1769520819665
0.386638,0.228127,-1710.59142,-310.895801,50.05,70.0,-1710.602866831203,-310.89522309248594
0.133503,-0.221327,398.757462,84.081553,50.05,70.0,398.7467426964802,84.07291188008003
0.157284,-0.523233,-123.527576,-36.051707,50.05,70.0,-123.50902536433738,-36.05790187601161
0.021905,0.16015,-294.937509,1043.735127,50.05,70.0,-294.9469257065914,1043.7294040103295
-0.354873,-0.350282,58.201786,-12.524356,50.05,70.0,58.205956627315295,-12.532357699127441
0.81066,0.754666,-93.149941,-23.140452,50.05,70.0,-93.16016650829424,-23.12643192413934
-0.324491,0.273855,97.516716,11.506592,50.05,70.0,97.53337361169605,11.490510979649299
0.678691,0.7547,66.014629,-7.723391,50.05,70.0,65.99874313777038,-7.742968480600078
0.236331,0.008678,-737.089011,57.322284,50.05,70.0,-737.1022959773289,57.30354411922778
-0.155131,0.705853,98.358455,-178.823336,50.05,70.0,98.33955741067622,-178.82598865470777
-0.728971,0.186052,-45.932448,-90.879413,50.05,70.0,-45.95056912977942,-90.8983597707505
0.967977,0.793734,-0.331112,1.841863,50.05,70.0,-0.3268360058567182,1.8401697558628884
0.292879,0.409589,-71.917439,-7.491338,50.05,70.0,-71.91263791289647,-7.488841254211214
-0.040154,-0.867876,10.43124,69.368285,50.05,70.0,10.450319560462587,69.36199516450286
-0.39235,-0.222115,-120.166787,121.806495,50.05,70.0,-120.17524240094683,121.79241437425331
0.91369,0.388578,-84.512013,40.190135,50.05,70.0,-84.51423350919521,40.189817951437064
0.830214,-0.585487,-0.989282,-2.884612,50.05,70.0,-1.0084702035970157,-2.879974183967563
-0.287608,0.169634,189.088336,78.142398,50.05,70.0,189.1066278654389,78.12271297370243
-0.959828,0.173535,-37.814668,306.633416,50.05,70.0,-37.813271835492415,306.65016953544637
0.600666,-0.612027,12.27069,-0.936271,50.05,70.0,12.29068036969357,-0.9344257628323495
-0.332788,0.835879,35.578875,0.354568,50.05,70.0,35.59846817032526,0.3468830968803786
0.620808,-0.087026,25.03801,-748.535862,50.05,70.0,25.05528293407787,-748.5180638696874
-0.650875,0.751496,21.17276,-42.451123,50.05,70.0,21.192368802769543,-42.43949503644504
0.390879,-0.499899,-17.680344,-3.225832,50.05,70.0,-17.672166942327834,-3.2077125559557897
0.205745,-0.036381,149.768199,42.607865,50.05,70.0,149.75708881228238,42.616181556733004
0.546564,0.108278,-345.723147,184.329196,50.05,70.0,-345.7414777268938,184.34396839800976
-0.179757,0.826221,-50.70363,185.081026,50.05,70.0,-50.68405324410243,185.06940625090232
0.303537,-0.453256,440.507462,602.830251,50.05,70.0,440.4878885352577,602.8110346507356
0.132707,0.414631,-804.625695,-449.679946,50.05,70.0,-804.6090782603364,-449.6862199020879
0.702536,-0.480832,30.167755,-0.8183,50.05,70.0,30.184022232125432,-0.7983179136058758
0.650737,0.939631,140.282899,-640.496918,50.05,70.0,140.30155190170711,-640.5102771833728
0.383166,-0.137413,622.256645,-75.79375,50.05,70.0,622.2382774454039,-75.78479408862691
0.501536,-0.691863,86.475417,-2.526795,50.05,70.0,86.47406594197153,-2.518857767775907
-0.134041,-0.834596,-101.647664,-186.652818,50.05,70.0,-101.64347383769169,-186.6375171613141
0.941904,0.5825,-30.055903,-123.86425,50.05,70.0,-30.047611108427127,-123.84686321325354
0.075846,0.738371,-930.509522,-437.89188,50.05,70.0,-930.5140947825574,-437.9116520919511
-0.195464,0.836682,218.370362,-161.78756,50.05,70.0,218.39035702360417,-161.78460361612792
0.109993,0.656955,-43.463937,-116.469013,50.05,70.0,-43.44567825816131,-116.48606566547215
-0.564173,-0.061727,200.973877,-16.245767,50.05,70.0,200.98262263670944,-16.22767421759427
0.559524,-0.080548,-223.94573,-28.65191,50.05,70.0,-223.92672702848822,-28.646978762286693
0.23629,-0.680434,-158.35267,105.146777,50.05,70.0,-158.37038318487112,105.16670979554632
-0.057377,-0.342766,-2.424884,2.102091,50.05,70.0,-2.4425763865990953,2.120169381977351
-0.873087,0.030797,241.716215,12.613346,50.05,70.0,241.72086946589326,12.601422960651124
-0.388379,0.515277,-11.745541,-0.28882,50.05,70.0,-11.765380695014072,-0.30024849477429316
0.254558,0.361055,-68.522477,-66.375285,50.05,70.0,-68.50436836023304,-66.39496620705108
0.250358,-0.225799,-157.242435,4.663079,50.05,70.0,-157.26183020442758,4.676810746808837
0.99609,-0.72084,-31.266855,88.450644,50.05,70.0,-31.253797949226996,88.46534090717508
0.839358,-0.908388,-3.006913,-3.690237,50.05,70.0,-2.9991546530878477,-3.7058711373459174
0.728191,0.711245,-197.383698,-160.223823,50.05,70.0,-197.38343824061153,-160.2058877380936
-0.112904,0.421585,877.538466,-358.516432,50.05,70.0,877.5193803792417,-358.5252784972722
-0.418841,0.533484,-95.364533,-10.869128,50.05,70.0,-95.34839878284404,-10.85382366460194
0.263342,-0.00543,-609.462523,-6.903916,50.05,70.0,-609.4632816017729,-6.883926405516846
0.733851,-0.15883,-88.072,-1014.262396,50.05,70.0,-88.0860860070156,-1014.2452113470234
0.541941,0.404343,-11.776648,65.111728,50.05,70.0,-11.79503948837865,65.09789493116025
-0.215505,0.008125,-112.715618,-82.017592,50.05,70.0,-112.73549686119105,-82.02422008072887
0.559038,-0.249023,-48.906176,-40.37952,50.05,70.0,-48.92101092297086,-40.362097885942894
0.668351,0.977527,-124.705347,-110.193742,50.05,70.0,-124.68677965319932,-110.19215553370117
-0.703868,0.09834,188.631295,24.51249,50.05,70.0,188.63048848854515,24.5280580544789
0.796632,-0.999681,-12.143662,-2.811892,50.05,70.0,-12.163601646691765,-2.822221799124949
0.360249,0.704948,35.125091,34.070841,50.05,70.0,35.1381003792058,34.08992552957121
0.06275,0.640754,105.740529,5.156341,50.05,70.0,105.75261622312148,5.168535556100172
-0.850165,-0.729121,-80.432068,3.421741,50.05,70.0,-80.45177951057947,3.441727693323391
-0.330533,0.729124,116.929827,53.472616,50.05,70.0,116.92338959031677,53.49164488911261
0.391172,0.425658,71.684881,65.820426,50.05,70.0,71.69873316285843,65.83963132036894
0.038864,-0.804436,-53.874879,339.545456,50.05,70.0,-53.85579336811197,339.559353169957
-0.158309,-0.699788,231.227015,217.655153,50.05,70.0,231.24620209541794,217.67514460306523
0.659995,0.543614,-18.181999,22.721386,50.05,70.0,-18.172242534333183,22.701769679762524
0.528557,-0.543057,79.837516,20.881042,50.05,70.0,79.82413912378144,20.861462055575114
0.845539,0.981108,-0.456978,0.445233,50.05,70.0,-0.4411215341295884,0.4321343442743528
-0.526038,0.883605,169.642977,-25.398961,50.05,70.0,169.62354880315033,-25.378963289569928
0.746786,-0.766507,1.039614,-0.599378,50.05,70.0,1.0367300360540355,-0.5900417853543046
-0.681358,0.412054,68.591039,25.607394,50.05,70.0,68.60493768985454,25.59005349651444
-0.61418,-0.518397,-109.626375,8.063599,50.05,70.0,-109.61639040671496,8.065118395710712
-0.70449,-0.366627,-46.875747,-3.547763,50.05,70.0,-46.857826442018165,-3.55424541787469
0.095519,-0.611412,-748.441843,-65.625188,50.05,70.0,-748.4615530271797,-65.64200045245033
0.005549,-0.74442,-38.293341,786.258309,50.05,70.0,-38.31167014961699,786.2385988186768
0.538425,-0.69146,22.223675,-8.094469,50.05,70.0,22.21647329080131,-8.102407500181446
0.624592,-0.483814,15.45548,-1.691582,50.05,70.0,15.439017777400007,-1.6976523088819628
0.541203,-0.005775,1080.436166,5.435603,50.05,70.0,1080.4539566316985,5.439816436390239
0.944592,-0.239173,-183.624188,-227.314099,50.05,70.0,-183.61151835204606,-227.29982297201332
0.21785,-0.602043,0.2453,-0.201245,50.05,70.0,0.2284036391754173,-0.1944943123201518
-0.534226,-0.729512,-26.213136,-8.353353,50.05,70.0,-26.19715082876842,-8.340628660706559
-0.908111,-0.626467,382.868953,21.751684,50.05,70.0,382.8875743134079,21.742877558517296
0.965397,-0.573915,98.705628,-289.214834,50.05,70.0,98.68945858163835,-289.2339519639044
0.207388,-0.425075,16.177434,-6.006804,50.05,70.0,16.19707826605494,-5.992787443636564
-0.241471,-0.404704,43.853674,13.954081,50.05,70.0,43.865862999008556,13.970085623101976
0.147267,-0.884464,-30.998319,41.832278,50.05,70.0,-30.978918577162062,41.82238831513645
0.809556,0.200035,-166.97682,45.321909,50.05,70.0,-166.96875850861954,45.336133657112036
-0.008017,-0.73432,-1613.774043,-983.363884,50.05,70.0,-1613.7695435048013,-983.3577730048501
0.284329,0.712519,414.935321,-469.260045,50.05,70.0,414.9262724188441,-469.25327461679535
-0.699269,-0.61473,0.540157,-0.626246,50.05,70.0,0.5399497506374819,-0.6443341471326535
0.235953,-0.344362,-161.579005,28.320822,50.05,70.0,-161.58361206322346,28.303325414319797
0.308419,-0.403228,54.240222,-61.450696,50.05,70.0,54.251884986406466,-61.440299355624965
0.943741,-0.553383,124.897241,-20.351991,50.05,70.0,124.87839798460595,-20.367406583701676
-0.713606,0.420611,-166.569019,-89.757033,50.05,70.0,-166.5779442487311,-89.77599848359972
-0.78331,0.910744,20.513478,-5.664397,50.05,70.0,20.514430661734746,-5.6733766942105195
0.870952,0.087726,-148.356516,14.178433,50.05,70.0,-148.33694021371863,14.197103213337433
0.406457,-0.679891,11.566431,-13.772823,50.05,70.0,11.571396970540295,-13.76715554707492
-0.927886,-0.986746,-0.573442,-1.132663,50.05,70.0,-0.5618234079708297,-1.1519148530549244
-0.242325,-0.755713,59.15352,4.007398,50.05,70.0,59.17206824524114,4.025337739679921
0.725131,-0.718035,-45.973035,-14.294264,50.05,70.0,-45.98717590335401,-14.311531138786176
-0.012449,0.768741,701.073649,1610.054825,50.05,70.0,701.0936164620025,1610.0707568809344
0.224952,0.776088,-136.979773,-135.643243,50.05,70.0,-136.97258176528453,-135.62325302684533
-0.29651,0.554843,109.730172,-14.343337,50.05,70.0,109.71989020594866,-14.35190898701667
-0.76054,-0.403169,57.603673,-8.928184,50.05,70.0,57.59143243334177,-8.917515625471484
-0.060683,0.105571,143.697714,-198.310498,50.05,70.0,143.7162872349036,-198.32235589239238
0.32822,0.386593,-3.333955,-0.344784,50.05,70.0,-3.3537209891784774,-0.35622469780022287
-0.528573,0.270918,-6.800576,0.139811,50.05,70.0,-6.7877061075234595,0.1228091897674804
-0.677509,-0.889371,-76.169846,82.734118,50.05,70.0,-76.18688439396807,82.71903606913979
0.343651,-0.265984,54.358299,-36.791506,50.05,70.0,54.33860224385598,-36.79238033055595
-0.395613,0.931112,587.238388,-1680.951563,50.05,70.0,587.2551899901948,-1680.9588624864025
-0.802577,-0.906677,-0.207211,0.096954,50.05,70.0,-0.1978909025623808,0.10714636987860791
-0.527198,-0.615841,-63.172676,-17.470685,50.05,70.0,-63.16119949033799,-17.473343474736104
-0.441599,0.039612,270.4536,20.932507,50.05,70.0,270.43687972809397,20.93623776515522
-0.236946,-0.356562,86.149831,33.664745,50.05,70.0,86.13044543995765,33.64596414806378
-0.740671,-0.461963,52.416106,12.068613,50.05,70.0,52.40395766590325,12.06381123857742
-0.219756,0.562452,82.098515,-76.4363,50.05,70.0,82.11627340231333,-76.44614606156617
-0.862875,-0.33849,-192.487236,34.714488,50.05,70.0,-192.50137029714244,34.723402219372154
0.998043,0.109949,349.999632,-330.750673,50.05,70.0,349.9804969291608,-330.7705014995282
-0.082387,-0.675944,900.487912,-164.312429,50.05,70.0,900.5078992806514,-164.3296110033274
-0.585304,0.798861,-65.022699,17.532464,50.05,70.0,-65.02865284325553,17.531637342628006
0.464069,-0.400124,11.187885,-27.275443,50.05,70.0,11.207094651904331,-27.259041368433607
-0.891239,0.950549,-0.846454,0.969937,50.05,70.0,-0.8662657939522564,0.9606993058546037
-0.115633,0.55842,46.675123,-104.169419,50.05,70.0,46.68734240317151,-104.15695171745145
-0.643459,-0.614215,-44.513718,-11.402126,50.05,70.0,-44.52263211034144,-11.419824266864984
0.88096,0.296421,901.183445,-452.703731,50.05,70.0,901.1634450131811,-452.69088590086324
-0.052684,0.532494,24.936574,-132.375266,50.05,70.0,24.919747607657005,-132.3641394412585
-0.365814,-0.236165,39.975017,-7.374733,50.05,70.0,39.989714018347726,-7.367241256408079
0.769464,0.386864,38.986042,29.471448,50.05,70.0,38.99190681243776,29.49121902036099
0.026577,0.6836,-279.757342,-931.57897,50.05,70.0,-279.7750472235885,-931.593216666117
-0.734253,-0.587688,-7.113587,110.576474,50.05,70.0,-7.114345558650256,110.56584382892356
0.727773,-0.326602,149.237982,-19.606544,50.05,70.0,149.24997954593763,-19.605311685632923
0.794184,-0.153188,-129.872369,-21.122564,50.05,70.0,-129.8537185944503,-21.134232866870775
-0.632673,0.660775,-179.353728,-16.424685,50.05,70.0,-179.3622832516729,-16.427793597457537
-0.347045,-0.782472,-382.023391,-151.188453,50.05,70.0,-382.04189501686477,-151.16846119141061
0.994937,-0.093186,817.640612,-1063.969741,50.05,70.0,817.6587201829199,-1063.980697775399
-0.175348,0.928164,81.712475,-157.708335,50.05,70.0,81.71251337895568,-157.68857578947222
-0.349254,0.082564,72.351007,5.058718,50.05,70.0,72.35421012158585,5.040903692781682
-0.34221,0.482586,-155.705471,199.570552,50.05,70.0,-155.72391478677656,199.58719721501004
0.828895,-0.763806,58.488637,-0.947727,50.05,70.0,58.508630111859965,-0.9669751334300518
0.717578,0.34123,70.505518,28.497727,50.05,70.0,70.48754251479082,28.51341320528829
-0.951772,-0.42724,75.299537,-42.960699,50.05,70.0,75.2810817033823,-42.9430847640057
-0.627796,0.636812,43.394267,-17.055534,50.05,70.0,43.40305028768272,-17.075129581947106
0.905739,0.756798,-0.353468,-19.954555,50.05,70.0,-0.33971583395297783,-19.958460614409912
-0.499552,0.026795,46.168516,-332.699021,50.05,70.0,46.18851125000082,-332.7003097073392
0.350458,0.139475,-108.057188,177.159421,50.05,70.0,-108.059820802306,177.17937478268348
0.151499,0.239482,-315.250079,-73.018829,50.05,70.0,-315.26248926747337,-73.00531845969947
0.976073,0.865917,0.891677,0.879472,50.05,70.0,0.8726612520017147,0.8744463705590089
-0.527332,-0.862338,-60.356813,-22.734145,50.05,70.0,-60.36766265084466,-22.71450934900793
0.688616,-0.423281,-173.188583,-250.760678,50.05,70.0,-173.1825214343091,-250.75226541255793
-0.088114,-0.929923,947.33884,136.151735,50.05,70.0,947.3553029366,136.16526905129476
0.776567,-0.242691,82.102139,163.574043,50.05,70.0,82.11954809182211,163.56388313044806
-0.905815,-0.036472,173.616508,-7.516902,50.05,70.0,173.61879502304598,-7.5061459445331336
-0.981112,0.458183,140.509587,-267.172786,50.05,70.0,140.52227221919455,-267.16496123106947
0.683772,0.15507,-263.116462,124.82201,50.05,70.0,-263.0989479571295,124.80730840268865
0.269863,-0.41059,-113.687589,-1.993472,50.05,70.0,-113.67726202174393,-2.0131108549481747
-0.788199,0.737357,1.206367,0.779079,50.05,70.0,1.1926786807928436,0.7984505493429314
0.761302,-0.795348,6.600133,-2.891184,50.05,70.0,6.581140461479882,-2.8914628337125072
0.579219,0.941469,0.157158,-0.995122,50.05,70.0,0.17646913809876197,-0.9809854068681657
-0.728534,-0.475099,-79.862676,223.871453,50.05,70.0,-79.8464044293717,223.85253937800664
-0.995779,-0.050801,116.745945,-5.822336,50.05,70.0,116.76080238263945,-5.805903137081112
0.190784,0.510248,41.583088,174.037477,50.05,70.0,41.583763472407725,174.05431151248428
-0.259461,-0.754895,-315.725208,157.359718,50.05,70.0,-315.70549755702535,157.3602033209353
0.483575,-0.547991,177.549048,161.292068,50.05,70.0,177.56506809855344,161.2872107548783
-0.080243,-0.645343,966.084298,-90.936694,50.05,70.0,966.0693059043235,-90.93227506498549
-0.282366,0.267285,75.713612,0.33994,50.05,70.0,75.7334460683835,0.3398170959249634
0.25701,-0.427492,-115.907503,48.057044,50.05,70.0,-115.88752472844337,48.058768447888895
-0.850936,0.320179,129.620755,78.832203,50.05,70.0,129.60087339458786,78.8440682886301
-0.748539,-0.688989,7.400118,-0.087208,50.05,70.0,7.391670933637162,-0.07189212787596629
0.168071,0.774016,-156.191178,-502.580272,50.05,70.0,-156.18389420101073,-502.5856088566075
0.88737,0.022794,574.150198,-365.44966,50.05,70.0,574.1685230581153,-365.43391790566983
-0.906276,0.214061,12.149469,-0.546444,50.05,70.0,12.141508322057456,-0.5562722656338103
-0.278948,-0.286116,213.050581,261.837795,50.05,70.0,213.06567453832764,261.8184316601204
-0.751955,-0.111467,-64.408371,-102.246618,50.05,70.0,-64.42335048346176,-102.24719008209975
0.5765,-0.766406,29.157592,-9.296028,50.05,70.0,29.14558802125028,-9.29019218763448
-0.980359,-0.901996,2.511607,-1.215038,50.05,70.0,2.5157369766145594,-1.1950386948206444
0.157757,-0.581425,-69.624916,116.21023,50.05,70.0,-69.62205601967301,116.19363575727891
-0.007577,0.660848,6.345047,-248.040152,50.05,70.0,6.331734392799184,-248.02110111397693
0.866496,-0.796118,1.172494,-0.797423,50.05,70.0,1.187460354155432,-0.7791670593447994
-0.355014,-0.72103,-33.626057,-7.131847,50.05,70.0,-33.60821731334373,-7.130745996203787
-0.353049,0.301678,75.466293,13.301561,50.05,70.0,75.4561072052227,13.320413780651007
0.294847,-0.512168,4.131929,-6.672921,50.05,70.0,4.113340037781505,-6.677661311797416
-0.000113,0.093645,4.556709,1814.621089,50.05,70.0,4.560404863971563,1814.60704618024
-0.105974,0.900014,479.529174,211.151696,50.05,70.0,479.5328204571961,211.13531078065427
0.542216,-0.976456,39.693265,-15.38603,50.05,70.0,39.67328010687687,-15.40312229535797
0.702435,-0.174662,-22.167198,-170.874169,50.05,70.0,-22.164360471146807,-170.8869082131279
0.4534,0.30217,-55.797605,14.446234,50.05,70.0,-55.79709583436516,14.429883787780371
0.569714,-0.819537,71.143432,-144.520105,50.05,70.0,71.14274784001591,-144.53517811069173
0.040675,-0.369971,-203.786559,550.967229,50.05,70.0,-203.77987771635267,550.9770626534967
-0.109254,-0.238526,-95.480311,-144.542912,50.05,70.0,-95.48326514466126,-144.52305709504276
-0.902793,0.761877,85.186363,-99.224838,50.05,70.0,85.19126163440788,-99.21996727070035
0.868105,0.232373,-39.980911,6.775638,50.05,70.0,-39.96834557442741,6.7836728982972785
-0.499057,0.348856,28.660287,7.138312,50.05,70.0,28.642164422951094,7.1453381876315945
-0.784049,0.480356,0.015115,2.016635,50.05,70.0,0.002878005234720706,2.0365779113737026
-0.651822,0.822643,-101.156264,54.475448,50.05,70.0,-101.14009727151021,54.455450279219626
0.161427,-0.900056,-154.870588,224.653422,50.05,70.0,-154.8903701364244,224.65441457429213
0.765244,-0.539341,52.364555,-16.842746,50.05,70.0,52.35310959369908,-16.85233822404363
-0.706185,-0.858212,6.014903,-0.70975,50.05,70.0,6.022823013283606,-0.7052024305599854
0.039295,0.43735,-46.373714,106.920433,50.05,70.0,-46.36357894500886,106.93683413253997
0.546287,-0.561529,17.624234,-2.801065,50.05,70.0,17.60440757133343,-2.7813096590459936
0.378965,-0.735005,4.210235,308.3355,50.05,70.0,4.22518768892491,308.32370381271113
0.777421,0.122594,152.814529,-410.530718,50.05,70.0,152.83312292423443,-410.5464485554402
0.441246,0.021207,-344.611618,22.070023,50.05,70.0,-344.6193025717187,22.072128700088456
0.418734,-0.343081,-33.666023,-7.849547,50.05,70.0,-33.68601808370681,-7.844503871711495
-0.167641,0.454043,258.086226,18.26681,50.05,70.0,258.0817080735164,18.252360910192447
-0.900055,0.78373,89.006098,-439.19078,50.05,70.0,89.00571072702016,-439.18127708763535
0.152914,0.033586,349.396882,445.295453,50.05,70.0,349.4126956918176,445.3147864712691
0.4734,0.43551,-25.331078,-13.757468,50.05,70.0,-25.324640705178656,-13.74652237328649
-0.381052,-0.33433,24.751078,-4.879753,50.05,70.0,24.764474546786513,-4.886375957291227
0.916932,0.877076,-25.798982,9.249059,50.05,70.0,-25.783585144081687,9.229417448226
-0.990384,0.609328,-73.167824,-37.342128,50.05,70.0,-73.1482807370432,-37.33901225975653
0.984065,-0.818607,0.524093,-0.050349,50.05,70.0,0.5191111133220636,-0.06769416638729499
-0.319468,0.695116,139.946124,-282.951946,50.05,70.0,139.928845258461,-282.96522747940315
0.808775,-0.912796,7.911759,-3.833308,50.05,70.0,7.9055249537040035,-3.8390057071988815
0.637159,0.727713,27.063595,7.464707,50.05,70.0,27.056258815500033,7.445231353336582
0.665095,0.254786,98.101422,-182.940867,50.05,70.0,98.11102582629339,-182.92259427741467
0.190732,-0.363769,-219.922417,0.880045,50.05,70.0,-219.94145042399393,0.9000151343863042
0.126511,0.265144,-126.091945,-151.210184,50.05,70.0,-126.10951687436292,-151.2209833408981
0.271443,0.138004,-65.755714,4.575596,50.05,70.0,-65.7712154702145,4.566322515041686
-0.566335,-0.399904,-2.156836,-1.606127,50.05,70.0,-2.176524746572465,-1.6103234670623843
0.821513,-0.838133,37.013219,202.946471,50.05,70.0,37.01326044216041,202.92729399327695
-0.506837,-0.405497,-22.654372,-7.594613,50.05,70.0,-22.659782785603856,-7.574916815578526
0.806297,-0.565813,107.035822,111.590813,50.05,70.0,107.01684592218129,111.59973561715196
0.376446,0.929456,-42.675947,0.199632,50.05,70.0,-42.659137491906314,0.21901732678820185
-0.63072,-0.5046,-37.160957,-11.319755,50.05,70.0,-37.16195872540701,-11.33775681616809
-0.815274,-0.30342,221.273627,743.616365,50.05,70.0,221.25362747878964,743.6336461533448
0.420007,-0.949623,29.847743,0.457345,50.05,70.0,29.86283268122725,0.4576062716578111
-0.308374,-0.841684,78.667488,46.050662,50.05,70.0,78.65161182532478,46.03460049816912
-0.17794,-0.645131,40.724931,34.406215,50.05,70.0,40.73865891076672,34.38947334480796
-0.721666,0.962454,-98.518744,66.91002,50.05,70.0,-98.4987527122588,66.89393431858153
-0.034393,-0.046171,139.669673,21.142835,50.05,70.0,139.65184907758785,21.1550340464465
-0.003068,0.429509,-306.178033,-594.58607,50.05,70.0,-306.19468405001055,-594.5979537261201
0.764144,0.960327,0.829385,1.239857,50.05,70.0,0.8277089618176506,1.2291408473818144
0.219464,0.523339,-115.629699,-101.800492,50.05,70.0,-115.63098711017423,-101.78058303166047
-0.240451,0.734262,138.256859,-6.920523,50.05,70.0,138.25776061054702,-6.900702054312223
0.749522,-0.789389,-120.655238,-74.192803,50.05,70.0,-120.66030384305792,-74.17288466688386
0.733455,-0.826756,-0.481017,0.150786,50.05,70.0,-0.4673268194807703,0.13596962204889596
0.714123,0.270728,-91.816278,26.355766,50.05,70.0,-91.81962342855564,26.374117472346477
0.127799,-0.08834,-20.54996,-156.108219,50.05,70.0,-20.56975104353663,-156.1202914786021
-0.726448,0.584765,-75.91531,-1.556916,50.05,70.0,-75.93526185346184,-1.5739017608379537
0.149144,0.66709,-393.55798,-102.259824,50.05,70.0,-393.5720524475614,-102.25170720480068
-0.226737,-0.768644,185.658698,31.876435,50.05,70.0,185.6735781783383,31.875492566404812
-0.602875,-0.517193,-0.486722,-0.622365,50.05,70.0,-0.4873172651506554,-0.6375585061293914
-0.455622,0.3542,23.478446,4.485452,50.05,70.0,23.46999763882395,4.477342571199186
-0.967368,-0.553791,36.462935,-13.228836,50.05,70.0,36.46633311986537,-13.208940563893178
0.43375,0.037918,-743.060128,296.967573,50.05,70.0,-743.0419934335639,296.9603905569306
-0.713739,0.193634,114.182258,23.082131,50.05,70.0,114.19699329768832,23.095201365603227
0.40215,0.927524,99.196015,-115.248346,50.05,70.0,99.21543927555074,-115.22985973575514
0.893213,0.235855,-143.775707,41.419495,50.05,70.0,-143.78060933543682,41.402404728514156
0.007906,0.868654,-2.09997,-73.086548,50.05,70.0,-2.1168852451944145,-73.09606137754018
-0.525342,0.579566,72.120377,21.880356,50.05,70.0,72.13089823129033,21.86482053155586
0.763521,0.495141,0.815904,0.414409,50.05,70.0,0.8334436646413089,0.4025797890960835
-0.164708,-0.24534,128.78659,93.827511,50.05,70.0,128.76933938878787,93.80759844098256
0.562645,0.367412,26.446654,9.612057,50.05,70.0,26.430545464241554,9.631242463030462
-0.905661,0.561147,-65.077531,16.189211,50.05,70.0,-65.09094799433517,16.193825356629315
-0.8,0.398252,5.38973,0.271009,50.05,70.0,5.409266316496696,0.26615569180302956
-0.585542,0.797771,-94.129129,-50.309783,50.05,70.0,-94.13352291739474,-50.29320047156258
0.137561,-0.020201,-486.112691,-55.003,50.05,70.0,-486.09284865360064,-54.99269091867521
0.484518,-0.709767,-34.209354,-9.552497,50.05,70.0,-34.197432638694956,-9.54911276914704
0.941622,-0.154817,-323.77496,-190.933315,50.05,70.0,-323.7675863423042,-190.94487397566016
-0.010393,-0.674364,-1293.164027,1121.885553,50.05,70.0,-1293.1838969940286,1121.903794711676
-0.037618,-0.237658,69.423547,280.732544,50.05,70.0,69.43531690077008,280.73310898925985
-0.323409,0.456671,-98.463715,74.828796,50.05,70.0,-98.46951935212135,74.81654433518217
-0.735023,0.465228,-88.535934,-23.400514,50.05,70.0,-88.52210286818018,-23.419707828121318
-0.919775,-0.655056,676.230374,-182.355632,50.05,70.0,676.2172421742525,-182.34167170177383
0.467444,0.333633,-39.585001,11.502847,50.05,70.0,-39.56855356444913,11.482847217885398
-0.625024,-0.777382,22.751045,-43.422745,50.05,70.0,22.75778694357407,-43.40691931055736
0.540487,-0.033683,-591.276372,-90.211756,50.05,70.0,-591.2569463544818,-90.23155136491879
-0.115889,0.255043,488.810896,-93.368349,50.05,70.0,488.79188153492487,-93.34845832126102
0.514504,-0.734256,10.745091,-0.951603,50.05,70.0,10.765070186274436,-0.9705978760971147
-0.645979,-0.965674,35.170564,-11.090845,50.05,70.0,35.18833745742274,-11.070903293292634
-0.075042,0.768001,794.288172,-541.990719,50.05,70.0,794.2692507078017,-541.972867262196
-0.203572,0.559307,180.508193,-127.587613,50.05,70.0,180.51206354937528,-127.59998442317664
0.272474,-0.531456,-130.906592,39.219485,50.05,70.0,-130.88722426432457,39.22888177803087
-0.182103,-0.597752,238.323316,144.72083,50.05,70.0,238.3405421723013,144.70924461323293
-0.416659,-0.788487,-19.23256,-30.928569,50.05,70.0,-19.219602294335314,-30.935318327252222
-0.101734,0.157666,148.887899,-151.371002,50.05,70.0,148.882587129317,-151.3908630064735
-0.099694,0.45075,64.118738,-160.789771,50.05,70.0,64.12462670117611,-160.76999929770204
-0.238026,-0.507196,167.159181,41.386869,50.05,70.0,167.15119468963366,41.406694330025786
-0.443573,0.876593,-84.048884,36.74578,50.05,70.0,-84.028913445356,36.76069687685711
0.905692,-0.034933,-178.920112,-7.601755,50.05,70.0,-178.92620675664344,-7.616343076542699
0.874724,-0.518808,-52.184834,-46.56293,50.05,70.0,-52.191443251337944,-46.582634957931354
0.385812,0.340204,113.898836,-29.084235,50.05,70.0,113.88307157812417,-29.0971939495768
-0.197709,-0.887983,261.969046,66.424285,50.05,70.0,261.95353739393994,66.40467933545037
-0.336414,-0.11709,65.847696,-6.302884,50.05,70.0,65.84572931411147,-6.319059282306922
0.069929,-0.699501,90.155308,-5.200996,50.05,70.0,90.13999258720939,-5.20183586876235
-0.510415,-0.539625,-133.032547,5.973687,50.05,70.0,-133.052541569113,5.986812765173773
0.528041,0.784152,-9.603672,4.586422,50.05,70.0,-9.619834495279314,4.5739033582728945
-0.754391,0.943317,27.013189,14.540161,50.05,70.0,27.004594757045496,14.520166079897194
0.330271,0.869467,24.444494,-174.778842,50.05,70.0,24.434358282717994,-174.7979508356864
-0.875543,0.742035,0.898178,0.921199,50.05,70.0,0.8782910900516248,0.9168051554301513
-0.617356,0.099926,-58.666321,538.886327,50.05,70.0,-58.683717640909485,538.8784042180206
-0.546817,-0.345568,46.310826,-15.604183,50.05,70.0,46.300907472005726,-15.592125974903666
0.042803,-0.614922,-530.970766,-765.754341,50.05,70.0,-530.9855211138695,-765.7739097617775
-0.988762,-0.122286,49.06495,-4.370785,50.05,70.0,49.062214133599596,-4.351566784653223
0.736304,-0.934385,-102.599658,255.710705,50.05,70.0,-102.59816568799805,255.69856772220825
-0.206625,-0.744844,229.178655,52.039765,50.05,70.0,229.18916606440465,52.02566032537824
-0.600914,0.433591,-49.921836,-22.026355,50.05,70.0,-49.91833351190156,-22.029293047916315
-0.64,-0.472556,66.709462,46.7327,50.05,70.0,66.72799682153656,46.749869694105726
-0.25704,-0.07889,51.834629,-62.06841,50.05,70.0,51.822121333080666,-62.06824502344782
0.092967,0.504264,51.247457,5.812643,50.05,70.0,51.23326569384268,5.816567051894114
-0.832297,-0.416806,51.166155,-22.657302,50.05,70.0,51.162394036849754,-22.66145214921499
0.734655,-0.654774,-16.58855,-6.246406,50.05,70.0,-16.584892764262175,-6.240315202514164
-0.792281,0.141156,236.703611,65.991675,50.05,70.0,236.7017905955343,65.97866229105217
0.406523,0.434521,198.454923,41.295741,50.05,70.0,198.43968281644013,41.3135844551747
-0.999157,-0.833708,0.766497,-0.722746,50.05,70.0,0.7755928167952002,-0.7381595539267657
-0.13274,-0.963244,45.005789,122.164043,50.05,70.0,45.02530888440504,122.17192466686377
0.761591,0.058957,390.374388,309.681974,50.05,70.0,390.3820898531263,309.67022516172955
0.892315,-0.857439,-0.899508,-0.636489,50.05,70.0,-0.8986911803163702,-0.6407529976653844
-0.984209,0.403905,-174.136785,-177.958999,50.05,70.0,-174.12353316234197,-177.97689547618464
0.439541,-0.627594,22.34484,52.988873,50.05,70.0,22.362194254279178,52.992800524304236
0.031422,0.105968,-256.691098,-534.764192,50.05,70.0,-256.6847002301176,-534.7664847683238
-0.990753,0.408668,92.051772,64.974393,50.05,70.0,92.03256685912575,64.97408228751816
0.488351,-0.292065,48.438196,-13.579538,50.05,70.0,48.456959696753096,-13.598712312447148
-0.728688,0.933793,-34.562602,9.880634,50.05,70.0,-34.57778898538321,9.860640458393057
0.26255,0.672759,-133.765358,-81.045337,50.05,70.0,-133.76613315206436,-81.06424194322676
-0.942992,-0.870111,-0.430453,-0.259816,50.05,70.0,-0.44971923357503557,-0.27080103671174505
0.046885,-0.004163,-157.184027,10.644463,50.05,70.0,-157.1803527853466,10.661799756869293
0.026303,0.073743,-24.711842,-246.585486,50.05,70.0,-24.731624283033103,-246.5956604420397
-0.596074,-0.212146,97.44788,-20.622308,50.05,70.0,97.43723903874307,-20.641458296865828
0.461668,-0.753714,326.397124,71.896389,50.05,70.0,326.4165954393264,71.89495496082698
0.33009,-0.184852,-149.226069,-79.674621,50.05,70.0,-149.23751260797675,-79.67457920458195
-0.812744,0.208995,28.406374,2.976282,50.05,70.0,28.42108601753018,2.9604846153711892
0.58216,0.357853,-35.379721,10.294101,50.05,70.0,-35.36104405440386,10.305416616780319
0.441127,0.022508,-345.286771,23.590775,50.05,70.0,-345.3065635659304,23.59334173845537
0.298398,-0.830263,227.430355,35.066927,50.05,70.0,227.41915221971948,35.0868173420456
-0.238332,0.356953,74.694282,-23.804498,50.05,70.0,74.70129061235058,-23.823085237669144
-0.697059,0.529641,1223.266456,-394.687302,50.05,70.0,1223.256582274212,-394.70609892398727
-0.318479,-0.682537,102.69722,28.521125,50.05,70.0,102.67834392936042,28.517853786495728
0.601635,-0.325039,-73.804195,-29.076841,50.05,70.0,-73.8194937325316,-29.079159014671507
-0.93415,-0.26442,135.248922,-197.803009,50.05,70.0,135.23785066679073,-197.81691168810286
-0.108654,-0.155282,133.250743,124.662322,50.05,70.0,133.2698817635993,124.68176728144468
0.174242,0.479623,-161.284979,293.602946,50.05,70.0,-161.3005325222244,293.5915480788686
-0.97873,0.492504,0.008039,1.579414,50.05,70.0,0.028020436799446928,1.5993978457948714
-0.490086,-0.873041,10.93657,22.705295,50.05,70.0,10.944891769131562,22.699479792763796
0.793493,0.232151,-192.104835,100.411895,50.05,70.0,-192.11605096439465,100.42578348315868
-0.234865,0.627214,55.786293,-32.556358,50.05,70.0,55.7972706703906,-32.57203094065172
-0.406125,0.260984,-671.823369,-14.007931,50.05,70.0,-671.8393367994756,-14.022506044446816
0.36614,-0.279522,-73.287037,-20.558238,50.05,70.0,-73.30246919011408,-20.566750290043718
0.072501,0.531453,-29.007712,-100.862967,50.05,70.0,-29.027632461221813,-100.84566350851222
0.136068,0.892482,18.655425,-114.102293,50.05,70.0,18.67445698374098,-114.09099781132909
-0.053846,-0.991589,41.685123,258.467455,50.05,70.0,41.666927892948074,258.4768727489433
0.364843,-0.0756,-27.267552,256.293573,50.05,70.0,-27.27349941544923,256.28725281112855
-0.616739,0.466985,-0.779458,0.654431,50.05,70.0,-0.7820618344672882,0.6398751303489587
0.616567,0.643582,-27.367427,19.161648,50.05,70.0,-27.347428068305906,19.165186367882175
0.684353,-0.083694,-36.068981,-0.990655,50.05,70.0,-36.0495584603115,-0.9965017954436063
-0.643858,0.681779,8.633876,8.930598,50.05,70.0,8.646306578171671,8.94434565295397
0.663939,0.822271,86.365883,64.410041,50.05,70.0,86.3858693426118,64.4072585573974
-0.086489,0.379065,29.675632,-51.141315,50.05,70.0,29.694531839444984,-51.1563074434921
0.946851,-0.278058,153.087,-14.344834,50.05,70.0,153.07684689591133,-14.33600545162128
0.683913,0.519996,38.69913,25.481209,50.05,70.0,38.718836452513614,25.486883984797256
-0.430543,-0.127961,-52.500465,153.111577,50.05,70.0,-52.51719344351162,153.11514457296303
-0.643235,-0.855445,98.858631,-7.559177,50.05,70.0,98.85669855639685,-7.568900162131049
0.534472,0.864512,92.442116,8.044271,50.05,70.0,92.45372611213985,8.025822324182368
-0.153826,0.653606,5.328647,151.206653,50.05,70.0,5.346384757063069,151.20785832029614
-0.837396,-0.118336,65.692679,-7.149484,50.05,70.0,65.7112456419586,-7.152807761131128
-0.872965,0.071695,151.76449,11.93264,50.05,70.0,151.7650311423151,11.935189527110198
0.983711,-0.773644,66.915487,152.290464,50.05,70.0,66.93403123100823,152.2905076521116
-0.63324,-0.860911,-56.45076,57.883118,50.05,70.0,-56.44317351472338,57.90076899613141
0.675296,-0.30714,-83.011657,-16.764729,50.05,70.0,-83.02847946411076,-16.746068419555957
-0.093963,0.761503,256.997259,213.761242,50.05,70.0,257.0095955830629,213.74129807340182
0.575218,-0.304636,-84.889466,-32.735267,50.05,70.0,-84.89563412225415,-32.754172748849115
-0.025632,-0.793519,42.017784,-167.164598,50.05,70.0,42.01461058610881,-167.1830364042895
-0.674498,-0.280921,58.800064,-16.137017,50.05,70.0,58.81685358298001,-16.131848201984173
0.559975,-0.499332,-20.255716,2.222443,50.05,70.0,-20.275580103620044,2.2371092487378776
-0.265243,0.060648,68.207494,-143.058034,50.05,70.0,68.22424687429543,-143.0615096059643
-0.682186,0.493701,-61.76929,9.881873,50.05,70.0,-61.784396074822304,9.893172886549968
-0.364311,-0.978546,87.56973,14.654719,50.05,70.0,87.55271969717657,14.646865743642673
-0.429902,0.640497,-125.090695,-84.708494,50.05,70.0,-125.10153034500635,-84.72773413421847
0.830227,-0.38053,3.560489,-1.721631,50.05,70.0,3.5459122444561717,-1.7116294995678372
0.423988,-0.038188,399.535594,-312.510492,50.05,70.0,399.5540930542849,-312.49188153758814
0.169827,0.281948,-279.154934,-43.921151,50.05,70.0,-279.1489141976029,-43.90883714947327
0.703837,-0.607617,-19.027469,4.807835,50.05,70.0,-19.045234412030034,4.820429993769606
-0.223582,0.250155,174.824458,-26.053567,50.05,70.0,174.84434091188115,-26.03906383722781
0.358366,-0.934621,-66.413108,19.251156,50.05,70.0,-66.39498921951646,19.26289870060123
-0.174923,0.07198,162.510863,-21.411619,50.05,70.0,162.50603235040728,-21.420365357128006
-0.234691,-0.4466,62.95632,25.524473,50.05,70.0,62.9748343917573,25.54072339462667
-0.005591,0.023689,155.824755,-671.73166,50.05,70.0,155.83058421077172,-671.7116607738512
0.146665,0.997339,-153.669918,53.801911,50.05,70.0,-153.68831276554585,53.797347823727364
0.284759,-0.051079,-625.334256,-401.166577,50.05,70.0,-625.3542012290219,-401.18070227502557
-0.492672,-0.332932,-471.443689,112.953159,50.05,70.0,-471.4568899598695,112.96355883887719
0.403631,-0.16684,-142.492793,-19.50601,50.05,70.0,-142.48998871619474,-19.521592000810173
-0.086637,-0.104273,-18.45386,-35.270023,50.05,70.0,-18.462032123252413,-35.27795267097704
-0.519478,-0.869211,-110.674516,-4.106114,50.05,70.0,-110.69439464339969,-4.08812487771297
-0.837547,-0.655504,-175.516534,-0.815091,50.05,70.0,-175.5004555400417,-0.8245471939445871
0.943799,0.427136,-18.465485,9.662057,50.05,70.0,-18.48402546354647,9.655207343297077
0.866644,-0.322203,239.72751,79.445197,50.05,70.0,239.74716693591432,79.4475903040624
0.739818,0.121316,439.570808,143.952087,50.05,70.0,439.56421906925743,143.9581877692036
0.953652,0.025424,596.07482,1601.856382,50.05,70.0,596.0552533996978,1601.845531028615
-0.706355,0.291018,36.628875,8.376615,50.05,70.0,36.611602964002415,8.38853957342601
-0.863111,-0.31247,68.408506,-21.482014,50.05,70.0,68.39728059539951,-21.500504040361413
0.318433,-0.093291,-73.79392,-370.472401,50.05,70.0,-73.77544575291027,-370.4757360828545
0.057427,-0.83055,-94.047202,362.99732,50.05,70.0,-94.06227967902025,363.00807739710814
0.946573,-0.951825,-0.562261,-0.075582,50.05,70.0,-0.5696405750325817,-0.09450098184498731
0.684514,0.622477,0.308966,0.441705,50.05,70.0,0.32503500227501125,0.4422242681785349
-0.033625,0.867667,9.87553,-90.189916,50.05,70.0,9.895358545890945,-90.17729410234443
0.871955,0.946555,1.201237,0.735805,50.05,70.0,1.190998359990204,0.7550426019052362
0.745123,-0.721719,35.439446,1.094844,50.05,70.0,35.424974532645756,1.1008070192992658
0.073191,0.115967,-157.661075,482.488453,50.05,70.0,-157.66700246326195,482.46899983454074
-0.945301,0.334342,86.597778,30.904842,50.05,70.0,86.58671451148562,30.92188311499754
-0.715074,-0.254444,159.55199,-83.211157,50.05,70.0,159.53240976452022,-83.19157408837319
-0.437146,0.894874,-0.552694,-0.670265,50.05,70.0,-0.548530037622058,-0.6888521868974627
0.148522,0.21394,-8.529702,61.078043,50.05,70.0,-8.541896722102496,61.08273892934452
-0.30579,0.583662,89.520275,1.039259,50.05,70.0,89.50257131115158,1.0407691241203378
-0.395876,0.511968,-228.35229,-81.144581,50.05,70.0,-228.34345671714325,-81.14870088383095
0.648424,0.059356,140.212697,1.373713,50.05,70.0,140.22374731794022,1.3560505851978157
-0.406888,-0.570911,15.916899,-36.237271,50.05,70.0,15.934003853196565,-36.24731459670072
0.691759,0.391156,-381.113649,-427.567446,50.05,70.0,-381.1336462541594,-427.57126835179935
0.158403,0.286475,-315.746034,-23.620653,50.05,70.0,-315.72688949078594,-23.62224853414138
0.785022,-0.143014,-298.823157,-387.181221,50.05,70.0,-298.83581093089606,-387.1755311268734
0.364589,-0.358299,136.200249,-10.549774,50.05,70.0,136.18801504166456,-10.564752462519907
0.06406,0.656205,-72.010569,-283.647765,50.05,70.0,-71.99092989082551,-283.6544439077212
0.843277,0.952529,1.671486,0.798212,50.05,70.0,1.6564674248762303,0.788563021839576
-0.847835,0.443689,38.534291,16.314543,50.05,70.0,38.5321213981141,16.304320499598955
-0.921034,0.178356,81.99362,-18.254292,50.05,70.0,81.99691043324697,-18.254097177211886
-0.37442,-0.88356,29.900728,-2.391139,50.05,70.0,29.912196421905694,-2.3856505527039022
0.002886,0.508158,101.071577,1122.585727,50.05,70.0,101.08937783702693,1122.5676194825908
0.603961,0.766783,1.354498,-0.572017,50.05,70.0,1.3489419145476809,-0.5543638025028024
-0.677683,0.180937,199.747569,65.408945,50.05,70.0,199.75384303404107,65.42811775813492
-0.985812,-0.539873,37.448721,-12.312931,50.05,70.0,37.46780633899571,-12.306661655177427
0.348603,0.974528,-173.691537,-436.52674,50.05,70.0,-173.70550549731655,-436.5229101273255
0.89145,0.599867,20.202127,-101.775852,50.05,70.0,20.20330132182067,-101.75810905555355
-0.029852,0.284784,89.791656,-405.114545,50.05,70.0,89.7779569782228,-405.1337129089757
0.358506,-0.594067,-56.283923,-8.131389,50.05,70.0,-56.287577541132265,-8.126497671687293
-0.484001,-0.600365,-200.606034,12.909233,50.05,70.0,-200.5862396140001,12.896216313835343
-0.326238,0.923421,138.385699,-569.186777,50.05,70.0,138.39253927698425,-569.1725321876784
-0.071328,-0.813386,-72.641575,0.955467,50.05,70.0,-72.66153283496945,0.962398615946364
-0.571108,-0.619531,-66.705731,-88.289654,50.05,70.0,-66.7257013024864,-88.27229596421667
-0.457781,0.080215,32.019964,-223.983659,50.05,70.0,31.999999375414205,-224.0035117884001
0.167559,0.163476,-293.200584,-18.433887,50.05,70.0,-293.18310522486144,-18.442585358003527
-0.460994,0.069736,-98.216328,134.906733,50.05,70.0,-98.20055321329356,134.91765346936108
0.053182,-0.169471,-281.761089,431.029575,50.05,70.0,-281.7607827192247,431.0335260411681
-0.29991,-0.584697,72.186316,-7.868092,50.05,70.0,72.16636575496402,-7.886868628556697
-0.997995,0.700017,59.331718,-0.494977,50.05,70.0,59.31934995972698,-0.4905750237819946
-0.808843,-0.218052,49.982401,-9.435758,50.05,70.0,49.983498452436436,-9.432662710735586
-0.795243,0.348073,19.012729,9.438902,50.05,70.0,19.011317769777214,9.452606767371531
0.060043,-0.858454,-79.146809,328.038358,50.05,70.0,-79.14127372189851,328.05824440949874
-0.041483,0.793083,76.055607,186.206419,50.05,70.0,76.07361483892214,186.18662981898788
-0.64718,0.838584,0.643744,0.226477,50.05,70.0,0.6618525439961448,0.20653645679301447
0.082637,0.879815,-427.002371,-517.504107,50.05,70.0,-426.9841009511837,-517.4982033430939
-0.944097,0.555113,-60.259292,-91.763639,50.05,70.0,-60.26219505935501,-91.74451131959512
-0.214907,0.059562,-61.57686,533.206612,50.05,70.0,-61.55837472176254,533.2266113243282
-0.933499,0.688693,-73.018587,62.33625,50.05,70.0,-73.03090577915725,62.35194892221836
0.867381,0.071604,-316.230029,57.831597,50.05,70.0,-316.2274073490692,57.81962493867785
-0.54503,-0.312877,-104.675498,122.860485,50.05,70.0,-104.69535162070918,122.85453041446524
-0.532035,0.091521,205.720276,-43.494548,50.05,70.0,205.7332038500928,-43.49988675452741
0.185277,-0.042923,-163.67677,10.156244,50.05,70.0,-163.66690646814118,10.156264725199112
0.587062,0.758627,108.590076,29.726993,50.05,70.0,108.57346482410797,29.70989199999683
0.249674,0.262614,39.458233,-27.049823,50.05,70.0,39.46143182024508,-27.06599329878933
-0.253432,0.567692,66.208206,10.241169,50.05,70.0,66.22436143741183,10.233436024854358
-0.797484,0.679585,50.098547,270.869442,50.05,70.0,50.092240932802646,270.88287033747184
-0.208121,0.102504,347.835436,167.598496,50.05,70.0,347.8499597280709,167.60451419049312
0.783266,0.358539,323.440783,187.09357,50.05,70.0,323.42749395301666,187.07848521497954
-0.02808,0.065762,218.440615,-61.624795,50.05,70.0,218.4357077239646,-61.615213021255165
-0.734674,0.334003,14.781657,3.980286,50.05,70.0,14.799024083779269,3.9819013912425407
-0.415504,0.619109,-450.329278,669.105319,50.05,70.0,-450.3239514467246,669.0925073944724
-0.64083,-0.432514,9.242917,-26.721303,50.05,70.0,9.222995850887724,-26.733588889221927
0.737946,0.663068,-41.119498,12.644939,50.05,70.0,-41.11184169197154,12.64142082553391
0.183455,-0.679246,-132.183532,137.16151,50.05,70.0,-132.1673766925745,137.16906923194813
-0.084624,-0.275105,177.601249,278.898292,50.05,70.0,177.59391092981264,278.8885927487119
0.308259,0.911764,-31.866608,6.426706,50.05,70.0,-31.853456378985417,6.414089577682736
0.011687,0.417521,-17.685972,-309.382382,50.05,70.0,-17.704941098879395,-309.364507952233
-0.731665,0.898938,23.221837,-721.166033,50.05,70.0,23.234997626979006,-721.1858649030657
0.450718,-0.77983,29.060159,-45.241045,50.05,70.0,29.059947925087805,-45.22693308680563
-0.605194,0.511183,-417.105501,28.086082,50.05,70.0,-417.08933499508777,28.103728497311007
-0.554739,0.49538,-68.895692,18.767179,50.05,70.0,-68.9036987406408,18.776309125065254
-0.141484,0.070032,1.413709,372.059301,50.05,70.0,1.422831822237126,372.07344367966937
-0.965428,0.054229,141.982809,8.089132,50.05,70.0,141.99050598517397,8.109058266335754
-0.579597,0.720471,-5.257205,1.636533,50.05,70.0,-5.2382756366105685,1.6446427587173493
0.955411,-0.405395,-4.750126,-0.781464,50.05,70.0,-4.736264769796043,-0.7777126501434878
0.524842,-0.972142,7.371651,-2.883479,50.05,70.0,7.352431152240632,-2.8701425092280424
-0.784485,-0.839976,-4.99408,-1.259171,50.05,70.0,-4.994333387077286,-1.2394339684462627
0.53034,-0.57063,-1235.609518,-1236.385067,50.05,70.0,-1235.596195409088,-1236.3871758071307
-0.570267,-0.473431,-22.242452,-8.072107,50.05,70.0,-22.251690590231817,-8.078289621181847
-0.958014,0.65524,6.116102,2.101618,50.05,70.0,6.098431719505918,2.1150353769567047
0.61181,0.68296,-6.735108,-66.926662,50.05,70.0,-6.755079178194808,-66.93937448917973
0.51662,0.837187,61.08702,23.240078,50.05,70.0,61.08779057288201,23.22478905210229
0.598004,0.649707,4.505322,7.827434,50.05,70.0,4.525146064334049,7.810233334312683
-0.36804,0.35235,-77.643839,83.443215,50.05,70.0,-77.6322876150374,83.44782326389651
-0.060813,-0.084607,816.974179,360.841645,50.05,70.0,816.9902595947095,360.85557274355483
0.004359,-0.740402,-432.177894,-926.898015,50.05,70.0,-432.16593548266684,-926.8807213228914
0.066609,-0.509403,-147.586489,-208.953019,50.05,70.0,-147.60614574407845,-208.9718618655467
0.470034,-0.13704,-25.539917,-2.217245,50.05,70.0,-25.5199991192586,-2.2262149313333333
0.768094,-0.647972,262.086339,-254.534868,50.05,70.0,262.0928069038727,-254.55338469100076
-0.463771,-0.591265,-51.475576,-10.095435,50.05,70.0,-51.47977829918839,-10.075974135001625
0.603366,0.765074,-1.342143,0.973448,50.05,70.0,-1.3619036903883242,0.9916478554824169
0.605959,0.359438,-35.434198,-119.133852,50.05,70.0,-35.41532597437046,-119.12739015951904
-0.921903,-0.430924,52.274467,-23.517664,50.05,70.0,52.29397879962553,-23.533939886842145
-0.543565,0.307237,5.049773,48.007739,50.05,70.0,5.068919807925624,48.02760430416097
-0.273472,-0.241972,-233.874809,294.016897,50.05,70.0,-233.87840684434732,294.0321734949465
-0.816219,-0.195145,75.204529,-14.354571,50.05,70.0,75.19522649605642,-14.34323983765751
0.205821,-0.758131,-67.230347,86.914354,50.05,70.0,-67.2131806279685,86.89435401745214
0.087351,0.10313,-20.301787,-92.569948,50.05,70.0,-20.284583426447217,-92.55877385526094
-0.68831,-0.431961,6.310074,36.218116,50.05,70.0,6.29205638864471,36.23793552164167
0.031603,-0.844268,44.115475,-156.735874,50.05,70.0,44.13525636816837,-156.72014664489944
0.391455,-0.820589,188.01724,251.902418,50.05,70.0,188.02250836876445,251.88778417595287
0.354458,-0.620524,705.669165,99.096115,50.05,70.0,705.6536101766023,99.0772418017943
0.849122,-0.81425,-0.452323,-1.234511,50.05,70.0,-0.4501149044669265,-1.2472543673457328
0.90769,-0.462408,43.262399,5.671499,50.05,70.0,43.26073769406099,5.653559326939775
0.315312,-0.547559,-95.634073,11.135042,50.05,70.0,-95.6494040804359,11.150984450843229
-0.82008,0.909979,0.126568,-2.943496,50.05,70.0,0.10984217909624636,-2.9273689783832473
0.017189,0.896764,53.935,152.805665,50.05,70.0,53.923357980261436,152.82319774506328
-0.084135,-0.062458,681.176458,98.669981,50.05,70.0,681.1740665677823,98.68843435582178
0.275474,-0.109759,-213.014678,-14.499287,50.05,70.0,-213.0099277558403,-14.519233030549568
-0.720479,0.914702,86.125731,-65.110568,50.05,70.0,86.14416775702112,-65.13003922178487
-0.595737,-0.55077,418.90556,71.343707,50.05,70.0,418.8857779591948,71.33150326350918
-0.785448,0.979413,-64.356915,-38.817857,50.05,70.0,-64.3441925950359,-38.81332331425897
0.993319,0.717209,3.502244,10.053666,50.05,70.0,3.502300950774302,10.058273448899856
0.131788,0.967115,355.562515,396.785858,50.05,70.0,355.54251683038035,396.8047861779802
0.31013,0.357536,109.129551,-13.214654,50.05,70.0,109.13154417135232,-13.203669616296208
-0.88935,0.687306,67.447497,9.415695,50.05,70.0,67.44840498388169,9.406393394975535
-0.441707,0.234085,65.634986,39.504706,50.05,70.0,65.6427155115383,39.50713007136369
0.258405,-0.993182,-44.546275,24.915768,50.05,70.0,-44.56395981814515,24.896794035860324
-0.408806,-0.7981,44.133622,-6.478411,50.05,70.0,44.11705530761949,-6.463867849924479
0.333877,-0.536419,-76.629245,-2.805084,50.05,70.0,-76.64912025610288,-2.785247817506605
0.404673,-0.660724,-74.794055,227.398003,50.05,70.0,-74.7993226261486,227.37814862667807
-0.783665,0.947677,10.803315,4.491809,50.05,70.0,10.794294803922623,4.475410311746689
-0.40059,-0.719361,-133.690084,60.385513,50.05,70.0,-133.68351484524428,60.37033032746669
-0.302058,-0.69342,92.696276,46.593599,50.05,70.0,92.7056909641059,46.59552528125027
-0.311133,0.779268,103.175912,-52.160222,50.05,70.0,103.1768900048479,-52.14440212526684
-0.847401,-0.273248,110.090051,-33.36797,50.05,70.0,110.09663468147994,-33.38362728063025
-0.486144,-0.620916,118.054451,-91.821975,50.05,70.0,118.04598023631124,-91.80316817130681
0.265345,-0.347769,32.916552,269.867536,50.05,70.0,32.89655758600607,269.87441000401964
-0.957501,-0.712886,-18.73839,-37.479697,50.05,70.0,-18.720592471541167,-37.46270774016735
0.532184,0.416126,27.200531,67.462331,50.05,70.0,27.182185039814733,67.4501220503427
-0.162578,-0.455792,276.770459,-19.589097,50.05,70.0,276.7810167738181,-19.588711645721368
-0.498293,-0.808088,-19.979345,-16.004917,50.05,70.0,-19.95941896196266,-15.988806553414411
0.463218,-0.697132,-213.709165,75.302688,50.05,70.0,-213.71835937425712,75.32107538047953
-0.702636,0.793702,50.253567,-11.984385,50.05,70.0,50.25815895908595,-11.964420484033875
-0.251727,-0.778937,-3.871642,48.163944,50.05,70.0,-3.8539754467144167,48.181412015304566
0.407896,-0.495956,-33.468799,11.387264,50.05,70.0,-33.46123868198889,11.373908554563254
0.466668,-0.716055,97.257845,-73.163961,50.05,70.0,97.23815304841851,-73.1797897848731
-0.732974,0.90839,-0.169162,1.456984,50.05,70.0,-0.15231386046382148,1.470246504164305
-0.689482,-0.125344,351.311816,-262.11822,50.05,70.0,351.3222179218486,-262.13657207605775
-0.663172,0.061967,652.595308,1026.718803,50.05,70.0,652.5998990724664,1026.71041890437
-0.514402,0.438652,233.268217,-335.307972,50.05,70.0,233.28576693164126,-335.32175891884106
0.419329,-0.32968,31.105499,-37.981578,50.05,70.0,31.085749588237913,-37.981204848706575
-0.933828,-0.850107,-0.792607,-0.526792,50.05,70.0,-0.8023291958456644,-0.5404153186491321
0.259334,0.629034,-391.545653,-113.158614,50.05,70.0,-391.55168541952327,-113.17600958241219
0.170107,0.985534,-35.00291,-43.725154,50.05,70.0,-34.983717220097255,-43.712952460661846
-0.137791,0.146179,14.704353,-66.556085,50.05,70.0,14.70888131486537,-66.56210349797496
0.836503,-0.902298,-5.870424,15.457537,50.05,70.0,-5.851430909550042,15.448071404833811
-0.922324,0.503367,168.5586,91.428988,50.05,70.0,168.53861866718813,91.44224513144573
0.088997,-0.222484,-166.749388,235.048122,50.05,70.0,-166.74376566558954,235.04134095056392
0.718227,-0.766045,78.741791,-25.849346,50.05,70.0,78.7503356782304,-25.85998536019239
-0.92131,-0.45102,-31.013819,1.737615,50.05,70.0,-31.000382010173574,1.7291008912151666
-0.291485,-0.987692,3.942779,8.033297,50.05,70.0,3.9552647556414637,8.046279859964683
-0.136648,-0.640444,328.357577,241.833919,50.05,70.0,328.36431413676985,241.82789933591624
0.055656,-0.594154,-53.697759,255.854309,50.05,70.0,-53.70975634191701,255.8519668491171
0.053642,-0.436079,-62.688001,-102.577324,50.05,70.0,-62.67355644994671,-102.56227813537194
0.81931,0.146271,-323.916611,207.859316,50.05,70.0,-323.90580845444333,207.86115424340053
0.370361,0.662649,-52.085892,3.163001,50.05,70.0,-52.088028748726096,3.144033539269548
-0.857648,-0.491878,158.027346,-0.565416,50.05,70.0,158.02115893865496,-0.5648925073502264
-0.991211,0.712608,-41.920146,12.905148,50.05,70.0,-41.90029732175667,12.892497350557232
0.80438,-0.785645,0.746789,1.013699,50.05,70.0,0.7280437705273214,0.9971064074513178
-0.335915,0.270884,51.90853,8.389153,50.05,70.0,51.89066017272711,8.38208400969466
0.746674,-0.650596,-0.512214,-0.280338,50.05,70.0,-0.5319287113410415,-0.29706152218006937
-0.562325,-0.99079,-54.130599,-18.581339,50.05,70.0,-54.111124358477774,-18.563562546764274
-0.212338,-0.772063,206.957626,29.782492,50.05,70.0,206.938598894663,29.77532220974789
-0.06317,0.300644,14.996664,-3.308949,50.05,70.0,15.011513823864716,-3.2906458970195493
0.919039,0.289033,-21.806711,-37.158761,50.05,70.0,-21.798195134275954,-37.17084256061314
-0.223449,0.499454,-343.205039,309.104507,50.05,70.0,-343.2078506664976,309.11960091413204
0.318679,0.034978,206.907257,-57.018027,50.05,70.0,206.8929825786827,-57.02962318185378
-0.127008,-0.623988,37.604693,63.628288,50.05,70.0,37.58979237102369,63.64610035784738
0.63546,0.1761,-193.349223,237.037325,50.05,70.0,-193.3636561623365,237.0503065937571
-0.285964,-0.189273,135.14443,-2.697192,50.05,70.0,135.12852294410965,-2.716414603267457
0.884958,-0.50559,-96.92039,-26.84582,50.05,70.0,-96.93553881171589,-26.831838329515477
0.550092,-0.610607,0.258163,-32.468638,50.05,70.0,0.2752012652775969,-32.463111245949385
-0.468106,0.540979,-87.247066,454.811482,50.05,70.0,-87.25586730253367,454.7934388263261
0.239196,0.166143,-191.774458,1.258984,50.05,70.0,-191.7742233115299,1.2435150052780977
0.37208,-0.446246,228.619311,44.436678,50.05,70.0,228.63459355950232,44.454745930054195
-0.060415,0.599848,24.061721,-112.322427,50.05,70.0,24.04833970021864,-112.31043962686269
-0.360015,-0.768347,-269.027358,-69.572447,50.05,70.0,-269.04244350489915,-69.55524299663112
0.392384,0.791468,130.79336,-78.417185,50.05,70.0,130.78185096033164,-78.39978434967381
0.197322,0.387401,-29.852138,216.836496,50.05,70.0,-29.85867586814572,216.83719663570412
-0.950417,0.336475,-123.093815,-196.022734,50.05,70.0,-123.09255108439991,-196.00353003439474
-0.869505,0.232106,-149.952443,126.750024,50.05,70.0,-149.96748965595035,126.74056973691137
-0.989749,-0.718603,50.558162,0.037856,50.05,70.0,50.56192503606072,0.039999845376158624
0.438128,-0.37884,49.373103,-98.887296,50.05,70.0,49.39179001939144,-98.89225360673959
0.835023,0.23112,-82.276802,19.047144,50.05,70.0,-82.26010411759326,19.02741441097614
0.431089,-0.685947,-63.586126,-22.768102,50.05,70.0,-63.59965857514114,-22.784265236394322
-0.719461,0.023897,-662.383823,-17.325698,50.05,70.0,-662.3643712799054,-17.31015230846408
-0.363228,-0.77834,-117.908657,-26.357951,50.05,70.0,-117.90552718833291,-26.348456308150794
0.43335,-0.693949,18.74294,-61.550974,50.05,70.0,18.745358269384592,-61.53374907725624
0.794714,0.764537,-19.211497,4.522452,50.05,70.0,-19.22313578732488,4.517719143618182
-0.426125,0.122729,134.761677,12.699737,50.05,70.0,134.77404699343123,12.701000941049028
0.711175,0.715128,-39.590896,13.182865,50.05,70.0,-39.58971427417964,13.1628766561918
-0.836038,0.706581,1.507613,0.39619,50.05,70.0,1.5259541911282946,0.4024037574642526
-0.489171,0.500609,-22.583918,20.160969,50.05,70.0,-22.578508621348007,20.180653896182527
-0.267746,-0.009248,-85.513383,-0.801362,50.05,70.0,-85.49815827549493,-0.7823172459921611
0.565278,0.622353,-95.476214,10.541516,50.05,70.0,-95.46333737110484,10.561317481648352
-0.118053,-0.117601,487.675712,-298.139438,50.05,70.0,487.65571331694184,-298.1219119241111
-0.515927,0.822319,-58.9789,-9.621142,50.05,70.0,-58.96226980231074,-9.602841362852844
0.715714,-0.99765,517.218881,-321.959649,50.05,70.0,517.1995948982269,-321.9765552011315
0.492376,-0.639536,45.966632,-15.846851,50.05,70.0,45.97943108399183,-15.864432326628789
-0.674253,-0.163406,134.012806,-314.941286,50.05,70.0,134.0267073035178,-314.9536429390574
-0.357381,-0.494482,-44.014919,-72.057179,50.05,70.0,-44.03171874975962,-72.03744445695452
-0.761637,-0.833611,-17.309865,-5.634198,50.05,70.0,-17.31192820058251,-5.6310999842826135
-0.502586,-0.957351,-37.419617,-18.809965,50.05,70.0,-37.41568371408049,-18.806515887362835
-0.205849,0.294935,153.563071,205.079445,50.05,70.0,153.5819737805269,205.0854327148571
0.980196,0.151481,-129.673432,20.486959,50.05,70.0,-129.65453090153474,20.49422342526024
-0.061097,-0.864218,24.950102,150.936072,50.05,70.0,24.962957621010474,150.94829638503322
-0.912087,0.555702,144.593008,-48.350273,50.05,70.0,144.58999413830006,-48.33184190122382
-0.320858,-0.657894,40.777251,-0.211541,50.05,70.0,40.75982637550912,-0.2305428286316116
0.781188,-0.56643,-40.911593,-0.245033,50.05,70.0,-40.93041023504905,-0.2637898023788278
0.012314,0.961205,-211.895906,-1293.303405,50.05,70.0,-211.91390228805074,-1293.317863004513
0.976521,0.388999,-85.633858,38.638125,50.05,70.0,-85.65385499914393,38.650357409382785
-0.091555,-0.757588,51.026303,-7.760425,50.05,70.0,51.00845159862794,-7.776194015697417
-0.789372,-0.981853,89.039235,-18.688931,50.05,70.0,89.05362559041338,-18.676655797786857
-0.008174,0.613323,11.967569,144.596791,50.05,70.0,11.975681174044135,144.57700841702388
0.127927,0.068827,82.005334,-120.691978,50.05,70.0,81.99992037727777,-120.69295418611196
0.771022,0.568511,33.117028,6.816677,50.05,70.0,33.126159366337426,6.804548994495085
0.967706,0.235203,28.261593,-212.105436,50.05,70.0,28.28102137753664,-212.12539543120215
-0.944128,0.044834,-594.703729,271.14975,50.05,70.0,-594.723499855869,271.14972603246053
-0.478694,0.592555,-64.247008,24.736535,50.05,70.0,-64.26534854394734,24.750575072328466
-0.9221,0.264814,-111.266663,620.414855,50.05,70.0,-111.28604879424579,620.3955871515535
0.728432,0.762627,-0.080292,1.422093,50.05,70.0,-0.0655701445274374,1.4405028292351694
-0.524569,-0.438538,-117.437453,208.192438,50.05,70.0,-117.45523176341456,208.1732763351573
-0.50885,-0.243932,-119.446473,48.512406,50.05,70.0,-119.45872578653743,48.53132839643492
0.237819,-0.98349,-159.237036,16.000704,50.05,70.0,-159.2569214211777,15.996563018902757
0.485456,-0.939978,77.777826,-25.442493,50.05,70.0,77.75783085630447,-25.42679620759821
-0.202932,-0.677228,-121.256816,36.336687,50.05,70.0,-121.26690835078564,36.31670574782599
-0.175173,-0.132737,80.143364,-105.47392,50.05,70.0,80.15148204415976,-105.47065948483693
-0.911371,0.594051,-1.164464,2.698079,50.05,70.0,-1.1485033355050227,2.7159923602125318
0.211033,0.82539,62.258427,-7.406826,50.05,70.0,62.270767896892785,-7.426077421414822
0.32381,0.277278,-89.945146,8.765767,50.05,70.0,-89.94820321008116,8.748008486808464
0.215622,-0.045115,212.063695,-335.289155,50.05,70.0,212.08206841336647,-335.2885360105922
-0.251016,-0.824064,156.015587,101.987895,50.05,70.0,156.0324322337653,101.99931690413702
-0.042262,-0.299039,13.958923,37.041385,50.05,70.0,13.961853245292861,37.056941777335986
0.046982,-0.367701,-369.003439,657.805699,50.05,70.0,-368.99909366785397,657.7933029817699
0.051653,0.124193,-36.062039,-48.472013,50.05,70.0,-36.053206112143975,-48.47852001397658
-0.688089,-0.713872,59.451316,60.490149,50.05,70.0,59.466444764777826,60.48280356195752
-0.048308,0.087358,1503.729759,-275.036286,50.05,70.0,1503.7446003879782,-275.04996584515396
0.226928,-0.023577,-546.954192,-1763.945004,50.05,70.0,-546.9350638534958,-1763.9452950907234
-0.266975,0.95939,106.795245,-106.77459,50.05,70.0,106.79917527587799,-106.75467928534376
0.467894,-0.112136,-238.119873,-51.474635,50.05,70.0,-238.1151690338461,-51.494593732661386
-0.66885,0.63655,-355.008508,1600.411335,50.05,70.0,-355.01666661121317,1600.3913532222095
0.490023,-0.17865,-110.822704,-17.794798,50.05,70.0,-110.83963420572616,-17.787424497218502
-0.578388,-0.964137,-55.82392,103.160444,50.05,70.0,-55.812942382695645,103.14272396351213
-0.252563,-0.823043,160.508708,93.798989,50.05,70.0,160.493070850198,93.79632924318884
-0.891416,-0.022422,-724.344417,-190.090198,50.05,70.0,-724.3642750525289,-190.10741107046593
-0.849064,-0.212901,-165.983517,98.93863,50.05,70.0,-166.0034011343528,98.955813671116
-0.234472,-0.773622,133.53739,125.156117,50.05,70.0,133.52603702684644,125.15414996286108
-0.269314,-0.353762,-12.331711,-1.055376,50.05,70.0,-12.314813779856808,-1.0476337426731237
0.322778,0.923995,138.698926,-108.664949,50.05,70.0,138.69552689869099,-108.67892115598524
-0.417423,0.363667,-176.260539,-116.109865,50.05,70.0,-176.27256801710806,-116.11158199723359
0.149872,0.904698,-90.426815,-193.55996,50.05,70.0,-90.43057769612864,-193.54060808235704
-0.74276,0.426142,10.758128,16.617672,50.05,70.0,10.777860147131516,16.599125271056884
0.172106,0.58038,-49.99664,-53.692913,50.05,70.0,-49.97684019022806,-53.688419996118846
0.448569,-0.896192,-18.683019,-4.870138,50.05,70.0,-18.668924276301883,-4.856680154514776
-0.299213,-0.880362,-12.819733,44.303805,50.05,70.0,-12.799746498904334,44.30979148584397
-0.235827,0.45936,1097.030329,-1488.268471,50.05,70.0,1097.0125905330194,-1488.2485187680088
0.463449,-0.814502,265.169823,91.159757,50.05,70.0,265.1645298212866,91.17966295433604
0.66791,-0.428378,87.650753,164.169573,50.05,70.0,87.63518412934202,164.1696047964711
0.24412,0.916474,-67.370306,-72.78127,50.05,70.0,-67.36039621809897,-72.79655245443402
-0.815604,0.149969,279.673856,392.866495,50.05,70.0,279.6590023615826,392.84778093539444
0.537247,-0.486305,-65.795862,-16.282,50.05,70.0,-65.79050021763514,-16.294620560765484
0.673931,0.755024,-12.09281,3.752022,50.05,70.0,-12.09459653398944,3.737716650808553
-0.304965,0.459001,-19.915328,190.984531,50.05,70.0,-19.91775225780216,190.99609419414932
0.422572,0.165266,226.321278,40.28168,50.05,70.0,226.32806959704794,40.297804718163924
-0.36729,0.963495,779.644076,-128.286223,50.05,70.0,779.6336868890241,-128.30381188329588
-0.541284,0.640997,-34.313899,11.326794,50.05,70.0,-34.31219502353728,11.319885429507597
-0.767164,0.271878,53.135305,77.654779,50.05,70.0,53.11612419723882,77.65057174942267
-0.545155,-0.414352,-50.138485,-16.640621,50.05,70.0,-50.15846089642871,-16.624519415252692
-0.006605,0.995247,3.230669,-193.844349,50.05,70.0,3.2106853285639376,-193.86239792560133
-0.878946,-0.439375,53.644663,-31.33775,50.05,70.0,53.652283093303346,-31.345221440746688
-0.581977,0.714638,3.914354,34.986745,50.05,70.0,3.897573773837511,35.0017518791641
0.926818,-0.97391,-0.806935,-0.876286,50.05,70.0,-0.7880203768468552,-0.8888262767215953
-0.512307,-0.342139,24.970667,-5.020278,50.05,70.0,24.971293921862387,-5.006493408581476
-0.326381,0.51257,46.499352,2.863401,50.05,70.0,46.51902945344286,2.8833974266324947
0.765337,-0.988045,7.196199,-1.706125,50.05,70.0,7.1806054207526735,-1.7090607640637037
-0.075046,0.695122,-5.954846,26.927764,50.05,70.0,-5.94615273893351,26.926347183532652
0.916544,0.362547,-22.257286,19.227719,50.05,70.0,-22.238301411589248,19.222962826050317
-0.677555,0.340029,-30.910857,166.448452,50.05,70.0,-30.90533386204727,166.4321309096863
0.869954,-0.677218,-1.88603,-1.395155,50.05,70.0,-1.8988006467157472,-1.415154711412639
-0.004903,-0.396618,-40.280024,-487.412025,50.05,70.0,-40.26545887260102,-487.39315786647865
0.038019,0.986321,-433.036017,-964.656765,50.05,70.0,-433.0198764401702,-964.6730105894585
-0.90495,0.501447,19.70032,5.627869,50.05,70.0,19.703011585889268,5.619015699352704
-0.173519,-0.341942,118.08816,110.346378,50.05,70.0,118.06960441042821,110.36605980033212
0.988227,-0.866471,-81.51056,-14.746528,50.05,70.0,-81.49064977918523,-14.733392239023463
-0.779818,-0.401473,1.584629,-3.207142,50.05,70.0,1.5910672104137946,-3.208524164757967
0.439808,-0.148203,-70.929698,-167.465581,50.05,70.0,-70.94961071058528,-167.4843582849035
-0.841686,-0.210295,107.243135,-23.389701,50.05,70.0,107.2561652557389,-23.40056304882685
-0.422347,-0.394068,-51.22735,-49.002337,50.05,70.0,-51.22669927526491,-49.00040106134635
0.902809,-0.494153,-0.670633,1.131859,50.05,70.0,-0.6823169398584832,1.1123049613059113
0.776552,-0.485512,22.120882,-4.823045,50.05,70.0,22.13789810947179,-4.838982794587711
0.00277,0.552802,-312.359153,-1053.79865,50.05,70.0,-312.3488296548925,-1053.816877232883
0.939895,0.821875,0.640075,0.57057,50.05,70.0,0.645769943097831,0.5506045436940225
-0.743943,0.548808,-137.339249,-56.934417,50.05,70.0,-137.35798134142615,-56.93952478321896
-0.186842,-0.260878,-248.476449,216.152428,50.05,70.0,-248.4753641893285,216.15008043446312
-0.569989,0.201901,-257.804041,14.322145,50.05,70.0,-257.7920025559587,14.33349685945573
-0.651058,-0.326177,-56.520064,-47.063786,50.05,70.0,-56.52598432009697,-47.043990195423675
-0.055082,0.24078,52.509944,-164.007373,50.05,70.0,52.511565865383794,-164.0028770848237
0.793267,0.44411,-849.279743,27.675975,50.05,70.0,-849.27675822726,27.68619321076136
0.160296,0.095219,-189.209479,-42.704295,50.05,70.0,-189.20734655232425,-42.722490901412364
0.343523,-0.409595,-62.355339,-9.549236,50.05,70.0,-62.343681048470906,-9.563746184528105
-0.069634,-0.344216,100.546211,134.559073,50.05,70.0,100.55570348581703,134.57901491735717
0.76089,0.278064,250.392121,-120.031379,50.05,70.0,250.39437019509788,-120.03209749625192
-0.572496,0.051956,32.471907,1.180867,50.05,70.0,32.46450994909112,1.1916177372223598
-0.772091,-0.528761,36.432224,-23.653985,50.05,70.0,36.45014326944382,-23.63401126388079
-0.882373,-0.041578,-331.661995,-3.580669,50.05,70.0,-331.6457708874389,-3.5626682963895036
-0.807315,-0.546402,-104.422308,-269.776696,50.05,70.0,-104.40413339618404,-269.76027056126594
0.617459,-0.36554,-29.16715,-7.521762,50.05,70.0,-29.16534641666926,-7.516846708280355
0.372971,0.529809,109.735495,-88.492296,50.05,70.0,109.72585240288345,-88.50134582460694
0.495633,0.09687,-57.783155,-10.936481,50.05,70.0,-57.764021671476385,-10.9166035283837
0.096126,-0.414404,-52.921049,128.410611,50.05,70.0,-52.90264842641822,128.42575916041181
-0.884129,0.45229,-63.123733,-41.142255,50.05,70.0,-63.103772732057685,-41.140031671246916
-0.370091,-0.126767,228.554273,-51.773642,50.05,70.0,228.53524585076374,-51.75926098529325
-0.575704,0.134831,288.918538,262.047428,50.05,70.0,288.91470185115315,262.06458288667926
0.096269,-0.001425,-1893.291689,-69.349987,50.05,70.0,-1893.3101408152836,-69.36333953658489
0.057485,0.151597,-450.377621,674.305846,50.05,70.0,-450.3889190105341,674.2897306685961
-0.113318,-0.528732,145.827748,41.296056,50.05,70.0,145.8125282336703,41.31522519353624
-0.393131,0.648634,38.003397,7.557656,50.05,70.0,38.00517800083622,7.558643009765034
-0.407414,0.590645,-442.662006,149.138062,50.05,70.0,-442.680118499226,149.13690253953067
0.963004,-0.788884,34.855892,14.670602,50.05,70.0,34.83810081930741,14.669024993244948
-0.77398,-0.27901,143.254734,-64.899889,50.05,70.0,143.27059014927522,-64.87988989396709
0.672554,-0.380819,-25.231847,-8.332307,50.05,70.0,-25.217212756710012,-8.314712652734876
-0.422006,-0.658153,-26.640103,-16.356509,50.05,70.0,-26.64212227366699,-16.350271367853427
0.421588,-0.375937,-300.528826,-111.396198,50.05,70.0,-300.51292499629653,-111.38477420255967
-0.376362,0.491719,-324.808577,-519.741592,50.05,70.0,-324.79710595878754,-519.7613348959793
0.314593,-0.636153,44.990198,63.143068,50.05,70.0,45.01019583275882,63.14949425211161
0.175429,0.440527,123.057722,18.894996,50.05,70.0,123.06222701499489,18.912885415849782
-0.05928,-0.312608,292.708192,-425.45059,50.05,70.0,292.7158830596749,-425.4325053438515
-0.005419,0.917427,3.108421,-212.895672,50.05,70.0,3.09845651430655,-212.91539754039084
-0.808471,0.020379,328.220406,17.352596,50.05,70.0,328.20175354348817,17.360016851724488
0.501837,0.372816,285.678513,-63.587108,50.05,70.0,285.69037142922895,-63.597368478423746
-0.0852,0.037556,719.615956,1407.417408,50.05,70.0,719.6143476577428,1407.4058752880771
-0.798224,0.244846,41.449914,8.033501,50.05,70.0,41.462383812782406,8.053409780693906
-0.865906,0.720862,20.836715,5.563566,50.05,70.0,20.845531253904152,5.546121052618264
-0.471237,-0.080209,422.05951,-207.842024,50.05,70.0,422.04729435210686,-207.8288651532824
-0.076257,0.356361,700.43519,359.671813,50.05,70.0,700.4547804144829,359.6565143365257
-0.647317,0.542703,-0.581694,53.016884,50.05,70.0,-0.5631218887449096,52.99742500491519
-0.79059,0.547339,19.254314,33.888354,50.05,70.0,19.250257671038664,33.8796008084382
-0.877597,0.220484,-372.542197,-121.195054,50.05,70.0,-372.54909462260923,-121.2144150192479
-0.330135,-0.572693,73.537124,-5.300938,50.05,70.0,73.51751810235324,-5.320795892544581
0.744079,-0.270552,-143.548696,-61.594822,50.05,70.0,-143.55065346028874,-61.592617660640975
0.836971,0.970169,10.590703,6.45922,50.05,70.0,10.606119987803076,6.441242142525469
-0.376609,0.34091,-28.139266,18.904134,50.05,70.0,-28.13387568010783,18.888524103823865
-0.329802,-0.986043,74.03736,-2.275783,50.05,70.0,74.05590840634292,-2.258437888078733
-0.425838,0.942959,262.408112,-74.266305,50.05,70.0,262.3964329048611,-74.2580471592612
0.308741,-0.989353,183.284046,-2.362796,50.05,70.0,183.29771371992956,-2.3507565107400343
-0.054387,-0.082966,1464.29141,13.076451,50.05,70.0,1464.3025570010086,13.076943534021792
-0.402148,-0.908443,22.211506,-5.360497,50.05,70.0,22.191603826113948,-5.369537053990847
-0.204086,-0.070079,-60.241761,-74.817332,50.05,70.0,-60.23706263968114,-74.79878920193211
0.181116,0.01787,-331.40219,2.876795,50.05,70.0,-331.3827960563325,2.873230647722692
0.347838,0.115208,-134.474514,-3.391823,50.05,70.0,-134.45552705686524,-3.3718744472627464
0.308659,-0.370504,114.053669,158.668916,50.05,70.0,114.07358361858498,158.67030045939808
0.945988,-0.776595,-6.587125,-26.973742,50.05,70.0,-6.591485183330739,-26.972720487408388
-0.225529,-0.473898,180.184926,34.853332,50.05,70.0,180.16501008911038,34.83819689922278
-0.807534,-0.221681,47.184869,-8.800844,50.05,70.0,47.18443057812553,-8.819921563673471
0.209071,-0.136053,-104.900203,12.572387,50.05,70.0,-104.89960145217118,12.552596760958261
-0.64628,-0.030414,114.592462,-3.436175,50.05,70.0,114.61236626253928,-3.4287872600081326
0.823815,-0.148993,-209.757428,-51.070926,50.05,70.0,-209.74194178641267,-51.05342063656007
-0.132645,0.634823,236.715414,94.64008,50.05,70.0,236.73390681110925,94.62619415651278
-0.537448,-0.890304,39.972258,-27.740633,50.05,70.0,39.963145249999215,-27.733397773319727
0.662753,0.884768,13.232623,3.266225,50.05,70.0,13.220950889646378,3.246583667163169
0.292048,0.44409,-107.981158,-11.67529,50.05,70.0,-108.00050120903087,-11.657264964008922
-0.173921,0.905514,49.544771,-83.519786,50.05,70.0,49.54015513376268,-83.53768957146875
0.973844,-0.604829,-34.738872,-9.990215,50.05,70.0,-34.73268693940905,-10.00254094648524
0.638259,-0.777309,36.889772,86.800113,50.05,70.0,36.89866491644148,86.78776096452903
-0.232401,0.039195,613.227131,199.17165,50.05,70.0,613.2276633608744,199.19161546505046
0.753789,0.926528,6.740418,14.322335,50.05,70.0,6.752441266071322,14.309217108091904
0.155192,0.314486,44.271095,80.201479,50.05,70.0,44.253123909308435,80.20400835015002
-0.426513,-0.408986,17.569009,5.794789,50.05,70.0,17.556130595901248,5.814646249784953
0.167022,-0.863458,-165.150904,-35.624343,50.05,70.0,-165.1671614401274,-35.64204257556403
-0.145839,0.891116,-196.265945,114.783219,50.05,70.0,-196.24916589473705,114.79133728988788
0.991022,0.098898,-102.347004,9.745412,50.05,70.0,-102.36699352024117,9.726587668883434
0.174579,0.154961,-296.425273,9.634314,50.05,70.0,-296.4425983325077,9.649541467030938
0.437569,0.225525,131.243388,-138.35715,50.05,70.0,131.23151855399846,-138.37575337137088
0.404979,0.485771,46.790658,45.219225,50.05,70.0,46.78869026732496,45.22112936438816
0.361214,0.917867,142.938373,-168.450116,50.05,70.0,142.93239100953286,-168.4505252452694
0.587761,0.491685,-83.836748,-7.826314,50.05,70.0,-83.85655693051457,-7.830656715066456
-0.244476,-0.906511,180.708959,90.857385,50.05,70.0,180.7279005750251,90.86399639298287
0.264844,-0.772997,-38.120134,8.800527,50.05,70.0,-38.11972727104558,8.790341976615265
0.245883,0.556876,244.366684,-61.154968,50.05,70.0,244.38393565335596,-61.174365290122935
-0.590534,0.895242,5.363871,1.749949,50.05,70.0,5.3763694609818,1.7476378260988983
0.332074,-0.83195,-83.344424,36.629849,50.05,70.0,-83.32830982484394,36.62095044830768
-0.585567,0.383693,204.778319,62.651098,50.05,70.0,204.76260563755352,62.67038611225468
0.736265,0.413412,-338.723389,-1281.722879,50.05,70.0,-338.7187395643524,-1281.741994546157
0.223338,-0.358764,-134.141679,68.156114,50.05,70.0,-134.12174658442416,68.1556813029339
0.248992,0.808628,-4.207904,-39.219072,50.05,70.0,-4.227261391959962,-39.230679152208054
0.615167,-0.888604,54.278852,31.482905,50.05,70.0,54.28542534948696,31.489828755201177
-0.769356,-0.565574,150.816952,-43.110019,50.05,70.0,150.7981714009138,-43.09012401790393
0.395177,-0.257861,-68.681835,-13.138667,50.05,70.0,-68.68736424120209,-13.149880828079782
0.123753,-0.082959,-21.562592,-28.571465,50.05,70.0,-21.542664445674482,-28.56063893079498
-0.297604,0.173331,139.181589,5.517544,50.05,70.0,139.19426744016477,5.518447137377543
-0.828192,0.578383,-1.431291,1.955418,50.05,70.0,-1.4381923751120143,1.9682644796794602
0.885873,0.874681,-5.934527,2.083021,50.05,70.0,-5.951251107539975,2.0795881788014574
0.769822,0.390096,-359.802998,551.146937,50.05,70.0,-359.81358658756324,551.1381801805055
0.350048,-0.7428,222.358156,263.296502,50.05,70.0,222.35506468026296,263.31540319253236
-0.233261,-0.412697,-107.068854,-38.775091,50.05,70.0,-107.05314665064424,-38.769232636981904
-0.190436,-0.659646,241.497963,128.274251,50.05,70.0,241.50731110975653,128.2829963905085
-0.667013,-0.486498,386.882035,67.903096,50.05,70.0,386.8864673598809,67.91687293154197
-0.577456,0.696318,-7.789001,-11.490052,50.05,70.0,-7.804687313312907,-11.48366765953561
-0.980017,0.848194,-6.862481,22.569058,50.05,70.0,-6.867468707579248,22.54965580757469
-0.398539,-0.239102,112.801594,-36.544715,50.05,70.0,112.79180949718463,-36.54287582842364
-0.58265,-0.594481,-107.513878,-15.740322,50.05,70.0,-107.5106562260055,-15.759060665486915
0.559875,-0.175693,-195.857189,-191.107214,50.05,70.0,-195.86663508773051,-191.094640730461
-0.870237,-0.065734,239.253387,-26.885262,50.05,70.0,239.24109034145684,-26.900815139178
-0.788544,0.948051,-38.935637,-10.021606,50.05,70.0,-38.93250094622349,-10.001707036990387
-0.108268,0.346928,302.13251,185.885289,50.05,70.0,302.1231861784982,185.86722403381756
0.820933,-0.573855,-312.790918,-363.012595,50.05,70.0,-312.77688687844494,-362.9956345269674
-0.779926,-0.224516,-103.6242,-96.42214,50.05,70.0,-103.60435300041193,-96.44155822895763
0.553589,0.170467,-30.19832,-214.908941,50.05,70.0,-30.200714591078235,-214.88932063832033
-0.968815,-0.879509,0.806253,-0.667014,50.05,70.0,0.8100984503032511,-0.6796073320626178
0.100626,-0.77879,-32.102345,94.372205,50.05,70.0,-32.090689701337816,94.35304298249939
0.87112,0.918257,0.168282,-0.136219,50.05,70.0,0.15568911821987777,-0.12289075568202527
-0.847857,0.074566,-120.506292,-0.066307,50.05,70.0,-120.51280189642127,-0.05043787604745986
-0.769274,0.80894,114.568213,117.720543,50.05,70.0,114.5501686073498,117.73012438892958
-0.149242,-0.317546,-1.477895,-1.2524,50.05,70.0,-1.477471325550134,-1.2434403646861025
-0.988178,-0.304122,117.389713,-41.073886,50.05,70.0,117.40809592404757,-41.09114960624585
0.628454,0.431098,-39.309586,12.008698,50.05,70.0,-39.31650459589897,12.00475619331802
-0.533427,0.688955,6.633814,-17.766748,50.05,70.0,6.618538444349464,-17.770374765887997
-0.739584,-0.189457,234.453105,-185.791998,50.05,70.0,234.46938999301534,-185.80999417639467
-0.210418,-0.490027,117.154782,105.420794,50.05,70.0,117.14215030097411,105.42344854150367
0.111532,0.510317,-426.505195,-286.699111,50.05,70.0,-426.5212190846118,-286.71544142721484
0.892894,0.869031,-0.876349,0.959924,50.05,70.0,-0.8962729557305134,0.9534309561225396
-0.188785,-0.902566,54.094204,83.089787,50.05,70.0,54.10796364012654,83.10892854788422
0.567793,0.905252,45.893583,15.604692,50.05,70.0,45.90345729616471,15.584865070427124
0.566925,0.308197,-55.99789,28.177038,50.05,70.0,-55.988539667057694,28.15852240804223
-0.140194,-0.245493,349.162788,92.258018,50.05,70.0,349.17279546944116,92.27026802414821
-0.005046,-0.813198,1.579431,96.56902,50.05,70.0,1.5630452343516452,96.5681568008963
0.589023,-0.291435,-75.539879,-22.58344,50.05,70.0,-75.53629574177276,-22.568250317208648
-0.140785,-0.169517,141.193733,-133.892066,50.05,70.0,141.1996643183554,-133.90465918117465
0.922681,-0.496269,46.437836,-10.580496,50.05,70.0,46.428166938956345,-10.56132356935668
-0.785859,0.065113,391.099091,-167.083801,50.05,70.0,391.10393515778145,-167.08089191955636
0.355931,0.128052,-112.100523,226.268338,50.05,70.0,-112.09332175332612,226.27370488185448
0.168939,-0.641983,-89.432458,145.806999,50.05,70.0,-89.42876925286672,145.81684383302564
0.189458,0.226806,-134.508192,-62.702385,50.05,70.0,-134.49613066058689,-62.682958868833985
-0.069844,0.126013,-51.705033,-3.213543,50.05,70.0,-51.69799216261528,-3.2013403324705654
-0.09694,0.721701,26.462694,-63.256524,50.05,70.0,26.445670309290563,-63.23785281728935
-0.368495,0.700211,1.082962,-0.391952,50.05,70.0,1.0644559487487049,-0.37903065009240827
0.445283,-0.12112,-192.195503,368.321292,50.05,70.0,-192.18366901585952,368.3400805718647
0.341672,0.486425,86.274077,-265.910019,50.05,70.0,86.28628241837085,-265.9212888094525
-0.650313,0.181629,36.117603,4.911468,50.05,70.0,36.106719570900964,4.910397260526182
0.639493,-0.04629,-236.648648,-18.471233,50.05,70.0,-236.62966844606987,-18.4796359149203
0.005402,0.797787,-513.29329,1014.992184,50.05,70.0,-513.312499950017,1014.9726433973922
0.411436,-0.986843,-45.398014,-7.44979,50.05,70.0,-45.389311774809116,-7.435790001590407
0.137163,-0.707051,-130.887167,228.555797,50.05,70.0,-130.90095616583636,228.56686154314264
0.598328,0.102949,-111.39411,11.152395,50.05,70.0,-111.40827043219358,11.140098784563687
0.268907,-0.482462,-75.360069,-58.418961,50.05,70.0,-75.36153392262057,-58.3993238425573
-0.739192,0.405542,16.17353,1.83062,50.05,70.0,16.178896964603734,1.844355419547826
-0.05171,0.913195,55.122081,-301.458066,50.05,70.0,55.13456557172783,-301.4448625587982
0.066299,0.281663,-118.007079,-276.867532,50.05,70.0,-118.02494559030742,-276.85084698591396
-0.083318,-0.326491,103.277924,228.104621,50.05,70.0,103.27543106598638,228.1124530311129
0.668991,-0.276038,-129.411211,-57.564775,50.05,70.0,-129.39255108505472,-57.54490037966254
0.622259,0.299878,-79.044548,25.197566,50.05,70.0,-79.03817843229406,25.213867538667508
0.044677,0.890613,-22.752724,-190.746554,50.05,70.0,-22.733393117079977,-190.7308315291645
0.532751,-0.05026,-68.611653,-3.497691,50.05,70.0,-68.59209111269715,-3.513914172757362
-0.72133,0.611387,89.556621,254.206872,50.05,70.0,89.57594812264138,254.20475294762628
-0.426592,0.274493,79.345703,18.883312,50.05,70.0,79.34906260393552,18.895933770590688
-0.593548,0.231663,150.142694,-169.440834,50.05,70.0,150.15979706568916,-169.46067248506995
-0.43643,0.917508,-81.864721,44.822151,50.05,70.0,-81.88214534562022,44.834322068197196
0.552534,0.441737,-14.870259,3.507741,50.05,70.0,-14.889587080238824,3.5177456565176257
0.267367,-0.369243,-124.10443,2.379074,50.05,70.0,-124.1168653995849,2.3802253813856775
0.137386,-0.959942,-69.891971,181.506986,50.05,70.0,-69.88445338782219,181.49225810574774
0.260535,0.81911,-159.928217,-60.306564,50.05,70.0,-159.92701622767134,-60.30867515288121
0.779069,-0.184534,-217.386248,-82.269373,50.05,70.0,-217.39025612607264,-82.24940877143283
0.540038,0.426893,291.240662,-513.704183,50.05,70.0,291.25994316441546,-513.7026821111109
0.797432,0.446381,-73.121401,-4.138015,50.05,70.0,-73.14067789620341,-4.130438262995122
0.331017,-0.593676,-126.28001,45.22861,50.05,70.0,-126.28104196270915,45.208646077248076
0.087301,-0.738079,-627.417883,451.090541,50.05,70.0,-627.422068241727,451.0863884223911
-0.895931,0.085588,327.881173,76.813063,50.05,70.0,327.89539429362253,76.83056164754245
0.480824,-0.798014,44.405887,-11.695981,50.05,70.0,44.387172171760426,-11.706386158198367
-0.217729,0.635881,-66.484292,319.200231,50.05,70.0,-66.48285150882221,319.21687911730425
-0.74077,-0.115409,19.487135,-0.381929,50.05,70.0,19.468272240135345,-0.40190756439401176
0.317894,0.848454,43.468965,202.188142,50.05,70.0,43.456827474326,202.1713574133126
-0.041646,0.058331,-308.486062,936.82195,50.05,70.0,-308.4859640703437,936.8020339987005
0.366584,-0.81794,-71.138357,12.274165,50.05,70.0,-71.15823663023677,12.258763213235422
0.884339,-0.910419,108.198582,-27.256389,50.05,70.0,108.2171749936162,-27.24033483385843
0.585342,-0.151042,-74.278047,-11.151045,50.05,70.0,-74.26379155536787,-11.135522534876644
-0.555193,0.875064,144.449696,19.9995,50.05,70.0,144.43952560292692,20.018498313805768
-0.802741,0.32476,-301.622578,-159.605428,50.05,70.0,-301.6238293019748,-159.58564786987094
0.243322,-0.487357,53.336853,-142.302757,50.05,70.0,53.31688542544185,-142.32153682653453
0.991533,0.694912,-406.414274,-296.39971,50.05,70.0,-406.3994724916236,-296.41687365857734
-0.611191,-0.295459,31.739642,-17.044007,50.05,70.0,31.747375683398374,-17.04496225629873
0.223466,-0.206935,91.441315,-31.050344,50.05,70.0,91.46065754577562,-31.04825096140132
0.037691,-0.530456,-27.297962,205.236282,50.05,70.0,-27.27996532968976,205.23290879219235
0.634339,-0.667747,15.266279,-2.20161,50.05,70.0,15.28627744358618,-2.189704224162865
-0.816912,0.163476,261.829186,115.27137,50.05,70.0,261.8093430504779,115.25890972344277
-0.466379,-0.428262,16.717354,-4.480013,50.05,70.0,16.725306306497096,-4.486580160358342
0.19672,0.279238,-125.263145,-70.194806,50.05,70.0,-125.24767497175648,-70.20317992854713
-0.843769,0.771383,-2.16259,1.065941,50.05,70.0,-2.1788987002055373,1.0623087831449447
0.635309,-0.358908,207.869394,24.040658,50.05,70.0,207.88405464412259,24.023303587754274
-0.16477,0.713236,47.032851,-0.904492,50.05,70.0,47.052491352906536,-0.922455514942611
-0.644672,0.989609,1.188426,0.351821,50.05,70.0,1.2080724450504179,0.37066904418621516
0.355885,-0.644066,138.152447,64.519825,50.05,70.0,138.16911153859294,64.53833722566645
-0.823088,0.35935,38.380832,31.927593,50.05,70.0,38.39184696332251,31.908301707856047
-0.397957,-0.457768,5.54213,0.44098,50.05,70.0,5.558242061078091,0.4240741492207151
0.292669,0.892356,-126.487888,-29.552643,50.05,70.0,-126.48572503308866,-29.563794799098645
-0.174448,0.055487,271.098165,-11.294505,50.05,70.0,271.0996863842039,-11.296629087016681
0.569163,-0.080746,458.756308,-433.947283,50.05,70.0,458.73844673016913,-433.9290122849387
0.903681,0.161694,-14.109166,419.647377,50.05,70.0,-14.115967705912315,419.65016795548746
-0.404464,0.175358,74.024955,10.730806,50.05,70.0,74.02006595258271,10.747500555082748
-0.752587,-0.732006,-65.017513,25.710022,50.05,70.0,-65.01246443807518,25.708677521762304
-0.832766,-0.300731,116.338245,-43.048855,50.05,70.0,116.31826540725244,-43.06643930230302
-0.382382,-0.698509,-147.040578,160.38018,50.05,70.0,-147.0548520971255,160.40013072712406
0.162726,0.93348,-49.491238,-97.963387,50.05,70.0,-49.48587409884265,-97.97829542674683
0.994339,-0.147801,111.377786,-271.24939,50.05,70.0,111.39371106468101,-271.2629312840998
-0.087153,-0.785313,223.073896,35.163386,50.05,70.0,223.0716555406162,35.14349424528351
-0.760238,0.684988,-0.941519,0.606408,50.05,70.0,-0.9393323270564934,0.6063121207595605
0.601523,-0.206311,-53.362226,-10.432055,50.05,70.0,-53.38118541532134,-10.451554243021654
0.538487,0.350652,-22.759163,4.736603,50.05,70.0,-22.77901659927276,4.751919417091434
-0.592766,-0.612742,12.172148,15.993495,50.05,70.0,12.152352534342816,15.985700798715309
-0.359131,0.082956,337.030833,-84.571207,50.05,70.0,337.0117974832487,-84.56510023446161
0.236089,-0.060346,-267.963424,-12.006703,50.05,70.0,-267.956692928146,-12.005261316336668
-0.229641,0.43158,164.844239,-14.765274,50.05,70.0,164.8642389888199,-14.756630981378894
-0.436359,0.106114,59.727398,6.258266,50.05,70.0,59.724912511857845,6.238609810408041
-0.540505,-0.266771,-50.08528,15.998091,50.05,70.0,-50.10513579497809,16.010507333962508
0.380202,0.056638,-208.629673,988.710936,50.05,70.0,-208.64900777644374,988.73074142353
-0.093068,-0.199988,283.72666,-297.693224,50.05,70.0,283.7387445783587,-297.6891679920194
0.802816,0.922857,-56.319657,-25.101178,50.05,70.0,-56.316513762684274,-25.092918057646703
0.458561,-0.957021,131.626564,82.740135,50.05,70.0,131.6098483624159,82.73951827923659
-0.656703,0.795938,70.431658,-64.317844,50.05,70.0,70.41342921014686,-64.29873675489073
-0.666998,-0.228181,28.494262,-3.89034,50.05,70.0,28.482933784829925,-3.899418328046641
0.958779,0.205583,-248.244682,147.172115,50.05,70.0,-248.23137602270407,147.15297496012803
-0.773763,-0.636368,98.634325,-26.046761,50.05,70.0,98.65412287657567,-26.066726878857168
0.568365,0.515501,-1.477979,0.216837,50.05,70.0,-1.4603005482612255,0.22578912456525402
0.026195,0.26269,843.524654,422.560149,50.05,70.0,843.5445905358658,422.5594464934237
-0.966401,-0.306123,-306.408404,-53.03094,50.05,70.0,-306.4274514081076,-53.02107883735587
0.98654,0.77648,0.808714,0.73315,50.05,70.0,0.7987043268302514,0.7207488030917681
0.298536,-0.497223,57.729565,61.345857,50.05,70.0,57.711335998527964,61.36443992737766
-0.823686,0.303499,122.749739,105.301745,50.05,70.0,122.73058534285367,105.29335909716589
0.907267,0.443114,-52.573202,34.272506,50.05,70.0,-52.55341399784668,34.28284053711812
-0.585035,-0.682443,9.623095,55.682039,50.05,70.0,9.64167388715173,55.67109172186831
0.173733,-0.066459,-211.159937,22.340057,50.05,70.0,-211.179635882624,22.35955487301058
-0.98187,-0.29512,117.105182,-169.935165,50.05,70.0,117.08533801622637,-169.92772579513976
-0.088141,0.614394,718.10343,-359.464185,50.05,70.0,718.0969505178966,-359.48314914191167
0.12039,-0.60697,-495.782172,-66.266028,50.05,70.0,-495.7622882787844,-66.28565182997994
0.648904,0.123897,-53.526672,459.733663,50.05,70.0,-53.54325412746142,459.71713355988544
0.339224,-0.667551,-43.979351,-8.720244,50.05,70.0,-43.971912588692206,-8.700246169911095
0.464497,0.801137,17.32607,21.236069,50.05,70.0,17.314225695814056,21.240756041445763
0.71069,0.56445,192.338547,-62.720924,50.05,70.0,192.34907983715027,-62.70224426038938
0.712954,0.611045,9.166428,1.810341,50.05,70.0,9.173717574508627,1.8048322164244637
-0.165261,0.454413,250.122776,28.241544,50.05,70.0,250.1260403184159,28.26087177965802
-0.684837,-0.060269,292.297526,201.323461,50.05,70.0,292.3168375571746,201.30750364010885
-0.947728,-0.467949,47.972431,-0.122597,50.05,70.0,47.96092476892773,-0.11354492729716362
-0.818216,0.245822,181.674108,147.496078,50.05,70.0,181.68836962715673,147.4780713474741
-0.46362,-0.065806,-209.804952,-343.222224,50.05,70.0,-209.81932044010188,-343.20293364834305
0.00607,0.024072,-160.849804,-649.441947,50.05,70.0,-160.83118454110488,-649.4219470169178
0.582429,0.88821,36.430814,13.251507,50.05,70.0,36.42520833306823,13.271473016171411
0.142096,0.208104,-67.669428,-40.00153,50.05,70.0,-67.65203710411588,-39.98981297991866
-0.403537,-0.25275,16.936112,-1.77106,50.05,70.0,16.9253281506023,-1.790857446597609
0.038348,0.509405,153.250747,-84.070759,50.05,70.0,153.26236152635596,-84.05162221578247
-0.424782,0.688531,-52.265259,32.010151,50.05,70.0,-52.26186608233088,31.99335742333909
0.141879,0.563035,16.418626,81.814392,50.05,70.0,16.43096584537599,81.83272066911303
0.923937,0.613281,-13.234289,44.563914,50.05,70.0,-13.22966115741242,44.5443047580241
-0.591395,0.430719,-13.51831,1.228574,50.05,70.0,-13.521107106598308,1.2295198060719774
-0.914141,0.034886,-1777.248622,168.539753,50.05,70.0,-1777.234960950955,168.53483807799626
0.330915,-0.303612,295.547966,178.177533,50.05,70.0,295.5285688339515,178.18494237286384
-0.814804,-0.411294,-72.695871,-4.563071,50.05,70.0,-72.68119081869845,-4.551362510853315
-0.611354,0.968489,3.229984,-0.513888,50.05,70.0,3.21915513763628,-0.5319663296458509
-0.598042,0.706057,18.529802,4.415502,50.05,70.0,18.5280769177322,4.414942607343223
0.703471,-0.760051,33.003082,46.384979,50.05,70.0,32.992577808596565,46.38334490984864
-0.183446,0.816693,102.049216,-163.586761,50.05,70.0,102.03121647469635,-163.5815667165258
0.151259,0.215774,-73.584483,115.851928,50.05,70.0,-73.56579485224742,115.83318255097385
0.505358,-0.45354,-52.936701,18.813329,50.05,70.0,-52.940303914691484,18.827409853934824
-0.650456,-0.219971,75.41489,-124.826568,50.05,70.0,75.39760056994038,-124.80663740132924
0.953823,0.904541,90.34417,-60.729897,50.05,70.0,90.32648390931622,-60.71420185702619
0.62592,-0.156685,-168.058785,107.230567,50.05,70.0,-168.04134269549075,107.2289266479612
0.59552,0.902226,-0.932701,-0.352514,50.05,70.0,-0.9523343543336003,-0.3534912902699228
-0.289856,0.397854,89.209787,9.37003,50.05,70.0,89.21519367754249,9.389997265578307
0.73628,0.655451,-12.010712,0.135812,50.05,70.0,-11.998150763440606,0.11711741253043115
0.160974,-0.50857,-94.050566,139.776873,50.05,70.0,-94.03070982829743,139.78791245665286
0.462972,-0.831788,1.342309,-17.95737,50.05,70.0,1.3229379932904484,-17.939177033545928
0.146963,0.013197,-92.77836,-61.334896,50.05,70.0,-92.7597076463238,-61.32518689888404
-0.199122,-0.644927,174.873106,-48.793123,50.05,70.0,174.89073205488623,-48.782363651583154
0.707677,-0.072613,-208.17048,-21.950762,50.05,70.0,-208.17449126610634,-21.96181540124641
-0.405524,0.351335,35.368048,8.656148,50.05,70.0,35.35513984240115,8.668406306539847
0.879486,-0.472144,-112.262642,-10.21976,50.05,70.0,-112.27744532470393,-10.230024210234534
0.679987,0.544235,0.666072,0.884328,50.05,70.0,0.6469114113169727,0.8646832742678494
0.95998,0.387097,251.739315,-98.771886,50.05,70.0,251.7510879281045,-98.78127587355175
-0.067141,-0.438658,734.97163,-470.33722,50.05,70.0,734.9520447138472,-470.3233614476613
-0.51705,-0.051143,604.144229,-249.036592,50.05,70.0,604.1262948920981,-249.03499752243684
0.445775,0.144559,-185.622683,235.410169,50.05,70.0,-185.60537047198105,235.4056637171999
-0.39106,-0.553434,-321.016274,-255.266579,50.05,70.0,-321.03125037025575,-255.28584115039945
0.430815,0.709612,132.057621,-88.5843,50.05,70.0,132.05675998306347,-88.56728775551794
0.442868,-0.721678,-100.486587,43.114425,50.05,70.0,-100.46796243963783,43.13393466692516
0.756558,-0.530524,-183.877589,134.079959,50.05,70.0,-183.8965083133493,134.07086395841554
-0.510988,-0.170739,1363.797536,-752.660859,50.05,70.0,1363.8038976072648,-752.6640616598644
0.389028,0.38587,299.003702,42.535483,50.05,70.0,298.98742339532555,42.55405930965988
-0.689436,0.646492,-21.458636,4.82198,50.05,70.0,-21.47570783165933,4.839728850671418
-0.406506,-0.141158,246.603269,-136.939441,50.05,70.0,246.6066525185118,-136.93826624587777
-0.438392,-0.056395,281.084042,-34.649643,50.05,70.0,281.09293205450916,-34.65820704506474
0.174285,-0.789629,-109.133545,176.281978,50.05,70.0,-109.11391691339236,176.29329394123002
0.704549,-0.638563,5.576208,-11.85594,50.05,70.0,5.568225535268631,-11.874413034975147
-0.327268,-0.396084,34.118699,99.202823,50.05,70.0,34.11169987748844,99.21449743085184
-0.98728,0.787967,-18.040089,-136.815261,50.05,70.0,-18.02586936275365,-136.82760303837196
-0.636251,0.532627,-89.298381,-48.421078,50.05,70.0,-89.29435361366727,-48.40254765632781
-0.130431,-0.15004,-102.321886,-69.070156,50.05,70.0,-102.31743533915652,-69.08798580272257
0.2728,0.954844,-137.875784,-98.401644,50.05,70.0,-137.89457850994606,-98.40563046889262
0.070461,0.244317,360.745128,-55.778944,50.05,70.0,360.73213648695275,-55.76094775055845
0.24312,0.110473,251.997312,218.726624,50.05,70.0,252.00433645157207,218.7070546939268
0.7258,0.527722,-120.379076,43.365569,50.05,70.0,-120.38023438939834,43.37110354800426
-0.575439,0.589835,37.027059,70.461588,50.05,70.0,37.03575043630455,70.44206427014586
-0.648586,-0.783871,-21.47725,-5.21392,50.05,70.0,-21.493364029203143,-5.197104679749578
-0.52792,-0.753851,-34.998991,-18.316269,50.05,70.0,-34.989841420189364,-18.3043803020835
0.024316,0.678156,-271.420791,824.281172,50.05,70.0,-271.4279057208671,824.3011309626615
-0.230348,0.541728,106.119083,9.650579,50.05,70.0,106.10100325401777,9.631682546466708
0.829742,-0.521786,38.800315,-24.864577,50.05,70.0,38.81978844104755,-24.850318973917943
0.344476,-0.384916,-42.123146,47.591925,50.05,70.0,-42.13751284752356,47.57209123650547
0.708496,-0.312494,1.920583,-2.146128,50.05,70.0,1.9398851941898714,-2.1658115102078472
-0.086394,-0.016921,-1057.099047,-1165.814543,50.05,70.0,-1057.0792789716,-1165.809897720554
-0.383469,-0.967274,-43.543783,-32.992275,50.05,70.0,-43.56377529393774,-33.003924568218544
-0.97155,-0.834697,0.297587,0.258411,50.05,70.0,0.3168150503677791,0.2600663307674105
-0.745305,-0.333868,94.4075,-40.881115,50.05,70.0,94.41151361027771,-40.867160821608586
0.680487,0.942931,53.80284,9.239631,50.05,70.0,53.81882125555861,9.24756700200442
-0.156505,-0.384707,240.010738,161.072079,50.05,70.0,240.02867570500732,161.09206695776064
0.23163,-0.998708,-52.682464,53.693571,50.05,70.0,-52.702272989221115,53.71129736872863
0.716656,0.843766,-1.582543,1.447658,50.05,70.0,-1.5662155158507622,1.4464840079200334
-0.818341,0.137962,301.917502,452.451852,50.05,70.0,301.9236517107254,452.4508076761446
0.726975,0.263978,-69.877388,-46.297865,50.05,70.0,-69.86068361494992,-46.31353950246374
0.68334,0.889555,-5.175808,18.06207,50.05,70.0,-5.161519010779048,18.07675413504672
0.742694,0.455814,130.63336,29.437452,50.05,70.0,130.64237481009752,29.456648199699615
0.865631,0.665712,14.294406,-5.142616,50.05,70.0,14.283439854502737,-5.156769404261796
0.628185,-0.100276,-280.874123,-71.101829,50.05,70.0,-280.8643738561469,-71.12176709687706
0.665691,0.274668,-122.374056,82.814738,50.05,70.0,-122.38562031784342,82.79997250591687
0.337834,-0.026712,-1193.144251,-1161.188799,50.05,70.0,-1193.149792933993,-1161.2085332671818
-0.951791,-0.75828,-51.882097,30.589516,50.05,70.0,-51.86537143396646,30.584974151130012
-0.413159,0.042894,270.405509,-180.984413,50.05,70.0,270.4026512000096,-180.9761102784998
0.922459,-0.23181,-192.954254,-80.757671,50.05,70.0,-192.9741662691626,-80.77676393439152
-0.035215,0.133619,64.104689,57.70301,50.05,70.0,64.09489973489826,57.72294443503325
-0.269337,-0.739899,67.897798,43.653299,50.05,70.0,67.87785302287841,43.67291222842378
0.511386,0.868608,15.051571,2.276635,50.05,70.0,15.033054628436739,2.2964382896259927
0.702368,0.693707,-5.289038,16.135392,50.05,70.0,-5.305915329008073,16.14050166591678
-0.858463,-0.182577,-851.879792,-1549.192437,50.05,70.0,-851.8611130792656,-1549.1759379510738
-0.570161,-0.699929,-23.706274,-5.140316,50.05,70.0,-23.71704708091059,-5.127103582643546
0.294006,-0.645119,-175.36862,-351.576794,50.05,70.0,-175.34888471395954,-351.59565741809166
-0.516396,0.935561,1023.055877,-1215.931019,50.05,70.0,1023.0683485453537,-1215.9166127688427
-0.018003,-0.570511,6.238755,83.794999,50.05,70.0,6.220555928747816,83.81450751324118
-0.583966,-0.708952,-965.746603,-793.145571,50.05,70.0,-965.7638300511716,-793.1654606280446
0.650338,0.224121,-110.313679,144.9511,50.05,70.0,-110.29738278145243,144.95544281347617
0.805596,-0.351386,-83.920957,-34.407653,50.05,70.0,-83.93457998138373,-34.40363717123502
0.252037,-0.013131,-156.799371,0.51879,50.05,70.0,-156.78895747834275,0.5221635527574474
-0.691381,-0.032074,-47.626338,1534.246364,50.05,70.0,-47.636576772640765,1534.2625321859405
0.925219,0.149915,276.396444,221.142853,50.05,70.0,276.39392373685416,221.16184682599246
-0.379831,0.178756,94.916074,91.723896,50.05,70.0,94.9150135490378,91.70429418902972
0.353487,-0.950134,-105.313409,18.096018,50.05,70.0,-105.30168926979883,18.10288113227783
-0.90431,-0.740535,1.044308,-1.454556,50.05,70.0,1.0275919295600375,-1.444807277438542
-0.171467,0.155473,313.900642,44.052113,50.05,70.0,313.90748265467187,44.05759549616098
-0.961533,-0.480666,12.142934,-22.247449,50.05,70.0,12.162102909224094,-22.257841068702906
-0.54772,0.469351,-205.367916,-24.401824,50.05,70.0,-205.37773175215335,-24.41973422454199
0.375509,-0.818889,-10.10948,-2.48104,50.05,70.0,-10.106270524807517,-2.4618295250393687
0.927374,0.376394,-7.495537,68.41173,50.05,70.0,-7.4882124940550945,68.43124170153209
0.050868,0.937183,-112.317058,-431.277465,50.05,70.0,-112.33606752477196,-431.2919645445904
-0.75807,-0.879083,-0.747168,-0.881688,50.05,70.0,-0.7280847592060532,-0.898259402663162
-0.753492,0.061749,-1475.417172,1288.63518,50.05,70.0,-1475.4126001333157,1288.651383926301
-0.178239,0.33851,129.327349,-110.833356,50.05,70.0,129.3083916686599,-110.81611343898608
-0.656203,-0.802439,-152.748984,-50.594873,50.05,70.0,-152.76892603007462,-50.613742023853725
-0.58835,-0.403594,-25.164072,-81.763672,50.05,70.0,-25.17206830054847,-81.74391690285701
0.792699,0.900479,-27.012698,2.31105,50.05,70.0,-27.02964654647078,2.291056246727321
0.350678,-0.146772,-182.256885,-172.915195,50.05,70.0,-182.2449732749763,-172.89568826826786
-0.800347,0.565759,-70.60326,50.584992,50.05,70.0,-70.58326715593978,50.59301686103623
0.719373,0.50988,125.310905,-99.368502,50.05,70.0,125.30183175137279,-99.37234219105281
-0.452154,0.654859,-129.813098,19.348533,50.05,70.0,-129.80104676332448,19.34211637440909
0.216335,-0.051376,168.209989,-525.297384,50.05,70.0,168.2076848954775,-525.2849030779237
0.515482,-0.291117,43.154457,-40.062045,50.05,70.0,43.168114703475915,-40.07289126949499
-0.805392,-0.228584,23.292478,-1.937174,50.05,70.0,23.297640714683197,-1.9566767226424617
0.182928,0.471666,-4.826488,-52.406578,50.05,70.0,-4.8073236748943975,-52.39577702387735
-0.704771,0.921617,-13.213494,2.951034,50.05,70.0,-13.197193257477315,2.9311223405317106
-0.388304,-0.217165,-121.939271,46.090784,50.05,70.0,-121.95725253713583,46.11026920615451
0.114726,0.199038,-490.808114,-73.967098,50.05,70.0,-490.79279595909344,-73.98504818633455
-0.774275,0.755972,-22.651524,8.112378,50.05,70.0,-22.64601967759583,8.132121638441175
-0.374093,0.625202,51.773177,5.651476,50.05,70.0,51.773516061402646,5.65768200622959
-0.231098,-0.062498,359.693583,-59.85351,50.05,70.0,359.70815461866124,-59.8516351731332
-0.410382,0.707715,14.468046,3.330834,50.05,70.0,14.451821936436032,3.3109038471804184
0.562716,-0.430959,17.031003,-53.734542,50.05,70.0,17.050958743120333,-53.75344976027015
0.88018,-0.820104,-0.32462,-0.10721,50.05,70.0,-0.3348348808054722,-0.10825559657663397
0.506655,-0.651185,-108.142608,18.84002,50.05,70.0,-108.14356123088761,18.85874424464754
-0.46791,-0.160034,-67.409179,22.596044,50.05,70.0,-67.41151595971519,22.583541131759045
0.31073,0.432766,-90.692951,-0.854852,50.05,70.0,-90.67484005959578,-0.8453446193035786
-0.507011,0.665202,-104.991417,21.485755,50.05,70.0,-104.97988395979465,21.466715123965724
0.053724,0.940564,-40.759306,-252.402495,50.05,70.0,-40.74354331604749,-252.42086130994915
0.053169,-0.388766,84.210657,-82.836132,50.05,70.0,84.2204130432137,-82.81619575733706
0.011266,-0.645825,-32.94141,-312.256611,50.05,70.0,-32.94317756755603,-312.2521183805585
-0.374691,0.562025,-11.053313,0.658187,50.05,70.0,-11.056288756627099,0.6638810019078234
-0.045244,-0.408198,427.082879,734.073773,50.05,70.0,427.0995846414079,734.086690775358
-0.58461,0.462781,-0.224465,1.832295,50.05,70.0,-0.219259578160824,1.8409667707413329
-0.034901,-0.586666,987.920952,1217.616292,50.05,70.0,987.9145638786566,1217.6267404203936
-0.088228,-0.855915,115.646315,312.08672,50.05,70.0,115.66244193298746,312.10640212764366
0.642283,0.84357,-1.532082,1.998707,50.05,70.0,-1.5428537036453396,2.0025543008522853
-0.11678,-0.725927,-18.867002,61.1609,50.05,70.0,-18.884546131092595,61.18082395682354
-0.647275,-0.751421,-54.011428,136.631444,50.05,70.0,-54.03123459579135,136.65130058373433
0.865598,0.102558,-217.957212,35.165882,50.05,70.0,-217.95920426242606,35.14707127479459
-0.304899,-0.43684,96.024559,4.946018,50.05,70.0,96.01672182171612,4.928872892097081
0.036799,0.475332,-59.290263,159.702051,50.05,70.0,-59.279882310152246,159.7103737019684
0.910622,0.830883,0.714467,0.665512,50.05,70.0,0.7107690542566311,0.6473388792659197
0.658642,-0.210458,-164.515812,-172.786835,50.05,70.0,-164.5158880945603,-172.7694609078284
0.824821,0.767406,-19.507116,-7.52002,50.05,70.0,-19.505138997043765,-7.539806613503008
-0.20201,0.825745,-38.129907,-65.757517,50.05,70.0,-38.147542795642934,-65.76853061320102
0.293999,-0.751792,-126.026478,45.327499,50.05,70.0,-126.01790814541772,45.32268546657009
0.623552,0.03502,247.009921,103.567426,50.05,70.0,247.01995664285772,103.54903366134712
0.580699,-0.187957,121.094043,1.213009,50.05,70.0,121.08971471245444,1.1999173658579803
-0.997675,0.072929,-283.680144,-480.329089,50.05,70.0,-283.70003976758477,-480.32965618586184
-0.275753,-0.58589,37.318821,119.785675,50.05,70.0,37.33678644476134,119.77918169302619
0.941424,0.515298,9.97108,0.133281,50.05,70.0,9.98344328282805,0.1516227590279072
0.606886,-0.070798,-62.327843,-4.362981,50.05,70.0,-62.33134965168166,-4.379240627232924
0.090753,-0.71416,-98.173231,272.617193,50.05,70.0,-98.18037459385374,272.63144356938363
-0.888417,0.38381,50.841673,18.91468,50.05,70.0,50.8480709327918,18.89535549472123
0.693891,0.223436,-185.216065,94.090826,50.05,70.0,-185.23019822150448,94.07539481561109
-0.706211,0.716034,8.2633,2.008927,50.05,70.0,8.251681623961803,1.9911484274796183
0.38362,-0.492177,249.265725,136.696032,50.05,70.0,249.2460617203498,136.68334545684993
-0.02089,0.900756,-55.723072,274.601967,50.05,70.0,-55.725740922166025,274.59093284945374
0.999229,0.037873,165.378119,9.839823,50.05,70.0,165.36060998702143,9.823922252185012
0.536824,0.398117,159.411919,60.968682,50.05,70.0,159.40974485298383,60.98103667082867
-0.852293,-0.491809,67.03881,193.48415,50.05,70.0,67.0350369995208,193.47262010354424
0.168093,-0.85791,86.001121,-130.02677,50.05,70.0,85.99762250590915,-130.04524843657308
-0.890454,0.141097,173.413847,30.860742,50.05,70.0,173.4066954989391,30.88074093139303
-0.590572,0.257236,-66.534521,1.724554,50.05,70.0,-66.52014592792912,1.7434341947128775
-0.628415,0.222185,109.194235,25.307715,50.05,70.0,109.20958418866012,25.32344164494977
0.255679,-0.8015,-81.171682,77.752787,50.05,70.0,-81.18593900557711,77.73620116989429
-0.816604,-0.663701,73.921799,-13.41675,50.05,70.0,73.93971567886852,-13.407659155648371
-0.828381,-0.601768,-23.38862,-7.00711,50.05,70.0,-23.379419367594583,-7.02235295961994
0.084115,-0.280729,-95.575002,199.404233,50.05,70.0,-95.59314359151048,199.42300030295831
-0.207484,0.816381,56.844871,-66.967854,50.05,70.0,56.82554141434344,-66.96606080826608
0.912194,-0.758063,-1.821148,-2.126811,50.05,70.0,-1.8024407892422512,-2.145801752082796
-0.764584,-0.355651,86.253137,-45.712505,50.05,70.0,86.23916071143246,-45.72543983734885
0.567613,-0.126809,-11.332489,-209.850217,50.05,70.0,-11.331672001414177,-209.83034631300336
0.723194,0.716693,23.15266,6.016486,50.05,70.0,23.13322047440411,5.998705894919559
-0.539704,-0.797543,-47.405879,-8.877587,50.05,70.0,-47.4137710985881,-8.88079015267426
-0.297177,-0.650233,-111.955791,-69.935118,50.05,70.0,-111.93942088226855,-69.91833918797089
-0.464127,-0.587798,-21.125692,-3.671145,50.05,70.0,-21.11621194851167,-3.6636318505531644
0.876241,0.98963,-1.038306,0.772549,50.05,70.0,-1.0515110114922748,0.7817693418806789
0.70948,0.233202,83.575623,-82.364403,50.05,70.0,83.58102269859073,-82.38438157426678
-0.574631,0.172311,115.332436,19.525844,50.05,70.0,115.3276849054699,19.52942317602838
0.02583,0.11827,-71.804007,-270.156074,50.05,70.0,-71.80192137778008,-270.1433074457766
-0.23157,0.000264,1764.331426,13.242491,50.05,70.0,1764.3266911963851,13.262448818482822
0.437168,-0.519474,78.013227,-49.506618,50.05,70.0,78.00107985668946,-49.48914990557184
-0.806976,-0.849056,1.169015,-0.582052,50.05,70.0,1.164429502385448,-0.5639409011583202
-0.081982,0.129648,240.71688,-183.224623,50.05,70.0,240.73567528419142,-183.2433800025704
0.992207,0.030093,-249.05041,12.849587,50.05,70.0,-249.03064888836695,12.857180355366815
-0.223415,-0.927953,48.108251,74.924496,50.05,70.0,48.09428593868226,74.92033820654399
-0.113665,-0.36844,66.04745,121.48796,50.05,70.0,66.02951457610943,121.4693136076688
-0.366056,-0.307364,-372.796488,-631.377403,50.05,70.0,-372.80452620147855,-631.387904443303
0.12745,0.054312,169.140026,-273.230506,50.05,70.0,169.13150224734244,-273.24687938815606
0.814452,0.494371,-0.510246,2.316404,50.05,70.0,-0.5269042578677383,2.2997892228371852
0.886611,-0.726597,135.663154,37.038273,50.05,70.0,135.6663917199472,37.05755776018338
0.090705,0.476045,-720.739608,-256.022678,50.05,70.0,-720.7196812568079,-256.04183561993386
0.896644,-0.098878,-229.403686,-37.755184,50.05,70.0,-229.40922004729168,-37.774058280573776
0.164741,0.797381,-47.566531,-76.134871,50.05,70.0,-47.55622009405972,-76.12288847042134
-0.41322,-0.990406,60.118783,0.976533,50.05,70.0,60.09907223936562,0.9873562107962485
0.251366,0.708711,-129.933537,-100.041638,50.05,70.0,-129.9207299351688,-100.05765606361769
-0.694833,-0.059202,-493.71616,-584.897239,50.05,70.0,-493.7227649446656,-584.8820851424559
0.987211,0.053511,-434.210351,82.552375,50.05,70.0,-434.22908607908994,82.53281953035687
-0.639452,0.722739,6.857576,21.507829,50.05,70.0,6.870838630679014,21.488551658537276
-0.931298,-0.318579,-397.760084,42.763446,50.05,70.0,-397.7563278478734,42.743742037271964
-0.363234,-0.875293,79.752579,20.957136,50.05,70.0,79.73463734515543,20.937615313923978
0.94323,0.867319,-1.337767,0.983533,50.05,70.0,-1.3573470951739055,1.0019099242409433
-0.96312,0.844,33.079458,-1.562294,50.05,70.0,33.05947606966864,-1.5712387741726896
-0.892525,-0.665976,-16.156476,-17.930856,50.05,70.0,-16.176334819583243,-17.91840859418484
0.935062,-0.408747,-66.544176,-29.957975,50.05,70.0,-66.52727592293802,-29.938798389203214
0.188367,-0.117155,-119.361613,-196.919959,50.05,70.0,-119.34244527621352,-196.9000483100212
0.980812,0.501901,-156.239989,-72.332267,50.05,70.0,-156.2326044092986,-72.34210325688139
-0.547051,-0.291983,76.434819,-22.844341,50.05,70.0,76.41677908909274,-22.835272798345134
0.639283,0.423783,-326.457183,97.610004,50.05,70.0,-326.475035713658,97.61453494820545
0.516816,0.129318,33.51577,3.477489,50.05,70.0,33.495888008939296,3.4679644939579948
-0.557565,-0.993933,-16.9333,-1.296735,50.05,70.0,-16.937282984770444,-1.3164905718501039
0.975353,0.759698,-0.895284,0.424292,50.05,70.0,-0.8782404511835178,0.4196162955325055
0.245079,-0.954975,-100.419483,-5.029956,50.05,70.0,-100.4198237589369,-5.012983434697019
-0.267949,0.575528,99.744931,-59.617156,50.05,70.0,99.73778226113113,-59.631253109831924
0.894515,0.105485,-257.920635,54.098834,50.05,70.0,-257.91439681652537,54.09924615679395
0.889279,0.111941,-415.318544,221.615265,50.05,70.0,-415.3028046105362,221.59526500000575
-0.611901,-0.225037,96.491737,-120.004742,50.05,70.0,96.49132729194818,-120.00029522375432
-0.196245,-0.287451,54.41665,14.017046,50.05,70.0,54.433149880429376,14.010461447824461
0.814603,-0.975098,0.990313,-0.886341,50.05,70.0,1.0095303238335565,-0.8816029563522765
-0.474197,0.16465,14.923428,22.658581,50.05,70.0,14.92731450362965,22.67278401973104
-0.72754,0.237987,136.656686,40.286225,50.05,70.0,136.66390329900292,40.28596556416072
-0.153803,-0.974938,400.772699,153.040788,50.05,70.0,400.7532081673557,153.05859559164614
0.209105,0.421466,381.315864,25.670226,50.05,70.0,381.3246383104996,25.651560861048996
-0.420404,0.270317,65.725227,24.887319,50.05,70.0,65.70639661388577,24.88084376488873
-0.775388,0.057931,245.975985,25.56541,50.05,70.0,245.9925754127618,25.564338535588217
-0.356048,-0.094897,-109.797853,-336.837865,50.05,70.0,-109.80368047671865,-336.85194972689845
-0.930477,-0.531538,116.236751,37.005945,50.05,70.0,116.2431227991915,36.98594618501956
0.445888,0.03876,-178.84368,6.441733,50.05,70.0,-178.82943443876792,6.433299531506986
-0.563272,-0.908514,-41.632951,-18.051064,50.05,70.0,-41.647988045956616,-18.037414310486955
0.604944,-0.701452,89.000991,31.383994,50.05,70.0,88.99781129628909,31.393044494648265
0.696816,-0.607305,-42.433,-2.793014,50.05,70.0,-42.45270455669704,-2.7908682204684165
-0.973748,0.219988,114.53979,11.245678,50.05,70.0,114.53349339575021,11.257649311492951
-0.658769,0.070072,-342.658714,709.851521,50.05,70.0,-342.67223064916857,709.8429078253898
-0.305274,-0.733342,-36.212542,97.150541,50.05,70.0,-36.19394388647214,97.15871688380552
0.729331,-0.140901,-156.438525,-25.583642,50.05,70.0,-156.4540297222234,-25.603601123350188
-0.128113,0.801972,49.613245,-129.374473,50.05,70.0,49.61907360481155,-129.3943301416318
0.73822,-0.733274,-1.564754,-11.695512,50.05,70.0,-1.5834853177807624,-11.69490785923449
-0.132653,0.505797,362.684784,-211.487475,50.05,70.0,362.6656274183933,-211.50244553380662
0.930577,0.200354,-246.716826,136.55118,50.05,70.0,-246.7339750079375,136.5414336796532
-0.643322,-0.315908,88.234046,-44.583162,50.05,70.0,88.23130924543575,-44.578728383823446
0.530902,0.866547,132.788137,73.413152,50.05,70.0,132.7977356973632,73.40345553207072
0.062356,0.024967,355.220975,-164.89822,50.05,70.0,355.2012873728128,-164.90720222903252
-0.373239,0.979921,78.505155,-23.436275,50.05,70.0,78.52133497570094,-23.455975398891155
-0.460051,-0.072005,-61.937299,-72.975842,50.05,70.0,-61.94607858301492,-72.98058864323275
-0.188215,0.67068,75.233612,-108.345767,50.05,70.0,75.21399453357105,-108.33216736277757
0.116401,0.357782,-194.68309,-237.841785,50.05,70.0,-194.70295534622755,-237.82402917459066
-0.757106,-0.675932,2.312453,-0.407979,50.05,70.0,2.294613477509329,-0.39724213986928947
-0.387641,0.917239,68.180054,-0.723087,50.05,70.0,68.18918017296087,-0.7238361664036572
0.032086,-0.732393,371.162231,427.039653,50.05,70.0,371.1445473654772,427.0267580477929
0.678109,0.983759,-65.033092,184.254313,50.05,70.0,-65.04722733635775,184.25452540307617
0.043194,-0.034291,-35.050438,4.695516,50.05,70.0,-35.07036686783814,4.711105129446285
-0.333433,-0.010436,-1149.384429,-364.968154,50.05,70.0,-1149.3926674293275,-364.9798009721326
0.609429,0.676314,-30.694253,53.085239,50.05,70.0,-30.674267731680974,53.06737851608302
0.808097,-0.314282,217.24298,174.835267,50.05,70.0,217.25751498157757,174.8495392036898
-0.138759,-0.128082,153.09582,74.494688,50.05,70.0,153.11544207428503,74.50429912426314
-0.681691,0.812255,-41.52073,-17.991607,50.05,70.0,-41.53897014956966,-17.972271688020587
-0.427747,0.851151,15.032559,3.771797,50.05,70.0,15.032747578774849,3.7912452887082226
-0.708482,0.543935,-5.771842,0.329833,50.05,70.0,-5.751903385062624,0.31315739025553035
-0.078135,0.777508,44.041216,-192.551075,50.05,70.0,44.02141949619551,-192.5319365993675
-0.41483,-0.039981,-353.963035,148.566123,50.05,70.0,-353.943278014718,148.55702454799845
0.032608,0.038087,-99.458959,-103.109695,50.05,70.0,-99.4653883683797,-103.097628871238
0.132712,0.487181,-16.408082,-29.265363,50.05,70.0,-16.42749558064321,-29.246638034475527
0.057832,-0.019496,256.207037,-23.617416,50.05,70.0,256.22627265804186,-23.602574258232796
0.33746,-0.308078,-45.367983,-11.300506,50.05,70.0,-45.36706057205001,-11.284526938282033
0.134823,-0.033821,-202.678898,542.764415,50.05,70.0,-202.6887308978589,542.7598387193943
-0.422539,0.38582,12.01686,0.533536,50.05,70.0,12.025987424155206,0.515068685691815
0.469104,0.229662,-191.240401,-162.718551,50.05,70.0,-191.24199415590678,-162.71052459119747
-0.068327,-0.368742,161.25691,347.747323,50.05,70.0,161.23709175476424,347.7383360582099
0.55931,0.327728,-62.695433,23.26412,50.05,70.0,-62.69706462103457,23.279645006270286
0.125328,0.391472,-417.933719,-171.134576,50.05,70.0,-417.9520524912653,-171.15203596129737
-0.527821,0.920037,-83.022595,24.228052,50.05,70.0,-83.00295093317972,24.246291326231095
-0.936632,0.033257,158.448387,5.85553,50.05,70.0,158.43152183878223,5.87246887066806
0.942568,-0.267068,-138.252455,-45.580405,50.05,70.0,-138.27226880978785,-45.56053006586592
-0.617404,-0.713359,45.535838,-13.463499,50.05,70.0,45.55532605682364,-13.461775592266493
0.572391,0.171771,-150.944074,29.548061,50.05,70.0,-150.94578092659597,29.5628555214666
0.955694,0.344835,-12.006866,8.257665,50.05,70.0,-12.015522433877324,8.238837205808546
-0.351568,-0.810625,-117.562181,63.139063,50.05,70.0,-117.54219307210705,63.120162195907575
-0.169614,-0.699694,157.198785,196.10347,50.05,70.0,157.20546307665015,196.12002442747607
0.246401,-0.746729,-72.979349,65.904811,50.05,70.0,-72.97261945281424,65.92262424027248
-0.272634,-0.161316,-57.157565,371.523658,50.05,70.0,-57.17368107788805,371.50375222260254
0.764563,0.008176,578.606297,55.740253,50.05,70.0,578.6219695183738,55.72164540495618
-0.582331,0.761714,-250.389099,-64.516213,50.05,70.0,-250.40596052886744,-64.51662942079598
0.128249,-0.5165,-87.684656,173.166508,50.05,70.0,-87.7036168937694,173.1699134228703
-0.810251,0.110672,60.840817,597.789046,50.05,70.0,60.821596885820945,597.7717939285009
0.061477,-0.751593,-28.421454,160.228056,50.05,70.0,-28.422136933905914,160.21322744254545
-0.031067,-0.137438,73.143992,164.018239,50.05,70.0,73.14129003911795,164.0236811816948
0.075672,-0.189067,-47.021009,-228.267671,50.05,70.0,-47.004855222715626,-228.28508272218033
0.357957,0.177125,827.161781,47.841752,50.05,70.0,827.1704391975599,47.843705350130506
0.945448,0.137335,-353.089715,189.72342,50.05,70.0,-353.09258270925034,189.7432602000714
0.190099,0.993668,-284.792431,-54.023553,50.05,70.0,-284.7912476273991,-54.03718743462664
0.569909,0.457442,-0.711655,0.347412,50.05,70.0,-0.6919307998691756,0.32912326558678284
0.227949,-0.865515,-73.69347,92.573517,50.05,70.0,-73.71085284120328,92.56110062280725
-0.712517,0.731451,-18.971528,4.927325,50.05,70.0,-18.981048272029508,4.943719559731251
-0.501885,0.813132,-4.458892,0.104309,50.05,70.0,-4.448927593501792,0.08522194679862392
0.313704,0.430461,-87.773619,1.390043,50.05,70.0,-87.76124589880108,1.401597191322115
0.763402,0.503721,-114.243069,-159.052039,50.05,70.0,-114.23459993820592,-159.03503591294458
0.045099,-0.019573,-128.691133,42.011362,50.05,70.0,-128.68279744209337,41.99453293322869
-0.963423,-0.256147,28.766001,-117.948346,50.05,70.0,28.78138628571647,-117.93283558843774
0.929378,0.058551,-333.902414,51.334258,50.05,70.0,-333.91855699068606,51.32941802345297
0.072793,-0.572214,-1121.188256,189.273803,50.05,70.0,-1121.201883305159,189.278378328813
0.807086,0.694154,15.8249,3.984541,50.05,70.0,15.842474162023654,3.9678632654643864
0.641688,0.847481,-1.659098,19.531491,50.05,70.0,-1.6643956629391472,19.522944926466458
-0.389006,-0.022804,1022.992984,-336.501324,50.05,70.0,1023.012647293689,-336.48333319107707
0.727428,-0.115596,-367.830737,-201.757376,50.05,70.0,-367.8241495635331,-201.76230108684337
-0.813874,-0.786699,-29.663933,-5.58518,50.05,70.0,-29.670761524386304,-5.600920676772699
-0.044954,0.456141,44.004017,-238.538322,50.05,70.0,44.02196285874855,-238.5184398221024
0.35993,-0.650104,-1089.584806,196.30851,50.05,70.0,-1089.5652254085344,196.3269127201079
-0.301107,-0.700062,-39.90692,-18.327762,50.05,70.0,-39.89676410435944,-18.326892943775956
0.052768,0.87849,-1303.43439,568.054954,50.05,70.0,-1303.4289588465474,568.056193402787
0.787487,-0.702717,-11.304606,-1.941742,50.05,70.0,-11.299003351796848,-1.9217485725897225
-0.57178,0.0873,-726.496483,-281.894613,50.05,70.0,-726.5143255848521,-281.8806976358647
-0.750711,0.802079,0.157884,1.925354,50.05,70.0,0.15387157467212353,1.9394391440428072
0.538598,0.219511,-133.566125,108.124475,50.05,70.0,-133.56082047473078,108.11967848978996
-0.684335,0.382145,28.88055,147.56532,50.05,70.0,28.889207391060953,147.58519799508014
0.705871,-0.428423,24.157821,-103.376095,50.05,70.0,24.137899242201616,-103.37286496554238
-0.499808,-0.27644,-91.46406,-102.331941,50.05,70.0,-91.47221333782771,-102.32760434408266
-0.1239,-0.37967,25.517015,127.969528,50.05,70.0,25.499794707484515,127.96265928860154
0.880262,0.567198,59.361338,5.290769,50.05,70.0,59.38071776877802,5.292243974966902
0.894981,-0.051773,-928.796477,-486.183072,50.05,70.0,-928.7839423345372,-486.16788448269494
-0.145525,0.16047,-128.911513,-42.929743,50.05,70.0,-128.92855949826327,-42.9469883028487
-0.983902,-0.438564,66.45187,-147.526296,50.05,70.0,66.43988132324559,-147.51165501675442
-0.947299,0.746101,9.475862,3.718467,50.05,70.0,9.470774122219513,3.6991158556457258
-0.283541,0.518819,36.751541,7.366697,50.05,70.0,36.73631096580717,7.367206249656344
-0.200718,0.528486,134.914225,-129.485453,50.05,70.0,134.9090992711794,-129.49832971603163
0.263578,-0.036397,-214.294216,45.408058,50.05,70.0,-214.27924836440525,45.388410344631396
0.281579,0.501847,-36.109314,1.316277,50.05,70.0,-36.10343800340912,1.3143797056828086
0.535244,-0.149945,-241.546953,-98.947581,50.05,70.0,-241.5269925987693,-98.94345855776932
-0.129587,0.026614,-323.788186,-71.821424,50.05,70.0,-323.80463332466593,-71.83187915846376
-0.703908,-0.586953,-59.474049,-9.255766,50.05,70.0,-59.48900921609043,-9.265173915826393
-0.915173,0.687097,18.421296,4.869149,50.05,70.0,18.407131282387567,4.85834788613893
0.037398,0.540106,28.326014,52.349682,50.05,70.0,28.309225549988636,52.33034600161017
-0.441523,-0.679931,-25.770389,-12.267028,50.05,70.0,-25.750443858189847,-12.287006245262676
0.397496,0.718991,-82.914817,-6.51402,50.05,70.0,-82.93310621587645,-6.494154745670663
0.090112,0.520215,-117.352444,-273.173006,50.05,70.0,-117.36574818917177,-273.18809991306495
-0.745199,-0.561978,-65.03022,-22.097424,50.05,70.0,-65.02008557891806,-22.097498792756543
0.835722,-0.012124,-960.527414,-98.469246,50.05,70.0,-960.5428773003845,-98.48232356407976
0.233362,0.117843,44.826878,-9.958159,50.05,70.0,44.83601920966039,-9.96756242375074
0.591414,-0.097597,-283.175738,-71.197095,50.05,70.0,-283.15906697480443,-71.20824214767521
-0.311445,-0.449952,451.2435,214.012632,50.05,70.0,451.2622815394819,214.0296408051313
-0.3467,-0.991694,67.626398,27.244453,50.05,70.0,67.60827762245226,27.25243948643397
0.593611,0.818338,-27.973769,-66.510485,50.05,70.0,-27.96495467781231,-66.51184339173832
-0.190837,0.603729,94.991888,-125.065506,50.05,70.0,94.99488846790182,-125.08224675985
0.866465,0.676369,-59.126032,9.06054,50.05,70.0,-59.10665570002146,9.079521871796441
-0.26501,-0.030957,-269.382274,86.145889,50.05,70.0,-269.38877853413567,86.13241923105271
-0.289241,0.724342,125.862766,-55.207551,50.05,70.0,125.8709649867281,-55.196665963207614
0.00777,0.58661,-685.63982,-1764.323632,50.05,70.0,-685.6403397158887,-1764.3386481188575
-0.83976,0.157299,-35.041946,155.643667,50.05,70.0,-35.057570716228106,155.6587102521825
-0.276546,0.092987,324.300698,102.625015,50.05,70.0,324.2833947685513,102.64309568977747
0.839906,0.297285,-35.935222,7.791017,50.05,70.0,-35.91620497702131,7.77457069849431
0.473041,0.404213,156.428786,-68.355316,50.05,70.0,156.41657081289026,-68.37518925472463
-0.399031,-0.508616,-200.607886,31.652122,50.05,70.0,-200.5893864428716,31.63924647740348
-0.303433,0.198771,-41.493362,-21.288232,50.05,70.0,-41.48607396646156,-21.268379913715997
0.740182,0.240378,1100.537008,1496.412085,50.05,70.0,1100.5182726516346,1496.415773901839
0.036387,-0.442208,-1030.145389,-1007.487406,50.05,70.0,-1030.1255029327708,-1007.4856923150867
-0.18341,-0.578877,14.494034,45.475333,50.05,70.0,14.512541274314174,45.455787258821964
0.814638,-0.385193,-75.793554,-42.100774,50.05,70.0,-75.79321077266002,-42.10867009343084
0.055046,-0.839795,-14.619596,70.324701,50.05,70.0,-14.624250373965575,70.31137184560939
-0.432496,-0.96426,-139.100749,8.48547,50.05,70.0,-139.12074648808863,8.478442716798208
-0.324093,0.965964,113.801634,-48.210333,50.05,70.0,113.78659560417627,-48.22890703668273
0.958274,-0.29124,-169.22109,-107.841696,50.05,70.0,-169.20287202942725,-107.85221395290958
-0.878065,0.355906,-11.029698,-0.125212,50.05,70.0,-11.041417131299571,-0.12181616075754913
-0.28576,-0.760071,101.087669,70.424829,50.05,70.0,101.0929220037383,70.40609751622726
-0.517789,-0.477617,-40.856669,-17.849772,50.05,70.0,-40.8758536036279,-17.869708317482587
0.691895,0.682138,12.772096,267.844068,50.05,70.0,12.7877857536757,267.8543879098472
0.688975,-0.38998,103.21986,-42.459164,50.05,70.0,103.23929473832584,-42.44639178610564
-0.396461,0.679325,40.342337,7.622457,50.05,70.0,40.35036734969213,7.638381638846456
-0.588634,0.824027,-18.257282,3.563905,50.05,70.0,-18.274428298155392,3.54422892526992
-0.58283,0.3759,-104.421445,-17.519691,50.05,70.0,-104.41428473379466,-17.503216476994577
-0.244066,-0.018336,299.58109,-6.931407,50.05,70.0,299.58307703268815,-6.947517377285286
-0.170905,-0.394405,48.160703,29.728419,50.05,70.0,48.144012828655235,29.71933138383591
-0.765408,-0.211064,209.058884,-174.225899,50.05,70.0,209.074653553131,-174.2390092744433
0.644374,-0.008957,-177.753805,-1.848526,50.05,70.0,-177.75742784832917,-1.867622678465044
-0.537857,0.23794,124.322409,35.28295,50.05,70.0,124.33174309883124,35.30118476385517
-0.935219,-0.233858,-227.225765,152.534244,50.05,70.0,-227.21234146865206,152.54281849465056
-0.448685,0.957694,-66.130474,31.849359,50.05,70.0,-66.11392635849991,31.83521323327897
-0.032456,0.509318,-717.674515,65.71585,50.05,70.0,-717.655309541261,65.73147956706067
0.101951,-0.51086,-585.470888,261.792526,50.05,70.0,-585.4532346623191,261.80891995541526
-0.026392,0.427601,7.747708,-43.897615,50.05,70.0,7.7559254478903235,-43.8874807333135
0.688098,0.86021,236.139512,-398.483945,50.05,70.0,236.127408548541,-398.4668039791153
-0.458129,0.220956,142.482079,51.096425,50.05,70.0,142.46510925685953,51.08153669107149
-0.386761,-0.294617,-65.298332,37.216381,50.05,70.0,-65.31163863991803,37.23583604537624
0.36584,0.680844,100.51601,-157.455409,50.05,70.0,100.49695168146023,-157.43546488632296
0.944582,-0.403668,0.633217,1.08498,50.05,70.0,0.6180825456098442,1.0649859984504577
-0.443382,0.085295,28.739517,1.839583,50.05,70.0,28.744015439542043,1.8532905103732016
-0.442698,-0.431308,-230.943913,-174.008488,50.05,70.0,-230.94746850142414,-174.00482352330397
-0.99229,0.589789,-0.35678,4.598845,50.05,70.0,-0.37364258399272354,4.594615112414152
0.586778,-0.025773,228.142875,-68.702739,50.05,70.0,228.16051505873278,-68.7217472186467
0.832101,-0.87174,-14.599004,27.739894,50.05,70.0,-14.589957095282033,27.725102922005526
0.665221,0.365652,37.230322,8.885843,50.05,70.0,37.238965763184574,8.871875094655943
-0.489352,-0.54111,-44.582968,146.110083,50.05,70.0,-44.56313708128048,146.09027379443742
-0.429108,-0.017719,-1228.359811,-1287.090066,50.05,70.0,-1228.3797065998745,-1287.1100638734665
0.191506,0.635532,-100.804019,-134.807499,50.05,70.0,-100.82374449899227,-134.8034173595792
-0.605819,-0.007693,225.300311,-2.64286,50.05,70.0,225.28824026545962,-2.6476254880054597
0.711863,0.274191,-95.553014,28.247423,50.05,70.0,-95.55033102473074,28.266835474162185
0.321706,0.919933,-77.066176,-43.556079,50.05,70.0,-77.04923402639865,-43.56541696413519
-0.680628,0.678698,33.075676,6.15936,50.05,70.0,33.0640695190927,6.150755072506913
0.874991,-0.027866,-192.36839,-6.967783,50.05,70.0,-192.36283606339597,-6.950373186995382
-0.33752,-0.702604,79.646405,0.049976,50.05,70.0,79.65135075375966,0.03534552226310115
-0.661708,0.673723,-36.252917,10.738959,50.05,70.0,-36.258592331625046,10.75062860404884
-0.738197,-0.881324,54.732408,12.639257,50.05,70.0,54.739536371750965,12.620425225707507
-0.420508,0.522689,-43.718638,84.680682,50.05,70.0,-43.7055771004359,84.68567852043819
0.83652,-0.610515,-126.317098,-21.42508,50.05,70.0,-126.3232229720677,-21.444923037824843
-0.930506,0.980989,0.838368,0.478867,50.05,70.0,0.8519605931015439,0.4689198704269565
-0.516784,0.405662,-138.057522,-47.044195,50.05,70.0,-138.0652822473618,-47.03118834269946
-0.045389,-0.848663,94.481929,-214.233322,50.05,70.0,94.47960456744885,-214.2255327237949
0.513065,-0.922418,14.487069,-4.644689,50.05,70.0,14.505934077358974,-4.664370462340135
0.929062,0.736761,-14.286551,2.711325,50.05,70.0,-14.269827689392592,2.697737357107498
0.744536,-0.59041,169.318338,165.417664,50.05,70.0,169.30331962616972,165.4163144234472
0.97308,0.562524,-25.645544,13.317347,50.05,70.0,-25.657055208072784,13.3005912585209
0.33625,-0.644742,-81.762865,14.890861,50.05,70.0,-81.77906226176388,14.909225032660785
-0.176911,0.648562,214.426858,224.243595,50.05,70.0,214.4333502560147,224.23041330399784
0.38266,-0.625251,-1.862788,-19.266817,50.05,70.0,-1.8801888375407394,-19.286694275181816
-0.597386,-0.264679,125.07657,-63.722258,50.05,70.0,125.09589592498862,-63.74183549874584
-0.457815,-0.49338,-15.690501,-19.347649,50.05,70.0,-15.7026226683096,-19.367572815715754
-0.236934,-0.150588,188.433846,-129.028258,50.05,70.0,188.4518024195821,-129.00920259957425
-0.929163,-0.441094,-106.474192,22.613304,50.05,70.0,-106.47480821304819,22.610731253142273
0.534416,-0.069393,-114.717177,263.296019,50.05,70.0,-114.72022059121565,263.29116349404256
-0.295009,-0.21828,134.92577,96.312045,50.05,70.0,134.91014645852223,96.29830684079553
-0.640338,-0.167242,240.285542,-215.586892,50.05,70.0,240.2927403565815,-215.58230363404522
-0.834751,0.331732,-20.329943,-104.420124,50.05,70.0,-20.34117369634233,-104.41138785690833
-0.585224,0.14484,119.656358,16.971272,50.05,70.0,119.6556909566666,16.975080803517688
0.332873,0.603187,-30.122039,6.612327,50.05,70.0,-30.10209509204422,6.631981102206178
-0.241551,0.26004,-29.866083,-291.630865,50.05,70.0,-29.874878241397493,-291.6287735515919
0.485232,-0.708484,119.725258,-79.066224,50.05,70.0,119.73501376523697,-79.06926989099861
0.510548,0.78166,-68.444552,72.859109,50.05,70.0,-68.44712887289296,72.83955188755672
-0.634796,0.983708,-1.087412,1.692816,50.05,70.0,-1.0710201667363006,1.7060737833031014
-0.825016,-0.047281,135.1523,-130.815253,50.05,70.0,135.14059816721144,-130.83424349162496
-0.654246,0.09583,-132.877268,531.085969,50.05,70.0,-132.8913910953385,531.0847596135586
0.608714,0.657938,-48.220798,11.178117,50.05,70.0,-48.23303002249995,11.16416342860936
-0.039358,0.507217,-205.52647,-233.136553,50.05,70.0,-205.5234438569197,-233.15546376399394
0.793756,0.650199,-37.188785,-134.037076,50.05,70.0,-37.17167884227816,-134.05369527603494
-0.101156,-0.123564,156.470602,-309.266413,50.05,70.0,156.45820613166234,-309.28632006675963
-0.737453,-0.371358,-183.983511,8.361687,50.05,70.0,-183.9999830128941,8.344839193129443
0.578496,0.782688,25.702411,-45.067975,50.05,70.0,25.71749974140467,-45.087121225293906
0.636091,0.786919,-57.373832,13.388741,50.05,70.0,-57.39033264506858,13.377670884003246
-0.24663,0.883242,126.642514,-123.036667,50.05,70.0,126.65328685060175,-123.03305394064455
0.643517,-0.405986,142.927278,30.78708,50.05,70.0,142.92733080045667,30.785562685460633
0.597813,-0.554925,-102.816135,58.387066,50.05,70.0,-102.81152119934893,58.39540843573158
-0.62,-0.336508,142.130497,19.014758,50.05,70.0,142.1452016603184,19.030648816947547
0.304269,-0.154242,-195.940011,-32.424376,50.05,70.0,-195.9210892352414,-32.40660712432128
-0.33783,0.088775,223.604763,22.648512,50.05,70.0,223.60765729082436,22.667061685480576
0.046451,0.708485,-930.877917,824.680973,50.05,70.0,-930.8579585973139,824.6833686083927
-0.491295,0.801298,-188.697701,1.997604,50.05,70.0,-188.70837960471638,2.0082292049830235
-0.576111,-0.704383,56.285592,-25.938667,50.05,70.0,56.301108684247396,-25.933614012206846
-0.56758,0.68688,-58.982067,12.911814,50.05,70.0,-58.962311175573916,12.930240088386064
0.384001,-0.088626,-277.887218,-57.819088,50.05,70.0,-277.88859522662443,-57.80592047862804
0.460444,0.686586,-116.312762,10.681678,50.05,70.0,-116.3127882977719,10.66302545009822
-0.545531,-0.742942,-12.902109,-1.480161,50.05,70.0,-12.92009021670359,-1.4823147275898607
-0.619004,0.397193,19.670748,32.052449,50.05,70.0,19.66992783670966,32.04105026975665
-0.383222,-0.813961,37.096595,-4.299193,50.05,70.0,37.0870911363273,-4.31902679893016
-0.235062,-0.691103,54.2703,34.78957,50.05,70.0,54.25196190935171,34.79728950085542
0.624005,-0.350784,-57.94887,-22.271073,50.05,70.0,-57.92916229133619,-22.25600824921305
0.379406,0.673953,337.844609,-267.610585,50.05,70.0,337.8498577123769,-267.5990132845583
-0.870828,-0.009465,374.156261,-10.59175,50.05,70.0,374.147591864484,-10.592492233771784
0.927033,0.650779,-140.45651,-29.51198,50.05,70.0,-140.45840624182873,-29.509256648437912
-0.364182,-0.804428,-265.997244,295.783459,50.05,70.0,-265.9832805047904,295.77425414170966
-0.021582,-0.734629,-62.587759,90.45987,50.05,70.0,-62.58955641396061,90.46673407989007
-0.915026,-0.838581,435.826658,273.920289,50.05,70.0,435.824006787406,273.92878579276424
-0.027805,0.673928,-826.490777,-164.991041,50.05,70.0,-826.5099581927731,-164.99716599147658
0.714985,0.747711,-0.850656,0.706718,50.05,70.0,-0.8582967003865027,0.6978550093901842
0.782172,-0.031503,-134.225379,-4.362841,50.05,70.0,-134.22889943395106,-4.355110450288792
0.52808,-0.562487,36.66674,-11.318426,50.05,70.0,36.66587102892875,-11.309736231045196
0.283238,0.386825,-78.18957,-272.95915,50.05,70.0,-78.2090602534284,-272.9555608421126
-0.639415,-0.65602,73.691076,-42.549387,50.05,70.0,73.70650816308812,-42.56199016180496
0.27525,0.120686,-143.803626,-0.37617,50.05,70.0,-143.8226723439008,-0.39453951332917914
0.366938,-0.877522,-52.942484,5.143331,50.05,70.0,-52.931458130905405,5.156995341062905
-0.514478,-0.825135,-26.293509,-10.350203,50.05,70.0,-26.31343634490334,-10.332457069424956
-0.039624,0.034102,87.660678,-54.859874,50.05,70.0,87.67729695613028,-54.858850151237945
-0.839831,0.961931,107.496602,1.816648,50.05,70.0,107.50330073233715,1.7973761404727988
-0.832156,-0.041503,1187.429676,-1297.069773,50.05,70.0,1187.4118371074203,-1297.051867384551
0.453356,-0.439488,-80.820332,-3.413406,50.05,70.0,-80.80077862198263,-3.4213231972348157
-0.477242,0.99771,38.832813,50.475818,50.05,70.0,38.850178135715,50.492157166142796
0.519574,0.475542,1.848062,1.410018,50.05,70.0,1.8619401950663632,1.3903573204344
0.442412,-0.374537,68.318967,-24.807695,50.05,70.0,68.33893737582336,-24.821062650303784
-0.838822,-0.082726,185.082884,-19.643988,50.05,70.0,185.0976502881052,-19.648262442008892
-0.369486,0.041502,-325.576356,-279.355691,50.05,70.0,-325.595207619294,-279.3385038606451
-0.47214,0.748797,-33.229399,-236.147228,50.05,70.0,-33.219763174214265,-236.1659640820125
-0.975532,0.241973,214.441936,174.98645,50.05,70.0,214.4619359829952,174.97443864155238
0.839056,0.02241,-389.558936,28.057141,50.05,70.0,-389.54124093401754,28.077140476582688
0.650509,-0.900784,5.769364,-11.655276,50.05,70.0,5.749609721211045,-11.672087135719186
0.527448,0.819775,15.886811,5.022307,50.05,70.0,15.886386907213348,5.009784747215416
-0.0355,-0.640795,-945.07166,82.647536,50.05,70.0,-945.0915203415503,82.66593417191112
0.155309,0.278138,-91.211054,-90.03217,50.05,70.0,-91.19522594234078,-90.04948313884051
0.667607,0.477563,36.012839,105.512356,50.05,70.0,36.00836155421226,105.50143934621634
0.402422,-0.498057,32.969397,-100.572925,50.05,70.0,32.965231705884094,-100.57119457998982
-0.84807,0.479414,-0.967596,1.832907,50.05,70.0,-0.9624496932169054,1.8354122223971998
-0.493787,0.925715,-17.684537,18.131869,50.05,70.0,-17.675894605668944,18.149806969882246
0.491557,-0.406792,9.485438,-6.825623,50.05,70.0,9.477111416857605,-6.844710120276518
-0.955846,-0.907204,0.837061,-0.736053,50.05,70.0,0.8473209359770678,-0.7461133046622411
0.616655,0.116927,-280.157462,458.412348,50.05,70.0,-280.1767379555267,458.43104461993977
-0.800878,-0.359369,78.696954,-32.702532,50.05,70.0,78.6939683616408,-32.716670031859316
0.078077,0.245291,-36.614858,11.240924,50.05,70.0,-36.62160400797416,11.253943683509132
0.606602,-0.840548,18.008017,-4.008452,50.05,70.0,17.989429588613074,-4.018122798810255
0.91192,0.644649,89.865544,-96.700808,50.05,70.0,89.87147787520377,-96.72074408120847
0.623283,-0.477962,111.224139,4.042335,50.05,70.0,111.24370511599413,4.022369558932942
0.89362,-0.929737,-1.489391,-0.676212,50.05,70.0,-1.4846472958785615,-0.6682943873185149
-0.092447,0.238683,-2.963595,20.695516,50.05,70.0,-2.959720109429865,20.682927577136486
-0.463039,-0.299295,-50.476579,-32.345092,50.05,70.0,-50.45662328819063,-32.335235844784535
-0.251181,0.394429,71.003394,-20.335803,50.05,70.0,70.98515468620424,-20.35580011002052
-0.835244,0.058242,466.582439,117.759395,50.05,70.0,466.5630689300608,117.75387462033797
0.872796,-0.909412,-66.192547,3.326036,50.05,70.0,-66.20848585210284,3.3168840743662797
-0.481087,0.373501,8.595138,-0.622768,50.05,70.0,8.594583018176678,-0.6120733834433474
-0.566194,-0.015099,270.70289,-8.266104,50.05,70.0,270.71229926185384,-8.283539487905895
0.227089,0.682014,-179.31916,-104.47885,50.05,70.0,-179.33469979210437,-104.48531009293013
0.609462,-0.769517,-32.492702,21.720396,50.05,70.0,-32.473171189138576,21.732839037841043
0.7358,0.587372,4.398032,2.417311,50.05,70.0,4.388799687628692,2.397311009772807
-0.040218,0.054464,-79.184154,-102.236736,50.05,70.0,-79.19976971624338,-102.21680011883825
-0.619626,-0.05256,229.066857,332.264049,50.05,70.0,229.0778554049713,332.2596109971245
0.625125,0.471055,66.707832,3.329016,50.05,70.0,66.69171491541711,3.3462687157406266
-0.973906,-0.440962,71.776085,-43.157228,50.05,70.0,71.75943335846917,-43.142443298209415
0.756338,-0.228264,-153.404978,-185.79288,50.05,70.0,-153.38874436658543,-185.77510589114354
-0.432827,-0.528527,-363.622011,165.656553,50.05,70.0,-363.6398141940797,165.64368846802336
-0.956103,0.783675,-0.670452,-0.020147,50.05,70.0,-0.6724632943535243,-0.03970483163970023
-0.774119,-0.61742,-12.375129,-4.373782,50.05,70.0,-12.377567687644008,-4.362249556579917
-0.977014,-0.672616,61.588521,151.085522,50.05,70.0,61.60836389634982,151.10547776063163
-0.660323,-0.04995,-525.698197,-465.035955,50.05,70.0,-525.7060076755525,-465.0463870866748
0.482141,-0.648637,-357.343558,-38.252173,50.05,70.0,-357.3509073933373,-38.26539623845645
0.350344,0.235804,-113.921275,32.132949,50.05,70.0,-113.92985742489427,32.12177708826345
-0.837014,0.312122,-127.13389,48.426683,50.05,70.0,-127.13846475139246,48.43632521506068
-0.164715,-0.371376,174.868966,-46.364086,50.05,70.0,174.88118763345108,-46.352979993788864
0.278104,0.099303,-252.057511,33.075131,50.05,70.0,-252.03943338857965,33.05766538938219
0.992615,0.877556,0.063366,0.003354,50.05,70.0,0.06370138427930196,0.022358556460552105
-0.918737,0.791752,-0.636124,0.7886,50.05,70.0,-0.6504907177571204,0.7686152294044959
0.977058,-0.591549,35.085988,-13.101839,50.05,70.0,35.077032940843516,-13.084280148920572
-0.156836,0.062343,588.500498,409.550414,50.05,70.0,588.489767055954,409.5426077698364
-0.196738,-0.575701,5.495807,-178.605633,50.05,70.0,5.481240814604831,-178.61963442747128
0.192354,0.899012,-80.398159,-137.387128,50.05,70.0,-80.41573318166891,-137.36730480093215
-0.302306,-0.864045,125.093606,48.309297,50.05,70.0,125.100579355946,48.29013837874234
-0.009208,-0.763298,-630.423574,-1344.269272,50.05,70.0,-630.4036569753987,-1344.2783361065694
-0.750802,-0.737462,264.414968,35.524874,50.05,70.0,264.43481348291186,35.50767543416733
-0.522783,-0.414629,26.063053,-58.652269,50.05,70.0,26.080815305893054,-58.6534848523185
-0.669086,0.673339,-750.173917,-117.366591,50.05,70.0,-750.1859389105298,-117.34695867452838
0.80641,-0.668967,5.13604,63.59289,50.05,70.0,5.123720989345794,63.609967000713866
0.664007,-0.031025,844.136447,-1546.288386,50.05,70.0,844.1360952084532,-1546.289335544869
0.567154,0.159662,-235.846141,206.322592,50.05,70.0,-235.82772154624914,206.31412143837554
-0.55312,-0.287967,53.831063,-14.469772,50.05,70.0,53.83290496540594,-14.459332869514524
0.145975,-0.596926,218.004777,140.740379,50.05,70.0,218.00447982285422,140.72049718340497
-0.529956,-0.977171,-62.580798,-7.976966,50.05,70.0,-62.59713437090359,-7.970759764730509
0.690492,-0.898055,1.170804,-0.755884,50.05,70.0,1.1827130271399702,-0.7376977321588679
0.382474,0.245093,92.6608,8.029668,50.05,70.0,92.6735671801953,8.028051437323018
-0.717335,-0.25455,148.892003,-58.772865,50.05,70.0,148.9118459246174,-58.79277012197239
-0.224469,-0.65288,160.596532,117.834766,50.05,70.0,160.57668856436266,117.84078592172482
-0.950118,-0.633987,10.024014,-0.733327,50.05,70.0,10.03403899295174,-0.7135380755054206
0.574667,0.436362,-29.203901,136.131576,50.05,70.0,-29.18637887295529,136.1328661713485
-0.06897,0.818847,625.425684,-609.499725,50.05,70.0,625.4226210805904,-609.5061503312731
0.36963,0.373324,-299.591861,-812.810559,50.05,70.0,-299.57346085687465,-812.8272839687789
0.456671,-0.726633,487.94222,-65.749524,50.05,70.0,487.92422140282264,-65.75475068994237
-0.526264,-0.910869,-1.199872,1.33335,50.05,70.0,-1.1923874298017219,1.3525498252820172
-0.982115,-0.406077,-133.809388,-18.946025,50.05,70.0,-133.8186651650922,-18.965899030306637
-0.942119,-0.193195,66.765493,-11.73584,50.05,70.0,66.74854509273644,-11.722175755632868
0.965594,0.746234,17.168284,6.238657,50.05,70.0,17.163867865462866,6.228162739398118
-0.042899,0.998338,9.54858,-56.258396,50.05,70.0,9.56843751632918,-56.27468506337445
-0.930606,-0.690645,-37.872083,22.014085,50.05,70.0,-37.874371618131924,22.02705999741179
0.327046,0.664894,-226.157487,-110.933282,50.05,70.0,-226.17718046207693,-110.91362666900345
0.872934,-0.602902,102.251348,14.641882,50.05,70.0,102.23504742319584,14.628279490311531
-0.979543,0.818005,-72.632415,68.813903,50.05,70.0,-72.65237260957889,68.81996842112689
0.214186,-0.182561,-207.017781,-70.514626,50.05,70.0,-207.0308896147213,-70.51594253450602
-0.311108,-0.799141,19.977669,-3.638583,50.05,70.0,19.989878195041076,-3.6225724318863515
0.83017,0.674248,19.652535,4.699317,50.05,70.0,19.632577703962234,4.686471026877012
0.079163,0.484629,-145.206761,-323.062635,50.05,70.0,-145.2169500954926,-323.08158224635554
-0.841206,-0.148383,-25.728104,-51.205733,50.05,70.0,-25.708105240151735,-51.225462093285834
0.127068,-0.374096,-33.878275,-92.228615,50.05,70.0,-33.89071109604629,-92.20925986019985
0.569103,0.906037,-57.251431,16.05995,50.05,70.0,-57.27107433583892,16.041319580376378
-0.241448,-0.014528,389.000344,-16.213566,50.05,70.0,389.01185994599297,-16.232312892530263
-0.167843,-0.936732,-113.306549,-234.176486,50.05,70.0,-113.3226008643812,-234.1664664307984
0.353232,0.777889,-166.877643,-16.324985,50.05,70.0,-166.87651392073374,-16.319163209699898
-0.016741,0.627977,18.394893,-287.214875,50.05,70.0,18.402060604830872,-287.2277978345989
0.405923,0.355535,-34.421504,8.088575,50.05,70.0,-34.41375563478739,8.073024500774224
-0.519635,0.497841,9.311818,384.240659,50.05,70.0,9.291960364127728,384.2237650845663
-0.780234,0.602003,-49.341168,-14.110786,50.05,70.0,-49.36099426360639,-14.112599838139188
-0.133583,0.873125,435.848131,-234.383569,50.05,70.0,435.8502029798635,-234.37318098164346
0.617179,0.92801,125.74873,-181.092027,50.05,70.0,125.73613159123846,-181.07380720911982
-0.928231,-0.775536,-0.613852,-0.771295,50.05,70.0,-0.6007414285454151,-0.7912427026798999
-0.430401,0.256514,81.900259,34.816445,50.05,70.0,81.88101684855418,34.82561926014809
-0.762246,0.929279,-0.703051,0.733915,50.05,70.0,-0.713126829352176,0.7152950652991382
0.387465,0.124268,89.752056,148.409698,50.05,70.0,89.76388125584191,148.39202758063314
0.579391,-0.169082,-49.308842,-7.765311,50.05,70.0,-49.32690836664239,-7.763895917217475
0.233621,0.476223,-147.645489,-80.030315,50.05,70.0,-147.62707939219945,-80.05029307483532
-0.118973,0.416648,41.784595,133.355701,50.05,70.0,41.79838592631282,133.3555597304492
0.608621,-0.899713,-104.721799,-32.686935,50.05,70.0,-104.7232349038236,-32.69711147997244
0.520819,-0.597638,-2.741761,-1.292495,50.05,70.0,-2.745327613941651,-1.2841873739114646
-0.507401,0.118006,248.41541,64.84324,50.05,70.0,248.4035922791315,64.83503287846716
-0.672174,0.774649,13.493586,3.887793,50.05,70.0,13.504703398101187,3.8862682398766886
-0.466592,-0.017826,-100.011938,-12.988361,50.05,70.0,-100.02910085022484,-13.005448409748077
0.390189,-0.101787,-96.067481,-7.355185,50.05,70.0,-96.05153043539016,-7.374129882397291
-0.726776,-0.922056,-18.070856,11.400527,50.05,70.0,-18.062085312252023,11.385919246291053
-0.9955,0.627865,-27.165904,-91.303324,50.05,70.0,-27.149230985342534,-91.31807939341459
0.532839,-0.583301,80.770129,-12.799826,50.05,70.0,80.75173530451468,-12.802933143611593
0.458604,-0.238232,-53.189946,-11.232105,50.05,70.0,-53.18237660026836,-11.241431834761242
0.036836,-0.900061,105.04589,23.489394,50.05,70.0,105.02719154136665,23.472702955986538
0.678419,0.180437,-192.575455,58.105543,50.05,70.0,-192.55550342963863,58.10596043619136
0.60837,0.877225,28.877864,8.893478,50.05,70.0,28.88718980998561,8.913324580194116
-0.480436,-0.695863,-20.98665,-19.24253,50.05,70.0,-21.00511704951636,-19.248633151554774
0.633314,0.113302,-103.310758,11.583428,50.05,70.0,-103.29116595588587,11.588147106133343
0.264639,-0.217992,-117.594732,7.049087,50.05,70.0,-117.60743056756078,7.031495553345321
0.205374,-0.282637,-14.913161,-3.110025,50.05,70.0,-14.916304674303253,-3.096563220732085
-0.288304,0.478212,24.485451,4.18995,50.05,70.0,24.502713227412748,4.170039913879489
-0.684646,-0.837026,-25.87133,-14.008783,50.05,70.0,-25.887348956821686,-14.025819349751393
0.101092,-0.949635,-803.247174,456.207924,50.05,70.0,-803.2423548268076,456.21364951451756
-0.513284,-0.764053,-30.446911,-11.583792,50.05,70.0,-30.466510326116413,-11.581146006351707
0.563514,0.977115,14.069195,12.791127,50.05,70.0,14.087229834418563,12.797794096516395
0.366524,0.173038,-111.806157,4.854058,50.05,70.0,-111.82134579115994,4.873760462429796
0.243465,-0.082188,-27.179825,-103.239551,50.05,70.0,-27.196396523943303,-103.25333168197776
0.658434,0.300108,-95.018999,33.463832,50.05,70.0,-95.03355007339022,33.448723637344436
-0.087249,-0.399126,771.043392,202.939994,50.05,70.0,771.0440810058293,202.92227978969595
-0.115228,-0.643659,422.499295,300.280167,50.05,70.0,422.49375917244043,300.28462102708176
0.02702,0.123801,-47.744881,-186.84896,50.05,70.0,-47.72630040504441,-186.8289734209567
0.716348,-0.343301,112.12208,-347.36,50.05,70.0,112.1124785486316,-347.3567368802138
0.144887,-0.890219,29.323984,130.892585,50.05,70.0,29.340938197626613,130.8823733587102
0.09634,-0.812427,-97.339502,17.65565,50.05,70.0,-97.3333312392878,17.63626854585602
-0.458665,-0.776645,4.258525,-6.423005,50.05,70.0,4.2456544421431275,-6.43832084984684
0.932024,0.53551,114.599848,-273.1501,50.05,70.0,114.58492441632112,-273.14340350422435
0.324374,-0.239181,-164.666245,85.830187,50.05,70.0,-164.64728266777453,85.84964216692165
0.078102,0.659212,-41.446805,-169.865217,50.05,70.0,-41.464593343560246,-169.84534028332013
-0.622859,-0.386268,96.064461,58.478543,50.05,70.0,96.0600067062479,58.459697068617935
9.7e-05,-0.361698,-1.022175,-826.544236,50.05,70.0,-1.0021943180105468,-826.5364755314347
0.93673,-0.3823,0.26952,-0.113803,50.05,70.0,0.258743949707494,-0.10937604419670394
0.690766,-0.301425,-113.211235,-54.177756,50.05,70.0,-113.22429913387704,-54.1609125577445
-0.054567,0.896557,-184.154151,157.460709,50.05,70.0,-184.1352600684609,157.44151075592112
0.430047,-0.20407,-114.130535,-19.454032,50.05,70.0,-114.13291360192854,-19.445267763104418
0.1986,-0.126617,-283.922235,-30.598448,50.05,70.0,-283.9384543056767,-30.57993998305993
-0.051419,-0.193133,-103.993969,602.56083,50.05,70.0,-103.99430488835608,602.5615550577033
0.014469,-0.822474,-47.567172,-351.796556,50.05,70.0,-47.56108785723529,-351.7845222101048
0.671171,0.371718,-491.178218,-297.355796,50.05,70.0,-491.16379231252586,-297.3423630361768
-0.530982,-0.218412,-197.285977,-74.171028,50.05,70.0,-197.28891051586626,-74.151037124676
-0.847578,0.756519,-31.47459,2.87877,50.05,70.0,-31.455245252370414,2.897915800190468
0.818651,-0.930374,-27.07774,-3.994377,50.05,70.0,-27.095762254770328,-4.013482453306755
-0.798122,-0.038643,-985.774045,-1160.761107,50.05,70.0,-985.7548624431613,-1160.780279589394
0.527941,-0.897453,-34.992817,-72.871275,50.05,70.0,-34.991450608863055,-72.85988836583712
0.510297,0.561369,-11.263724,5.949765,50.05,70.0,-11.283631324728118,5.969238110092715
0.928326,0.369767,-55.098935,19.782157,50.05,70.0,-55.11891061756808,19.793537468953144
0.677845,0.547617,-225.792493,-81.282024,50.05,70.0,-225.77428154417754,-81.29054448957312
-0.205881,-0.243018,540.271064,-196.879734,50.05,70.0,540.2887047529939,-196.86142653331422
-0.40121,0.864054,25.208196,5.491786,50.05,70.0,25.222756050986966,5.510379447318693
0.163435,0.846951,-120.356976,-201.040738,50.05,70.0,-120.3548607802649,-201.03735658366398
0.709282,0.896962,-132.371984,-281.709053,50.05,70.0,-132.3899135642983,-281.7195861952109
-0.766037,-0.775645,-0.06452,0.110778,50.05,70.0,-0.054000008274301195,0.12974628675064806
-0.269707,-0.965228,8.964245,-2.72747,50.05,70.0,8.946691593794569,-2.7141047837725076
-0.591436,-0.272825,111.390514,-61.514587,50.05,70.0,111.39648446645813,-61.527164820053315
0.627932,-0.349947,-46.782918,-15.495214,50.05,70.0,-46.80040161674394,-15.492540770545759
0.435956,-0.881652,121.81306,49.703406,50.05,70.0,121.80655624302744,49.72179847490075
0.0681,0.559976,-62.295869,-239.961775,50.05,70.0,-62.29035113933989,-239.97968117665818
-0.476212,0.297383,-112.106237,239.116332,50.05,70.0,-112.08665845250198,239.1211463237031
0.11877,0.170303,-37.678697,187.888044,50.05,70.0,-37.680773582222,187.9079398989796
0.28812,0.441125,-86.890305,8.391973,50.05,70.0,-86.90829968742166,8.404220440592551
-0.00875,0.936472,63.398909,-830.675209,50.05,70.0,63.39512088405738,-830.694278036835
-0.71792,-0.086959,-213.005461,116.362234,50.05,70.0,-213.0170251352811,116.34224150462815
0.484606,0.779951,32.380966,13.121275,50.05,70.0,32.388143656831964,13.123526384621261
0.633444,0.295841,71.387993,142.513441,50.05,70.0,71.39885840394976,142.52065836703372
0.207618,-0.561792,-127.679202,125.163635,50.05,70.0,-127.6911657425015,125.14774607813877
-0.032337,0.51686,1857.950151,271.475734,50.05,70.0,1857.9543327873089,271.4557715385946
0.859988,-0.189664,-38.069556,-428.339074,50.05,70.0,-38.05425885448833,-428.34462848701315
0.318948,0.551669,-74.357855,-12.139475,50.05,70.0,-74.34094912638133,-12.130072110763725
-0.091017,0.274715,153.512431,-244.07396,50.05,70.0,153.4926237492853,-244.0633829355081
-0.869605,0.542017,8.962096,1.618111,50.05,70.0,8.981538935810423,1.6316353115456528
-0.312023,-0.17672,-1045.726776,1395.320763,50.05,70.0,-1045.7114447801052,1395.331167115917
-0.14056,-0.398225,106.696481,155.600594,50.05,70.0,106.6785492040075,155.61723119404016
-0.963346,-0.959662,0.539191,-0.442597,50.05,70.0,0.5231752645573585,-0.4606437199780083
0.953211,0.613805,-158.561164,-128.820474,50.05,70.0,-158.55964793540264,-128.81184093020866
0.219047,-0.482733,-153.239445,99.664317,50.05,70.0,-153.2208654039538,99.68309495534714
0.710056,-0.082903,-119.460666,-9.975893,50.05,70.0,-119.45313596159701,-9.957477437908077
0.655225,0.372886,25.13794,65.233225,50.05,70.0,25.127324563918336,65.25321824357474
-0.902636,-0.602656,1.262033,-0.897528,50.05,70.0,1.2815300016086049,-0.8775352785967209
-0.834041,0.27978,130.337012,137.779109,50.05,70.0,130.3215115100036,137.77522551477736
0.263667,-0.546084,-66.994416,27.774285,50.05,70.0,-66.9824504736503,27.766635705009712
-0.029727,0.37851,34.160636,-250.049194,50.05,70.0,34.16278993691196,-250.04115547322039
-0.389335,0.452937,-36.498441,72.494032,50.05,70.0,-36.51698603245768,72.51325404206678
0.516592,0.356522,375.152783,-49.854114,50.05,70.0,375.17046673659576,-49.87357309601926
0.073207,0.393239,-59.788897,-51.286733,50.05,70.0,-59.770428335730166,-51.3043496086473
-0.824542,-0.080303,-356.064819,-462.625617,50.05,70.0,-356.0806811235811,-462.63710476692285
0.341799,0.623243,-158.066021,-448.999593,50.05,70.0,-158.08494175607126,-448.9952371398726
0.848908,-0.408463,75.301278,-16.591079,50.05,70.0,75.28215251514877,-16.573382969513453
0.967711,0.327006,-97.182366,124.993188,50.05,70.0,-97.17817728132671,124.98297801973597
-0.005873,-0.704737,-1241.407174,1347.472024,50.05,70.0,-1241.3876330837338,1347.4866412233237
-0.512646,-0.04775,355.995008,-1396.799554,50.05,70.0,355.99970960381125,-1396.8047497422826
-0.530844,0.098162,-243.944684,-151.897245,50.05,70.0,-243.93062983102004,-151.88310388609426
-0.188439,0.909468,65.303646,-75.609041,50.05,70.0,65.28625701329058,-75.5894696325183
-0.5769,0.040831,-1434.955655,1109.12419,50.05,70.0,-1434.9686904076063,1109.140475167924
0.245194,0.979578,-184.267736,297.063686,50.05,70.0,-184.25555447825406,297.0505169038468
-0.231325,0.121489,160.256357,40.250919,50.05,70.0,160.2601865085922,40.23122676591782
-0.131276,-0.357702,120.173571,170.484608,50.05,70.0,120.15620831399166,170.47101716006298
0.096792,0.788355,21.649482,71.980161,50.05,70.0,21.66912793010553,71.9829030668992
-0.115727,0.977743,559.33619,113.952398,50.05,70.0,559.3180701404896,113.96815497381576
0.932545,-0.709929,-15.429883,-4.116615,50.05,70.0,-15.44961879681315,-4.120203363299361
0.231116,0.363015,-58.979031,-14.43829,50.05,70.0,-58.980333697760756,-14.419984082480225
-0.801629,-0.974553,1.890686,-1.074061,50.05,70.0,1.9065113647721643,-1.0940527911680817
0.68505,-0.372659,-54.443783,-22.021338,50.05,70.0,-54.44077550891043,-22.03041623406179
0.714657,-0.760722,95.712974,10.801879,50.05,70.0,95.701642887215,10.811955301446794
0.540743,0.274576,68.029773,9.969075,50.05,70.0,68.02161582862196,9.982171301469661
0.805728,-0.127195,40.223465,-478.410797,50.05,70.0,40.24274669560407,-478.3908276784026
0.239125,0.974594,-292.590141,158.880558,50.05,70.0,-292.58198302696195,158.89082913420177
0.006911,0.15466,-4.600845,113.884466,50.05,70.0,-4.615109096237074,113.87388094011864
-0.6257,-0.146514,48.354251,-6.424503,50.05,70.0,48.341266143918574,-6.444330642854616
-0.458215,0.782924,159.96011,31.809425,50.05,70.0,159.9785568520991,31.804182574892067
0.59697,-0.727728,100.238034,-31.663718,50.05,70.0,100.21912510346064,-31.661599148708657
-0.926699,0.963107,0.838605,0.871423,50.05,70.0,0.8198539755862756,0.8614964382527815
0.945768,-0.47554,-2.966587,-0.792293,50.05,70.0,-2.951965825284324,-0.8051125032205335
-0.404188,0.805094,8.638488,1.678787,50.05,70.0,8.655642653132718,1.6928659356450575
-0.784784,0.12997,-0.155337,507.012577,50.05,70.0,-0.15131684720480706,507.02684181997654
0.404674,-0.644836,-6.389793,-0.36924,50.05,70.0,-6.409039310059885,-0.35201465909719337
0.238045,0.826481,-177.667862,-103.490632,50.05,70.0,-177.6836475054965,-103.50551665461158
0.659178,0.798131,-0.193395,0.396792,50.05,70.0,-0.17507789668757065,0.4081478444043521
0.18509,0.807151,-279.508874,-43.715298,50.05,70.0,-279.4894274475738,-43.73318015987181
-0.215758,-0.249028,187.96466,-18.583744,50.05,70.0,187.98407847374995,-18.601417911278208
0.579177,0.235969,-132.747525,39.792066,50.05,70.0,-132.7647730118901,39.77904114025682
-0.070909,0.238737,55.140605,-126.699422,50.05,70.0,55.158470743482766,-126.6848857750658
0.446729,0.17935,-97.279854,14.536969,50.05,70.0,-97.28815893391945,14.519893379177466
0.333892,-0.279636,82.755919,-91.90723,50.05,70.0,82.74071497821264,-91.89496511850811
0.159502,0.749897,35.231403,766.193196,50.05,70.0,35.211826930056354,766.2126791925346
-0.472836,-0.959264,-50.361254,-77.738997,50.05,70.0,-50.34606452163743,-77.72124656343172
-0.349687,0.814497,-23.737635,-49.104687,50.05,70.0,-23.746856530971023,-49.08929198635591
-0.750698,-0.978345,-158.95619,-1078.060281,50.05,70.0,-158.94374539298423,-1078.0802633698493
0.962782,-0.51757,8.879646,2.392177,50.05,70.0,8.868262771439817,2.410471796135105
-0.796234,-0.300242,134.181362,-69.110409,50.05,70.0,134.18182489655993,-69.10689181686627
-0.175198,-0.54467,55.919463,60.859577,50.05,70.0,55.92792026053308,60.83957719635231
-0.271312,0.063522,-106.696025,388.770695,50.05,70.0,-106.68178450587891,388.7873068434581
-0.380011,-0.845384,22.727742,-4.914918,50.05,70.0,22.73833437820221,-4.897777975869666
-0.374003,0.130948,153.144102,13.768,50.05,70.0,153.13867032252702,13.781525569400918
0.850114,-0.13214,-186.4779,-593.787351,50.05,70.0,-186.47527366019534,-593.8031076066143
-0.876901,-0.072411,7.097216,0.318761,50.05,70.0,7.117210706243123,0.30678125908511006
0.99641,0.670933,105.898649,-389.72698,50.05,70.0,105.88365703665107,-389.72966948491865
0.378517,-0.2674,-89.345946,-23.112102,50.05,70.0,-89.35849724519964,-23.09586605767515
-0.188323,0.847511,61.855211,-99.690714,50.05,70.0,61.83776719689999,-99.68731416339728
0.125578,0.586766,-73.577625,-165.103658,50.05,70.0,-73.59082138051899,-165.1226314510695
-0.222638,0.130578,-9.942163,-1780.945156,50.05,70.0,-9.962022513243898,-1780.928154487513
0.631985,-0.220198,-71.190239,-15.573884,50.05,70.0,-71.20266493195868,-15.585497722035072
-0.861438,-0.188725,-21.069479,-547.372251,50.05,70.0,-21.059298464817683,-547.3701739298682
0.098614,-0.592196,-55.54716,166.506439,50.05,70.0,-55.54736283249696,166.51225666433345
0.960488,0.926401,0.50871,1.299865,50.05,70.0,0.5129992148496697,1.2833362153178427
0.024275,-0.005242,-639.217532,139.785802,50.05,70.0,-639.1975887575334,139.77651562916432
-0.110009,-0.915006,32.388053,93.461571,50.05,70.0,32.402252326422364,93.46452501936635
-0.499777,0.243043,49.543147,10.882909,50.05,70.0,49.526237330622024,10.865078400887832
0.828326,-0.320804,-14.424876,-0.247091,50.05,70.0,-14.44376196073788,-0.2669163514218089
0.241419,-0.474652,-128.616732,74.150442,50.05,70.0,-128.61584675178435,74.13869205897228
0.529933,0.581673,-114.427377,-148.096176,50.05,70.0,-114.41128518177271,-148.0775079983227
0.178922,-0.861296,-142.005234,-24.620824,50.05,70.0,-141.99423997593718,-24.60083087988598
0.191759,0.895331,-136.955813,-181.690387,50.05,70.0,-136.9456737344632,-181.670464624842
-0.166187,0.901914,97.861724,-183.983081,50.05,70.0,97.8509104460919,-183.96886039398558
0.474867,-0.911693,-0.801735,0.075429,50.05,70.0,-0.7943696475241944,0.062487923069267606
-0.820685,0.740003,-104.039978,-117.169147,50.05,70.0,-104.05994044112056,-117.16388361415825
-0.761614,-0.439162,-101.151807,-13.1109,50.05,70.0,-101.15994295160272,-13.1308860273176
-0.998063,-0.449113,70.258857,-47.530813,50.05,70.0,70.27674400473828,-47.51391151396557
-0.2392,-0.236299,164.000393,11.364204,50.05,70.0,164.00577295425379,11.344225416794174
0.523187,-0.799862,32.956719,-14.536512,50.05,70.0,32.964982338580484,-14.53352285541919
0.720633,-0.325364,-52.12885,-16.316692,50.05,70.0,-52.12689415104157,-16.33657560210818
-0.390131,-0.939593,22.128314,-5.21558,50.05,70.0,22.11210220154561,-5.231057909659803
0.264294,-0.00445,1292.689187,78.839886,50.05,70.0,1292.669236608721,78.83244995377122
-0.784441,-0.100024,170.479801,337.600421,50.05,70.0,170.46333898114096,337.59008000782575
0.902058,0.890163,0.211142,-0.077813,50.05,70.0,0.20355553081813796,-0.06796080046435818
0.965106,0.537797,-9.0849,-83.586211,50.05,70.0,-9.08291861407437,-83.58364621279414
0.757216,0.535524,-64.707547,37.981187,50.05,70.0,-64.68780379607895,37.96120844077279
0.555331,-0.559053,34.321088,-11.486221,50.05,70.0,34.30564221048927,-11.493799610773145
-0.00884,-0.575395,124.105556,473.151034,50.05,70.0,124.10284632205135,473.15229777580004
-0.661683,-0.900679,-12.370543,139.029197,50.05,70.0,-12.385621398838218,139.04035176337746
0.286722,0.936096,-67.478688,110.154152,50.05,70.0,-67.49543093281095,110.14771334405972
0.973666,0.40506,2.782848,16.763701,50.05,70.0,2.799725840362701,16.768122701572498
-0.162928,-0.324286,-51.567939,-25.661347,50.05,70.0,-51.57750229316077,-25.64186956460813
-0.267203,-0.880462,95.747234,93.088859,50.05,70.0,95.75662149009439,93.09584285849637
0.082897,-0.751364,-29.623258,112.748343,50.05,70.0,-29.642955426945328,112.73043471231223
-0.183076,-0.953142,80.668018,150.75359,50.05,70.0,80.66376498690644,150.76053366762156
0.544435,0.321296,292.48324,-123.12187,50.05,70.0,292.4860865033911,-123.12177360529418
0.025575,-0.159733,-346.043141,-1029.761335,50.05,70.0,-346.04835378411167,-1029.775242609461
-0.628098,-0.447322,-2.05678,-1.329887,50.05,70.0,-2.063942327664024,-1.342949051453277
-0.146043,-0.550185,67.966464,121.317678,50.05,70.0,67.96130291191545,121.33482895005393
-0.963652,-0.094903,58.683563,-4.561005,50.05,70.0,58.6981020902949,-4.567317174725297
0.959672,-0.795932,-18.990674,-1.352079,50.05,70.0,-18.99986004785579,-1.336854423502753
0.769586,0.425508,214.228076,138.388352,50.05,70.0,214.24230242477114,138.36855532989048
-0.484216,-0.219653,-216.72588,240.006427,50.05,70.0,-216.7270045799838,239.98690933688576
0.286711,0.753382,-131.689176,-41.832922,50.05,70.0,-131.70856067176643,-41.82735224762995
0.092464,0.043208,-847.668757,75.829334,50.05,70.0,-847.6520800556822,75.81044773639007
0.191093,-0.30821,1255.493077,-1168.313136,50.05,70.0,1255.5125690404132,-1168.2962256545006
-0.088367,0.815928,741.152037,353.912518,50.05,70.0,741.1370652914846,353.9174980483044
-0.692783,0.394745,42.795629,121.753395,50.05,70.0,42.78271408146573,121.77218352005882
0.476576,-0.192643,-165.564131,-46.989447,50.05,70.0,-165.57658539719728,-46.9892271888437
0.249813,0.604326,-109.45054,3.44284,50.05,70.0,-109.4704983350617,3.45916879338895
0.905083,-0.275064,-168.174093,-85.283219,50.05,70.0,-168.15919338627506,-85.27372839726067
0.991188,0.899157,0.644108,0.264729,50.05,70.0,0.6635002652491412,0.24479129446982378
0.132101,0.228032,33.137387,216.591956,50.05,70.0,33.152924475035256,216.5782747058653
0.537471,-0.722463,9.582847,-0.619619,50.05,70.0,9.581977321234104,-0.6336910012500978
-0.436071,0.955364,40.039395,6.626408,50.05,70.0,40.05918420064346,6.639381489877812
0.79918,-0.186718,-4.852638,-122.265927,50.05,70.0,-4.871803655827416,-122.25302361017656
-0.163458,0.768007,55.05975,-98.231424,50.05,70.0,55.04221881485045,-98.22346295222468
-0.105383,0.832397,44.680001,-150.23443,50.05,70.0,44.68651034407034,-150.25323844276826
0.096846,-0.306901,-556.945613,-209.122017,50.05,70.0,-556.9559003278517,-209.11622474148746
-0.084342,0.4642,-37.878051,4.615705,50.05,70.0,-37.89575920998692,4.628220122781011
-0.194904,0.248251,-53.438429,31.530919,50.05,70.0,-53.427552936600804,31.511164263657143
0.350974,0.814739,-32.559324,7.186955,50.05,70.0,-32.578950588473816,7.203833931470036
-0.682629,-0.951446,-39.690756,131.512404,50.05,70.0,-39.70724415934089,131.4951827700345
-0.946794,-0.765497,1.669841,-0.85653,50.05,70.0,1.688022490603313,-0.8660345638906476
0.286101,0.495219,-82.572839,-25.492986,50.05,70.0,-82.59231037677763,-25.49803553243457
-0.854135,0.546511,329.057983,175.861957,50.05,70.0,329.0513857483762,175.87431644411518
-0.792522,0.083903,-323.524931,625.213472,50.05,70.0,-323.5285641095667,625.1943392257538
0.164847,0.590653,246.6502,-84.128598,50.05,70.0,246.65668891233432,-84.13209756083911
-0.896747,0.368279,64.067839,24.329536,50.05,70.0,64.08318260495923,24.349429477367522
-0.326606,0.731354,-236.71044,-111.147516,50.05,70.0,-236.71681328022765,-111.16103961087187
-0.138551,-0.6322,54.884343,-13.08814,50.05,70.0,54.874184990722085,-13.09715565758093
0.617516,0.597573,42.344791,12.115562,50.05,70.0,42.32928045813201,12.109014028085086
-0.58682,-0.679242,-82.701998,119.026748,50.05,70.0,-82.7216069721224,119.03436205309448
-0.019133,0.433106,-232.011124,-468.994955,50.05,70.0,-232.03062370833868,-469.00877491264987
-0.786405,0.896068,0.583813,2.400391,50.05,70.0,0.5731145568167045,2.3808841455298175
0.207929,0.667992,-53.490688,-45.747316,50.05,70.0,-53.501975628029015,-45.76559352944543
0.937683,-0.361111,-4.890625,-106.507736,50.05,70.0,-4.870639994549941,-106.4921797205162
0.803042,0.730323,0.290012,0.387806,50.05,70.0,0.30867129243824687,0.3902148641274207
0.540191,0.987384,12.33164,4.230764,50.05,70.0,12.346497147764454,4.2384997104095685
0.963277,-0.205199,-177.001763,-50.689437,50.05,70.0,-177.0188241821058,-50.67732558289756
-0.774522,0.60125,48.71874,20.972566,50.05,70.0,48.70017059630666,20.97496559225527
-0.787382,0.472651,1.036372,2.703308,50.05,70.0,1.0526422804376543,2.712356291998032
-0.157431,0.056315,598.424119,589.207071,50.05,70.0,598.4100739849762,589.2119494319061
0.478045,0.508662,22.92418,15.53524,50.05,70.0,22.93938394075611,15.536184285936049
-0.91861,0.920446,0.857894,0.900174,50.05,70.0,0.8383397371991756,0.8919655199833684
-0.059945,0.500035,-60.90815,148.518927,50.05,70.0,-60.88966727401861,148.49930116925032
0.092546,-0.576753,-396.485323,-264.767403,50.05,70.0,-396.4664966830932,-264.78733636885045
0.512351,-0.910537,53.186351,-18.40182,50.05,70.0,53.20205368723688,-18.410827329802654
0.606695,0.728436,-23.047428,5.372533,50.05,70.0,-23.027680681569535,5.3617570652225
0.818461,-0.133989,-245.575787,-531.460375,50.05,70.0,-245.56645381145455,-531.4780797445136
0.04983,-0.498809,-20.31296,98.956504,50.05,70.0,-20.33295664279248,98.9667345450497
0.51754,0.292654,151.933272,-12.203576,50.05,70.0,151.9526835590853,-12.187058704175055
0.632802,-0.493654,131.733055,546.100037,50.05,70.0,131.72424475784428,546.1096538279149
-0.839418,-0.103812,89.167692,-9.04702,50.05,70.0,89.14869470616385,-9.027732346543653
-0.773407,-0.658775,-34.569475,-10.28337,50.05,70.0,-34.587741434210706,-10.303334275289275
-0.025958,-0.273934,1813.279763,-528.843358,50.05,70.0,1813.296637917626,-528.8239198079382
-0.010645,-0.907788,778.779395,1806.175854,50.05,70.0,778.7980329471694,1806.1737157122895
0.805096,-0.757329,-0.806814,-0.79773,50.05,70.0,-0.7918272989315083,-0.8102797004242321
-0.435469,-0.931856,17.744053,-4.634829,50.05,70.0,17.762567865450094,-4.620272764866852
0.299827,-0.814486,-92.574511,61.164869,50.05,70.0,-92.59224222096745,61.15506426426647
0.935306,-0.308309,-9.315199,88.317601,50.05,70.0,-9.295575096102036,88.3005285401748
0.255558,-0.843118,-39.885161,7.149619,50.05,70.0,-39.903732656379894,7.148313359108843
-0.29017,-0.89047,70.291904,-6.420759,50.05,70.0,70.27920616402271,-6.402328891621204
-0.136395,-0.394388,183.919146,204.797696,50.05,70.0,183.91574806154506,204.78512202405966
-0.485067,-0.527493,-91.557161,27.228049,50.05,70.0,-91.57452696101994,27.240688111058216
0.427015,0.838769,-155.03351,-28.23947,50.05,70.0,-155.0369787580761,-28.25332017569707
-0.815413,-0.644005,-9.6619,-3.071057,50.05,70.0,-9.668808249329077,-3.078571632716561
0.202933,0.7003,-54.461062,-53.942245,50.05,70.0,-54.45208026052954,-53.95282709964234
-0.051428,-0.342773,18.417508,51.078249,50.05,70.0,18.40156886608354,51.06713103327659
-0.98804,0.003765,620.057408,11.54091,50.05,70.0,620.075711019092,11.523032753467428
-0.719351,-0.137861,301.60364,-360.526825,50.05,70.0,301.61558484181353,-360.50685385818565
0.969375,0.288526,-21.388346,1.725575,50.05,70.0,-21.37404210147949,1.7454124546559262
-0.740965,0.60924,-10.914139,1.013277,50.05,70.0,-10.932898899802131,1.0053566361039858
-0.509519,0.509904,-207.259473,9.976463,50.05,70.0,-207.2669502021904,9.994657204150316
-0.039156,-0.096061,861.557652,785.268007,50.05,70.0,861.5455358250398,785.2522653565424
-0.490812,0.916085,-12.608168,-456.50595,50.05,70.0,-12.627903912098901,-456.486385168047
0.6426,0.185145,-154.533003,35.173327,50.05,70.0,-154.5342532562825,35.193049495833804
-0.260995,-0.537475,137.710671,56.355545,50.05,70.0,137.6942230343451,56.33843793379356
0.654264,0.215785,-118.73647,164.25901,50.05,70.0,-118.75593679281778,164.23907184446148
0.699859,0.523571,-4.292363,0.833463,50.05,70.0,-4.309464778713414,0.8162001244222818
-0.346989,0.153108,167.496196,154.964224,50.05,70.0,167.51446973999313,154.95934304135315
-0.714793,0.47824,-0.684423,2.727649,50.05,70.0,-0.6668610219846967,2.7084307809234716
-0.221277,0.989259,222.260346,-96.366293,50.05,70.0,222.2787437144562,-96.35267886528379
0.469798,-0.109924,-218.980636,-38.043754,50.05,70.0,-219.00040414768296,-38.044916149487975
0.503774,0.933533,20.639178,51.863805,50.05,70.0,20.658988875682013,51.846034423153206
-0.112939,-0.158458,87.265095,71.901656,50.05,70.0,87.28467996175677,71.88290936126674
0.789528,-0.399365,160.779231,9.565291,50.05,70.0,160.76630744928454,9.58406770324298
-0.132535,0.483536,56.562748,-97.711057,50.05,70.0,56.58273384348306,-97.69110654278953
0.792716,-0.823516,-9.30498,-18.810958,50.05,70.0,-9.301144122919334,-18.827476111866826
-0.837685,-0.96948,4.131781,-20.117134,50.05,70.0,4.130687443925727,-20.1218599322143
-0.044795,-0.864846,19.313689,161.275363,50.05,70.0,19.330652144898625,161.26173214098253
0.534039,-0.414685,-141.78887,83.558515,50.05,70.0,-141.78808524296062,83.56836929308979
0.390952,0.721907,62.472156,24.839116,50.05,70.0,62.45226131910089,24.83460146389858
-0.903996,0.532888,-17.257334,33.736166,50.05,70.0,-17.27377695161016,33.73402753632056
0.25326,0.532779,-82.279274,9.984773,50.05,70.0,-82.28597423041583,9.965004406657808
0.414658,-0.850563,-41.347787,-7.876899,50.05,70.0,-41.36765584218793,-7.860462393841982
0.589946,-0.774155,0.325182,1.046115,50.05,70.0,0.3078076183556592,1.0450132844802125
0.779464,0.457956,-122.872691,11.319177,50.05,70.0,-122.87174700615083,11.322798732344202
0.870045,0.843211,1.047998,1.039581,50.05,70.0,1.030309314826461,1.0496502406250756
-0.1588,-0.950675,258.741947,239.094392,50.05,70.0,258.76185499641207,239.1105944149576
-0.000852,-0.322467,106.139399,887.770614,50.05,70.0,106.14371184530447,887.751150582055
0.296178,-0.140961,-91.483298,-126.748763,50.05,70.0,-91.4681685711071,-126.74257125544457
0.875027,0.57082,-8.243262,1.777907,50.05,70.0,-8.233060999281864,1.759301286557783
-0.222878,0.082123,343.750787,72.592658,50.05,70.0,343.7309064300461,72.5735676168448
0.238784,-0.763684,-115.244401,-3.099366,50.05,70.0,-115.2485923627367,-3.1045123835666186
0.76372,-0.156363,-35.018634,-3.554364,50.05,70.0,-35.001016231541605,-3.5409555550157665
0.014874,-0.01945,-407.938815,542.445287,50.05,70.0,-407.9559812811824,542.4313592203747
-0.895712,-0.235596,102.954872,-25.112921,50.05,70.0,102.95685078021134,-25.094884616511365
0.344291,0.506105,147.833227,120.97849,50.05,70.0,147.8530426930084,120.96593071018634
0.111383,0.006896,-375.435653,-7.781632,50.05,70.0,-375.4543585911739,-7.780100411339571
-0.099399,-0.605379,-306.559619,154.875924,50.05,70.0,-306.53962427556814,154.89503592382331
-0.606483,0.841203,-27.633665,8.715282,50.05,70.0,-27.641561679742768,8.735243879319944
0.092863,0.743863,-91.45337,-262.148515,50.05,70.0,-91.44050954869394,-262.1452276076476
0.10994,-0.233138,314.230798,-441.136372,50.05,70.0,314.225197557043,-441.11763765079445
-0.356819,0.94498,268.412138,-326.805673,50.05,70.0,268.404346222906,-326.82217262937377
0.28002,0.301542,-54.912636,-621.861469,50.05,70.0,-54.89735739353869,-621.8678774825694
0.008029,0.935364,-148.776013,-1348.139161,50.05,70.0,-148.7576607655818,-1348.1547451754673
0.658373,-0.723002,69.024652,-12.749657,50.05,70.0,69.00878330099285,-12.73166489770287
0.503858,0.339524,-16.015114,1.335596,50.05,70.0,-16.00742162634244,1.3348952901003677
0.387626,0.826463,139.397173,13.067164,50.05,70.0,139.40907878728615,13.08519286733949
0.368428,0.169301,-138.860103,1706.250605,50.05,70.0,-138.87944015501375,1706.230605729065
-0.55263,-0.04525,359.910714,-1522.270414,50.05,70.0,359.8974224290475,-1522.2871539806843
-0.518628,-0.582801,-128.568215,-9.27796,50.05,70.0,-128.58161323332914,-9.285478176578899
0.871685,0.411737,-34.848149,11.781484,50.05,70.0,-34.83404308257554,11.779136478566748
0.067615,0.397652,-367.806089,405.949773,50.05,70.0,-367.8005616798064,405.9425024126578
-0.655449,-0.138872,233.122054,-65.819435,50.05,70.0,233.10813052526058,-65.83937199662329
-0.028716,-0.633542,12.306676,132.41633,50.05,70.0,12.320944864815033,132.42170939600769
0.05976,0.387715,38.122211,-5.737544,50.05,70.0,38.1302452503182,-5.747907221305457
0.327545,-0.946882,-53.339261,15.775739,50.05,70.0,-53.34590959468845,15.756877715677154
-0.241112,-0.374627,-759.65745,63.325526,50.05,70.0,-759.6449797413305,63.3056294043846
-0.354649,-0.584609,678.776622,-452.577216,50.05,70.0,678.7604782794281,-452.56579552774605
0.4805,-0.233349,90.067084,32.904189,50.05,70.0,90.08540507086971,32.89489801049827
0.103784,0.29567,43.273939,155.135437,50.05,70.0,43.279776764414976,155.1170173233389
-0.670889,0.36588,134.374569,-110.609839,50.05,70.0,134.37199837171337,-110.59164290433516
-0.647419,0.832939,13.776025,-55.110108,50.05,70.0,13.791810329555187,-55.090657309864355
-0.798864,-0.502559,-39.487875,338.529938,50.05,70.0,-39.47547488102811,338.51220699601294
-0.502718,0.824264,-86.087184,-4.750287,50.05,70.0,-86.06754199186067,-4.770272768831557
-0.591898,-0.033641,394.470031,-1833.468296,50.05,70.0,394.4665662323215,-1833.451458319981
0.600302,-0.721964,60.231148,-14.919592,50.05,70.0,60.24549879555743,-14.90147280188114
-0.042462,0.339316,30.626885,-159.045173,50.05,70.0,30.634727190531358,-159.05905517803455
0.883917,-0.010533,1174.143811,-58.039723,50.05,70.0,1174.1253797131828,-58.05187732583307
0.977788,-0.321758,-137.056042,-63.998834,50.05,70.0,-137.04737366554406,-63.98051567506192
0.210526,0.306215,-183.823141,8.418395,50.05,70.0,-183.84212868942888,8.414424478651465
0.547585,-0.739248,-53.747904,-10.269744,50.05,70.0,-53.76557358255326,-10.267084934477564
-0.54328,-0.903918,121.453113,13.108632,50.05,70.0,121.46145560999997,13.096806910022133
-0.142436,0.076205,164.590135,501.56939,50.05,70.0,164.60523969816214,501.5891754683276
0.778403,0.618687,-5.114318,16.349904,50.05,70.0,-5.112956832870411,16.3680088283462
0.266507,-0.816094,-145.030757,32.481566,50.05,70.0,-145.04708313602762,32.46455870230912
-0.096504,0.063712,277.109985,-107.855814,50.05,70.0,277.12757553186117,-107.87569840972373
0.809015,-0.879774,0.453263,-0.274616,50.05,70.0,0.4336526456465643,-0.28743167444499274
-0.362158,-0.782496,50.874989,-8.023659,50.05,70.0,50.861765115409355,-8.04357059248471
0.581877,-0.394569,15.667681,16.052443,50.05,70.0,15.647910392820048,16.032847295761513
0.486957,0.291501,108.316435,-13.385641,50.05,70.0,108.33275849343407,-13.378923053520369
-0.73851,-0.145372,-786.825257,436.08613,50.05,70.0,-786.8219650800453,436.09929532951804
0.737036,-0.639441,-12.205335,-72.522665,50.05,70.0,-12.185911222679728,-72.52730983358394
0.923188,0.014532,1508.892654,457.475634,50.05,70.0,1508.8985399080227,457.4742054655567
0.244933,0.583945,-111.207647,-85.965345,50.05,70.0,-111.2184643566635,-85.985339400088
0.359191,0.92591,-79.402025,-4.077886,50.05,70.0,-79.42201543890747,-4.070072851162346
-0.22597,0.120009,-63.097783,279.14121,50.05,70.0,-63.08290467299461,279.1459863257869
0.983546,0.461926,-154.605811,-75.9978,50.05,70.0,-154.60867533840815,-75.9781878636465
-0.410768,0.227184,123.227071,29.399823,50.05,70.0,123.23926591418027,29.41837249691031
0.275698,-0.350738,-74.682979,9.30209,50.05,70.0,-74.67146533012414,9.283949488503689
-0.857758,-0.337837,-227.524183,-41.384272,50.05,70.0,-227.51595927311848,-41.36558506228688
-0.020074,0.618894,1381.498554,-1463.247301,50.05,70.0,1381.4883953104659,-1463.2602055508935
-0.250336,0.60267,52.144498,9.176927,50.05,70.0,52.1634088339985,9.156935820398878
-0.925439,0.139525,75.230983,9.756521,50.05,70.0,75.21106024749814,9.769926701956487
0.999095,-0.218062,783.273231,-565.204299,50.05,70.0,783.2929790289242,-565.211548316878
-0.967533,0.675205,-22.728458,8.215695,50.05,70.0,-22.733168728853496,8.232798017861441
0.16448,0.417542,-303.613475,-30.326458,50.05,70.0,-303.62831223602785,-30.342033027890025
-0.379448,0.625556,29.632158,6.323887,50.05,70.0,29.636200132588115,6.306392568086593
-0.287362,0.310707,107.988264,-2.688338,50.05,70.0,107.97290903623446,-2.6700165048706106
0.051559,0.550404,-1546.590266,-51.18286,50.05,70.0,-1546.5704232990563,-51.1844380940975
0.641169,0.123098,-404.821318,-432.50647,50.05,70.0,-404.8392903164395,-432.49436825838967
0.913964,0.989121,3.854291,8.599319,50.05,70.0,3.8376177984407214,8.617565258503147
0.162068,-0.131363,73.371494,-6.035092,50.05,70.0,73.39041270851286,-6.050273953157122
0.18484,0.603733,-112.39707,-146.780521,50.05,70.0,-112.37821971637538,-146.79924080292201
0.942835,0.222106,241.198542,156.028699,50.05,70.0,241.21567269047623,156.0472806712108
0.931724,-0.522969,-75.783242,55.315813,50.05,70.0,-75.78086937102813,55.30887441068983
0.453462,-0.671918,140.458094,80.379325,50.05,70.0,140.45358831727677,80.38220518914258
-0.930865,0.948518,-0.810686,0.545676,50.05,70.0,-0.8026549268526084,0.5334301175502199
-0.265432,0.890578,-185.088562,-144.575907,50.05,70.0,-185.0947245602135,-144.58073432572996
-0.063274,0.557946,93.612409,-313.801286,50.05,70.0,93.63193086717968,-313.8212735683407
-0.600247,-0.34806,182.471654,93.102493,50.05,70.0,182.4822226348883,93.10791230910839
0.151676,-0.781301,-80.710769,-21.319861,50.05,70.0,-80.7065050757731,-21.31705407759474
0.676659,0.610285,-26.881585,39.650504,50.05,70.0,-26.888107145971045,39.634959579273726
-0.933513,0.445324,19.410352,9.382608,50.05,70.0,19.414537819178168,9.36373703485295
0.568321,-0.231495,-59.861021,-64.90492,50.05,70.0,-59.84486327402788,-64.9180624265882
-0.729532,0.757108,-69.788911,-6.218676,50.05,70.0,-69.78257134399772,-6.238159445230618
0.713107,-0.807865,1.067583,-0.943993,50.05,70.0,1.087582426042013,-0.9322825245103655
0.208042,0.556041,-200.429854,-103.362868,50.05,70.0,-200.4498490056603,-103.38286447077981
-0.62323,-0.621974,-17.305832,96.136042,50.05,70.0,-17.30616266494893,96.13874098069006
0.478168,0.564211,74.381723,246.329756,50.05,70.0,74.38460215740878,246.3369904426965
0.692219,0.124689,-307.960155,130.90289,50.05,70.0,-307.94267690528255,130.92114872143287
-0.354696,0.618338,-129.641265,128.912648,50.05,70.0,-129.6514918460535,128.92280277432602
0.40908,-0.590572,506.825923,323.007707,50.05,70.0,506.8310628919034,322.99927625499856
0.257049,0.214678,-166.308372,15.208546,50.05,70.0,-166.2963559227845,15.197408758335929
0.087657,-0.751924,-25.784098,77.809892,50.05,70.0,-25.79382712319522,77.79002454347469
0.412086,-0.071624,-25.246055,360.668233,50.05,70.0,-25.244716364714463,360.68510795141674
0.207228,0.878866,110.745168,-57.043053,50.05,70.0,110.73275350940618,-57.02919846086417
-0.904882,-0.348515,99.384935,-41.568238,50.05,70.0,99.37541545554896,-41.55121932285132
0.515221,-0.673477,27.941492,-12.724962,50.05,70.0,27.927243372320156,-12.723096454196497
0.873212,0.082463,-112.180187,9.229201,50.05,70.0,-112.16360065396844,9.226674838946767
-0.041142,0.522612,144.714884,-495.228948,50.05,70.0,144.70409592300916,-495.21827878883755
-0.463237,0.382857,-5.988289,-1.296756,50.05,70.0,-5.992274042683748,-1.2948326810273467
0.671216,-0.88102,-7.185312,-1.61604,50.05,70.0,-7.204802431168494,-1.6200477909322715
0.69703,0.977751,-0.801607,0.333138,50.05,70.0,-0.7816969805402653,0.3201871664331501
-0.932982,-0.627653,47.892451,-1381.113926,50.05,70.0,47.88561225930291,-1381.0986448004467
-0.958238,0.889582,23.126161,6.090172,50.05,70.0,23.109719263974934,6.073757565177545
-0.794956,-0.817814,-79.735098,91.974846,50.05,70.0,-79.7164449064727,91.95577976351802
-0.994355,-0.119094,-118.569913,-259.814492,50.05,70.0,-118.54991871074827,-259.82674406136266
0.385502,-0.867384,-63.380497,5.510069,50.05,70.0,-63.36724943434393,5.491635132931857
-0.126561,0.886681,34.903954,-78.792968,50.05,70.0,34.923030710661486,-78.78975443633107
0.452305,-0.109192,12.971739,-193.563601,50.05,70.0,12.967619348782119,-193.57240902592807
0.816938,0.283316,99.626077,47.830446,50.05,70.0,99.63370274481998,47.82670910385314
-0.304372,0.424896,-251.260765,58.581784,50.05,70.0,-251.2742626168785,58.60068377292398
-0.777989,0.336811,99.256657,44.816613,50.05,70.0,99.23951115823942,44.83653498600571
0.785798,0.911667,0.605401,0.5304,50.05,70.0,0.614806328680256,0.5105311596951064
0.393647,0.032124,-412.019179,55.408351,50.05,70.0,-412.00819174369843,55.422443727724236
-0.087187,0.653364,99.721771,-275.494703,50.05,70.0,99.70190279146757,-275.5070665093035
-0.913479,-0.83993,-0.888019,-0.962502,50.05,70.0,-0.8681191584761982,-0.9678808320893024
-0.703239,0.661888,0.061274,-0.978252,50.05,70.0,0.08095490373239923,-0.959183306881823
0.347725,0.216688,409.52229,-635.128607,50.05,70.0,409.5125764547353,-635.1134002029584
-0.127989,0.890438,37.012586,57.160332,50.05,70.0,37.01424950548069,57.141173060927684
-0.403014,0.546954,-257.442382,-133.97289,50.05,70.0,-257.4294180520478,-133.95955680532205
0.655051,-0.5569,54.241226,-21.622265,50.05,70.0,54.22197002805334,-21.61195425480956
0.189448,0.056191,187.163294,63.493115,50.05,70.0,187.16001453688753,63.51170205313318
0.406374,-0.070011,-662.303301,-538.210935,50.05,70.0,-662.3225189706942,-538.1917020420416
-0.669816,0.395926,30.910185,9.561148,50.05,70.0,30.897580387819986,9.544788161972818
0.321243,-0.872423,-17.242141,113.548366,50.05,70.0,-17.22664447378404,113.54472456570163
-0.805544,-0.782767,-28.188014,-7.886523,50.05,70.0,-28.207749848398212,-7.90468895678733
0.036541,0.141136,121.523221,191.662306,50.05,70.0,121.52071221323017,191.65673904455338
0.072775,-0.862916,-31.644532,160.680616,50.05,70.0,-31.659486633365137,160.68891283739566
0.967483,0.490066,-2.14255,-1.353455,50.05,70.0,-2.151858056808764,-1.359036376793802
0.541188,-0.258786,49.796537,-148.571843,50.05,70.0,49.77669920910075,-148.58582203862548
0.590977,0.551971,106.440087,-1.118973,50.05,70.0,106.45279181656969,-1.1248742280846102
0.976385,0.098706,31.432937,1021.922048,50.05,70.0,31.45257628703937,1021.941975704625
0.953199,0.412135,-40.931851,37.356859,50.05,70.0,-40.951654011943894,37.338900222525105
0.753322,-0.920675,49.114729,63.626456,50.05,70.0,49.09995119420863,63.64371802269354
0.213457,-0.429076,88.329229,207.165577,50.05,70.0,88.3135912134253,207.16058286943584
0.514912,0.127216,-56.597818,7.090473,50.05,70.0,-56.6134202524694,7.1098720969713805
0.11134,-0.712441,-94.004461,231.476349,50.05,70.0,-93.9853258170679,231.4832858644219
-0.000583,0.198247,0.328338,-64.033233,50.05,70.0,0.3337936813939461,-64.03464968607777
-0.057408,-0.861122,41.674299,239.848098,50.05,70.0,41.65930109572483,239.85845638008942
-0.883871,0.779098,2.539538,66.505683,50.05,70.0,2.5302952098764635,66.52551079986587
0.296084,0.275608,108.732843,-359.879893,50.05,70.0,108.71945909156534,-359.89960912467046
0.149729,0.502034,-300.582574,-180.609238,50.05,70.0,-300.5628348929407,-180.6025830663114
-0.317569,0.61465,95.52669,-8.213778,50.05,70.0,95.53121420869559,-8.193901897184336
0.416206,-0.830436,35.575283,-26.609844,50.05,70.0,35.55743777672239,-26.617196056943193
0.854203,0.594809,-23.386101,5.879858,50.05,70.0,-23.40414597344419,5.864453172922891
0.948167,-0.159768,-139.966389,-24.358357,50.05,70.0,-139.9797312876272,-24.373082914516697
0.783891,0.855579,0.582964,0.649537,50.05,70.0,0.580846131270706,0.630049058291308
-0.28511,0.148103,-314.708046,-90.527241,50.05,70.0,-314.71293326310536,-90.54568016611466
-0.831733,-0.936491,13.148818,-1.249558,50.05,70.0,13.149525758338772,-1.2690342614609358
0.403566,0.74016,-40.777638,7.066173,50.05,70.0,-40.7916086666158,7.047159133649022
-0.127978,-0.92115,-61.463614,-5.486897,50.05,70.0,-61.47850484492054,-5.469930790683705
0.237698,0.98948,-148.101608,-139.598592,50.05,70.0,-148.11222140077854,-139.58628279031853
0.198327,-0.718426,-244.539278,101.037086,50.05,70.0,-244.52780447279514,101.02077188047946
-0.5871,0.608282,1.287848,-0.754465,50.05,70.0,1.2996427271189215,-0.7347080368459697
-0.604432,-0.688337,84.439526,-24.676115,50.05,70.0,84.45466275795764,-24.669321301038114
-0.87304,0.824939,1.243325,0.744483,50.05,70.0,1.232350767730596,0.7644387136087765
0.750984,-0.21268,242.698141,193.636596,50.05,70.0,242.70897473887027,193.65000560075055
-0.516555,0.252635,47.773177,31.001161,50.05,70.0,47.75565449551751,31.02105117941956
0.038995,-0.608592,702.537192,-300.280997,50.05,70.0,702.5426480229253,-300.26246383646185
-0.60109,-0.51454,-119.273193,75.167114,50.05,70.0,-119.29149332686399,75.18430263503257
0.127509,-0.952585,-527.888058,195.810034,50.05,70.0,-527.9061183116287,195.82756200093425
-0.092535,0.764915,852.530207,-84.810207,50.05,70.0,852.5289284078465,-84.82785181272035
-0.080849,-0.826307,285.864462,467.235068,50.05,70.0,285.8460501554795,467.21517265846296
0.259776,0.061486,241.689248,-423.951605,50.05,70.0,241.6746658610402,-423.9612612707709
-0.601703,-0.819348,-27.874048,-7.288796,50.05,70.0,-27.855036193979558,-7.2804470765759755
-0.784308,0.142998,258.70648,435.106788,50.05,70.0,258.7264764005083,435.1206678994276
-0.630936,-0.135707,52.110852,-323.738206,50.05,70.0,52.124786379154294,-323.7578155134912
-0.824385,0.562505,-64.6677,81.578335,50.05,70.0,-64.67755713589247,81.55893489207705
0.0221,-0.571558,-3.669114,17.591989,50.05,70.0,-3.669206985675287,17.609502292861034
-0.174544,0.432267,67.161396,-66.987704,50.05,70.0,67.14267034162764,-67.00653607873296
-0.894249,0.35301,91.302679,82.981254,50.05,70.0,91.30696626201406,82.97015444702079
-0.968281,0.105586,-127.640468,-89.033848,50.05,70.0,-127.62435328327496,-89.05177764240291
0.584455,0.933777,2.531631,0.010438,50.05,70.0,2.532674326214801,0.030353815390643444
-0.010324,0.476237,13.860151,129.987991,50.05,70.0,13.867378167382602,130.00764708356593
0.121844,-0.16561,-242.298276,-35.578364,50.05,70.0,-242.3167601965951,-35.57043930950357
0.584385,-0.235154,-86.963421,-20.329218,50.05,70.0,-86.98138031680843,-20.323432343926118
-0.231286,0.776525,109.363614,-121.296224,50.05,70.0,109.36667665929977,-121.27655053037742
-0.94456,0.785344,-149.502464,-93.679096,50.05,70.0,-149.49658848282985,-93.65944367472387
-0.721766,-0.724942,2.284697,-40.883662,50.05,70.0,2.288959796645643,-40.875362583937445
-0.107668,0.423942,325.092383,-682.939165,50.05,70.0,325.0881084420475,-682.9453096447712
-0.806112,-0.317946,-76.03317,50.353805,50.05,70.0,-76.02462203969728,50.333815980872316
0.287734,-0.047107,-567.311007,-222.617207,50.05,70.0,-567.3274164339618,-222.6362951295405
0.271048,-0.498945,-114.118148,48.146229,50.05,70.0,-114.0997213872085,48.1538637120074
0.232412,0.152347,-132.138511,113.917965,50.05,70.0,-132.1549126445915,113.92946654515583
0.502038,-0.241873,-17.040832,-1.260503,50.05,70.0,-17.041218569782565,-1.279067687115469
0.848137,0.630882,7.991192,9.369936,50.05,70.0,7.996607726951363,9.357266255626529
-0.766361,-0.221076,181.2553,-69.692243,50.05,70.0,181.25024407002323,-69.69078468412958
0.368059,-0.036305,-269.975245,-76.151583,50.05,70.0,-269.9635397474233,-76.14092235620008
-0.180226,0.938728,-129.431322,-53.78341,50.05,70.0,-129.41228069349498,-53.76341131711809
-0.794732,0.946983,95.363978,-64.355253,50.05,70.0,95.34453698123367,-64.33998445286763
-0.056746,0.265095,279.604193,447.475235,50.05,70.0,279.61485407295083,447.45523649672623
-0.555038,-0.515499,-82.736336,-84.366599,50.05,70.0,-82.75148736186105,-84.3559372432739
0.00043,-0.771135,-17.838438,1886.311178,50.05,70.0,-17.82894187407323,1886.3179080557038
-0.464293,0.633872,66.65803,29.410278,50.05,70.0,66.66937997268741,29.429491747818307
-0.512398,0.122672,136.835111,15.603712,50.05,70.0,136.84507040042297,15.619115976722396
-0.252752,-0.00501,151.377482,0.182205,50.05,70.0,151.39328464828472,0.1627613432503784
-0.209941,-0.478267,188.888821,12.831009,50.05,70.0,188.9082110464434,12.823303374743482
-0.2332,0.611384,160.579552,-17.081857,50.05,70.0,160.59061737748544,-17.07747607239347
-0.470858,0.296763,-281.045681,116.078783,50.05,70.0,-281.0313237669784,116.06693060309873
-0.297251,0.106517,-199.625231,-128.767185,50.05,70.0,-199.62901935221893,-128.75475763970545
0.232075,0.48435,-87.92131,-61.662227,50.05,70.0,-87.92973920463214,-61.64269355733364
0.468185,0.782898,317.458082,121.737176,50.05,70.0,317.4439724763912,121.72304407548147
0.166895,-0.992262,-19.613558,149.763778,50.05,70.0,-19.59555739911946,149.74820666680307
-0.950365,-0.778942,-4.047158,108.655125,50.05,70.0,-4.042795279895122,108.6587953246787
0.320538,-0.720747,-57.513651,12.105033,50.05,70.0,-57.52847564931565,12.107278797400149
0.400061,-0.168827,-165.269765,-30.199852,50.05,70.0,-165.27379350207465,-30.219731216117708
0.519122,0.885952,-6.440306,1.532439,50.05,70.0,-6.420672695074592,1.546578231935309
0.198512,0.386686,110.912449,322.895422,50.05,70.0,110.90650967611028,322.89400036705933
-0.969654,-0.980137,-0.931771,-0.917192,50.05,70.0,-0.9119306300696938,-0.9182621682731659
0.835409,0.713107,-31.433988,-2.514484,50.05,70.0,-31.43410898697489,-2.49456549871082
-0.815864,-0.223578,-66.305485,140.718959,50.05,70.0,-66.30791814579132,140.72074462015016
0.327401,0.636335,124.827593,-4.014092,50.05,70.0,124.8088048068959,-4.024234112475548
0.889909,0.701879,-62.626787,2.480354,50.05,70.0,-62.63006416713148,2.4907303299200962
0.484613,0.892478,105.090472,-20.679733,50.05,70.0,105.0850623809871,-20.693575217689045
-0.116238,0.389164,423.119722,132.009759,50.05,70.0,423.1259057346953,132.00453930448927
0.679215,-0.434452,-8.820763,-46.980238,50.05,70.0,-8.83392449588034,-46.96038548425738
0.162844,0.924352,-231.725996,-232.441877,50.05,70.0,-231.7224174386486,-232.4581811474003
-0.423113,0.734059,-4.756574,-1.44696,50.05,70.0,-4.772861073670159,-1.4425773533915154
-0.666595,0.54454,-195.027882,-69.188813,50.05,70.0,-195.03509329135343,-69.18242475958635
0.07758,-0.105539,-77.376598,69.232567,50.05,70.0,-77.36550997920766,69.21470938428746
0.2082,-0.786594,-67.33514,88.190442,50.05,70.0,-67.31705825950716,88.17313838947454
-0.282644,-0.390876,-26.770997,7.570595,50.05,70.0,-26.767931864285952,7.563976243579586
0.543961,0.352002,-38.254495,11.408547,50.05,70.0,-38.24501078717873,11.38986221892429
0.094345,-0.346322,510.056849,-124.62662,50.05,70.0,510.03904526790757,-124.61118222589371
-0.628731,0.919976,12.602743,3.317747,50.05,70.0,12.587318392814103,3.3374171729477182
0.034968,-0.295181,-26.486413,152.138071,50.05,70.0,-26.478167808250024,152.1557628805137
0.89202,0.188297,-16.385638,-60.956557,50.05,70.0,-16.384672423459747,-60.9371629241572
0.702065,-0.388361,8.999847,35.30513,50.05,70.0,9.01108136821794,35.31564945552469
0.815731,-0.009755,-123.031147,-1.213371,50.05,70.0,-123.02685406164306,-1.1968240224977045
0.049374,-0.171077,-250.224613,433.227977,50.05,70.0,-250.24461161930867,433.24234650177357
0.708445,0.839253,-21.233087,5.977224,50.05,70.0,-21.25307020072275,5.9931612134290715
-0.678024,0.455839,-127.936673,-55.620751,50.05,70.0,-127.95662001750011,-55.613532491887376
-0.719368,-0.411534,-780.030066,563.144514,50.05,70.0,-780.0149673342939,563.1417835650292
-0.644001,0.28162,270.409342,-461.342498,50.05,70.0,270.39522698520886,-461.3345454926414
-0.818778,0.804482,307.498216,-418.759669,50.05,70.0,307.478269497966,-418.76593230165213
0.925653,-0.546236,20.080606,-23.171314,50.05,70.0,20.07314381205948,-23.151477450304615
-0.580576,0.26722,-193.487214,-158.399247,50.05,70.0,-193.49340816718552,-158.3795506170879
-0.831998,0.615439,-204.285772,-369.085537,50.05,70.0,-204.2664339506931,-369.1038694562173
-0.309098,0.988923,-90.156309,114.923741,50.05,70.0,-90.1505372621541,114.92300115303989
0.821444,0.016071,148.273149,-16.590765,50.05,70.0,148.254032722321,-16.570790116135605
0.097903,-0.535877,-294.085107,-55.610804,50.05,70.0,-294.1051016779145,-55.591060006251645
-0.490317,-0.754905,72.192414,-47.094639,50.05,70.0,72.18949933649576,-47.11361687006624
0.313649,-0.496447,105.992892,116.602923,50.05,70.0,105.97350968960376,116.59152970532432
0.217001,-0.857007,-221.469142,68.376023,50.05,70.0,-221.45862891097266,68.3773360626839
0.275375,0.225431,161.076782,-154.831233,50.05,70.0,161.05738618171065,-154.82281194518836
0.824303,0.061776,83.536627,29.652377,50.05,70.0,83.52521838373013,29.632597673990983
0.265501,0.268023,-136.182529,10.502981,50.05,70.0,-136.16696028378658,10.489233981532383
0.654355,-0.257259,68.771025,-134.71097,50.05,70.0,68.75202009584154,-134.71394433703196
0.248476,0.144352,-241.686703,67.162965,50.05,70.0,-241.68011649383462,67.15353237655182
0.12835,-0.827804,-66.58061,175.703933,50.05,70.0,-66.59866635805838,175.72382122862462
-0.901703,-0.928958,-0.749849,-0.719356,50.05,70.0,-0.7410563881585669,-0.735775813044491
-0.999558,0.435223,4.611663,0.122508,50.05,70.0,4.623161950317447,0.11285584176517968
0.792567,0.679402,130.599536,-184.670685,50.05,70.0,130.60496338066434,-184.65270742152214
0.71563,-0.403579,120.14078,7.289258,50.05,70.0,120.12178258739769,7.273454516167387
-0.955886,0.420385,79.942023,45.400075,50.05,70.0,79.95644936748296,45.3851428443374
-0.583951,-0.469934,52.684368,17.050173,50.05,70.0,52.67606944573056,17.067986733850226
-0.185613,0.410661,249.3863,-47.069367,50.05,70.0,249.3809150032364,-47.088583772511726
-0.019375,0.360044,90.230641,467.176105,50.05,70.0,90.2107540753456,467.18267394610143
-0.734412,0.729448,0.517546,0.249711,50.05,70.0,0.536516559758977,0.2327010158497144
-0.162927,-0.31984,15.889351,98.581086,50.05,70.0,15.895729908919925,98.56876280382117
0.446261,0.303361,-62.172243,19.384217,50.05,70.0,-62.163215828033294,19.36446129119128
0.596172,-0.139574,83.013283,18.588597,50.05,70.0,82.99398640685597,18.60719846072705
0.185742,-0.2318,-118.959587,60.876014,50.05,70.0,-118.95264611936493,60.86583657862973
0.139594,0.161655,-72.276764,162.727521,50.05,70.0,-72.2760662959974,162.70762224855167
0.93114,-0.330553,-76.124964,-6.837121,50.05,70.0,-76.13223198839157,-6.854747767739079
0.400401,-0.459006,36.966032,-35.26592,50.05,70.0,36.95823605534221,-35.283238429839805
-0.509085,-0.183977,46.812468,-79.024922,50.05,70.0,46.82559641460855,-79.02519573760391
-0.093942,-0.882053,132.008708,319.397849,50.05,70.0,132.02615683974994,319.41690125970865
-0.667758,0.984158,66.084099,-46.789241,50.05,70.0,66.06420386353219,-46.80625725371471
0.735977,-0.442458,64.570311,38.334775,50.05,70.0,64.56957670244971,38.31990474575571
-0.397315,0.31908,-85.744732,111.305957,50.05,70.0,-85.75375199775438,111.3080280251063
0.77464,-0.623824,19.519199,43.485029,50.05,70.0,19.507011820107987,43.46545441281437
-0.61199,0.279266,-312.661261,700.063915,50.05,70.0,-312.6502110286633,700.0710345492504
-0.382937,-0.020575,-1132.460925,-1162.968248,50.05,70.0,-1132.4658103026054,-1162.9601634682876
0.187891,-0.12184,-181.07638,-218.678909,50.05,70.0,-181.07878023168064,-218.6624386881513
0.235703,-0.531955,-160.664987,351.392115,50.05,70.0,-160.6794766267652,351.4041870520504
-0.563581,-0.098133,49.457713,-4.581026,50.05,70.0,49.473551821166566,-4.5935011628481
0.686853,-0.056968,125.872473,1051.188123,50.05,70.0,125.87135147772462,1051.1981811968628
0.546239,0.63417,84.382918,12.967717,50.05,70.0,84.40104750746555,12.97949378413926
0.503553,-0.782756,48.833196,-19.625607,50.05,70.0,48.84666199567212,-19.61283697429669
0.220664,0.69914,0.040906,-1.664736,50.05,70.0,0.023071902929505946,-1.645152868941123
0.443585,-0.659913,76.426029,-34.642965,50.05,70.0,76.43431601017879,-34.63468875729842
0.849511,-0.276116,-49.566271,-12.049519,50.05,70.0,-49.55569247950992,-12.068275648852847
-0.687171,0.712543,-82.582242,-1.475842,50.05,70.0,-82.60002994277994,-1.4799764507459312
-0.281779,0.137041,-306.709224,-362.103513,50.05,70.0,-306.7256100853534,-362.08549454342443
-0.75374,-0.111725,-134.926504,-340.241509,50.05,70.0,-134.90651633504012,-340.25530040960643
0.243931,-0.244393,-90.654949,13.08917,50.05,70.0,-90.64487985086119,13.1018295530571
0.491748,0.806073,4.93398,18.570805,50.05,70.0,4.914292619864628,18.58870075048772
-0.326133,0.678453,97.402576,-18.642615,50.05,70.0,97.41977023027056,-18.66257143114888
0.751512,0.657695,199.441139,-560.36458,50.05,70.0,199.45033459215068,-560.3695275465675
-0.113625,0.30239,488.992032,106.150878,50.05,70.0,488.99550960252145,106.16479669569904
0.263917,-0.352778,62.525525,116.714611,50.05,70.0,62.51170056197242,116.71539391925988
0.864858,-0.334701,112.711057,-28.666608,50.05,70.0,112.7295508115946,-28.67366464528021
0.682149,0.876605,-93.239895,-41.286626,50.05,70.0,-93.2240805889477,-41.28020128598807
-0.903047,0.485533,142.051062,-37.578217,50.05,70.0,142.06242859077432,-37.55886560348551
0.357588,-0.026885,-137.531515,-1.900212,50.05,70.0,-137.5299908383894,-1.9189911001573148
0.15156,-0.735201,-116.390228,202.20137,50.05,70.0,-116.40128839734815,202.18682513162625
-0.521378,-0.792033,1.043349,-1.857262,50.05,70.0,1.0405884819655835,-1.8475971251030372
0.309151,-0.092099,-53.384399,-55.096519,50.05,70.0,-53.36781630130158,-55.11639058615059
0.093699,0.7978,-226.571157,-383.462748,50.05,70.0,-226.5873343241833,-383.46888027504514
0.620714,0.333612,-83.380204,-83.67989,50.05,70.0,-83.36945134477189,-83.69183380293995
-0.976522,-0.402523,70.747054,125.070895,50.05,70.0,70.74352188475052,125.064868222797
0.794257,-0.928408,0.156365,0.029685,50.05,70.0,0.15932261266639514,0.04387757739783663
0.241944,0.360067,35.901924,-9.947728,50.05,70.0,35.91198012951165,-9.965832913544908
-0.3533,0.09358,701.558623,182.277277,50.05,70.0,701.5649999914544,182.27320727682897
0.793842,0.106984,-457.678178,387.650309,50.05,70.0,-457.6759601257297,387.6554382042413
0.079654,0.739899,-433.187039,-516.650801,50.05,70.0,-433.20225887807595,-516.6546358964742
-0.519197,-0.143321,253.813031,854.57756,50.05,70.0,253.81935632495313,854.5973690990421
-0.796479,-0.426539,-177.940437,209.531387,50.05,70.0,-177.9603957785413,209.515243717707
-0.84324,-0.338691,111.751003,-55.365499,50.05,70.0,111.74382028900169,-55.34747683273365
-0.380366,-0.807058,62.679253,-3.554645,50.05,70.0,62.69685745067009,-3.540189685206839
-0.231819,-0.178391,172.199987,13.509604,50.05,70.0,172.17998714272872,13.52919111097506
-0.218678,0.686899,152.274558,-132.289519,50.05,70.0,152.2547602689348,-132.28057864792572
0.714587,0.067545,-58.100647,3.629019,50.05,70.0,-58.11359946334022,3.630897934198416
-0.770746,0.068159,379.173491,89.988735,50.05,70.0,379.1606690794599,89.98706272587536
-0.457423,0.093089,-62.436511,274.214812,50.05,70.0,-62.4170428519059,274.2069148263033
0.545585,-0.357167,95.950418,98.028621,50.05,70.0,95.95151047678696,98.01637114348443
-0.90304,0.613964,-112.785259,13.809755,50.05,70.0,-112.78658329795377,13.809963269848298
0.892691,-0.543547,48.995385,-19.193521,50.05,70.0,48.97560668587028,-19.173566278470304
0.600225,-0.024835,-412.45325,-39.838242,50.05,70.0,-412.43414281814495,-39.83447803912709
0.59887,-0.78988,-69.148971,-0.806581,50.05,70.0,-69.13341305830508,-0.7868681658471165
0.479155,-0.838079,42.700422,-3.752065,50.05,70.0,42.70220425113795,-3.7322240290817414
0.404121,0.066891,201.980044,215.413023,50.05,70.0,201.98965295511434,215.41059265874551
0.243379,0.474942,-118.93299,-71.171124,50.05,70.0,-118.91789005213222,-71.18349440088905
0.351812,0.902908,-92.387461,-17.896891,50.05,70.0,-92.40743506122747,-17.916739446540653
-0.825571,0.632984,-0.490983,0.47665,50.05,70.0,-0.47722861609726774,0.4611828689673681
0.56918,0.210896,130.252478,-90.251642,50.05,70.0,130.2705758927696,-90.263231520481
0.527818,-0.961579,-7.617504,-17.955329,50.05,70.0,-7.636924780861418,-17.93681873823889
0.734052,-0.786307,-7.351267,-3.058068,50.05,70.0,-7.35937878271327,-3.0463171341618414
0.542532,0.338572,61.90124,950.005378,50.05,70.0,61.900016719454754,950.0041922233733
0.382043,-0.999464,-79.852504,11.45893,50.05,70.0,-79.83893012974723,11.439710290175855
0.013692,0.122907,-31.189708,-238.083872,50.05,70.0,-31.194544683893543,-238.07535857358457
-0.305585,0.026137,162.212774,1.036036,50.05,70.0,162.19492266941884,1.053262083677015
-0.710535,0.046568,219.044437,15.50875,50.05,70.0,219.06122378228525,15.50138464335985
0.660851,0.925335,-7.501011,0.800672,50.05,70.0,-7.516190889234938,0.8202965997085659
0.104973,0.285798,-9.569153,-54.965265,50.05,70.0,-9.54919271741606,-54.980276358649114
-0.589338,0.991042,1.860547,2.788673,50.05,70.0,1.880172582182689,2.76882176006311
0.43684,-0.023729,-613.859324,-105.19295,50.05,70.0,-613.8399557836026,-105.21293447639344
-0.807226,0.950266,1.297565,0.898558,50.05,70.0,1.2780453022956513,0.9181406853535138
-0.885163,-0.937355,0.777341,-1.194324,50.05,70.0,0.7834719791336757,-1.2090242346008668
-0.1277,-0.260312,181.474873,177.60101,50.05,70.0,181.49237527634043,177.5839169160728
0.936671,0.627007,88.815691,-112.405111,50.05,70.0,88.80940859243618,-112.4139344627207
0.111391,0.15447,-125.522857,-112.948123,50.05,70.0,-125.50928194868283,-112.93288099729321
0.177134,-0.911424,51.445063,295.30353,50.05,70.0,51.44444515456983,295.3220638452955
-0.299595,0.700231,15.290101,3.519791,50.05,70.0,15.27111752135998,3.5297028178043433
0.78728,-0.182853,-82.291816,-14.955797,50.05,70.0,-82.28020769249447,-14.975716847920117
0.783042,0.57989,9.865968,0.342985,50.05,70.0,9.885760628607212,0.35485102766397203
0.212427,0.260153,-177.856656,-44.13504,50.05,70.0,-177.8704881781618,-44.15458988513849
0.395132,0.984108,214.56083,56.900009,50.05,70.0,214.58048536960052,56.89901458616108
-0.100255,-0.992046,36.424846,139.481474,50.05,70.0,36.424322078002156,139.50139635680375
0.685219,0.469784,2.926105,1.351275,50.05,70.0,2.935219556113245,1.3418032769050876
-0.339143,0.025035,1225.982525,716.179992,50.05,70.0,1225.9726627286977,716.1642580815517
0.764856,0.941998,6.777941,43.624227,50.05,70.0,6.758421108195466,43.608523456999194
0.154692,-0.087121,-351.685588,1.809007,50.05,70.0,-351.67817436492163,1.8219958388366682
-0.242085,-0.722363,73.763007,-64.630401,50.05,70.0,73.75463254604023,-64.63673221928612
-0.749598,-0.49282,-4.15373,-25.94707,50.05,70.0,-4.137696988987644,-25.953895965315876
-0.832362,0.49561,-36.940558,-16.132054,50.05,70.0,-36.923503928411435,-16.14796142416999
-0.282537,-0.592768,98.704666,-0.753247,50.05,70.0,98.71636214383308,-0.7723929964064421
-0.649213,0.674776,-72.322349,28.014815,50.05,70.0,-72.30309076188084,27.995885032876416
0.962154,0.926474,0.590069,0.513162,50.05,70.0,0.6009588284184505,0.49352664319226125
-0.755672,-0.579449,-53.871768,-36.651694,50.05,70.0,-53.88907748297714,-36.63802222872481
-0.796332,0.05406,-687.832141,813.393349,50.05,70.0,-687.8124466605199,813.3806561528768
0.584863,-0.2094,-168.242829,-133.590694,50.05,70.0,-168.2615112531049,-133.57582639207612
0.613548,-0.100092,54.353389,-95.940313,50.05,70.0,54.33698099115266,-95.94069658576907
-0.241875,0.800897,126.747042,-119.956444,50.05,70.0,126.7418621911502,-119.94349413696148
0.668793,0.399915,-12.9157,0.527837,50.05,70.0,-12.906069258763939,0.5243380863142262
-0.633273,0.585014,86.028638,49.129065,50.05,70.0,86.03994896735684,49.109711751954414
0.326046,-0.14153,-22.847318,-2.469943,50.05,70.0,-22.843018707373805,-2.4615775639864754
-0.688703,0.972163,-60.493311,-81.817487,50.05,70.0,-60.505892925109144,-81.80464650810268
-0.859337,-0.875286,-4.552228,2.310027,50.05,70.0,-4.5692306367579425,2.2956686672193256
-0.932127,-0.261867,55.602164,-152.285763,50.05,70.0,55.58380094557959,-152.28536043033495
0.807241,-0.693999,1.440074,-0.24238,50.05,70.0,1.4213482990154847,-0.23021884768424633
-0.041502,0.478025,492.239093,751.607665,50.05,70.0,492.2518778266774,751.6028647430064
0.16762,-0.809266,-275.948386,-19.080663,50.05,70.0,-275.9666862216637,-19.097361992614527
0.662926,-0.198094,-158.869664,-206.428893,50.05,70.0,-158.8894919074572,-206.4466823165063
0.634898,0.727043,85.593991,51.353503,50.05,70.0,85.57905705808169,51.36862642581897
-0.592949,0.303449,-171.529723,-13.404807,50.05,70.0,-171.51236867438078,-13.424806618147661
0.069282,0.429062,-202.363897,138.675476,50.05,70.0,-202.34805067125404,138.69496449065073
-0.758093,0.730631,-27.633635,62.104305,50.05,70.0,-27.624114174339645,62.124266693957814
-0.279911,-0.464458,-0.936669,-1.151889,50.05,70.0,-0.9266665487012674,-1.1524697979440353
-0.143018,0.301915,210.36691,-169.302565,50.05,70.0,210.38669606710835,-169.31908312146584
0.287093,-0.82336,-44.712235,12.108168,50.05,70.0,-44.727268255863024,12.09069455749836
-0.214051,0.44324,182.831542,-82.541656,50.05,70.0,182.84987520476483,-82.56163507101807
-0.472635,0.418879,108.245744,16.676923,50.05,70.0,108.26556893276909,16.68974625905908
0.095036,-0.726652,106.178018,-16.290974,50.05,70.0,106.18251012597918,-16.310958738498268
-0.842355,0.540943,128.499943,-45.831449,50.05,70.0,128.49638171893142,-45.83232906256276
-0.369868,-0.367605,-462.472196,-577.626895,50.05,70.0,-462.4552505788187,-577.6071159674967
-0.345304,0.483187,-84.173849,32.064144,50.05,70.0,-84.17583561190806,32.084035582994375
0.927635,0.758049,-6.185473,-13.815512,50.05,70.0,-6.184723607885547,-13.797851821520597
0.533862,0.621657,-81.113018,6.500271,50.05,70.0,-81.09532793222817,6.481162130054867
0.187489,-0.87908,-185.56751,305.921359,50.05,70.0,-185.56067408064234,305.9117164908506
-0.701353,0.366494,265.618548,87.855207,50.05,70.0,265.60814653852754,87.84128653731283
-0.335582,-0.134311,-100.403015,177.834644,50.05,70.0,-100.40506139303295,177.85068890571557
0.639133,-0.096339,-53.66404,-4.838615,50.05,70.0,-53.647892775977574,-4.844256799923615
0.822883,0.19315,368.309824,-96.281467,50.05,70.0,368.32336370897684,-96.26469213289697
0.265355,-0.175448,-187.751981,493.017042,50.05,70.0,-187.73448499791095,493.00027229065137
-0.758481,0.205099,492.256546,475.620647,50.05,70.0,492.2581922108061,475.61755714363693
-0.909211,0.88516,3.015891,1.187547,50.05,70.0,3.009118591680457,1.1713688908986595
0.880786,-0.627432,-70.423498,56.943343,50.05,70.0,-70.40509693421917,56.96267535360326
0.745043,-0.059824,-170.011229,-11.883814,50.05,70.0,-170.01658657075694,-11.888865337125784
0.531401,-0.74839,61.750992,-16.020907,50.05,70.0,61.77099163062083,-16.008146719763435
-0.192956,0.988693,-81.520216,-43.026817,50.05,70.0,-81.54017374958065,-43.012968693302334
0.957002,0.339344,55.219781,-133.212622,50.05,70.0,55.21887196450264,-133.19391287451248
-0.653247,0.871183,-86.421468,-88.79798,50.05,70.0,-86.40437023045136,-88.79522181601627
-0.034668,-0.670256,-48.299831,-143.788844,50.05,70.0,-48.3090754110186,-143.80723801016336
0.999412,-0.885424,0.474305,-1.098855,50.05,70.0,0.48849671751269474,-1.1132122714384032
0.672099,-0.037622,-387.444718,-51.261295,50.05,70.0,-387.4254249443349,-51.26966365508157
-0.312431,0.964563,72.039856,4.331038,50.05,70.0,72.04644948613844,4.321679857926357
-0.596578,-0.678384,-70.852693,-16.613032,50.05,70.0,-70.8723441593074,-16.627848415538885
0.407041,-0.855841,-52.727552,-4.636726,50.05,70.0,-52.708966232916936,-4.617377904654608
-0.11932,0.593939,2.867428,1.983705,50.05,70.0,2.857949425751817,1.9797321414680342
0.335772,-0.680952,-65.608046,11.48608,50.05,70.0,-65.59260917164501,11.491148172954999
-0.75623,0.036468,225.247714,42.751025,50.05,70.0,225.25024369689922,42.75147288879351
0.9234,-0.417833,-72.995384,-49.303233,50.05,70.0,-73.01528634991821,-49.28620525721866
-0.517418,-0.241143,224.633558,4.519495,50.05,70.0,224.62216094874324,4.520462948561361
-0.895472,-0.19445,94.682723,-330.995389,50.05,70.0,94.6707408901629,-331.0067464792985
-0.118801,-0.685779,50.248641,131.149736,50.05,70.0,50.2635895931454,131.16966513321827
0.107001,0.369934,-65.382319,-131.030741,50.05,70.0,-65.40214596780069,-131.01108581221985
-0.523539,0.882203,-1.167826,-23.446537,50.05,70.0,-1.1510643719689504,-23.428476661739204
-0.809928,-0.459644,26.145791,-5.865714,50.05,70.0,26.163181464119976,-5.858802342179377
0.769682,0.041575,-890.852071,357.081514,50.05,70.0,-890.8354283408727,357.0988899488624
0.753658,0.723327,405.877685,52.964567,50.05,70.0,405.8937060578616,52.98450234627157
0.952452,-0.139765,-147.799462,-22.878862,50.05,70.0,-147.81871688902015,-22.89385800213295
0.974849,0.28601,328.253214,231.900607,50.05,70.0,328.24816239927884,231.90489527342774
0.966479,-0.393369,-84.026865,-72.640673,50.05,70.0,-84.00807352685435,-72.6273102051537
0.647716,0.159909,-232.025949,85.624337,50.05,70.0,-232.01072600361562,85.61162569411313
-0.406115,0.429064,-362.465575,-206.000669,50.05,70.0,-362.4570734885044,-206.0193076807508
-0.728322,-0.899623,-364.526268,144.144328,50.05,70.0,-364.5455226069921,144.16180626344453
0.042735,0.240644,-52.463798,-209.158668,50.05,70.0,-52.47078755493602,-209.15874793128216
0.503553,-0.77734,-52.515815,49.780547,50.05,70.0,-52.528956249868656,49.785612969763584
-0.755187,-0.421977,35.637753,-15.902209,50.05,70.0,35.654264593032075,-15.914920916886562
-0.170523,0.015016,1017.444249,198.92057,50.05,70.0,1017.4634208681676,198.90947508274854
0.369267,0.278758,-82.343632,20.188656,50.05,70.0,-82.33561737058665,20.16894269081184
-0.912787,0.785656,-55.174061,-5.67262,50.05,70.0,-55.17228800814731,-5.655999501011726
0.525705,-0.479521,63.779113,-24.453518,50.05,70.0,63.774077314424424,-24.453039832353294
0.682389,0.916295,62.325559,-6.362868,50.05,70.0,62.31779986887022,-6.379259559062269
0.167832,0.751059,-229.225614,31.979137,50.05,70.0,-229.2192175842749,31.9621205590865
-0.955718,-0.758553,12.901335,-4.897418,50.05,70.0,12.913369374154211,-4.899494761741517
-0.998988,0.002083,74.836897,0.137438,50.05,70.0,74.84958434941385,0.1185495256974228
-0.99366,-0.44201,62.388672,-2.042695,50.05,70.0,62.40286071173715,-2.0547207112506705
-0.866908,-0.125773,78.97413,-9.488666,50.05,70.0,78.98041070251432,-9.477360411137663
0.125971,-0.805289,-22.46555,26.041348,50.05,70.0,-22.48526387327215,26.055711982712914
-0.500428,-0.694996,-191.574213,-1.692316,50.05,70.0,-191.59063342941354,-1.71133382062974
-0.805929,0.74816,-13.937509,2.313762,50.05,70.0,-13.954312009536002,2.330572913572933
0.320844,0.427548,-80.989769,1.539027,50.05,70.0,-80.97002079242178,1.5200210564221779
-0.201369,-0.409413,181.697078,100.466687,50.05,70.0,181.6907602942061,100.44979643934455
0.997003,0.633463,-98.864614,-67.943191,50.05,70.0,-98.87284125033634,-67.95238705282891
0.616707,0.993856,0.617311,2.494317,50.05,70.0,0.6154181250499333,2.4743472837874747
-0.254792,-0.294228,72.656632,8.195594,50.05,70.0,72.65389530292074,8.20391702469944
0.908059,-0.251291,-128.030698,-210.560453,50.05,70.0,-128.02348945203968,-210.54556835028302
0.545512,0.41461,-188.162926,45.405965,50.05,70.0,-188.1480980034987,45.40412023092491
0.345716,0.448331,-51.873165,10.366518,50.05,70.0,-51.853165136071134,10.362850254188816
-0.907112,0.162817,299.829416,345.643914,50.05,70.0,299.8361537750193,345.62749112605684
0.459277,-0.924636,56.766805,-26.380628,50.05,70.0,56.76767974988026,-26.371390462497583
-0.356607,0.507966,-216.363785,481.923817,50.05,70.0,-216.36413537600788,481.9326913769575
-0.615776,0.646892,57.366285,9.03963,50.05,70.0,57.38503832268307,9.027939365397854
0.315187,-0.648735,-99.203049,10.980248,50.05,70.0,-99.22299030495908,10.998991218875043
0.703786,0.526708,56.225726,6.766172,50.05,70.0,56.239013528633805,6.765294032303019
0.381671,0.745467,-48.301096,8.102898,50.05,70.0,-48.29468681062535,8.084454691586204
-0.932726,-0.318751,-180.413815,-273.045348,50.05,70.0,-180.4333973100452,-273.0635107426506
0.749477,0.46698,-26.966435,5.655632,50.05,70.0,-26.966511522167135,5.636285354979
0.538976,0.57795,114.814105,-93.618497,50.05,70.0,114.81400859267578,-93.63183239133743
-0.386812,0.858898,30.778293,7.214241,50.05,70.0,30.758325607246576,7.194262688409349
-0.49825,-0.079594,101.251364,191.020995,50.05,70.0,101.25257941681971,191.00307752770073
0.263614,0.557468,-78.162065,-72.880715,50.05,70.0,-78.16164157530937,-72.87446240359114
-0.631056,-0.166305,5.81104,179.109509,50.05,70.0,5.807191382358993,179.09530291702617
0.907255,0.22803,-37.278855,-44.863782,50.05,70.0,-37.25977784914374,-44.873901084694964
0.493471,-0.227908,-128.353675,-76.871135,50.05,70.0,-128.37132706584362,-76.85844559970396
-0.449192,0.424322,-78.588713,-3.75559,50.05,70.0,-78.58728210509808,-3.7749952504801634
-0.418229,0.824737,34.637413,6.798458,50.05,70.0,34.64812518745552,6.780032647503227
-0.64829,0.190569,20.604465,195.430309,50.05,70.0,20.60214563575516,195.41439013940501
0.890224,-0.011064,267.198176,-24.387324,50.05,70.0,267.1871237851269,-24.40105588317634
0.048166,-0.465745,55.90806,-4.999399,50.05,70.0,55.91076659424991,-5.01936125556055
0.228482,0.099794,-131.598097,-7.806477,50.05,70.0,-131.617535474877,-7.80992323271817
-0.756216,0.273764,-35.142821,25.522297,50.05,70.0,-35.124225407047824,25.541836171094566
-0.850864,-0.464464,-413.022139,42.444375,50.05,70.0,-413.04186942988235,42.43502474973245
-0.245418,-0.738505,157.244379,99.214329,50.05,70.0,157.23846870540217,99.2279187623613
-0.052942,0.198314,-152.271459,89.569105,50.05,70.0,-152.25174249245526,89.57832148108305
-0.940585,-0.418754,-130.158775,23.018689,50.05,70.0,-130.14055680854958,23.00098800737827
-0.004394,0.152923,26.378874,754.482348,50.05,70.0,26.390834537248555,754.5023204213127
0.180862,-0.248503,-292.859183,-151.050728,50.05,70.0,-292.87829331276663,-151.0317042704354
-0.583537,0.497131,-2.305604,-369.09404,50.05,70.0,-2.2860665395391067,-369.08388715989685
-0.720456,-0.7091,-40.715777,131.744099,50.05,70.0,-40.73275565117815,131.7278754965255
0.162664,-0.114142,963.810932,-1047.641586,50.05,70.0,963.8293701558109,-1047.6218060305773
-0.390906,0.034981,553.868933,131.764349,50.05,70.0,553.8531096906398,131.76496372038275
-0.076512,0.057821,1075.546529,794.676354,50.05,70.0,1075.5599101035523,794.6919809044446
-0.199001,-0.613249,-113.143295,-82.274206,50.05,70.0,-113.1468285067124,-82.25473174852434
-0.871748,0.535397,273.442937,-139.637126,50.05,70.0,273.4292740949756,-139.65338168543715
0.416822,-0.470437,78.078884,-36.147945,50.05,70.0,78.09878774814499,-36.13455009955657
-0.629498,0.027958,740.448635,1813.66901,50.05,70.0,740.4684452596239,1813.6714790302565
-0.112702,-0.184588,-40.356609,-6.972544,50.05,70.0,-40.35059930576703,-6.957522601287057
-0.372391,-0.774599,-110.064787,-29.838119,50.05,70.0,-110.04479928800477,-29.8552192579129
-0.69345,-0.820599,44.172379,-26.710647,50.05,70.0,44.1523916347197,-26.69901999696976
0.195411,0.268545,-219.184885,-40.66146,50.05,70.0,-219.20050446368626,-40.679093357576974
-0.562236,0.497769,102.285832,76.053567,50.05,70.0,102.28313773803717,76.03765068191285
0.011891,-0.150992,138.598005,445.119243,50.05,70.0,138.61751338750275,445.1139306401745
0.274622,-0.436335,4.895336,0.829128,50.05,70.0,4.87846298245257,0.844976020487443
0.51836,0.080948,-254.835235,41.022503,50.05,70.0,-254.85101270000996,41.02765145216403
0.48797,-0.682749,-31.334187,40.777683,50.05,70.0,-31.3279886267159,40.79603578324075
-0.961899,-0.636888,131.94246,532.008119,50.05,70.0,131.957981054292,532.0281140907618
-0.171873,-0.677088,51.88075,69.730062,50.05,70.0,51.88207851204533,69.72565143386844
0.181738,0.472162,-0.691061,518.694164,50.05,70.0,-0.7109869404067151,518.6751401094627
-0.368592,-0.91872,-47.215769,-54.161649,50.05,70.0,-47.227572519198525,-54.17957540974494
-0.935421,0.384352,-28.335384,7.952583,50.05,70.0,-28.317765724399035,7.933507566547676
-0.190017,0.386763,30.076189,-3.610702,50.05,70.0,30.090480913145107,-3.592403726928623
0.328239,0.720497,178.263321,29.185234,50.05,70.0,178.28307222999538,29.19773331576036
-0.60038,-0.583616,-90.584656,-8.242566,50.05,70.0,-90.57738407442986,-8.225349806905172
-0.82828,-0.907954,49.808395,44.164187,50.05,70.0,49.82417831197415,44.15108007467877
0.018376,0.845522,-172.004173,-425.237112,50.05,70.0,-172.01663447643887,-425.2228308874717
0.688667,0.43297,-17.482533,2.465528,50.05,70.0,-17.487262388655417,2.482558290306249
0.935136,0.825957,27.404334,-31.03998,50.05,70.0,27.423387150118238,-31.032889807694232
-0.1471,-0.310315,89.374619,100.843397,50.05,70.0,89.39461825421674,100.85779777469708
0.542924,0.92681,-18.058206,10.535394,50.05,70.0,-18.04486704085268,10.521678916690202
0.892102,-0.43924,23.097791,-85.377536,50.05,70.0,23.105003182723678,-85.39217014296477
-0.305255,-0.41664,-89.286562,141.440523,50.05,70.0,-89.29331215330308,141.45946543107004
-0.462534,0.184067,-1640.069122,945.447233,50.05,70.0,-1640.053954992895,945.4613271698391
-0.391875,-0.238999,55.326722,-24.401853,50.05,70.0,55.31690877465965,-24.38215311791098
-0.859346,0.974166,1.219022,0.849814,50.05,70.0,1.201130517802307,0.869461318227271
0.80698,0.914156,-0.476331,2.984122,50.05,70.0,-0.4621612420688376,2.969624420777777
0.213304,0.995422,-137.349545,-166.250917,50.05,70.0,-137.36863195343514,-166.25701303353645
0.05959,-0.472212,254.705482,181.805995,50.05,70.0,254.6875707118573,181.798420634327
-0.474074,0.245071,-16.824237,0.321812,50.05,70.0,-16.804251639300613,0.3065385878044007
0.91038,0.755943,-9.026672,119.388933,50.05,70.0,-9.025831031653658,119.39708334158847
-0.858435,0.277645,243.176929,-91.3442,50.05,70.0,243.1954968641691,-91.36412210280233
0.377933,-0.084563,-405.097294,-332.680093,50.05,70.0,-405.07734704058987,-332.69343046366106
0.756363,0.19951,164.753928,-164.266077,50.05,70.0,164.7735447023747,-164.25042998013691
-0.840403,-0.652827,-11.671571,-3.802474,50.05,70.0,-11.67481291414318,-3.8071967869556427
-0.057192,0.775337,71.971364,-315.115944,50.05,70.0,71.9913136051786,-315.1188231845465
-0.902913,0.747213,0.711113,0.462602,50.05,70.0,0.7258524819498012,0.44429139646426485
0.410681,0.310334,86.150191,-126.849607,50.05,70.0,86.15711806662192,-126.86837544468855
-0.216017,-0.593399,122.896184,119.579724,50.05,70.0,122.91297023298252,119.58562592442803
0.742206,0.25525,-87.891412,123.951565,50.05,70.0,-87.90662186311275,123.97024096025916
-0.007239,0.341853,5.233119,-162.32129,50.05,70.0,5.215522010569427,-162.31104259566575
-0.483846,-0.004843,376.473084,-6.311921,50.05,70.0,376.47022030727317,-6.3289566237026005
0.602747,0.361263,1427.228019,39.473454,50.05,70.0,1427.2385249921822,39.47370164108739
-0.258877,-0.952305,112.707209,2.207605,50.05,70.0,112.68722701792385,2.200189630799394
0.615527,-0.837099,32.457729,-10.698342,50.05,70.0,32.4594196776859,-10.688812809734998
0.879192,0.581653,351.381428,-205.6853,50.05,70.0,351.3994794035312,-205.6998400963687
-0.149817,0.02545,-164.27034,97.895256,50.05,70.0,-164.2818329597399,97.89177819152353
-0.254194,-0.24481,80.54174,40.71048,50.05,70.0,80.55386159230179,40.72715600478268
-0.521227,-0.259748,114.376535,-43.228967,50.05,70.0,114.36483211225918,-43.20909413066489
0.412807,0.05474,283.081937,-156.382326,50.05,70.0,283.0751741817569,-156.38476381386405
0.013084,-0.100398,-754.689122,1725.95213,50.05,70.0,-754.6852590428247,1725.9336534347776
0.617124,-0.004454,-315.567631,5.898202,50.05,70.0,-315.5863900386547,5.912717405594059
-0.866461,-0.616043,-142.168487,-158.010072,50.05,70.0,-142.14852322028563,-157.9967599469953
0.158281,0.23678,-282.290971,-80.768171,50.05,70.0,-282.3107576389247,-80.78091782165099
-0.435542,-0.154476,41.28399,-89.680059,50.05,70.0,41.268998040767876,-89.66802494595203
-0.270362,0.033291,-5.394377,-55.382544,50.05,70.0,-5.403122501644404,-55.387846767765836
-0.471003,-0.140603,-230.475257,-76.6813,50.05,70.0,-230.47789323115944,-76.69793860626498
0.889388,-0.058974,569.375589,-464.540284,50.05,70.0,569.3930794366432,-464.52372103952547
0.82149,0.783603,-6.824514,0.68248,50.05,70.0,-6.829864188932977,0.6643421709358588
0.008787,-0.32193,-1029.332066,-50.681792,50.05,70.0,-1029.349513549035,-50.66690938210417
-0.671879,-0.271932,131.25622,-54.742725,50.05,70.0,131.26391734773767,-54.761760875618386
-0.358948,-0.830935,-72.091275,117.424276,50.05,70.0,-72.08429607908846,117.41073103447016
0.479785,-0.258487,-106.92602,-34.971121,50.05,70.0,-106.90844169116623,-34.95416898415639
-0.39232,0.274171,-198.232394,23.708271,50.05,70.0,-198.24727572175556,23.708060759720606
-0.012088,0.833269,15.851499,-336.926784,50.05,70.0,15.838009436504606,-336.9418506871603
0.75238,-0.749429,0.007692,-1.806956,50.05,70.0,8.826941961009079e-05,-1.7869707898927993
0.352315,-0.637163,-68.991564,3.874883,50.05,70.0,-68.98154217886167,3.8911910533136957
-0.790402,-0.282778,-93.257251,98.357997,50.05,70.0,-93.23742167235632,98.36275598790036
-0.653417,0.021711,328.179842,-87.886912,50.05,70.0,328.1874163744082,-87.87590219267474
0.898198,0.010407,-795.95087,55.605983,50.05,70.0,-795.930870010709,55.58998349188714
0.90748,0.022175,-149.546467,3.570756,50.05,70.0,-149.56325062410315,3.590744923145094
0.697785,-0.323761,487.53727,-84.813778,50.05,70.0,487.5363479622344,-84.79413621448758
0.548263,0.653347,-44.614774,-36.8614,50.05,70.0,-44.63209219771964,-36.881395677251454
0.805711,-0.415769,6.374175,-11.250094,50.05,70.0,6.380050959728738,-11.232128326498588
0.177801,0.295154,-92.109717,-67.528072,50.05,70.0,-92.0897823320469,-67.53408284713224
0.659247,-0.038918,222.475207,-97.579873,50.05,70.0,222.49150438620094,-97.56050586205355
-0.088819,-0.775603,56.609016,208.150188,50.05,70.0,56.593553269804424,208.16928440976557
0.441945,-0.234152,-70.14564,-42.300912,50.05,70.0,-70.12862036046002,-42.29238200924935
0.600511,0.783671,6.033407,-1.084328,50.05,70.0,6.048583997478874,-1.0780005183230656
-0.84717,-0.391134,74.328508,-35.481709,50.05,70.0,74.30859155436134,-35.469826306252756
0.202909,0.287052,2.296787,-265.9682,50.05,70.0,2.313023927898332,-265.95881642281626
0.490283,0.185004,-56.182117,9.878254,50.05,70.0,-56.197457769039104,9.873074564741236
-0.632306,0.828095,-8.262972,-0.239051,50.05,70.0,-8.281578184249044,-0.2568445725052252
-0.202308,-0.187686,111.805903,-62.690245,50.05,70.0,111.81890992806697,-62.67054691844904
-0.445405,0.079705,-160.160254,38.131601,50.05,70.0,-160.14365356289795,38.11252320029656
-0.395256,0.932544,-164.574574,-139.916909,50.05,70.0,-164.5913012844867,-139.89741046741455
-0.732797,-0.122301,186.365637,-30.68989,50.05,70.0,186.35624937291405,-30.69667205948197
0.484264,-0.977314,-114.392359,-47.619467,50.05,70.0,-114.38003818247854,-47.59983424963333
0.279579,0.886307,129.049105,-292.611449,50.05,70.0,129.06507659158999,-292.6183401111777
0.162972,-0.928046,-111.476581,201.266568,50.05,70.0,-111.4595055267171,201.2616239707407
0.33518,-0.631899,459.543522,-122.380349,50.05,70.0,459.5305031937943,-122.38734609594104
-0.318494,-0.928911,2.918925,120.998869,50.05,70.0,2.938362363671913,120.99003562075156
-0.207936,-0.780582,136.787915,154.217114,50.05,70.0,136.76822195600295,154.2291087471204
0.759697,0.222946,-181.049172,180.36501,50.05,70.0,-181.0529090732462,180.38286687575146
-0.94384,0.880199,0.050591,1.03334,50.05,70.0,0.032619728082618184,1.0527035422758868
-0.487045,0.228767,39.345206,26.995142,50.05,70.0,39.34745670425678,26.987788844230494
0.888906,-0.152896,-145.080433,-24.698063,50.05,70.0,-145.06395564611483,-24.717135501654383
0.282521,0.337863,-70.656126,-299.565708,50.05,70.0,-70.66918019643121,-299.5627480428413
0.463453,-0.74012,8.652887,-12.448758,50.05,70.0,8.663982010156698,-12.433693726492157
0.803049,0.844604,-67.859261,3.198766,50.05,70.0,-67.86490078230196,3.218765815236801
-0.745027,0.336299,87.493145,35.351613,50.05,70.0,87.5078884522872,35.33745599450304
0.172503,-0.737998,-47.358493,62.452843,50.05,70.0,-47.37745077313603,62.44509554104021
0.467516,-0.453264,271.554864,-82.245645,50.05,70.0,271.54856483584814,-82.22920968738025
-0.004786,-0.441231,34.736495,-644.386148,50.05,70.0,34.75597978434203,-644.3986602635222
0.228235,-0.04635,-675.797685,-409.805354,50.05,70.0,-675.8106967814956,-409.8012723563875
0.99591,0.264646,-183.276294,189.711871,50.05,70.0,-183.28029926064113,189.72328259259479
-0.096652,-0.432759,401.023126,-240.963641,50.05,70.0,401.0431229646946,-240.94941593735584
0.622278,0.623342,5.12537,0.218149,50.05,70.0,5.143109424399318,0.23575683444310697
0.501461,0.058579,69.613802,133.712268,50.05,70.0,69.6250600813926,133.69631942721807
0.542704,-0.780338,-103.951451,-33.348502,50.05,70.0,-103.94673387931728,-33.35201033703018
0.861841,0.965375,0.668406,0.637988,50.05,70.0,0.6674394297286848,0.6183884080640843
-0.947843,-0.405054,-78.682148,-27.057276,50.05,70.0,-78.67821586539647,-27.07242159793957
0.263841,0.372526,-130.701556,-9.596088,50.05,70.0,-130.68644425447044,-9.576119923104915
-0.957773,0.715263,-110.148273,-26.643085,50.05,70.0,-110.16736630694929,-26.65451193213762
-0.582138,0.011113,104.958647,-2.660649,50.05,70.0,104.94520747092515,-2.6804325310947394
0.776357,0.234801,56.765871,462.846709,50.05,70.0,56.78387510565967,462.8560292770457
0.303422,-0.391096,-90.606298,-6.498134,50.05,70.0,-90.62388736158186,-6.482117775946031
0.850212,-0.485566,-16.674997,-3.379877,50.05,70.0,-16.656419071408852,-3.3823264286286063
-0.904729,0.220115,-129.987578,74.776903,50.05,70.0,-129.98827764168036,74.75826942364993
-0.519634,0.504478,118.920193,72.446702,50.05,70.0,118.9039205628728,72.43335205055551
0.76381,-0.644684,0.602502,-0.472439,50.05,70.0,0.5884449784914724,-0.49227260791803457
0.801729,0.659743,-94.069461,-450.087922,50.05,70.0,-94.0869009677572,-450.0753585335348
0.294569,0.821845,1.572583,0.706445,50.05,70.0,1.5649675359600699,0.7062663350559053
0.749049,-0.732184,44.68725,-15.353358,50.05,70.0,44.66765757787771,-15.371907671145484
0.189175,-0.533724,-118.788394,135.848978,50.05,70.0,-118.77611781398356,135.82930456707695
-0.297163,-0.412108,22.43703,201.545799,50.05,70.0,22.45025144330167,201.55803937603142
-0.295385,-0.540265,-36.998375,52.01022,50.05,70.0,-36.985473976563405,51.991516840524284
-0.234845,0.965595,128.708006,-141.249909,50.05,70.0,128.6965682968349,-141.26758882957685
0.761683,-0.387305,131.336035,0.101026,50.05,70.0,131.34571342417834,0.08110218264486654
0.563244,0.444755,-137.176748,54.704068,50.05,70.0,-137.18075625377668,54.71459419632218
0.991882,0.55248,-5.509562,-1.294875,50.05,70.0,-5.513362540888731,-1.3098247602579864
-0.469034,0.951885,-181.447983,-87.048767,50.05,70.0,-181.4678057003523,-87.0643139023107
0.328203,0.104233,-270.052451,64.254783,50.05,70.0,-270.0376726235399,64.27103046309237
-0.148894,-0.457896,213.260763,-63.277406,50.05,70.0,213.2449260524833,-63.282680673724
0.143032,-0.065762,26.974605,-370.693281,50.05,70.0,26.97606890204993,-370.7128185668503
0.734126,0.458352,-3.622442,38.885546,50.05,70.0,-3.629319012912867,38.900351111374356
-0.476868,-0.724618,-30.348929,-16.196616,50.05,70.0,-30.336070225359457,-16.184953035571187
-0.652876,-0.894629,218.470784,148.959378,50.05,70.0,218.46604100013883,148.97148925576423
-0.031069,-0.183598,61.29692,263.297967,50.05,70.0,61.293684025058795,263.301534137062
0.265797,-0.749257,15.153454,56.915096,50.05,70.0,15.172774867390197,56.933749435784016
-0.760521,-0.084041,-205.6873,-843.071038,50.05,70.0,-205.6750037040352,-843.0794679138246
-0.475833,0.668189,1.601682,1.690991,50.05,70.0,1.6181777124043553,1.687914694137186
0.245999,0.503466,-155.747847,-30.977947,50.05,70.0,-155.73155899452715,-30.9593422961704
-0.248791,0.562189,10.157958,-224.466949,50.05,70.0,10.17211101388034,-224.44963558394386
0.710186,0.100874,-1549.401298,-404.237087,50.05,70.0,-1549.3831139987942,-404.2173456305383
-0.618825,-0.585272,25.374662,-16.5184,50.05,70.0,25.358864673407698,-16.511332199764134
-0.673626,0.374065,-499.60809,206.936302,50.05,70.0,-499.62589165757316,206.91850965946324
0.909802,-0.955047,0.184363,0.077103,50.05,70.0,0.1918837277623079,0.08919050285284474
0.527885,0.171444,-202.053597,68.833991,50.05,70.0,-202.07332352625994,68.83886049621402
-0.540358,0.196187,216.035677,188.440237,50.05,70.0,216.03021505750166,188.45749831747762
-0.677869,-0.948468,27.291959,10.397312,50.05,70.0,27.3117335802896,10.393348700144212
-0.896552,-0.350374,102.160125,-85.707881,50.05,70.0,102.14094867851445,-85.71363489194293
-0.741247,-0.13642,-142.242406,79.999644,50.05,70.0,-142.25940565969248,80.00666525847714
-0.81504,-0.378105,62.432587,-44.980836,50.05,70.0,62.4518064206181,-44.989092144938596
-0.80235,0.899724,0.679066,1.676354,50.05,70.0,0.6963444602836395,1.6569943795439033
-0.334708,0.56624,-47.577976,41.483594,50.05,70.0,-47.57652019140083,41.49647276424386
0.801962,0.582131,-22.25006,5.661963,50.05,70.0,-22.250769473471465,5.6565082126438995
-0.122921,0.074801,-92.085616,-2.318491,50.05,70.0,-92.06907414241874,-2.3221651387293103
-0.812434,-0.579206,305.452149,15.177813,50.05,70.0,305.46157636080756,15.195850418991709
-0.721658,-0.901148,-13.842747,-3.799467,50.05,70.0,-13.845691835654877,-3.7795643311827463
0.406179,0.643384,-11.441513,2.063809,50.05,70.0,-11.457108007817641,2.0796223574915924
-0.648569,-0.503077,64.943577,79.040033,50.05,70.0,64.93162492173586,79.03156935588794
0.784843,0.853899,13.959291,4.914004,50.05,70.0,13.948621203934465,4.929537623548175
-0.526251,-0.6989,-5.720208,1.130344,50.05,70.0,-5.732014562670884,1.1114019086183589
-0.412661,0.408469,-28.869149,13.962755,50.05,70.0,-28.85628398224341,13.982475035943704
-0.861946,-0.725337,95.519649,51.311722,50.05,70.0,95.50228079038077,51.33166402205776
-0.743803,0.90262,-1.169623,1.26717,50.05,70.0,-1.1685701929734247,1.2853068082376242
0.329093,-0.937806,-109.846011,40.039034,50.05,70.0,-109.86125571161314,40.02196951036742
0.291788,0.079622,-175.829822,3.378772,50.05,70.0,-175.84835872272225,3.3963539299311583
0.200067,0.530328,-116.709908,-122.74876,50.05,70.0,-116.69179226678268,-122.73463619602026
-0.776025,-0.647979,2.890416,-13.459213,50.05,70.0,2.909803236321083,-13.465407676134447
-0.579507,0.227924,159.437934,72.919379,50.05,70.0,159.4413599637775,72.9336693236115
0.711861,0.246924,-102.652876,132.600267,50.05,70.0,-102.65537515192963,132.5927369355741
0.044053,0.390991,165.639867,-98.113568,50.05,70.0,165.63064230981735,-98.10597032209756
-0.617688,0.517643,-46.482789,15.333109,50.05,70.0,-46.46370292427065,15.353068167275246
0.021186,0.068691,108.110925,-61.285672,50.05,70.0,108.13077371342123,-61.266073409094616
0.497806,0.628718,-126.805265,81.850459,50.05,70.0,-126.79030225912533,81.86723859170391
0.868243,0.552485,2.332479,0.569696,50.05,70.0,2.33825767032577,0.582065817166795
-0.384838,0.03541,860.880537,1283.295873,50.05,70.0,860.9000389771479,1283.3141286606788
-0.869741,0.262353,57.773356,128.587873,50.05,70.0,57.791061909203215,128.60761836031534
-0.638954,-0.894969,-73.228334,51.493911,50.05,70.0,-73.23114550864463,51.490998872403175
0.249013,-0.839138,90.494816,-240.832899,50.05,70.0,90.5109021444647,-240.81297076213212
0.60486,-0.115473,-251.461332,-188.641243,50.05,70.0,-251.4746458124782,-188.62556158222407
-0.761519,-0.843287,-0.392597,0.555121,50.05,70.0,-0.38543956578163696,0.547476763468453
0.872317,-0.967864,0.739686,-0.871899,50.05,70.0,0.758453528820516,-0.8888776165773846
-0.8908,0.331082,158.611635,-108.299649,50.05,70.0,158.59342651405854,-108.29579388031817
0.490871,0.06783,-609.956103,222.059769,50.05,70.0,-609.9754605066444,222.04454910970253
0.025049,-0.99525,-11.619988,185.054242,50.05,70.0,-11.600040067559105,185.05463245702072
0.83828,0.969028,52.343743,-143.257527,50.05,70.0,52.34365280067524,-143.2688902558824
0.456723,0.139276,-228.756427,68.142779,50.05,70.0,-228.73664832625013,68.16219425017815
0.814617,-0.738022,8.848404,-11.895206,50.05,70.0,8.844152089960986,-11.875876776180814
0.068481,0.96107,-206.678222,-477.501311,50.05,70.0,-206.67614849803243,-477.5209401517103
0.702256,0.823143,-4.141461,-6.583239,50.05,70.0,-4.161411278821139,-6.5888996178987105
0.557869,0.100576,-161.126282,17.152488,50.05,70.0,-161.14242653440843,17.15620831679566
0.379108,-0.331808,-50.360856,-10.979899,50.05,70.0,-50.34091739722082,-10.962130260116833
-0.7032,-0.684751,-114.281808,31.865609,50.05,70.0,-114.26622660891617,31.884321132030678
-0.614645,-0.339805,-117.665575,52.800809,50.05,70.0,-117.66337422377153,52.78761007002777
0.902324,-0.635048,147.260287,210.381465,50.05,70.0,147.2703322619467,210.38929097162384
0.747779,-0.074395,-46.322809,-2.776957,50.05,70.0,-46.3421754074393,-2.76396611357529
-0.360655,0.465653,-201.415891,-221.387789,50.05,70.0,-201.43369998076565,-221.3917429700308
0.221787,-0.423376,-174.686453,-262.871573,50.05,70.0,-174.70488463565593,-262.8516212932026
0.323947,0.579013,-91.137786,-9.448068,50.05,70.0,-91.13546225630954,-9.467818893914425
-0.520885,-0.519858,-47.014253,-8.351348,50.05,70.0,-46.99838912795968,-8.36841744611541
0.752783,0.020459,-38.577605,0.53813,50.05,70.0,-38.5688887169915,0.5318401269120963
-0.145563,-0.477411,80.732771,132.814038,50.05,70.0,80.71417300574315,132.81465392232732
0.160213,0.705256,-94.202688,-168.562501,50.05,70.0,-94.21791864338248,-168.54300716372958
-0.767651,0.085183,394.903755,134.306769,50.05,70.0,394.8898756791534,134.30621322717732
-0.333064,0.19442,149.920825,23.625457,50.05,70.0,149.90182500038154,23.61889527224785
-0.390602,-0.845775,-331.416665,932.082732,50.05,70.0,-331.4364719855896,932.0806000629075
-0.946212,-0.98972,0.700719,-0.910155,50.05,70.0,0.7204583772239367,-0.9288587914583059
-0.23041,-0.497723,-10.103205,89.493904,50.05,70.0,-10.083633744395645,89.51327956103876
0.769948,0.512952,120.989746,-70.947732,50.05,70.0,120.98457907675278,-70.95155128113912
-0.814145,0.667214,99.729732,-40.39772,50.05,70.0,99.71373950369797,-40.41069931730627
-0.136877,-0.496152,-218.271493,-36.449196,50.05,70.0,-218.27216499533068,-36.455978415306504
-0.8249,-0.089765,-153.316916,-894.057874,50.05,70.0,-153.32083009525513,-894.0378869388295
-0.685751,0.587806,-49.440568,14.464822,50.05,70.0,-49.4419165553836,14.453731090002364
-0.737589,-0.666175,29.001229,179.905018,50.05,70.0,29.018370767887074,179.92263744820073
-0.405592,-0.787465,119.314199,61.956932,50.05,70.0,119.33306882966028,61.97584239349306
-0.920991,0.908634,0.841762,1.010582,50.05,70.0,0.8229103843148203,1.0009307337565558
-0.583409,0.649054,-131.442474,-137.378443,50.05,70.0,-131.46044606903712,-137.39472631474493
0.646696,-0.98092,-7.708705,271.443402,50.05,70.0,-7.707725718739701,271.4566854021968
-0.314363,0.499922,-256.772979,161.023089,50.05,70.0,-256.7577217915945,161.01307692600233
0.189048,-0.671434,-67.329161,91.80644,50.05,70.0,-67.32212164441573,91.78884434252247
-0.791692,0.038977,-89.380779,-15.889665,50.05,70.0,-89.36500724882731,-15.875698451022695
-0.909719,0.350974,-16.729932,179.960932,50.05,70.0,-16.710612634112668,179.95319054623403
0.815083,-0.894967,-0.378371,-1.474084,50.05,70.0,-0.39607789223983814,-1.48039542628499
0.295189,-0.766188,-21.186935,46.081961,50.05,70.0,-21.20451290517016,46.09471211046427
0.676261,-0.079695,-107.687819,-8.545036,50.05,70.0,-107.66879490475417,-8.55178195762885
0.565182,-0.984088,-37.647039,-19.62331,50.05,70.0,-37.63374372189858,-19.60398407437307
0.435553,0.333965,93.810186,59.133387,50.05,70.0,93.81717952587206,59.121812380864846
0.957995,-0.980832,0.935891,-0.888118,50.05,70.0,0.9551567898492404,-0.8887765605416674
-0.846872,0.624426,-5.600174,-0.757267,50.05,70.0,-5.588154149447252,-0.77652382380043
0.720591,0.980202,58.504394,-617.88338,50.05,70.0,58.523252593621336,-617.9021408896639
0.261927,0.200169,-140.588944,53.959945,50.05,70.0,-140.5963111785722,53.974274859291015
0.238089,-0.441425,-94.267781,55.636892,50.05,70.0,-94.24801619127516,55.65679206940521
0.966956,-0.36882,64.938032,-14.969245,50.05,70.0,64.94851980225509,-14.978207728792253
-0.76427,0.920073,-24.425919,8.751141,50.05,70.0,-24.430412161947668,8.732662027462084
-0.335551,0.398462,832.423343,85.325001,50.05,70.0,832.4115343294253,85.30738787792802
0.942523,0.980364,-0.793163,0.801707,50.05,70.0,-0.8084100742188829,0.7881244403178197
0.971963,-0.209931,197.162127,60.547699,50.05,70.0,197.18034615742246,60.563627231104746
-0.306995,0.339756,86.213585,12.102205,50.05,70.0,86.19895165540235,12.086525232033758
0.278255,0.628629,-113.375683,-7.563318,50.05,70.0,-113.37802716243381,-7.559755926584521
-0.625013,-0.594417,117.93738,-255.407008,50.05,70.0,117.91738500560866,-255.39509174184914
-0.369102,0.507539,-111.379451,-361.831023,50.05,70.0,-111.37162114133969,-361.8444412849364
0.206895,-0.71248,-158.074278,-5.218378,50.05,70.0,-158.09065206149776,-5.213220201374402
-0.657638,-0.925218,-110.174898,72.021814,50.05,70.0,-110.15645126513056,72.01266686280212
-0.146628,-0.374298,440.979477,-264.555989,50.05,70.0,440.9828495652949,-264.53844366007377
-0.824521,0.279569,214.134236,-141.672398,50.05,70.0,214.15419092117384,-141.68876899093445
0.712374,0.867168,-28.883032,-3.215508,50.05,70.0,-28.875807584493987,-3.1956041629918617
0.499274,-0.705352,63.990052,-23.409973,50.05,70.0,64.0045506558085,-23.392347004838737
-0.850983,-0.467451,88.657498,-18.171457,50.05,70.0,88.65257120199976,-18.190423219675413
-0.448462,0.702596,-171.573331,-27.257711,50.05,70.0,-171.5546897045358,-27.277263827357608
0.536095,0.144777,-259.136396,126.11773,50.05,70.0,-259.12109043647683,126.1221919245981
-0.727224,-0.453293,68.96803,77.593188,50.05,70.0,68.94803430659861,77.60802405317169
-0.493653,-0.81763,-0.291054,-0.326088,50.05,70.0,-0.3110184368669367,-0.32378260954462273
0.09739,0.83181,-52.209872,-187.09142,50.05,70.0,-52.196423047875506,-187.11054338114408
0.223193,-0.801969,-190.883735,118.840237,50.05,70.0,-190.89225692814622,118.85645050668501
-0.691559,0.961567,-62.081783,10.279849,50.05,70.0,-62.06366277780944,10.263441818893181
-0.948416,-0.03371,-555.033307,123.073731,50.05,70.0,-555.0407904649998,123.06538314228226
-0.572307,-0.765686,-52.821852,49.067494,50.05,70.0,-52.81607083359994,49.08703148990582
-0.876676,-0.29265,-72.244203,-40.661803,50.05,70.0,-72.25980101816228,-40.68176439842538
-0.56573,-0.227502,-185.356947,170.900465,50.05,70.0,-185.35716453123925,170.88046722071186
0.37703,0.735443,-273.410335,-859.310996,50.05,70.0,-273.39213097175156,-859.3289270656353
0.588632,-0.860998,-631.926209,-192.217616,50.05,70.0,-631.9214690914405,-192.20384290949977
-0.801681,0.144558,254.016567,-247.050987,50.05,70.0,254.0280083136936,-247.0382347759906
-0.419157,-0.774094,-1346.843745,-562.593487,50.05,70.0,-1346.82481630118,-562.5892225519368
-0.192292,0.155638,124.031976,-31.202636,50.05,70.0,124.04948583668417,-31.208635550310795
-0.191515,-0.785157,124.594281,167.704115,50.05,70.0,124.59989769034742,167.7159743109735
-0.133614,0.345143,403.662579,-102.62214,50.05,70.0,403.6797362693678,-102.61894603580753
0.814915,0.281765,-26.398062,3.78107,50.05,70.0,-26.39694669729335,3.801051151257199
-0.383431,-0.318906,49.812476,-13.235137,50.05,70.0,49.816493269381404,-13.247932968584436
0.144971,0.532615,-260.864115,68.876709,50.05,70.0,-260.88269459585445,68.85975990191179
-0.333776,0.235148,-0.390631,0.740664,50.05,70.0,-0.4012839781562181,0.7332018029600659
0.135319,0.307117,-175.755841,-179.53757,50.05,70.0,-175.7413877177454,-179.52462367301578
-0.287901,-0.753262,131.017614,44.08222,50.05,70.0,131.02719573948684,44.08090092365592
-0.070099,-0.1526,1058.742706,-98.364703,50.05,70.0,1058.722975222775,-98.38453447450048
-0.753416,-0.6631,-36.729972,12.124915,50.05,70.0,-36.74605583750367,12.127573314585419
-0.726417,-0.886344,-126.053855,18.672551,50.05,70.0,-126.0693336114138,18.665133557264227
-0.790209,0.963553,-38.089875,8.693469,50.05,70.0,-38.099724864103784,8.68599454324034
0.431878,0.575726,211.033194,37.288659,50.05,70.0,211.0154676774593,37.30700809384109
0.221019,0.663882,-56.955928,-44.542466,50.05,70.0,-56.96261185121736,-44.55144347980418
-0.135786,-0.153287,-450.190651,-427.0595,50.05,70.0,-450.17397998257496,-427.0595423740266
-0.290846,-0.250398,116.559216,-2.901974,50.05,70.0,116.54058907054063,-2.9013612407232876
-0.446658,-0.985923,-219.163808,47.768289,50.05,70.0,-219.16220166550647,47.75174619135562
-0.399653,-0.975993,34.01065,-21.509245,50.05,70.0,33.997281714600526,-21.49088070332265
0.481815,-0.139399,-29.179457,376.327195,50.05,70.0,-29.17591528715168,376.3309087874915
-0.878759,0.698701,-0.455883,0.769366,50.05,70.0,-0.4688472915409749,0.7563502879218991
-0.927367,-0.264164,-196.31385,104.882572,50.05,70.0,-196.30922984834118,104.88612217161246
0.201014,0.443137,-205.156364,-12.694561,50.05,70.0,-205.16832317416484,-12.695596908315467
-0.199038,0.761268,52.451982,-57.387951,50.05,70.0,52.46937826341932,-57.38921169512841
0.628224,0.558047,-142.255863,601.062772,50.05,70.0,-142.23729332107794,601.0685182727394
-0.901721,0.771949,-13.007017,3.366792,50.05,70.0,-13.025070938265836,3.3549697791702693
0.152331,0.22223,507.414888,-276.879285,50.05,70.0,507.3975801289016,-276.8745625761251
-0.980874,0.446657,406.931477,6.901358,50.05,70.0,406.9324911486822,6.9105250708762265
0.971365,-0.260632,-189.861387,-100.836237,50.05,70.0,-189.8813672577557,-100.81914434939377
-0.449906,0.42894,-667.955761,228.520587,50.05,70.0,-667.9718742252124,228.50128942148913
-0.807663,-0.385328,7.254461,0.881217,50.05,70.0,7.235391908693504,0.884086848885547
-0.201687,0.238994,-19.14992,-71.122866,50.05,70.0,-19.13839128425778,-71.12148757493468
0.772849,-0.7298,32.676349,36.966556,50.05,70.0,32.68630719017805,36.9865524177886
0.242999,0.084586,-37.407109,126.339698,50.05,70.0,-37.41183131508473,126.34190911303169
-0.356812,-0.932349,85.034729,31.176647,50.05,70.0,85.01611444574752,31.16684578295147
0.003312,-0.340638,-2.74834,186.068636,50.05,70.0,-2.7399707005122873,186.07634078263845
0.890196,-0.470957,-36.650641,-19.59887,50.05,70.0,-36.63926612467669,-19.58875993309172
0.62466,0.654312,203.751473,-152.256921,50.05,70.0,203.73443939881594,-152.24419872516776
-0.97057,-0.36861,-502.967,-12.546405,50.05,70.0,-502.96500675308215,-12.546206619280579
0.764077,-0.161974,227.454929,-118.533556,50.05,70.0,227.43716666365881,-118.51355927760365
-0.299356,0.720136,119.839603,-42.157206,50.05,70.0,119.84550045241636,-42.17046293680477
-0.669369,-0.087582,225.157972,-32.558163,50.05,70.0,225.16879834563093,-32.54908555278657
0.002202,-0.987354,-22.378258,1002.880992,50.05,70.0,-22.37004649460617,1002.8881263299495
-0.466944,0.068647,71.189468,865.387172,50.05,70.0,71.17305238989525,865.3754955951829
-0.247155,0.072816,2.628094,-1.86537,50.05,70.0,2.626138569677053,-1.8485763650512215
-0.179956,-0.518972,755.93257,696.88923,50.05,70.0,755.9244166688604,696.8702890746193
-0.367098,0.1863,-145.7885,-1689.421926,50.05,70.0,-145.80033157369937,-1689.4020124357917
-0.85858,-0.154587,117.904418,-18.761336,50.05,70.0,117.91295668158492,-18.752216499464446
-0.14664,-0.572962,301.609818,206.057518,50.05,70.0,301.6067343426633,206.07744644356694
0.220265,-0.00593,532.287846,-76.403787,50.05,70.0,532.3068592763586,-76.42123942518595
0.337425,-0.896386,100.861096,-381.532581,50.05,70.0,100.87422592210609,-381.53417648485316
0.439288,-0.88589,-82.965668,192.455769,50.05,70.0,-82.94938233896735,192.4755785600334
0.847044,0.272583,-119.114737,37.553587,50.05,70.0,-119.12803894761537,37.55837751097056
-0.692932,-0.114139,371.844239,-219.490742,50.05,70.0,371.86146552005124,-219.47425401043824
-0.329094,0.920432,35.514909,-1.18129,50.05,70.0,35.52226673386713,-1.1827798201785977
-0.305678,0.476563,98.066342,-7.409242,50.05,70.0,98.07849187929423,-7.38983082283995
-0.40336,0.726405,-245.33254,-130.258339,50.05,70.0,-245.31590763046512,-130.25576156363618
0.686631,0.208931,66.239443,-165.02785,50.05,70.0,66.22162232053483,-165.0326197857436
-0.500165,-0.265945,-108.214771,-241.02034,50.05,70.0,-108.19566970015542,-241.00530281175872
0.26991,0.378464,-94.523433,-23.388633,50.05,70.0,-94.51048395215969,-23.38480615728801
0.851601,0.865941,0.745215,0.683306,50.05,70.0,0.7397852672594072,0.6666260435567222
-0.132397,0.797527,88.566215,-203.310643,50.05,70.0,88.58560314724524,-203.3304650709026
0.044385,-0.020324,-133.228822,47.49174,50.05,70.0,-133.24810563875562,47.51158027292892
0.41222,0.188537,-378.409024,-1621.204699,50.05,70.0,-378.42212802126284,-1621.1908561426505
0.74199,0.628652,3.825756,2.645046,50.05,70.0,3.8380003075370626,2.6642713915857117
-0.250584,0.436443,79.691907,-33.742092,50.05,70.0,79.70800543154498,-33.75942116926519
-0.699277,-0.75285,-0.473079,-2.012214,50.05,70.0,-0.4611946559366644,-2.026485650088267
0.857067,0.732912,38.118725,777.936713,50.05,70.0,38.12636315908193,777.9266494894313
0.050891,-0.679434,-1594.717612,154.927496,50.05,70.0,-1594.6981612051795,154.94698783508582
0.75202,-0.79677,-23.626233,-9.244841,50.05,70.0,-23.641895618832976,-9.238522328034614
0.681871,0.197641,38.494566,240.28052,50.05,70.0,38.51391122005933,240.26710650335573
-0.243537,0.86608,4.507301,80.370768,50.05,70.0,4.5019659923223,80.35366915081268
0.210818,-0.788702,-25.488465,6.419252,50.05,70.0,-25.475883954367166,6.415125404520367
0.27785,-0.170826,-63.121519,-44.662875,50.05,70.0,-63.116352332960425,-44.66043178424905
0.923102,0.568924,-1.20732,1.136281,50.05,70.0,-1.2186422185744903,1.1556760315955363
-0.099915,0.724882,-41.89921,-183.03731,50.05,70.0,-41.882565732284654,-183.0482727962391
-0.906676,-0.510512,-21.612799,-35.293919,50.05,70.0,-21.623088690422243,-35.287609606761265
-0.177277,0.508948,49.909176,-41.972973,50.05,70.0,49.897525320387444,-41.97715659270677
-0.118306,-0.377196,-110.683418,-251.332091,50.05,70.0,-110.68388582860838,-251.3145085930948
0.464423,-0.441549,266.91866,-49.607066,50.05,70.0,266.91566155499845,-49.623755931876794
0.877613,0.040181,-109.938671,4.369154,50.05,70.0,-109.93577365956654,4.349226818004357
-0.672293,0.763554,-33.068679,106.461617,50.05,70.0,-33.08831198786992,106.4536488363709
-0.942785,0.616161,-80.204205,-87.746469,50.05,70.0,-80.18646667022603,-87.73744763933966
-0.182311,-0.102181,-52.782813,30.423895,50.05,70.0,-52.76342375916069,30.443890886505837
0.644869,0.305183,-58.240222,40.838078,50.05,70.0,-58.239959357882725,40.82672267887285
-0.788606,-0.093764,-133.998958,-160.076608,50.05,70.0,-134.01219204199748,-160.09002332637857
0.107526,-0.811141,-82.975416,276.357484,50.05,70.0,-82.98523792175463,276.3771358863712
-0.850028,-0.41743,407.928541,-209.206495,50.05,70.0,407.92618888319316,-209.22114141111905
0.249026,-0.615648,-114.220535,88.155318,50.05,70.0,-114.20422470012544,88.17102929612147
0.797938,0.950107,0.756842,0.474182,50.05,70.0,0.7707745032136002,0.45817140110107074
0.451649,0.857944,-451.400547,540.674916,50.05,70.0,-451.38055862805476,540.679506441184
-0.529158,0.438197,-158.67012,81.386577,50.05,70.0,-158.69002668679073,81.384611080292
0.770055,0.319247,472.590724,-33.773744,50.05,70.0,472.60475090966247,-33.755966792627085
-0.418793,-0.646845,-105.921946,72.648128,50.05,70.0,-105.94046925952586,72.64315341852526
0.47897,0.051174,-399.655613,85.742239,50.05,70.0,-399.63574787767465,85.76173426923214
0.079468,-0.380521,-27.445855,52.418118,50.05,70.0,-27.46531734468386,52.42891054952461
0.575444,-0.518912,89.205557,-22.056993,50.05,70.0,89.21202314054271,-22.03705438997383
0.644022,0.079301,255.935096,998.637379,50.05,70.0,255.9164831229108,998.627380254685
0.815416,0.690557,0.91852,0.746121,50.05,70.0,0.9074091985970448,0.7437309459494258
0.183831,-0.359844,43.194648,315.131223,50.05,70.0,43.17486487223078,315.1172409255309
0.102412,-0.757699,-458.662039,1340.26955,50.05,70.0,-458.6685315882219,1340.2895225045422
-0.642719,-0.182388,169.475246,-42.437966,50.05,70.0,169.49507115396275,-42.424823325573286
0.606687,0.592883,17.164131,4.25495,50.05,70.0,17.17726445659564,4.244104490966007
0.58397,0.781831,934.347015,474.127134,50.05,70.0,934.3660978583449,474.1074819256078
0.229546,-0.027361,-1118.727286,-812.818102,50.05,70.0,-1118.7091944829715,-812.8187161091269
0.144433,-0.520099,-0.18497,0.907298,50.05,70.0,-0.20466139242428819,0.9193370875745102
0.695906,0.092597,-486.323956,365.382489,50.05,70.0,-486.34389778551343,365.4024816746979
0.279624,-0.359794,-105.555175,-7.482497,50.05,70.0,-105.54952063405071,-7.462498366733201
0.935028,-0.978569,0.84567,-0.947339,50.05,70.0,0.8656640924649524,-0.9566461590862979
-0.814912,-0.229453,-64.354152,290.624726,50.05,70.0,-64.33433947232942,290.62952835199053
-0.417993,0.78488,-44.059259,29.170636,50.05,70.0,-44.03978968468423,29.18917340108399
-0.52749,0.4836,-138.015624,55.516342,50.05,70.0,-137.99760845031219,55.52590474405908
-0.143023,0.211067,-76.797276,-215.13683,50.05,70.0,-76.81631451637979,-215.12168986270706
-0.603551,0.11006,103.402399,115.196554,50.05,70.0,103.38484238363374,115.19218933952853
-0.224782,0.081148,318.269946,47.464186,50.05,70.0,318.25011654186414,47.461532825058804
-0.15087,0.324974,16.43326,114.046148,50.05,70.0,16.413270031187206,114.06384251514915
-0.166597,0.000669,2034.559364,62.514934,50.05,70.0,2034.5393659041026,62.53391991798295
-0.757491,0.848828,-51.627507,0.284433,50.05,70.0,-51.60772750632552,0.3017200253063216
0.244885,-0.213343,-37.937516,-9.588847,50.05,70.0,-37.922888374274066,-9.581451338380713
0.341637,-0.099472,-103.925425,-5.673127,50.05,70.0,-103.92360151351049,-5.679160693580735
0.167791,0.055999,-420.364565,47.126013,50.05,70.0,-420.36477731562735,47.10610767547642
-0.826683,-0.067217,-514.271891,-643.600319,50.05,70.0,-514.2888352671141,-643.5996364932721
0.282795,0.943728,160.740092,-98.469954,50.05,70.0,160.7246736981184,-98.45287492325131
-0.758998,-0.474376,2.347731,-6.678408,50.05,70.0,2.3293514521420127,-6.664876805649157
-0.842413,-0.439576,25.649748,-12.004042,50.05,70.0,25.656227906604503,-12.021023560206135
0.049883,0.375209,-67.072792,-269.990638,50.05,70.0,-67.05673988204347,-270.00476519689215
0.131569,-0.727385,-246.249776,-100.750921,50.05,70.0,-246.26759815480995,-100.73156995676622
0.844935,0.820351,-1.11584,0.856559,50.05,70.0,-1.1340226986494137,0.8718043742969053
-0.353326,-0.349252,49.937338,-11.875763,50.05,70.0,49.9312093032485,-11.877160379777148
0.122714,0.446644,-66.545763,-128.894057,50.05,70.0,-66.53717567355193,-128.8748359259473
0.737889,-0.295928,-59.352076,-17.245488,50.05,70.0,-59.33235211208914,-17.243091258676785
0.332122,-0.021796,766.464696,-459.812667,50.05,70.0,766.4756980575929,-459.79440161332036
-0.319889,-0.375774,55.563115,-11.902283,50.05,70.0,55.559557129473326,-11.898008727484601
0.363322,0.34676,-54.68494,10.934364,50.05,70.0,-54.704010613715496,10.914476549445313
0.00247,-0.488272,-10.995345,581.502958,50.05,70.0,-11.015336467841475,581.5029350712487
-0.390977,0.855375,-35.550738,22.0392,50.05,70.0,-35.555497047464385,22.03418015713256
0.284983,-0.287551,-420.451939,375.604865,50.05,70.0,-420.46401216565135,375.5876515747341
-0.864185,-0.356806,105.328987,-62.210133,50.05,70.0,105.3296467261926,-62.201828947484
-0.83823,-0.123248,47.348438,-26.689495,50.05,70.0,47.32848727809194,-26.698159273094646
0.568966,0.616683,30.194109,8.584008,50.05,70.0,30.17663986566105,8.60370566496653
0.58784,-0.172166,68.088416,-75.064914,50.05,70.0,68.10832438537506,-75.05674559136638
0.412867,-0.943485,-47.017207,24.359802,50.05,70.0,-47.00397270571378,24.342580477098277
0.849966,-0.619157,17.775391,-5.069268,50.05,70.0,17.77115143496159,-5.057030394800481
-0.16599,0.201934,303.881817,440.081469,50.05,70.0,303.9010474285097,440.09015096384786
-0.090611,-0.905168,548.177547,473.396164,50.05,70.0,548.1579832373757,473.39918944597594
0.842041,0.176727,-273.192194,242.276938,50.05,70.0,-273.2112964572474,242.26079909051012
0.255138,0.111443,-104.577197,227.239227,50.05,70.0,-104.59464807393717,227.24298830399712
-0.974737,-0.402406,2.411685,-2.567714,50.05,70.0,2.406307990125579,-2.550239088608843
0.759145,0.948683,14.877906,-0.72849,50.05,70.0,14.88750955509144,-0.717830670091513
0.514135,-0.937812,173.11378,79.79507,50.05,70.0,173.11391833901493,79.79627175438024
0.189325,-0.013101,-181.99937,3.070174,50.05,70.0,-181.9923789530477,3.079863742347132
-0.184811,-0.117199,49.32734,-89.451894,50.05,70.0,49.30905775350829,-89.45232749991341
0.235303,0.738354,-185.673094,-62.437109,50.05,70.0,-185.65469563227313,-62.43661223380916
-0.487622,0.53105,-138.24309,-17.020924,50.05,70.0,-138.23753178773973,-17.000966321183043
-0.636684,-0.75247,-11.509069,-2.982884,50.05,70.0,-11.523325854411976,-2.9720220934387096
-0.765146,0.191848,25.283303,161.983808,50.05,70.0,25.271815103990498,161.99840342719202
0.384001,-0.100428,-200.386152,-21.621565,50.05,70.0,-200.40538893864095,-21.64100454109103
0.10146,-0.76624,-462.837414,389.752838,50.05,70.0,-462.8208404052115,389.74497452800347
-0.18993,-0.155936,142.112059,38.336023,50.05,70.0,142.11120000169734,38.352964326661706
-0.809457,-0.546089,28.125633,-6.943879,50.05,70.0,28.128856395531017,-6.958601020934044
-0.111215,0.807059,24.829584,-44.756537,50.05,70.0,24.84291552856327,-44.75543735114342
0.248051,0.987764,-135.300295,-130.092935,50.05,70.0,-135.2972074828466,-130.1027289338868
-0.655884,0.553474,48.915234,18.773273,50.05,70.0,48.90778932412027,18.791121931435395
0.244663,0.053807,-160.864804,-2.979844,50.05,70.0,-160.87927240175713,-2.959902189700307
0.34128,-0.102736,-88.374022,-5.96664,50.05,70.0,-88.354023423282,-5.975810632349337
-0.681831,0.459977,18.05173,5.967289,50.05,70.0,18.031730754323828,5.954052368395833
0.837724,-0.373277,55.941277,-19.95572,50.05,70.0,55.954944344683156,-19.97561060702074
0.325167,-0.911407,-110.52193,33.277197,50.05,70.0,-110.51956701956743,33.29623965862235
-0.01326,-0.858252,40.823347,523.342131,50.05,70.0,40.82802380236626,523.3222062734078
-0.636402,-0.009127,511.003827,-23.103317,50.05,70.0,510.9906041104309,-23.1156815985569
0.60519,-0.579319,95.323538,-17.04883,50.05,70.0,95.33171417464924,-17.036466748910335
-0.613244,-0.795315,4.114603,-5.855217,50.05,70.0,4.131451316542051,-5.858258409028429
-0.866564,-0.341601,71.453131,-74.779726,50.05,70.0,71.45411268983283,-74.76691999917024
0.706752,0.375343,-30.770598,8.494738,50.05,70.0,-30.790559337526197,8.47481029147655
0.383372,-0.67498,25.182891,-4.247395,50.05,70.0,25.16919726854018,-4.228020462399772
-0.391763,-0.363692,27.463698,-5.779345,50.05,70.0,27.47535759153685,-5.767095155479327
-0.563778,0.587838,-141.324284,33.296391,50.05,70.0,-141.3238349249385,33.27694972331998
-0.200309,-0.597019,141.665624,142.050495,50.05,70.0,141.67062119268454,142.04847796727944
-0.100223,-0.455908,28.810876,42.759668,50.05,70.0,28.814260426692424,42.77759896485115
-0.450142,0.456776,-43.082675,43.488252,50.05,70.0,-43.09511613628425,43.483999155606845
-0.970506,0.711867,-14.099503,4.0152,50.05,70.0,-14.080677113547537,4.018944171461844
0.344957,-0.313613,-66.348902,-10.082401,50.05,70.0,-66.3518219765302,-10.07636681299147
-0.896743,0.433864,73.645423,-238.233366,50.05,70.0,73.6550678772301,-238.24915634234392
-0.039941,0.703954,-312.647019,-112.291901,50.05,70.0,-312.66250464320296,-112.2861292768578
-0.650446,-0.04275,-760.3677,210.152948,50.05,70.0,-760.347795968299,210.170389310225
-0.504502,0.831457,68.170613,-121.870541,50.05,70.0,68.17293316009375,-121.8703462447882
0.299508,-0.175361,-110.034395,-3.713354,50.05,70.0,-110.02881436004601,-3.731827289895446
0.707335,0.180515,-233.286868,215.179662,50.05,70.0,-233.26696235329865,215.1672841678531
-0.077207,0.385668,-61.813195,-1.039567,50.05,70.0,-61.79550566153907,-1.0321318520591918
-0.077784,0.676493,977.789742,171.311394,50.05,70.0,977.8075463684329,171.32754817308694
-0.174697,-0.129273,-295.378965,711.038109,50.05,70.0,-295.3967191235725,711.0569218506477
-0.686157,-0.246524,145.839661,-52.227675,50.05,70.0,145.84719413798513,-52.20887939375383
0.678141,-0.48015,55.102034,15.247403,50.05,70.0,55.11691071646316,15.25903692995612
0.118606,-0.580932,-223.382248,287.250131,50.05,70.0,-223.3925789219509,287.25163062421615
0.283303,-0.520207,-73.041081,-9.475882,50.05,70.0,-73.03602602501589,-9.461672975983241
0.875774,-0.861565,17.433413,-5.271857,50.05,70.0,17.414586440541044,-5.257887460952058
-0.316527,0.130925,228.387113,48.735737,50.05,70.0,228.36753281647606,48.73506983219961
0.455227,0.997221,-22.995789,6.051198,50.05,70.0,-23.014124555264015,6.045081341603852
0.300962,0.276533,-163.479455,-47.759824,50.05,70.0,-163.4802163825168,-47.74312974165414
-0.30732,0.866228,106.484788,-65.132054,50.05,70.0,106.50228732370371,-65.13357283198495
0.695361,0.934446,-23.93017,10.988104,50.05,70.0,-23.950156050322843,11.007377660917582
-0.767776,-0.017246,95.126714,-1514.006675,50.05,70.0,95.14539021304921,-1514.0129229731235
0.144756,0.914297,-2.247993,0.303301,50.05,70.0,-2.2280224682423295,0.30814030374390294
0.589859,-0.23983,109.34959,-6.240754,50.05,70.0,109.35380137144504,-6.220876703392864
-0.828272,-0.773153,1.791032,-2.050367,50.05,70.0,1.8057508409094936,-2.0682018248691034
-0.374761,-0.608408,-311.748103,308.567095,50.05,70.0,-311.75427045778144,308.58454443136884
0.47854,0.815868,30.095677,19.818331,50.05,70.0,30.07584963782675,19.837327862973492
0.288161,-0.877574,-66.100981,42.17341,50.05,70.0,-66.10840576491067,42.15734037498618
0.618783,-0.10902,-318.731945,-493.688679,50.05,70.0,-318.7169401243362,-493.70154110919447
-0.306636,0.366592,-94.016075,-117.202392,50.05,70.0,-94.03596499771527,-117.19437813647451
-0.680305,0.107882,-71.14833,566.396248,50.05,70.0,-71.16805988527702,566.3815013076814
-0.835223,0.406562,66.262465,36.045204,50.05,70.0,66.24416717265917,36.04269661609523
-0.906404,0.061058,110.713628,6.677178,50.05,70.0,110.73205570013046,6.693125867729925
0.201685,-0.287831,-62.858139,236.155655,50.05,70.0,-62.86702804579945,236.17548251100354
0.431353,-0.24741,83.824797,-72.667034,50.05,70.0,83.8425256316342,-72.67253485667683
-0.219822,-0.552148,185.049914,90.495615,50.05,70.0,185.05168632977623,90.4946047597364
0.051489,-0.626056,-56.460195,280.417205,50.05,70.0,-56.4440946911378,280.435279845818
-0.119145,-0.468934,522.97027,13.689319,50.05,70.0,522.957874697562,13.699335196151084
0.626133,-0.582006,11.672858,-114.025746,50.05,70.0,11.69280854798229,-114.03059374857075
0.217179,0.121928,-117.207063,-11.089741,50.05,70.0,-117.18923919060765,-11.092299670576015
-0.7594,0.768008,1.019721,2.035989,50.05,70.0,1.0060127938197072,2.04352271727746
-0.093283,0.189817,-476.7496,866.411545,50.05,70.0,-476.74565515123595,866.3965197581654
0.262674,0.766203,-117.796083,-95.427021,50.05,70.0,-117.78853516143487,-95.42838409347472
-0.426193,0.975102,-111.61099,-30.318873,50.05,70.0,-111.62530807467725,-30.310676649862916
0.536073,-0.226897,-139.332843,-92.370407,50.05,70.0,-139.33208488322182,-92.35603979688577
0.543217,-0.150044,-130.742248,-19.071402,50.05,70.0,-130.76015512411058,-19.052074036189783
0.211582,0.066266,42.599447,398.190701,50.05,70.0,42.58487552563373,398.20684898697994
-0.274369,0.682986,-27.994199,-39.162921,50.05,70.0,-28.01140502668265,-39.166307050112536
0.937789,-0.588282,-17.230976,-5.333319,50.05,70.0,-17.250962354027973,-5.338052029485344
0.742812,0.447907,4.347787,-12.731056,50.05,70.0,4.333117410899538,-12.750423248022276
-0.031926,-0.577997,-711.042109,38.999021,50.05,70.0,-711.0378154723043,39.00858242530644
-0.401836,0.341266,-156.539232,-15.750447,50.05,70.0,-156.5350155037539,-15.768545530778278
-0.338857,0.8231,94.814061,-15.51621,50.05,70.0,94.79769133167406,-15.535255538130015
-0.152593,-0.636756,316.506129,188.594956,50.05,70.0,316.51566453010986,188.6084231960508
0.03917,0.326516,-236.36235,-592.165091,50.05,70.0,-236.38219240103717,-592.1482844827268
-0.247478,0.638232,116.313552,1.111077,50.05,70.0,116.30024742263662,1.092453101946346
0.769184,-0.321073,343.229842,115.482689,50.05,70.0,343.21790445657365,115.4960438978689
-0.266805,-0.186756,51.313301,-24.45354,50.05,70.0,51.30826744357833,-24.443486268860248
-0.803811,0.346181,100.913873,58.347999,50.05,70.0,100.92217625667972,58.341258709738256
0.267155,0.078603,10.124749,339.898486,50.05,70.0,10.126928574384939,339.91721614944464
-0.918519,0.452474,830.911883,675.900325,50.05,70.0,830.8968300973478,675.9042370027773
0.725159,-0.246934,-110.958838,-29.989127,50.05,70.0,-110.94380167381578,-29.995096351507534
-0.22683,-0.324495,-19.85515,158.784755,50.05,70.0,-19.839493831250884,158.7909623844636
0.210993,0.167176,108.478224,-254.038357,50.05,70.0,108.46152157749505,-254.04735024657347
-0.267248,0.358471,-599.426615,468.162564,50.05,70.0,-599.433025678052,468.18253518776527
0.822227,-0.835316,27.941921,15.624062,50.05,70.0,27.95006719295346,15.625884828581274
0.843496,0.629623,-188.23986,88.290159,50.05,70.0,-188.2198925121694,88.29592211333983
0.07732,-0.485363,-130.319978,312.578157,50.05,70.0,-130.33995142138698,312.5726186317136
0.505048,0.340578,-34.444122,10.129632,50.05,70.0,-34.43665388648153,10.112761527441378
0.095929,0.276654,-110.245437,-192.814744,50.05,70.0,-110.25313731064362,-192.81718441722936
-0.271729,-0.944303,60.261814,-20.019364,50.05,70.0,60.2702266959263,-20.000164171567317
-0.893968,-0.918142,-0.282328,-1.484376,50.05,70.0,-0.3004897526617909,-1.4812062949438676
0.794071,-0.046637,191.227508,-82.584642,50.05,70.0,191.247124195496,-82.57545216250192
0.167166,-0.446034,-43.240984,-36.773068,50.05,70.0,-43.260916519278446,-36.78996006008074
-0.490761,-0.225753,83.238563,-67.917112,50.05,70.0,83.2327758910361,-67.91574882566252
-0.23893,0.308724,58.171577,-6.644762,50.05,70.0,58.152136475036016,-6.649914521590794
0.725971,-0.609893,-23.408365,-39.427184,50.05,70.0,-23.422493255566614,-39.44107651479168
-0.470955,0.657953,8.65882,-7.979165,50.05,70.0,8.642611473121313,-7.9637171531621345
0.216063,-0.625529,-133.779823,127.051133,50.05,70.0,-133.7676564921256,127.0318058186738
0.729051,-0.844095,55.31726,30.30075,50.05,70.0,55.33025571635733,30.320591081551527
-0.709595,-0.171559,234.092552,-258.636124,50.05,70.0,234.11085236598083,-258.6404787653594
0.610642,-0.942459,-123.771552,90.527252,50.05,70.0,-123.76666367024991,90.5072649533872
0.095997,-0.57996,-716.779587,221.772493,50.05,70.0,-716.777197884442,221.7566843642241
0.609892,0.459638,0.340069,0.932666,50.05,70.0,0.32009306300877854,0.9300822677803903
-0.861595,-0.821359,-2.025462,-0.647563,50.05,70.0,-2.023540521356276,-0.662827171055697
-0.582561,0.889524,-39.503516,14.183561,50.05,70.0,-39.48405169354835,14.165161324011304
0.229112,0.68308,-157.498242,-116.609032,50.05,70.0,-157.47901935963068,-116.61900863421242
0.533178,-0.873245,21.247798,-7.775668,50.05,70.0,21.229311765543294,-7.758885896853542
-0.623469,-0.640001,-41.765585,-12.789838,50.05,70.0,-41.78356373996362,-12.788080540372105
-0.496114,-0.185783,-452.942423,-347.86203,50.05,70.0,-452.92431619608703,-347.88063143492184
-0.45091,-0.44393,-153.716419,119.343635,50.05,70.0,-153.72008670851892,119.33470784099086
0.87488,0.100552,294.494163,56.00624,50.05,70.0,294.4858355141817,55.99438197653339
-0.021101,-0.648143,559.987862,-1281.290955,50.05,70.0,560.0014560113941,-1281.305169674407
0.663044,-0.217897,-165.488327,-56.240803,50.05,70.0,-165.4683369043673,-56.24799854639331
-0.200097,0.963243,64.842592,10.835606,50.05,70.0,64.82865559107734,10.819432694676093
-0.77117,0.93879,27.454901,10.250727,50.05,70.0,27.47160121742589,10.262269838592085
0.24677,-0.530322,-139.808974,-160.073867,50.05,70.0,-139.8224123038221,-160.07467687003478
0.87711,-0.40995,-120.7148,34.247577,50.05,70.0,-120.6948044457675,34.266088758433355
-0.022152,-0.30282,-170.066261,-62.03923,50.05,70.0,-170.08090467607212,-62.04934915914018
0.509777,-0.170073,-985.141255,-42.668336,50.05,70.0,-985.135600756809,-42.64929547497114
-0.41579,-0.174308,-84.928674,167.803206,50.05,70.0,-84.93285867875299,167.7859333181088
0.410066,-0.024199,79.404681,-3.540478,50.05,70.0,79.4229130518139,-3.532910027318676
-0.708353,0.71317,1.540724,0.588137,50.05,70.0,1.5447151761957032,0.5911329139181776
0.250604,-0.095339,-151.816488,257.728907,50.05,70.0,-151.80533508309435,257.7364703160694
-0.357764,-0.944788,-45.563771,382.525251,50.05,70.0,-45.55241763002408,382.5241837548575
0.950282,-0.605637,0.038261,100.868117,50.05,70.0,0.058128978064269116,100.8877521387628
-0.933714,-0.928013,0.513083,-0.209138,50.05,70.0,0.4957775871128143,-0.22590902543301578
0.8878,-0.748678,-4.193978,-4.606179,50.05,70.0,-4.176732483306971,-4.616624861901255
0.973306,0.356904,244.751705,22.402535,50.05,70.0,244.73402210279454,22.404694510182534
0.486698,-0.072435,-104.651782,-6.790693,50.05,70.0,-104.66314167781698,-6.794347023606066
0.580048,0.860604,35.793197,12.607974,50.05,70.0,35.79732739971406,12.588083722078336
0.175376,-0.454418,-278.403163,64.442842,50.05,70.0,-278.38356550393087,64.42367866423763
0.594646,0.218799,-67.015206,14.402755,50.05,70.0,-67.01039648347833,14.393229519231616
-0.648005,0.983829,-47.249369,-111.800333,50.05,70.0,-47.24535980176066,-111.81652417822555
-0.791428,0.468514,4.642332,15.73659,50.05,70.0,4.639479091501338,15.729726691547436
0.321463,0.828808,-106.523736,-22.705949,50.05,70.0,-106.53211719433263,-22.70358007011353
-0.217851,0.574995,-36.150199,-72.499476,50.05,70.0,-36.13145701806807,-72.49729201556215
-0.06037,-0.642482,35.522166,-32.137861,50.05,70.0,35.53118946686611,-32.14007336452363
-0.186745,-0.617105,-494.934495,-534.993946,50.05,70.0,-494.9145878856323,-534.9815535713619
0.311655,-0.012278,-68.42838,-0.732269,50.05,70.0,-68.41844669591853,-0.7514241318098601
-0.36385,0.776697,-159.149295,-59.873086,50.05,70.0,-159.13345439014674,-59.88514610018095
-0.057177,-0.978476,-170.072429,761.684282,50.05,70.0,-170.05792790555657,761.6736357111433
0.749751,-0.931772,16.308215,-4.201477,50.05,70.0,16.291563242400724,-4.1816736133097345
-0.29077,-0.963446,242.654714,-656.847026,50.05,70.0,242.6738207928565,-656.8307345640394
-0.635852,-0.757951,2.16481,-0.878766,50.05,70.0,2.1838037545789684,-0.8821796893309087
-0.88926,0.202992,0.299965,92.355944,50.05,70.0,0.3006528658691545,92.35736223524412
-0.307504,-0.216798,116.18412,-42.388676,50.05,70.0,116.20398989815774,-42.40792970383564
0.277553,0.841084,-133.795966,-27.358281,50.05,70.0,-133.7761403152118,-27.377960000058533
0.103055,0.050455,-295.416982,-76.689223,50.05,70.0,-295.42040134445716,-76.67203153974548
-0.009596,0.722721,6.140912,-212.646651,50.05,70.0,6.121294379799145,-212.6315015917214
0.769672,-0.114389,-156.855871,-20.446743,50.05,70.0,-156.87569713455218,-20.438007906026197
-0.531385,-0.979534,95.239138,-18.873662,50.05,70.0,95.23673322463024,-18.86882245817356
0.972623,0.874728,0.931802,0.910719,50.05,70.0,0.9120536258748283,0.9096519272986129
-0.443816,0.780898,-3.457629,6.322192,50.05,70.0,-3.4537530127053344,6.322379705349397
0.550401,0.587856,123.804917,37.30577,50.05,70.0,123.78646410214382,37.28594092673496
0.087686,-0.269491,-357.852778,333.016681,50.05,70.0,-357.8519922303427,333.0192116734836
0.664423,0.951646,-2.516572,0.991798,50.05,70.0,-2.5359669548869213,1.0117952810632191
0.31866,-0.283086,-89.112912,-7.371522,50.05,70.0,-89.09799910591529,-7.354384267782901
0.177282,-0.424282,-130.339414,134.440212,50.05,70.0,-130.34140604883734,134.43656441747248
-0.905901,0.515572,-494.693177,-483.466026,50.05,70.0,-494.67333408801125,-483.47628005292
-0.787296,-0.082476,15.378313,-431.599466,50.05,70.0,15.372846979970573,-431.59791844819057
-0.177135,0.888477,117.452472,22.886873,50.05,70.0,117.4719280146152,22.86733546358164
0.630801,-0.135036,19.76915,171.267436,50.05,70.0,19.78851240608641,171.26515261805076
0.450533,0.109313,-35.161662,-29.928477,50.05,70.0,-35.14337368335673,-29.908622938531906
-0.771376,-0.514705,6.876959,-21.30526,50.05,70.0,6.882636831087396,-21.3249624045118
-0.643777,0.042785,147.330549,6.490701,50.05,70.0,147.34777251738836,6.491715210149384
-0.914703,0.587801,0.963425,5.438369,50.05,70.0,0.9810875630968569,5.440459892773017
-0.828548,0.601651,315.575101,199.171672,50.05,70.0,315.5756311616508,199.1856635125456
-0.050647,0.780702,24.680645,-173.017617,50.05,70.0,24.698901138674763,-173.0303428813364
-0.741824,0.164971,51.865305,311.152002,50.05,70.0,51.85285948628006,311.14910955736485
0.664062,0.883314,-59.40137,-357.192326,50.05,70.0,-59.421358581035875,-357.1948461673586
-0.136133,0.018244,404.543092,-205.918989,50.05,70.0,404.55808383895373,-205.90115952689123
0.624492,-0.157154,117.693488,-27.937724,50.05,70.0,117.67361387529006,-27.948704254213666
0.709795,-0.468503,6.662054,-25.854473,50.05,70.0,6.67105937319136,-25.8608316328591
-0.122814,-0.13667,217.61266,124.092,50.05,70.0,217.5926602069413,124.10156312930467
0.992139,0.882654,1.378587,0.862785,50.05,70.0,1.3601538387715055,0.8791808277001043
0.75839,0.264549,102.787975,90.906539,50.05,70.0,102.80478537251285,90.91224800396806
0.273193,-0.438651,-15.19319,355.32679,50.05,70.0,-15.213149938917006,355.34365251503715
-0.410282,0.387363,-40.476596,12.919519,50.05,70.0,-40.45697483582551,12.924462159984126
0.413581,-0.950341,207.067257,269.803221,50.05,70.0,207.04813813367167,269.8068312137297
-0.380408,0.487786,-69.652826,-46.96639,50.05,70.0,-69.66699781498123,-46.98437578588122
0.21347,-0.217921,77.992269,-132.210896,50.05,70.0,77.97289458510195,-132.1925049485833
-0.595564,0.358808,-82.411229,-7.721315,50.05,70.0,-82.42698788448503,-7.738794172712715
0.491899,-0.652376,3.557598,0.436381,50.05,70.0,3.573978247828696,0.44613110885591095
-0.481736,-0.538007,-54.745817,-20.164206,50.05,70.0,-54.75153729183847,-20.182544235413573
-0.287347,0.555907,93.408118,2.989379,50.05,70.0,93.42191190741889,2.979544304168551
-0.869539,-0.334852,66.911044,-75.612866,50.05,70.0,66.8934692413995,-75.61237809626067
0.149802,-0.279354,-22.524988,157.778492,50.05,70.0,-22.531896731334232,157.7963016165748
0.905271,0.896947,0.628542,0.776725,50.05,70.0,0.6150262531606066,0.7567250124846288
0.993647,0.225032,-47.682699,55.071944,50.05,70.0,-47.700527078348834,55.090748222511195
0.11327,-0.276179,-74.168042,108.326481,50.05,70.0,-74.14889048687202,108.3463062832568
0.257772,0.366399,109.170802,110.950978,50.05,70.0,109.19011019160484,110.96515243375667
0.075946,0.430057,-495.974423,-558.04016,50.05,70.0,-495.9834186823587,-558.0482290146105
-0.039481,0.438285,100.940856,265.30839,50.05,70.0,100.95506095635871,265.29917821223535
0.253309,-0.639144,-155.045777,38.13925,50.05,70.0,-155.02961520633127,38.12454146999018
-0.09813,0.726157,26.284298,-32.033534,50.05,70.0,26.283227405284983,-32.01623154680896
0.525804,-0.803833,96.886789,-20.090407,50.05,70.0,96.88836595971476,-20.074230867532908
-0.024867,0.060619,-190.580708,-77.695052,50.05,70.0,-190.56304787545707,-77.7058417844936
0.830278,0.478727,-25.346958,6.366621,50.05,70.0,-25.338854349596957,6.376204463756302
-0.042252,-0.129864,-0.078151,-0.498497,50.05,70.0,-0.09024051564721836,-0.4800045649195893
-0.632189,0.796944,57.513925,348.390413,50.05,70.0,57.53388772661862,348.3926860219926
0.232904,0.420797,-468.16429,-81.136055,50.05,70.0,-468.15622944676096,-81.15494371194417
0.333683,0.202552,-104.746101,9.216826,50.05,70.0,-104.72885534779583,9.204637610583024
0.291412,-0.241533,-128.321879,-21.735761,50.05,70.0,-128.3410216682514,-21.720784298141794
0.548567,-0.24267,230.200134,-57.981607,50.05,70.0,230.18469998697555,-57.97394707788507
-0.562676,-0.893688,-15.201713,-3.899245,50.05,70.0,-15.213763627213764,-3.8828559511497738
-0.221365,-0.485433,117.687791,94.056857,50.05,70.0,117.67146919666071,94.04540510130208
-0.669471,0.201636,184.446701,65.152367,50.05,70.0,184.43027368840714,65.15587006006005
0.894016,-0.265944,83.2375,94.131584,50.05,70.0,83.22652316465596,94.13305320738226
0.283418,-0.587313,122.151451,-308.761376,50.05,70.0,122.17063911233161,-308.7558005418975
-0.973612,0.496069,30.033897,12.449422,50.05,70.0,30.022857296800847,12.465618267601691
-0.576146,0.721083,-105.827032,23.72495,50.05,70.0,-105.8407489968646,23.729377068986008
-0.756607,-0.299823,95.633081,-88.302735,50.05,70.0,95.61322460511231,-88.28673284680434
0.877817,-0.531525,-16.077471,-5.582557,50.05,70.0,-16.084545468083373,-5.577092532208768
0.666576,-0.85869,41.728432,197.870777,50.05,70.0,41.73333745217619,197.87618390205688
-0.004397,0.107906,59.145067,-817.031477,50.05,70.0,59.127362892210535,-817.0131797215814
-0.424495,-0.490316,-77.162583,11.473278,50.05,70.0,-77.14799120009849,11.456805029419362
-0.739096,0.019981,684.148743,89.208674,50.05,70.0,684.1474880886994,89.19067101910841
-0.173696,0.690268,240.933408,16.747574,50.05,70.0,240.95109529748788,16.744907114063423
-0.667188,0.572931,-0.601842,0.333995,50.05,70.0,-0.5819402834894973,0.31416999587628486
-0.744444,0.131031,79.395525,1.517215,50.05,70.0,79.41481154301555,1.5256222660361631
0.240516,0.34515,-144.208482,-41.915187,50.05,70.0,-144.2242815560158,-41.91424942372377
0.942219,-0.124574,48.478122,-678.23061,50.05,70.0,48.497738212640755,-678.2482756750104
0.29274,0.08414,-137.819017,1.58564,50.05,70.0,-137.79907205837813,1.5763246371358484
0.136855,0.12274,-219.840198,-89.246287,50.05,70.0,-219.84269701496547,-89.22754409158706
0.893952,0.648633,-19.155385,-16.830675,50.05,70.0,-19.167798866030665,-16.829842222142855
-0.429344,0.021762,-773.366659,1662.399054,50.05,70.0,-773.3789038137779,1662.3811978971692
-0.243109,0.073446,86.95117,1.071921,50.05,70.0,86.9352146892317,1.0788677910634379
0.412221,0.19735,98.080034,22.714915,50.05,70.0,98.0892205768748,22.733951173502202
0.85354,-0.559755,-114.349467,55.684365,50.05,70.0,-114.33097548037925,55.70435992512782
0.189465,0.332353,-133.180188,-97.905352,50.05,70.0,-133.1695355869722,-97.88548804037231
-0.151233,0.219388,223.112705,46.90185,50.05,70.0,223.13062074328272,46.88273226865623
-0.741261,-0.379335,175.89143,162.696508,50.05,70.0,175.8952063388669,162.71615262942933
0.515092,-0.856095,13.15021,-3.054527,50.05,70.0,13.141775838499509,-3.074034436620048
-0.385145,0.870209,43.791624,1.841721,50.05,70.0,43.79591386472511,1.8532998409124029
-0.389933,0.395442,158.615589,230.663603,50.05,70.0,158.6086651210169,230.66706940663357
0.19888,0.580287,3.11773,-1.924619,50.05,70.0,3.1216703927324128,-1.9444768122390468
0.878975,0.93732,-1.007418,0.682153,50.05,70.0,-1.0127366735396175,0.688533508852222
-0.45779,-0.081619,-27.962727,-25.499503,50.05,70.0,-27.98203922262755,-25.49975823137685
0.229176,-0.243376,-177.570901,10.482968,50.05,70.0,-177.55415599455876,10.476024062770033
-0.428422,-0.491199,-17.310855,-184.602702,50.05,70.0,-17.299320238012452,-184.59950621756343
0.415127,-0.958045,-27.700752,-6.8179,50.05,70.0,-27.70977438740444,-6.798644361504757
0.135475,0.924223,-489.396391,-13.778062,50.05,70.0,-489.3919341684134,-13.797054732259237
-0.577697,0.644059,0.299222,1.529093,50.05,70.0,0.3187887812185357,1.5305853382435801
0.699416,-0.919479,89.031098,11.237736,50.05,70.0,89.02405274435615,11.249358811335915
0.322655,0.868383,-13.644653,3.417949,50.05,70.0,-13.664296797217208,3.4305096598977265
0.919445,-0.885418,0.84196,-0.736982,50.05,70.0,0.8522995694854713,-0.7466159194670838
0.775422,0.524257,111.757152,5.979163,50.05,70.0,111.73717768398119,5.997443225086439
-0.810968,0.063604,151.417708,10.514408,50.05,70.0,151.43253440154015,10.494420452206429
0.996491,0.020794,-139.535497,3.003317,50.05,70.0,-139.52274500878082,3.0227249941880894
-0.509935,-0.483849,1.135743,-1.03593,50.05,70.0,1.153599107780398,-1.0194739349715989
-0.04817,0.409551,246.647338,-552.137106,50.05,70.0,246.63335207527723,-552.1403234275465
-0.669801,0.653992,-22.39765,6.063727,50.05,70.0,-22.415449510878084,6.072636608419329
-0.351731,0.457472,-146.59415,204.386339,50.05,70.0,-146.6099900564275,204.37519293078253
0.723906,0.68412,-23.922848,-202.039637,50.05,70.0,-23.90315747576432,-202.020180764454
-0.003249,-0.609689,-762.830777,-1116.287917,50.05,70.0,-762.8491963821094,-1116.268591276867
0.957949,0.25677,1088.8578,-832.29209,50.05,70.0,1088.8395462246847,-832.312007122274
-0.468966,0.087569,407.232993,235.168479,50.05,70.0,407.24849334709785,235.1867980155758
-0.22336,-0.007463,-1215.572274,-331.170525,50.05,70.0,-1215.5676502794622,-331.17923118281095
0.57175,-0.604075,-244.771732,76.090796,50.05,70.0,-244.77804741613411,76.09493235820864
-0.68944,0.578497,-0.640391,2.954921,50.05,70.0,-0.6243185379300898,2.934957425066723
0.793191,-0.840197,-1.525321,-0.747346,50.05,70.0,-1.514108550151298,-0.742837550827034
0.809262,-0.738153,-37.684391,-2.020665,50.05,70.0,-37.67183774843921,-2.0007191513511624
-0.143126,0.486745,-129.658776,278.597576,50.05,70.0,-129.67783203327787,278.6061852111541
0.727889,-0.365737,-59.792919,-23.372714,50.05,70.0,-59.78122286475289,-23.390136645112538
-0.939148,-0.262133,191.068882,-129.317906,50.05,70.0,191.0798183209843,-129.29880070883578
0.32328,-0.63896,-259.68659,-191.547497,50.05,70.0,-259.69525822052196,-191.55904616982636
-0.998747,0.057942,140.994362,-178.333995,50.05,70.0,141.00468480876265,-178.32778458659132
-0.16571,0.904111,71.485549,-148.8642,50.05,70.0,71.480863769217,-148.84908264050694
-0.609041,-0.160329,243.425922,-112.805539,50.05,70.0,243.4457971072102,-112.81024531185022
-0.654898,-0.873829,5.643599,-19.307471,50.05,70.0,5.62854679531846,-19.32743926769811
-0.438205,-0.9186,-1.575979,-0.456666,50.05,70.0,-1.59111315819694,-0.45718420931948756
-0.906466,-0.970223,0.636237,-0.39782,50.05,70.0,0.6179614135750925,-0.417804326508638
-0.532659,-0.401136,88.900176,-50.075922,50.05,70.0,88.91641870338128,-50.076611473020655
0.10347,-0.986284,-108.922375,283.338244,50.05,70.0,-108.91904918644782,283.32946462877504
-0.471805,0.378774,-1.703766,1.039695,50.05,70.0,-1.7214493623215006,1.027356203953703
0.047747,0.486547,-162.097062,-471.640302,50.05,70.0,-162.11518907552235,-471.6203227850982
-0.602043,-0.537685,-122.653942,-28.188829,50.05,70.0,-122.66223438604409,-28.204639353161486
-0.869214,-0.885664,-0.478909,-0.290866,50.05,70.0,-0.4987735092054947,-0.30553996221741897
0.650174,-0.517722,-9.745818,11.739166,50.05,70.0,-9.729049026176058,11.739853941657458
0.646124,-0.586332,-3.527552,0.189701,50.05,70.0,-3.5113011004021453,0.19672777079781537
-0.48328,-0.490482,-316.435298,3.383483,50.05,70.0,-316.45400644623436,3.3909865622888997
0.461036,0.639349,36.300302,39.442901,50.05,70.0,36.31327534800099,39.45805696937037
-0.466501,-0.477127,-31.431794,-25.929971,50.05,70.0,-31.41684047047093,-25.910033911094846
0.919162,0.361941,-66.607616,71.347748,50.05,70.0,-66.62733451075727,71.36773943988403
-0.861805,-0.363699,98.801972,-51.374405,50.05,70.0,98.81543666261753,-51.38862589534271
-0.69008,-0.168987,64.935575,-10.700302,50.05,70.0,64.93746089181276,-10.709483694186028
-0.158999,-0.292848,229.897049,130.664472,50.05,70.0,229.8944778961223,130.6833426076998
0.102099,-0.019257,-732.01494,-25.366448,50.05,70.0,-732.0333435517988,-25.386305942428717
0.343841,0.937975,-83.244632,-38.762767,50.05,70.0,-83.22819205212663,-38.762009848961206
0.544097,0.637912,23.386563,5.347935,50.05,70.0,23.406549942272175,5.33255967816322
-0.61157,-0.655026,-1.432576,-26.561135,50.05,70.0,-1.4477169668864,-26.54838727146774
0.984501,0.509145,-264.858408,-276.888175,50.05,70.0,-264.87525345062545,-276.88596479337014
-0.803808,0.402234,61.982777,33.554055,50.05,70.0,61.96369965239621,33.545050655104525
0.340794,-0.276079,37.162718,-1.892518,50.05,70.0,37.163474060591575,-1.9104423921577858
-0.066274,0.131428,-95.811077,-46.13109,50.05,70.0,-95.79170674327845,-46.13034028224512
0.910852,0.686607,37.768494,-6.56883,50.05,70.0,37.74869692612182,-6.550021449719718
-0.197727,0.796364,81.407283,-71.67204,50.05,70.0,81.40294500496722,-71.66806335255919
0.481514,0.809055,-114.609562,115.256796,50.05,70.0,-114.62917016856194,115.2625696273183
-0.207192,-0.26772,155.181135,60.862984,50.05,70.0,155.18928230822016,60.84302982951877
0.427682,0.056914,-547.638129,874.408667,50.05,70.0,-547.6555135607787,874.4144367614309
0.55628,-0.598488,-63.630784,-155.133118,50.05,70.0,-63.63684316834358,-155.146271592888
-0.788271,-0.462472,-88.124399,-52.080868,50.05,70.0,-88.13121655196518,-52.06691986245744
-0.770847,0.375127,-218.674239,50.437743,50.05,70.0,-218.6590651628349,50.457649077572114
0.762095,0.52737,141.38119,120.385916,50.05,70.0,141.36217151395422,120.36593865612235
-0.485553,-0.697033,-49.811412,-24.531096,50.05,70.0,-49.80875256990506,-24.543973560070214
0.969937,-0.265594,-182.354574,-91.281051,50.05,70.0,-182.3392318481167,-91.26589681272733
0.161679,-0.659244,-9.408543,1.005089,50.05,70.0,-9.4275709371824,0.985154857312811
0.094203,-0.728246,628.235426,-1436.75465,50.05,70.0,628.2180860128215,-1436.7363518982213
0.371599,-0.537413,33.32705,55.321416,50.05,70.0,33.32997796855588,55.301586945304855
-0.298083,0.127182,-1097.180176,-460.59767,50.05,70.0,-1097.1761842894723,-460.58211988922085
-0.460502,0.34753,31.259265,7.487595,50.05,70.0,31.254101419614294,7.501766668607716
0.940945,0.467708,-94.665496,7.495158,50.05,70.0,-94.66992540382527,7.48525885494873
0.771623,0.666969,0.359391,1.55974,50.05,70.0,0.37936044719157247,1.5552552864014275
-0.245799,0.849695,171.364297,-42.217611,50.05,70.0,171.37561207721242,-42.2310595987315
0.824895,0.004474,69.998193,-0.780471,50.05,70.0,70.01198247641994,-0.7863167108558938
-0.813064,0.825392,14.957548,-0.430829,50.05,70.0,14.940855543792148,-0.4144415833216421
0.368452,0.568822,-189.460764,732.896115,50.05,70.0,-189.4411136224874,732.8983828108217
0.18838,0.095237,-98.61836,601.618613,50.05,70.0,-98.63835672428344,601.598803817061
0.653306,0.119135,-319.962996,429.173478,50.05,70.0,-319.96617461609134,429.15876701575974
0.300229,-0.054694,-164.361009,-2.00665,50.05,70.0,-164.3495767119631,-2.001150454113229
0.753681,-0.879422,0.580185,-1.191611,50.05,70.0,0.5865736453767824,-1.2110345811071908
-0.452497,0.875179,-366.312801,-51.644832,50.05,70.0,-366.32431667475186,-51.664829601279784
-0.861755,0.485446,101.153373,-76.302163,50.05,70.0,101.1730028438125,-76.3221542672938
0.896858,-0.502739,-6.990157,-2.223888,50.05,70.0,-6.970310231081723,-2.242361250128576
0.463015,-0.113123,-311.088637,-152.861593,50.05,70.0,-311.0729586560831,-152.88034717056246
0.735897,0.227513,-87.461032,20.289475,50.05,70.0,-87.44516356689462,20.273241486756735
-0.192108,-0.760585,71.989914,109.457494,50.05,70.0,72.00202327250823,109.45279414393565
0.853921,-0.153684,-219.557265,-59.243457,50.05,70.0,-219.57302526865328,-59.2474364124582
-0.974033,-0.576903,-0.656034,-1.858188,50.05,70.0,-0.6587027750834991,-1.8779962703117667
-0.010651,0.989624,25.326297,-469.198794,50.05,70.0,25.312292077031838,-469.1874513935035
0.607769,0.768107,168.086815,-100.303354,50.05,70.0,168.10497138756264,-100.30219384832104
-0.421399,-0.444804,31.503603,-28.373804,50.05,70.0,31.51314497562645,-28.355695209747203
0.182812,0.524685,-255.608667,-25.152068,50.05,70.0,-255.6105966706095,-25.16874362196396
0.376598,-0.525596,18.793574,716.428743,50.05,70.0,18.80688290134825,716.4479646082963
0.301078,0.21165,23.539389,73.659525,50.05,70.0,23.526032474331238,73.65727418832485
-0.799975,0.815773,0.277967,1.961538,50.05,70.0,0.2704945359850956,1.96513750571718
0.69238,0.830499,7.68352,8.119426,50.05,70.0,7.6883434628964515,8.134482035114468
0.204798,0.046381,131.326692,-424.129194,50.05,70.0,131.32810938738453,-424.1491775223983
-0.48081,-0.973581,-305.150721,-106.271624,50.05,70.0,-305.1424024668745,-106.26185396806571
-0.983462,0.949842,0.895757,0.829888,50.05,70.0,0.8788433005692514,0.8252582978006736
-0.01378,0.394466,-49.349494,298.268502,50.05,70.0,-49.333654946439445,298.2658608040014
-0.213,0.101626,318.743441,67.954591,50.05,70.0,318.7526934040926,67.94262998611124
0.029543,0.527977,-34.271663,-281.102185,50.05,70.0,-34.2528878342196,-281.10500587013456
-0.289109,0.942569,-218.626039,138.333138,50.05,70.0,-218.6161829736302,138.35293085899517
-0.236937,-0.19692,99.460398,-2.311656,50.05,70.0,99.47731429548682,-2.2997049441778863
0.367131,0.375399,298.348958,19.402923,50.05,70.0,298.3562789329614,19.385484933412922
-0.674365,-0.051439,243.074466,-22.103354,50.05,70.0,243.08510712307864,-22.12158279029505
-0.533392,-0.722408,91.823492,-34.232925,50.05,70.0,91.80351921573569,-34.214872206268325
0.480538,0.398036,59.42294,-10.342279,50.05,70.0,59.40309575700602,-10.346920185854701
-0.216695,-0.000567,-92.703321,-0.447493,50.05,70.0,-92.71903872039985,-0.44486683392070486
0.469854,0.829991,18.257752,24.794228,50.05,70.0,18.23790009575147,24.77456040429623
-0.334021,0.110307,148.347917,7.153578,50.05,70.0,148.32920206318937,7.172539181239179
-0.066695,-0.944314,22.372391,122.525997,50.05,70.0,22.37200267340379,122.53258023649894
0.911969,-0.529136,0.965658,-1.617537,50.05,70.0,0.9462016912830135,-1.6152241658023758
0.804502,-0.735308,-0.379636,-0.148971,50.05,70.0,-0.3931933043116613,-0.1554023353244537
-0.329253,0.241982,1377.45946,704.724293,50.05,70.0,1377.4405089277388,704.7363104630325
0.990935,0.644727,-9.05789,-302.354071,50.05,70.0,-9.045560016352333,-302.348859002851
-0.072609,-0.336324,41.707068,116.058087,50.05,70.0,41.72278668823306,116.06551602213933
-0.591543,-0.058255,746.786095,-693.522084,50.05,70.0,746.7990993330178,-693.525025415896
0.912323,-0.5921,-123.145527,-124.47069,50.05,70.0,-123.15178233611195,-124.4506960145056
0.581361,0.928477,643.902804,464.384003,50.05,70.0,643.8972184037257,464.3677074375204
0.908923,0.271679,-147.382206,54.80169,50.05,70.0,-147.39493503352386,54.797568684492056
0.115928,0.40832,-71.018967,-139.617022,50.05,70.0,-71.0310952474949,-139.63693207351454
0.628419,-0.158634,176.219076,79.756148,50.05,70.0,176.22307931332082,79.75856923305516
-0.168839,0.316717,-22.578064,-54.101084,50.05,70.0,-22.584515559392297,-54.081511025988235
-0.944325,0.733669,81.605355,-12.552469,50.05,70.0,81.60674404230845,-12.533897710688578
0.776974,0.604052,-71.720686,-14.72418,50.05,70.0,-71.70111102155113,-14.706275562669655
0.297386,0.167544,-173.526417,18.724353,50.05,70.0,-173.53813539562125,18.74137717047225
-0.086201,-0.779512,31.973833,122.882521,50.05,70.0,31.954365346518887,122.86374771528307
0.748747,0.196673,-83.492888,16.486277,50.05,70.0,-83.47925557591657,16.467611589488723
-0.509879,0.464128,-305.598717,46.282199,50.05,70.0,-305.61623078503385,46.28982571815608
0.597957,-0.140192,255.900658,369.025416,50.05,70.0,255.88369808340778,369.01259729077776
-0.213922,0.618391,204.810068,-40.824296,50.05,70.0,204.80842899046527,-40.80441439903106
-0.701328,0.783655,-23.322907,-87.028573,50.05,70.0,-23.34289657932131,-87.04717870380289
0.891601,-0.859427,-1.038445,-0.811014,50.05,70.0,-1.022612336626855,-0.8017813256087009
-0.391535,-0.537051,6.611964,0.274709,50.05,70.0,6.631576179038411,0.27324835881275544
-0.214567,-0.234717,-110.364822,145.662231,50.05,70.0,-110.37507624061689,145.67137064132848
-0.887506,-0.318424,122.045041,-51.716184,50.05,70.0,122.02853964147562,-51.70163544104523
0.242258,-0.367167,38.215935,101.863619,50.05,70.0,38.223354990291334,101.84664714669852
-0.977747,-0.999962,0.972785,-1.097915,50.05,70.0,0.9870427947042723,-1.0948958654528345
-0.356579,0.984639,89.783918,-36.239512,50.05,70.0,89.80090564702644,-36.258444743077405
0.824748,-0.455354,-37.222945,-48.536748,50.05,70.0,-37.20886369945047,-48.551234265959515
0.860122,0.072626,-443.681472,1247.587203,50.05,70.0,-443.7005561245877,1247.6052728535765
0.631988,-0.173897,-61.540678,-204.762004,50.05,70.0,-61.53383535658139,-204.7423014781571
-0.683883,-0.027639,56.942402,-1.464114,50.05,70.0,56.925180452841374,-1.4718632014353452
-0.527205,-0.74122,-121.459849,-20.71634,50.05,70.0,-121.46166365227398,-20.727615238138444
0.323035,-0.757649,43.311885,165.434643,50.05,70.0,43.2958007758781,165.41508433544044
0.18794,0.712294,-70.147539,223.598184,50.05,70.0,-70.15562228011737,223.60688536589137
-0.466836,-0.116715,226.395341,-46.368656,50.05,70.0,226.40719772810218,-46.357906388038316
0.36748,0.234031,-39.583657,7.284104,50.05,70.0,-39.60280922341176,7.264104042114255
-0.643068,-0.041771,164.514921,-7.534472,50.05,70.0,164.5154559730463,-7.517142214041597
-0.052237,0.045105,-212.54782,-212.263784,50.05,70.0,-212.5375476274894,-212.25105305212847
0.072402,0.868663,-84.924014,128.770271,50.05,70.0,-84.92052910001954,128.75276810819585
-0.382401,0.985729,-53.422962,-60.455795,50.05,70.0,-53.43563218425092,-60.47573193486102
-0.860875,-0.71885,12.296554,-2.620389,50.05,70.0,12.286347298375073,-2.6159909747366363
0.296116,0.825239,-45.033158,-79.424947,50.05,70.0,-45.05234144416517,-79.41463144420136
-0.214485,-0.847399,-101.208374,-74.249011,50.05,70.0,-101.21860730548043,-74.26841154805626
-0.236104,-0.207801,14.554093,246.91025,50.05,70.0,14.555983430884714,246.89283267115593
-0.518057,-0.981129,116.396997,31.985618,50.05,70.0,116.40277610456809,31.971545982970913
0.16554,0.222798,-244.987697,81.182592,50.05,70.0,-244.9997610087626,81.2017983950016
0.560863,0.42413,14.809698,2.723734,50.05,70.0,14.827069300784014,2.7281193305592537
0.356869,-0.110094,-301.086052,91.394934,50.05,70.0,-301.1058907718633,91.37851106547865
-0.354932,0.651809,-233.016751,-600.639621,50.05,70.0,-233.01347637373323,-600.6576549258216
0.953445,0.542454,130.319544,26.664781,50.05,70.0,130.3391696559938,26.659200942011168
-0.968212,-0.745519,117.656572,-613.878326,50.05,70.0,117.65768357578189,-613.892187737718
0.068679,0.283865,-88.161692,-226.108813,50.05,70.0,-88.15336748804941,-226.09776388005548
0.911742,-0.358845,91.69456,34.340559,50.05,70.0,91.71224420913498,34.36016141387804
0.892479,-0.110039,-297.029741,-82.078075,50.05,70.0,-297.0480631584207,-82.09165171872256
0.567092,-0.88137,96.909296,-20.783232,50.05,70.0,96.91412000510039,-20.768478975592515
0.816452,0.114496,-1.0229,0.222778,50.05,70.0,-1.0049515672454947,0.23060523701974722
0.340027,0.836223,27.717091,-17.460449,50.05,70.0,27.72939042174923,-17.441698701030855
0.394915,-0.663841,-119.555609,-59.59489,50.05,70.0,-119.56478869425841,-59.582076831021
0.821313,-0.188774,192.419712,-128.31744,50.05,70.0,192.4067925179655,-128.30309861572852
-0.727772,0.332754,-62.788063,-15.854282,50.05,70.0,-62.774701873150256,-15.834759480510856
0.594518,0.058971,-526.348362,197.185749,50.05,70.0,-526.3584959228269,197.19797912130133
-0.868323,0.094273,185.671311,22.670228,50.05,70.0,185.67633276717774,22.670546503820074
0.448965,-0.24046,-113.873853,-29.516205,50.05,70.0,-113.87532825329644,-29.530960949583132
0.59273,0.020161,-549.10343,1773.92529,50.05,70.0,-549.1192248475105,1773.9447410817602
0.843964,0.504469,-51.379003,6.540879,50.05,70.0,-51.35979480966129,6.555973223081529
0.610523,-0.943802,57.306937,-97.560268,50.05,70.0,57.32202157445396,-97.57619265877393
-0.484111,-0.461741,-27.645317,-29.878074,50.05,70.0,-27.625587710424604,-29.858074121923615
-0.484543,0.287222,36.038917,308.43359,50.05,70.0,36.04585085593045,308.4249448890039
-0.666804,-0.976528,2.132496,-1.023283,50.05,70.0,2.1508857145540263,-1.0298223759897984
-0.51023,0.571216,-38.367872,18.553368,50.05,70.0,-38.38779131201336,18.53377548998078
0.431148,0.298829,312.233086,-248.155562,50.05,70.0,312.2300717657727,-248.17513865227784
0.417346,0.330378,-290.488469,-237.956299,50.05,70.0,-290.50391076715727,-237.945943343361
0.665571,0.257609,92.217196,-34.000203,50.05,70.0,92.21024397317113,-34.01513126876881
-0.370153,0.83602,13.55457,2.233444,50.05,70.0,13.534863899862481,2.2379764381731237
0.984308,-0.727309,21.058174,-6.763307,50.05,70.0,21.04467371244128,-6.762357035467864
0.111586,-0.577864,-558.988923,209.084706,50.05,70.0,-558.9756330132651,209.09425850329606
-0.165561,-0.577301,90.381452,141.490489,50.05,70.0,90.37025677022356,141.5082096304516
-0.696515,-0.322804,-204.204546,69.55184,50.05,70.0,-204.18818992259656,69.53184026189602
0.626756,-0.114692,-223.844138,-44.605297,50.05,70.0,-223.84466980540938,-44.59156080022663
0.379628,0.415255,81.821896,41.191305,50.05,70.0,81.8022270734888,41.2065704245955
-0.80966,0.047547,223.328248,16.531933,50.05,70.0,223.34483849328782,16.528058682705176
-0.881202,-0.364583,-105.554548,12.707317,50.05,70.0,-105.54159140720645,12.72731480199589
0.447332,0.309818,-50.719731,13.051308,50.05,70.0,-50.70658989548695,13.038416819241922
-0.89006,0.760624,15.157723,-16.632556,50.05,70.0,15.13780291560116,-16.61406079567887
-0.192436,-0.272462,209.818319,61.714901,50.05,70.0,209.83117924445176,61.73450093450063
0.735865,-0.313947,-356.923521,269.950344,50.05,70.0,-356.94163578812373,269.9699727501111
-0.502443,-0.559195,-481.790639,484.776679,50.05,70.0,-481.81043009157764,484.76073761977614
-0.396806,0.877762,-212.346993,448.186979,50.05,70.0,-212.36359551292864,448.20682703588807
0.55362,0.688369,-334.850339,395.977491,50.05,70.0,-334.83769974423745,395.95796086083874
-0.587223,0.547082,-47.511045,12.823375,50.05,70.0,-47.49185612726013,12.830513605773872
0.814456,0.560378,-14.841036,1.538319,50.05,70.0,-14.821299115242816,1.5456956498263812
0.276316,0.048691,245.338616,646.140777,50.05,70.0,245.35684370166322,646.1427508063383
0.345917,-0.165074,-198.858573,-83.556409,50.05,70.0,-198.85956814746032,-83.55598483458067
-0.401578,0.675416,35.335761,7.873532,50.05,70.0,35.35566552186121,7.888171005847258
-0.290237,-0.016732,968.60586,-219.092945,50.05,70.0,968.5895787737543,-219.0877217849626
0.786664,-0.533884,50.6289,-12.751113,50.05,70.0,50.61294310210517,-12.75598917887936
-0.990952,-0.92956,0.841947,0.702879,50.05,70.0,0.834662465743459,0.6932439413133502
0.886347,0.836228,0.848683,0.345716,50.05,70.0,0.86843455919232,0.3366765743878573
0.478641,0.527416,228.64087,-71.088068,50.05,70.0,228.64939548649198,-71.06918226687237
0.28705,0.450337,-105.478388,-24.285781,50.05,70.0,-105.49615012455867,-24.267325888610188
0.816134,0.758129,0.858517,0.434078,50.05,70.0,0.8750282995227556,0.42592637076231876
-0.122178,0.553712,73.601112,-164.762331,50.05,70.0,73.58800902097619,-164.7804326764121
0.244627,-0.561126,147.480955,-252.343635,50.05,70.0,147.4996107559479,-252.35653919411172
-0.84581,0.475889,18.704402,10.202592,50.05,70.0,18.71799781878781,10.217551776924225
0.260003,-0.127401,-259.217662,-69.050605,50.05,70.0,-259.21132954572283,-69.05421196301187
0.776536,-0.762863,141.539078,57.010412,50.05,70.0,141.55387532432377,56.99701876285805
0.566634,-0.588606,13.836146,-5.189197,50.05,70.0,13.821615601296537,-5.169240138374142
-0.70348,0.616516,41.011528,2.298498,50.05,70.0,40.99394685856741,2.285360316992235
-0.219588,-0.618302,200.405614,72.735174,50.05,70.0,200.3919976551647,72.71536964238736
0.205321,0.833092,-235.449543,-114.357403,50.05,70.0,-235.44988602411337,-114.3706097220509
-0.216835,-0.344721,-94.839322,-52.365401,50.05,70.0,-94.82173195986164,-52.38506383055334
0.271549,-0.076112,-132.411744,-524.353563,50.05,70.0,-132.43162586048123,-524.3672464200018
0.778465,-0.332642,-106.421383,-55.956239,50.05,70.0,-106.41781325436737,-55.963898963550825
-0.722184,0.252237,114.253136,32.300825,50.05,70.0,114.2339591357959,32.31833638951033
-0.648027,0.611387,-58.636596,15.982069,50.05,70.0,-58.65619626731202,15.971514277563335
-0.41169,0.722442,-245.832663,-96.2428,50.05,70.0,-245.82220373159828,-96.25672570361822
0.078985,-0.498486,138.231329,135.638462,50.05,70.0,138.2236937370942,135.65846160797375
-0.04761,-0.184201,63.763888,188.651554,50.05,70.0,63.77795321761026,188.65051018766104
0.125483,-0.999842,-167.974025,-87.819856,50.05,70.0,-167.96078189068652,-87.8295480700914
-0.352277,-0.713969,-86.632664,271.253666,50.05,70.0,-86.64832676244285,271.27226539189684
0.325341,0.008831,-23.569311,-1697.389053,50.05,70.0,-23.5493562605736,-1697.3883165567145
0.418554,0.644408,139.723552,-66.873541,50.05,70.0,139.70399939151625,-66.86600006887353
0.570022,0.364634,-25.825316,6.659149,50.05,70.0,-25.806263371600405,6.640172367688941
0.408466,-0.91576,-37.525464,-4.79406,50.05,70.0,-37.50710849489913,-4.781136572688441
0.820831,-0.285998,245.191082,210.74571,50.05,70.0,245.1718377667861,210.76055633334187
-0.775687,-0.978432,-0.864199,-0.162173,50.05,70.0,-0.878696666389508,-0.1698025470081043
-0.501171,0.813007,-1067.567801,-339.803902,50.05,70.0,-1067.5787968464565,-339.8231608605337
0.205828,-0.642019,-69.778268,-193.928459,50.05,70.0,-69.7961805057242,-193.9481550768221
-0.418024,0.26369,60.811998,1642.518819,50.05,70.0,60.821071743821584,1642.5031985814594
-0.154953,-0.297227,193.439407,145.268825,50.05,70.0,193.4275237822894,145.28713938298407
0.510092,-0.890342,18.869724,-17.243904,50.05,70.0,18.889421039857307,-17.224005601706256
0.028394,-0.779112,-22.011201,246.614681,50.05,70.0,-21.991201029293478,246.59478144075348
-0.541738,-0.983703,-3.558453,2.033802,50.05,70.0,-3.572001141838371,2.0436266712895326
0.910418,-0.612375,69.042717,30.41301,50.05,70.0,69.06181071817086,30.431716590959322
-0.180479,0.69441,227.549927,-171.07383,50.05,70.0,227.53482314362648,-171.056212553367
0.947381,0.624703,14.972871,13.825942,50.05,70.0,14.973164421893399,13.843158897377238
-0.60979,-0.735426,37.993747,-130.546147,50.05,70.0,38.006942765129715,-130.54419768868354
-0.311375,0.718681,102.327543,-44.266681,50.05,70.0,102.30776423476284,-44.28475992152544
0.875825,-0.004984,-187.404558,-1.180839,50.05,70.0,-187.39715834771033,-1.1673146351244286
0.23131,-0.377771,-242.353611,419.479578,50.05,70.0,-242.3721485175997,419.4922173147043
0.794866,-0.694178,-224.98273,-172.239703,50.05,70.0,-224.99055754799946,-172.2202003580153
0.945988,-0.784311,-24.643566,-8.080221,50.05,70.0,-24.652077541497167,-8.09557289324214
0.078211,0.499254,30.598166,-169.578818,50.05,70.0,30.604758879915114,-169.5904970046163
0.963436,0.469823,-0.16455,0.654686,50.05,70.0,-0.16717911530936896,0.6682901595828561
0.315314,-0.522045,-41.970889,109.81032,50.05,70.0,-41.95759466859899,109.7941861534072
-0.006891,0.183329,18.559645,-334.264017,50.05,70.0,18.55978913294776,-334.26159810191746
-0.783381,-0.282042,-69.299294,-39.627941,50.05,70.0,-69.2949417471917,-39.61584494400811
-0.277188,-0.697009,135.88773,56.836194,50.05,70.0,135.9075529323219,56.84932385016094
-0.625549,0.396524,9.856639,-0.530493,50.05,70.0,9.847241879814067,-0.5193905727252449
0.378362,-0.868525,-73.481053,10.018836,50.05,70.0,-73.48446231774827,9.999094892589502
0.701636,0.396259,-40.819797,18.002177,50.05,70.0,-40.8020156696536,17.982286181371258
-0.080367,-0.735657,768.184827,-328.541015,50.05,70.0,768.1780088354735,-328.54744126571296
-0.18405,0.664201,181.513965,-173.546443,50.05,70.0,181.50181923942907,-173.56522735331453
-0.772125,0.902137,0.418517,0.042106,50.05,70.0,0.42269656453856885,0.032137368258347475
0.215824,-0.638187,56.962892,124.336824,50.05,70.0,56.95601102665675,124.32722978807786
-0.010308,0.751162,7.563223,-236.688279,50.05,70.0,7.547083223655069,-236.6684157412844
0.781266,0.738148,-34.734923,10.281675,50.05,70.0,-34.71672624793735,10.269040487266242
0.04622,0.812362,-13.235544,-80.184974,50.05,70.0,-13.216910549887896,-80.20455816921074
-0.632989,-0.640197,-2.319977,178.310025,50.05,70.0,-2.3322738874913123,178.32138890001443
0.215214,-0.890512,-134.293887,155.858315,50.05,70.0,-134.29037339131364,155.8717919452919
-0.829718,0.936036,0.450468,1.11408,50.05,70.0,0.4373891297874483,1.1014801481494212
-0.04935,0.57462,-36.976659,71.045363,50.05,70.0,-36.98115709234329,71.02753772107913
-0.357013,-0.31763,121.234645,86.95223,50.05,70.0,121.25343634296964,86.93246717399627
-0.403874,0.088457,-471.421182,-323.663496,50.05,70.0,-471.41344407374146,-323.651243516244
0.692933,0.126035,-281.321871,98.307516,50.05,70.0,-281.3020188540534,98.32109956581806
0.266532,-0.400342,106.627063,-127.530377,50.05,70.0,106.62523707251293,-127.51850765048003
-0.546122,-0.670362,-67.011346,-20.747211,50.05,70.0,-67.0100769045866,-20.756395319217113
-0.778677,0.781412,43.596562,7.126487,50.05,70.0,43.578970998086746,7.119481223943626
-0.812261,0.321606,83.084056,81.577087,50.05,70.0,83.07409046693515,81.59198982481132
-0.766634,-0.810898,59.850497,19.457891,50.05,70.0,59.852492021818755,19.443973846897016
-0.757025,0.688862,15.179268,1.684628,50.05,70.0,15.196115096991905,1.7021976818330944
-0.301993,0.395744,96.277163,-2.860713,50.05,70.0,96.25743924486028,-2.875720871720481
-0.723309,-0.650464,108.897343,-238.502489,50.05,70.0,108.91657494361124,-238.51344296015088
-0.343142,0.812113,-145.468951,-266.975489,50.05,70.0,-145.47485056538085,-266.9741688466592
-0.812019,0.390144,72.234103,38.757875,50.05,70.0,72.21738940248225,38.73800174396918
-0.847467,0.615845,-49.237675,-96.457829,50.05,70.0,-49.217704883567926,-96.4495525621544
0.514056,-0.26277,-88.328012,-49.329955,50.05,70.0,-88.34799992441356,-49.334831194098065
-0.368981,0.539484,16.561784,-42.54066,50.05,70.0,16.57775642060954,-42.5320818088016
-0.900245,-0.41389,59.768573,-26.842401,50.05,70.0,59.75320318472916,-26.860887274611695
-0.241187,0.367096,-6.028946,-53.374079,50.05,70.0,-6.032230663003703,-53.36817624302709
-0.211,-0.274679,79.643233,26.919854,50.05,70.0,79.6526316464272,26.905441625205988
-0.53581,0.646823,-62.92002,-38.063903,50.05,70.0,-62.93938251849432,-38.045815083168506
-0.840439,0.744543,65.432748,-66.607002,50.05,70.0,65.43222428548,-66.58889084787111
-0.466879,-0.834472,-9.723952,-21.565322,50.05,70.0,-9.740914750813843,-21.566819120907407
-0.963071,-0.330068,32.168966,-50.603659,50.05,70.0,32.149110034186236,-50.61989457470732
0.553333,-0.125114,-112.435148,-13.313423,50.05,70.0,-112.42395987559378,-13.333136907423436
-0.799216,-0.416648,41.881522,-16.831123,50.05,70.0,41.86914329067878,-16.840565477658743
-0.610782,0.595284,-325.981908,-199.386611,50.05,70.0,-325.9645776377414,-199.40337254397855
0.932112,0.010202,-336.318374,8.743159,50.05,70.0,-336.32364117372117,8.729806770083432
-0.536357,-0.550741,-110.85622,78.691592,50.05,70.0,-110.86998215928499,78.69576126369316
-0.31214,-0.141311,206.092936,-34.209209,50.05,70.0,206.07322686364387,-34.18921396806704
0.980784,0.042587,995.625261,719.742989,50.05,70.0,995.6052652271158,719.7376014729554
-0.236762,0.742868,140.840838,-118.919832,50.05,70.0,140.8557061203575,-118.90216126337864
-0.61966,-0.619846,-0.27764,-1.843984,50.05,70.0,-0.2817085618556555,-1.8403523330622689
0.240089,-0.825119,-182.348578,86.915004,50.05,70.0,-182.3313783660743,86.93054261313058
0.229931,0.458602,-16.086728,128.743818,50.05,70.0,-16.08067629320173,128.7501667753382
-0.281324,-0.210226,-44.242426,-18.249276,50.05,70.0,-44.23963131461646,-18.243938439959365
0.737035,-0.649208,54.133643,-10.400623,50.05,70.0,54.11392069820303,-10.382988091985567
0.764028,-0.98091,0.198402,0.057402,50.05,70.0,0.20406371603932758,0.06834216682231052
-0.150432,-0.309568,84.416204,89.607799,50.05,70.0,84.43490751154644,89.61673511915117
-0.901873,0.214229,133.540511,32.066213,50.05,70.0,133.53831862129232,32.06393562811753
0.550863,0.358094,77.186449,24.978268,50.05,70.0,77.1724923606386,24.960561942460906
0.486812,-0.148667,-166.059556,-250.490143,50.05,70.0,-166.07685201869225,-250.47798398748645
-0.6424,-0.817568,-10.334891,-1.658651,50.05,70.0,-10.352992218528522,-1.6554286313958526
-0.870296,0.929141,-0.831903,0.753857,50.05,70.0,-0.8436485708668341,0.743354295886466
0.076401,0.067732,-914.080551,-52.018788,50.05,70.0,-914.0927856724717,-52.035128591029014
0.37259,0.116162,-267.024932,84.398591,50.05,70.0,-267.007894662417,84.37861826076579
0.330552,-0.419826,-73.157234,-6.286993,50.05,70.0,-73.15761474627999,-6.282836044964568
-0.017784,-0.903325,39.857884,-244.205788,50.05,70.0,39.84052954542689,-244.20979496770585
-0.185651,-0.234341,99.877055,48.846825,50.05,70.0,99.86256785028687,48.82698850646241
-0.574647,-0.096979,174.724099,46.164625,50.05,70.0,174.7041694095561,46.183964383988354
0.073615,-0.749656,-38.609606,179.330756,50.05,70.0,-38.62887648799663,179.3275712510657
0.534691,0.545159,2.587267,-1.492892,50.05,70.0,2.5687651835350778,-1.4742451955256675
0.489485,0.769371,200.619933,-34.524867,50.05,70.0,200.61668226699774,-34.536797875997834
0.815846,-0.079788,41.202374,-1.535673,50.05,70.0,41.18268162018592,-1.5309665341236267
-0.995145,0.590166,-0.628114,0.978797,50.05,70.0,-0.6477851341027357,0.9587970104582028
0.913677,0.174464,-148.242581,29.624909,50.05,70.0,-148.25163320256544,29.644498479452235
0.219406,-0.435892,-177.677672,14.807377,50.05,70.0,-177.69723487662102,14.791855280118428
-0.037917,0.723553,18.507797,-167.649774,50.05,70.0,18.497234881952764,-167.65252521404256
0.754753,-0.873076,56.240991,-110.187495,50.05,70.0,56.25931714944109,-110.18684686342516
0.219742,-0.803098,-190.141686,127.223875,50.05,70.0,-190.1217142291385,127.21651881007995
0.338965,0.986043,-102.821642,-25.136298,50.05,70.0,-102.82199765838038,-25.12745828580343
0.427701,0.363035,437.664405,159.974394,50.05,70.0,437.6832823994048,159.9703668859509
-0.474674,0.148084,200.219042,204.125351,50.05,70.0,200.22666162615468,204.1157984931937
0.85299,0.195252,322.782981,94.090524,50.05,70.0,322.7688264265396,94.10351629175908
-0.401233,0.478246,-222.300631,-130.275567,50.05,70.0,-222.28310472953765,-130.25929692228723
-0.12337,0.526988,36.020384,125.251,50.05,70.0,36.00276314627219,125.24072315467755
-0.907622,-0.396774,84.346776,-44.126853,50.05,70.0,84.33354656844456,-44.11236268031204
-0.578086,0.112954,130.892761,499.769417,50.05,70.0,130.8735953844962,499.7800112789429
0.41521,0.43915,57.263878,97.426548,50.05,70.0,57.26018179675641,97.40840603813513
0.787565,0.608763,3.124909,6.447541,50.05,70.0,3.1395561595746244,6.427610545731787
-0.521546,0.382351,32.274264,36.90522,50.05,70.0,32.288993797742116,36.89705197938995
0.169196,-0.326414,-236.693366,-38.043077,50.05,70.0,-236.71314431296474,-38.05529498491519
-0.03263,-0.420061,28.723962,215.811915,50.05,70.0,28.704022034778713,215.82444951558696
0.034,-0.560536,-50.858892,327.948451,50.05,70.0,-50.86225810566255,327.9287548866708
-0.936171,-0.218294,83.876682,-307.714135,50.05,70.0,83.89116395427095,-307.7145191614581
-0.859508,0.248539,93.061433,23.773855,50.05,70.0,93.05164771670728,23.792632474853157
-0.806194,0.293437,84.120096,25.930038,50.05,70.0,84.10513802208689,25.948663235570034
-0.19894,0.411786,168.573699,-109.574329,50.05,70.0,168.55481917991193,-109.56223908866932
0.895441,-0.324345,13.875608,-17.515027,50.05,70.0,13.883201765234386,-17.495714720650977
0.7419,-0.879818,42.852431,-4.590338,50.05,70.0,42.868821039324025,-4.57422298760263
0.893054,-0.444567,-166.085477,-101.438813,50.05,70.0,-166.06577605594683,-101.42880827016123
0.156996,0.624277,13.875852,177.143716,50.05,70.0,13.871672077302314,177.16302192146335
0.225576,-0.740506,-198.568392,57.102744,50.05,70.0,-198.56113710681697,57.12264669868216
0.307632,0.372712,83.796769,-75.915183,50.05,70.0,83.78619962115326,-75.9233158186424
0.173871,0.24581,-75.305369,-37.564726,50.05,70.0,-75.29291906017394,-37.54684305720281
-0.668515,0.274901,131.934,65.643108,50.05,70.0,131.95393460003186,65.66306646700713
0.258735,0.563619,166.368225,19.227521,50.05,70.0,166.38721580788257,19.21198122525253
0.736154,0.536712,-414.733774,273.777131,50.05,70.0,-414.74878299058105,273.79665885543307
0.514044,-0.470184,-8.61626,183.93029,50.05,70.0,-8.60143141887849,183.9427065712947
-0.383442,-0.512765,5.674712,0.035243,50.05,70.0,5.678218089030652,0.015341377467313861
-0.046041,0.188785,43.072624,-131.697819,50.05,70.0,43.09157424067676,-131.70108477496086
0.902457,-0.409323,-66.07166,-30.496265,50.05,70.0,-66.09152999565525,-30.513901562728293
0.516274,-0.988027,-52.954931,-95.846753,50.05,70.0,-52.97473284133592,-95.83402342516396
0.233062,-0.925234,-6.271456,23.13504,50.05,70.0,-6.260769175580237,23.155005615695128
-0.413131,0.50094,-241.829524,-125.583694,50.05,70.0,-241.82173451466932,-125.6023725342874
-0.696952,0.325277,-340.966358,-95.000095,50.05,70.0,-340.9547375522193,-95.00999396766652
0.922405,0.868956,0.182879,1.407942,50.05,70.0,0.19660696524158708,1.4201473992833793
0.536002,0.593309,91.73315,14.962255,50.05,70.0,91.72207354047906,14.982254540666982
-0.252194,-0.629944,11.945002,176.804149,50.05,70.0,11.926130867414626,176.78416107411928
0.538796,-0.463705,27.351447,-5.994695,50.05,70.0,27.37128250213861,-5.992739040065898
0.504129,0.89527,17.322891,14.254947,50.05,70.0,17.33952204019908,14.259324415324063
0.797179,0.195724,-25.458312,175.51477,50.05,70.0,-25.475851203271542,175.51362946848798
-0.472479,-0.956267,-42.343838,-8.495421,50.05,70.0,-42.323881023645654,-8.502058944904094
0.02765,0.719938,-27.321208,-278.751935,50.05,70.0,-27.303316644305077,-278.75299930565336
-0.00921,-0.78637,1.101497,11.630148,50.05,70.0,1.1214872189727607,11.644426616854359
-0.524202,-0.261952,98.826024,-27.544234,50.05,70.0,98.83576845668699,-27.55666504962106
-0.623372,0.987555,-0.369849,1.134252,50.05,70.0,-0.38133788943169195,1.128754711888629
-0.160767,-0.01419,-1139.079777,-1388.798836,50.05,70.0,-1139.097363239328,-1388.8178912189221
-0.486775,0.765228,-95.565698,35.591493,50.05,70.0,-95.54775463262906,35.610561472006566
-0.81065,-0.595149,-22.041754,-41.805478,50.05,70.0,-22.06162985400774,-41.82484118122002
-0.672311,0.473822,0.643576,2.794008,50.05,70.0,0.6632973353869936,2.7740661693730333
-0.471702,0.107133,202.93556,29.204642,50.05,70.0,202.95552298615453,29.184674057727495
0.589805,0.85469,33.998675,11.665246,50.05,70.0,34.01824899954285,11.684051414069
0.775791,0.713491,-2.957347,-0.013437,50.05,70.0,-2.958689689357185,-0.025533849758725632
-0.360424,0.353292,41.242478,8.469644,50.05,70.0,41.22251803126486,8.478127871593214
-0.223482,-0.05805,546.688443,-511.410482,50.05,70.0,546.6924949562313,-511.3911368630766
0.355878,-0.754543,-43.890231,-8.463884,50.05,70.0,-43.870315728887945,-8.445965887757827
0.389495,0.234622,121.064964,5.523806,50.05,70.0,121.0771520041687,5.513043108681005
-0.703219,0.999909,25.043774,-148.075423,50.05,70.0,25.0610094282206,-148.05736937626878
-0.535205,0.810553,-131.254402,76.809055,50.05,70.0,-131.24046535620894,76.7900756751437
0.971209,-0.892578,-0.879915,-0.672667,50.05,70.0,-0.8755164071521874,-0.6788217454618329
0.444244,0.403928,31.755727,19.478893,50.05,70.0,31.755625145665956,19.476335898666118
0.822173,0.254869,-126.367087,37.72878,50.05,70.0,-126.36413105313324,37.710172131284175
-0.424376,-0.489082,-285.147309,-179.581861,50.05,70.0,-285.13624511240744,-179.56477423103624
-0.000516,-0.676712,1.288334,-268.974119,50.05,70.0,1.2830198204015797,-268.95436964868213
0.499637,-0.596057,53.944078,63.570993,50.05,70.0,53.933554317631646,63.58894432693083
0.072593,0.069476,-1078.670061,47.728047,50.05,70.0,-1078.6724712608,47.71360940085669
-0.320882,0.939189,114.048895,-34.807387,50.05,70.0,114.06787052001161,-34.80647914459361
0.952779,-0.639627,-63.595883,-5.364008,50.05,70.0,-63.61574742525271,-5.379577585302182
-0.213778,-0.961711,145.523373,-5.526527,50.05,70.0,145.51140185509627,-5.519891855370045
0.51969,0.438067,13.491372,4.866139,50.05,70.0,13.47699639581243,4.864393582162146
0.595092,-0.295154,113.029416,121.547998,50.05,70.0,113.00966571453749,121.56685577538052
-0.649041,-0.435807,-33.19341,-13.404858,50.05,70.0,-33.17605313994002,-13.422039253642684
-0.601841,0.855375,-4.513568,-117.763892,50.05,70.0,-4.494090860524644,-117.78065742493477
0.286533,-0.243069,-113.928086,-28.125053,50.05,70.0,-113.94166607014887,-28.13565361158944
0.745669,0.45592,-2.812145,13.941327,50.05,70.0,-2.800991259788595,13.942854350329458
0.649684,-0.769329,-207.938867,-484.059886,50.05,70.0,-207.95798721689718,-484.07958802921394
-0.1162,-0.968103,23.351883,-8.410402,50.05,70.0,23.37060452144248,-8.427753543741364
-0.911472,0.897028,-0.795856,0.722158,50.05,70.0,-0.8048994103816445,0.7087743371805281
0.346278,-0.099043,-130.634571,-222.5889,50.05,70.0,-130.64920347268685,-222.56967016560748
-0.618895,0.226121,169.420269,83.313958,50.05,70.0,169.439323201547,83.3225152194092
0.419413,-0.917427,653.100429,70.266414,50.05,70.0,653.0903821254128,70.2627661660277
0.796967,0.619073,113.099493,40.280799,50.05,70.0,113.10620166656999,40.30079783634126
0.758339,-0.58851,-29.592766,6.259718,50.05,70.0,-29.595107349512645,6.240665086617432
0.917361,0.09244,212.782455,923.886659,50.05,70.0,212.80168326619386,923.8773673734466
-0.357362,-0.17598,34.784921,-5.235178,50.05,70.0,34.767641121576894,-5.243584206141684
0.300189,-0.719419,-119.478747,38.287972,50.05,70.0,-119.47482671086364,38.30560800204771
0.723183,0.538142,36.835025,9.940281,50.05,70.0,36.82433227161306,9.93264108665085
0.557198,0.822637,67.800929,17.745733,50.05,70.0,67.81476632637253,17.7649128999847
0.058714,0.798013,-771.267187,-780.003665,50.05,70.0,-771.2479060148912,-780.0030460444743
0.200996,0.136328,-182.653605,-27.300796,50.05,70.0,-182.6338456978881,-27.31266533206476
-0.743409,-0.478573,63.685509,-2.225083,50.05,70.0,63.705340650604846,-2.2336760757976375
0.625752,-0.983194,-36.277218,110.043586,50.05,70.0,-36.285722593332316,110.05713826629366
-0.539744,0.528904,38.571825,33.159164,50.05,70.0,38.584840286386225,33.15232815775006
-0.7023,0.444528,0.302639,-0.485481,50.05,70.0,0.28953892393684827,-0.48432961041236683
-0.811781,0.398216,51.709863,21.185895,50.05,70.0,51.69438881464294,21.197711466181993
0.810748,0.235869,-121.572843,116.683518,50.05,70.0,-121.58873858268689,116.68283886119147
0.254217,0.625923,-127.660566,-315.512501,50.05,70.0,-127.66985463577328,-315.5294511856294
-0.114642,-0.783482,108.738177,33.154362,50.05,70.0,108.75155310616482,33.13474242719427
0.014017,-0.421347,-11.950373,212.37356,50.05,70.0,-11.95018334110967,212.35359793924403
0.423454,0.985029,-51.940225,4.681821,50.05,70.0,-51.95999185403257,4.67188806510118
-0.620871,-0.977767,-110.478693,121.938842,50.05,70.0,-110.47422628737957,121.95612998447587
0.671722,-0.366791,110.189354,-60.157338,50.05,70.0,110.20378730283436,-60.165176824661565
-0.658627,0.451714,-47.703174,-19.851695,50.05,70.0,-47.68405728783363,-19.832293086593044
-0.040964,-0.477744,393.246354,-680.854866,50.05,70.0,393.2650811511501,-680.8364857740745
0.550976,0.257116,-86.359867,111.336965,50.05,70.0,-86.37153527043172,111.33358815634513
-0.658122,0.949132,27.504197,119.102433,50.05,70.0,27.484521406188517,119.11761207171924
0.06021,-0.044014,71.474154,164.133239,50.05,70.0,71.46110955440076,164.14758617501226
0.262511,0.022998,255.41037,-31.609459,50.05,70.0,255.39389876056944,-31.609347726889055
0.526761,-0.73517,-40.875957,-10.464494,50.05,70.0,-40.89363937933632,-10.484184118794738
-0.004368,0.594252,7.194102,-355.07187,50.05,70.0,7.201138138329493,-355.0750130274107
-0.403264,0.335616,-217.457052,-140.651855,50.05,70.0,-217.44821823774345,-140.6327143222151
0.697402,-0.758351,0.28108,-0.366762,50.05,70.0,0.26176778331892775,-0.3634691347578902
0.388061,0.136809,264.66813,-384.300783,50.05,70.0,264.68639171902936,-384.3156845827991
-0.655952,-0.589817,9.341842,-0.301753,50.05,70.0,9.321880466518103,-0.3200579074689138
0.941496,-0.282869,-18.998211,-1.023977,50.05,70.0,-18.979848678868454,-1.0092518791194613
-0.187291,0.193688,-75.096702,-66.239817,50.05,70.0,-75.07727021190311,-66.23855408288159
-0.677689,0.088351,-1070.604403,1082.671749,50.05,70.0,-1070.6120918320808,1082.6911179780132
0.922154,0.649165,-36.837381,19.931604,50.05,70.0,-36.85270549158485,19.92374688870439
0.517543,0.338109,34.265946,22.528544,50.05,70.0,34.25716366147545,22.52629019012481
0.604276,0.062058,-156.315098,10.125794,50.05,70.0,-156.3079872787136,10.110256145988421
-0.999452,0.208303,-134.914612,145.498873,50.05,70.0,-134.934148683073,145.485966696259
0.941547,0.576356,-1.988513,786.823039,50.05,70.0,-1.9736042264645324,786.8056606673981
0.820318,-0.920409,1.392837,-0.811447,50.05,70.0,1.4086960824025168,-0.7959081253912703
0.685695,0.472278,43.213517,-33.981573,50.05,70.0,43.20833941520989,-33.99684006467937
-0.424615,-0.510599,-48.268785,-42.606682,50.05,70.0,-48.25757663954828,-42.62364079986246
0.359349,-0.426679,-44.179366,110.746832,50.05,70.0,-44.16482723185632,110.75788352457698
0.798549,-0.778863,0.368911,-0.169208,50.05,70.0,0.35393778023836775,-0.17461504087729546
-0.353628,0.569791,44.320385,4.914016,50.05,70.0,44.309716218921466,4.911628846210748
0.475273,-0.084579,-270.703198,-51.703062,50.05,70.0,-270.7189229495908,-51.72051255637735
0.485743,-0.114129,183.382953,140.851579,50.05,70.0,183.39325527911998,140.8697558976447
-0.161234,0.142912,-98.969765,-1734.94452,50.05,70.0,-98.95562448692323,-1734.9435607269922
-0.082727,-0.395407,398.70673,-320.633007,50.05,70.0,398.69042939188665,-320.6368452656612
0.388348,0.963033,-31.691117,-25.332174,50.05,70.0,-31.70791570455335,-25.328301730093308
-0.30044,0.499378,460.595576,1050.321572,50.05,70.0,460.57744483698076,1050.3019336735008
-0.950852,-0.972712,0.724768,-0.612182,50.05,70.0,0.7231560970888263,-0.6299010981193636
-0.377532,0.820813,-9.993939,-181.829302,50.05,70.0,-9.975114538353544,-181.81017054199128
-0.603655,0.368567,-231.154854,304.357743,50.05,70.0,-231.13582526007482,304.3766519778873
0.512751,-0.192726,-178.358438,-126.083742,50.05,70.0,-178.37570037685873,-126.06548122947616
0.856375,-0.909626,0.620718,-0.345988,50.05,70.0,0.6009707330031298,-0.3659735597212164
-0.088902,-0.179153,0.847781,4.0217,50.05,70.0,0.8668163378442775,4.012580205261365
0.98117,0.529786,-12.502324,1.322522,50.05,70.0,-12.495854025803062,1.34150524151415
0.120452,0.438382,-191.709327,-247.830862,50.05,70.0,-191.72891231429927,-247.84957375988347
-0.11181,0.815572,141.74891,88.617686,50.05,70.0,141.74643901307311,88.62389006108303
-0.679956,-0.013185,173.535911,-2.640245,50.05,70.0,173.52404979443864,-2.6237380913128083
0.405096,0.456436,64.434429,57.582383,50.05,70.0,64.4164742266571,57.579218396148256
-0.686807,0.826785,-42.362519,14.274197,50.05,70.0,-42.34703252097514,14.269347636898035
-0.226321,0.216531,3.12782,858.050446,50.05,70.0,3.10945740545227,858.0304934027597
-0.759277,0.833762,-48.828144,6.906954,50.05,70.0,-48.827689055453526,6.919331180790699
-0.957178,0.7034,-1.487495,1.50785,50.05,70.0,-1.4684774102222051,1.5159413643518698
0.047695,-0.387017,49.094835,19.789686,50.05,70.0,49.07483637792868,19.807865748347854
-0.58688,0.307462,48.459825,15.403165,50.05,70.0,48.479803096930915,15.384716561686517
-0.479639,0.700831,-49.468098,24.917215,50.05,70.0,-49.48571477648339,24.903945306199486
0.863715,0.456305,-7.287031,-0.912615,50.05,70.0,-7.26725353274502,-0.9065740549578606
-0.875843,-0.292559,-557.182524,-30.832467,50.05,70.0,-557.178075618967,-30.848017652831693
0.965061,-0.225368,40.638156,-7.204813,50.05,70.0,40.65804741669383,-7.215403726038895
0.244419,-0.050654,-177.66427,2.591818,50.05,70.0,-177.65661595618633,2.5771756500379426
0.663666,0.242092,16.888678,8.87036,50.05,70.0,16.895901037610326,8.851783827727035
0.842983,0.009989,-233.943777,3.795385,50.05,70.0,-233.94123650049124,3.8053985015271223
-0.117954,-0.451805,34.453888,42.949937,50.05,70.0,34.47190205611877,42.93256232046546
0.513053,0.881516,87.752012,11.927918,50.05,70.0,87.75302497476693,11.937644602963472
-0.355607,-0.68777,168.966987,-144.291363,50.05,70.0,168.98489648324724,-144.3107238675988
0.641431,0.524758,38.806631,5.740308,50.05,70.0,38.798344407291864,5.755001761899745
-0.392455,0.000798,676.779786,4.292194,50.05,70.0,676.7898997481805,4.27380126811842
-0.582637,-0.378301,-5.151851,-167.042151,50.05,70.0,-5.143099664502424,-167.02594947025534
-0.103341,-0.845483,328.665638,-212.558355,50.05,70.0,328.649564349891,-212.57760224251896
-0.036293,0.030898,134.427422,-104.228655,50.05,70.0,134.4344881729582,-104.2089224372469
-0.697899,0.41444,-10.249729,29.551432,50.05,70.0,-10.251771538276346,29.562519865645687
-0.507058,-0.12775,192.613083,-33.242806,50.05,70.0,192.60735666098844,-33.24613575593369
0.908105,0.520529,-228.198221,146.701314,50.05,70.0,-228.21819041073636,146.68472832703492
0.539103,0.700274,-466.187371,-251.336728,50.05,70.0,-466.1883022344678,-251.31688378236584
-0.495574,0.88775,-130.79697,42.333988,50.05,70.0,-130.81548664818672,42.351207854521995
0.409925,-0.391222,3.134419,-2.60071,50.05,70.0,3.1259512836288064,-2.6206971360527893
0.739926,-0.071685,-259.258685,-36.854207,50.05,70.0,-259.2763517148668,-36.861745151911904
-0.812595,0.715844,-476.08438,234.734265,50.05,70.0,-476.10356495259543,234.74661349816307
-0.811996,0.787395,-0.50565,0.449398,50.05,70.0,-0.49005079056141304,0.43304342910312815
-0.252417,-0.369211,146.31267,742.643204,50.05,70.0,146.30975053788754,742.6250058746722
0.677452,-0.063333,-137.300291,-8.894629,50.05,70.0,-137.30971847609229,-8.895897352095414
-0.438601,0.430113,-100.996271,41.094024,50.05,70.0,-101.01535274476502,41.080307537854964
0.915054,-0.686922,-28.436578,-7.322177,50.05,70.0,-28.418861890761313,-7.335949277259704
0.900825,0.165546,42.968673,236.254599,50.05,70.0,42.96935601217294,236.2615645282905
0.325214,-0.135641,-99.465163,-6.193474,50.05,70.0,-99.456489693633,-6.181908371556024
0.275376,0.252495,-96.365559,25.806825,50.05,70.0,-96.37009568959748,25.798913803204893
-0.318026,0.94498,98.774476,-63.277662,50.05,70.0,98.75865469985983,-63.2936760017569
0.277657,0.577129,-30.899544,1.278402,50.05,70.0,-30.897371799569058,1.2614534987806996
-0.184779,0.423024,113.537487,-115.567489,50.05,70.0,113.54176573521467,-115.57927126532546
-0.237333,-0.848676,63.156862,-9.354526,50.05,70.0,63.14998038079215,-9.355610434208623
0.296384,-0.67762,14.930622,248.838198,50.05,70.0,14.933022184577354,248.85289821643246
-0.759889,0.549209,-103.004597,-5.499188,50.05,70.0,-103.01863973403573,-5.479579588230495
0.550801,-0.694443,106.382725,-27.383891,50.05,70.0,106.40205190170309,-27.394957151006405
0.495836,-0.486027,56.09638,-14.009118,50.05,70.0,56.080341008066,-14.021858651470136
-0.664042,-0.552259,60.83698,-18.983471,50.05,70.0,60.82456693771285,-19.000525802223454
0.184571,0.086885,-124.675844,-114.653884,50.05,70.0,-124.69579327110934,-114.64938441505066
0.276088,0.211297,-71.168156,3.023663,50.05,70.0,-71.15703462559931,3.0103258132310167
-0.736214,0.455768,10.447702,-58.116922,50.05,70.0,10.427703615535435,-58.12475144914185
0.100338,0.374637,-43.706316,-80.288221,50.05,70.0,-43.6936973483261,-80.28442633262222
0.517359,-0.744776,65.520105,-15.288473,50.05,70.0,65.50281513514204,-15.275651359378378
0.554148,-0.430408,19.531134,-6.404102,50.05,70.0,19.519765611494435,-6.423397035970216
0.127082,-0.134186,-202.388812,111.468218,50.05,70.0,-202.4079676679433,111.48699703542246
0.72846,-0.768417,1.36892,-1.108817,50.05,70.0,1.3823924648791437,-1.0918869440373147
-0.780304,-0.567632,29.053214,-16.552839,50.05,70.0,29.035548649873043,-16.538243560207032
-0.192945,-0.831066,131.344628,-16.910042,50.05,70.0,131.3392395819621,-16.92987252309809
0.272263,-0.070086,-35.85427,-546.216488,50.05,70.0,-35.8370378926219,-546.2360870685415
0.059291,0.50066,197.694939,-525.544925,50.05,70.0,197.67541076057893,-525.5535125871253
0.595393,0.767255,159.828575,-87.183574,50.05,70.0,159.81474578922027,-87.17592483536517
-0.746159,-0.689198,-35.916609,85.880854,50.05,70.0,-35.899845553085555,85.86342125673212
0.649492,0.015223,-33.51911,0.334,50.05,70.0,-33.49920833300379,0.32477050240206407
-0.153383,0.096484,270.561417,-43.370339,50.05,70.0,270.5630512140511,-43.377224146228514
-0.400872,0.543071,-26.393679,-133.305824,50.05,70.0,-26.40346832280704,-133.28582862384812
-0.597506,-0.285526,15.803144,-0.906762,50.05,70.0,15.82282594207804,-0.9245395816000503
-0.830091,0.656376,29.336645,4.935087,50.05,70.0,29.32781434522665,4.923807911012931
-0.287498,0.02104,1318.356623,697.079771,50.05,70.0,1318.3370145250988,697.0947843068686
-0.380665,0.168553,-303.173456,-451.473993,50.05,70.0,-303.19327229062566,-451.4749691049367
0.875873,0.805656,9.84055,2.464053,50.05,70.0,9.83567742451843,2.473782731711282
0.65233,-0.289709,-46.05189,-36.879592,50.05,70.0,-46.06822789451453,-36.89165764139622
0.85823,0.270738,592.308862,170.850807,50.05,70.0,592.3037364951233,170.83962609271967
0.300589,0.002947,-294.079398,1.487451,50.05,70.0,-294.0611096240939,1.5072779903933493
-0.472145,0.662378,-32.455946,21.470691,50.05,70.0,-32.44567520861077,21.480063052946786
0.584212,0.848005,-0.691355,0.314307,50.05,70.0,-0.6713550054563808,0.29529220261628153
0.4243,-0.793425,-16.096378,-3.994607,50.05,70.0,-16.11441021530274,-3.9873508794089347
0.903173,-0.367436,8.898502,-45.726736,50.05,70.0,8.885578166664798,-45.709283188410495
0.503244,0.028862,713.735325,-1082.995636,50.05,70.0,713.7533923242663,-1082.9759332700219
-0.914457,0.729265,-1.711541,0.350056,50.05,70.0,-1.6918622800118648,0.33711477994926947
0.759729,0.758786,25.650364,-50.878688,50.05,70.0,25.64885413904185,-50.89570202088469
0.922363,0.154189,-66.171248,9.176473,50.05,70.0,-66.1523224369921,9.165482677797959
-0.547113,0.670444,-1.679919,0.224615,50.05,70.0,-1.6618902818383057,0.21423615002039578
0.148557,0.803798,31.634531,258.880165,50.05,70.0,31.635823133827756,258.8893610717596
-0.565773,-0.954415,-38.46107,-9.328082,50.05,70.0,-38.47036725883619,-9.343780786564636
-0.852733,0.113117,-27.513264,712.033074,50.05,70.0,-27.526762949026477,712.0488276666129
-0.835621,-0.282009,154.625597,-112.591666,50.05,70.0,154.63710748406345,-112.57253690325106
0.269093,0.640604,-112.811414,-73.01122,50.05,70.0,-112.82321873641091,-73.00840559867282
0.62594,0.175732,-557.446395,160.499342,50.05,70.0,-557.4660711107715,160.48329162381597
-0.468467,0.482681,57.277528,-4.774235,50.05,70.0,57.29657936305692,-4.791760616184164
0.415848,-0.846504,24.762869,-80.141524,50.05,70.0,24.782630597508483,-80.14702352147607
0.80876,0.82848,-0.108174,-0.092221,50.05,70.0,-0.11707275947475895,-0.07507577882984634
0.260958,-0.073029,-1.586116,191.966146,50.05,70.0,-1.60606100691068,191.96461553032785
0.609034,0.035452,-122.054997,4.20277,50.05,70.0,-122.03841720825193,4.216617653915712
-0.162049,0.435308,76.461146,-97.292721,50.05,70.0,76.45185269901091,-97.28139149082054
0.2167,0.08456,-400.782022,218.872782,50.05,70.0,-400.76429254700474,218.8909944944207
-0.806311,0.326326,2.941273,0.3149,50.05,70.0,2.9612728628282046,0.30412086559509144
0.567237,-0.452315,55.311335,-17.98146,50.05,70.0,55.292702296241984,-17.961553091662005
-0.063317,-0.172865,144.959032,260.537556,50.05,70.0,144.97660637359752,260.5253244429811
0.664172,0.738164,11.954982,0.978909,50.05,70.0,11.93531289169687,0.9589806127395882
0.319657,0.479604,-12.230592,2.679109,50.05,70.0,-12.215844521348926,2.676951272975245
0.705758,-0.321887,-0.734307,-1.408156,50.05,70.0,-0.7480505200130713,-1.4254127242978534
0.036955,-0.89446,-10.479959,86.3219,50.05,70.0,-10.498680528160861,86.31121675920332
0.815084,-0.888486,-1.500432,-0.507184,50.05,70.0,-1.5118183041306783,-0.5002918313833976
-0.791523,0.875019,-0.972382,0.629332,50.05,70.0,-0.9724833464944735,0.6323112902679643
0.43857,-0.948422,9.407054,-14.793133,50.05,70.0,9.426863207668777,-14.813054516687695
-0.136612,-0.031146,-334.122137,199.588451,50.05,70.0,-334.1398156747158,199.60353177760226
0.535538,0.79139,27.938228,10.031356,50.05,70.0,27.936058229831126,10.033546259897706
0.883713,0.558888,43.343279,18.186699,50.05,70.0,43.34671569763643,18.166727613639132
-0.770116,0.663732,-1.165819,0.877596,50.05,70.0,-1.1847757855730086,0.8955692086432246
-0.653701,-0.753564,-136.068002,-18.578291,50.05,70.0,-136.0484602206951,-18.581973872127897
0.853687,-0.088141,199.159117,-206.523506,50.05,70.0,199.1426594914256,-206.54342633271327
0.612187,-0.973266,-16.344799,-3.729371,50.05,70.0,-16.340772686282747,-3.7093891329389455
0.312329,-0.690434,-81.262766,32.751623,50.05,70.0,-81.2550643537177,32.74164344750913
-0.116464,0.592733,40.102615,-82.967694,50.05,70.0,40.09966105212048,-82.95063154942423
0.065867,-0.975353,323.906902,-142.453199,50.05,70.0,323.8915442431879,-142.45232933280573
-0.760449,-0.872707,2.589223,-1.749988,50.05,70.0,2.5767275839325867,-1.731412811643306
0.416864,0.237537,203.620761,-75.497881,50.05,70.0,203.61120257682776,-75.47839762154408
0.278817,0.085404,-352.724051,125.462463,50.05,70.0,-352.740947261496,125.45496998629132
-0.621768,-0.060292,-273.218448,-253.375266,50.05,70.0,-273.2039004774978,-253.392812237536
0.675604,0.881383,13.043601,2.40274,50.05,70.0,13.03310175746989,2.388180611032993
-0.591162,0.332273,45.68598,20.781834,50.05,70.0,45.68129178410123,20.76950174903113
0.514778,-0.133525,251.300449,-275.532048,50.05,70.0,251.28050061839022,-275.5122294795908
-0.157219,-0.377021,296.547123,-23.942838,50.05,70.0,296.54057275953056,-23.92293031462314
-0.594991,-0.011486,1680.072071,-393.408409,50.05,70.0,1680.0641898186961,-393.3890730021757
0.954111,-0.263051,-637.55817,554.341985,50.05,70.0,-637.5434762689057,554.3299593862163
0.896285,-0.139285,-11.36593,0.477075,50.05,70.0,-11.352206501142694,0.49629067056902726
-0.963224,-0.9015,0.919848,-0.884152,50.05,70.0,0.9390035358753267,-0.8864101539927094
0.497661,0.190225,513.827586,466.164157,50.05,70.0,513.8228132229937,466.17964714422254
-0.88656,-0.420173,39.028134,-28.060195,50.05,70.0,39.010583326068854,-28.041490664137807
0.158959,-0.38382,-236.945773,156.140246,50.05,70.0,-236.9257753887029,156.1214478332991
-0.859262,0.3831,-27.850302,50.973405,50.05,70.0,-27.85805387867983,50.98384788274156
0.765753,0.006678,1129.012306,124.842632,50.05,70.0,1129.0287330502422,124.82406218485785
0.244653,-0.11543,-877.56636,-339.648616,50.05,70.0,-877.5859111849986,-339.659870180675
-0.031851,0.687777,51.335599,-357.425533,50.05,70.0,51.32710636885123,-357.41361808663214
-0.532284,-0.098765,333.463808,700.005623,50.05,70.0,333.46960172280353,699.9926754695243
0.064279,0.333941,-56.62695,-186.902747,50.05,70.0,-56.60707105252587,-186.88425956748046
0.55453,-0.016887,-294.260268,-1700.299153,50.05,70.0,-294.26705158677345,-1700.2889593071993
0.187558,0.292825,-58.360477,-21.594444,50.05,70.0,-58.378797611747835,-21.61312124602687
-0.496032,-0.803771,-344.680443,169.919045,50.05,70.0,-344.6608641768116,169.91431728468683
-0.982129,-0.633715,10.458298,-3.451897,50.05,70.0,10.47829428501499,-3.4606900406179015
-0.850225,0.270403,87.513453,24.41706,50.05,70.0,87.52191408614529,24.404407931052514
0.667857,0.678367,-31.745511,1.261884,50.05,70.0,-31.744986366329076,1.260343008929986
-0.689792,0.658631,0.644677,1.065692,50.05,70.0,0.6283538991065811,1.0457588625910137
-0.389761,-0.705905,-18.95206,-3.56741,50.05,70.0,-18.93509676028878,-3.5499797732245693
-0.150525,0.123468,83.654319,-21.82761,50.05,70.0,83.6397276016784,-21.845706974460214
-0.871664,-0.060959,213.576737,-19.213893,50.05,70.0,213.55736315839042,-19.19455402348709
-0.54395,-0.167112,285.676506,66.696263,50.05,70.0,285.6856081639224,66.68617531102595
-0.645638,0.766453,0.946513,1.46507,50.05,70.0,0.9637829603435374,1.4654734930159037
-0.220553,-0.826759,182.652728,18.154139,50.05,70.0,182.65931267473198,18.142340367922515
0.65685,-0.322805,137.272324,-19.08947,50.05,70.0,137.25368633343433,-19.087943988388815
0.608051,-0.490005,331.326268,-45.884743,50.05,70.0,331.3280147972658,-45.89534612389897
0.482908,0.24144,-86.3883,55.302449,50.05,70.0,-86.38725864142553,55.30189927187178
-0.123357,0.735091,313.152288,-305.269529,50.05,70.0,313.16128119992845,-305.26319026818294
0.682165,-0.851257,15.584863,134.422653,50.05,70.0,15.581133698745237,134.4063233181594
0.928922,0.393797,97.223275,230.201559,50.05,70.0,97.24180410667704,230.18806866360958
0.539975,-0.644505,9.008437,0.314892,50.05,70.0,9.028436865775138,0.3246713982735503
-0.199613,-0.899806,61.29977,92.757841,50.05,70.0,61.28138235057436,92.7616881956744
0.962557,-0.297409,-95.38099,-29.787944,50.05,70.0,-95.36180201067256,-29.77163318525505
-0.549471,-0.95786,-15.345221,-4.90427,50.05,70.0,-15.333740855536067,-4.89945933849444
-0.760212,-0.875185,-20.276234,-5.344425,50.05,70.0,-20.296230545168545,-5.331228418888608
0.762141,-0.698414,-12.291361,-4.384429,50.05,70.0,-12.29273997656306,-4.380538988910532
-0.241399,0.80386,96.000139,-105.857141,50.05,70.0,95.9801917673656,-105.87290422046523
0.475588,-0.7994,28.275732,-1.938727,50.05,70.0,28.2810445942076,-1.95872651131872
0.480227,-0.817629,0.269431,-3.908862,50.05,70.0,0.25662706921559136,-3.904426365400418
0.107455,-0.010595,-501.586608,6.903579,50.05,70.0,-501.58581572357065,6.9153407776817675
-0.068363,-0.977899,-64.885318,47.320885,50.05,70.0,-64.90198317621673,47.30757371408954
0.447108,0.54308,30.363386,6.117566,50.05,70.0,30.34865309133448,6.128025092787755
-0.44904,0.986315,-663.002971,129.234661,50.05,70.0,-663.019743800965,129.21855488671153
-0.997129,-0.750621,0.691409,-0.587047,50.05,70.0,0.6873110760490628,-0.6060601227455114
0.306996,-0.323195,89.835644,85.787529,50.05,70.0,89.85552257732057,85.76757732399011
0.055705,0.232232,-124.914161,-301.679598,50.05,70.0,-124.9225622878795,-301.696035142515
-0.871308,-0.070108,196.037288,-18.518924,50.05,70.0,196.05722020123986,-18.498924908598607
-0.31326,-0.961131,76.07119,60.041442,50.05,70.0,76.05153168561286,60.0219382899126
0.270846,0.103675,-312.138644,118.274241,50.05,70.0,-312.124985108802,118.25866855100192
0.467806,0.415614,465.03723,-28.545076,50.05,70.0,465.056760585651,-28.52671439487189
-0.768329,0.69697,-27.995917,-51.224112,50.05,70.0,-27.97598218428957,-51.22766724302407
-0.020893,0.845251,-1616.83831,-167.588605,50.05,70.0,-1616.8534956976202,-167.60144561367574
0.133235,-0.715072,-44.980389,94.977292,50.05,70.0,-44.990082110529535,94.98278201112088
-0.209912,0.012869,702.518237,833.082179,50.05,70.0,702.5115490913564,833.1013404524527
0.289157,-0.132227,83.912805,72.923528,50.05,70.0,83.91663896475339,72.92674211678623
-0.340479,-0.42802,-928.465628,-948.855809,50.05,70.0,-928.4747594355538,-948.8441071466493
0.267528,0.344363,-358.071957,-189.794489,50.05,70.0,-358.07615482275276,-189.77568805529702
-0.291483,-0.948998,133.575975,73.070091,50.05,70.0,133.5919559234202,73.06434443849109
0.186177,-0.927731,-68.876462,125.412763,50.05,70.0,-68.89547122066867,125.42014265741635
-0.378092,-0.592932,-14.991026,-23.707334,50.05,70.0,-14.976081842347114,-23.689265407746834
0.587859,0.152504,-7.593457,246.102199,50.05,70.0,-7.61021391721492,246.12148413128702
-0.87353,0.587701,-401.267973,-39.449568,50.05,70.0,-401.2804318277916,-39.45795911184305
-0.507961,0.69692,-129.121095,7.858243,50.05,70.0,-129.10109953963834,7.858406691918338
-0.863105,-0.199207,112.479312,-304.54372,50.05,70.0,112.46299917151254,-304.56369350908625
-0.066697,-0.973068,-292.464892,-61.539573,50.05,70.0,-292.4613465364174,-61.54130921676877
-0.357864,-0.62309,-56.045663,-49.610354,50.05,70.0,-56.04833597062062,-49.62655488406894
-0.276083,-0.122139,124.625049,0.064455,50.05,70.0,124.63138350510582,0.07370648782885696
-0.785304,-0.599938,-114.395891,3.116817,50.05,70.0,-114.39341976649487,3.1363793175049968
0.841965,0.909732,0.396788,0.057549,50.05,70.0,0.4024638131992015,0.049519190365414426
-0.134308,0.677044,131.090041,-229.569795,50.05,70.0,131.10843767452158,-229.57809852855996
-0.927294,0.975064,-0.897,0.827937,50.05,70.0,-0.9138087748936771,0.8234283102548309
-0.105611,0.989853,49.981957,-180.302714,50.05,70.0,49.97949284573879,-180.29966258336896
0.46285,-0.87436,375.15632,-143.119683,50.05,70.0,375.168968968354,-143.13905735421693
0.625787,-0.397421,-16.876439,-2.349568,50.05,70.0,-16.86183614810529,-2.367656155722924
0.537548,0.564849,-175.720081,167.030105,50.05,70.0,-175.7298989714813,167.04013373039717
-0.574526,-0.05882,-7.165607,-0.006463,50.05,70.0,-7.1662531875217494,-0.01237876364942513
-0.592521,-0.500439,-13.750574,-34.830836,50.05,70.0,-13.73098957928319,-34.8121333847999
-0.880654,0.85466,-1.295982,0.729891,50.05,70.0,-1.3057082101499224,0.7495052404573748
0.278707,0.222415,-332.750773,-1021.21119,50.05,70.0,-332.73429920170804,-1021.2056522216218
0.123142,-0.351187,-350.039353,213.276793,50.05,70.0,-350.0590052905985,213.25786993098674
-0.401799,0.96819,66.117447,-4.603037,50.05,70.0,66.13453127203967,-4.618073030536396
0.364124,-0.168171,75.108641,-22.18563,50.05,70.0,75.12516588137001,-22.1831785226016
-0.442426,0.15003,153.96841,218.476064,50.05,70.0,153.95281929547136,218.45629414109794
-0.454169,0.788453,-386.625317,-96.96804,50.05,70.0,-386.6425135461079,-96.97804163689784
-0.468198,0.997525,1.99173,4.264789,50.05,70.0,2.0041058332688184,4.24757213674828
-0.591079,-0.270657,102.818753,-65.803836,50.05,70.0,102.8037531779553,-65.79525634869606
-0.937737,-0.538671,1.245462,1.495859,50.05,70.0,1.2640744470718004,1.5158277876222939
0.560531,0.836995,0.560647,1.78754,50.05,70.0,0.5700079134287712,1.7686739780967171
-0.628558,-0.171135,-18.11516,258.131561,50.05,70.0,-18.104932645005306,258.1143087722455
-0.263011,-0.420238,130.419703,34.019844,50.05,70.0,130.42846019505026,34.024170316818484
-0.944246,0.049564,-984.61889,-1614.075579,50.05,70.0,-984.6261899863905,-1614.0951023381542
-0.985479,-0.939496,-0.824835,-0.909422,50.05,70.0,-0.8051075501243607,-0.9205195211998283
-0.104033,-0.480226,169.558136,280.288557,50.05,70.0,169.5639022014546,280.30665768175936
0.835552,-0.88592,0.524588,-0.162835,50.05,70.0,0.5100448098082994,-0.1802047572290158
0.346783,0.377165,130.285024,-61.435749,50.05,70.0,130.2978675427448,-61.44454463450983
-0.985127,0.969429,0.865868,0.879381,50.05,70.0,0.8468550735506174,0.8719059955761084
-0.810909,-0.950758,-0.897929,-0.698198,50.05,70.0,-0.8910823674223317,-0.7026161328321445
0.602454,-0.556139,0.702904,-0.481813,50.05,70.0,0.6895289790914734,-0.5004382955752239
0.970379,-0.843504,-17.659671,-102.900875,50.05,70.0,-17.64653118515831,-102.88197865943827
-0.766162,-0.885572,-111.236021,-80.959978,50.05,70.0,-111.24499950676169,-80.97983843765245
0.194912,-0.115249,-247.998768,-241.286659,50.05,70.0,-248.00000153701916,-241.29853121369754
-0.997802,-0.057894,263.683462,81.2509,50.05,70.0,263.66675193849903,81.26082357241496
0.982971,0.797878,-13.7572,3.055785,50.05,70.0,-13.748880071434371,3.074712070253192
-0.060794,0.241705,46.614804,-127.467459,50.05,70.0,46.60690499535352,-127.45090908577863
0.340898,-0.532098,-68.837294,-6.012978,50.05,70.0,-68.81777500316166,-6.009356597929713
-0.974791,0.687794,-5.660518,3.534986,50.05,70.0,-5.67896891101513,3.514993983550671
-0.245651,-0.658812,-13.873398,82.000113,50.05,70.0,-13.853403163446194,82.01948155476082
-0.646401,-0.063627,-133.011947,-17.839956,50.05,70.0,-133.03083118756285,-17.82845134324686
0.621833,-0.855646,-93.455365,-71.189716,50.05,70.0,-93.43911287472227,-71.20335339794364
-0.850417,-0.965785,0.893309,-0.618617,50.05,70.0,0.8923392273439222,-0.6234845003035464
0.055536,-0.61115,-64.148727,-97.978016,50.05,70.0,-64.14478549117189,-97.95891628350748
0.397957,0.471495,-52.017653,-72.669596,50.05,70.0,-52.00004440434343,-72.68534759032173
0.424611,0.439379,66.051578,50.850225,50.05,70.0,66.05590120347613,50.83173185177577
0.646779,0.418247,40.48365,-32.264452,50.05,70.0,40.5014835240769,-32.26019528767283
-0.51475,0.597003,2.14073,1.43268,50.05,70.0,2.156147513058225,1.426924087373671
-0.174967,-0.675798,57.381801,81.754406,50.05,70.0,57.38893970627424,81.7440081892662
-0.144197,0.487286,-111.736926,197.702985,50.05,70.0,-111.71922351558726,197.72035267798245
-0.191096,0.245224,442.486482,-272.855544,50.05,70.0,442.4717705911547,-272.8409263450452
-0.527752,0.072439,103.016758,7.00388,50.05,70.0,103.00784534748585,7.023691495005411
-0.523479,-0.105472,-52.709579,-7.363402,50.05,70.0,-52.694137472656564,-7.344586504073257
-0.660107,-0.422428,0.246594,-85.699001,50.05,70.0,0.22768871086562234,-85.69237225869279
0.246946,0.4182,-31.222293,5.162467,50.05,70.0,-31.209723458004483,5.173803200727165
0.686491,-0.149655,-253.438482,-97.433136,50.05,70.0,-253.43414046725678,-97.44165887355818
0.745849,-0.508263,-62.464341,13.6603,50.05,70.0,-62.47887544683919,13.655027773720134
-0.368447,-0.487271,-41.450068,-41.196932,50.05,70.0,-41.43050880533214,-41.177021756050756
0.435373,-0.68778,-1.115492,-41.519445,50.05,70.0,-1.1204809535923215,-41.50422217344233
0.481068,-0.684521,88.902808,-19.438128,50.05,70.0,88.89885946593728,-19.43855437735484
-0.745507,0.259595,158.077199,110.184223,50.05,70.0,158.05900633273205,110.18966245802137
-0.983331,-0.852029,-1.892145,-2.05996,50.05,70.0,-1.876793847417456,-2.079947079495107
-0.047527,-0.783532,15.476672,100.287058,50.05,70.0,15.45789321373857,100.27900628292022
-0.819648,0.17346,150.145825,30.413944,50.05,70.0,150.16494630712478,30.394068236501386
-0.655467,-0.427024,-345.157748,20.589067,50.05,70.0,-345.14445205210757,20.57919154190336
-0.987,-0.510295,20.73712,-9.672333,50.05,70.0,20.756021181026508,-9.69233129897391
-0.520797,0.963568,52.910916,-47.60639,50.05,70.0,52.92423984995667,-47.590599934678295
0.688223,0.964438,-25.508292,6.943341,50.05,70.0,-25.511462287276412,6.937297804353536
-0.682258,-0.709697,-73.906789,61.572597,50.05,70.0,-73.90705089355092,61.58032653048311
0.122308,-0.364098,-82.69115,139.992385,50.05,70.0,-82.67963965098433,139.9989852355754
0.608513,-0.715462,33.544792,-10.17488,50.05,70.0,33.53335240218874,-10.181761378147714
-0.772182,-0.054809,396.083642,-77.510126,50.05,70.0,396.1017704337945,-77.50315622892487
0.827393,-0.012143,114.149112,-7.106707,50.05,70.0,114.16567743002874,-7.096313109273083
-0.079239,0.235509,64.724365,-131.207329,50.05,70.0,64.71380541106289,-131.22731472714432
0.203635,0.498834,-62.244121,-46.789069,50.05,70.0,-62.264014370091246,-46.80865859616385
-0.100441,-0.117773,100.310362,86.232988,50.05,70.0,100.29648608388207,86.2420061490714
0.597239,-0.206215,-121.811921,-26.4992,50.05,70.0,-121.82235954075405,-26.480852563085893
0.136569,-0.685312,-36.50039,55.78837,50.05,70.0,-36.48812930353253,55.807537300138144
-0.030816,0.074995,-9.280175,105.039538,50.05,70.0,-9.29065800230075,105.02454171199776
0.448611,-0.20287,-1091.224176,-552.456293,50.05,70.0,-1091.2095323267997,-552.4698559207523
0.370363,0.683921,59.545737,47.228305,50.05,70.0,59.53576338716453,47.213303450264384
0.66206,-0.756612,-46.932403,-12.772473,50.05,70.0,-46.94955424854255,-12.783985402509455
-0.380153,0.773959,14.932766,2.718464,50.05,70.0,14.949870132584767,2.7333087440659907
-0.064552,-0.918378,21.870005,121.98022,50.05,70.0,21.878381031936886,121.96377812829421
0.818385,0.598515,48.300216,14.274983,50.05,70.0,48.31565262231303,14.25657390803157
-0.758035,-0.291949,58.721212,-68.412215,50.05,70.0,58.71393264606848,-68.41486425293901
-0.788625,-0.42698,43.366313,-20.229505,50.05,70.0,43.35474835888489,-20.24946697781816
-0.245342,0.536661,109.965168,5.634603,50.05,70.0,109.96719091245659,5.614625204132541
-0.338045,0.48467,-144.151459,-58.41731,50.05,70.0,-144.15308852736115,-58.422029445926135
-0.157291,0.412772,-543.135754,-798.430607,50.05,70.0,-543.1502566626848,-798.4260848656293
-0.546247,-0.773668,-22.73129,-7.085205,50.05,70.0,-22.716022708177707,-7.06825049680669
0.966911,0.873493,0.632631,1.361237,50.05,70.0,0.6426206217880276,1.341241649167693
0.799385,-0.742379,-0.893009,-0.70171,50.05,70.0,-0.8858334597334544,-0.7066065927846988
0.827877,0.136673,-192.024981,37.108239,50.05,70.0,-192.02870372975346,37.115440519473324
-0.934224,0.496979,19.495339,7.496408,50.05,70.0,19.49103157778537,7.476484204165449
0.720994,-0.253573,-119.947593,-35.257427,50.05,70.0,-119.95460003066255,-35.2764965263426
0.204363,0.73663,-108.999353,-684.491495,50.05,70.0,-108.98029247402579,-684.4928850863001
0.540442,-0.788458,39.590084,-11.624197,50.05,70.0,39.57008402313162,-11.64418795091956
0.379823,-0.322229,-45.933999,-12.019345,50.05,70.0,-45.926091711241156,-12.038241533257084
0.295781,-0.806632,-107.186308,10.273055,50.05,70.0,-107.16848573522009,10.2673360980284
0.930092,0.051539,-330.542782,43.712569,50.05,70.0,-330.56229049544015,43.73201380527967
0.211663,-0.577378,-25.524881,143.917301,50.05,70.0,-25.528102649002093,143.90969903475855
0.013543,-0.381046,-12.665436,217.926612,50.05,70.0,-12.655854672242398,217.94420826723137
-0.242448,-0.829435,122.68277,121.557373,50.05,70.0,122.66289377899707,121.54348603594408
-0.316442,-0.437836,50.743964,-3.099063,50.05,70.0,50.7397430149251,-3.1137078840346932
-0.703304,-0.435087,41.351012,-51.989312,50.05,70.0,41.33658665336508,-51.97269379996399
-0.514812,-0.447692,-85.583809,-19.961302,50.05,70.0,-85.57055445303467,-19.945532173054325
-0.36508,0.103374,67.609888,333.093101,50.05,70.0,67.6180687419533,333.099548355595
-0.598406,0.585367,-79.489377,7.266631,50.05,70.0,-79.508958872955,7.2659228616253095
0.260876,0.541673,-112.528308,-65.266387,50.05,70.0,-112.52063582265352,-65.28551456202064
-0.105618,0.871002,102.533088,65.160706,50.05,70.0,102.51715048608209,65.14404101308001
0.93,0.503217,-12.076166,1.695922,50.05,70.0,-12.059954093916408,1.6805043334015715
-0.435116,0.999311,297.040036,-151.147486,50.05,70.0,297.02037505947567,-151.16180035348236
-0.576656,0.145308,251.1312,100.161897,50.05,70.0,251.11194901746092,100.17301981426819
0.185884,0.145961,-260.852066,-9.935578,50.05,70.0,-260.8409788222522,-9.953135604614664
-0.838839,-0.362988,-44.116953,-84.47805,50.05,70.0,-44.1367164251832,-84.46241437824735
-0.73768,-0.185086,161.039693,-279.909237,50.05,70.0,161.05968188402403,-279.897615472414
-0.733364,0.354025,77.155274,33.118117,50.05,70.0,77.17111091854035,33.102069429905455
0.096006,-0.425734,-80.402138,-17.466511,50.05,70.0,-80.39032217314676,-17.446638937085996
0.693545,0.418117,41.319338,-90.525728,50.05,70.0,41.31459758849888,-90.51107277102444
-0.702095,-0.110179,171.064641,-22.760813,50.05,70.0,171.05165399910726,-22.747023078036932
0.227164,-0.049269,-650.231548,-438.549282,50.05,70.0,-650.2298448212218,-438.56777518560057
-0.062778,0.898054,-137.470257,183.681722,50.05,70.0,-137.45277524039508,183.6658916239353
-0.408614,0.418694,-58.332918,339.823316,50.05,70.0,-58.323593026137324,339.8057982744524
0.995559,0.36311,66.577805,-53.523767,50.05,70.0,66.58882328696271,-53.50391033994078
0.781896,-0.670803,264.275758,-88.271946,50.05,70.0,264.2557695846197,-88.27859837659693
-0.1789,-0.774167,-316.958557,-383.949229,50.05,70.0,-316.9539383952104,-383.9464241023737
0.575337,-0.310634,-67.806195,-21.615682,50.05,70.0,-67.82526268823219,-21.596359514743124
-0.827969,0.33047,-107.274168,7.778316,50.05,70.0,-107.25558233093025,7.764989153916273
0.206114,0.155827,181.200049,324.242898,50.05,70.0,181.20309076476195,324.24974159227753
0.981468,-0.472012,-43.633801,-31.674798,50.05,70.0,-43.65304166887097,-31.67821484502783
0.887321,-0.801073,-0.829729,-0.498731,50.05,70.0,-0.8417998663864952,-0.5094180914821822
0.373841,-0.846996,-42.584568,-1.46187,50.05,70.0,-42.6016743640074,-1.4466437382463766
0.538964,0.372336,75.0023,32.545007,50.05,70.0,74.99039168563641,32.53705642442511
-0.147582,-0.404127,21.260593,4.384046,50.05,70.0,21.262010182864774,4.40148930592696
-0.154515,-0.940455,15.65401,-17.431752,50.05,70.0,15.668438173102441,-17.451028663891826
-0.232129,0.601311,-61.609787,159.397593,50.05,70.0,-61.62635862696581,159.41729495488215
0.235102,-0.641479,-101.625827,-8.063567,50.05,70.0,-101.63581436586027,-8.049760741895396
0.655492,0.86145,-73.353658,66.109359,50.05,70.0,-73.36622711576885,66.09539692216595
0.386544,0.650519,-45.938223,7.69225,50.05,70.0,-45.92441360635424,7.67349603661343
-0.72768,-0.119754,327.034416,-141.928485,50.05,70.0,327.0414149434785,-141.92794714098406
-0.701708,0.388118,-5.761853,-26.633202,50.05,70.0,-5.78062892169462,-26.650408074925227
-0.895038,-0.905408,0.84009,-0.679047,50.05,70.0,0.8451086285003719,-0.6888443712523489
0.81096,-0.202585,-127.983933,-28.435885,50.05,70.0,-127.96947824333651,-28.424500548326264
-0.844533,-0.060106,117.432757,-7.093932,50.05,70.0,117.44857331685728,-7.112953859745836
-0.199107,-0.396753,-452.559542,603.455832,50.05,70.0,-452.54002660227025,603.4690166395047
-0.229061,0.172154,219.264042,31.30298,50.05,70.0,219.25333819957945,31.28307137385404
-0.609841,0.400433,-112.351628,-23.367477,50.05,70.0,-112.34036063684333,-23.38412972971805
0.075285,-0.687364,-61.872094,238.260259,50.05,70.0,-61.88400064805608,238.2619849779898
-0.519841,-0.966736,-18.245237,-12.360578,50.05,70.0,-18.228101706035773,-12.380434177395642
0.07171,-0.762026,-21.618554,260.086153,50.05,70.0,-21.622303552086343,260.09191374421465
0.626017,-0.527532,-171.747529,-118.568073,50.05,70.0,-171.76344886267415,-118.57744924740356
-0.235425,-0.782695,55.05784,-59.244408,50.05,70.0,55.04202136065685,-59.236622528865134
-0.761094,0.291528,104.546896,99.317058,50.05,70.0,104.55113658064616,99.3237408788795
-0.281576,-0.443149,67.927518,-11.268019,50.05,70.0,67.93165927615352,-11.249201440312827
-0.001833,-0.810138,0.934264,185.194596,50.05,70.0,0.9485671974558162,185.193774851271
0.005577,-0.272333,-132.836688,-1316.370948,50.05,70.0,-132.83235989947102,-1316.3761554160956
0.897806,-0.578426,-34.451358,-7.118544,50.05,70.0,-34.434158702837806,-7.135791987140774
0.40055,0.035947,-197.294594,6.686133,50.05,70.0,-197.276532689488,6.706131341910132
0.159322,-0.274525,-215.712386,-968.971995,50.05,70.0,-215.7223947350003,-968.9828741546662
0.064314,0.920027,-15.0829,-58.218731,50.05,70.0,-15.100486679525435,-58.19873364912544
0.893333,0.243271,-91.437112,22.570435,50.05,70.0,-91.44196624114126,22.57210961511159
0.661338,-0.899834,-17.82627,6.860875,50.05,70.0,-17.82126101648844,6.868737736348789
0.481596,0.179359,-191.5415,68.544689,50.05,70.0,-191.5472160884187,68.52693305246176
0.481059,-0.843068,37.490667,-18.194531,50.05,70.0,37.48800429044269,-18.184444983322148
0.561981,-0.793022,-8.842986,-23.635422,50.05,70.0,-8.824320607899626,-23.615960744190826
-0.317704,0.349276,-44.007243,77.610426,50.05,70.0,-44.027200194899386,77.63027062773412
0.277277,0.186633,-177.23412,47.944557,50.05,70.0,-177.21771619688133,47.96397674198118
0.738918,0.986871,18.773471,14.613184,50.05,70.0,18.75899506529032,14.631754141123618
0.335847,0.587891,26.665689,-92.001042,50.05,70.0,26.646253307740565,-91.99727969509468
0.676135,-0.206276,-51.603691,-9.818378,50.05,70.0,-51.58524807486882,-9.8000185444971
-0.882612,-0.062235,-220.82603,62.918291,50.05,70.0,-220.81765279779637,62.915506718107515
0.021706,0.820216,196.755952,-282.326429,50.05,70.0,196.77337012680653,-282.3443388533414
-0.632114,0.05605,522.451217,173.193751,50.05,70.0,522.4332957630271,173.19418683629914
0.032261,0.205032,108.237324,229.900649,50.05,70.0,108.23103900597047,229.91410686065194
-0.033094,-0.204293,221.117752,-40.554318,50.05,70.0,221.0979445220022,-40.534948958920936
0.445308,0.296323,26.380475,15.917341,50.05,70.0,26.363157581659983,15.937321186128552
0.304216,0.963101,144.805266,-64.124819,50.05,70.0,144.80165305803715,-64.12260799547826
0.830423,0.920538,-0.186951,5.345456,50.05,70.0,-0.16695663677190553,5.3573363107064855
-0.515427,-0.78055,314.976451,205.027635,50.05,70.0,314.9930494631526,205.0159093743372
-0.708329,-0.890518,84.368911,35.832971,50.05,70.0,84.36703229899923,35.84585010475918
-0.93888,0.246967,85.337221,216.243989,50.05,70.0,85.34702069336448,216.26082166548974
0.767616,-0.67742,54.47261,15.250419,50.05,70.0,54.48768659541818,15.238875166828326
0.60556,-0.360361,-55.643849,-4.821548,50.05,70.0,-55.626754703454004,-4.825291689171621
-0.582181,-0.716614,-35.851674,-10.564197,50.05,70.0,-35.86273615785574,-10.583846135336014
-0.133336,-0.970478,94.389221,98.575775,50.05,70.0,94.39610096307406,98.59097859024816
-0.820445,0.780101,19.570453,1.994084,50.05,70.0,19.5600736598223,1.976188709512269
-0.850769,-0.88216,-14.063124,-8.270022,50.05,70.0,-14.053370833661102,-8.262785688006213
-0.461562,0.523115,-54.957658,29.113218,50.05,70.0,-54.940281462924965,29.11120009565596
-0.003871,0.947305,1.144308,-99.232837,50.05,70.0,1.14842738843311,-99.21590939999665
-0.64813,0.873573,37.495053,-38.377228,50.05,70.0,37.499981468406894,-38.366765695493775
0.148604,-0.41693,-80.886372,-24.930398,50.05,70.0,-80.86941713306967,-24.943842410614387
0.651792,0.667516,-15.72878,4.190647,50.05,70.0,-15.711553076792407,4.170755236316352
0.940902,-0.253053,-192.177536,-176.536729,50.05,70.0,-192.1796100774585,-176.51863117353318
0.930562,-0.049573,-315.678201,-37.668305,50.05,70.0,-315.67513248357784,-37.663176853395605
0.828951,0.183733,-180.540977,32.862851,50.05,70.0,-180.52469198897998,32.853209826561546
-0.002411,-0.522412,18.922097,800.95357,50.05,70.0,18.935915724592615,800.9722688071972
-0.1803,-0.297807,49.444471,16.201142,50.05,70.0,49.43196214254043,16.189728432981003
0.760893,0.328497,85.278506,17.827545,50.05,70.0,85.29694535062309,17.840531939563945
-0.94299,-0.827348,-1.014602,2.566991,50.05,70.0,-1.009294663160708,2.574048107511863
0.769359,0.623317,-8.4886,67.799318,50.05,70.0,-8.49442276833771,67.79994787935784
0.090624,-0.886071,-55.420315,211.319659,50.05,70.0,-55.40323981263472,211.33568392087966
-0.20308,0.839637,115.930733,-156.660013,50.05,70.0,115.94801635643978,-156.66060931986422
-0.221519,0.921848,63.915768,-82.523911,50.05,70.0,63.93332081182665,-82.51091706190532
-0.507927,-0.729501,-29.100455,-87.172942,50.05,70.0,-29.115032383909192,-87.1619517038951
-0.721687,0.603646,74.363537,-69.39331,50.05,70.0,74.34385811775061,-69.3844123250594
-0.515828,0.472227,-0.79227,1.806805,50.05,70.0,-0.7846523054495844,1.7931570279527747
0.722983,-0.817257,1.098,-0.143389,50.05,70.0,1.084858303359657,-0.12935741889136826
0.361287,0.152852,-161.911693,19.44858,50.05,70.0,-161.90877401832358,19.459845708762373
0.987654,-0.499683,-172.725981,-13.742668,50.05,70.0,-172.71816135818904,-13.761726382451855
-0.170959,0.698018,192.830748,-197.642665,50.05,70.0,192.81107990482846,-197.66167965908843
-0.413472,0.773353,-14.878778,1.918302,50.05,70.0,-14.882097211981007,1.9290350114493902
-0.259525,0.171124,-344.46552,-122.711992,50.05,70.0,-344.4492587597732,-122.69715304927115
0.07906,0.756066,65.755982,-3.091876,50.05,70.0,65.7510613795571,-3.1011732215796166
-0.803246,-0.162264,-35.464988,160.565607,50.05,70.0,-35.48476008580524,160.56909004758074
0.824331,0.52278,16.713542,9.126801,50.05,70.0,16.73347656896254,9.120595074409096
0.367373,0.443921,123.239104,-18.519936,50.05,70.0,123.25904427178016,-18.50186969106771
0.981726,-0.135906,-171.210403,-28.458809,50.05,70.0,-171.19446222893802,-28.458169446983785
-0.179612,-0.739574,11.17623,56.870739,50.05,70.0,11.196214352223448,56.886446213658665
-0.024368,0.447685,419.727002,-1121.376711,50.05,70.0,419.7118538731567,-1121.3567371241986
0.248639,0.877414,-176.173884,-63.371547,50.05,70.0,-176.18245925868305,-63.364739431359745
0.702423,-0.38203,736.137941,-282.876545,50.05,70.0,736.1255835994981,-282.87036937651186
-0.771834,-0.216447,135.736678,-34.098899,50.05,70.0,135.7216723179513,-34.07899767628402
0.175818,0.97974,-83.152243,-163.060252,50.05,70.0,-83.13227659162017,-163.05066679611778
0.498074,-0.864123,-5.199579,-2.477348,50.05,70.0,-5.196005677130255,-2.464377538531517
0.691207,-0.876095,8.289013,-9.055832,50.05,70.0,8.269758714775048,-9.072289313017526
-0.525764,-0.509168,102.271169,-3.81536,50.05,70.0,102.26666313374027,-3.830346455330105
0.41191,0.974563,162.281414,-182.316317,50.05,70.0,162.2714813362488,-182.3035149610403
-0.521698,-0.170627,195.923415,-184.628753,50.05,70.0,195.93272987956777,-184.6118061230046
0.279628,-0.293724,-628.99881,380.220273,50.05,70.0,-629.007289133141,380.20094419180236
-0.622964,-0.158439,91.610044,7.201987,50.05,70.0,91.59018397588387,7.218237711933736
-0.890499,-0.608435,-558.766196,258.202621,50.05,70.0,-558.7625863767454,258.19107063645566
0.035458,-0.06447,303.431023,-257.449591,50.05,70.0,303.44544006991487,-257.46904529991997
0.44845,-0.896142,-19.298481,-5.044502,50.05,70.0,-19.300273965078464,-5.05698165463695
0.534404,-0.264395,-58.880178,128.952626,50.05,70.0,-58.89361399806472,128.96491954760262
0.309462,-0.880488,-25.025422,278.075418,50.05,70.0,-25.005914321055386,278.0926070750854
-0.367025,-0.595729,49.568098,-5.377563,50.05,70.0,49.54843662188777,-5.3963822784098925
-0.421838,0.168074,-100.684113,-95.10639,50.05,70.0,-100.66584581845773,-95.09197261224809
0.821491,0.795593,-43.399162,-92.070624,50.05,70.0,-43.419041568895054,-92.090115782612
-0.475322,-0.734576,-10.917874,-3.572735,50.05,70.0,-10.901198824078616,-3.5803110391002773
-0.019877,-0.072524,-1443.239587,-399.217556,50.05,70.0,-1443.2211220805284,-399.2375396884578
-0.913474,-0.758583,-0.825206,-4.199137,50.05,70.0,-0.841986225880639,-4.210203637408885
0.500531,0.423607,349.139956,57.518216,50.05,70.0,349.12013892264986,57.528585403863836
-0.442804,-0.200647,165.737836,-93.561332,50.05,70.0,165.73210458796765,-93.54592339466707
-0.266206,-0.127821,197.807475,-9.49686,50.05,70.0,197.8145281620981,-9.513759147303595
-0.283147,-0.846204,111.282072,84.616013,50.05,70.0,111.2992686674978,84.59721500892137
-0.146989,-0.436306,106.704184,156.088057,50.05,70.0,106.7235843699517,156.10510925572817
-0.996781,-0.890001,0.960431,-1.388738,50.05,70.0,0.9481606904544211,-1.386945089733275
-0.251109,-0.389776,106.974845,43.269331,50.05,70.0,106.98305929962696,43.28321520989012
-0.966007,0.322624,20.579826,31.036146,50.05,70.0,20.560892914596742,31.021835591879825
0.33619,0.349851,-45.283308,-39.684006,50.05,70.0,-45.27372488112898,-39.6644962422643
-0.047328,0.566452,23.600629,-148.20571,50.05,70.0,23.608183096433148,-148.20186566560665
0.352113,-0.035638,-216.597493,-7.290144,50.05,70.0,-216.57852347390764,-7.30316240216695
-0.970298,0.195744,92.732882,17.74042,50.05,70.0,92.74633087706961,17.745937378607127
-0.134803,0.373141,10.784503,48.329102,50.05,70.0,10.789589009412513,48.31170048045092
-0.625118,-0.36147,48.298898,19.434225,50.05,70.0,48.30322837591007,19.41586782135741
0.766016,0.426683,-16.859564,3.049533,50.05,70.0,-16.850679692980908,3.0322283423290655
-0.737191,0.035122,860.335372,271.795831,50.05,70.0,860.3547971785462,271.78242995621747
0.299354,-0.752757,-113.166485,57.823353,50.05,70.0,-113.16468263117073,57.84216944874465
0.419868,0.7246,-261.620872,-233.501316,50.05,70.0,-261.6024892365266,-233.49410271049086
0.344048,0.413509,-54.98254,7.576865,50.05,70.0,-54.97885687901972,7.577331813821716
-0.154944,-0.150608,-1419.254743,-60.617175,50.05,70.0,-1419.27468247714,-60.63385929080394
0.739015,0.619764,-0.708231,1.890851,50.05,70.0,-0.7088204554133988,1.8724263732775486
0.379966,0.082313,-411.90212,251.52012,50.05,70.0,-411.88569568254866,251.52402702468876
-0.560341,0.350138,-165.007781,-11.85241,50.05,70.0,-165.0160858693441,-11.859657846767236
0.762023,-0.673508,13.458858,45.604667,50.05,70.0,13.478196719507588,45.59971984996535
0.356234,-0.77767,213.353963,926.803309,50.05,70.0,213.35063099038055,926.8072649223379
-0.306305,-0.070503,131.708382,45.932933,50.05,70.0,131.70193139668734,45.94031887755257
-0.935871,0.814845,-0.451672,0.109047,50.05,70.0,-0.4412996193779764,0.09635387424786326
-0.907953,0.031243,128.064316,4.064852,50.05,70.0,128.08422373382754,4.081761723904692
-0.906354,0.903817,-0.789152,0.796459,50.05,70.0,-0.8040542345277863,0.7825847760619228
0.453787,0.804474,-0.45353,0.769254,50.05,70.0,-0.4664857611821355,0.7564178388186477
0.794859,-0.805751,0.556937,-0.279144,50.05,70.0,0.5372427350615913,-0.2978836340219912
-0.25672,-0.693785,-89.166609,86.831756,50.05,70.0,-89.1550046810841,86.85101472427907
-0.438069,-0.630482,-187.357802,-0.524372,50.05,70.0,-187.36773496223492,-0.5078022982784217
-0.518724,-0.198226,145.144949,-33.675324,50.05,70.0,145.16404735911468,-33.69532116353042
0.41991,-0.571606,221.372757,54.663197,50.05,70.0,221.37280851718927,54.67361022688529
-0.988816,0.977713,1.058429,0.948876,50.05,70.0,1.0384392333805572,0.9598323968000768
0.416819,-0.524016,1.722609,-2.228338,50.05,70.0,1.7423958815605938,-2.242102844739733
0.862804,-0.846078,0.695168,-0.612239,50.05,70.0,0.6935617786116568,-0.6311321498281386
-0.031505,0.490905,50.853994,-331.40666,50.05,70.0,50.8737485635608,-331.4262651569819
0.633019,-0.842042,0.636349,-0.074487,50.05,70.0,0.6290713085048205,-0.0944708800566812
-0.201302,0.716207,237.785348,-51.666983,50.05,70.0,237.77209551266543,-51.66367666081937
-0.712155,0.813323,0.659814,0.825969,50.05,70.0,0.6431126843489945,0.8062164790730465
-0.486719,-0.29099,-213.489682,-91.025493,50.05,70.0,-213.49753423724036,-91.01010751964934
-0.668778,-0.149346,-250.554878,331.051336,50.05,70.0,-250.54778296673607,331.0363141208143
-0.052902,0.874982,60.231699,99.61206,50.05,70.0,60.25156024056696,99.63020245665538
-0.183423,-0.782597,231.817337,174.157918,50.05,70.0,231.80657089302923,174.13817666395286
0.886012,-0.79173,0.417154,-0.233635,50.05,70.0,0.3987532592405907,-0.24348523873694847
-0.607888,-0.770985,-44.984034,122.563615,50.05,70.0,-44.98815443123398,122.569454578428
0.059884,0.46438,-557.408927,-210.21751,50.05,70.0,-557.4284237413004,-210.23550193310598
0.827327,0.88052,-15.579078,3.866002,50.05,70.0,-15.569834362135785,3.8500131096182524
0.902193,-0.850318,-1.472579,-0.852188,50.05,70.0,-1.4545826819843557,-0.8427563123401558
0.71377,0.327947,-91.166554,37.383189,50.05,70.0,-91.18655322245345,37.36409314933567
-0.197797,-0.366431,202.562837,81.98562,50.05,70.0,202.5828122631382,81.99246754276439
-0.613821,-0.496084,48.218605,-14.325938,50.05,70.0,48.20687159448863,-14.339733626803891
0.308108,0.372749,-29.14987,-3.825811,50.05,70.0,-29.155387484010866,-3.8192411248354543
0.785533,0.450105,-74.775116,-132.441253,50.05,70.0,-74.78753234756938,-132.46124621215873
0.909836,-0.382689,-77.038942,-65.28222,50.05,70.0,-77.03275449513963,-65.28907062730393
0.149408,-0.900133,-230.783928,257.692289,50.05,70.0,-230.77598412475064,257.6807390474872
-0.538911,0.529794,-159.837577,-93.716515,50.05,70.0,-159.82824806271512,-93.70970506176134
0.245345,-0.481595,-50.157012,12.197225,50.05,70.0,-50.176260874596444,12.214354938280321
-0.162078,-0.045623,752.906764,-570.561021,50.05,70.0,752.9020298518916,-570.5486802056554
-0.780381,0.137511,-58.582187,208.573535,50.05,70.0,-58.58499936797218,208.55880369320838
-0.856918,-0.220413,144.835342,-249.917025,50.05,70.0,144.84924676235966,-249.91781685991768
-0.474763,0.656018,0.406174,17.545755,50.05,70.0,0.401501206224502,17.536874717583597
-0.300169,-0.937003,-81.422437,138.618286,50.05,70.0,-81.40379226090427,138.62373495988717
-0.214284,0.535502,-5.739197,-54.813262,50.05,70.0,-5.725597197924104,-54.83151028870987
0.183594,-0.340915,-86.834481,69.07265,50.05,70.0,-86.83868817477658,69.08877963768576
0.249566,0.460639,-119.783688,3.299033,50.05,70.0,-119.79785561892122,3.2904231294981323
-0.039925,0.975889,69.973287,-44.068542,50.05,70.0,69.96492733420196,-44.07671812942317
-0.238459,0.219775,20.676454,1.247079,50.05,70.0,20.675498557644616,1.2279157678989874
-0.247018,0.361888,-39.43503,-121.29604,50.05,70.0,-39.4319855249767,-121.31073921978695
0.255396,0.436874,-38.73202,-0.861164,50.05,70.0,-38.71365033883127,-0.8524259577700806
0.540787,-0.986567,74.140313,53.357992,50.05,70.0,74.14517218898757,53.37799159447139
0.762156,-0.451148,-32.154832,-5.378294,50.05,70.0,-32.17447985224321,-5.395313738805155
-0.436521,-0.601591,23.096219,13.436793,50.05,70.0,23.077503016211683,13.422266458503856
-0.932144,-0.551301,1.56278,0.227796,50.05,70.0,1.580944141542492,0.22859741805458614
0.27676,-0.490024,-123.098549,16.811829,50.05,70.0,-123.08471476497311,16.83115980356625
0.159319,-0.319949,1102.421994,447.05769,50.05,70.0,1102.402014496539,447.05399810959034
0.618991,-0.613263,-21.739707,73.380405,50.05,70.0,-21.727376593598866,73.3742355186502
0.887967,0.062225,323.364767,210.75489,50.05,70.0,323.3452931491535,210.74575364218407
-0.17778,0.053213,228.338449,-15.280954,50.05,70.0,228.32154920164436,-15.286417356660472
0.350779,-0.456981,-6.610165,-0.422534,50.05,70.0,-6.627299877070771,-0.4238151649229579
-0.476509,-0.689125,-153.348802,57.379637,50.05,70.0,-153.365773155616,57.39925639188752
-0.130643,0.284109,1644.158359,-879.202655,50.05,70.0,1644.1743332522126,-879.2172042555377
-0.974233,0.057946,399.755738,852.082537,50.05,70.0,399.7637660339036,852.0974968737036
-0.102646,0.835608,26.595254,-65.359933,50.05,70.0,26.593774771433047,-65.34962596970716
0.058645,-0.357566,-389.061983,-491.483453,50.05,70.0,-389.07474164023,-491.49920289953184
0.383501,-0.500705,52.671991,-98.5987,50.05,70.0,52.667304063793296,-98.58148268755781
0.647312,-0.626711,101.884997,-13.780675,50.05,70.0,101.88919872893541,-13.762999951852514
0.863972,0.785133,0.202142,-2.25133,50.05,70.0,0.22146425748617332,-2.2407048132648058
-0.272919,-0.94401,-74.128757,-138.870806,50.05,70.0,-74.1275167252007,-138.85084713570865
0.022229,-0.404217,-947.144728,-1382.158127,50.05,70.0,-947.1316428124235,-1382.1626336692304
0.322051,0.702931,-134.716157,-170.470737,50.05,70.0,-134.69952396218738,-170.46500187444403
0.169484,0.518532,286.257689,232.657673,50.05,70.0,286.27334413341845,232.6634493465337
0.961271,0.077065,-188.030476,18.609025,50.05,70.0,-188.04913595437017,18.595324766120576
-0.767232,-0.871148,-22.237822,-10.238582,50.05,70.0,-22.25382358775466,-10.245203247228137
0.623963,0.939553,16.958446,5.047473,50.05,70.0,16.960534660095153,5.0274824681953945
-0.941072,-0.594242,44.204471,107.987766,50.05,70.0,44.196405253751145,107.99664365527833
0.56981,0.788516,-66.369032,0.082226,50.05,70.0,-66.36103909160397,0.09014560373958713
0.583854,0.833159,-159.373689,6.781428,50.05,70.0,-159.36157923542345,6.79056956289885
0.898751,-0.685324,19.430448,84.040214,50.05,70.0,19.416491655204947,84.02077368702321
-0.234615,0.830992,130.281894,-130.444314,50.05,70.0,130.3007417827881,-130.4533896527006
0.486021,0.547695,-204.146268,-152.437114,50.05,70.0,-204.16505989766,-152.45630006252912
-0.8885,0.986709,0.867116,0.671247,50.05,70.0,0.8628560400890317,0.663887896021859
-0.379746,-0.393839,-223.977006,-87.550681,50.05,70.0,-223.9594425698555,-87.54882863847297
0.741439,-0.629051,124.788923,-33.209251,50.05,70.0,124.78007710580661,-33.215891947301245
-0.458649,-0.520707,39.897407,-4.080789,50.05,70.0,39.87740969191759,-4.080870969829553
0.480772,0.340757,151.323404,109.09548,50.05,70.0,151.30507016106165,109.0779940482959
-0.899011,0.315016,-86.09746,45.328263,50.05,70.0,-86.0888211772574,45.30834234708701
0.481413,-0.887748,146.863984,-8.358698,50.05,70.0,146.88028465254445,-8.34494807811793
-0.388888,-0.035204,738.105383,-274.16678,50.05,70.0,738.0875633634289,-274.1800628069457
0.327181,0.92324,-304.247383,-225.390107,50.05,70.0,-304.2628134097868,-225.37488865420352
0.890929,-0.153551,-96.019304,-14.550385,50.05,70.0,-96.00979819374228,-14.56725364564525
-0.732076,0.000964,-926.91165,13.384262,50.05,70.0,-926.9278934267054,13.369082852710529
0.201156,0.823715,327.792594,17.420276,50.05,70.0,327.7773952845107,17.43193575460612
0.176132,0.254541,-102.801872,-264.478424,50.05,70.0,-102.80620510749516,-264.47139796448454
0.073452,0.49972,-73.193062,93.280141,50.05,70.0,-73.1732200579844,93.28074559074464
0.789821,0.521042,-22.508479,7.239452,50.05,70.0,-22.528431485407218,7.256450635529786
-0.851281,0.527179,4.527887,1.015548,50.05,70.0,4.509207031851714,0.9996056067674279
0.296056,-0.192424,65.40775,-15.425104,50.05,70.0,65.38799442297564,-15.406076420135378
-0.073077,-0.207444,295.615292,-392.037239,50.05,70.0,295.6186287401727,-392.0363815925712
-0.512758,0.068318,575.009141,453.617152,50.05,70.0,575.0062682532853,453.59949055845
0.218945,-0.192575,-176.18473,24.182436,50.05,70.0,-176.16474531522042,24.188214223784904
-0.613595,-0.688853,6.371891,-9.682511,50.05,70.0,6.391100286126908,-9.664446137557471
0.443604,-0.351006,-7.621747,-46.389619,50.05,70.0,-7.611640451371928,-46.37127358058284
0.646009,-0.534049,70.571223,-19.372463,50.05,70.0,70.56116315719574,-19.36161891001753
0.233536,-0.964596,-150.431589,142.044836,50.05,70.0,-150.42714168528545,142.03982021384164
0.037305,0.988043,-137.285341,-568.721034,50.05,70.0,-137.27639367120736,-568.7208082086092
0.036635,-0.282586,-143.306371,460.755725,50.05,70.0,-143.32310478473244,460.77510951695643
0.572534,0.582606,-167.57752,-16.138903,50.05,70.0,-167.56083364571415,-16.1510569454432
-0.144047,-0.991716,-196.366921,-129.296255,50.05,70.0,-196.3542395011869,-129.29799082838304
0.235069,0.809188,-62.459328,-59.626863,50.05,70.0,-62.465562103545615,-59.63261708809421
0.018143,0.923885,940.145454,-339.931527,50.05,70.0,940.1465736025685,-339.91916794503584
-0.266215,-0.281875,86.935352,8.505157,50.05,70.0,86.9154824666366,8.513563845802516
0.527032,-0.181366,-155.695487,-33.856305,50.05,70.0,-155.6883577618438,-33.84023378818374
-0.216185,0.573393,14.056183,108.119625,50.05,70.0,14.061018381173533,108.12750389920963
-0.989404,-0.916227,0.815915,-0.716819,50.05,70.0,0.8244790426243989,-0.7286473239186908
0.975804,0.339771,-39.012511,10.116134,50.05,70.0,-39.00631110438864,10.13533390833537
0.539029,-0.53227,-50.461656,-18.807431,50.05,70.0,-50.457474585104464,-18.79630496592108
0.144322,-0.372021,208.470233,406.88487,50.05,70.0,208.450821104128,406.9006992777045
-0.564751,0.227627,20.706469,573.248159,50.05,70.0,20.724367784065656,573.2283552737724
-0.266493,-0.940114,-37.946708,15.592939,50.05,70.0,-37.93582926771881,15.599473107252232
-0.501396,-0.957926,1.66635,413.416789,50.05,70.0,1.6646715552270546,413.4075930284139
0.142594,0.579219,-133.246288,-207.236581,50.05,70.0,-133.23595950350455,-207.2170363549796
0.940812,0.222292,26.550256,-16.494363,50.05,70.0,26.53604322040497,-16.480491962842407
0.054054,0.47761,-772.97344,658.810524,50.05,70.0,-772.9535259134317,658.8257142095053
-0.803249,-0.201787,232.155246,-154.643615,50.05,70.0,232.1477110563136,-154.64445985855653
0.5585,0.715903,-41.059992,13.271475,50.05,70.0,-41.06748333150095,13.262339637045535
0.184207,-0.030628,-224.827367,7.593042,50.05,70.0,-224.82210762133957,7.610057532604163
-0.762165,0.288782,102.205628,101.83439,50.05,70.0,102.21026424209839,101.82446396241511
-0.446432,0.813576,-0.570805,-302.142088,50.05,70.0,-0.5785127251362888,-302.16126673150126
-0.223492,-0.237806,127.964672,-37.990766,50.05,70.0,127.94479848642766,-37.98101546176025
-0.80404,0.502416,0.897922,3.598114,50.05,70.0,0.8827783889888141,3.593695184464091
0.113265,-0.363287,-111.823682,191.902691,50.05,70.0,-111.84309392537865,191.92261865361473
0.24219,0.479163,-91.544409,-57.044062,50.05,70.0,-91.55674422444336,-57.0324361877892
-0.700022,0.730704,31.623771,9.458678,50.05,70.0,31.620397205422034,9.468815815563344
0.944775,0.831706,24.566102,4.051336,50.05,70.0,24.58583471144196,4.032279569923214
0.48901,0.791859,-0.512991,-0.058164,50.05,70.0,-0.5187257577771512,-0.07493001129005933
0.769938,0.348035,-92.999662,46.906192,50.05,70.0,-92.98194345807781,46.92617385747057
-0.578417,0.551865,27.518933,5.887476,50.05,70.0,27.50057269422664,5.9035725476534955
-0.812457,-0.967379,29.069904,71.336751,50.05,70.0,29.050031528967693,71.3501558929828
-0.732874,0.586082,13.571971,0.653712,50.05,70.0,13.569438470252576,0.6599199840311699
0.276935,0.453943,-119.963248,-28.734491,50.05,70.0,-119.94834436873255,-28.753973603158705
-0.586293,0.178048,343.940531,151.462342,50.05,70.0,343.9367954580104,151.45606352590642
0.452616,-0.889238,1.522629,-0.96803,50.05,70.0,1.54246599312819,-0.9632596960501587
0.575496,0.365061,-33.497741,9.69649,50.05,70.0,-33.517292246526594,9.685420980658193
-0.425883,0.189232,155.674218,106.600422,50.05,70.0,155.65668705482642,106.61513882582538
0.430516,-0.315512,-12.953868,-72.026516,50.05,70.0,-12.972127974721236,-72.03368656029136
-0.813992,-0.764532,-36.304002,-5.039299,50.05,70.0,-36.305276211834595,-5.02390421707911
0.514453,0.412748,83.958098,-197.098035,50.05,70.0,83.97459478968905,-197.09047063623518
-0.949509,-0.38974,30.931971,-8.290968,50.05,70.0,30.94349604417709,-8.305980154508466
-0.35292,0.466796,-43.31299,432.946146,50.05,70.0,-43.31644048308781,432.9265645486725
-0.56529,-0.833414,-11.741761,-2.811108,50.05,70.0,-11.7616944074124,-2.8222242647249125
0.806982,0.953272,-0.631298,1.035699,50.05,70.0,-0.6491645010919359,1.0157012192682564
-0.360831,-0.489178,27.318754,-6.054152,50.05,70.0,27.33696957752841,-6.0554612716720175
0.392949,0.29844,33.541378,16.514812,50.05,70.0,33.5569527518097,16.507611084341782
-0.11606,-0.625937,35.11848,67.406359,50.05,70.0,35.103047638173976,67.42523541524885
-0.123765,-0.12062,476.048463,-7.836068,50.05,70.0,476.0285431709517,-7.826728267811413
0.736659,-0.978972,67.227957,30.254618,50.05,70.0,67.2371329721274,30.23461912973177
0.42096,-0.919763,478.348121,564.307923,50.05,70.0,478.355713891471,564.2969257316239
-0.452228,-0.599238,-117.182373,-10.944543,50.05,70.0,-117.16302052353748,-10.944639701733283
0.601163,-0.248205,-96.673368,-88.591089,50.05,70.0,-96.67355038059543,-88.57298060310514
0.418343,-0.91324,6.863265,-15.000706,50.05,70.0,6.870955508882664,-15.020127068406698
-0.82541,-0.657887,1.850612,-0.974668,50.05,70.0,1.8703535064443169,-0.994373853279844
0.900697,0.015595,-416.059587,21.863276,50.05,70.0,-416.04765331429115,21.88018276500468
0.105584,0.54872,-262.671825,-327.354389,50.05,70.0,-262.67178155043985,-327.3346889084785
0.332236,-0.104226,-210.574209,-22.044426,50.05,70.0,-210.56894404561874,-22.062542222425233
0.279735,-0.493362,-114.63872,37.405186,50.05,70.0,-114.65861773941828,37.40811659583517
0.066745,-0.221332,-491.536752,458.188943,50.05,70.0,-491.5499947950333,458.2004411555795
0.068549,0.101325,-149.771536,-173.222504,50.05,70.0,-149.75507168299646,-173.21449206802575
0.968762,-0.015046,-108.248411,-1.578113,50.05,70.0,-108.26839761806588,-1.5654955418384395
-0.869811,-0.909537,1.435479,-0.722902,50.05,70.0,1.4445887073599746,-0.7103792954835926
-0.581199,-0.213494,141.485416,-136.984784,50.05,70.0,141.48428217785988,-137.0016356808823
-0.187141,0.725801,157.291129,-176.156371,50.05,70.0,157.27299062440085,-176.14654965065867
0.532136,-0.388127,199.41882,55.346912,50.05,70.0,199.42423951349008,55.339837183360565
0.751236,0.030088,-83.045758,2.459112,50.05,70.0,-83.05110825190994,2.476280965762457
-0.30315,0.965061,-184.96442,109.944739,50.05,70.0,-184.96332016752143,109.95210047505294
-0.220688,0.904016,-58.592312,-141.225466,50.05,70.0,-58.60566454350665,-141.23949390496657
-0.198671,0.936445,-985.613497,551.877239,50.05,70.0,-985.5959737225619,551.8680139228878
0.8369,-0.219424,-131.270639,-32.53966,50.05,70.0,-131.2583054048664,-32.559088329174344
0.142669,-0.156853,-132.463216,122.056637,50.05,70.0,-132.4486723264943,122.03969157809242
-0.232554,-0.540595,91.801437,-11.019777,50.05,70.0,91.82129073580299,-11.000886543344945
0.215759,0.255383,-186.834825,-28.753716,50.05,70.0,-186.82127023867764,-28.762409717459136
0.229506,-0.684447,-138.674359,120.379112,50.05,70.0,-138.69357697270328,120.36699848419894
0.494816,0.36826,60.296191,-6.02569,50.05,70.0,60.31539365402266,-6.005815174274236
-0.65187,0.020878,1365.079293,1092.298965,50.05,70.0,1365.0990246316246,1092.293314504874
0.904258,-0.131683,381.332467,-115.235506,50.05,70.0,381.3515456083419,-115.2547025713382
0.81113,0.653789,45.12852,16.678875,50.05,70.0,45.14831821803676,16.69590380357329
0.23893,-0.296875,-143.254957,33.784934,50.05,70.0,-143.26816472927086,33.80493330444495
0.422241,0.596351,30.777304,-28.893523,50.05,70.0,30.778216624293254,-28.91349646273994
0.867255,-0.048356,-493.701607,-105.595173,50.05,70.0,-493.7053507685358,-105.58100814999655
-0.711855,-0.148922,20.174649,-328.123532,50.05,70.0,20.161668611188833,-328.10469216326726
-0.927869,-0.701146,7.23351,-23.667878,50.05,70.0,7.250769522560069,-23.667093511628142
-0.16536,0.793704,77.704079,-149.888391,50.05,70.0,77.68437447816225,-149.8782165155188
-0.214255,-0.976007,58.499253,79.470387,50.05,70.0,58.51921756549745,79.45145418442412
0.246178,-0.479124,-75.456273,37.86419,50.05,70.0,-75.44157674208454,37.88335346678732
-0.6438,-0.339471,107.904326,4.348126,50.05,70.0,107.90928412759699,4.361589439775447
0.516649,-0.687346,56.507843,-21.307719,50.05,70.0,56.51328462509535,-21.28813422060924
-0.218291,-0.815759,-26.697309,57.581372,50.05,70.0,-26.715308081177206,57.58199475487445
-0.455225,-0.972443,26.796045,-6.859112,50.05,70.0,26.790865532032495,-6.868036403201362
0.147675,-0.030083,22.997684,0.846046,50.05,70.0,22.979964082317125,0.8397491987196435
0.393638,-0.125154,142.01809,141.645577,50.05,70.0,141.99849368400965,141.6654951347867
0.529423,0.008809,-215.287815,2.585824,50.05,70.0,-215.2807180792024,2.57724028387163
0.05347,0.669667,35.31418,50.957493,50.05,70.0,35.307917911562285,50.973514450881915
-0.907047,-0.74672,-54.940527,-16.154397,50.05,70.0,-54.92474399825811,-16.158109781240164
-0.117625,-0.923884,226.806025,-132.356419,50.05,70.0,226.78825601874968,-132.3763470938073
0.283574,0.032689,-584.860221,1464.781488,50.05,70.0,-584.8753119521643,1464.7641480918057
-0.594427,-0.532642,-32.29811,-62.371349,50.05,70.0,-32.2832295281847,-62.377287516330306
-0.106082,-0.921917,31.321291,-70.342119,50.05,70.0,31.324235897445863,-70.32431650676419
-0.665637,0.638169,-12.075923,0.798986,50.05,70.0,-12.090992576192045,0.7835528662596416
-0.296376,0.809072,126.922813,-43.465235,50.05,70.0,126.93337364712563,-43.44523652495242
0.068578,0.597783,-32.187136,-141.258371,50.05,70.0,-32.197869507889806,-141.27348001317563
0.936815,-0.947037,0.60978,-0.55838,50.05,70.0,0.6029278184313304,-0.5782941422197784
-0.857342,0.647401,-98.488815,1.769882,50.05,70.0,-98.47793212912589,1.7557479765116137
0.875826,0.014691,-183.279914,3.337881,50.05,70.0,-183.29653999168679,3.3495879968438125
0.917309,-0.785991,-27.576319,16.640314,50.05,70.0,-27.556344633878776,16.659111844637252
-0.158703,0.682657,-74.607432,99.746717,50.05,70.0,-74.59337143266862,99.73296133994099
-0.590618,-0.514146,-99.881088,-1.384104,50.05,70.0,-99.89298910982231,-1.4039879214774569
0.74411,0.250418,-83.658865,127.325129,50.05,70.0,-83.64088339815233,127.30723022192997
0.781376,0.594046,-116.109563,-63.682619,50.05,70.0,-116.09162917708026,-63.69857901397513
0.128073,0.524835,-14.673971,-484.614028,50.05,70.0,-14.658277098293281,-484.6228634301491
0.907395,0.58588,-143.671365,18.589897,50.05,70.0,-143.69062701188014,18.580257565785704
0.882905,0.98751,-1.094914,1.632267,50.05,70.0,-1.075851247757907,1.6460770137373673
-0.923948,-0.790063,46.452864,-1.985344,50.05,70.0,46.46248657866432,-1.965798247794613
-0.584164,-0.043736,-145.114927,-269.084573,50.05,70.0,-145.12956640560387,-269.10439565916
0.924961,-0.181245,4.121652,64.233994,50.05,70.0,4.134952381122377,64.23025792227227
-0.181016,-0.340179,102.945819,89.173807,50.05,70.0,102.94112088099524,89.19143385020519
0.618579,0.464079,237.396388,-164.220701,50.05,70.0,237.41462544519877,-164.20354768048315
-0.231779,0.486584,69.131352,-39.038072,50.05,70.0,69.12335019209613,-39.01813849667663
0.02103,-0.551295,-1276.310839,-1275.250681,50.05,70.0,-1276.2923493049905,-1275.261829496165
0.381696,-0.831361,32.000262,-42.446275,50.05,70.0,32.01996044999317,-42.46579331845326
-0.684521,-0.73898,0.516067,-2.087745,50.05,70.0,0.5330454903572271,-2.104676727858248
-0.037889,-0.808493,21.921375,203.937574,50.05,70.0,21.940796738365027,203.91877879372552
-0.337819,0.280349,-240.838376,-118.317761,50.05,70.0,-240.85486677069505,-118.3292003535199
-0.17157,0.415562,284.934241,-44.250661,50.05,70.0,284.91476301822473,-44.25148203727477
0.346634,-0.122264,36.586718,563.659159,50.05,70.0,36.58105293239602,563.6741790660228
-0.893148,0.853733,0.669586,0.224048,50.05,70.0,0.6875900996007943,0.20447224261465585
0.68296,0.504302,216.430505,-154.585986,50.05,70.0,216.42854540464847,-154.5834698022783
-0.203292,-0.724773,109.781701,141.519793,50.05,70.0,109.76820611772366,141.5068996700144
0.7344,-0.943672,0.935628,-0.681429,50.05,70.0,0.940876845870966,-0.6821138457028724
-0.28941,-0.109039,65.134407,-161.479442,50.05,70.0,65.13456495890624,-161.46955311478536
-0.617672,0.791816,-82.919248,-60.7343,50.05,70.0,-82.93672424086137,-60.714388276699445
0.05298,0.434339,-441.425468,-721.934269,50.05,70.0,-441.42584025799596,-721.9374257605897
-0.070772,0.530579,32.923907,-127.721947,50.05,70.0,32.939147393166586,-127.71576818090766
-0.553542,0.61948,-91.106569,2.83983,50.05,70.0,-91.08660740669724,2.8198300364897557
-0.396076,-0.852901,-74.504154,85.114376,50.05,70.0,-74.52402435225684,85.10958231613002
-0.70821,-0.892869,-49.986488,26.24432,50.05,70.0,-49.99975507130459,26.247818390641257
-0.444607,-0.516964,1222.269536,1084.117816,50.05,70.0,1222.250058321021,1084.106181830122
-0.620811,0.028861,-348.575801,-328.744417,50.05,70.0,-348.56339496780987,-328.7596502970987
-0.937967,-0.41025,13.684942,-0.486139,50.05,70.0,13.671891714908549,-0.47071826104019315
0.921341,0.97379,0.588419,0.277688,50.05,70.0,0.6080873821942595,0.258084674899973
0.489582,0.400793,6.082946,-1.311374,50.05,70.0,6.077540383646873,-1.3005880986181373
0.13086,-0.639166,-476.498052,126.779464,50.05,70.0,-476.51100347434266,126.78739522183278
-0.457846,0.986339,-513.142962,81.909936,50.05,70.0,-513.1247673856844,81.89857049323236
-0.606014,0.718803,-31.76394,7.858959,50.05,70.0,-31.74394619322348,7.855589723866287
0.927367,0.258497,860.888785,-1009.844243,50.05,70.0,860.9013891538616,-1009.8263396509305
0.565627,0.49861,-33.86637,-8.012092,50.05,70.0,-33.88043906428338,-7.993070832768474
0.136343,-0.484748,-37.812041,40.59944,50.05,70.0,-37.79335477113879,40.616335563999115
0.845325,-0.618349,-111.388711,105.200347,50.05,70.0,-111.40825038076397,105.18762951086921
-0.596334,-0.582547,-102.995493,-14.742391,50.05,70.0,-102.97562619056362,-14.722982109129779
-0.869987,0.122266,-78.440206,-0.148899,50.05,70.0,-78.45375801009263,-0.1664692992218079
0.923421,-0.065568,-875.917581,-721.85778,50.05,70.0,-875.9253888700808,-721.8382100336005
-0.001573,-0.445591,177.632577,1340.049708,50.05,70.0,177.64647944739735,1340.0373989435188
0.946966,-0.341094,45.472113,-33.892921,50.05,70.0,45.475721102010795,-33.885042419188956
-0.765824,0.792396,-0.452244,2.6521,50.05,70.0,-0.4394496696332406,2.639362722372912
-0.192093,-0.49884,97.96149,109.828385,50.05,70.0,97.97338234283403,109.84760055007995
0.003707,0.310711,13.404055,307.171339,50.05,70.0,13.411512630843164,307.16133262194074
0.120979,-0.709415,-132.27151,254.155527,50.05,70.0,-132.2515101160507,254.15448154830213
0.860377,0.349769,-35.115768,34.291925,50.05,70.0,-35.09635475002658,34.310710062424874
0.55936,-0.842896,101.740556,-100.578366,50.05,70.0,101.73586014357645,-100.55891678421338
-0.552187,-0.601324,0.617559,-2.785536,50.05,70.0,0.5979962452361628,-2.805507065104277
-0.45604,-0.67028,-45.070017,-24.513386,50.05,70.0,-45.069120969819366,-24.500105183161523
0.606262,-0.554674,-28.667144,48.362972,50.05,70.0,-28.665390766745496,48.37063592585539
-0.405656,0.131651,197.692183,257.575178,50.05,70.0,197.68865952637128,257.5668401213631
0.658164,-0.231203,-143.277454,-43.646348,50.05,70.0,-143.25757258240378,-43.626456363774246
0.164172,-0.768571,-49.62826,80.530654,50.05,70.0,-49.61815951018065,80.51067381670437
0.631391,-0.218776,-92.06317,-20.318175,50.05,70.0,-92.08061623043895,-20.319624253675673
-0.96268,0.231905,-30.937107,-177.533238,50.05,70.0,-30.956831194544627,-177.54790588188214
-0.377425,0.623648,47.966118,6.3939,50.05,70.0,47.97663260701922,6.403510407753393
-0.348005,-0.923044,66.365226,-206.117336,50.05,70.0,66.36235021058746,-206.10976729852587
0.40524,0.871481,141.395061,27.769709,50.05,70.0,141.40665675629182,27.74984563574089
0.980782,0.005897,633.593465,36.516922,50.05,70.0,633.600738985914,36.52338140291548
-0.885913,0.465117,30.453647,8.019103,50.05,70.0,30.4672092218998,8.021079940384734
-0.771478,-0.232655,-116.524645,9.757134,50.05,70.0,-116.54456227644471,9.75429933264544
-0.240577,0.62972,-0.463569,93.398128,50.05,70.0,-0.4456847813303248,93.38453847316906
-0.287861,-0.082949,215.707568,-11.436808,50.05,70.0,215.6956984570115,-11.448088243436477
-0.12162,-0.067965,-128.035996,136.743831,50.05,70.0,-128.05423525961928,136.75906425057448
-0.286917,-0.21475,11.485773,-115.067722,50.05,70.0,11.49405865117763,-115.05498201770345
0.689974,0.390945,48.549647,-123.925713,50.05,70.0,48.56305595719523,-123.93897863752568
0.615062,-0.65788,-35.853199,18.054636,50.05,70.0,-35.83839985295226,18.035015875391252
-0.99097,0.761659,-1.175875,0.821565,50.05,70.0,-1.1923300002172401,0.8399564101582214
-0.805546,-0.816154,-9.005369,-2.373746,50.05,70.0,-8.992520773236897,-2.3637001409828446
0.896337,0.728832,112.141751,-152.40073,50.05,70.0,112.12203067880989,-152.39942026463268
-0.528687,0.352049,-72.312496,21.574364,50.05,70.0,-72.29507172131092,21.555139163913775
0.887594,-0.202267,-17.872406,207.932149,50.05,70.0,-17.868306790236957,207.9355988714112
0.504306,-0.137253,-177.404424,-29.549316,50.05,70.0,-177.4025920657363,-29.540119384192977
-0.808917,0.532108,1456.008702,-13.97304,50.05,70.0,1455.9950668598515,-13.984290963657777
-0.853858,-0.79946,-9.61916,-1.740318,50.05,70.0,-9.632395560887824,-1.7515924561451226
-0.531425,0.3448,1301.830616,1027.835159,50.05,70.0,1301.8215620855453,1027.8546463768419
-0.947703,-0.043948,-2.01341,-162.648013,50.05,70.0,-2.0217916085228302,-162.66402773674614
-0.627005,-0.080242,517.833451,-339.456276,50.05,70.0,517.8188097167996,-339.4386757560182
-0.634073,-0.867952,214.804444,-160.370352,50.05,70.0,214.81801274462114,-160.351950054192
0.338949,0.7132,-44.78519,-0.613574,50.05,70.0,-44.78666311781868,-0.6264265809674069
0.75733,0.450292,96.530467,15.389152,50.05,70.0,96.5504615899619,15.397268159088497
0.064427,0.816654,249.813891,-100.950605,50.05,70.0,249.79660867046942,-100.94495546180276
-0.502164,0.125841,280.85263,121.479043,50.05,70.0,280.8351068410516,121.45905127434592
-0.982992,0.846945,0.369072,0.068192,50.05,70.0,0.37575983965619736,0.0627694604156214
0.612892,0.877563,-1.528474,29.98181,50.05,70.0,-1.5439826198478959,29.98601071712582
-0.801185,0.48933,107.566089,-11.075655,50.05,70.0,107.58450707528979,-11.091954604748429
0.168997,0.333433,-258.898016,-99.927525,50.05,70.0,-258.8955345494984,-99.9077614055841
0.00707,0.829322,-54.704196,-847.372667,50.05,70.0,-54.72241147972675,-847.3922586620412
0.413398,-0.027654,481.276619,37.865585,50.05,70.0,481.29140951830465,37.88552592737236
-0.77563,-0.013691,363.968715,-14.999417,50.05,70.0,363.9765243377804,-15.012444083409713
-0.101103,0.769863,154.172384,-313.995642,50.05,70.0,154.18698119543075,-314.0034133507254
-0.90971,0.509802,-298.422852,150.390098,50.05,70.0,-298.4407646020937,150.3703000109308
0.242956,-0.640558,-142.07792,10.47756,50.05,70.0,-142.060885431682,10.49606076321568
0.140966,-0.787872,-442.342403,139.362622,50.05,70.0,-442.35403117496793,139.38261252243325
0.233988,0.643746,-160.071935,-17.319574,50.05,70.0,-160.0523500106417,-17.334256058799443
-0.554254,0.657172,-62.521413,5.998033,50.05,70.0,-62.541203017565046,5.99840489792111
-0.906817,-0.874874,12.302782,-1.991573,50.05,70.0,12.312945888948656,-1.9865696499470147
-0.00615,0.629902,4.90385,-236.710701,50.05,70.0,4.889132941685077,-236.69434813969255
0.759539,-0.425153,-21.078934,-4.628262,50.05,70.0,-21.060677402631992,-4.62524721342042
0.456315,-0.714197,61.186588,123.26507,50.05,70.0,61.19743429751151,123.25779400888615
0.488918,-0.762615,197.275925,-63.340187,50.05,70.0,197.26463342137492,-63.32025171642393
0.734457,0.01894,-146.449437,1633.286891,50.05,70.0,-146.4692532781549,1633.2675432785431
0.332381,0.32317,-77.579797,9.840949,50.05,70.0,-77.59725131534904,9.839197093782461
-0.486046,-0.969051,16.537203,-102.751298,50.05,70.0,16.557090552233337,-102.74056958465438
-0.842938,0.733955,11.173862,3.228191,50.05,70.0,11.165470233705046,3.2437505278298193
-0.426056,-0.728688,16.101382,-3.741176,50.05,70.0,16.104245642399505,-3.7334558940206257
0.933887,-0.158997,47.548913,-374.508948,50.05,70.0,47.5458151535309,-374.4984207009619
-0.259977,0.560809,503.536502,-892.906069,50.05,70.0,503.5429295585514,-892.9120558189112
-0.476904,0.674395,895.991757,-715.141481,50.05,70.0,895.980880888022,-715.1215037113914
0.560372,0.17268,-185.672836,209.017189,50.05,70.0,-185.6553459547717,209.01765997374443
0.2253,0.620241,-159.451837,-112.348823,50.05,70.0,-159.4631458555411,-112.33359529332154
0.389879,0.694664,319.728405,-327.015625,50.05,70.0,319.7085508724409,-327.0338156729975
-0.78213,0.744955,-0.917509,0.346568,50.05,70.0,-0.8977710074474754,0.3440776014085984
0.456687,-0.456342,41.413319,-26.071463,50.05,70.0,41.433315473173096,-26.05223373291344
0.262788,0.674538,-118.854039,-84.282337,50.05,70.0,-118.8625264616391,-84.29979985654569
0.958841,-0.756766,-23.203908,15.282226,50.05,70.0,-23.186940519596554,15.262705384333895
-0.96766,0.53967,2.910623,0.92788,50.05,70.0,2.890676250265861,0.9197988533363665
0.237456,0.926906,4.766111,-215.527043,50.05,70.0,4.767488604703784,-215.52173516735084
0.510955,-0.373914,64.187216,-6.620176,50.05,70.0,64.16734617705714,-6.602563620143374
-0.36678,-0.471452,-41.067729,-120.719845,50.05,70.0,-41.07576415495807,-120.72828542727757
0.309455,-0.984078,-460.294724,-374.007192,50.05,70.0,-460.2805404470762,-374.0122756286803
0.598811,0.212226,-49.878456,9.828547,50.05,70.0,-49.89648188124871,9.821420421587101
0.885016,0.46092,-72.200665,121.060511,50.05,70.0,-72.18357251106518,121.04128895280176
0.677701,0.113052,662.061609,-673.479432,50.05,70.0,662.0692158138927,-673.4674851325545
0.071286,0.098196,-165.233728,-174.693436,50.05,70.0,-165.2358126527009,-174.7133867006957
0.384952,-0.106022,-153.564719,-11.147778,50.05,70.0,-153.55023632148925,-11.141947727617916
0.091425,0.584096,-303.409296,-394.990757,50.05,70.0,-303.4271920988264,-395.0095935344938
0.904076,0.805405,0.751186,0.6939,50.05,70.0,0.7447447483718134,0.677556888176356
0.445437,0.466106,65.076931,40.085582,50.05,70.0,65.06508323755578,40.09013795471031
-0.159399,0.982626,74.948016,-167.481103,50.05,70.0,74.92830794604306,-167.49368262518075
0.992998,-0.690562,-283.638649,175.344371,50.05,70.0,-283.6429648747792,175.33969784072363
-0.270609,-0.131151,128.291185,1.317806,50.05,70.0,128.29720697551312,1.334632962605161
-0.254225,-0.754964,177.297936,-153.274424,50.05,70.0,177.30144745402885,-153.25748476133575
-0.680409,0.36293,171.615866,173.978117,50.05,70.0,171.6223578344078,173.9598923974232
-0.237392,0.155136,223.377764,95.403753,50.05,70.0,223.36811729968082,95.40480514706245
-0.622518,-0.656661,-769.050896,384.720225,50.05,70.0,-769.0346694308474,384.74019483673976
-0.500581,0.738627,109.733972,23.509638,50.05,70.0,109.71465211304157,23.500724252867048
0.11181,-0.815463,-126.427003,-76.708294,50.05,70.0,-126.43228298590479,-76.72390949335275
0.521485,0.591659,2.848962,0.227288,50.05,70.0,2.867104822099986,0.22513929395889865
0.016005,-0.997694,-5.076658,117.694143,50.05,70.0,-5.093410150632983,117.71351853015271
-0.247764,-0.16816,108.158171,6.673156,50.05,70.0,108.1767512789962,6.691277197261507
-0.269573,-0.706382,93.541815,71.402035,50.05,70.0,93.52371493373931,71.38352339203038
-0.155023,0.535267,324.514714,-145.883774,50.05,70.0,324.5039318955547,-145.88259397413384
0.229008,0.930115,448.533155,-286.013443,50.05,70.0,448.54513989878683,-285.9952752051301
0.436314,-0.864521,23.030777,-6.08896,50.05,70.0,23.04728744039989,-6.098297490295371
0.002683,-0.911371,-10.316167,594.53744,50.05,70.0,-10.30267312502214,594.5424934963498
0.587414,0.666988,91.65941,15.383488,50.05,70.0,91.67938340092066,15.402094652970714
0.072076,-0.611502,-303.026984,-338.077846,50.05,70.0,-303.03119978672595,-338.0652152382811
0.490661,0.538232,-87.474483,9.958643,50.05,70.0,-87.48358113425132,9.94323127895086
0.06105,0.071704,-888.917286,1052.224511,50.05,70.0,-888.8999861064644,1052.2101135099467
-0.867416,-0.661838,-0.346515,-0.182298,50.05,70.0,-0.36232334688259704,-0.18551947816777875
0.491199,-0.418101,21.177916,-48.003269,50.05,70.0,21.15890312952054,-47.991225444672374
0.973686,0.734503,-23.369662,6.424587,50.05,70.0,-23.35667075618184,6.40818696003936
0.788726,0.126147,-338.813036,475.325994,50.05,70.0,-338.79303828838687,475.31131585374465
0.15145,-0.57637,-151.183858,203.66979,50.05,70.0,-151.1747480631272,203.66262753940234
0.950886,-0.45529,131.524111,1.97701,50.05,70.0,131.51522716296066,1.9666740502380533
-0.051684,-0.650235,798.525439,855.076399,50.05,70.0,798.5318366702219,855.0575244301787
-0.492803,-0.542254,-28.860536,-20.296214,50.05,70.0,-28.87680553253078,-20.27665581176372
0.338341,0.495547,-68.629306,6.797759,50.05,70.0,-68.61853484992533,6.782630034913848
0.650322,-0.033257,783.081257,-248.399721,50.05,70.0,783.0987962723144,-248.3886111073776
-0.946105,0.811988,163.268305,-226.965115,50.05,70.0,163.28135118353507,-226.94730692532852
-0.916201,-0.5965,-35.851827,63.428639,50.05,70.0,-35.84868678728194,63.40899272371772
0.616818,0.858677,-0.506305,-10.756712,50.05,70.0,-0.4989519234942072,-10.773104185188592
-0.21986,0.808313,107.863525,-133.568793,50.05,70.0,107.84417439095212,-133.55860504289026
-0.690407,0.329436,-81.572776,43.075643,50.05,70.0,-81.55309597653287,43.0927645432993
0.826675,-0.076506,284.272854,-1028.239723,50.05,70.0,284.2528571550165,-1028.2356241345462
0.157263,-0.879865,-59.308833,129.067161,50.05,70.0,-59.32815314134527,129.0737617021111
0.107975,0.736828,-375.411725,-360.838319,50.05,70.0,-375.42760561994527,-360.8391784456668
-0.124084,0.512244,176.792832,-248.880278,50.05,70.0,176.78633791196904,-248.88795887604937
-0.721543,-0.974405,-0.638805,-2.071401,50.05,70.0,-0.6227460129676543,-2.0913735147881143
-0.83191,0.095234,334.040713,95.727288,50.05,70.0,334.0586655483144,95.73593450030948
0.592808,-0.667967,-38.097484,-9.558225,50.05,70.0,-38.08510766993621,-9.56639964333052
-0.528912,0.579786,-141.373708,-61.167907,50.05,70.0,-141.35583828860518,-61.187905961048266
0.462936,0.566067,1.834569,-1.543847,50.05,70.0,1.8147502919997753,-1.563215647795395
-0.107381,-0.749082,34.094451,89.847552,50.05,70.0,34.09465078594402,89.8611047399263
0.177028,-0.690639,-279.666389,20.745107,50.05,70.0,-279.6674480530773,20.72614261096505
0.425799,0.408705,-96.683696,-37.973057,50.05,70.0,-96.7032930666475,-37.954534495888474
-0.899111,0.644462,-7.284835,1.095005,50.05,70.0,-7.2992953496821045,1.1008362419699587
-0.522541,-0.354982,-91.154073,32.168774,50.05,70.0,-91.16573671127009,32.14934453493746
-0.176847,-0.267564,53.413351,-14.261669,50.05,70.0,53.397102653507474,-14.281659154112349
-0.94906,-0.84418,0.769827,-0.858446,50.05,70.0,0.7880874820571968,-0.8736452313142046
-0.140616,0.67003,382.235131,-196.840416,50.05,70.0,382.25059129144387,-196.83111883137482
-0.8001,0.71552,26.328519,-53.80142,50.05,70.0,26.34693298342302,-53.78233884024972
-0.262295,-0.391343,-125.66378,-58.015876,50.05,70.0,-125.6811568136883,-57.99587600136369
0.689996,0.761618,-8.665421,260.835815,50.05,70.0,-8.673541931251446,260.8516736172672
0.507784,0.32139,72.582932,-8.51834,50.05,70.0,72.60260816029565,-8.51712657546375
-0.403422,-0.316443,-47.26503,-47.575598,50.05,70.0,-47.24957640672235,-47.590821142108624
-0.460563,-0.689041,-285.43319,80.026784,50.05,70.0,-285.4514587584054,80.03948249410536
-0.712943,-0.434795,15.519023,-2.020955,50.05,70.0,15.531598814436045,-2.0326746983222432
0.39625,-0.222557,146.050381,68.402181,50.05,70.0,146.05858538104104,68.40553284683277
-0.514192,-0.021544,-485.878109,-1791.856278,50.05,70.0,-485.86781156501957,-1791.8680830652436
-0.091396,-0.087294,125.540486,82.823046,50.05,70.0,125.52960929959002,82.83936875767259
0.85164,-0.490763,-33.590777,-5.87218,50.05,70.0,-33.57307632860191,-5.874600491252195
-0.252363,0.532591,63.033704,10.474319,50.05,70.0,63.050906147329826,10.4849688353459
-0.749371,-0.684478,-6.773569,0.447035,50.05,70.0,-6.757822999428329,0.43160593270871966
-0.0185,-0.932189,684.651819,-1469.371805,50.05,70.0,684.6324143367864,-1469.3623237511558
0.706258,0.076026,-229.732634,29.190483,50.05,70.0,-229.71280704969732,29.19847453543931
-0.233309,0.773205,143.636706,-125.848841,50.05,70.0,143.62072547224247,-125.85531445548791
-0.751159,-0.725261,66.221579,30.455846,50.05,70.0,66.24150158588053,30.44936268065234
0.546264,-0.934534,69.130304,-1.339761,50.05,70.0,69.12222886112106,-1.3198192315167765
-0.712018,-0.88466,-40.946884,14.67815,50.05,70.0,-40.965007238203896,14.660902940030663
-0.487866,0.436059,-207.820656,-66.682253,50.05,70.0,-207.82848935984015,-66.696696035569
0.846426,-0.125202,52.985587,-78.59085,50.05,70.0,52.99063516528057,-78.58062490344649
-0.273672,0.390217,-40.357663,-207.239447,50.05,70.0,-40.34758098046239,-207.22449539702603
0.368938,0.74503,38.452001,5.641357,50.05,70.0,38.45335095049547,5.625112652463166
-0.284347,0.975334,144.159379,-58.621928,50.05,70.0,144.17554811075718,-58.62587431337428
0.446127,0.052059,-137.907957,5.644526,50.05,70.0,-137.9069233830241,5.643730160912483
0.962186,-0.544135,-123.373441,113.73992,50.05,70.0,-123.37486638457851,113.7487227434062
0.723394,0.075755,-1009.506641,-1617.722507,50.05,70.0,-1009.5233455679289,-1617.733208677162
-0.784108,-0.504467,-44.845453,-9.918926,50.05,70.0,-44.83301992128133,-9.926651869328069
-0.577856,-0.01747,-124.01422,-0.526625,50.05,70.0,-124.02395678654703,-0.5342925247286123
0.380726,0.867392,-72.23443,-8.307344,50.05,70.0,-72.22160669859414,-8.327220905015706
0.254992,-0.351578,237.130821,223.499508,50.05,70.0,237.1150377441713,223.49365261459732
-0.968968,0.557856,1.251179,11.136449,50.05,70.0,1.2359386528960317,11.156441552853554
-0.106572,0.836931,-439.23018,327.439594,50.05,70.0,-439.2384846339379,327.4199087135792
0.306524,-0.254892,153.654668,108.873151,50.05,70.0,153.63937850794974,108.87008442074406
0.032009,-0.026389,-198.081915,161.947439,50.05,70.0,-198.0961741876347,161.93361848440887
0.483293,0.710998,56.738165,28.703626,50.05,70.0,56.721388382626,28.7153005206413
-0.252318,-0.703791,162.637101,61.309406,50.05,70.0,162.6176825720025,61.2917311124694
-0.607382,-0.273191,76.913547,-68.024635,50.05,70.0,76.89877261199271,-68.0191585525342
0.474872,-0.832834,75.345564,-217.972376,50.05,70.0,75.34021451544396,-217.95306526479433
0.554068,0.21923,-76.959648,16.372185,50.05,70.0,-76.95607693242628,16.37312185833796
0.597116,-0.276478,-94.671103,-28.561823,50.05,70.0,-94.65128056083826,-28.572205393260447
-0.765302,-0.42756,0.816526,-0.613518,50.05,70.0,0.815047297450334,-0.625296999807062
0.001687,0.354286,-8.913297,-292.554256,50.05,70.0,-8.894578357338494,-292.5375727944049
0.488806,-0.632929,123.887514,20.242753,50.05,70.0,123.90013335651922,20.225638202895276
0.359998,0.481464,-48.085662,9.600743,50.05,70.0,-48.101074549813056,9.598816551433778
-0.041546,-0.260158,-139.221979,-229.09168,50.05,70.0,-139.240780966122,-229.0867877073715
-0.476558,0.496744,-194.193616,-72.458953,50.05,70.0,-194.1766622608781,-72.47848846529175
0.782483,-0.803927,1.048912,-14.635116,50.05,70.0,1.0648112888800385,-14.624967893611272
0.404443,-0.521159,78.191711,-13.155847,50.05,70.0,78.18785115682664,-13.152468667967975
0.886956,-0.933549,0.797008,-1.097267,50.05,70.0,0.8113111624824317,-1.1105648364402663
-0.164663,0.513113,45.075463,-40.55484,50.05,70.0,45.055662814878005,-40.54115696145289
-0.110306,0.079186,-102.057426,-170.474871,50.05,70.0,-102.04056697171139,-170.47047369753636
0.878624,-0.965875,-2.124853,-3.07626,50.05,70.0,-2.1312706908106573,-3.0835167161253794
0.534747,-0.507991,45.019133,-5.384368,50.05,70.0,44.999607670001325,-5.375278365895344
0.19417,-0.587539,-125.706759,-17.29801,50.05,70.0,-125.68685157302265,-17.2784716004761
-0.773894,-0.833871,-126.359878,19.39145,50.05,70.0,-126.35150202149983,19.37259002036142
-0.874865,0.141924,-68.617094,176.159574,50.05,70.0,-68.5988230120343,176.14367499503146
-0.675147,0.812235,-73.251247,172.466245,50.05,70.0,-73.23125992867962,172.46109003744866
-0.764657,0.412447,46.874205,21.0545,50.05,70.0,46.85421349435287,21.04816364896605
-0.006392,0.573056,-126.433729,468.580231,50.05,70.0,-126.44702109294994,468.5650445060118
-0.642172,-0.977545,1.235578,-1.808471,50.05,70.0,1.2281146100719367,-1.78858176861847
0.408532,0.191687,669.637761,-266.854735,50.05,70.0,669.6220547246818,-266.8400871032017
-0.319071,-0.621697,78.504177,20.838008,50.05,70.0,78.49428312457393,20.81832470125613
-0.86472,0.651197,-55.57946,-1.457444,50.05,70.0,-55.59633288167381,-1.4547789536785862
0.661612,-0.27971,-106.129374,-79.491238,50.05,70.0,-106.14935400515589,-79.5104464098879
0.920995,-0.842001,-9.417777,-99.61264,50.05,70.0,-9.437631336741477,-99.63262774788824
0.496137,0.574659,9.872113,2.159112,50.05,70.0,9.852511725215193,2.171467009827545
0.300527,0.961179,9.421189,-76.167114,50.05,70.0,9.434117033416486,-76.18711077992656
0.532875,0.03794,-103.321354,3.703899,50.05,70.0,-103.32783601324297,3.7075822852929776
-0.334849,0.201033,104.629383,9.287116,50.05,70.0,104.64208765433155,9.285682466773792
0.767008,-0.902289,-165.808898,278.171198,50.05,70.0,-165.79361715475775,278.1900798155744
-0.779289,0.487983,-1.709009,-0.697389,50.05,70.0,-1.7022384351838966,-0.7101361387799152
-0.468134,0.067327,262.944503,892.89183,50.05,70.0,262.9394389491018,892.8925100794191
-0.427742,0.932044,43.376843,5.887011,50.05,70.0,43.35850118317654,5.8671415526923285
0.866096,0.480546,-23.172306,32.625485,50.05,70.0,-23.176970503053887,32.60689246883074
0.529628,-0.540326,802.479349,1621.236112,50.05,70.0,802.4946550831925,1621.219414892958
0.74732,0.213172,343.571628,-286.682901,50.05,70.0,343.5566254486626,-286.699485893173
0.778321,-0.754262,-44.093654,-34.504933,50.05,70.0,-44.09885223763699,-34.48795382219969
-0.881516,0.364654,-37.401847,8.536549,50.05,70.0,-37.421115765790184,8.538236433765094
0.745454,0.838322,12.742264,1.518167,50.05,70.0,12.76157552513627,1.5309182382561848
-0.325205,0.271382,100.308073,13.935377,50.05,70.0,100.31872799700916,13.94419025346839
-0.883979,0.966213,-0.774701,0.28819,50.05,70.0,-0.7548693639339839,0.2733120449041403
-0.854086,-0.630014,10.482966,-0.594422,50.05,70.0,10.479592551245839,-0.6053582301634786
-0.649529,-0.635306,-71.316544,91.388361,50.05,70.0,-71.33628878109445,91.38860007065746
0.414428,-0.706161,-28.331898,73.034661,50.05,70.0,-28.31828635283624,73.01548370386301
-0.44908,0.308708,47.292565,11.938466,50.05,70.0,47.29252360839367,11.925167097476981
0.461173,0.940583,-4.899192,10.319686,50.05,70.0,-4.879755058468959,10.335766276701058
0.378574,0.68939,-55.332108,3.606231,50.05,70.0,-55.34670907940329,3.6258307944421952
0.569353,-0.89064,10.81501,-0.985516,50.05,70.0,10.834548712456783,-1.0012175524667177
-0.978494,0.447074,-47.730925,-29.087763,50.05,70.0,-47.7469040683286,-29.067876138252476
-0.024191,-0.571,6.788968,54.057663,50.05,70.0,6.791190337045505,54.04130079485066
-0.798648,-0.875991,-0.935395,-0.671242,50.05,70.0,-0.9311355286166809,-0.6719501315688314
-0.785523,-0.292748,-682.590398,286.257682,50.05,70.0,-682.6095458866346,286.2652566820979
-0.211068,0.583297,143.299804,7.61293,50.05,70.0,143.30695303895865,7.632465701219002
-0.529856,0.718209,2.72874,27.278548,50.05,70.0,2.7094462419440637,27.288021640995172
0.932311,-0.65074,-47.031473,8.442716,50.05,70.0,-47.05108255055508,8.424813492880743
-0.991348,0.41513,81.880364,41.464529,50.05,70.0,81.8799146350783,41.475422831370615
-0.902556,0.738393,-171.681644,-134.331729,50.05,70.0,-171.66966510226968,-134.34631599158308
0.165958,-0.748262,-502.678931,-98.411706,50.05,70.0,-502.69735782495883,-98.39185110413884
-0.036228,-0.879953,1877.376766,131.872121,50.05,70.0,1877.3694619139694,131.8917418800418
0.62685,-0.526502,152.10388,3.227423,50.05,70.0,152.09555800787945,3.246781412549828
-0.920099,-0.107923,445.588885,-246.010249,50.05,70.0,445.60874657734894,-246.02724454641154
0.144311,-0.5625,-991.556259,-77.868348,50.05,70.0,-991.551977416644,-77.84954746519199
0.068561,0.305296,6.93163,-251.566869,50.05,70.0,6.913008973464175,-251.58676781982692
-0.893403,0.570862,32.657251,-10.738805,50.05,70.0,32.6629115629859,-10.718863590280067
0.469927,0.070205,-525.783933,569.631494,50.05,70.0,-525.7648484460226,569.6149129589929
-0.066885,-0.136706,341.69151,56.66389,50.05,70.0,341.70240533891734,56.6807403816276
0.38511,0.54873,-24.522931,5.788653,50.05,70.0,-24.53533395638687,5.768738578210742
0.49839,0.443017,235.527044,-26.114041,50.05,70.0,235.54666839514226,-26.131944032463327
-0.219275,0.648939,194.711815,-35.230795,50.05,70.0,194.7073570371996,-35.211904477899424
0.715195,0.282193,101.32586,60.130324,50.05,70.0,101.30969381453635,60.116869086582845
0.825751,0.399264,-58.020466,-8.445392,50.05,70.0,-58.00080558778126,-8.435891534924858
0.431458,-0.484865,265.980137,43.176022,50.05,70.0,265.9956757041666,43.165333897353705
0.879294,0.300042,179.766513,-191.195112,50.05,70.0,179.75046395740384,-191.1762374193355
0.813099,-0.247587,-99.760531,-170.34603,50.05,70.0,-99.75351283459338,-170.36118971386722
0.803371,0.260905,-99.359986,59.874069,50.05,70.0,-99.37588642861385,59.89226253930195
-0.96644,-0.955634,0.536551,-0.250757,50.05,70.0,0.5175475737205587,-0.26868835827184706
0.665502,-0.909209,-38.800058,51.785371,50.05,70.0,-38.780702410043084,51.79961099182085
0.924088,-0.850256,-46.434232,39.079232,50.05,70.0,-46.422653405298895,39.098298723467295
-0.24656,0.070799,20.228132,1.394831,50.05,70.0,20.24087769509118,1.4112274531109847
-0.075586,-0.365607,245.529466,384.471564,50.05,70.0,245.5236151610921,384.4564673492305
-0.748469,0.480146,5.346961,1.502575,50.05,70.0,5.365808700803812,1.5019497530009958
-0.190985,0.119467,217.267525,231.333972,50.05,70.0,217.27821242110758,231.34985202840437
-0.121323,0.923787,270.51454,138.998923,50.05,70.0,270.5016153295635,138.99658709103338
0.092814,-0.072991,-232.281612,119.727225,50.05,70.0,-232.26187620882297,119.73834514812225
-0.752084,-0.271827,31.611564,-5.682855,50.05,70.0,31.61435369616398,-5.67168445887285
-0.588388,0.962877,-1.058788,1.369639,50.05,70.0,-1.0480795199513668,1.3806254129413837
-0.928175,0.160858,417.373049,-406.344947,50.05,70.0,417.35756168775123,-406.3317131582661
-0.4602,-0.589106,750.12892,305.68468,50.05,70.0,750.1489051222882,305.7029659322721
0.891438,0.398166,57.900348,-9.411662,50.05,70.0,57.899037343853465,-9.393878120492554
-0.021728,0.82442,573.602168,1289.061116,50.05,70.0,573.5832358480847,1289.0418050269136
0.027306,0.92869,-61.742998,-54.330201,50.05,70.0,-61.76290444894564,-54.31683551742581
0.499849,0.965786,-158.396362,-190.49319,50.05,70.0,-158.38568113066398,-190.47408599869235
-0.027721,0.096449,1468.479095,-1130.147151,50.05,70.0,1468.4623807512999,-1130.1647651400324
-0.976642,-0.428927,63.083863,-52.377875,50.05,70.0,63.10201208529713,-52.3717596070947
-0.969849,-0.258431,197.822132,-156.571867,50.05,70.0,197.8334704350457,-156.58950399176683
0.549787,0.266956,-53.356586,35.693699,50.05,70.0,-53.34525544153138,35.674332910302276
0.734176,-0.698451,0.158711,-0.979263,50.05,70.0,0.17837366477370337,-0.9652366886502945
-0.858649,0.681585,-10.356034,3.399127,50.05,70.0,-10.375237744977523,3.400248586972537
-0.604963,0.381995,9.765369,-0.464672,50.05,70.0,9.750770220654372,-0.46203651017095865
0.193747,0.309264,47.032674,18.558928,50.05,70.0,47.01281227141624,18.540972273658674
-0.207337,-0.713085,187.229364,7.44897,50.05,70.0,187.22058801726914,7.468947164769981
-0.817299,-0.337216,56.314252,-18.612751,50.05,70.0,56.332774631862414,-18.604986264698578
0.40526,-0.787352,185.469344,86.271039,50.05,70.0,185.45299463671103,86.25427571022972
0.976043,0.353102,201.609589,-91.463088,50.05,70.0,201.6291340206429,-91.4814834431115
0.590638,0.854531,-86.550165,28.556413,50.05,70.0,-86.56990826718389,28.57050465708015
0.097372,0.536255,170.365507,-179.991183,50.05,70.0,170.34562871434966,-180.00914007510198
0.830161,0.518644,76.227277,-113.829432,50.05,70.0,76.23719532584705,-113.84017614346024
0.844859,-0.460387,-619.0169,917.468125,50.05,70.0,-619.005355100453,917.4517980307877
0.276871,-0.626597,-53.384771,-9.187467,50.05,70.0,-53.4033126603809,-9.20734276050011
0.780525,0.284844,-877.644475,804.664579,50.05,70.0,-877.6270544095139,804.6478778833362
-0.619198,-0.865104,13.172104,-22.719966,50.05,70.0,13.162471737024072,-22.739838613263785
0.194395,-0.802832,-146.227504,-15.354138,50.05,70.0,-146.2471119397253,-15.367283963324732
0.795848,-0.189743,-24.621212,268.650443,50.05,70.0,-24.640724014455607,268.6337571328067
0.990531,-0.146339,-1359.583833,-895.405827,50.05,70.0,-1359.578699050238,-895.3881553433433
0.484015,0.835923,191.733248,19.035234,50.05,70.0,191.74926113249379,19.0174985427239
-0.649415,-0.714433,-8.453359,-15.160744,50.05,70.0,-8.461248497501359,-15.16362802668082
0.522999,0.041697,-332.241261,40.699585,50.05,70.0,-332.228291224719,40.68423941848742
0.804699,0.56839,-20.183253,5.344015,50.05,70.0,-20.163255734808374,5.362548713824683
0.928029,-0.616992,-71.780772,-7.976867,50.05,70.0,-71.7971140801592,-7.962401973830662
0.219223,0.482052,-159.230892,-97.39332,50.05,70.0,-159.2304972517629,-97.39806001905004
-0.145039,0.325251,-41.156512,263.983575,50.05,70.0,-41.1478314144487,263.98373982193164
0.498201,-0.742237,96.208607,-3.397801,50.05,70.0,96.22777328041673,-3.4163790440902746
-0.783671,0.838859,-0.728897,2.221102,50.05,70.0,-0.7487762630656462,2.203578155433826
0.698003,-0.655761,-191.205541,77.075014,50.05,70.0,-191.18828455462284,77.0860956101994
0.626507,-0.289089,-101.268156,-35.572994,50.05,70.0,-101.28683858179073,-35.59010314935285
-0.71966,0.670924,7.163234,-23.640114,50.05,70.0,7.181725745673191,-23.646256023598553
0.217575,0.789525,34.822776,43.744427,50.05,70.0,34.80421345056186,43.73958533730025
-0.456169,-0.833801,-7.416959,-41.270237,50.05,70.0,-7.400195481145581,-41.25389365181034
0.300108,-0.089942,-160.757057,-1431.99243,50.05,70.0,-160.75167434450742,-1431.9745306173536
0.351875,-0.043459,-197.216501,-6.451847,50.05,70.0,-197.23143794634674,-6.433255869804924
-0.419304,0.75509,71.62401,-47.652204,50.05,70.0,71.63359889116369,-47.632208627702056
0.80184,0.533,-135.159934,-22.530052,50.05,70.0,-135.1512873930678,-22.548789244404315
0.127237,0.466923,-468.070996,-8.282634,50.05,70.0,-468.06016187767676,-8.302461203463716
-0.424575,0.171625,109.323071,5.660167,50.05,70.0,109.32254103968391,5.680162262284053
0.508341,-0.310744,30.138214,-237.726389,50.05,70.0,30.120300720519335,-237.70649994118776
-0.669451,0.541222,-176.630786,201.621556,50.05,70.0,-176.62405102564702,201.60288349711723
0.318644,-0.551014,-79.155219,14.072255,50.05,70.0,-79.13626317551258,14.092213309564707
-0.887357,0.183118,-24.75661,133.482841,50.05,70.0,-24.736912807274535,133.47674249735448
-0.334518,-0.238034,-320.001306,168.871686,50.05,70.0,-319.9879686994685,168.85982362508477
-0.636081,-0.607868,-109.693789,186.858733,50.05,70.0,-109.71270887814028,186.85357154302054
-0.431852,-0.144681,335.147193,-39.189539,50.05,70.0,335.1287861876458,-39.19552035785709
0.354201,-0.945157,-147.744623,152.691341,50.05,70.0,-147.74561639463508,152.67332199107656
0.750452,0.841654,-15.534112,-34.157009,50.05,70.0,-15.552276658014428,-34.169916895398714
-0.313008,-0.720319,89.118614,40.50028,50.05,70.0,89.13844178213347,40.517704668836586
-0.400195,-0.08523,-279.560961,379.593828,50.05,70.0,-279.552312558978,379.5742424183632
-0.45441,0.736413,-45.10745,438.774416,50.05,70.0,-45.09019778821444,438.7902474159033
0.894293,0.386801,-393.042853,165.453035,50.05,70.0,-393.05996083952675,165.45598539628384
0.972318,-0.24569,-181.97348,-225.762179,50.05,70.0,-181.95687972472766,-225.75482886418808
0.695216,0.487641,-75.441104,1.051761,50.05,70.0,-75.45819184687056,1.071303077858581
-0.21571,0.557244,146.89816,-118.17457,50.05,70.0,146.8931454608763,-118.1585505789827
-0.397888,0.696261,-696.478241,-364.69842,50.05,70.0,-696.4978325966156,-364.6971358538873
0.065682,-0.080465,-829.506857,278.523364,50.05,70.0,-829.5224144655301,278.53950116165214
-0.377895,0.715712,44.417115,8.540402,50.05,70.0,44.39795303697725,8.529054856541602
0.977024,0.836093,23.15517,-54.581508,50.05,70.0,23.147179092516037,-54.59940163402215
0.221642,-0.86608,-81.421636,110.509899,50.05,70.0,-81.42888344784228,110.51527084653466
-0.198186,-0.909307,88.305583,486.160445,50.05,70.0,88.29136905435284,486.15777009615175
-0.73086,0.432139,-107.29324,13.305904,50.05,70.0,-107.30379712044864,13.291217760358405
0.96322,0.831203,-8.284,9.145601,50.05,70.0,-8.264305161207494,9.128864029533087
0.029926,0.962771,-116.213122,-589.11579,50.05,70.0,-116.19423930572972,-589.1356237410942
-0.708925,-0.895154,-18.086585,-7.719197,50.05,70.0,-18.102212588132403,-7.734832837432431
-0.85037,-0.170923,189.637566,-47.792137,50.05,70.0,189.63359960489896,-47.775333075808796
-0.703625,0.176583,69.529535,255.755097,50.05,70.0,69.5266001366228,255.74547889713776
-0.177344,-0.622338,57.9037,-44.162904,50.05,70.0,57.88799581159862,-44.145275975171515
0.357493,0.384691,168.915455,-18.001746,50.05,70.0,168.8976539807241,-18.019189662123832
-0.494846,-0.880183,-105.781039,-27.447537,50.05,70.0,-105.76429228161118,-27.438780696384764
0.765148,-0.165003,89.361511,234.105636,50.05,70.0,89.38070470230667,234.1209148140216
0.790613,-0.173317,-76.195928,-12.947767,50.05,70.0,-76.21480839713554,-12.961012745508631
-0.931507,0.157864,-24.373301,36.701567,50.05,70.0,-24.354054317769766,36.68571345772003
-0.780061,-0.481031,2.033539,-1.202117,50.05,70.0,2.038923732649623,-1.2168469699074465
-0.684564,0.532761,124.095692,3.866071,50.05,70.0,124.1049417561315,3.8663492093472334
0.107848,0.605066,-64.506518,29.02781,50.05,70.0,-64.49480327845265,29.01788380240876
-0.649894,-0.776627,0.677105,-0.808193,50.05,70.0,0.6927637319925926,-0.8276009147626456
-0.761777,0.819934,-39.891599,11.942103,50.05,70.0,-39.89200406393844,11.941440351238938
0.627,-0.01142,977.019559,-199.367601,50.05,70.0,977.0358636878617,-199.38753896711097
0.063498,-0.781582,-23.725825,125.663231,50.05,70.0,-23.725872514314478,125.6778457340037
-0.049294,-0.483085,578.236502,788.1128,50.05,70.0,578.2534046437032,788.1249598184602
0.792679,0.563162,-97.226741,-74.831696,50.05,70.0,-97.22065974917818,-74.84544017860017
-0.92799,-0.736159,0.513716,0.297298,50.05,70.0,0.5336449665204533,0.2804925713477085
-0.621033,0.297827,94.440194,33.777616,50.05,70.0,94.42644570621536,33.789052428456074
-0.421557,0.886921,-53.942562,3.607126,50.05,70.0,-53.95710177005009,3.6250099745455717
0.478549,0.979768,121.497407,40.521718,50.05,70.0,121.51740117474228,40.51372484466072
0.95252,-0.990916,-0.808408,-0.794149,50.05,70.0,-0.7936608190958035,-0.8065741897520677
-0.330154,-0.897535,-573.409099,-17.309413,50.05,70.0,-573.389333448326,-17.316124180484405
-0.863356,-0.425055,24.304967,-6.157295,50.05,70.0,24.316741029905433,-6.168146807476694
0.104595,-0.066787,-150.327994,59.647682,50.05,70.0,-150.3237682484292,59.63373819603697
-0.496596,-0.292931,72.063106,-28.751157,50.05,70.0,72.07684781080889,-28.762502138089463
0.711259,0.137336,42.602114,-73.031749,50.05,70.0,42.588717142029594,-73.01544509897585
0.210823,-0.694269,-90.688111,113.695429,50.05,70.0,-90.68509998597058,113.70535937198441
-0.587198,0.962991,18.296011,-147.823,50.05,70.0,18.310913555454686,-147.84161843258755
0.995593,0.93841,0.89368,0.876591,50.05,70.0,0.8747554878663361,0.8717594925375036
-0.138373,0.365221,-15.207761,-46.232515,50.05,70.0,-15.188410334583926,-46.21648003071198
0.274997,-0.120079,-150.612747,0.096414,50.05,70.0,-150.60347471471238,0.1085542279543652
-0.172794,-0.154985,308.973447,-32.240698,50.05,70.0,308.9900821342052,-32.226711599847526
-0.840361,0.05067,246.207903,22.025398,50.05,70.0,246.20449477272098,22.04327617796364
-0.388491,0.626539,-39.714869,1.975923,50.05,70.0,-39.72365531853326,1.9600499613812798
0.240146,0.12865,-24.401386,1.755027,50.05,70.0,-24.38928795731957,1.7376229533514518
0.214021,-0.943204,-147.126358,162.870393,50.05,70.0,-147.13892558097493,162.88795318705857
-0.424347,0.001929,-252.618134,6.851572,50.05,70.0,-252.61223010798426,6.871282261420651
0.417236,0.489992,71.25018,39.002596,50.05,70.0,71.25482198816752,38.99630720933132
-0.708386,0.154884,-6.676655,189.019634,50.05,70.0,-6.666696251874004,189.01190919315783
-0.865975,-0.445392,-147.972084,12.180497,50.05,70.0,-147.99081198012735,12.180803989536011
0.293725,0.637099,-49.045654,-7.95377,50.05,70.0,-49.06321578768264,-7.93410776332668
-0.284315,-0.48629,115.569722,12.49401,50.05,70.0,115.56264277702212,12.513593503635033
0.930573,0.142173,94.148927,-29.742348,50.05,70.0,94.16634357108438,-29.724741628982066
-0.495239,0.514127,-203.921453,85.732944,50.05,70.0,-203.90171705566345,85.72974877266286
0.925821,0.274904,-31.518531,80.699591,50.05,70.0,-31.49891666687539,80.71701630191562
0.319765,0.29529,105.99478,15.785962,50.05,70.0,105.98717634897145,15.774414044863244
0.946456,-0.90956,-0.210772,0.113692,50.05,70.0,-0.20000530236301725,0.12357638191510689
-0.967039,0.973551,-0.933957,0.7919,50.05,70.0,-0.948551331543889,0.7910481781370747
0.470475,-0.725703,20.170768,-3.9801,50.05,70.0,20.153410148298533,-3.961133458191059
-0.892668,0.923987,-15.077187,-9.890424,50.05,70.0,-15.062654970306003,-9.87042551009907
-0.548343,-0.000453,-78.215489,-0.133422,50.05,70.0,-78.22786336304618,-0.13240563053586435
0.384043,0.605291,333.83992,-79.730117,50.05,70.0,333.8334073236386,-79.74068806479097
-0.873108,-0.323127,22.793109,-24.069388,50.05,70.0,22.77665187631956,-24.056464118676825
-0.790234,0.531396,44.777444,-1.928381,50.05,70.0,44.78175250022457,-1.9418172753567957
-0.821708,-0.438955,0.415295,-53.50571,50.05,70.0,0.42476348858422697,-53.515398025726476
0.478034,0.322567,-52.689758,16.352626,50.05,70.0,-52.688125398456904,16.370678274419205
-0.624137,0.137095,146.777735,21.639114,50.05,70.0,146.79737743577115,21.645534098690334
0.157218,0.360664,24.57069,104.411575,50.05,70.0,24.581203263637807,104.39266283176056
-0.318986,0.796363,-10.624513,9.283914,50.05,70.0,-10.61156268731168,9.264718014531361
0.467114,0.779525,25.953318,3.501821,50.05,70.0,25.93384624815419,3.490371764683661
-0.520984,-0.183963,196.086531,-80.587785,50.05,70.0,196.07197559175933,-80.5684355084366
0.135965,-0.827989,-57.723016,145.638107,50.05,70.0,-57.735261908579254,145.6564378844578
-0.005814,0.290433,9.307624,-284.165154,50.05,70.0,9.292920964032426,-284.1818197350738
-0.693657,-0.297401,116.301262,-52.937889,50.05,70.0,116.2869754578821,-52.95692546149058
-0.41467,0.649003,60.210664,594.634172,50.05,70.0,60.2294747535555,594.651330544858
-0.214142,0.914687,193.049565,-148.642058,50.05,70.0,193.0300630116255,-148.65629201040989
-0.854962,0.654611,-56.159181,-17.072433,50.05,70.0,-56.148912635750705,-17.079788914802403
0.05507,-0.430257,361.060794,-102.778403,50.05,70.0,361.0802130509247,-102.78726386654529
0.676882,0.351039,141.853098,49.697439,50.05,70.0,141.84716132271092,49.71228299315205
-0.07999,-0.390037,619.611676,-150.393328,50.05,70.0,619.6297299301765,-150.37530189947685
0.654576,-0.540563,15.818289,-3.350149,50.05,70.0,15.835565181157751,-3.3671824422369045
0.754839,0.578231,-175.483216,-7.762555,50.05,70.0,-175.50116243074785,-7.7748025853637115
0.324099,-0.86336,-83.633334,44.006144,50.05,70.0,-83.63095496144449,43.98725478847165
-0.497871,0.277014,67.482958,11.69205,50.05,70.0,67.50180784568076,11.68601704833158
-0.218705,0.222576,-10.247749,-0.474063,50.05,70.0,-10.261690038226739,-0.4628108939477681
0.840692,-0.48501,-68.489045,-4.177102,50.05,70.0,-68.50692001630082,-4.197100648432566
0.434227,0.053497,-458.978286,136.040497,50.05,70.0,-458.958308725226,136.04133682194785
-0.868029,-0.969902,21.584855,83.069584,50.05,70.0,21.597080802379743,83.07847499499675
0.859662,0.345668,56.201611,10.27768,50.05,70.0,56.219638354632096,10.274405064672576
-0.36317,0.202711,107.040757,-30.929566,50.05,70.0,107.05379048962021,-30.92108772076618
0.958169,-0.055601,-405.171304,-74.874291,50.05,70.0,-405.1613329314261,-74.89211564396548
-0.493949,0.203281,-102.030551,-112.766047,50.05,70.0,-102.01062430809242,-112.75907548330372
0.5458,-0.740539,32.152432,2.638509,50.05,70.0,32.16415298505373,2.621364444782367
-0.238836,-0.121807,-639.680037,559.662461,50.05,70.0,-639.6650543787114,559.6817946297748
0.787854,-0.541001,-5.587938,-1.147464,50.05,70.0,-5.577554843117762,-1.1663545466052627
-0.6081,-0.331325,-919.453342,-483.200572,50.05,70.0,-919.4509853004005,-483.2093457664941
-0.584547,-0.486372,-41.215845,1.510841,50.05,70.0,-41.19673695051066,1.5168450738676011
-0.456087,0.539946,129.437252,-7.533688,50.05,70.0,129.43786534068306,-7.513691302619421
0.864985,-0.198947,-195.388835,-289.609339,50.05,70.0,-195.39334620961708,-289.6292559920014
0.292231,-0.475811,45.011088,23.411028,50.05,70.0,44.99651687577672,23.41939386132938
-0.951246,0.402485,40.052881,-80.421083,50.05,70.0,40.053249872273646,-80.40711339696367
0.567863,0.072523,-84.993682,6.130753,50.05,70.0,-85.00749173187093,6.117604526950373
0.901875,-0.180419,-240.014961,-339.181335,50.05,70.0,-240.00445005996775,-339.16133684649145
-0.307618,-0.143102,228.716409,-70.11552,50.05,70.0,228.73557376813153,-70.09553790638397
0.881758,-0.296868,974.549789,-816.513274,50.05,70.0,974.5697445053806,-816.5330818226745
0.546085,0.05031,174.383698,122.310085,50.05,70.0,174.40114650226656,122.31260882578184
-0.434127,-0.368668,-1.192434,-1.954028,50.05,70.0,-1.1856632527738191,-1.9350496890561828
-0.20309,0.661243,138.23654,-146.727268,50.05,70.0,138.25648458955868,-146.70727844246562
-0.493862,-0.345867,-0.310984,-2.451478,50.05,70.0,-0.30490224634110447,-2.4511604868031047
-0.979034,-0.62591,5.233728,5.976088,50.05,70.0,5.213740466518,5.986283058139506
0.32262,0.268664,-94.166006,21.202318,50.05,70.0,-94.18038874923587,21.220669428911503
-0.558185,0.589953,-848.855288,-637.105066,50.05,70.0,-848.8542959924057,-637.1250636789927
-0.666887,-0.363611,-81.190592,-28.284136,50.05,70.0,-81.1896121806013,-28.29959260135916
0.784502,-0.871247,286.825215,220.562108,50.05,70.0,286.82298924829104,220.56232742287273
0.950967,0.895808,0.920516,0.970357,50.05,70.0,0.9007099980620001,0.9681652313255192
-0.157166,0.518957,-56.160811,220.970975,50.05,70.0,-56.17748460927647,220.96377090259395
0.114071,-0.802991,-51.275388,155.362476,50.05,70.0,-51.29026743304192,155.36909176514735
0.138513,-0.004178,-182.963256,5.375181,50.05,70.0,-182.9435523704907,5.358820389260709
-0.218146,-0.377532,49.118858,254.987461,50.05,70.0,49.10841598253462,255.00451083161238
0.827293,0.309633,-119.235604,48.793414,50.05,70.0,-119.253216284968,48.808389502017235
0.009774,0.27506,-1106.574093,421.958494,50.05,70.0,-1106.593641009529,421.9411955664739
0.938547,0.154581,-292.187692,446.133549,50.05,70.0,-292.1849613367962,446.1136447208203
0.043316,0.011083,-190.412566,-42.543106,50.05,70.0,-190.39674197888104,-42.562849729431655
0.278271,0.906888,-74.140925,-62.160448,50.05,70.0,-74.14520040302531,-62.14044810943672
0.069507,0.197208,173.483641,-39.550376,50.05,70.0,173.4802877687072,-39.53151180417598
0.477689,0.513898,51.503259,72.511747,50.05,70.0,51.4841242164452,72.53165813609166
-0.918194,-0.088195,-164.23179,-1040.829725,50.05,70.0,-164.25168929441514,-1040.836911209379
-0.301495,0.779195,121.477959,-45.087023,50.05,70.0,121.49173099184844,-45.09675831583292
-0.075406,0.658565,45.805037,-191.131368,50.05,70.0,45.793535868347,-191.1504080789089
0.505172,0.421484,126.523046,-56.183024,50.05,70.0,126.54238698786723,-56.19110041977301
-0.110808,-0.357859,240.272501,264.11302,50.05,70.0,240.29029041269237,264.1188670329282
-0.540052,-0.660151,31.861298,-4.556583,50.05,70.0,31.875529909068007,-4.568783006383434
0.85033,-0.507404,42.183594,-10.720573,50.05,70.0,42.187484827863415,-10.738741776949292
0.060451,-0.001068,-753.408103,-1653.685076,50.05,70.0,-753.4032230803641,-1653.704346484004
0.05311,0.620337,-312.912761,-622.559742,50.05,70.0,-312.92269182793353,-622.5397676624249
0.01191,0.164332,-871.244955,1559.915074,50.05,70.0,-871.2281343510182,1559.9071649437437
-0.067894,0.902096,249.766844,330.064152,50.05,70.0,249.75018279583477,330.06517435819285
-0.467825,-0.727057,-2.153624,61.138299,50.05,70.0,-2.1699734340596315,61.13378903774318
0.353587,0.744838,-59.843307,199.026069,50.05,70.0,-59.8296081294415,199.01164457920416
0.497544,0.215303,-108.51734,94.2629,50.05,70.0,-108.51582940074063,94.25060660437342
0.604904,0.621614,-45.790753,99.811329,50.05,70.0,-45.781935255421125,99.79277430171987
-0.532631,0.065957,-252.620849,56.382065,50.05,70.0,-252.63564823945626,56.40172740049173
0.541742,-0.949445,27.395818,-7.259795,50.05,70.0,27.415527459591768,-7.2535072841816906
0.685369,0.993037,75.245725,24.176548,50.05,70.0,75.26567799015446,24.1910103196273
-0.030094,0.203332,173.147579,-7.98876,50.05,70.0,173.13195102071998,-7.984217608544746
-0.598011,-0.769592,-55.464645,70.561066,50.05,70.0,-55.44841221549663,70.57406813385786
-0.527799,-0.714675,-130.018653,-10.633817,50.05,70.0,-130.02336799732277,-10.653350473628567
0.458092,-0.843935,71.9473,-86.471773,50.05,70.0,71.9657991305248,-86.47225577638284
-0.021175,0.110971,132.409622,-475.239109,50.05,70.0,132.391354496183,-475.25263689067674
-0.916342,-0.952942,1.17393,-0.954384,50.05,70.0,1.1938945710420716,-0.9360698822386206
-0.095814,-0.347783,126.202342,-111.126158,50.05,70.0,126.1939844157686,-111.14418072194735
0.811919,-0.0792,-75.79777,-5.745437,50.05,70.0,-75.78901937913183,-5.753718661787003
0.888181,-0.33406,37.72737,-4.084812,50.05,70.0,37.707370137474065,-4.065011298975083
-0.550927,0.56866,1.567816,1.622604,50.05,70.0,1.5871487349731928,1.6229020216494874
-0.526776,0.479624,-82.473199,25.501058,50.05,70.0,-82.45392778922768,25.487374980726024
-0.967491,-0.619233,48.769143,-8.005754,50.05,70.0,48.75463060698565,-7.998479115088098
0.559157,-0.251452,-74.28923,-60.856571,50.05,70.0,-74.29795869684331,-60.841777605544266
-0.152754,0.657543,109.227067,-349.594051,50.05,70.0,109.2081207444695,-349.57651650879717
-0.678796,-0.523052,-279.641579,-198.509591,50.05,70.0,-279.6376973214508,-198.5291956458544
-0.936486,0.479983,299.04586,-258.744734,50.05,70.0,299.0573583494143,-258.72501826892426
-0.924876,-0.397612,1716.212152,-351.356782,50.05,70.0,1716.2239932649163,-351.3607470219844
-0.661262,0.177004,-73.457622,-127.132769,50.05,70.0,-73.47508988601884,-127.15199985906038
0.906976,-0.45804,14.640846,-32.672778,50.05,70.0,14.640824559737492,-32.684450688960304
-0.283331,0.063006,493.060697,260.347493,50.05,70.0,493.07868247653363,260.334244544706
0.949718,-0.090147,-567.884259,-888.102911,50.05,70.0,-567.8644192153411,-888.0861649297545
0.89312,0.6726,-101.830617,27.252084,50.05,70.0,-101.8490470832973,27.271623207302433
0.387026,0.750389,-45.88352,4.198834,50.05,70.0,-45.86672330672856,4.178900119453696
-0.219993,0.586031,190.802509,-88.777317,50.05,70.0,190.81844548525183,-88.76704844211373
-0.582275,-0.290591,97.727712,-44.236836,50.05,70.0,97.7085940871509,-44.234423839280645
0.039015,-0.268035,-242.966656,-563.417789,50.05,70.0,-242.9825639757863,-563.4292089334489
-0.865776,0.89545,0.816459,0.772823,50.05,70.0,0.8032334222627016,0.7610385861184705
-0.17065,-0.119016,-19.274896,130.107128,50.05,70.0,-19.279376855009318,130.09657377099137
-0.302501,-0.135655,165.262919,-187.463255,50.05,70.0,165.24490251457485,-187.48319768145376
0.038441,0.077497,-3.305987,515.680306,50.05,70.0,-3.2910137988379256,515.6666904348317
0.48645,-0.229114,-23.643426,-10.438691,50.05,70.0,-23.662163756749532,-10.430766429795113
-0.717689,-0.193277,12.304804,0.37382,50.05,70.0,12.323920728264568,0.3790188615787808
-0.41349,0.472585,-7.837417,18.539286,50.05,70.0,-7.857413218370341,18.54094057024611
0.743277,0.258592,-132.310558,133.119075,50.05,70.0,-132.31875459775742,133.11417467566002
0.15449,0.511132,-85.44833,-136.044139,50.05,70.0,-85.46828660671234,-136.02414123524895
0.595223,-0.086865,-252.772361,-43.950924,50.05,70.0,-252.76923653573388,-43.9391534214699
0.053261,-0.838096,-19.939678,132.89428,50.05,70.0,-19.959671971428758,132.90773946828867
0.119382,0.459083,-23.414521,96.963094,50.05,70.0,-23.397582221677926,96.94965084068738
-0.189453,-0.134158,305.978212,-75.312042,50.05,70.0,305.9865659272553,-75.33200033157334
-0.78582,0.729791,-60.946788,-88.031834,50.05,70.0,-60.95338601613619,-88.05183399700356
-0.402798,0.176855,85.107479,11.64123,50.05,70.0,85.12740390257649,11.638272692710741
0.407343,0.213956,-70.020985,46.478063,50.05,70.0,-70.02273359192813,46.47443016189857
-0.044765,-0.368028,350.924771,667.199582,50.05,70.0,350.9174736942393,667.1986951315029
0.55283,-0.588832,23.558311,-4.593151,50.05,70.0,23.574860619245563,-4.5935143701982755
-0.498674,0.786138,-5.978499,-0.650415,50.05,70.0,-5.976293845615921,-0.6494680583399355
0.625152,0.925126,-3.394914,13.405491,50.05,70.0,-3.412302222952538,13.399500598517996
0.585486,0.268621,-91.663042,-27.952344,50.05,70.0,-91.68302667231777,-27.933607230850903
0.719692,-0.138684,-314.645885,-321.01441,50.05,70.0,-314.65144662484994,-321.0295968477091
-0.858755,0.906016,7.824166,-1.476798,50.05,70.0,7.806334558459553,-1.4738274681972061
-0.582959,0.202549,84.766096,133.381505,50.05,70.0,84.78163595495656,133.36230911627578
0.238318,-0.593888,-19.320255,-2.035881,50.05,70.0,-19.306554659914262,-2.0499849131480974
0.522061,0.274835,-33.433614,6.996948,50.05,70.0,-33.44190086015386,6.981193133359458
-0.855614,-0.312808,135.218291,-73.864123,50.05,70.0,135.23795530083189,-73.88005635496124
0.627958,0.096328,-315.952506,95.149667,50.05,70.0,-315.9720955166547,95.131733313565
0.983712,-0.75497,-0.654953,-1.166241,50.05,70.0,-0.6462180431615272,-1.1860639132114106
-0.784077,0.013388,105.690961,1.407019,50.05,70.0,105.70462169634422,1.4227296619315246
-0.98549,0.875489,16.236823,-60.387247,50.05,70.0,16.230090314655573,-60.369669466480495
0.342655,-0.990043,-90.303277,47.052938,50.05,70.0,-90.29632971199246,47.065789270422805
0.346433,0.496588,-55.165807,4.928176,50.05,70.0,-55.17525234590629,4.944323360704334
0.151618,0.242438,-267.368416,-113.892524,50.05,70.0,-267.35359880223336,-113.89063868543312
0.652966,0.402395,80.515655,26.888568,50.05,70.0,80.52768926034827,26.906538356209058
-0.950969,-0.93987,-0.860631,-0.990872,50.05,70.0,-0.841213648563353,-0.998830133571281
-0.400582,-0.576921,6.379821,-21.517201,50.05,70.0,6.36587168789361,-21.499490546075414
-0.314314,-0.676556,8.615522,-0.229544,50.05,70.0,8.597285395655057,-0.2171853683478211
-0.878732,-0.857011,6.193488,-2.083456,50.05,70.0,6.2102359240776215,-2.065433912488942
0.20979,-0.061233,70.862041,-198.99955,50.05,70.0,70.84653586857799,-199.01497791343596
0.851703,0.57367,-15.373574,1.520942,50.05,70.0,-15.354192152693582,1.5229615523610718
-0.323949,-0.609959,77.934835,-3.736858,50.05,70.0,77.93812529270134,-3.7169940017033167
0.420471,0.856414,-70.554591,-41.434014,50.05,70.0,-70.5511079483011,-41.42181149714744
-0.255404,-0.582116,91.537728,63.687009,50.05,70.0,91.5196041864828,63.698084797010424
0.38094,0.462998,46.925045,157.189556,50.05,70.0,46.935492206695926,157.17865292827358
-0.391304,-0.643244,12.360277,-1.692748,50.05,70.0,12.34388127163686,-1.68245964977778
0.991941,-0.452397,-42.001213,-34.801578,50.05,70.0,-41.98242899268742,-34.81931195824562
0.560729,0.168602,-157.839896,230.816032,50.05,70.0,-157.85785998818525,230.80022877094123
-0.307523,-0.54153,-135.317516,-116.201683,50.05,70.0,-135.32121902780847,-116.20994101783666
0.511648,-0.734944,12.159515,-1.962932,50.05,70.0,12.16711658618988,-1.971873304721551
-0.208218,0.47224,284.624695,96.88625,50.05,70.0,284.63641285654876,96.8662532388601
0.935845,0.747505,-0.723006,0.749428,50.05,70.0,-0.7343902436921956,0.7316278740575411
-0.68516,0.51914,-46.152331,68.57609,50.05,70.0,-46.1609735531335,68.57319213587637
-0.809023,0.752267,36.096644,10.803283,50.05,70.0,36.08519747446734,10.800129068959599
-0.651487,0.460587,-344.835219,-240.989519,50.05,70.0,-344.8154341517933,-241.0064824366058
-0.909826,0.550737,-51.886245,-39.541398,50.05,70.0,-51.89047964735487,-39.546342805718346
0.229979,-0.742389,-175.613836,111.426154,50.05,70.0,-175.6313691511065,111.42603466714112
0.674543,-0.951672,-7.633414,-11.69644,50.05,70.0,-7.652112590641931,-11.678590176964978
-0.753696,0.623594,0.888904,0.319568,50.05,70.0,0.9088966868431247,0.3142744596417526
0.745279,-0.101951,408.709988,-365.712207,50.05,70.0,408.7069179737699,-365.71108596463984
0.506243,0.419097,48.559974,1.707706,50.05,70.0,48.57546809409457,1.6952305407646981
-0.234741,0.708324,184.597796,-61.297769,50.05,70.0,184.61745999763423,-61.281718252597095
0.80712,-0.727791,-13.165086,22.135045,50.05,70.0,-13.178265904833836,22.115263686850643
0.02272,-0.143422,-254.524866,-101.990767,50.05,70.0,-254.5418643122298,-102.00999194383448
-0.490262,0.165351,189.310945,49.745385,50.05,70.0,189.30064332480543,49.73351404338604
-0.94707,0.599758,27.911188,-2.631778,50.05,70.0,27.900018945699635,-2.6269281718548028
0.134114,0.045836,27.150207,-78.946275,50.05,70.0,27.16811473829581,-78.96204351331649
0.37234,-0.080416,3.310969,-500.374633,50.05,70.0,3.2925899761969233,-500.3878794525399
0.453171,0.45036,45.545265,71.132023,50.05,70.0,45.53300036983147,71.13280564781692
-0.805023,-0.023698,608.406933,-79.808316,50.05,70.0,608.4081185644543,-79.79705916194213
-0.290952,-0.028002,669.50274,-166.686852,50.05,70.0,669.5185571245898,-166.68392796632577
-0.624479,0.377247,193.404202,236.062051,50.05,70.0,193.38818656288504,236.07867507149933
0.395883,-0.398627,72.335608,-38.064004,50.05,70.0,72.3162480136605,-38.08246481747682
0.281824,0.61692,-39.820326,-72.953343,50.05,70.0,-39.82703282034361,-72.96093758307329
0.578099,0.106044,22.828201,459.064636,50.05,70.0,22.846701107757887,459.0746970457821
0.275178,0.908976,-61.802014,-43.415314,50.05,70.0,-61.795976154792,-43.40685304272847
-0.839574,-0.715926,-25.393413,-0.598094,50.05,70.0,-25.396423961709367,-0.5928087825564792
-0.562503,0.0201,418.776477,33.780957,50.05,70.0,418.7629732583459,33.7807393766466
-0.176688,0.398442,-142.415457,223.825108,50.05,70.0,-142.40229104265845,223.81540475057372
0.609245,-0.424807,-0.291837,-2.535755,50.05,70.0,-0.29408035669972354,-2.5335274050855006
0.274923,0.632851,-135.7423,-41.348379,50.05,70.0,-135.73095405529946,-41.32854130889333
0.332967,0.181765,-161.014444,81.54192,50.05,70.0,-161.02728922778596,81.5554984730935
0.930318,-0.146474,17.79725,0.092658,50.05,70.0,17.806187874233938,0.10309708799440861
0.216841,0.443302,-169.041473,-88.140848,50.05,70.0,-169.05690392966355,-88.16070669664951
0.57843,-0.319249,71.716005,-47.0781,50.05,70.0,71.71146591813674,-47.05999189041126
0.378596,-0.931235,112.739078,-47.642294,50.05,70.0,112.74952444043149,-47.64666818148079
0.732095,0.321749,86.613518,73.852345,50.05,70.0,86.59367302152485,73.87015643024168
-0.371999,-0.193859,96.952531,-70.861884,50.05,70.0,96.93979177680097,-70.85037081785829
-0.196593,-0.130274,276.64495,-20.357385,50.05,70.0,276.6259330579761,-20.345332061184482
0.489638,-0.662015,26.608474,-6.40264,50.05,70.0,26.59722619859546,-6.393487579572813
-0.482086,-0.413043,89.107225,12.981376,50.05,70.0,89.12473592912224,12.998213676183507
-0.021848,0.797484,1529.229525,881.17671,50.05,70.0,1529.2491257486104,881.1943670581475
-0.68137,0.217506,1500.650974,739.203317,50.05,70.0,1500.6709288962566,739.2118210046137
-0.380517,0.644504,-99.560808,47.011854,50.05,70.0,-99.5501812427126,47.01461308454445
0.17053,0.105385,-309.454524,-143.297402,50.05,70.0,-309.45857350725004,-143.29816657578763
-0.791935,-0.046481,-61.331383,313.737005,50.05,70.0,-61.3485319738492,313.74389359451516
0.786417,-0.694476,26.973776,-2.178441,50.05,70.0,26.993669243014757,-2.197960675380131
-0.057582,0.213897,599.758566,636.112675,50.05,70.0,599.7776775300428,636.1098318215544
0.972415,-0.620387,-0.300552,0.337058,50.05,70.0,-0.2806829448740407,0.33841767699152625
-0.852321,-0.955099,0.848671,-0.892134,50.05,70.0,0.8680407141570169,-0.9011744960348579
-0.342814,0.329438,-149.864199,-42.270823,50.05,70.0,-149.84894591060763,-42.27184549642741
0.856337,0.451711,-142.010412,-72.001792,50.05,70.0,-142.02953870787718,-71.9818191590959
-0.098566,-0.595865,33.87842,84.052395,50.05,70.0,33.86536148847978,84.07175378705578
-0.704195,0.592145,66.211439,-0.693664,50.05,70.0,66.21785790459516,-0.7010978218049421
0.175011,-0.590479,-20.553891,222.209387,50.05,70.0,-20.571500511250857,222.19700346689962
-0.188165,-0.48833,249.811684,68.18111,50.05,70.0,249.83166572964922,68.18654748672837
0.640964,0.683284,-107.274188,-301.304993,50.05,70.0,-107.25436011691212,-301.3183213373091
-0.04853,0.360331,786.918174,745.799753,50.05,70.0,786.9196070671036,745.8047771706027
0.090685,0.143519,-740.924121,13.032485,50.05,70.0,-740.9096211882902,13.016969657131911
0.119102,-0.257807,-337.08071,197.067799,50.05,70.0,-337.0987215675517,197.06901641994887
-0.962064,0.582998,37.949115,25.472407,50.05,70.0,37.96895257486564,25.47871314766003
0.448871,0.177941,-78.240122,12.306609,50.05,70.0,-78.25938677323269,12.305163768173514
0.647276,0.76302,-50.740098,-42.941038,50.05,70.0,-50.7577077500462,-42.955416873592995
0.073404,-0.295471,-60.015646,-111.71221,50.05,70.0,-60.00366294703976,-111.71108795778643
0.024394,-0.002115,-665.887311,58.409559,50.05,70.0,-665.8849103665825,58.42546058847809
0.460715,-0.755211,284.762309,86.782155,50.05,70.0,284.76955974289217,86.76647947241752
-0.833112,-0.11361,191.738751,-29.810301,50.05,70.0,191.75844849720525,-29.82777542458957
0.55623,0.560537,-92.670052,-73.093012,50.05,70.0,-92.6873032443774,-73.09370498934942
0.950242,0.723237,-26.677311,6.544645,50.05,70.0,-26.658001303288177,6.547260145565518
-0.562123,0.404398,-220.318754,-46.700272,50.05,70.0,-220.3358327294225,-46.70925019586425
0.721687,-0.60482,-19.050076,-6.009626,50.05,70.0,-19.03048667594793,-5.99886375346225
0.78516,0.186974,-98.20429,18.642579,50.05,70.0,-98.22148606879968,18.654487592346513
0.479497,0.902171,30.395677,22.858758,50.05,70.0,30.414291969608517,22.86634065136408
0.794835,0.790455,-92.341083,-43.720458,50.05,70.0,-92.32176345472787,-43.740339948378846
-0.817362,0.605222,-18.485382,3.527249,50.05,70.0,-18.504117593815124,3.522299500772732
-0.032976,-0.22333,1718.147932,730.407603,50.05,70.0,1718.1678917610764,730.4065125657902
0.501016,0.581845,96.911539,-66.409275,50.05,70.0,96.92795084213066,-66.3946743435113
-0.926292,-0.190369,35.388933,-322.677597,50.05,70.0,35.408609310092714,-322.6670526963994
0.465911,0.571527,-53.413369,29.970171,50.05,70.0,-53.429585875388526,29.95018090244234
-0.351482,0.649917,-50.69337,33.48395,50.05,70.0,-50.7092253895921,33.47318024534765
-0.850666,0.854324,-0.311553,0.182654,50.05,70.0,-0.29572287072648823,0.18291461915955728
0.61672,-0.790418,13.906092,-3.946421,50.05,70.0,13.890644789573084,-3.9281220750837873
-0.5472,-0.789127,-56.326333,-14.978637,50.05,70.0,-56.31665617405805,-14.969773766931853
-0.859705,0.944841,0.915392,0.879954,50.05,70.0,0.8963613727567966,0.8772536924831075
-0.063476,-0.847589,112.731983,-170.312953,50.05,70.0,112.73582214068199,-170.31801660725006
0.572772,0.574461,49.557059,10.995651,50.05,70.0,49.5370590014712,10.977233868693775
0.967871,-0.985919,-0.608472,-0.601397,50.05,70.0,-0.6111560304815605,-0.6212986095828994
-0.347843,-0.195836,-27.243377,-53.107136,50.05,70.0,-27.263326468095983,-53.11569811022554
0.589048,0.124474,-171.341117,25.362053,50.05,70.0,-171.32288994250266,25.350406480609895
0.040353,0.208515,131.737894,-81.011851,50.05,70.0,131.73379921487526,-81.0018127409853
0.507992,-0.179738,-367.928664,-1199.889775,50.05,70.0,-367.9119096146132,-1199.885004993429
-0.856779,0.110108,468.751992,433.886696,50.05,70.0,468.77172444921047,433.90652243266067
0.584715,-0.702349,78.535244,-20.843947,50.05,70.0,78.54564957682402,-20.863941773654954
-0.381185,-0.574581,-73.888959,-19.122318,50.05,70.0,-73.90853209566131,-19.116261447393953
-0.985697,-0.612771,283.211211,-307.105285,50.05,70.0,283.1981382240749,-307.1191870800503
-0.838747,-0.815777,-27.354126,-7.908806,50.05,70.0,-27.37337926581668,-7.90658360774719
-0.769266,0.94227,22.390767,2.898201,50.05,70.0,22.40952799470634,2.906489225076042
0.728516,0.174723,248.542317,-57.86708,50.05,70.0,248.53623724206125,-57.86287774064855
0.57547,-0.081465,68.596592,30.184449,50.05,70.0,68.5991013219595,30.167391830577788
0.817153,-0.11682,110.051741,-203.124817,50.05,70.0,110.06727812748444,-203.1425569850681
0.605889,-0.817476,-38.020805,-72.008834,50.05,70.0,-38.03971407794268,-72.00958721099394
0.688591,-0.848065,-13.24588,-131.958368,50.05,70.0,-13.247027025197445,-131.9777164428748
0.566897,-0.164391,-238.520106,-157.210565,50.05,70.0,-238.53228381686122,-157.20340513226617
-0.917994,-0.717269,-161.986041,-106.662979,50.05,70.0,-161.97232276203616,-106.64648019251398
0.865388,0.569939,-479.866421,152.76534,50.05,70.0,-479.8745704594416,152.77861937695107
0.957516,0.96646,-0.454163,0.107977,50.05,70.0,-0.443882252964895,0.09509236061639181
-0.707848,-0.803687,33.845741,13.470442,50.05,70.0,33.82610863126421,13.488725745109633
0.426853,0.114284,-173.757227,19.177825,50.05,70.0,-173.73727675106636,19.17511800836619
0.77593,-0.946347,-0.943778,-1.26941,50.05,70.0,-0.9450544257506042,-1.2692799805235393
0.753609,-0.099319,-231.036615,34.662179,50.05,70.0,-231.04660980819563,34.67424726935643
0.752465,0.673609,-3.010311,0.698313,50.05,70.0,-3.017168436605934,0.6824692143489312
-0.657818,0.056151,-218.024825,156.62241,50.05,70.0,-218.03992270652432,156.6024107268875
-0.271515,0.652931,141.237882,-72.983224,50.05,70.0,141.22844527665225,-72.99891362590458
-0.180404,-0.043901,234.114402,11.337562,50.05,70.0,234.11717587382338,11.331104861083455
0.154207,-0.241306,-257.84151,111.329632,50.05,70.0,-257.85257499366037,111.33771838299546
0.377978,0.670917,138.079815,-203.978284,50.05,70.0,138.06175937810798,-203.96366807758727
0.099053,0.781261,-183.835737,-72.615396,50.05,70.0,-183.81623235871479,-72.62059236192086
0.656832,-0.631399,0.064524,-0.844415,50.05,70.0,0.08216770095646651,-0.8254468400665483
0.073064,-0.007859,158.450207,-247.867827,50.05,70.0,158.43021067356554,-247.8509855956239
-0.091793,-0.770731,155.15445,336.446712,50.05,70.0,155.1345297026177,336.42711519260627
0.315926,-0.234126,-30.76626,-5.355093,50.05,70.0,-30.786208286728193,-5.3749791738029
-0.953621,0.491461,-84.94493,-105.155251,50.05,70.0,-84.92683935184527,-105.17164806372412
-0.011965,0.906881,1082.111624,688.02877,50.05,70.0,1082.1096294347353,688.043598961008
-0.047576,0.391898,-66.074122,-156.376313,50.05,70.0,-66.08144755747568,-156.39383212862757
0.622069,-0.892076,1.930758,-18.369977,50.05,70.0,1.9442982837081024,-18.389454823052734
0.883934,0.282377,54.269857,60.586951,50.05,70.0,54.28933516791392,60.594711349043784
-0.088953,0.96303,77.52267,-264.275259,50.05,70.0,77.5037922339992,-264.28255359827153
-0.349637,-0.347158,-7.989729,303.778337,50.05,70.0,-8.009682283186237,303.7657807936761
-0.685908,-0.047442,456.289132,-1707.205079,50.05,70.0,456.2953882974707,-1707.1891499859719
0.647614,0.443367,77.834334,3.45329,50.05,70.0,77.81433551524209,3.4718198104391917
-0.326113,-0.975043,11.701456,-3.16345,50.05,70.0,11.703637386318901,-3.1710133484799585
0.455544,0.32773,830.755275,506.271964,50.05,70.0,830.741440733971,506.28857293771046
0.162316,0.039059,-820.955921,847.115899,50.05,70.0,-820.9428449647278,847.1102028983196
0.462932,0.500561,294.573763,46.307297,50.05,70.0,294.5575956768835,46.29012372541731
0.921332,0.834371,-6.222914,0.638061,50.05,70.0,-6.223887861676679,0.6571596945295927
-0.724576,0.047584,112.733463,-6.417064,50.05,70.0,112.72105279086277,-6.4219842918899035
-0.26259,0.645267,97.2399,-71.881336,50.05,70.0,97.22082714234038,-71.89600569910687
-0.996791,0.933545,0.747938,0.611374,50.05,70.0,0.7496304266888272,0.5948458312120798
0.097919,-0.26737,-299.78185,282.002669,50.05,70.0,-299.7711965290198,281.98401923104984
0.308119,0.552489,-100.666532,-20.71676,50.05,70.0,-100.66830482154124,-20.70118136069324
-0.317625,-0.318066,-206.178869,78.412857,50.05,70.0,-206.16700872340007,78.43084890378707
0.268766,-0.850314,-115.824538,98.320858,50.05,70.0,-115.8045681987285,98.33046676929041
0.766081,-0.473477,42.039972,-18.01579,50.05,70.0,42.02285453499175,-18.034972809891613
0.268177,-0.74895,-4.574607,111.676885,50.05,70.0,-4.589217184613966,111.66417107859223
0.402393,-0.972883,-35.070109,-4.153386,50.05,70.0,-35.08891981382295,-4.136641895613559
0.754323,-0.095484,91.593853,18.645434,50.05,70.0,91.57680446176981,18.660688728188735
-0.797291,-0.062579,170.117088,-1446.210432,50.05,70.0,170.13268127370387,-1446.2245632284091
0.237722,-0.603658,-118.735456,-42.01459,50.05,70.0,-118.74349705706855,-42.03451993126323
0.321781,0.179854,-21.602961,63.914318,50.05,70.0,-21.618258672685155,63.921552947964074
0.798658,-0.954114,-0.473908,-1.058626,50.05,70.0,-0.45718687352378984,-1.072955604674014
0.207828,0.973082,-101.040366,-152.670004,50.05,70.0,-101.04150527940483,-152.68657159581255
0.588132,0.727893,80.698602,-64.073136,50.05,70.0,80.70013590554764,-64.06913035525818
-0.304128,0.52632,48.206082,-1.305761,50.05,70.0,48.20121885069376,-1.3186234967283597
-0.137037,0.817118,448.18794,-181.563031,50.05,70.0,448.1858414323158,-181.57410262394862
-0.695267,0.647968,111.940001,28.070889,50.05,70.0,111.95701404186097,28.088473982830052
0.393161,-0.142659,98.052696,-243.847033,50.05,70.0,98.04683882317545,-243.8273385599041
0.325418,-0.706565,-79.845659,-1.728826,50.05,70.0,-79.85973379831228,-1.7482237493187958
0.768025,0.190783,-96.617207,270.888526,50.05,70.0,-96.62529268795659,270.90357221651817
0.485376,-0.286551,98.265526,-234.598572,50.05,70.0,98.28400896635247,-234.59206049075422
-0.068609,0.893456,14.723743,-46.260922,50.05,70.0,14.742183246373905,-46.26506600750052
0.317729,0.067463,-32.149337,-120.292703,50.05,70.0,-32.12956601792067,-120.31000486918349
-0.153133,0.285563,288.220958,60.833784,50.05,70.0,288.2316758989572,60.821137381771095
-0.536693,-0.197013,-169.09919,171.314173,50.05,70.0,-169.081513939099,171.29581091796948
0.802906,0.443834,141.056074,50.955239,50.05,70.0,141.05002637130596,50.955382613383975
-0.487691,-0.618706,-14.385066,-7.373972,50.05,70.0,-14.37031747496678,-7.392884399048776
-0.590065,0.780857,0.833983,-0.412054,50.05,70.0,0.8163313912119575,-0.4223791274107565
-0.138727,0.422534,278.80572,84.95965,50.05,70.0,278.79309379152164,84.97302101272379
-0.472144,0.669093,-55.526225,11.677556,50.05,70.0,-55.50694062540861,11.685341140115517
-0.556366,-0.842628,37.728587,-9.929205,50.05,70.0,37.740198870226806,-9.90942180338509
-0.053887,0.320865,861.798578,-684.365218,50.05,70.0,861.8103881935343,-684.3593350086004
0.770155,-0.003155,-1618.488896,-79.066329,50.05,70.0,-1618.479149402208,-79.04721163687243
0.969171,0.865178,0.912942,1.00768,50.05,70.0,0.8939954517060328,1.004737144501082
-0.947952,-0.225952,158.498542,-274.91367,50.05,70.0,158.5183944037036,-274.8998997634877
0.418976,-0.272947,-67.365109,-24.649079,50.05,70.0,-67.3518720364933,-24.664691500834056
0.585234,0.024272,-320.035728,248.489646,50.05,70.0,-320.05570131373656,248.4807165894876
-0.064347,0.516615,774.422578,-617.983016,50.05,70.0,774.4423266548373,-617.9850115628918
0.753601,-0.225574,-61.831507,-144.328021,50.05,70.0,-61.81552008820852,-144.32231457913596
0.784866,-0.751449,21.165537,-5.596198,50.05,70.0,21.159753902496345,-5.585165168144436
0.398254,-0.544923,-46.4991,-7.87596,50.05,70.0,-46.518979359336925,-7.855963112897578
-0.521109,-0.270817,74.892067,-19.498244,50.05,70.0,74.89410043505795,-19.514627683442157
0.373984,-0.45352,-40.471909,1967.691115,50.05,70.0,-40.48887340631899,1967.6965109197597
-0.31159,-0.89682,72.064977,40.905173,50.05,70.0,72.05864121409412,40.89367427609378
-0.846937,-0.462047,312.139434,-52.670359,50.05,70.0,312.14975080030143,-52.68598089930755
0.381766,0.338165,-2.48072,28.70532,50.05,70.0,-2.497403796671334,28.72505564171007
-0.466687,0.386737,-65.146457,-2.916523,50.05,70.0,-65.16450535408677,-2.905605294311249
-0.114076,0.730863,400.048639,165.890577,50.05,70.0,400.05008622308435,165.87896490941017
-0.390769,0.345529,533.304528,-162.835596,50.05,70.0,533.3142125969675,-162.8510269924108
-0.70147,0.394672,36.573882,16.053261,50.05,70.0,36.554123911770304,16.06909711961933
-0.755154,0.127183,307.117622,475.796524,50.05,70.0,307.1033170074015,475.7806107715287
-0.427005,-0.670736,-96.533833,-45.929558,50.05,70.0,-96.52770276368398,-45.92113536646605
0.931724,-0.509727,-18.651039,-4.981885,50.05,70.0,-18.64660970567357,-4.970954455377326
-0.984601,-0.187713,-29.995528,-181.608777,50.05,70.0,-29.993062128288386,-181.5951151458668
-0.894842,0.390683,178.666455,-548.395382,50.05,70.0,178.6546159926537,-548.3866676558524
0.213512,0.490068,-105.669191,-94.984452,50.05,70.0,-105.65887794526192,-94.96748980704342
0.575827,-0.072535,212.952842,108.92046,50.05,70.0,212.9349568365025,108.9010129757176
0.900133,0.537455,36.386817,6.309102,50.05,70.0,36.38940142220524,6.328332538021128
-0.995822,-0.787935,0.848623,-0.747894,50.05,70.0,0.8598807860212462,-0.7569387774002224
-0.82733,-0.932628,0.910316,-0.768417,50.05,70.0,0.9232078835289395,-0.7716193360380356
-0.680786,0.030082,137.693071,4.221044,50.05,70.0,137.70856105420543,4.203092546583714
-0.406348,0.507786,-72.533627,-175.183493,50.05,70.0,-72.54470240480728,-175.18718798058742
0.367534,-0.856623,72.067066,282.934782,50.05,70.0,72.08341783299274,282.92311298482616
0.732536,-0.259386,-50.50431,-47.178436,50.05,70.0,-50.49892275042955,-47.17107969244961
0.506591,0.270419,-46.591602,24.02593,50.05,70.0,-46.57798197359336,24.04366847934331
0.940262,0.982621,-1.092686,1.034922,50.05,70.0,-1.1105872854160412,1.0485700018599435
0.909052,0.435123,-32.321038,21.862639,50.05,70.0,-32.30905325718002,21.858924067423153
-0.893295,0.387534,-51.513277,17.119284,50.05,70.0,-51.52724870477559,17.13926445564901
-0.715613,0.688803,-60.062249,18.506,50.05,70.0,-60.082033347818445,18.511702686773344
0.719037,0.859977,28.590065,8.16487,50.05,70.0,28.59039207535244,8.165027183615123
-0.370641,0.639135,-176.461231,-244.952665,50.05,70.0,-176.4523913080146,-244.97039213036257
-0.065801,0.083332,637.258219,-316.714416,50.05,70.0,637.2540618797037,-316.69932914899425
0.565117,-0.08183,-106.798239,-8.363626,50.05,70.0,-106.78165778865788,-8.343689258371803
0.682312,-0.379736,-40.827867,-14.255239,50.05,70.0,-40.84448180343011,-14.275197813813445
-0.226809,0.020914,308.883365,1876.932841,50.05,70.0,308.87007314392304,1876.9392088975083
-0.500265,0.052466,307.454392,-182.870043,50.05,70.0,307.4573165323625,-182.88028527493444
-0.202326,-0.492273,126.148543,118.374591,50.05,70.0,126.16754487406453,118.35952075834919
0.366956,-0.568224,-220.785349,400.094711,50.05,70.0,-220.77214679779425,400.08798335299593
-0.14109,0.697198,365.597302,53.020561,50.05,70.0,365.6160074067206,53.03881939780736
-0.186411,0.995325,298.870257,-112.625832,50.05,70.0,298.88438041099835,-112.61582542858393
0.427213,0.165163,51.289558,-60.783576,50.05,70.0,51.2749814575674,-60.7756407210473
-0.098545,-0.247545,-62.655274,50.789986,50.05,70.0,-62.6453524571756,50.80268433821865
-0.483396,-0.437386,-209.863976,-79.839575,50.05,70.0,-209.85969717230577,-79.81958280240914
0.857782,0.748189,361.012761,-162.386202,50.05,70.0,360.9930516473079,-162.39054366587266
0.809382,-0.720641,-0.306355,-0.049477,50.05,70.0,-0.3112523882051587,-0.04869677150358205
0.194053,-0.550878,115.758893,28.207101,50.05,70.0,115.76549037258015,28.22185125055273
-0.606503,0.503792,-2.148133,7.016502,50.05,70.0,-2.158157101055378,7.011458847429957
-0.76426,-0.912787,-50.397608,22.922828,50.05,70.0,-50.37763714412425,22.938620144291576
0.785453,-0.894278,43.189668,2.641868,50.05,70.0,43.20165949073358,2.628246303119125
-0.12526,0.757486,225.036126,109.435269,50.05,70.0,225.04639539266356,109.45291132540724
-0.935653,0.474893,365.492369,625.648816,50.05,70.0,365.478272123271,625.6605295706485
-0.472101,-0.606201,-121.423547,-7.676488,50.05,70.0,-121.43617454841635,-7.690559892371897
-0.420259,0.698996,19.444808,4.729303,50.05,70.0,19.424879478397916,4.709575725475841
0.031029,-0.498486,-16.153563,143.875775,50.05,70.0,-16.15264646766065,143.88799308641222
-0.047109,0.234217,106.103405,-310.40058,50.05,70.0,106.10228300681973,-310.41890536641057
0.484224,0.353766,-198.827514,-7.714008,50.05,70.0,-198.84281254215875,-7.71049620366756
-0.255173,-0.700581,144.220687,21.678315,50.05,70.0,144.24068656063795,21.6804692326298
-0.663803,-0.543827,174.093353,481.875692,50.05,70.0,174.09777818047334,481.856292167453
-0.106476,0.464754,-205.76209,-119.584022,50.05,70.0,-205.7791060000576,-119.58524411917945
-0.885845,-0.392718,-13.726025,-23.07606,50.05,70.0,-13.741163936503293,-23.058365693415293
-0.409752,-0.703145,30.965306,-7.427122,50.05,70.0,30.97598899778726,-7.439733694140138
0.242376,-0.385186,-155.279037,23.862111,50.05,70.0,-155.2804351753475,23.843863926570656
0.177873,-0.485748,-97.726455,-21.27147,50.05,70.0,-97.7176334265972,-21.2691826685167
0.03743,-0.90909,-348.684962,875.782764,50.05,70.0,-348.6939543863844,875.7630166349786
0.924931,-0.688566,-0.184156,-0.274853,50.05,70.0,-0.20377099599038387,-0.26274901193695444
-0.723519,-0.188374,692.392479,1606.566749,50.05,70.0,692.3968176342097,1606.5866961569275
-0.000272,-0.573785,-131.345047,715.436865,50.05,70.0,-131.32731716857558,715.4170399635285
0.395845,0.960472,176.041629,223.259649,50.05,70.0,176.0244537147233,223.27657066777212
0.652353,0.097086,138.472608,294.794539,50.05,70.0,138.46188717882717,294.8015496593195
-0.281204,-0.203028,86.592849,-1.817027,50.05,70.0,86.58618599059017,-1.8002490428268791
-0.292591,0.425354,-24.687847,-14.97179,50.05,70.0,-24.677576742191878,-14.98395215549936
0.928762,-0.2986,-130.126149,-49.594708,50.05,70.0,-130.13036277816778,-49.61368599286699
-0.563751,-0.965025,46.129354,155.017535,50.05,70.0,46.144841294077544,155.01238778336577
0.816603,0.646249,82.507651,-40.48054,50.05,70.0,82.48817779136863,-40.491520194017795
-0.500886,-0.3981,-8.665738,-72.334473,50.05,70.0,-8.658148850644883,-72.31859508748292
-0.873909,0.209789,101.646149,21.766403,50.05,70.0,101.66418336708055,21.781605837594814
-0.071502,0.274125,337.414655,-414.099492,50.05,70.0,337.4183909506577,-414.1194775465203
-0.780512,-0.072922,70.312085,-4.879314,50.05,70.0,70.32551411097947,-4.860195206974316
0.399426,-0.853981,-23.523477,-5.704769,50.05,70.0,-23.518538395088665,-5.708592115687841
-0.866123,-0.925913,0.867616,-1.010318,50.05,70.0,0.886476416284644,-1.0176305888533848
0.181,0.063861,-127.487664,-11.525598,50.05,70.0,-127.50529676309303,-11.544675007044146
-0.691728,0.134416,251.258099,76.919714,50.05,70.0,251.27749430125283,76.93852489069666
-0.869778,-0.366668,-31.434953,-72.530728,50.05,70.0,-31.415352907062765,-72.51081843335017
-0.594062,-0.405925,-35.637761,-14.686067,50.05,70.0,-35.619317212249776,-14.69877953449397
-0.37939,-0.407543,220.664642,-878.315708,50.05,70.0,220.6718368092431,-878.3319367521256
0.417137,0.814632,56.747535,21.121987,50.05,70.0,56.72886383560853,21.132888191140935
-0.476543,0.745983,-170.95953,-61.18212,50.05,70.0,-170.94106763553188,-61.16292366714771
-0.265116,0.203164,168.819814,30.974179,50.05,70.0,168.80374753055702,30.9631944005422
0.576545,-0.015716,302.922503,38.75844,50.05,70.0,302.90582049988524,38.777123503259645
-0.138796,-0.750701,5.005007,-91.267916,50.05,70.0,5.019474047956519,-91.24803189421486
0.961111,-0.613547,73.917831,2.88654,50.05,70.0,73.93696394049883,2.895275638645239
0.119658,-0.913654,-36.350664,98.646144,50.05,70.0,-36.35067746772703,98.664073442242
0.212409,-0.043463,70.519665,-59.519529,50.05,70.0,70.50459122011443,-59.504758924861214
-0.481821,0.031239,397.962403,48.48117,50.05,70.0,397.95275809851915,48.47362303742549
-0.973473,0.835746,-0.82288,0.858107,50.05,70.0,-0.8411266278321962,0.846847368667203
0.382544,-0.579057,-20.419992,-4.339163,50.05,70.0,-20.425813179986793,-4.339126975186115
-0.216969,-0.599733,61.031432,48.208906,50.05,70.0,61.04656408786957,48.190666082014225
0.288651,-0.637596,-71.19767,29.938212,50.05,70.0,-71.21554276212706,29.92721113236942
-0.084046,-0.556758,90.768552,257.097847,50.05,70.0,90.75762768732233,257.10018918190394
0.567459,-0.713033,89.814558,-17.679219,50.05,70.0,89.80619331166135,-17.698913671917165
0.061102,0.937974,-80.995988,-334.085982,50.05,70.0,-80.9803540665769,-334.10517234972167
0.524202,0.268855,-59.946073,15.070411,50.05,70.0,-59.94699604572222,15.064658743366357
0.639701,-0.543661,-171.787881,129.697196,50.05,70.0,-171.76851719730496,129.69155009642577
0.690184,-0.085107,219.701249,-340.488642,50.05,70.0,219.70715956168075,-340.4787111223661
-0.391222,0.728123,419.414064,176.299706,50.05,70.0,419.4332751807307,176.300849850071
-0.43067,-0.265421,92.743766,-25.02741,50.05,70.0,92.75381890834706,-25.020855140710964
-0.928555,-0.22499,137.778681,-35.678089,50.05,70.0,137.76609991098235,-35.69076076581668
0.596942,0.804302,5.950582,-4.406202,50.05,70.0,5.951379017390398,-4.408043790983701
-0.097204,0.298472,-65.525841,-61.761713,50.05,70.0,-65.54190306101692,-61.749336793988675
0.41978,-0.759734,-26.577158,-6.682406,50.05,70.0,-26.595376241017817,-6.670592456948395
-0.849776,-0.180688,143.828863,-29.613544,50.05,70.0,143.83688770994513,-29.632762881593994
-0.821665,0.280679,-63.287503,-13.516647,50.05,70.0,-63.26751820257342,-13.529645006998795
-0.622346,0.231942,119.07643,30.531282,50.05,70.0,119.09559963881168,30.532288417669623
0.255494,0.084575,-192.583969,10.102715,50.05,70.0,-192.5790578929781,10.102281100550018
-0.545599,0.113125,327.941943,165.999234,50.05,70.0,327.95349375677665,166.01882874809309
-0.70827,0.100879,80.275071,8.044898,50.05,70.0,80.28663000130327,8.059552146649976
-0.521105,-0.20445,76.433035,-14.864719,50.05,70.0,76.45062326887667,-14.855810165277179
-0.185573,-0.920388,215.987161,191.362571,50.05,70.0,216.0067706639699,191.37690039286065
-0.958472,0.969354,-0.320738,0.059803,50.05,70.0,-0.3148464188597764,0.05914524516530791
-0.073036,0.476299,915.11405,291.879015,50.05,70.0,915.1338932358759,291.88219050323323
-0.845435,0.771686,378.628938,-27.019613,50.05,70.0,378.62912961498125,-27.026190578392118
-0.27093,0.484354,-123.329469,-10.739847,50.05,70.0,-123.3237085748625,-10.72733950904302
0.53676,-0.683002,42.595546,161.582368,50.05,70.0,42.58556455163138,161.5982827688805
0.780728,-0.299806,63.394395,29.006516,50.05,70.0,63.4043207622622,28.98758792589454
-0.84383,-0.258551,155.682977,-164.240881,50.05,70.0,155.70194861986508,-164.22558535572855
0.525465,-0.508098,14.823292,61.195061,50.05,70.0,14.804371015253437,61.20076150250545
0.395169,-0.389673,709.857111,595.3387,50.05,70.0,709.8371228742396,595.3538130892703
0.764325,0.012204,518.958619,72.373412,50.05,70.0,518.9475932799824,72.39314872231083
-0.883126,-0.692482,9.47534,-2.446512,50.05,70.0,9.481892913390654,-2.4658762668624985
-0.538808,0.252957,-112.486124,114.096516,50.05,70.0,-112.50532557136361,114.07658911777972
-0.553688,0.164614,138.306873,-746.596978,50.05,70.0,138.2929098957702,-746.5784343886514
0.672068,-0.551893,65.618024,-14.991467,50.05,70.0,65.62655886674084,-14.987369963877763
0.33951,0.138841,38.942257,-17.061575,50.05,70.0,38.95157892628697,-17.041620490616417
-0.496746,-0.813554,-256.609116,225.161287,50.05,70.0,-256.59114666199497,225.16710216042225
0.598908,-0.157572,-24.90895,-160.455784,50.05,70.0,-24.89051326343315,-160.44705156431294
-0.319865,0.027112,-855.031585,-603.867501,50.05,70.0,-855.0263088985641,-603.8845548709621
-0.33442,-0.602464,29.344978,-6.441779,50.05,70.0,29.330729210416674,-6.453736245281852
0.393961,-0.696425,304.493343,421.664414,50.05,70.0,304.4871771146086,421.6572736253545
-0.809983,0.618128,53.209276,-9.061482,50.05,70.0,53.189876573665835,-9.072472586513092
0.882878,0.532829,4.721499,3.410905,50.05,70.0,4.701999708234093,3.411815686967996
-0.743288,-0.436861,6.778487,1.236057,50.05,70.0,6.7764326237912575,1.2203197033510513
-0.322228,0.310839,-259.902713,-256.263763,50.05,70.0,-259.8939959067685,-256.25479449497857
0.272072,0.714732,-74.366289,207.959918,50.05,70.0,-74.36493846173036,207.96856837449153
0.494393,-0.744172,-98.267014,150.307145,50.05,70.0,-98.27982294980133,150.3135156375372
0.700097,0.527385,-49.660977,6.389278,50.05,70.0,-49.65085833665999,6.369419598214818
-0.245331,0.723836,10.373508,132.178014,50.05,70.0,10.391808845744087,132.1773888775145
-0.480303,-0.458445,-209.622761,-131.859063,50.05,70.0,-209.61425773477552,-131.85141014536995
0.919264,0.074022,491.706499,920.637087,50.05,70.0,491.6928341001481,920.6324059561816
0.081653,0.345374,115.223602,-5.676904,50.05,70.0,115.22580126583499,-5.684028821285272
0.69548,0.926335,2.137581,2.015455,50.05,70.0,2.125437552611671,2.009398236116276
0.914684,-0.906694,-0.061225,0.116267,50.05,70.0,-0.050242197485061854,0.13533717038421333
-0.810168,-0.496109,14.816646,0.791393,50.05,70.0,14.802086381424376,0.7964534402637106
-0.107629,-0.914558,35.759992,115.875727,50.05,70.0,35.77939372933872,115.85645596966091
-0.969182,0.955097,-0.71097,0.449596,50.05,70.0,-0.6953831896136303,0.4312796489802542
0.314185,0.505333,-59.771326,10.004285,50.05,70.0,-59.776158836429225,9.985905537090611
-0.860605,-0.193893,-3.00957,-68.764817,50.05,70.0,-2.9898942391105883,-68.78061545559882
-0.763989,-0.356839,85.343688,-44.768336,50.05,70.0,85.35787536634913,-44.75116294432267
0.614989,0.120721,-221.994613,465.928933,50.05,70.0,-222.0143771899431,465.9179735577629
0.958736,-0.516134,-21.856221,-7.441163,50.05,70.0,-21.84675035523553,-7.456781663809561
-0.662435,0.463241,-27.187542,-26.189277,50.05,70.0,-27.170707109731996,-26.202488290350434
-0.3122,0.851936,-114.522152,-164.887989,50.05,70.0,-114.54163383573272,-164.87465310844485
0.485869,-0.003639,-297.052218,-2.507803,50.05,70.0,-297.051670955947,-2.5229410607585594
0.844868,-0.303484,665.5979,148.680378,50.05,70.0,665.616200492019,148.67030330863898
-0.653552,-0.251098,69.492898,-17.41127,50.05,70.0,69.50866649940664,-17.41753288086048
-0.20163,-0.79758,-199.762472,-68.462098,50.05,70.0,-199.7649279701053,-68.44255465610047
-0.925431,0.285362,118.594659,163.647601,50.05,70.0,118.61444364654369,163.63349168898588
0.074239,-0.268488,-852.700118,287.648553,50.05,70.0,-852.7115207028746,287.62983055176966
-0.480975,0.259907,101.095365,28.574228,50.05,70.0,101.07541585204545,28.55524072778781
0.249958,-0.95308,-33.156529,-5.637496,50.05,70.0,-33.15826389450085,-5.652508806435026
-0.414313,0.634782,14.402288,2.763986,50.05,70.0,14.421290019188612,2.744584180577717
0.780061,0.488419,1.619438,1.358212,50.05,70.0,1.6291644259116054,1.3533956438913977
0.856236,0.758664,-21.921293,9.175846,50.05,70.0,-21.902347255746047,9.157053598344794
0.857876,0.327206,155.215047,-44.742675,50.05,70.0,155.22731402265694,-44.762571356305216
-0.652634,-0.813256,-26.335207,-21.65308,50.05,70.0,-26.355064256348413,-21.633809157988352
-0.389931,0.435873,33.451264,-12.207462,50.05,70.0,33.470765459012604,-12.222069720846326
-0.276906,0.037381,-396.344194,464.648132,50.05,70.0,-396.36418318169785,464.6319009785134
0.265557,-0.787131,-137.405372,22.268044,50.05,70.0,-137.4250258546537,22.25693564588784
0.685366,0.950868,-33.694538,-8.444657,50.05,70.0,-33.67489120740904,-8.436915023378521
-0.755697,-0.998144,1.301339,0.331624,50.05,70.0,1.321262794204573,0.35112651042885906
0.195078,0.680533,-64.896952,3.147743,50.05,70.0,-64.89756693770907,3.1353220317249333
-0.279895,-0.191067,162.762532,-13.60743,50.05,70.0,162.78015121148883,-13.627233865532276
0.734998,-0.89297,0.972062,-0.664399,50.05,70.0,0.975650508098045,-0.6614513564933836
-0.146498,-0.198223,124.675597,90.976284,50.05,70.0,124.68769300102358,90.98080764829162
0.468246,-0.194227,-158.496304,-115.039783,50.05,70.0,-158.4906336643235,-115.02585132361304
-0.370346,-0.399073,113.764871,-10.076677,50.05,70.0,113.76251840856735,-10.096293738276891
0.787277,-0.232081,-126.700894,-195.058074,50.05,70.0,-126.72059148717605,-195.04895302478263
-0.589646,-0.177587,17.312934,-4.647773,50.05,70.0,17.331899241666715,-4.64437216519098
-0.696903,-0.84577,-25.480844,-3.751723,50.05,70.0,-25.47902768754697,-3.7551010788762214
-0.85815,-0.926528,0.303034,-0.174206,50.05,70.0,0.2877341459437305,-0.17309404712163656
-0.159324,0.233561,307.982538,-37.404797,50.05,70.0,308.00243963047,-37.38756405461407
-0.533097,0.241717,132.640892,47.369,50.05,70.0,132.62207215101859,47.35006887307941
0.531877,-0.746992,2.988772,-52.269251,50.05,70.0,2.9999666797057625,-52.28369106174869
-0.693719,0.668313,654.619909,485.934122,50.05,70.0,654.6011305289331,485.95221703291884
0.340476,0.383253,217.729615,-153.025087,50.05,70.0,217.74939746747094,-153.02680927487773
-0.663676,-0.406806,87.460413,-5.365794,50.05,70.0,87.4405701268089,-5.382063591744764
0.812728,-0.4796,177.647568,336.708413,50.05,70.0,177.6406800429585,336.6949580598567
-0.632723,-0.167474,24.408563,-142.330671,50.05,70.0,24.388631220110163,-142.34841737294417
-0.728088,-0.982509,11.732738,6.908208,50.05,70.0,11.73306756887279,6.897852880228864
0.968776,0.215613,206.205185,48.289566,50.05,70.0,206.21397073078876,48.30625640741987
-0.188119,0.290519,79.633451,-44.018444,50.05,70.0,79.62985596177863,-44.032161193128076
0.755489,-0.497473,-61.68459,-35.681349,50.05,70.0,-61.69691600917728,-35.664265872373875
0.977999,-0.77527,10.101176,-1.991091,50.05,70.0,10.111298347590635,-1.9716661319762412
0.033072,-0.164454,-1807.932997,536.121116,50.05,70.0,-1807.9477156980342,536.1158223299531
0.020266,0.603316,-6.961966,-87.07892,50.05,70.0,-6.981164748656843,-87.09828676263258
-0.063832,-0.824258,1316.668477,290.080336,50.05,70.0,1316.6514966186876,290.0830273980195
0.688554,0.525324,-17.565392,96.213478,50.05,70.0,-17.573248729398017,96.23328886684183
-0.874573,-0.948907,0.320855,0.021832,50.05,70.0,0.3230338667816659,0.021162551607617625
-0.282156,-0.193365,138.693183,-2.51705,50.05,70.0,138.69280543471746,-2.5306055380532713
0.117093,-0.010214,-243.912088,10.747262,50.05,70.0,-243.91855438212383,10.763510578402926
0.332824,-0.220977,144.460165,214.337166,50.05,70.0,144.45232627799342,214.3564653055188
0.040131,0.485981,-212.63352,-599.242357,50.05,70.0,-212.61826433254504,-599.237186147258
-0.12556,-0.295187,271.493182,-138.39358,50.05,70.0,271.4785930183574,-138.3744608045273
0.794473,0.701305,-2.160779,12.913706,50.05,70.0,-2.1410535333586496,12.909895846091802
0.837329,0.996395,-4.220047,9.584076,50.05,70.0,-4.234345127471609,9.57150196298818
0.404884,0.882947,-52.44029,5.948519,50.05,70.0,-52.460184957387526,5.946094248199122
-0.314722,0.459092,44.582504,348.815199,50.05,70.0,44.57305493405202,348.79539624159446
-0.041957,0.826998,696.231417,-1042.816061,50.05,70.0,696.2478408768649,-1042.7967985742553
-0.647918,0.450177,214.604614,-700.153531,50.05,70.0,214.5874327134499,-700.15016354142
0.128558,0.681681,-73.85108,-174.165877,50.05,70.0,-73.83965184913104,-174.1635172455852
-0.98982,0.09841,135.422868,13.831436,50.05,70.0,135.423710582976,13.833455017875286
-0.024701,0.854289,1048.395417,-1574.539578,50.05,70.0,1048.3980751096403,-1574.5441325356537
0.032982,0.332116,-67.687006,-339.50648,50.05,70.0,-67.70457269058659,-339.4933854849354
-0.125761,0.332133,10.354083,-71.823725,50.05,70.0,10.337505849383856,-71.8224086765075
0.163126,-0.345031,-132.894502,132.901577,50.05,70.0,-132.91446475425687,132.90209021897405
-0.933221,-0.651361,-153.238713,-23.633167,50.05,70.0,-153.21996780170014,-23.61441436552487
0.571046,-0.429876,129.947401,137.110857,50.05,70.0,129.96008674943985,137.09404790335893
-0.91808,-0.175446,-173.319184,-3.434593,50.05,70.0,-173.2992958206084,-3.41688695175413
-0.729148,-0.791272,0.142224,-1.153144,50.05,70.0,0.15211757778021803,-1.1379913730664986
-0.900464,-0.094146,154.063306,-16.158054,50.05,70.0,154.0788617627885,-16.174257685980294
-0.307608,0.031598,115.551073,1.301398,50.05,70.0,115.55551182049264,1.3205183713612711
-0.931735,0.325134,-325.396798,-242.831558,50.05,70.0,-325.41675208901677,-242.8128471505784
0.53433,0.480584,146.171043,-39.647084,50.05,70.0,146.1772409043755,-39.65551081215477
-0.82717,-0.238745,156.712937,-52.108332,50.05,70.0,156.70875743061188,-52.11352543100661
-0.58488,-0.084386,165.248808,-792.894738,50.05,70.0,165.25309915144516,-792.9147377324938
-0.279039,0.187507,176.741277,32.690978,50.05,70.0,176.7431158396425,32.6788432955733
-0.566777,0.182545,158.35819,36.080605,50.05,70.0,158.33875637975112,36.10048499576139
0.041271,-0.360718,-625.865932,-830.018655,50.05,70.0,-625.864944809142,-829.9995683387087
-0.590469,-0.013496,-1234.440495,-382.995001,50.05,70.0,-1234.420797976315,-383.0053472399485
-0.827974,0.240545,135.10558,38.822553,50.05,70.0,135.09322340721337,38.802626022932365
0.836928,0.250675,206.831628,-327.292843,50.05,70.0,206.82561150164932,-327.3096360094754
-0.908548,0.03243,110.85709,3.541427,50.05,70.0,110.83889716408058,3.545511135886458
-0.95373,0.656287,-7.662413,3.338732,50.05,70.0,-7.679086141711925,3.3550910535734157
0.218245,0.037301,340.98708,442.676451,50.05,70.0,341.0069106396146,442.6648077565564
0.91759,-0.066534,259.685435,-166.86028,50.05,70.0,259.70500164111223,-166.871923273232
-0.241697,-0.195953,-106.666678,117.567867,50.05,70.0,-106.6737517178596,117.58267190713727
0.611935,0.785358,41.166329,5.556798,50.05,70.0,41.17574758557996,5.557943895931874
-0.487351,-0.905112,70.168879,28.908881,50.05,70.0,70.169501758019,28.91945068515347
-0.217058,-0.087307,382.534491,-158.191672,50.05,70.0,382.54772357297924,-158.2086439150176
0.638183,-0.052397,-252.744154,-24.883714,50.05,70.0,-252.7252052056476,-24.869787374950818
-0.631921,-0.691107,0.796556,2.44492,50.05,70.0,0.7898528835307371,2.4315884358755597
0.556995,-0.577326,-550.616074,1224.286202,50.05,70.0,-550.5960882296765,1224.2962364842474
0.886637,-0.288476,190.325841,-405.32235,50.05,70.0,190.33145432969627,-405.341607336004
-0.423915,-0.738018,-153.327987,-83.89161,50.05,70.0,-153.30801771780935,-83.87169334920972
0.131029,0.211073,-99.072237,-92.676218,50.05,70.0,-99.05223714641353,-92.6655884804282
-0.500009,0.354997,24.436177,4.958152,50.05,70.0,24.429469915019524,4.939305114626477
0.43363,0.022393,-1191.152139,454.510521,50.05,70.0,-1191.1706396144268,454.5258310266475
0.359681,-0.844991,-84.543985,11.80537,50.05,70.0,-84.53166885029847,11.801873794118913
0.233675,-0.619127,-136.692296,107.040982,50.05,70.0,-136.67417242412301,107.0442685823492
0.333958,0.835841,-23.135337,3.693854,50.05,70.0,-23.142760719589386,3.6769327713475897
-0.02263,-0.334741,35.421327,292.760784,50.05,70.0,35.417780719152006,292.76844969309366
0.013167,-0.71045,-981.493676,-1370.266124,50.05,70.0,-981.5029640084272,-1370.2470211461798
-0.534778,-0.010443,100.572566,-1.001785,50.05,70.0,100.5916930886333,-0.9822161048448295
0.479668,-0.220213,-102.348195,134.312839,50.05,70.0,-102.36163095145959,134.29397477046427
0.871855,-0.733469,-21.349793,5.874161,50.05,70.0,-21.36758502253908,5.8941185239119305
0.580444,-0.471392,65.407686,-10.534431,50.05,70.0,65.39427544221199,-10.515401449764058
-0.681428,-0.764751,124.141179,113.042692,50.05,70.0,124.13578237751405,113.04747219500143
0.837844,-0.357064,-67.085803,-25.202601,50.05,70.0,-67.09264778176134,-25.217618651161718
0.827073,0.620486,-0.292625,1.999826,50.05,70.0,-0.30349081825732777,2.0019752681269685
0.516426,-0.428084,17.606692,-28.03163,50.05,70.0,17.587954947496822,-28.011677406105985
-0.808739,-0.469187,-2.034228,0.727589,50.05,70.0,-2.04375242478111,0.7129057240677124
0.37582,0.40216,-8.440042,-13.218933,50.05,70.0,-8.437623547512567,-13.223127443821529
-0.898778,0.242883,215.231642,173.693529,50.05,70.0,215.25130904836013,173.69028882127049
0.140375,-0.711067,-67.414321,150.198355,50.05,70.0,-67.41733212262314,150.1862575577361
-0.895278,-0.94516,-0.933689,-0.903394,50.05,70.0,-0.9140696720186839,-0.904272596771497
0.687778,-0.512953,-30.909722,15.665158,50.05,70.0,-30.905474078315248,15.648771572697832
0.799572,0.409425,-56.838072,29.560424,50.05,70.0,-56.84100667132534,29.56289318693463
-0.800233,0.489606,35.626993,24.350934,50.05,70.0,35.64087895239885,24.33907077058177
0.812304,0.38776,-72.269872,41.8957,50.05,70.0,-72.25295445441438,41.875743814797495
-0.911325,-0.633909,42.635212,-106.456985,50.05,70.0,42.65475140079094,-106.43899559345472
-0.112318,0.268003,157.138367,-198.385572,50.05,70.0,157.15292725188704,-198.36642824967845
0.324724,-0.36582,74.753903,-53.779853,50.05,70.0,74.77305009617979,-53.79978901689979
-0.336484,0.718096,-105.480888,-92.85441,50.05,70.0,-105.46825526320471,-92.83585998647412
-0.962156,-0.950814,-0.764208,-0.658238,50.05,70.0,-0.761227200237077,-0.6737964020941949
-0.326849,0.646897,93.875587,-19.029511,50.05,70.0,93.85992325457023,-19.03523323943142
0.394421,-0.960168,107.728714,63.154763,50.05,70.0,107.7486948595287,63.15198065202708
0.452068,-0.099356,-36.639871,65.674615,50.05,70.0,-36.61992971228582,65.68563922484225
0.117183,-0.51173,-251.323852,284.936386,50.05,70.0,-251.343842796519,284.9563828311725
-0.653031,0.507642,216.18637,-175.9385,50.05,70.0,216.18543919644904,-175.91899956403822
-0.05371,-0.702141,-24.101034,-36.708886,50.05,70.0,-24.120466733069218,-36.700256139228365
-0.885991,-0.850699,-0.398239,-0.12288,50.05,70.0,-0.4097683670878826,-0.13104248889479034
0.306353,0.866945,-104.116138,-66.051069,50.05,70.0,-104.10856908883844,-66.03901140253541
0.747344,0.605163,154.276984,-70.594271,50.05,70.0,154.25904362350659,-70.59179886792134
0.979978,0.493905,-77.332172,-833.597466,50.05,70.0,-77.3479143455936,-833.6168689230267
-0.931008,0.544507,-24.709239,5.655791,50.05,70.0,-24.709331422024896,5.645393325716031
-0.46474,-0.88503,-1.672146,-44.349635,50.05,70.0,-1.6914431650329445,-44.35934173650829
-0.706996,-0.488835,-24.184377,36.974399,50.05,70.0,-24.175106459155348,36.97498755828223
0.144407,-0.948734,-419.746696,-17.168112,50.05,70.0,-419.7296794478325,-17.148335346967134
0.634325,-0.899689,-8.216042,-4.376565,50.05,70.0,-8.21820423709267,-4.395994107984894
0.929199,-0.955853,-0.462158,1.085499,50.05,70.0,-0.47725847457323384,1.0720133352104892
0.978312,0.48189,-49.499995,30.614586,50.05,70.0,-49.484771667475265,30.599108312119228
-0.877726,0.064992,8.026568,-0.287222,50.05,70.0,8.006749130003394,-0.3024170427783292
0.321482,-0.8569,-107.600696,23.780856,50.05,70.0,-107.60986483123219,23.766795245351634
0.076645,0.173524,-102.566468,-168.994068,50.05,70.0,-102.56882419168619,-169.00866440335034
0.411628,0.224238,-129.231582,34.297567,50.05,70.0,-129.21231211576787,34.308201222582525
0.77626,0.600593,63.10132,-3.471133,50.05,70.0,63.12126088473119,-3.4667008688179903
0.160955,-0.827213,-36.082908,44.704657,50.05,70.0,-36.091969409387495,44.700155157600555
-0.966535,-0.546875,3.107776,-1.574245,50.05,70.0,3.0877789732630467,-1.5939597889525632
0.665492,0.927893,117.968397,-62.628035,50.05,70.0,117.98542963188679,-62.613780682033315
-0.903434,-0.019432,265.474623,-9.77227,50.05,70.0,265.49434587391244,-9.773273955057372
-0.590406,-0.94648,4.847964,1.147468,50.05,70.0,4.8375811849911905,1.1600107867986198
0.50791,0.447752,35.097446,29.265027,50.05,70.0,35.11686762998806,29.28310531365825
-0.638686,-0.395245,-25.036387,-33.512044,50.05,70.0,-25.018981017171917,-33.49432048690499
-0.888921,-0.092774,474.861226,-875.979833,50.05,70.0,474.851305656204,-875.96503555813
0.746309,-0.788927,1.10049,-0.898219,50.05,70.0,1.120002284950875,-0.8840110756106896
0.508906,-0.823462,84.22724,-27.295421,50.05,70.0,84.24690903797128,-27.275685403033325
0.068092,0.424893,-79.75518,104.538402,50.05,70.0,-79.73663029316998,104.51882636415382
-0.818436,0.549522,38.835764,79.353828,50.05,70.0,38.85177803419376,79.37033556460645
-0.182507,0.607786,77.994318,-110.014835,50.05,70.0,78.00014161086354,-109.9965254312689
-0.947436,0.451049,18.344669,3.787621,50.05,70.0,18.346437668116565,3.7713104711405268
0.786237,0.280507,119.545014,80.225268,50.05,70.0,119.52821143471827,80.23887632525144
0.482696,0.667184,384.688945,248.159635,50.05,70.0,384.69155598930854,248.1737116079183
-0.641975,0.318077,86.108618,43.18809,50.05,70.0,86.12336910833666,43.16829958276851
-0.081184,-0.451979,70.139473,209.35959,50.05,70.0,70.12740757687635,209.3675582267
-0.417719,-0.600161,0.911211,-2.147143,50.05,70.0,0.9305395228599554,-2.150256958990844
-0.903031,0.762728,-65.525527,-62.558739,50.05,70.0,-65.50594670080206,-62.54633814328147
-0.837032,0.002417,669.91222,9.492778,50.05,70.0,669.9055502544587,9.509016767147624
0.621932,0.814814,-30.213249,4.712545,50.05,70.0,-30.233248993914472,4.731821497113743
0.575084,-0.565815,133.788779,-23.195932,50.05,70.0,133.78365153475343,-23.215470075075043
0.339693,-0.771997,-69.234106,18.431393,50.05,70.0,-69.25146220192234,18.447952178812542
-0.953313,-0.32562,-74.516018,-64.932219,50.05,70.0,-74.49840671302144,-64.9381553943086
-0.69022,-0.535759,-68.513589,-15.429147,50.05,70.0,-68.53327752995442,-15.448966783473361
-0.501511,-0.898333,-23.027578,-24.05481,50.05,70.0,-23.043163764034283,-24.063863412819423
-0.284296,-0.159523,53.533691,-45.895014,50.05,70.0,53.53645821965465,-45.91113818882254
0.896304,0.175585,60.754824,-188.568282,50.05,70.0,60.74771091630796,-188.57974637955712
-0.934931,0.611823,25.482054,7.750769,50.05,70.0,25.499449371646502,7.7472717221396925
0.909769,0.481721,17.242529,-27.338624,50.05,70.0,17.262517549928507,-27.342227276001996
0.279424,0.278827,-68.37325,-12.916947,50.05,70.0,-68.39291936338,-12.933813569000517
0.244248,-0.93082,-170.719386,34.74572,50.05,70.0,-170.73554899742848,34.75789564240299
-0.294673,-0.561318,102.14473,36.750055,50.05,70.0,102.16471918001088,36.74579110372328
-0.074766,-0.595517,42.84048,173.587042,50.05,70.0,42.85557978347386,173.60383563309955
-0.850196,0.753071,-69.324789,-66.394179,50.05,70.0,-69.30756194770234,-66.3842059550722
0.866328,0.369797,-12.416943,-0.105704,50.05,70.0,-12.427028116670932,-0.09103126658184704
-0.818856,-0.520303,13.701441,-2.973562,50.05,70.0,13.68654609176235,-2.95714425440513
-0.738821,0.629666,-54.87959,-13.98617,50.05,70.0,-54.894155640481195,-13.99560734061973
0.794294,-0.308591,-116.850107,-48.10294,50.05,70.0,-116.86977354562856,-48.083013397507784
-0.491386,-0.720836,-88.018385,-88.972589,50.05,70.0,-87.99944855393377,-88.95330800992592
0.902548,-0.872286,-0.790361,-1.043781,50.05,70.0,-0.7728721998515147,-1.0575678923525276
-0.514437,-0.14759,582.850503,-709.853379,50.05,70.0,582.8638821230002,-709.8451265939029
-0.550229,0.298056,-74.46235,75.916461,50.05,70.0,-74.45188933234593,75.91580070901519
-0.58061,-0.312792,0.877894,-1.338256,50.05,70.0,0.8699567758272254,-1.3446027203224877
0.902523,0.705012,5.084327,15.590204,50.05,70.0,5.095434208997142,15.609375192353802
-0.870375,-0.391042,31.73655,-23.719979,50.05,70.0,31.750624483940445,-23.72062530733346
-0.243854,-0.460437,43.78829,-8.244,50.05,70.0,43.79569532272559,-8.23269459919851
-0.566264,0.807486,-14.268268,1.751215,50.05,70.0,-14.25586862364949,1.7390238022382336
-0.580835,-0.093868,-83.407132,-527.829641,50.05,70.0,-83.4113085521928,-527.8436300824225
0.366315,0.661753,-64.322579,1.379067,50.05,70.0,-64.31108643746917,1.3868618505031511
0.07789,-0.898781,84.251102,34.717892,50.05,70.0,84.23672892916444,34.73710149052688
0.194047,-0.655423,-235.879269,26.330602,50.05,70.0,-235.88506238876337,26.325234679696358
0.311723,-0.872102,-16.977472,-3.406749,50.05,70.0,-16.958069324303562,-3.426707594318707
0.587278,0.382455,-85.286926,86.045388,50.05,70.0,-85.2835176462495,86.05900357753028
-0.071358,0.683739,148.715628,-379.327369,50.05,70.0,148.731107791263,-379.33852076137265
-0.400148,0.716097,-36.532452,43.756053,50.05,70.0,-36.550550647217314,43.77406293285311
-0.563357,-0.345858,-79.578369,-0.041305,50.05,70.0,-79.58247019981233,-0.0505472232782462
-0.835999,-0.641294,67.319888,-13.120652,50.05,70.0,67.31265222834834,-13.138669406059932
-0.234512,0.558475,68.449573,-45.344249,50.05,70.0,68.43952151294842,-45.36390501849095
0.295846,0.288042,81.562704,73.29623,50.05,70.0,81.5803918466252,73.31280948733443
-0.879481,0.567954,-2.396716,4.136955,50.05,70.0,-2.3774111294646083,4.1536536014289345
-0.394385,-0.423881,-524.922255,-15.126028,50.05,70.0,-524.9268518590837,-15.129793139277577
-0.165065,-0.250576,84.591304,56.015746,50.05,70.0,84.58212196495785,56.007731498725114
0.5655,0.358849,25.789934,5.566354,50.05,70.0,25.79849915478706,5.546562068666387
-0.821087,-0.002257,-636.284724,-4.433135,50.05,70.0,-636.2812511644781,-4.443776649997102
0.064657,0.687873,-59.239323,-256.751173,50.05,70.0,-59.257623180722845,-256.73853672781667
-0.913713,-0.768799,-0.685638,-1.104682,50.05,70.0,-0.6718628287545282,-1.123866226454146
0.800962,-0.232275,-98.503951,-23.727028,50.05,70.0,-98.49038596580954,-23.742191435203146
0.146899,0.932438,-76.355206,-179.57411,50.05,70.0,-76.34350488292802,-179.572660819337
-0.515362,0.30492,-32.12006,226.421754,50.05,70.0,-32.10192581683997,226.40317385074144
0.793659,-0.965962,-2.206362,-2.149844,50.05,70.0,-2.1869658411120603,-2.1491194443357524
-0.917483,-0.133808,309.923548,-121.555514,50.05,70.0,309.9434027122166,-121.56926681415851
-0.906995,0.128581,-378.664267,-575.493772,50.05,70.0,-378.65970724139373,-575.5035662715438
-0.931399,-0.02465,352.838137,-23.699374,50.05,70.0,352.853598197438,-23.695667354010006
-0.285671,0.720521,101.708443,-3.128741,50.05,70.0,101.70715871889318,-3.1102871920824886
-0.199028,0.937236,36.388192,5.107082,50.05,70.0,36.396029501074715,5.126349855987386
0.123852,-0.411889,-2.224639,0.470681,50.05,70.0,-2.2104574701005584,0.4732264913406563
-0.612155,-0.489485,156.634297,173.3973,50.05,70.0,156.63243823847654,173.3851028293887
-0.769324,-0.026619,1456.512371,-658.133887,50.05,70.0,1456.532149787316,-658.1151001217326
0.61342,-0.252954,-83.947564,-21.498118,50.05,70.0,-83.96008441426594,-21.491538825007684
0.606438,0.400078,70.466892,37.118744,50.05,70.0,70.46214273751266,37.13651993990528
0.107804,-0.146218,-249.378456,170.631327,50.05,70.0,-249.39799880955348,170.61234231350178
0.51167,-0.353925,70.095543,-38.006933,50.05,70.0,70.07555304206417,-38.003153187913234
-0.422541,0.361746,-81.876393,16.923584,50.05,70.0,-81.8723200580691,16.93480868480643
-0.141132,-0.012309,-428.665079,96.837756,50.05,70.0,-428.6575954191997,96.85226366601754
-0.876133,0.839236,0.000913,-0.151778,50.05,70.0,-0.012849329057876686,-0.1317782083918881
-0.959147,-0.381511,-107.637831,201.994001,50.05,70.0,-107.65780393164275,201.9828076405937
-0.062541,0.875728,243.25954,353.378713,50.05,70.0,243.27890680340477,353.36117424254076
0.356832,-0.732353,-70.863979,10.042474,50.05,70.0,-70.86504074979686,10.026923487042719
-0.661392,-0.016148,-444.314486,-88.895257,50.05,70.0,-444.29452088897847,-88.91312064290169
0.598756,-0.715058,-11.629556,43.672178,50.05,70.0,-11.649551919506251,43.6716117575033
0.024801,0.831135,-60.863185,-460.214795,50.05,70.0,-60.882981872367544,-460.23306848387455
0.89277,0.785229,1.87777,1.804098,50.05,70.0,1.8856372844715723,1.7841109067952001
-0.651029,0.157978,192.394512,46.6396,50.05,70.0,192.407701853006,46.65557949398933
-0.864432,-0.502778,-32.752301,44.761539,50.05,70.0,-32.766001187908714,44.779970430020484
-0.192272,0.490951,195.697899,-128.236,50.05,70.0,195.69208231491686,-128.2383270490606
-0.586519,0.369267,-24.126975,4.170388,50.05,70.0,-24.10880894566178,4.176611747042477
0.272638,0.224662,564.063326,-48.477335,50.05,70.0,564.0726331890601,-48.46389030228819
-0.097706,-0.138698,680.349477,-60.224555,50.05,70.0,680.3585368608527,-60.24109035593405
0.896499,-0.543694,1.864851,-1.3504,50.05,70.0,1.8558144162961705,-1.370299036405184
0.127405,-0.704377,-323.077737,286.127152,50.05,70.0,-323.09645709355595,286.1435442607997
-0.458731,0.114437,294.862271,310.48318,50.05,70.0,294.8713131934134,310.47081686085585
-0.657178,0.817409,-463.392199,151.563563,50.05,70.0,-463.40499111816,151.5642910986274
0.187182,-0.02905,-182.126031,7.145833,50.05,70.0,-182.1444588293235,7.163997993438104
-0.249009,0.907541,153.797983,-115.971031,50.05,70.0,153.77851566371055,-115.98632416941459
-0.964592,0.105989,-223.733847,-767.972482,50.05,70.0,-223.74868885774407,-767.9531658196456
-0.636328,-0.771058,-0.584776,-1.951428,50.05,70.0,-0.5782504657701706,-1.9709558812543262
0.830971,0.13781,-121.274759,17.239101,50.05,70.0,-121.29436708567037,17.219122537666404
0.168425,0.719505,-63.974097,12.903221,50.05,70.0,-63.95422558371677,12.920037772258054
0.72504,-0.259673,107.910068,-147.111643,50.05,70.0,107.90181185455491,-147.09776055405447
-0.325957,-0.367625,-54.094877,-41.920874,50.05,70.0,-54.110321525945984,-41.901752066176215
-0.678034,0.285662,313.761931,258.72854,50.05,70.0,313.7491467582013,258.7204601813816
-0.877033,-0.293659,-86.672414,-62.869314,50.05,70.0,-86.67613822716446,-62.84962900009499
0.467531,-0.209191,-148.165548,-41.646715,50.05,70.0,-148.18107002891182,-41.63007536594351
0.132675,-0.133653,-157.802945,88.006837,50.05,70.0,-157.7987520683186,87.98905086155945
-0.30875,0.832716,115.179779,-27.152764,50.05,70.0,115.19228219035061,-27.1637805758672
-0.542905,-0.601953,180.924002,37.325376,50.05,70.0,180.90488280006252,37.345124752687894
0.978408,0.104954,-544.680529,465.544863,50.05,70.0,-544.6766371633692,465.5261323114534
-0.045069,0.51913,578.011127,-860.63063,50.05,70.0,578.0258692227014,-860.611067741819
-0.979559,0.543863,-13.69135,3.63874,50.05,70.0,-13.703546756138278,3.6545608099496114
0.708543,0.474213,-29.709196,-74.437449,50.05,70.0,-29.72911236430953,-74.45001974407938
0.092071,-0.569933,-54.49399,-295.947705,50.05,70.0,-54.49302267435712,-295.96092552281374
-0.872208,0.795431,-34.74715,25.097813,50.05,70.0,-34.75062509501923,25.086149327603398
0.80586,0.090125,-182.497895,20.93528,50.05,70.0,-182.5147658168494,20.938134040945325
0.736035,0.540847,-400.54813,-283.212426,50.05,70.0,-400.5624234638969,-283.21291928324376
0.010387,0.57176,-2.198123,-29.744036,50.05,70.0,-2.180624070359678,-29.744135185344717
-0.422785,0.251884,-706.466556,64.715287,50.05,70.0,-706.466403835073,64.72285669957587
-0.57982,0.964847,37.775516,38.427074,50.05,70.0,37.765958779176245,38.44563226379153
0.18009,0.779854,-295.461734,-54.406775,50.05,70.0,-295.48092097691324,-54.3922799720619
-0.996663,-0.920824,0.348882,-0.030218,50.05,70.0,0.3458716839207716,-0.03367285635869975
-0.29131,-0.045869,420.744493,-84.85016,50.05,70.0,420.7472004966021,-84.84189202728575
-0.923614,0.821694,-1.153603,0.708522,50.05,70.0,-1.1614101035744018,0.7259261765491253
0.219144,-0.848352,-32.896154,-535.415959,50.05,70.0,-32.90472440031899,-535.4072085014998
-0.253646,0.976531,-325.298349,-484.168207,50.05,70.0,-325.31775709317185,-484.15505623329585
0.562275,0.155075,-51.387311,205.965638,50.05,70.0,-51.398837104548754,205.98126409746894
0.344245,-0.275452,129.10924,84.24784,50.05,70.0,129.11449332448714,84.24681863821112
0.484783,-0.251789,-113.122952,-35.673369,50.05,70.0,-113.1358964660455,-35.653532826743785
0.181126,0.192758,218.813544,245.816006,50.05,70.0,218.80039691521858,245.83003342975894
-0.308748,0.871738,55.157444,-19.67525,50.05,70.0,55.17413017506545,-19.65961006752733
-0.695493,0.846184,-4.009584,10.539995,50.05,70.0,-3.996591362637751,10.547272640234686
-0.192034,0.482399,152.842025,18.838388,50.05,70.0,152.84090878812682,18.824498555232985
-0.314566,-0.916413,115.928515,56.210948,50.05,70.0,115.90865361386969,56.21057341364982
-0.160081,-0.484257,-33.214361,-186.663507,50.05,70.0,-33.20913214028377,-186.68166452899825
-0.912678,0.615571,-42.51882,-119.742009,50.05,70.0,-42.53826260236535,-119.73178473445165
-0.097898,0.623282,66.501544,-198.121038,50.05,70.0,66.51841118196964,-198.10349691904366
-0.495665,-0.644857,15.524818,27.95011,50.05,70.0,15.544792681215228,27.93792570510155
-0.108976,0.440954,192.830003,-273.767602,50.05,70.0,192.84562451806516,-273.7865934313989
-0.880809,0.251281,190.80678,142.571231,50.05,70.0,190.8124103914775,142.58186369719562
-0.714217,0.156829,261.525536,295.091286,50.05,70.0,261.5077839181065,295.1062541831579
-0.174041,0.889426,163.560313,29.760683,50.05,70.0,163.5420695022507,29.771698980383665
0.576543,-0.047037,-225.88506,-158.146215,50.05,70.0,-225.86878850632655,-158.14576021851173
-0.553025,-0.683201,-36.842892,-13.661851,50.05,70.0,-36.82846453218936,-13.670211856151615
-0.556717,-0.748031,14.777808,-1.804735,50.05,70.0,14.769999320012456,-1.8035035266686466
-0.155006,0.813792,386.582141,-116.605376,50.05,70.0,386.60146136134324,-116.61885545468563
-0.604188,-0.587679,12.303671,-2.765985,50.05,70.0,12.284607573673112,-2.7608956264498707
0.877209,-0.744076,22.050572,1.28948,50.05,70.0,22.053841552780113,1.2703563106786677
0.322206,-0.687569,-66.986902,17.213061,50.05,70.0,-67.00583259220824,17.20611121068791
0.024958,-0.532521,-15.152273,177.534797,50.05,70.0,-15.132575205940414,177.5534927120786
-0.077143,-0.539568,11.117093,-29.986043,50.05,70.0,11.132330881031868,-29.974625132574133
-0.51949,0.932969,-9.162111,0.175405,50.05,70.0,-9.146734201074336,0.17031246865103658
0.41332,0.664372,11.885776,69.372519,50.05,70.0,11.904978243427319,69.35319831642362
0.103064,0.202443,-611.886956,31.218097,50.05,70.0,-611.9036671603075,31.23586943903615
0.45425,0.578078,25.45823,14.078613,50.05,70.0,25.47737896395052,14.077480655239427
-0.244766,0.225362,169.534062,18.667192,50.05,70.0,169.518249615829,18.68414021987995
-0.343986,0.626913,-1.674597,314.889461,50.05,70.0,-1.6843498179643983,314.8795407001372
0.525425,0.81093,76.664806,5.574377,50.05,70.0,76.67263945484704,5.594352278083419
-0.707777,0.391243,48.552085,20.694207,50.05,70.0,48.556088226368054,20.681124796078386
-0.383654,-0.065123,517.876122,-320.464971,50.05,70.0,517.8738747225727,-320.4497811464181
-0.521928,-0.044538,360.632537,-54.54624,50.05,70.0,360.62145367757887,-54.5263641896592
-0.557823,0.672685,9.534864,1.043304,50.05,70.0,9.5173521087377,1.0262580082971307
-0.182564,-0.351148,109.209682,-240.591473,50.05,70.0,109.20429686251931,-240.5748398652886
0.253534,-0.846658,-141.776617,16.854132,50.05,70.0,-141.7661233578899,16.862902227245954
0.220173,0.441976,-165.04376,-84.555543,50.05,70.0,-165.06321723592234,-84.5660091619385
0.289432,0.478537,-53.484766,10.212854,50.05,70.0,-53.470435783268,10.194344088858081
0.779726,0.846655,-0.035296,-0.121675,50.05,70.0,-0.04672669552587535,-0.10198564439033887
-0.262952,0.572474,135.631356,-62.301663,50.05,70.0,135.6407798501739,-62.283460686452244
-0.428123,0.539841,-174.718567,-42.660671,50.05,70.0,-174.71218185829102,-42.641198024620614
-0.885445,0.322432,120.099048,51.634934,50.05,70.0,120.10974064300308,51.61693414256066
-0.882921,0.752984,0.185958,1.345381,50.05,70.0,0.1945440381780205,1.3573410461858282
-0.606031,0.428789,-11.642093,36.389446,50.05,70.0,-11.647333963003387,36.38762849276689
0.66309,0.547678,94.221955,-21.906124,50.05,70.0,94.21370634553799,-21.88629049606859
0.826339,0.27586,-60.882383,99.32706,50.05,70.0,-60.87717066966136,99.30809153824273
0.384734,0.229954,191.49175,-213.712746,50.05,70.0,191.4835541279937,-213.72768930888063
0.834377,-0.625964,-69.201247,16.21944,50.05,70.0,-69.21227779475657,16.237610608303516
-0.576286,0.364469,32.946464,9.374145,50.05,70.0,32.95147338265799,9.378143753547965
-0.363071,-0.1296,261.872504,-153.875731,50.05,70.0,261.86637340499203,-153.89126210459534
-0.180707,0.860084,24.442392,77.028686,50.05,70.0,24.461508573890086,77.00964026529564
-0.571938,-0.557168,-13.237748,-1.501664,50.05,70.0,-13.256565029684575,-1.5212022713834743
-0.317022,-0.191448,-674.088035,-707.23512,50.05,70.0,-674.0690071389798,-707.2527784813185
0.328222,0.432127,100.316241,90.986675,50.05,70.0,100.32749353571906,90.9962139199675
0.758278,0.382683,22.763771,63.214233,50.05,70.0,22.782618723014828,63.229249058918235
-0.251041,0.750416,-64.413435,-591.828309,50.05,70.0,-64.40870553230712,-591.8293870374334
0.248197,-0.560407,9.082899,-88.510105,50.05,70.0,9.074852790789487,-88.50734189664787
-0.76069,-0.922399,-101.023835,155.117896,50.05,70.0,-101.01634411055187,155.10230992344924
-0.759308,0.308409,116.720072,51.329351,50.05,70.0,116.70364421360698,51.34417589334287
-0.562745,-0.059457,242.273115,-25.237267,50.05,70.0,242.26313180419424,-25.231709005066676
0.69894,-0.920595,-1.315427,-14.76382,50.05,70.0,-1.2954276934451319,-14.74467786038658
-0.441221,0.390554,59.053187,-11.128563,50.05,70.0,59.068926032186965,-11.108582158954071
0.047376,0.250293,-119.39812,-127.268094,50.05,70.0,-119.41783856482064,-127.24817138268753
0.668382,-0.504148,58.955386,41.363258,50.05,70.0,58.945295613752464,41.380485972826406
0.780766,0.327618,-110.717502,61.261682,50.05,70.0,-110.73750190226413,61.277393110302064
0.277569,-0.891082,-1247.351922,-980.012909,50.05,70.0,-1247.3372991570845,-980.028229105617
-0.410759,0.375791,606.044225,13.793447,50.05,70.0,606.041279683633,13.79035918830605
-0.084781,-0.91688,28.244511,117.817716,50.05,70.0,28.224526963855475,117.79793793938252
-0.009053,-0.153533,32.923817,80.358889,50.05,70.0,32.917347215679804,80.36507637819743
-0.423044,-0.097933,348.867094,-178.888514,50.05,70.0,348.8512875366701,-178.9031266664533
0.032908,-0.917176,-17.783556,202.791,50.05,70.0,-17.769498559435934,202.80258177689672
-0.976731,0.076973,-401.307956,355.019179,50.05,70.0,-401.3098739624615,355.00734976163994
-0.322833,0.15193,594.319653,1278.919961,50.05,70.0,594.2997784014473,1278.9387595033297
-0.512298,-0.195269,180.245491,-113.230362,50.05,70.0,180.2331477344244,-113.24870731249487
0.111751,0.202046,-462.382454,-135.172001,50.05,70.0,-462.3743429264126,-135.1528938154217
-0.206288,0.921932,92.482927,-142.194257,50.05,70.0,92.4664140908451,-142.21075789517008
0.913044,-0.46561,100.566439,-1.355644,50.05,70.0,100.55693775640837,-1.3359577787529648
0.491821,0.038899,-111.295631,3.847161,50.05,70.0,-111.28809667025133,3.8288688106121618
-0.230669,-0.859985,127.740306,136.573269,50.05,70.0,127.72212716156771,136.56176947686603
0.237593,-0.781533,-27.588712,4.337687,50.05,70.0,-27.582749770144265,4.356871682022887
0.775324,0.864425,-0.552274,0.030836,50.05,70.0,-0.5492026024395178,0.012264359484318966
0.391847,-0.224338,8.251988,-87.513561,50.05,70.0,8.267484347325126,-87.5318290080992
-0.440788,-0.320451,31.545319,-7.001158,50.05,70.0,31.553987156818586,-6.985199630297471
0.18791,0.199855,-81.019133,40.118354,50.05,70.0,-81.02819357557455,40.0986415854502
0.964947,-0.130791,-4.592047,248.503529,50.05,70.0,-4.6120438492783675,248.49220794219553
-0.208558,0.766394,-18.858917,86.340847,50.05,70.0,-18.878220133481427,86.36082509655168
0.785248,-0.335063,-47.52304,-14.702775,50.05,70.0,-47.504015122292046,-14.694529410613393
0.601561,0.433636,9.731353,50.096787,50.05,70.0,9.716413808534162,50.09602875914425
0.120348,0.686637,-43.756041,-105.138708,50.05,70.0,-43.73871680011242,-105.13019797737515
0.311221,0.698726,-82.255218,-185.108415,50.05,70.0,-82.2740527401718,-185.1276767647815
-0.504383,0.827134,-40.111736,9.946073,50.05,70.0,-40.12193484161719,9.96359339758026
-0.353743,0.648167,-122.391555,-221.388606,50.05,70.0,-122.40940101234995,-221.40449381488241
-0.260925,0.629452,101.605505,-80.737124,50.05,70.0,101.58550581648493,-80.72485674276878
-0.798448,0.480535,25.143268,31.675992,50.05,70.0,25.16254091383303,31.69596430316658
0.351829,-0.815797,-61.171674,-6.170412,50.05,70.0,-61.160984836771576,-6.179055688792089
0.905611,0.599475,19.042123,41.399521,50.05,70.0,19.035311843248817,41.41094489908647
-0.627778,0.930943,-33.924331,-10.442491,50.05,70.0,-33.94293252325633,-10.422496928101257
0.358893,-0.083983,-237.932077,43.622382,50.05,70.0,-237.95155587866864,43.61163038116546
0.489706,0.485112,230.425453,-50.362996,50.05,70.0,230.41608343177464,-50.3763863267453
-0.725402,0.170241,38.09608,4.76604,50.05,70.0,38.07679530301723,4.7579936937159175
-0.754712,-0.442994,56.417315,-12.74954,50.05,70.0,56.401453424971955,-12.73370055508178
0.604489,-0.359006,-387.727763,-55.441801,50.05,70.0,-387.7413789590867,-55.46104325799694
0.178763,0.4773,-197.933561,104.679272,50.05,70.0,-197.91458374868532,104.65931570145483
-0.022326,0.771887,321.992023,-1121.429457,50.05,70.0,321.9808028616999,-1121.42733858201
-0.895448,0.206229,233.5582,231.349242,50.05,70.0,233.57014572917012,231.36196239361158
0.089801,-0.715704,-73.68429,236.59083,50.05,70.0,-73.66449848529336,236.57770728284692
-0.840845,-0.07858,152.033192,-13.14807,50.05,70.0,152.0285721873983,-13.128168845702
-0.689036,-0.621625,-31.496825,-30.532758,50.05,70.0,-31.515952028546614,-30.514371953720875
0.348117,0.79915,-58.027833,-9.384547,50.05,70.0,-58.03182901965456,-9.375701109092796
-0.692818,-0.186066,-15.637415,-1.971593,50.05,70.0,-15.629019688201874,-1.9903615836994493
0.794242,0.825186,581.663666,334.903312,50.05,70.0,581.6627128484432,334.91729673229463
0.906223,0.882103,-18.110559,-48.045602,50.05,70.0,-18.130451294275044,-48.0626169338015
-0.494053,0.449877,-14.441257,7.925505,50.05,70.0,-14.422522326109766,7.905530341876386
-0.91718,0.954287,0.874563,0.799247,50.05,70.0,0.8594762766205397,0.7925852914017943
0.702908,-0.228142,-33.204228,-5.212854,50.05,70.0,-33.22027865910403,-5.230563597355652
-0.390333,-0.322729,38.377596,-8.511834,50.05,70.0,38.3973783341132,-8.531208144131996
-0.101537,-0.539496,149.712304,-111.656182,50.05,70.0,149.72824726797162,-111.64317070421642
0.688432,0.475191,-31.80541,6.981963,50.05,70.0,-31.812311070472933,6.974607392115595
0.538747,0.725733,3.784495,-0.245129,50.05,70.0,3.765674514727755,-0.22518214836376949
-0.601513,0.363261,-32.471252,7.221414,50.05,70.0,-32.491247486450156,7.232109447430437
-0.679684,0.558479,-9.587603,3.555095,50.05,70.0,-9.605186050874801,3.541364905038252
0.362511,0.726921,-74.17606,-5.077718,50.05,70.0,-74.18112133284983,-5.058014368541989
-0.633346,-0.650222,5.28051,15.389031,50.05,70.0,5.300504304881875,15.394960270204388
-0.283056,0.670468,88.04189,-53.144267,50.05,70.0,88.02254562161896,-53.12574215686624
0.560976,0.319082,-56.205657,25.270309,50.05,70.0,-56.192959621526995,25.267433846437235
0.812285,0.072937,-90.609889,6.485115,50.05,70.0,-90.59295610351678,6.500913582959453
-0.150391,0.3864,259.244858,-169.964993,50.05,70.0,259.22486383300605,-169.971233437152
0.227475,-0.826889,-202.040265,64.587298,50.05,70.0,-202.0282002633245,64.59086455840755
0.472495,-0.782552,198.258209,3.60543,50.05,70.0,198.24355329834523,3.607795704240934
-0.348584,-0.659125,102.156774,23.248041,50.05,70.0,102.15674846366339,23.242608833377936
0.081412,0.294617,-24.186994,30.863391,50.05,70.0,-24.194392252521798,30.86371792870284
-0.369832,0.234884,-61.215311,26.477406,50.05,70.0,-61.20678970372755,26.472871209161895
-0.303297,0.4921,166.181934,-192.628935,50.05,70.0,166.16253868220124,-192.6281035022332
0.732091,0.24552,-174.802718,44.844216,50.05,70.0,-174.82111738157326,44.86012759649989
0.449944,0.210302,209.536714,103.065457,50.05,70.0,209.53883181831162,103.06470557745185
0.551123,0.716834,26.578886,9.861197,50.05,70.0,26.562507935066677,9.872870670150629
-0.172837,-0.876577,68.553546,133.393182,50.05,70.0,68.56979412965991,133.37428808534912
-0.624428,-0.760036,45.400629,20.923956,50.05,70.0,45.3843930659088,20.937768058684515
0.069345,-0.51275,-941.511812,-355.906158,50.05,70.0,-941.5314836675994,-355.90381277996215
0.203166,0.615035,-34.816038,-864.602201,50.05,70.0,-34.81960902140336,-864.6076935497762
0.887126,-0.071822,315.868632,-254.045699,50.05,70.0,315.85153706270177,-254.0584736770825
0.890647,-0.889616,-0.877176,-1.397815,50.05,70.0,-0.8901502234659823,-1.404229768162711
0.227732,-0.51492,-162.812966,88.371316,50.05,70.0,-162.79506999003567,88.35283560658068
-0.256977,0.992133,63.741522,-62.683399,50.05,70.0,63.75504125522187,-62.686665191498726
0.776199,-0.418604,-246.391455,103.657543,50.05,70.0,-246.38995495310766,103.6755261588077
0.520956,-0.285901,150.002034,-78.886289,50.05,70.0,150.0217735284778,-78.89977951502547
0.861386,-0.693135,-31.718016,-8.1095,50.05,70.0,-31.723796428819266,-8.108293752378358
0.486493,0.495702,41.853002,15.673722,50.05,70.0,41.85640942351506,15.666880982843539
-0.740053,-0.073178,248.922577,-34.038364,50.05,70.0,248.912194673895,-34.02123242977048
0.092528,-0.888023,-39.683196,158.869386,50.05,70.0,-39.67403124786731,158.8517927366725
0.991441,-0.845411,0.834671,-0.863713,50.05,70.0,0.8531399693594942,-0.8739791437695459
-0.826352,-0.490131,237.27538,-171.820434,50.05,70.0,237.29522786643196,-171.8121753187368
0.373702,0.807535,-48.492384,8.037387,50.05,70.0,-48.48022034131437,8.020434313296962
0.242311,0.524538,8.759916,-16.651209,50.05,70.0,8.739916147431234,-16.6315419277735
-0.088317,-0.351972,346.02588,-279.886179,50.05,70.0,346.04565949116454,-279.89879593760594
0.404852,0.352601,-36.322168,8.932254,50.05,70.0,-36.30960811983118,8.948743370691389
0.158602,-0.379961,-314.406009,83.338486,50.05,70.0,-314.3878414036293,83.34510062116205
-0.009497,0.387922,3.677135,-69.604946,50.05,70.0,3.6643725920008023,-69.58705954347764
-0.19822,0.518804,200.528568,-4.888671,50.05,70.0,200.541289273874,-4.9064588342466955
-0.460115,0.840036,-74.839142,6.854149,50.05,70.0,-74.83348480740976,6.835335514147904
0.48078,0.463631,25.052055,21.161297,50.05,70.0,25.035143244781114,21.17969138849343
0.244262,-0.681425,-117.750668,102.51806,50.05,70.0,-117.76044371673449,102.51223979637743
-0.711516,-0.442121,73.179109,-3.436569,50.05,70.0,73.19901707441088,-3.434572348717238
-0.729662,0.565271,-887.190453,-33.025905,50.05,70.0,-887.2100704160437,-33.00591049320847
0.503235,-0.123189,-282.873368,-117.349654,50.05,70.0,-282.8866987775363,-117.33373408994589
-0.430605,0.829066,-111.971988,-83.951293,50.05,70.0,-111.95322705856464,-83.93544969517369
0.104966,0.156898,-138.630497,-136.760663,50.05,70.0,-138.61301205148789,-136.76902413083099
0.983291,0.171385,60.873634,-315.715175,50.05,70.0,60.85368937777863,-315.7338480541267
0.469168,-0.700129,22.009005,-15.88393,50.05,70.0,22.024417657693558,-15.903850339959957
0.934975,0.125437,-771.774147,-353.386017,50.05,70.0,-771.7936831823973,-353.3751262106839
0.21295,-0.949159,-69.478349,104.251662,50.05,70.0,-69.48322089427289,104.24679619131673
-0.519697,-0.539528,62.669547,-67.027401,50.05,70.0,62.65257420002361,-67.01363321586797
0.149023,0.627757,-69.781868,86.410539,50.05,70.0,-69.80179797541,86.3909086318103
0.708731,-0.358659,-166.864149,298.34623,50.05,70.0,-166.85411850234843,298.35074855823814
0.01495,-0.74178,-740.251876,1828.038271,50.05,70.0,-740.2711381792748,1828.0561632410845
0.911278,-0.155537,-317.369039,-188.629451,50.05,70.0,-317.3814502357666,-188.64830004989386
-0.104372,-0.176853,-140.047125,-53.699284,50.05,70.0,-140.02724533389315,-53.71814218104172
-0.363531,0.134582,245.775871,92.260161,50.05,70.0,245.7856923554994,92.24277120007862
-0.076641,-0.108533,57.855048,43.906741,50.05,70.0,57.847670827601945,43.92612558643341
-0.121835,0.322357,66.179595,-95.875776,50.05,70.0,66.16040740153974,-95.88605957673508
-0.145564,-0.501453,366.499489,134.502718,50.05,70.0,366.50371221102955,134.49106690457367
0.076128,-0.514294,-892.93006,364.221257,50.05,70.0,-892.9470754563017,364.2032232451159
0.259143,-0.575771,-127.035495,72.721732,50.05,70.0,-127.05006442533549,72.7385075860764
-0.975684,-0.326641,132.970322,-61.732835,50.05,70.0,132.95614177755144,-61.724958967481584
0.136988,0.355666,-123.05287,-164.092619,50.05,70.0,-123.04315165374408,-164.07495177271906
-0.322789,0.891898,80.880357,-44.70584,50.05,70.0,80.88952371171382,-44.71883307682153
0.122495,0.776734,-31.480419,-58.949355,50.05,70.0,-31.469745597510556,-58.9303858404489
0.564424,0.278809,-155.208535,-110.117876,50.05,70.0,-155.1940400808187,-110.13782800876942
-0.053139,0.896306,-3.018983,-3.194979,50.05,70.0,-3.013707538431249,-3.2113369591795213
0.214295,-0.349031,-121.475139,-20.00968,50.05,70.0,-121.46585794558912,-20.019660676118352
-0.164253,-0.606679,148.052646,189.183315,50.05,70.0,148.04678938038128,189.1914365950569
-0.451523,-0.74844,-27.537782,-42.895544,50.05,70.0,-27.552799943905516,-42.87840183549132
0.961499,-0.090863,-138.963044,-13.262635,50.05,70.0,-138.95637936295395,-13.279959059172285
0.869203,0.696391,-0.505176,1.167108,50.05,70.0,-0.5138328810778765,1.150780758640718
0.239957,0.95861,-187.85715,-53.771653,50.05,70.0,-187.8377821509216,-53.791627549920115
-0.640915,0.143463,-2.272051,217.469679,50.05,70.0,-2.265055388784053,217.47681202044376
-0.825682,0.763484,144.048084,-29.056732,50.05,70.0,144.03415558269617,-29.070439142446457
-0.125349,-0.743627,58.610582,153.118942,50.05,70.0,58.594268471662694,153.10627300957862
-0.146495,-0.137115,606.791813,-321.621882,50.05,70.0,606.7993432455592,-321.60822936530496
-0.484704,-0.427871,-51.260223,-34.089892,50.05,70.0,-51.274618202213944,-34.08472500184927
0.769884,-0.552483,11.038175,-1.295617,50.05,70.0,11.03430163744274,-1.2913890693640724
0.420604,-0.907718,-46.030341,-5.209279,50.05,70.0,-46.0461758190269,-5.222989943803038
-0.013937,-0.23125,133.22762,769.476395,50.05,70.0,133.24515464555427,769.4962500754191
-0.614771,-0.461549,-2.903159,1210.375442,50.05,70.0,-2.8847458676585105,1210.36804907905
0.744883,-0.749106,3.273555,-1.129247,50.05,70.0,3.285449930446728,-1.1450491529549662
-0.220285,-0.337992,-109.789205,172.399938,50.05,70.0,-109.77054038325524,172.38648022509386
-0.633987,0.576108,87.998572,29.356016,50.05,70.0,88.01391998156335,29.375728072500994
0.639315,0.962409,-0.324546,-0.104389,50.05,70.0,-0.3345173421045856,-0.10542720662491882
-0.789528,0.398802,329.040792,-434.943604,50.05,70.0,329.0273668542814,-434.93264007785086
0.661814,-0.887119,93.145267,-59.26822,50.05,70.0,93.12810671904191,-59.25387045305065
0.184475,0.464275,-95.760908,-108.220421,50.05,70.0,-95.77451395179752,-108.21473378334034
-0.927377,-0.417733,73.669236,-38.246755,50.05,70.0,73.6613854716324,-38.26097552768222
-0.833465,-0.044495,988.926379,-477.548543,50.05,70.0,988.9237407464611,-477.5290924419458
0.168073,0.802535,-121.493664,-116.799668,50.05,70.0,-121.48703398990236,-116.80800284303982
0.21107,-0.551412,-202.847301,32.860266,50.05,70.0,-202.83116740779997,32.84269446279187
0.414804,-0.382126,-73.183583,-48.318066,50.05,70.0,-73.18972804623967,-48.316514976050165
-0.391673,-0.855535,-46.212507,-79.083619,50.05,70.0,-46.20430471455815,-79.08052201302092
-0.968927,-0.755364,-10.032146,-2.791661,50.05,70.0,-10.051826936036152,-2.7717706304697294
0.597413,0.715165,6.861662,13.04455,50.05,70.0,6.875304952990693,13.025167844632556
-0.2271,-0.864274,86.960692,113.423601,50.05,70.0,86.98065537113372,113.42964734117167
0.138528,0.232773,-39.497797,12.28022,50.05,70.0,-39.51760119918698,12.262051975277608
0.219928,0.329203,-21.021882,117.997807,50.05,70.0,-21.033671097919807,117.995136125189
0.918687,0.370513,-101.522182,73.522949,50.05,70.0,-101.52314971260503,73.52777482983889
-0.781901,0.597861,65.491561,15.221829,50.05,70.0,65.50461164367148,15.236703523851187
0.246715,0.532564,-153.719503,78.424277,50.05,70.0,-153.7085810828136,78.41507494011175
0.805433,0.919981,17.240964,-3.568912,50.05,70.0,17.257847195605873,-3.5726691032476015
0.128352,-0.786293,-274.014431,-115.470944,50.05,70.0,-274.00157223658493,-115.45207400075986
0.774725,0.801671,-151.539474,28.653702,50.05,70.0,-151.55842033535708,28.63690229713135
-0.319258,0.23265,-33.304014,10.038961,50.05,70.0,-33.30542637259159,10.018963452105368
0.152092,0.204047,-79.601724,-24.379245,50.05,70.0,-79.61344035149055,-24.390490748306817
-0.585912,0.584557,-22.136942,5.565885,50.05,70.0,-22.12833448730573,5.550967744037253
0.655234,0.515404,-52.320099,17.620743,50.05,70.0,-52.31732555273247,17.60751788393015
0.400486,0.970261,-63.045284,-5.7295,50.05,70.0,-63.03799269054666,-5.7198476353513135
-0.815138,-0.028827,121.362434,-3.53114,50.05,70.0,121.38102990306913,-3.548835476639228
-0.48955,0.136378,102.855202,284.443315,50.05,70.0,102.87117317631703,284.4550268554816
0.096767,0.36606,-122.581629,-233.510299,50.05,70.0,-122.56361852881757,-233.52941999136542
0.3683,0.025768,-298.272939,-37.69407,50.05,70.0,-298.2724348690925,-37.70663000502419
-0.911273,0.235475,50.375935,187.665808,50.05,70.0,50.39284139552128,187.6828347929914
-0.36866,-0.070386,-31.80521,-389.162212,50.05,70.0,-31.78683259598799,-389.16954900595624
-0.984022,-0.450019,-137.115263,-7.823784,50.05,70.0,-137.13503545849883,-7.8086052507254475
0.52577,0.622243,4.945687,-1.327222,50.05,70.0,4.938774125727516,-1.308834489302926
0.046053,0.011132,-153.088773,-28.765574,50.05,70.0,-153.07611346828824,-28.7565867098618
-0.901196,-0.408327,75.069579,-38.45812,50.05,70.0,75.08173755607656,-38.45956727597906
-0.757304,-0.005661,-1234.041852,-106.018462,50.05,70.0,-1234.0567027177492,-105.99860892838475
0.860393,0.632911,10.682419,12.4685,50.05,70.0,10.67301790032566,12.448500251992325
-0.666541,-0.55355,-27.143996,-132.985735,50.05,70.0,-27.126273020918397,-133.00187790611008
0.492286,-0.148209,-250.511487,-148.154979,50.05,70.0,-250.49952751614362,-148.16680649437907
-0.950597,-0.690154,-2.518825,-5.072216,50.05,70.0,-2.523352194542583,-5.05222370256476
0.573989,-0.969304,-5.628375,0.638647,50.05,70.0,-5.629407387900674,0.6188221971720919
0.913933,0.46981,12.897406,33.984108,50.05,70.0,12.90282802044311,33.98242238991608
0.103673,0.433088,-575.288178,124.762968,50.05,70.0,-575.2686119710783,124.76912277701565
0.913986,-0.633538,19.919038,-3.96895,50.05,70.0,19.902260707466898,-3.9570861049529635
0.124985,0.623641,-42.833685,-86.046993,50.05,70.0,-42.8369350935061,-86.02984010727916
-0.4577,-0.556682,-45.712501,-5.753581,50.05,70.0,-45.70302552409919,-5.767886780651477
-0.158956,0.431232,123.737992,-154.18194,50.05,70.0,123.75677054743007,-154.20152612051982
-0.284817,-0.926058,124.507052,88.770865,50.05,70.0,124.49151357604916,88.78841747013597
-0.263254,-0.502754,117.90746,56.612396,50.05,70.0,117.91372552855219,56.621785170985675
0.210098,-0.888285,-206.489529,144.493637,50.05,70.0,-206.49148835867055,144.48521861831586
0.594305,0.48985,38.023814,-64.975423,50.05,70.0,38.043047635134904,-64.97647680094528
0.901848,-0.64565,-4.478803,-1.645789,50.05,70.0,-4.4974134207861285,-1.6641878194642674
0.560103,-0.345875,78.626591,-35.069942,50.05,70.0,78.63754275463108,-35.088088885382945
0.883316,-0.112528,139.762199,-645.591263,50.05,70.0,139.78218991856275,-645.5874196482722
0.736213,-0.469856,-163.469566,-28.507474,50.05,70.0,-163.45118470659492,-28.49025579375954
-0.868356,-0.464217,20.189665,-4.807347,50.05,70.0,20.207452773965034,-4.78906375579557
-0.087597,-0.236252,47.267717,69.616131,50.05,70.0,47.279598730065025,69.60108349661026
-0.680684,-0.249901,157.873127,-89.129184,50.05,70.0,157.8820102057697,-89.14274222147172
-0.083572,-0.599344,17.231618,28.048529,50.05,70.0,17.249697910293257,28.043858371166067
0.824327,0.464677,-26.60559,-19.309008,50.05,70.0,-26.62054055492765,-19.29960010990952
-0.169166,0.830009,10.818118,104.780799,50.05,70.0,10.83163294785226,104.76529184435199
-0.036854,0.600123,18.213138,-152.77715,50.05,70.0,18.222351138309868,-152.7971336022083
0.267389,0.001195,-1714.281515,-161.02489,50.05,70.0,-1714.2968880342655,-161.01658931733448
0.083974,-0.648832,-378.582303,462.334835,50.05,70.0,-378.5925517008091,462.33279970516986
-0.91142,-0.242009,129.085177,-229.211354,50.05,70.0,129.0734823777527,-229.21476534472689
0.555276,0.531241,-19.080776,-22.513234,50.05,70.0,-19.07064522751066,-22.50517576687121
0.564817,0.884374,-1.07255,0.591229,50.05,70.0,-1.0688622693995278,0.6033384753631594
-0.318417,0.366713,119.133953,-742.551619,50.05,70.0,119.14531872398288,-742.5449877902743
-0.65326,0.658086,372.299199,-200.074526,50.05,70.0,372.27970146895603,-200.076569383169
0.454436,-0.291969,-71.027105,-23.594314,50.05,70.0,-71.00736636835684,-23.61413052922933
0.87362,0.928235,0.950038,0.937265,50.05,70.0,0.9300447929261682,0.9380208403567605
0.851373,-0.968432,-0.457187,-0.162401,50.05,70.0,-0.47170036323952363,-0.17551544243185738
-0.440942,-0.917976,-0.576241,0.802636,50.05,70.0,-0.5915480307354603,0.7833101950534814
-0.414748,-0.672949,27.996892,22.359658,50.05,70.0,27.977625951465278,22.35600685243769
-0.261937,-0.380285,117.509137,33.509945,50.05,70.0,117.49183535454054,33.48999103047093
0.551255,0.94054,79.911717,18.222139,50.05,70.0,79.91162683938745,18.20536950394598
-0.341092,-0.736381,89.763537,20.255568,50.05,70.0,89.77712397940371,20.237389222501964
-0.362445,0.39513,49.03515,10.154202,50.05,70.0,49.04483538129532,10.174029266167828
0.942957,0.274055,-83.622789,22.99609,50.05,70.0,-83.6037565231628,22.976880663437893
0.03517,-0.897175,153.553016,73.65255,50.05,70.0,153.54018665204498,73.65948912503596
-0.82035,0.373455,81.873908,51.126338,50.05,70.0,81.85555055894184,51.13776748585588
0.664443,-0.705825,137.019492,-134.959427,50.05,70.0,137.00746346851173,-134.9399548651677
-0.798504,-0.460555,21.69825,-6.533973,50.05,70.0,21.679245617162557,-6.536095067038112
-0.541044,0.666631,-133.134968,27.579641,50.05,70.0,-133.14148426444,27.59847732692924
0.061847,-0.529755,-36.55043,169.492121,50.05,70.0,-36.56434425211166,169.50927747558262
0.405903,0.004022,-140.117931,0.38401,50.05,70.0,-140.09913843269945,0.36401210050603505
-0.407851,-0.7596,70.220316,164.136955,50.05,70.0,70.20699213900222,164.15149577531014
-0.59226,-0.105698,214.227202,-35.59357,50.05,70.0,214.20935133729708,-35.61335405014043
-0.466478,-0.088767,410.148654,-394.352475,50.05,70.0,410.16697253882154,-394.3675541211631
0.087286,-0.990761,-48.367726,205.665599,50.05,70.0,-48.38484305457729,205.6456399515551
0.275041,0.612156,-43.999217,-6.891682,50.05,70.0,-44.001195940339656,-6.87175352765308
0.502664,0.278959,-60.175755,29.773984,50.05,70.0,-60.19450284267825,29.789097401187068
0.465982,-0.246598,71.225678,32.27152,50.05,70.0,71.20753572781668,32.26295823768839
-0.567018,0.120832,321.655099,-382.038899,50.05,70.0,321.6529797536454,-382.01938080504715
0.823056,-0.89962,-1.139941,-1.244169,50.05,70.0,-1.138695001279505,-1.22747799407428
0.081366,-0.488834,-69.824501,215.347704,50.05,70.0,-69.80977264155992,215.32932763425518
0.171424,-0.880289,-36.703091,42.484742,50.05,70.0,-36.72176485286229,42.490032575048126
0.983897,0.360567,-109.13702,99.946139,50.05,70.0,-109.14133506297925,99.95773974799305
0.041702,0.891258,-19.527493,-177.607961,50.05,70.0,-19.54464840372002,-177.62734865046275
-0.623673,-0.077108,197.167182,-947.339256,50.05,70.0,197.18187894740927,-947.3230271851902
0.053467,0.624869,-72.749158,-313.694957,50.05,70.0,-72.73453438948678,-313.6793924477176
0.170653,0.168416,-211.442041,-64.804322,50.05,70.0,-211.43356626687708,-64.80560665631234
0.56902,-0.483551,-103.106848,64.971604,50.05,70.0,-103.1259734302962,64.99063200621731
0.961192,0.749306,1.816324,2.686145,50.05,70.0,1.8315375266733755,2.6673110634556747
-0.416066,-0.825269,38.485416,-6.684413,50.05,70.0,38.46728148381992,-6.698490927323955
-0.288218,-0.087809,181.234057,-4.238806,50.05,70.0,181.2197500878465,-4.235241238539827
0.195049,0.192528,-49.841664,19.917136,50.05,70.0,-49.857877275754944,19.906711325295962
-0.187137,0.794673,1.977102,1.140996,50.05,70.0,1.9661715627697125,1.1230814545993009
0.064672,0.938708,-64.809233,-290.197279,50.05,70.0,-64.80090629376848,-290.21518117130995
0.872397,0.381778,333.842273,-540.379753,50.05,70.0,333.83969850521015,-540.3901235916028
0.53769,0.957684,-0.097833,2.106211,50.05,70.0,-0.11571374049482815,2.1238655104717767
-0.211179,0.712388,190.061719,-14.14162,50.05,70.0,190.0417239572285,-14.141156387311542
-0.901187,-0.245273,-1461.427743,981.507557,50.05,70.0,-1461.4205095708517,981.52713496759
-0.299026,0.275622,-205.059065,-339.593934,50.05,70.0,-205.07902760710041,-339.58551166173
0.377242,0.305535,-103.647921,88.452216,50.05,70.0,-103.63498342797442,88.4323675483479
-0.870853,-0.426015,-263.692765,163.823057,50.05,70.0,-263.6778668312878,163.8337772530711
-0.040203,0.31311,81.095156,222.635802,50.05,70.0,81.11255608193143,222.61624274894734
0.441197,-0.807872,30.78131,94.991207,50.05,70.0,30.770424170217314,94.97121691539792
0.094685,-0.637283,84.084072,17.316334,50.05,70.0,84.06442392203623,17.333352468630714
-0.810716,0.289515,39.116845,8.898541,50.05,70.0,39.12661566309788,8.91239629624346
-0.122499,-0.840644,-601.811293,587.256643,50.05,70.0,-601.7934154945774,587.2732696303655
-0.702002,-0.55187,-217.495909,411.098123,50.05,70.0,-217.4803799146291,411.1157838794415
0.716162,0.526433,116.277237,-2.989434,50.05,70.0,116.26344707565069,-3.009068229004619
-0.23501,0.182695,119.921802,-15.13128,50.05,70.0,119.91669564533315,-15.1494158258397
0.554975,-0.527771,-3.489548,-1.507123,50.05,70.0,-3.5085429590792376,-1.5037594527149118
-0.250665,-0.929524,165.777617,37.710232,50.05,70.0,165.7787284428245,37.727856247516236
-0.515593,0.427846,72.551923,-61.332649,50.05,70.0,72.57065526136977,-61.33453293258527
0.814942,0.735897,-54.11721,-181.132041,50.05,70.0,-54.132644138903125,-181.11369127114577
0.228264,0.43552,-173.950579,-52.989137,50.05,70.0,-173.96794636169975,-53.00698400853728
-0.222474,0.884333,210.591279,-102.325364,50.05,70.0,210.5825296125456,-102.3426919305794
0.99197,0.046049,-226.785524,16.088154,50.05,70.0,-226.8044438269802,16.068503892599843
-0.06062,-0.839638,14.973043,59.805803,50.05,70.0,14.962120811221228,59.82302864353
0.202079,0.338287,28.520304,-60.579524,50.05,70.0,28.50100777152339,-60.58621157084195
-0.415693,-0.557427,-24.664969,-64.05939,50.05,70.0,-24.662069243525973,-64.0732848929467
-0.672131,-0.498265,-37.456761,-10.832421,50.05,70.0,-37.443054791287196,-10.825393448261877
-0.342998,-0.772184,52.484696,5.818128,50.05,70.0,52.47012358395083,5.8201344872931
-0.095256,-0.959896,169.737225,355.513884,50.05,70.0,169.7263983357823,355.53183946637756
-0.980448,-0.38312,81.833287,-34.884653,50.05,70.0,81.8532449300518,-34.870147878100084
0.894426,0.62256,1.994671,1.665347,50.05,70.0,2.012477358971218,1.6482816515574628
-0.627743,-0.473298,-126.380056,-12.888623,50.05,70.0,-126.40003962758531,-12.90671669875767
-0.721598,0.104353,-151.725435,374.694318,50.05,70.0,-151.7077735669054,374.69297000584675
-0.144952,-0.207242,54.598337,22.696717,50.05,70.0,54.60587133701676,22.67777599839751
0.88578,-0.699483,6.747274,-2.599086,50.05,70.0,6.738953687361904,-2.6127136106377593
-0.214734,0.958011,-51.165154,70.433208,50.05,70.0,-51.159097359814034,70.42895998200753
-0.702887,0.586136,-1.454322,-1.306798,50.05,70.0,-1.4592856711187785,-1.2957978764609788
-0.808162,-0.778623,9.442169,43.726195,50.05,70.0,9.42300575649025,43.706270564430184
-0.324128,0.37847,78.239138,7.683104,50.05,70.0,78.25227160112213,7.681756928023715
0.942669,-0.560356,-18.42916,-3.08467,50.05,70.0,-18.434775725967203,-3.094801078603609
0.091132,-0.349537,-174.49706,-169.743285,50.05,70.0,-174.50640907976884,-169.73050282931874
-0.67604,-0.211232,-157.689495,-169.387971,50.05,70.0,-157.67027740403643,-169.4078859024913
-0.176625,-0.541617,78.335111,105.958332,50.05,70.0,78.35326272046953,105.94792484850997
-0.965032,0.715189,4.696535,-3.133617,50.05,70.0,4.695737646015755,-3.1352007381945275
0.17959,0.365349,-154.114181,33.602191,50.05,70.0,-154.13413973104784,33.58945884570275
0.41349,-0.471771,153.919581,16.820385,50.05,70.0,153.93278487437945,16.80047012345731
0.936653,0.324362,-62.423616,92.889376,50.05,70.0,-62.433359163743674,92.88031133800284
-0.454876,0.896661,-26.079892,21.960331,50.05,70.0,-26.076822423083726,21.96079825500399
0.176532,0.979505,-84.805526,-164.537751,50.05,70.0,-84.79758096452323,-164.5576746990059
0.548669,-0.515078,136.266351,-3.385863,50.05,70.0,136.2851422603039,-3.4043317633046164
-0.911321,-0.574867,35.960248,-6.651634,50.05,70.0,35.940980322193596,-6.666531368011606
0.208756,0.554554,-210.846386,-82.543862,50.05,70.0,-210.8279657456066,-82.53934930146744
0.381319,0.830219,59.627848,49.065937,50.05,70.0,59.63347993932031,49.04690295026222
-0.508382,-0.377319,-112.083356,-13.594525,50.05,70.0,-112.06516322674372,-13.587526169786717
0.393268,-0.338728,287.286862,257.87715,50.05,70.0,287.30629806700637,257.86219948816705
0.996358,-0.213431,-27.911091,-2.398734,50.05,70.0,-27.9002529254404,-2.393874761936103
0.871532,-0.157597,47.126786,-201.883138,50.05,70.0,47.14322069171438,-201.90313590304862
-0.735931,-0.784782,-0.996387,-0.873982,50.05,70.0,-0.977548498767183,-0.8686561224772972
0.175441,0.639223,-103.920543,-154.399194,50.05,70.0,-103.90570603011211,-154.40569130353347
-0.577914,0.995312,-1.5828,1.746239,50.05,70.0,-1.5700140713055641,1.7450393532110817
0.20413,0.81205,-107.003108,-147.537453,50.05,70.0,-107.01418545712112,-147.52573472059626
0.127351,0.389095,-457.923936,-69.739799,50.05,70.0,-457.92429177220356,-69.75629028821716
-0.480731,0.349967,-109.648724,-62.077282,50.05,70.0,-109.66052729177375,-62.07799588729214
-0.101958,0.388299,69.234002,40.501151,50.05,70.0,69.25384099972804,40.517716008776205
0.14463,0.793054,-144.468144,-234.415259,50.05,70.0,-144.46295920013196,-234.39576575536364
0.850836,0.004853,486.238276,12.308102,50.05,70.0,486.2190518721854,12.326512814760243
-0.442729,-0.939646,-481.099426,-436.230468,50.05,70.0,-481.1149300856241,-436.2190442200546
-0.634705,0.512902,-37.763758,10.794789,50.05,70.0,-37.77449788331931,10.813753283380121
0.343409,-0.323377,83.308906,-109.01379,50.05,70.0,83.32890593111466,-109.01938441813421
0.995031,-0.513652,-7.985003,-5.852712,50.05,70.0,-7.968290977861565,-5.864896879225291
-0.955869,0.7055,-35.188055,1.722536,50.05,70.0,-35.17354035759961,1.742534770930167
-0.662329,0.231953,88.187998,20.818632,50.05,70.0,88.17983179094786,20.827399283152324
0.438693,-0.87888,-101.022854,-22.282553,50.05,70.0,-101.00298330611675,-22.298077415305904
0.663783,0.195413,-155.775067,214.209699,50.05,70.0,-155.77041792322547,214.22912745502728
0.307223,-0.502487,-22.626857,-830.903395,50.05,70.0,-22.64628703814323,-830.8834086510807
0.699272,0.660843,-28.298552,21.375078,50.05,70.0,-28.297327969858106,21.355224450225734
0.784695,0.37092,-52.431974,37.228289,50.05,70.0,-52.44614552453059,37.22504111608952
0.058158,-0.532209,-26.578877,125.665372,50.05,70.0,-26.578710416285364,125.67704640092194
-0.836215,-0.259738,-146.313557,-5.541872,50.05,70.0,-146.3242648751425,-5.560106740230432
0.584518,-0.006188,1417.398046,641.637333,50.05,70.0,1417.3864160906753,641.6554041397582
-0.006147,0.683497,106.382098,-1261.644954,50.05,70.0,106.38396086400108,-1261.6560723242012
-0.469688,-0.039906,-627.409561,-932.251173,50.05,70.0,-627.3943049910836,-932.2545081537239
-0.707582,-0.324155,65.432232,-48.709272,50.05,70.0,65.4521788366733,-48.69113901824983
-0.078574,-0.601083,1438.243963,-641.969693,50.05,70.0,1438.2591097596394,-641.9895626547684
-0.399962,-0.159272,211.761173,-81.780265,50.05,70.0,211.7516850403987,-81.80018559188707
-0.890668,0.545396,97.958818,22.089255,50.05,70.0,97.94939609335351,22.108394737418898
0.47727,-0.518361,110.745355,11.701882,50.05,70.0,110.76385359246865,11.715723046642795
-0.093126,0.839231,-355.922006,85.044547,50.05,70.0,-355.9398997110459,85.0465876079594
0.960868,-0.697706,-19.338988,-79.511903,50.05,70.0,-19.358769228798344,-79.52727134299195
-0.348934,-0.52862,64.352767,-6.300694,50.05,70.0,64.35101836626343,-6.295757316216279
-0.524335,-0.495238,-204.126225,0.515097,50.05,70.0,-204.1154979800207,0.4965722241054868
0.54263,-0.013555,126.989949,6.685089,50.05,70.0,127.00805490433048,6.703889934958107
0.189488,0.723546,-195.657485,-169.56042,50.05,70.0,-195.6491854791827,-169.56668639114844
0.633569,0.395813,19.348967,18.835222,50.05,70.0,19.347534834641944,18.819234442416555
0.426933,-0.54174,-4.712727,-677.954272,50.05,70.0,-4.712869263268032,-677.9542381980546
0.971061,0.622002,47.129722,16.443241,50.05,70.0,47.13991531079511,16.423249503025414
-0.011137,0.821759,17.119187,156.770041,50.05,70.0,17.099192215483477,156.75572368853108
-0.700222,-0.636716,1.630953,-1.589651,50.05,70.0,1.6110418088723486,-1.5955763698811702
0.706822,-0.447853,1.456198,-27.872589,50.05,70.0,1.4380853553781907,-27.861746034205602
0.931348,-0.836314,-24.17915,-6.160675,50.05,70.0,-24.167650860912126,-6.159564228565119
0.076673,0.649195,-450.309324,-523.754585,50.05,70.0,-450.2899729973242,-523.7658031853351
-0.984685,0.404511,64.768923,4.829773,50.05,70.0,64.75226999454576,4.810448142952979
0.613978,-0.872252,69.84715,-33.085801,50.05,70.0,69.82955433891573,-33.103167655235225
0.062382,0.450471,-110.364187,-325.047448,50.05,70.0,-110.34700162813833,-325.03836488636335
-0.926773,-0.269921,-74.166283,-26.671011,50.05,70.0,-74.18601908825941,-26.651163284090945
-0.569678,-0.582841,-84.123147,83.095898,50.05,70.0,-84.10895035920915,83.11463222754122
0.184827,0.392374,72.056078,-4.289095,50.05,70.0,72.04569812069336,-4.299854468778769
0.633328,0.344775,-37.119228,10.646247,50.05,70.0,-37.115729292886435,10.626830619018577
0.626261,-0.434983,-148.377834,-42.743485,50.05,70.0,-148.37961413227836,-42.72568365598106
-0.758324,0.841176,18.525127,-28.417113,50.05,70.0,18.538222661666808,-28.41813951438668
-0.351409,-0.130218,38.953418,-103.205443,50.05,70.0,38.93898725778618,-103.1854443582636
-0.581779,0.033473,167.097683,-1492.674748,50.05,70.0,167.11503549271188,-1492.6550542736209
0.578182,-0.492191,143.410765,129.799105,50.05,70.0,143.43010995591737,129.81345346423927
-0.254664,-0.132976,258.825046,-94.121003,50.05,70.0,258.83689155820804,-94.10144632312411
-0.931745,0.158433,-42.027335,109.585102,50.05,70.0,-42.00812725652196,109.56631477062908
0.779442,0.087221,-14.116892,-0.161213,50.05,70.0,-14.131323367950657,-0.1591889768029971
-0.07498,-0.180902,57.611879,92.203414,50.05,70.0,57.62618495483985,92.21476730675545
-0.415549,-0.134712,206.024057,-41.469086,50.05,70.0,206.02405070273863,-41.45011457933137
-0.097509,-0.825937,192.142331,354.707747,50.05,70.0,192.16221081903768,354.7240744221865
0.47454,-0.411705,202.761072,62.422213,50.05,70.0,202.7433081860688,62.41024136908678
0.472546,0.07741,-409.310704,170.967152,50.05,70.0,-409.3043641222989,170.96329445112764
-0.976423,-0.746322,-30.402759,87.132863,50.05,70.0,-30.385747646606305,87.13978570751476
0.557908,0.758664,-54.605219,50.585801,50.05,70.0,-54.58522848342436,50.56665028311752
0.865562,-0.502686,1.320212,-1.23691,50.05,70.0,1.3221815089812696,-1.2179119635133113
-0.648207,-0.418826,1.819879,-82.526604,50.05,70.0,1.8375592974209725,-82.54555456748378
0.787497,-0.546206,26.608134,-67.883553,50.05,70.0,26.60562545615251,-67.8743703618029
-0.079093,0.682533,179.639163,-384.147344,50.05,70.0,179.65796966676945,-384.12823540305084
-0.665373,-0.918707,34.161216,8.323386,50.05,70.0,34.14720417849903,8.331371384075872
-0.715594,-0.982254,5.399533,-104.981457,50.05,70.0,5.404699961789946,-104.98725509753136
-0.747727,0.951669,-45.504946,-50.913897,50.05,70.0,-45.50293977867889,-50.90912862375913
0.694404,0.846123,-80.290094,-27.608266,50.05,70.0,-80.28634143884027,-27.59263175528208
0.7888,-0.631448,114.6864,227.245071,50.05,70.0,114.66924182489032,227.2432467247674
-0.750833,0.746107,-69.344045,-62.222334,50.05,70.0,-69.34216782125934,-62.214073680278176
-0.175271,0.212581,155.464995,75.705143,50.05,70.0,155.48498189720644,75.70079389125998
0.843309,-0.505589,21.21962,-6.964935,50.05,70.0,21.224899784289654,-6.949846914379047
0.565541,-0.955013,49.924644,-17.819508,50.05,70.0,49.90653069849434,-17.82216801387112
-0.9032,-0.08366,125.206379,-10.663101,50.05,70.0,125.20455015611726,-10.67622602008501
-0.078277,0.391577,601.671649,317.783419,50.05,70.0,601.6583296843496,317.78900911276645
-0.761847,-0.367295,66.627908,-27.204529,50.05,70.0,66.64399001038564,-27.18469963065921
0.87069,-0.316376,910.708815,-1219.400691,50.05,70.0,910.6940849444526,-1219.4045560562136
0.673086,0.559571,14.036497,40.330021,50.05,70.0,14.04759387544287,40.33966824973554
0.717977,-0.963186,60.814813,22.241604,50.05,70.0,60.795818996268295,22.22580933636862
-0.269411,0.015583,1276.013694,655.487665,50.05,70.0,1275.9999564003865,655.4701732260401
-0.101533,-0.467306,118.847824,-85.67247,50.05,70.0,118.8299479921535,-85.69022733607872
-0.00701,0.178683,35.725356,-499.857337,50.05,70.0,35.74513223058042,-499.8753978026594
-0.872436,0.970731,8.590046,-10.055241,50.05,70.0,8.58983155325805,-10.044980088390647
-0.921979,0.302801,154.317765,107.178814,50.05,70.0,154.33713070495128,107.18525375952882
-0.831535,0.388527,135.46354,-250.026682,50.05,70.0,135.46791368986405,-250.0206859971868
-0.030217,0.150084,-222.243854,-1933.622549,50.05,70.0,-222.2240459205712,-1933.6101878874765
0.46327,0.17413,-270.054744,235.034027,50.05,70.0,-270.0504871625886,235.05040710587065
0.610091,-0.19941,-68.888887,259.903679,50.05,70.0,-68.90671988050406,259.9121985028166
0.515559,-0.998999,11.484017,-10.385284,50.05,70.0,11.464098199383738,-10.372409146679937
-0.179645,0.698899,128.208625,-173.459986,50.05,70.0,128.20425342801917,-173.4402358254444
0.402408,-0.722971,31.388526,128.331262,50.05,70.0,31.402468916903317,128.35107459606027
-0.981026,-0.106336,381.112697,-142.657915,50.05,70.0,381.11564704923313,-142.6616438636571
0.818722,0.260846,-134.226328,43.843876,50.05,70.0,-134.23909119644094,43.85169398652776
0.04246,-0.374973,-68.343939,302.975065,50.05,70.0,-68.33219385611515,302.959948776275
-0.17008,-0.527315,260.655282,-10.264419,50.05,70.0,260.6378681110587,-10.282116774677263
-0.587789,-0.965775,-4.195729,-1.034639,50.05,70.0,-4.177815112487725,-1.0452337789924784
0.211421,-0.641486,6.817035,-102.604326,50.05,70.0,6.83321004428609,-102.62213608376432
0.544765,-0.135177,-196.247158,-38.749071,50.05,70.0,-196.22997721897502,-38.739274060003424
0.082446,-0.331547,-61.436828,155.465834,50.05,70.0,-61.456367477688644,155.48123419298517
-0.318555,0.045678,-65.347495,-10.932133,50.05,70.0,-65.32849279051446,-10.912134401609151
-0.288939,-0.189896,108.607256,-1.698284,50.05,70.0,108.59118354158639,-1.7162117123669516
0.419412,-0.9405,8.373122,252.377395,50.05,70.0,8.355942424944084,252.36701140695683
-0.976433,-0.905417,-0.991551,-0.995175,50.05,70.0,-0.9722412415967463,-0.9903167720435311
0.657751,0.813674,43.981749,6.649762,50.05,70.0,44.00106602622496,6.669761924882871
-0.57432,-0.595088,-32.64224,-10.536518,50.05,70.0,-32.65549499921359,-10.516747440102137
0.349453,-0.741785,-18.572667,-3.885354,50.05,70.0,-18.583580829875793,-3.881648499624397
0.825532,0.716456,0.862191,3.394241,50.05,70.0,0.8431294657268806,3.3864262255025173
-0.516282,0.852302,-34.587361,14.786312,50.05,70.0,-34.60725266188263,14.766534220673094
0.638616,-0.782263,-82.597556,29.651188,50.05,70.0,-82.60886675723967,29.648562520891222
0.502544,0.249629,-192.81161,-185.830259,50.05,70.0,-192.79782967993555,-185.84859427678347
-0.493257,-0.173011,105.81045,-16.438722,50.05,70.0,105.8006480604132,-16.432694924180367
0.205675,0.772774,-191.606798,-6.964697,50.05,70.0,-191.60154117515333,-6.984467102455294
0.019796,0.713663,-262.642538,-1075.474652,50.05,70.0,-262.62535749108014,-1075.4546592684069
0.53347,0.028911,-108.29148,2.928394,50.05,70.0,-108.27397460521902,2.9374041327314617
-0.088336,-0.66797,-74.09174,7.962464,50.05,70.0,-74.07461067641441,7.981846037300847
-0.564882,0.032112,277.453819,18.99305,50.05,70.0,277.4669686158154,18.998113067829497
-0.299125,0.610061,-303.418642,-660.407042,50.05,70.0,-303.4142514315171,-660.426171975285
-0.705604,0.914498,-85.491919,-61.581313,50.05,70.0,-85.49252860453292,-61.56172365304912
-0.040028,-0.752878,18.883477,165.173732,50.05,70.0,18.89071318499036,165.19344502901657
0.379518,0.560155,78.009379,74.379551,50.05,70.0,78.02794505502257,74.3972032455186
0.525341,-0.593184,95.523304,-50.381605,50.05,70.0,95.51233327309446,-50.36169411655676
0.360728,0.751598,-15.643988,2.785027,50.05,70.0,-15.624435893645456,2.766041513795886
0.113478,-0.769653,-118.6848,260.494017,50.05,70.0,-118.66557850486387,260.4751420585825
0.448371,-0.225044,-92.4694,-61.257724,50.05,70.0,-92.44940277673305,-61.274950951954935
-0.318947,-0.536893,-78.269163,-34.484787,50.05,70.0,-78.2762769626804,-34.48910336259939
0.434361,0.308134,-150.782185,-127.134821,50.05,70.0,-150.79975190009438,-127.1148718322687
0.801054,-0.677473,-1.357576,-0.787052,50.05,70.0,-1.3433174053138914,-0.7695455571295923
-0.293033,0.996956,120.30244,-20.393412,50.05,70.0,120.28262117006084,-20.395464244637257
-0.162854,0.909839,54.07009,-52.972071,50.05,70.0,54.05363113840821,-52.9523712052716
-0.336466,-0.988415,107.136986,41.781202,50.05,70.0,107.15698501961816,41.78033462087563
-0.2951,0.248769,103.538505,2.062839,50.05,70.0,103.52297090614026,2.0471658316517556
-0.946902,-0.5817,105.134615,-192.904159,50.05,70.0,105.13565154236275,-192.9145050252015
-0.636091,-0.78706,-21.833096,25.096694,50.05,70.0,-21.836681237936308,25.082620828864755
-0.12105,-0.484138,67.636013,141.74263,50.05,70.0,67.61681419046876,141.75148843204303
-0.89922,0.816175,2.80515,1.103779,50.05,70.0,2.7913095027135277,1.1060027313492857
-0.539078,-0.291878,79.928292,-36.984071,50.05,70.0,79.91988898274857,-36.999880735262366
0.400435,0.109173,76.862089,-61.909927,50.05,70.0,76.84219450045914,-61.89973611455742
0.871259,-0.748796,38.975952,10.288156,50.05,70.0,38.994408090266,10.30805404547385
0.988335,0.953848,-10.229468,-14.568835,50.05,70.0,-10.218381629408277,-14.556120632689684
-0.668749,0.329205,59.976222,37.78904,50.05,70.0,59.98491484103201,37.786229564130764
0.956692,-0.881987,0.76117,-0.760146,50.05,70.0,0.7734187026858321,-0.7758934965852106
0.437544,-0.197099,-82.597187,-13.698329,50.05,70.0,-82.58551112784065,-13.70099105529161
-0.635581,-0.201627,147.80169,-36.578421,50.05,70.0,147.789118321888,-36.59326865586072
-0.74591,-0.512953,46.043247,-28.497725,50.05,70.0,46.06122239752594,-28.51046846546866
0.791699,0.08241,294.530233,372.984494,50.05,70.0,294.5117138280723,372.9699393948438
-0.939187,-0.912426,10.579312,46.791929,50.05,70.0,10.599232828596335,46.774479141472256
0.848463,0.114819,66.910494,84.596808,50.05,70.0,66.92859049744358,84.59735088545676
-0.238209,0.428186,157.57338,-17.995084,50.05,70.0,157.55528521696317,-18.010724898075875
0.515498,-0.03305,-1173.487966,-1134.777746,50.05,70.0,-1173.491396898303,-1134.7678857413634
0.521634,-0.89869,92.543463,-128.845758,50.05,70.0,92.54748138103663,-128.85814008262736
-0.287622,-0.061447,387.924872,-97.250761,50.05,70.0,387.912094172605,-97.25684509668548
-0.744561,0.170792,250.512946,259.899041,50.05,70.0,250.49490795365645,259.8870961680691
0.496871,0.902521,-1.914354,2.672164,50.05,70.0,-1.9000844418021277,2.6523796778362763
0.678277,-0.203459,-11.349144,0.457464,50.05,70.0,-11.334062131631942,0.47707695898731295
0.461177,-0.992705,18.917093,-56.738774,50.05,70.0,18.900818512666927,-56.71990351937463
-0.39332,-0.530844,-70.537987,-37.388286,50.05,70.0,-70.51798977786171,-37.374811492126156
0.103077,0.417292,0.192453,1.1281,50.05,70.0,0.18046605681756475,1.139533260952282
-0.57039,-0.544617,-16.413415,3.080687,50.05,70.0,-16.407418136367312,3.099217962045115
0.618656,-0.248437,-43.737737,-9.556791,50.05,70.0,-43.725473632897504,-9.549970715635764
0.523597,0.095717,-76.882221,7.299478,50.05,70.0,-76.90087423254444,7.307887976861139
0.719632,0.855863,0.239264,0.03616,50.05,70.0,0.2428603318201328,0.043475703939549165
0.481602,0.290274,253.395864,-177.601834,50.05,70.0,253.37840174686497,-177.6139904533586
0.634592,-0.404442,784.340377,156.600662,50.05,70.0,784.3267920141896,156.61156458044493
0.55165,-0.415733,95.937793,22.098468,50.05,70.0,95.92756871310853,22.087239855268255
0.771885,-0.934423,1.555424,-1.247051,50.05,70.0,1.5563822391491415,-1.2455152804611591
-0.851956,-0.824704,0.920211,-0.670495,50.05,70.0,0.9243974556130825,-0.6727170824141283
-0.793361,-0.021687,59.790505,1093.632904,50.05,70.0,59.81001194815827,1093.6153640877594
-0.495328,-0.971224,-71.177178,-4.162704,50.05,70.0,-71.1956520015764,-4.175355542399825
0.632085,-0.547984,80.012536,-11.380229,50.05,70.0,80.00563152399462,-11.389648281612416
0.028528,-0.533164,-15.593278,159.415493,50.05,70.0,-15.60878247226321,159.39869205851656
-0.879599,0.586818,1.068118,1.285782,50.05,70.0,1.0710221895906251,1.297535803595106
0.656076,0.66728,62.428612,-17.97769,50.05,70.0,62.40984561467705,-17.986306540821868
0.97514,-0.817986,-1.001277,-0.696408,50.05,70.0,-0.9945988240665288,-0.6906124181365474
0.11291,-0.327121,-50.366127,70.62232,50.05,70.0,-50.34712708180836,70.63984065913017
0.079944,-0.377245,-45.928745,127.728786,50.05,70.0,-45.94441925955802,127.7097239008766
-0.35625,0.505986,-109.41065,-135.232873,50.05,70.0,-109.39743309411335,-135.21457978342306
0.103528,-0.012652,-708.964492,-14.642427,50.05,70.0,-708.9481599053445,-14.633461233115383
-0.644809,0.703276,-110.203075,-1.437331,50.05,70.0,-110.21878457971606,-1.44389005596158
-0.041241,0.86195,30.612741,-245.483029,50.05,70.0,30.596500861166884,-245.49585914225906
0.796573,0.000751,375.099904,2.802887,50.05,70.0,375.11975355769283,2.7828967924660146
0.617023,0.304408,-88.343242,31.588303,50.05,70.0,-88.32806061367938,31.58196532369787
0.185201,0.674726,-43.194538,-37.729958,50.05,70.0,-43.197610401200414,-37.74393220713172
0.120475,0.826586,-93.637225,-227.921289,50.05,70.0,-93.65145581057124,-227.94121016260866
0.425558,0.350764,163.889139,-36.954762,50.05,70.0,163.8781759022366,-36.972217011347084
-0.716112,0.307325,63.715938,56.278622,50.05,70.0,63.69642253107867,56.27286532023265
-0.781343,-0.036511,146.088124,-5.675774,50.05,70.0,146.09021091660125,-5.676180532807571
0.360879,-0.712893,10.573854,-1.546987,50.05,70.0,10.553995553715948,-1.5641637017171126
0.410703,0.686579,428.214652,-391.474554,50.05,70.0,428.21784916024063,-391.4729982416884
-0.66839,0.37686,43.668242,66.251574,50.05,70.0,43.64856568120644,66.25158441150973
-0.111352,0.507422,594.156461,-43.548716,50.05,70.0,594.1730002861266,-43.540808960179305
0.236685,-0.035268,-449.923841,-67.340696,50.05,70.0,-449.9133350267126,-67.32126385730808
-0.741448,0.490571,-72.228416,-140.173746,50.05,70.0,-72.22262860698744,-140.19354730784679
-0.970974,0.840136,-0.980257,1.051127,50.05,70.0,-0.9973777054019896,1.0548824933339087
0.163793,0.875744,-93.508033,-179.887,50.05,70.0,-93.52417827477848,-179.90397541265716
0.635169,-0.722456,-1.586903,-3.458777,50.05,70.0,-1.5669052877352259,-3.460385926854825
-0.313714,-0.582856,98.686493,11.4299,50.05,70.0,98.69779958302556,11.410308334938048
-0.067213,0.349445,-50.638752,39.011556,50.05,70.0,-50.63324342878996,39.005730652535455
-0.880468,-0.024074,33.021848,-0.394429,50.05,70.0,33.00343730083179,-0.39792348467220084
-0.609853,0.203381,36.413292,227.377877,50.05,70.0,36.406112758793334,227.39766446879685
0.216855,0.681834,-207.963547,-53.730867,50.05,70.0,-207.94357019237566,-53.75084256842653
-0.412863,-0.980239,118.916723,222.961674,50.05,70.0,118.92554855439751,222.9480676923996
-0.882683,0.748627,-64.717657,-58.505212,50.05,70.0,-64.71065002895928,-58.52521182008176
0.170176,0.147562,-241.660292,168.943829,50.05,70.0,-241.65307314083805,168.9368006509094
0.066841,-0.598002,-31.261534,140.809756,50.05,70.0,-31.255014826764334,140.82408685994795
-0.62651,0.246044,-11.462973,-296.396808,50.05,70.0,-11.447977890169023,-296.3823969457834
-0.738175,-0.500196,-291.320159,217.695972,50.05,70.0,-291.30022619327104,217.70507605767986
-0.793301,0.990669,0.580988,0.852782,50.05,70.0,0.5629658469677068,0.8333394359076881
0.180644,0.088412,337.010971,-473.363478,50.05,70.0,337.02959813758315,-473.3555130840661
-0.05605,-0.040291,-66.167055,181.015817,50.05,70.0,-66.1611369390113,181.004478800594
0.837198,0.782033,-0.927256,0.759892,50.05,70.0,-0.9394846135838033,0.7583712895238097
-0.370742,0.935506,55.94021,35.384078,50.05,70.0,55.956943691410665,35.364176531497286
-0.948448,-0.571993,0.100106,0.105366,50.05,70.0,0.11016191414694465,0.1229125668622068
0.5217,0.211465,-102.80931,27.291797,50.05,70.0,-102.82891015683924,27.299514408601958
0.084551,-0.957705,-623.564859,521.661524,50.05,70.0,-623.5507123487064,521.6656230208533
-0.140647,0.137884,51.319639,-8.579294,50.05,70.0,51.337332786376884,-8.568697508103122
-0.580467,0.087242,-152.639918,327.368759,50.05,70.0,-152.64139709798667,327.34918771015026
0.280635,0.633116,-125.525484,-54.699629,50.05,70.0,-125.52191159171113,-54.684218229477565
0.779081,0.009983,-230.946739,3.705581,50.05,70.0,-230.9530616648884,3.7095229175657183
-0.219775,0.241571,140.457152,38.090369,50.05,70.0,140.47568429002618,38.09315593945157
0.087811,-0.1567,-283.853989,248.526431,50.05,70.0,-283.8738143264385,248.54133536264658
0.342634,0.653215,108.366667,-210.115638,50.05,70.0,108.34747125321577,-210.11381258903714
0.590974,0.494792,-65.768037,-161.093516,50.05,70.0,-65.78681802941657,-161.1038630217426
-0.038695,-0.353778,-440.667099,-263.980794,50.05,70.0,-440.6755282145002,-263.99023741131083
0.055335,0.014698,123.292268,292.668368,50.05,70.0,123.28031869257637,292.68354592384253
-0.962494,-0.628641,517.837899,356.139626,50.05,70.0,517.8489413966304,356.1570106506401
0.427836,0.631383,107.599059,-17.617296,50.05,70.0,107.59662731735853,-17.631472698028595
-0.351386,0.261037,-1482.218925,-253.880353,50.05,70.0,-1482.2228657047046,-253.90029288208015
-0.744675,0.25474,129.411347,139.883256,50.05,70.0,129.42967411948845,139.9031321361874
-0.584423,-0.392458,183.027862,-50.023548,50.05,70.0,183.04657200524665,-50.035410721392516
-0.047021,-0.278522,316.94617,578.66816,50.05,70.0,316.94748971953334,578.6721851934167
0.87318,-0.455647,-34.351261,-13.947358,50.05,70.0,-34.362910197501314,-13.957632233767175
-0.053304,0.123079,40.203046,-55.129967,50.05,70.0,40.21753613507683,-55.109988804777764
0.588293,-0.561319,-64.712912,17.01088,50.05,70.0,-64.71749877659194,16.990883795877405
-0.0866,0.519348,150.261006,-313.882879,50.05,70.0,150.28065036090558,-313.90076093643694
0.674557,-0.725928,-17.142216,-3.486315,50.05,70.0,-17.12244907138319,-3.4989330824213067
-0.677735,-0.696493,209.710995,64.753848,50.05,70.0,209.70731220291765,64.76865814770183
0.049684,-0.963755,-83.404865,381.140278,50.05,70.0,-83.38591483301903,381.12645183016264
0.165013,-0.625993,202.564412,-315.15861,50.05,70.0,202.58360897255272,-315.15191064914313
0.939152,0.333854,-134.634256,84.430055,50.05,70.0,-134.61578789741418,84.44294461807874
-0.910989,-0.993868,-1.00219,-0.954514,50.05,70.0,-0.9822262066216138,-0.9486310961858884
0.068556,0.221021,-473.049661,-440.230196,50.05,70.0,-473.0675345052066,-440.24883557244374
0.707694,0.212752,-81.520399,17.479207,50.05,70.0,-81.53116737125634,17.49306850433295
-0.274693,-0.767408,72.794255,50.345818,50.05,70.0,72.80207426138733,50.36379662240094
0.180597,-0.713133,-91.136428,-131.53427,50.05,70.0,-91.1188031415704,-131.55404180505207
0.369839,-0.114968,-296.643833,-162.917508,50.05,70.0,-296.6279812272689,-162.89899035716212
-0.274713,0.892646,-104.839505,74.066058,50.05,70.0,-104.84687961386932,74.04803557961361
0.705231,0.814092,140.127552,-145.507616,50.05,70.0,140.14688298008676,-145.52757682738576
0.442709,0.607307,51.789754,22.905916,50.05,70.0,51.809562340727226,22.910526631193008
-0.985931,-0.537304,48.150084,32.305194,50.05,70.0,48.13078766944453,32.297064694324455
-0.462611,0.895408,-92.777188,24.118568,50.05,70.0,-92.75845935611105,24.128174471537097
-0.877919,0.811069,20.676778,52.390927,50.05,70.0,20.658119556507263,52.37175451926915
-0.355468,-0.348077,53.098882,-12.385582,50.05,70.0,53.11459743733014,-12.386178526951666
-0.136804,0.735828,160.770805,-248.803255,50.05,70.0,160.7718927794117,-248.78478503571594
-0.935517,0.766423,-7.041884,3.709136,50.05,70.0,-7.047868415738045,3.693237359671943
-0.733884,-0.390284,82.571455,10.231756,50.05,70.0,82.58703786063721,10.226572673281229
0.503767,0.815042,-1.057268,0.65742,50.05,70.0,-1.0601678886672403,0.6682790839074781
0.404949,-0.023036,-141.040194,-2.208113,50.05,70.0,-141.02021423822794,-2.2063835479993092
0.826531,-0.49534,-46.265598,-41.007641,50.05,70.0,-46.25077633226717,-40.999468811722856
0.825384,0.228047,-202.641411,163.206394,50.05,70.0,-202.65550669854156,163.20552578857317
0.780903,0.628899,-0.052925,3.307251,50.05,70.0,-0.06766054852664832,3.3265548129799303
-0.088129,0.809067,25.071713,-77.989398,50.05,70.0,25.064118464071317,-77.9703219088278
-0.008668,0.319814,330.508823,1569.005356,50.05,70.0,330.49976662974694,1569.0253119541787
-0.887715,0.176161,-68.105887,-121.85083,50.05,70.0,-68.1016234748947,-121.84428545251386
0.730024,-0.479768,58.080913,-13.112481,50.05,70.0,58.07292172834269,-13.108649719098166
0.545464,-0.380064,114.381913,-66.025358,50.05,70.0,114.38704613285016,-66.00555284940809
0.261783,-0.204874,-164.354775,-38.939417,50.05,70.0,-164.35314362403813,-38.93451939681995
0.675792,0.043064,-228.615194,15.798187,50.05,70.0,-228.62391345112258,15.816074575071168
-0.218584,0.259123,149.328153,-46.054761,50.05,70.0,149.34427511083976,-46.04495367805642
-0.922228,0.10951,326.61283,103.02466,50.05,70.0,326.61087522197863,103.04156215255225
0.536956,0.612948,-159.776976,-32.558471,50.05,70.0,-159.76617556440377,-32.54636010296756
-0.1844,0.791951,63.669362,-102.197241,50.05,70.0,63.65159813791121,-102.20726256603454
0.320827,0.139209,-129.123539,6.135599,50.05,70.0,-129.13699417949056,6.136007065428147
-0.31656,-0.420693,-112.272209,-99.202386,50.05,70.0,-112.2651689575505,-99.21345925613916
-0.591157,0.422903,-96.954162,-362.240447,50.05,70.0,-96.97410716112579,-362.22906756441915
-0.277636,-0.223894,-136.435606,130.963001,50.05,70.0,-136.41603322227763,130.9450131994648
-0.988691,-0.932412,-0.747255,-0.62611,50.05,70.0,-0.7474758485833454,-0.6426765300934582
0.952387,0.76517,2.74992,1.32352,50.05,70.0,2.756484326869103,1.3310787386771843
0.207532,-0.010672,-439.259187,88.561136,50.05,70.0,-439.25602266967644,88.54216815803528
0.64002,0.814772,-44.74868,-203.810831,50.05,70.0,-44.767157881413624,-203.82625182535728
-0.121635,-0.322792,63.517045,90.347696,50.05,70.0,63.504927550038595,90.3284992112685
0.842701,-0.724041,-20.486777,4.677926,50.05,70.0,-20.506480809719076,4.671404970771593
-0.958322,-0.510305,27.253607,-13.728589,50.05,70.0,27.262702033639975,-13.736215800610603
-0.696045,-0.430584,298.022774,-191.40829,50.05,70.0,298.0045655077514,-191.39746632592554
-0.826152,0.870684,0.922165,1.132213,50.05,70.0,0.9105098094900175,1.1301852107817674
-0.406238,0.356203,31.349861,7.113715,50.05,70.0,31.33291314166685,7.13263372220972
0.699262,0.497162,240.665978,-205.947225,50.05,70.0,240.67895794073107,-205.9671252755421
-0.196606,-0.358788,165.299502,-21.74675,50.05,70.0,165.28070635331474,-21.76608476350488
-0.150701,-0.826212,57.760202,127.271419,50.05,70.0,57.77986225870928,127.29091258545016
-0.148638,-0.150841,58.466872,63.809637,50.05,70.0,58.44718282230065,63.78991273216098
0.807829,-0.81122,0.792604,-0.621789,50.05,70.0,0.7919511629157931,-0.6354125382863199
-0.173373,0.121048,33.468566,-122.446413,50.05,70.0,33.461175413354134,-122.45978578008886
0.456307,-0.849155,-17.355354,-66.634743,50.05,70.0,-17.35863694986018,-66.62726942314211
0.251299,-0.420791,-134.91182,4.861042,50.05,70.0,-134.9265452602025,4.8483502323784045
-0.228418,0.980699,-16.002679,-14.992957,50.05,70.0,-15.994279120408939,-14.994898292008253
0.600172,-0.914192,-93.733608,-63.108472,50.05,70.0,-93.75325671396453,-63.125302086523305
-0.829223,-0.756273,-56.065796,-8.539009,50.05,70.0,-56.04659460097673,-8.553949324470207
-0.687236,-0.37587,26.896248,-6.616756,50.05,70.0,26.87634212695386,-6.633180473323733
0.758024,0.104883,-109.997013,744.974208,50.05,70.0,-110.0144390199399,744.9546322970126
0.772413,-0.051432,-405.273768,-76.193314,50.05,70.0,-405.2589573968216,-76.21329671482816
-0.410111,-0.73917,23.782816,-5.840282,50.05,70.0,23.798813370412265,-5.82241850931722
0.775573,-0.945086,-0.56963,-0.378787,50.05,70.0,-0.5885948684497071,-0.3979320752904136
-0.067172,-0.955464,566.693805,-515.77305,50.05,70.0,566.6863435466057,-515.7536596797781
-0.483352,0.307012,29.099532,7.776687,50.05,70.0,29.118056883295704,7.787754293965728
-0.057036,-0.607196,-180.564913,-206.089671,50.05,70.0,-180.56503229174362,-206.09715108564436
0.85803,0.902379,2.10223,0.514997,50.05,70.0,2.1129654585883464,0.5056830207230828
0.278101,0.050749,21.629955,909.682889,50.05,70.0,21.618469514470636,909.687549196316
0.932177,-0.897863,0.979527,-0.982686,50.05,70.0,0.999124184562971,-0.9790022330088577
-0.384155,-0.496189,92.149733,12.488774,50.05,70.0,92.14216655664168,12.479091878707083
0.554266,-0.456348,118.139379,7.857878,50.05,70.0,118.159375204703,7.877818004519864
0.166461,-0.292559,-174.842019,124.151345,50.05,70.0,-174.86117138799045,124.16458462473399
0.968536,0.17741,-241.362981,90.253555,50.05,70.0,-241.38099664203952,90.27162159955279
-0.266818,-0.409995,88.793264,-11.265126,50.05,70.0,88.79768786316698,-11.275902479642209
-0.78768,-0.540029,233.646523,9.299159,50.05,70.0,233.65827508477486,9.317255292693925
-0.269208,-0.574077,105.821636,61.227248,50.05,70.0,105.8019210779781,61.23219960846107
-0.51035,0.551841,141.706318,-52.808838,50.05,70.0,141.70332118705483,-52.80679264983929
0.787975,-0.497615,0.18948,-147.371152,50.05,70.0,0.1697114525066224,-147.3594760799739
0.593007,0.662247,51.123571,16.106031,50.05,70.0,51.105305490740115,16.097840264099208
0.378397,-0.288356,85.632977,-87.299348,50.05,70.0,85.62930516933777,-87.28704600909066
-0.402129,-0.581207,-130.576203,-12.927004,50.05,70.0,-130.59566546431586,-12.910168754185795
-0.346088,-0.700347,80.651236,3.282754,50.05,70.0,80.63826303929915,3.291245202340246
-0.739568,0.081601,225.785435,30.184142,50.05,70.0,225.78791386160944,30.174988402575806
-0.530663,-0.855298,-21.465129,-7.477749,50.05,70.0,-21.459020840542266,-7.460308723673569
-0.999799,0.370817,-426.500396,-127.479716,50.05,70.0,-426.5071548266203,-127.49576469924628
0.325353,0.212269,-109.886422,9.042521,50.05,70.0,-109.86757016695464,9.023710367074388
-0.388181,-0.150847,-861.871785,480.650188,50.05,70.0,-861.8704372222685,480.66252289580433
0.721552,-0.883796,-8.606787,-2.637038,50.05,70.0,-8.6183884775846,-2.625377708779074
0.033555,-0.038006,-96.22596,94.338063,50.05,70.0,-96.21723518008137,94.32019666052949
-0.769718,-0.655225,32.240564,-2.642563,50.05,70.0,32.22851695961567,-2.6536769494479917
-0.36855,-0.225429,93.983075,-13.215895,50.05,70.0,93.9851916143816,-13.210999778040028
-0.791996,0.926214,-116.112855,17.394183,50.05,70.0,-116.12961578220381,17.378026762443174
0.873269,-0.960278,-0.009314,0.124337,50.05,70.0,0.0023341144048650963,0.1443153162703343
0.608801,0.12078,29.202032,109.09607,50.05,70.0,29.183721816886123,109.09754662301552
-0.048301,0.209199,178.407516,-136.12854,50.05,70.0,178.38984952637946,-136.1088445423404
0.007214,-0.759922,1366.011326,1173.478906,50.05,70.0,1365.9934968939783,1173.4983600010041
-0.001721,-0.920258,0.614284,133.37875,50.05,70.0,0.6296490579264323,133.35879922180996
-0.775494,0.278449,135.861984,53.927533,50.05,70.0,135.85171323554076,53.94249095533512
-0.102938,-0.077004,98.167141,38.269179,50.05,70.0,98.1728841277185,38.28385019799201
-0.210973,0.181692,161.637863,83.376772,50.05,70.0,161.654107577745,83.36283790924793
-0.304307,-0.495629,99.078118,283.176636,50.05,70.0,99.09467323597599,283.1877590165331
-0.033946,-0.532309,19.882273,170.912429,50.05,70.0,19.88325147371662,170.92114985056395
-0.518806,0.431189,11.781856,-1.835321,50.05,70.0,11.776943333873843,-1.8495254737700824
0.996299,0.80195,0.5218,0.273335,50.05,70.0,0.5413847895111044,0.25610513001356167
0.365482,0.648028,344.677515,-334.997805,50.05,70.0,344.6874550436021,-335.0022477170011
-0.591728,0.834614,1.248927,0.892679,50.05,70.0,1.2295437835080325,0.9126641405785483
-0.641872,0.050146,171.098366,9.727595,50.05,70.0,171.0783981529046,9.738758225580552
0.809786,0.073086,-151.47207,12.123993,50.05,70.0,-151.48809886589729,12.104549816338608
0.360277,-0.817315,-83.194493,13.845921,50.05,70.0,-83.19220667677564,13.851612471847876
-0.607586,0.300831,0.029526,0.739567,50.05,70.0,0.018966024719117607,0.7593494493813123
0.071188,0.448585,-139.369653,-333.676354,50.05,70.0,-139.36575665858834,-333.65968311749594
-0.623881,0.426587,-53.911544,2.306948,50.05,70.0,-53.92870674640161,2.323234300875783
-0.348781,0.036863,286.870251,20.564962,50.05,70.0,286.88524683867513,20.56071051564235
-0.437381,0.929378,30.21285,6.670046,50.05,70.0,30.23154311192679,6.689333093548219
0.055875,-0.913131,-56.649785,292.741588,50.05,70.0,-56.65520124232729,292.7590858145466
-0.989234,-0.051259,316.285579,-38.30351,50.05,70.0,316.2831926614021,-38.3106304135266
0.487759,-0.242354,-124.218264,-51.984795,50.05,70.0,-124.23299851421149,-51.97306434995416
0.758222,-0.560739,-70.410116,16.617607,50.05,70.0,-70.39038491414652,16.637238716699407
-0.342175,-0.937542,89.704932,42.694805,50.05,70.0,89.70185871621496,42.67980970000597
0.726694,-0.454274,-254.735633,134.748261,50.05,70.0,-254.7158025907074,134.74355249621823
-0.976847,0.131384,341.950007,149.745042,50.05,70.0,341.9671132992733,149.76003012513272
0.172262,-0.797536,-5.891579,-2.18261,50.05,70.0,-5.8716470639394736,-2.190162595702791
-0.183194,-0.933886,-7.459271,-145.452431,50.05,70.0,-7.4392737370781905,-145.43403132140025
0.171785,-0.807277,-175.292852,-31.42289,50.05,70.0,-175.29354820572823,-31.44287392978968
0.098287,-0.08878,-41.461317,5.908441,50.05,70.0,-41.48040635889256,5.92842615612202
-0.132729,-0.781062,84.524174,192.330138,50.05,70.0,84.5305286670303,192.32860633931023
0.698223,-0.960353,102.249797,26.109204,50.05,70.0,102.23008505052442,26.095715601342626
-0.649914,0.898313,259.907319,31.594069,50.05,70.0,259.9228693978688,31.603446784020242
-0.052269,-0.491518,54.491471,253.207256,50.05,70.0,54.49198213227717,253.1942255371951
-0.947579,0.034141,188.474589,-358.145262,50.05,70.0,188.47421907202,-358.1253718368015
-0.187347,-0.732672,67.41842,101.241826,50.05,70.0,67.41039808404093,101.23005748817646
-0.016444,-0.380005,17.281505,237.050448,50.05,70.0,17.26619510878207,237.0507225319037
-0.742061,0.187876,234.91254,129.998521,50.05,70.0,234.91877576067296,130.01699665091695
-0.367588,-0.050844,262.096323,291.700634,50.05,70.0,262.1107282234302,291.6825175437571
-0.539072,-0.177723,-53.405336,-150.585504,50.05,70.0,-53.38794078917804,-150.60550324387796
-0.989387,-0.631597,-121.56794,92.220311,50.05,70.0,-121.55486446236769,92.21914209709573
0.742083,0.194129,-205.587186,79.466896,50.05,70.0,-205.56724524637247,79.45079613547601
0.727027,-0.853379,26.633394,-145.553665,50.05,70.0,26.65104417909815,-145.5467935604055
-0.747989,0.546581,-24.118915,5.538059,50.05,70.0,-24.10788704336057,5.545043467402643
0.387272,0.879315,148.31999,160.330672,50.05,70.0,148.30958346837184,160.3503340875702
0.644747,0.26344,-92.18929,25.505039,50.05,70.0,-92.17012908769281,25.49210688755136
-0.366776,-0.410218,-1019.798982,918.358784,50.05,70.0,-1019.8177261780866,918.3391440408005
-0.53889,0.871963,-62.954977,-4.027203,50.05,70.0,-62.974173955589045,-4.010874684340921
-0.922557,0.583092,-133.706686,-120.125989,50.05,70.0,-133.69562954037227,-120.14219883455544
0.02169,0.537997,-33.252665,-15.093012,50.05,70.0,-33.254000731285764,-15.112433586858904
0.115245,0.928132,-584.862949,-252.184414,50.05,70.0,-584.8447479068475,-252.20188823160123
-0.891496,0.618451,324.263237,-112.218777,50.05,70.0,324.24424975359005,-112.19942058856164
0.298647,-0.633154,-69.942455,24.20715,50.05,70.0,-69.92252624669828,24.19626817093191
0.583618,0.867929,76.39829,6.987131,50.05,70.0,76.39090622761894,6.992810602392862
-0.721611,-0.121814,229.361432,-546.568644,50.05,70.0,229.36814676048465,-546.5884858481943
0.676046,0.310157,-126.010369,-194.183565,50.05,70.0,-126.00707024215562,-194.18680106986116
0.814267,-0.60711,-12.554492,-3.899293,50.05,70.0,-12.566546457723662,-3.879328265001395
0.302699,-0.537308,35.718943,241.694641,50.05,70.0,35.73619074670483,241.67686490846066
-0.535475,0.2786,-167.310527,316.530741,50.05,70.0,-167.3235483864372,316.54334494423273
0.436531,0.778341,0.558322,1.727115,50.05,70.0,0.5725178410902909,1.7083274267849584
-0.418448,-0.858102,-43.628567,-28.702622,50.05,70.0,-43.61173593727561,-28.706553321365504
-0.122181,0.505314,514.046977,-52.935631,50.05,70.0,514.0328493825677,-52.917305320416595
0.814945,0.775561,6.362249,2.622601,50.05,70.0,6.372645300104883,2.64105847939932
0.861774,-0.156708,-135.142815,-55.832437,50.05,70.0,-135.1513258478287,-55.85170356552315
0.216395,0.948693,-67.806215,-97.77948,50.05,70.0,-67.78763979667625,-97.76015699868508
0.677127,0.468164,110.226572,37.069967,50.05,70.0,110.22665463100088,37.065667803265434
0.425765,-0.165453,143.83104,304.476447,50.05,70.0,143.85025782041083,304.45716901127446
-0.774325,-0.073185,221.191321,-25.463071,50.05,70.0,221.17138633571145,-25.44320538820142
-0.01352,0.774947,38.344557,-493.703782,50.05,70.0,38.35852151008441,-493.7237087144689
0.539326,0.445301,5.010353,0.126314,50.05,70.0,5.022161252690357,0.14624846432617095
0.177582,0.612895,-40.082683,-31.142267,50.05,70.0,-40.06309165771247,-31.12632736549814
0.919152,0.190622,84.187489,-54.750397,50.05,70.0,84.19588861552766,-54.73040993743195
-0.223988,-0.564202,44.579348,17.252073,50.05,70.0,44.559525779578834,17.23231691954335
-0.541467,-0.443814,-277.119988,-164.106543,50.05,70.0,-277.109077214966,-164.12629519957682
0.824412,-0.099497,-172.064987,-875.190383,50.05,70.0,-172.07064183801944,-875.1725648056056
-0.246553,0.182419,-133.596052,-30.976376,50.05,70.0,-133.57985566176592,-30.984013442937968
-0.083651,0.077499,307.866383,-172.07025,50.05,70.0,307.87499463218757,-172.05027350359845
0.519712,0.806486,-220.197913,-13.053794,50.05,70.0,-220.21086568893782,-13.051029676345033
0.604931,-0.930217,-2.228053,4.27546,50.05,70.0,-2.2165326462645534,4.278343727618659
-0.152731,-0.950873,310.673673,239.100544,50.05,70.0,310.69351264703937,239.1035169848717
0.682896,-0.566361,105.756373,-23.570735,50.05,70.0,105.77635368665312,-23.55983318878779
-0.835785,0.95594,0.897242,0.627995,50.05,70.0,0.8972743530576855,0.6235098906012294
0.479052,-0.567284,230.059627,-98.376651,50.05,70.0,230.04012668641928,-98.35886719293295
-0.344018,0.093374,102.505043,5.487199,50.05,70.0,102.51991366717643,5.4691520628841
-0.668669,-0.315095,-849.510182,-213.860353,50.05,70.0,-849.5285201603069,-213.84049123767585
0.195429,0.583134,-275.57789,156.7436,50.05,70.0,-275.59777050761545,156.73766912829592
0.730696,0.8093,-48.732519,5.721139,50.05,70.0,-48.73902560805602,5.724899764282802
-0.087406,0.960883,146.622472,-355.102819,50.05,70.0,146.6323095653226,-355.1115097484865
-0.441925,0.569058,-46.64629,-188.570516,50.05,70.0,-46.653611429185986,-188.5559313082181
0.16452,-0.920723,-365.425046,89.172411,50.05,70.0,-365.4298796971836,89.17811283094102
-0.596384,0.566758,48.194531,-104.040088,50.05,70.0,48.21382309559819,-104.05204501109036
-0.501407,0.846165,34.08818,72.769617,50.05,70.0,34.077275410781255,72.78362417000048
-0.511319,0.266794,81.8953,44.724023,50.05,70.0,81.88455730421059,44.73363504405499
0.010709,-0.007195,-1237.709141,835.594212,50.05,70.0,-1237.7159457466166,835.6126962920671
-0.932299,0.856777,9.533287,2.399706,50.05,70.0,9.522530743937342,2.382578053445969
-0.144841,-0.349418,172.482856,175.553293,50.05,70.0,172.46380130184778,175.55235141638406
-0.674071,0.891899,17.069195,6.319394,50.05,70.0,17.072796121626997,6.302067241086979
0.153582,-0.755172,-361.146854,0.380525,50.05,70.0,-361.127945036135,0.3649925001575183
-0.171236,0.037133,542.015974,91.979164,50.05,70.0,542.0347785148713,91.97035308905903
0.098328,0.602194,-214.896343,721.048909,50.05,70.0,-214.91563446693348,721.0688764874867
-0.92449,0.101624,293.686036,70.801801,50.05,70.0,293.7027670999176,70.79657467558452
0.001071,-0.006496,-312.781441,1901.735016,50.05,70.0,-312.76545796958277,1901.751455381967
0.818729,0.373389,-72.904093,51.075964,50.05,70.0,-72.91989307433057,51.095872452134806
-0.444147,-0.77044,-78.484682,-15.457581,50.05,70.0,-78.50367371147458,-15.476825851655954
-0.781183,0.665559,21.020653,4.833104,50.05,70.0,21.00418676614894,4.830311377208013
0.045311,-0.464194,-12.741258,43.443912,50.05,70.0,-12.749951311462626,43.45674057877249
0.28605,-0.35917,-110.371998,2.922708,50.05,70.0,-110.35422472138136,2.9324799098573036
-0.571391,0.624697,1.340406,13.128026,50.05,70.0,1.3469495611598592,13.146297188388417
-0.710124,0.95013,-44.726607,2.408667,50.05,70.0,-44.736597244175975,2.391937271279242
0.828394,0.82399,-4.502682,1.131997,50.05,70.0,-4.5143547368338135,1.1146631339099515
0.799842,0.938247,31.645453,5.212349,50.05,70.0,31.661473479276157,5.220561948527092
-0.88067,0.576558,-0.765532,0.147825,50.05,70.0,-0.7520591701280823,0.132350133503351
0.214943,0.542896,138.137849,-147.223624,50.05,70.0,138.1211787049965,-147.2057130729388
0.449354,0.297799,-63.351638,21.066319,50.05,70.0,-63.371560185585786,21.0491923218201
-0.897526,-0.715203,47.404196,126.787236,50.05,70.0,47.391846382975224,126.7838668352057
-0.414725,-0.286656,75.316047,-19.506226,50.05,70.0,75.31887266878346,-19.487890633575375
0.18021,0.787208,-130.67382,-182.849172,50.05,70.0,-130.67297229791373,-182.82923948430295
0.604466,-0.734156,-75.659366,-58.50872,50.05,70.0,-75.65203155754767,-58.50348017867792
-0.953573,-0.708214,-0.580781,-1.564825,50.05,70.0,-0.6007720864762467,-1.5842627005666492
-0.957749,-0.892871,0.293626,-0.269986,50.05,70.0,0.27411183950063894,-0.2679362787020466
-0.485085,-0.830405,-112.741928,28.166878,50.05,70.0,-112.73169198761045,28.162782353397613
-0.611537,-0.109622,-45.169113,-111.73841,50.05,70.0,-45.15932428935831,-111.71961642263885
-0.410119,-0.867162,1405.173356,750.464622,50.05,70.0,1405.1924068479793,750.4706314833134
-0.393414,-0.114526,-183.67313,53.229581,50.05,70.0,-183.65762045599362,53.240038174499716
-0.831429,0.169135,83.723075,-110.424099,50.05,70.0,83.73741950239047,-110.43826721917738
0.658115,0.939358,-77.882323,-23.164427,50.05,70.0,-77.89041960504287,-23.14463941529971
-0.210616,0.179383,120.04971,72.312826,50.05,70.0,120.04416415220658,72.29324215091623
0.890409,-0.890597,-0.577013,-0.413011,50.05,70.0,-0.5946194124339057,-0.4323565364620884
-0.257247,0.443478,18.470462,-40.500628,50.05,70.0,18.45062969085911,-40.50700798306453
-0.460118,0.790557,-146.345933,-7.661128,50.05,70.0,-146.3573333664788,-7.680448462003398
0.898883,-0.473216,120.421979,306.910787,50.05,70.0,120.44184900708913,306.92028590538206
0.658128,-0.8359,-10.086888,38.977871,50.05,70.0,-10.084680298637794,38.99758621193499
-0.971492,0.141815,369.694245,447.114077,50.05,70.0,369.6753061578616,447.1210485247429
-0.512402,0.053393,498.882946,1173.81312,50.05,70.0,498.89374744736915,1173.833119032352
-0.625253,-0.623322,-258.960449,-27.015659,50.05,70.0,-258.9606527785612,-26.997792190635042
-0.180909,-0.533853,152.449638,158.090248,50.05,70.0,152.43078749740897,158.08223966680086
-0.459917,0.172441,64.133449,242.747654,50.05,70.0,64.15112109452932,242.76715079943764
0.218669,-0.835021,-131.501557,147.020123,50.05,70.0,-131.5021982089026,147.00792592676615
-0.198766,-0.653873,217.939831,18.254874,50.05,70.0,217.93648317382994,18.236723941930805
0.358349,0.779106,-337.134048,87.689897,50.05,70.0,-337.15365994972456,87.68581035827835
0.435862,-0.459495,37.848866,-25.723183,50.05,70.0,37.84510092509236,-25.70853247606529
-0.739216,-0.00661,741.684485,-34.107023,50.05,70.0,741.6689547532362,-34.102508200271956
0.905291,-0.774283,-20.969606,15.719119,50.05,70.0,-20.970720994822234,15.711416857543426
0.633051,-0.306593,311.677459,-365.011253,50.05,70.0,311.6733080590434,-364.9915000447665
-0.911988,0.20993,-55.768873,786.269963,50.05,70.0,-55.78763709117904,786.2554302461676
0.295271,0.616637,69.157809,-2.814616,50.05,70.0,69.13785005730504,-2.7950715912263155
-0.175027,0.313473,117.847735,49.925459,50.05,70.0,117.82790200616353,49.92923720805436
0.539691,0.593556,-119.336523,-26.918791,50.05,70.0,-119.34601534450383,-26.899273003798633
-0.103733,0.553115,115.953391,-249.971007,50.05,70.0,115.96295916423381,-249.97385944830108
0.207089,0.542522,-74.800722,264.293992,50.05,70.0,-74.78254476296716,264.2742289501154
0.171526,0.839493,-317.200056,-141.197464,50.05,70.0,-317.21535581615717,-141.2149770596897
-0.639461,0.585276,11.441962,-124.744984,50.05,70.0,11.4221029169647,-124.72919817214931
0.738991,0.229542,-27.374397,9.353956,50.05,70.0,-27.3674618892335,9.358178085723043
-0.094151,-0.399051,583.121089,296.50049,50.05,70.0,583.114621716913,296.5200611347777
-0.855919,0.57568,-33.761627,-2.449339,50.05,70.0,-33.75534182748536,-2.435958026631474
-0.543007,-0.318072,-172.271104,36.148097,50.05,70.0,-172.29100625295013,36.16505130750601
0.161451,-0.496465,-323.045087,85.105804,50.05,70.0,-323.0648416891383,85.12384059205495
-0.094097,0.515914,257.206771,-356.600273,50.05,70.0,257.2265537314532,-356.6089423433982
0.963818,0.882687,-0.532389,0.363637,50.05,70.0,-0.5129978965990808,0.3458938485209718
-0.673384,0.434119,-0.245463,2.271399,50.05,70.0,-0.26417090797888465,2.2781343420344067
0.242006,-0.604473,142.902933,-58.090708,50.05,70.0,142.88313937230572,-58.094635581059485
0.622223,-0.299873,-79.31702,-25.320361,50.05,70.0,-79.33314870739918,-25.30565145648415
0.040896,-0.656437,-68.501162,357.935854,50.05,70.0,-68.51829295508476,357.91590612128243
-0.744158,0.930803,-82.716165,-13.47949,50.05,70.0,-82.69638009241675,-13.470586117329988
-0.001696,-0.511643,415.795103,-1272.938699,50.05,70.0,415.7985501240965,-1272.9241860544055
0.812425,0.432321,-0.032888,1.097287,50.05,70.0,-0.04718976448551605,1.1170172036395298
0.02045,-0.299539,-10.869509,93.791763,50.05,70.0,-10.884685532569014,93.77997483005427
-0.351855,0.381104,607.350834,-1371.477757,50.05,70.0,607.3378280226066,-1371.4856349910901
-0.77744,-0.43028,110.131443,66.982876,50.05,70.0,110.15033276801863,66.97010987886704
0.282151,0.111157,-120.686756,1.055422,50.05,70.0,-120.7036507587613,1.0748101524142775
0.20998,-0.86809,-86.14701,127.04613,50.05,70.0,-86.1352443390857,127.02725403327325
0.00619,0.033915,-68.069016,-383.921699,50.05,70.0,-68.06711121823338,-383.91180094494234
0.012576,-0.642629,76.635641,-421.121348,50.05,70.0,76.622160233184,-421.1014402786257
-0.669425,0.96574,394.961409,33.27489,50.05,70.0,394.964000902298,33.26867347499888
-0.808652,0.992873,9.731706,-42.655566,50.05,70.0,9.738572793837012,-42.65628896507089
-0.786902,0.54361,188.430058,-84.298162,50.05,70.0,188.42016565438928,-84.27922504921908
0.449667,-0.443961,47.948481,-19.892619,50.05,70.0,47.9660045161905,-19.881501204203513
0.343892,-0.212222,140.181155,113.202764,50.05,70.0,140.19121631366238,113.18384713107136
-0.819791,-0.224993,45.052666,-150.066912,50.05,70.0,45.04297087946179,-150.05497683148363
0.537055,0.277147,64.855379,-19.708271,50.05,70.0,64.87365044138883,-19.72365955362061
0.010871,0.707663,-49.118552,456.040064,50.05,70.0,-49.12977784701979,456.0571298075233
-0.315121,-0.235428,25.489296,-4.369134,50.05,70.0,25.486396680678766,-4.373341871521564
-0.835179,-0.853501,24.008813,-6.503585,50.05,70.0,23.99097075849308,-6.487828714239082
-0.797762,0.01064,-821.942757,116.07864,50.05,70.0,-821.9283898151924,116.09608908650634
0.819757,-0.342137,-117.791208,-134.910884,50.05,70.0,-117.80672423398822,-134.91273300684878
-0.291335,-0.461215,98.146183,4.180759,50.05,70.0,98.16389099756655,4.196771472169418
0.365969,0.847246,-71.488044,-14.750258,50.05,70.0,-71.46810194097696,-14.734978467398008
-0.343357,-0.805642,-89.369676,81.023204,50.05,70.0,-89.3666984640796,81.03794335329374
-0.417664,0.318749,-46.848726,-9.123947,50.05,70.0,-46.868681605507845,-9.12782188545095
-0.788249,-0.105183,-183.167611,-392.537447,50.05,70.0,-183.18207153187257,-392.53617193575593
0.192257,-0.730704,-75.167999,111.859839,50.05,70.0,-75.16608786724395,111.86798823512447
-0.942083,0.417293,-29.788658,3.688936,50.05,70.0,-29.796536094330538,3.6833635205637703
-0.560779,0.983787,36.423906,222.170355,50.05,70.0,36.40479202639038,222.1902688619895
0.501992,0.973925,22.555962,14.194075,50.05,70.0,22.575157816019065,14.213075217939227
0.761765,0.977598,-2.918988,0.690419,50.05,70.0,-2.9250987399856485,0.6815799689679243
0.490421,0.501735,55.352429,-4.696362,50.05,70.0,55.37236481833173,-4.67726707857427
0.657589,0.09315,-276.3307,740.826376,50.05,70.0,-276.33455848306835,740.842330688968
-0.424856,-0.561137,-23.35801,-5.77372,50.05,70.0,-23.346811983198375,-5.7907587525246145
0.977095,0.038819,-220.075377,293.148726,50.05,70.0,-220.05573940152254,293.1623783734331
0.422773,-0.462586,222.246239,45.618034,50.05,70.0,222.26519391284472,45.63058172222666
-0.680512,0.628669,1.628858,1.714278,50.05,70.0,1.6439282417234165,1.7085530459728004
0.041058,0.060581,261.865502,188.389951,50.05,70.0,261.85542515600685,188.37487048299363
0.177449,0.385666,-104.355999,-106.562802,50.05,70.0,-104.33697722671992,-106.54355683701559
-0.104598,0.028031,483.613013,-27.063503,50.05,70.0,483.6175536766456,-27.05205355250805
-0.878531,0.535375,-0.867619,1.843041,50.05,70.0,-0.8634581555343638,1.8357286903755883
0.053287,-0.400696,-648.445234,-651.01167,50.05,70.0,-648.4524357350276,-650.9917750759548
-0.496714,-0.27067,33.455114,-253.504841,50.05,70.0,33.47499654293047,-253.5191830623229
0.84912,-0.838793,-0.665466,-0.390899,50.05,70.0,-0.6840117274591802,-0.4105550070225022
0.405186,-0.040698,-98.129399,-3.226222,50.05,70.0,-98.12118636648506,-3.2092614162312088
-0.011501,0.694385,5.85139,-172.024513,50.05,70.0,5.863869545518063,-172.0356099592846
0.523911,-0.621937,-10.623136,386.715526,50.05,70.0,-10.643083245475893,386.69636911983986
-0.902563,0.623235,43.733276,-9.983459,50.05,70.0,43.740099891842,-9.977059737319005
0.718943,-0.724973,-58.743991,172.782498,50.05,70.0,-58.743481260458886,172.78211886049914
-0.614269,-0.017084,257.818249,-42.545507,50.05,70.0,257.8339250497558,-42.53535254732405
0.861383,-0.740985,-5.338141,-2.761198,50.05,70.0,-5.3570542061763256,-2.7609413559336584
0.264457,0.724762,51.744301,24.818727,50.05,70.0,51.72430100525891,24.82760397143506
-0.92696,0.587932,-4.370895,-42.313669,50.05,70.0,-4.353240434244315,-42.33348249393256
-0.623938,-0.518807,-95.157067,-1.289043,50.05,70.0,-95.160293432904,-1.2923468269057268
0.412562,-0.063637,86.692913,35.422783,50.05,70.0,86.71144092162213,35.442726444392235
0.461283,0.778168,84.410358,30.353445,50.05,70.0,84.42686450112913,30.362900228693576
0.662003,0.285409,-120.612626,63.07202,50.05,70.0,-120.59397917600127,63.09186973503789
0.868427,-0.339899,-85.899627,-84.120739,50.05,70.0,-85.89239990184186,-84.13317028219674
-0.6753,0.240694,11.069372,6.488099,50.05,70.0,11.086461802001859,6.495312445120381
-0.661858,0.149312,28.726914,2.417433,50.05,70.0,28.717692511722344,2.430196173503621
-0.514838,-0.889209,-94.716682,-464.538398,50.05,70.0,-94.69928380805081,-464.5523739584183
-0.93786,-0.615273,-16.55232,-9.295161,50.05,70.0,-16.564393212802706,-9.285737802084856
-0.886949,-0.945565,-0.666122,-0.393462,50.05,70.0,-0.6845702606670669,-0.41310578687685884
-0.102662,0.566694,62.506565,33.548043,50.05,70.0,62.487676740988256,33.546930693561734
0.420244,-0.956437,-29.081589,-7.123194,50.05,70.0,-29.064157058393267,-7.110678676759214
-0.835032,-0.382983,-232.789054,-76.601154,50.05,70.0,-232.78374763980432,-76.60085784772335
-0.79033,0.920276,-1.978782,1.202764,50.05,70.0,-1.9841043936907417,1.1849247792031883
-0.927699,0.160628,-148.481667,-235.666834,50.05,70.0,-148.47697270900872,-235.6559015150173
-0.320823,-0.075393,-67.57266,-271.362392,50.05,70.0,-67.56568819945004,-271.35955975796946
0.875684,-0.37351,165.131782,25.915169,50.05,70.0,165.11785145480803,25.898439285515877
0.424333,-0.238849,336.291283,241.423943,50.05,70.0,336.3048884744872,241.40870228725646
-0.329159,-0.174305,2.957571,0.711303,50.05,70.0,2.9495086226579463,0.6991883197012533
0.451593,-0.084695,194.701908,161.240377,50.05,70.0,194.72045619208288,161.258919102005
0.533487,0.31077,-63.802362,19.722462,50.05,70.0,-63.8211640968785,19.725255945012098
-0.886434,-0.297896,63.303635,-101.76282,50.05,70.0,63.306106860930676,-101.77700048147962
-0.739031,-0.8886,120.254442,101.844434,50.05,70.0,120.26004902700225,101.8377118072692
-0.702988,0.874869,173.89499,-58.777252,50.05,70.0,173.91477328146792,-58.791937271882674
-0.071691,-0.904743,1214.567004,91.038242,50.05,70.0,1214.5736685521126,91.01842781738169
-0.010074,0.690941,9.115922,-263.384856,50.05,70.0,9.127164586288838,-263.38538626831297
0.640742,0.94613,-4.495392,11.382117,50.05,70.0,-4.488310641615229,11.364431072702953
-0.39467,0.774141,53.585843,4.428959,50.05,70.0,53.5827821477912,4.416430522588211
0.983491,-0.474483,-54.799409,-33.661513,50.05,70.0,-54.77994647779909,-33.677083499773296
-0.644043,-0.438406,24.943389,-2.411731,50.05,70.0,24.953112645796793,-2.4000447086020524
-0.295287,-0.88516,-65.094742,450.288169,50.05,70.0,-65.07709260173752,450.2944388811925
-0.886484,0.867923,0.084698,2.153665,50.05,70.0,0.06521220377515949,2.1718982059693674
-0.825718,0.162528,92.719524,15.015467,50.05,70.0,92.71321579982676,15.019689066694983
-0.38595,-0.653898,40.664556,-6.781043,50.05,70.0,40.652415617490426,-6.793774574157039
-0.055525,0.797793,991.0717,-811.934632,50.05,70.0,991.0582815586034,-811.9442890824363
0.515214,-0.795772,-88.507403,36.137632,50.05,70.0,-88.5273813047063,36.11943230592044
-0.536265,0.993699,-0.3154,1.194665,50.05,70.0,-0.3214985119861011,1.194540927331736
-0.908104,-0.49824,18.758595,-4.775617,50.05,70.0,18.777603850797878,-4.757650062428279
0.080518,-0.736316,-950.904803,-162.266151,50.05,70.0,-950.9191480367464,-162.2716101552048
0.73115,0.433342,133.43637,72.625982,50.05,70.0,133.4171267105,72.63389157226015
-0.814162,0.374288,20.415847,9.803628,50.05,70.0,20.396884134267452,9.804078486732578
0.666788,0.707849,-1034.559516,116.743557,50.05,70.0,-1034.5711114356893,116.74026651115098
0.817963,-0.501927,35.03351,-20.08357,50.05,70.0,35.03576747703782,-20.06909587658479
0.109823,-0.198089,-549.113869,-98.313693,50.05,70.0,-549.1337866369098,-98.29402562653249
0.713788,0.627947,-136.285869,53.555219,50.05,70.0,-136.2993653804898,53.53609030382643
-0.091301,-0.503221,428.207219,793.400045,50.05,70.0,428.2219951143249,793.4008588068331
0.363036,-0.46234,156.185452,190.497342,50.05,70.0,156.17442242364768,190.49255909266566
-0.548362,-0.313023,-320.223063,68.84535,50.05,70.0,-320.24257061876295,68.85447645146661
-0.97214,-0.760067,-8.716638,-3.366841,50.05,70.0,-8.698581953918806,-3.3484128336220498
-0.442077,0.018946,319.902412,15.96295,50.05,70.0,319.88328098050425,15.944866904983746
0.417782,-0.336486,-35.816296,-9.092238,50.05,70.0,-35.836211596941595,-9.112236855379392
0.67923,-0.178812,-190.639524,-55.452613,50.05,70.0,-190.6539116299624,-55.45805838060292
0.713156,0.016596,-203.425256,4.62242,50.05,70.0,-203.44326629107678,4.637057324633164
0.924796,-0.956898,-2.785959,1.746513,50.05,70.0,-2.7731941528123834,1.7506307772024783
-0.583732,-0.790116,-4.676627,1.253848,50.05,70.0,-4.676905897103793,1.2502908284713394
0.514692,0.432261,325.292156,-661.200983,50.05,70.0,325.2748130769016,-661.188305056595
-0.983047,-0.074735,638.591318,-310.71755,50.05,70.0,638.5713672360391,-310.7084505314512
-0.066266,0.261189,137.961464,230.053804,50.05,70.0,137.97009316835369,230.05831938373763
-0.192621,0.622849,212.277279,-3.418384,50.05,70.0,212.29693092401126,-3.4005700753216375
0.22146,0.07716,-414.616416,171.494321,50.05,70.0,-414.6127726688376,171.5129742550153
0.824824,0.808792,1.130561,0.76128,50.05,70.0,1.118222849621314,0.777436067878047
-0.630186,0.466689,-100.510331,-7.626927,50.05,70.0,-100.51876869558033,-7.607033345232652
-0.364103,0.521359,50.624479,7.865431,50.05,70.0,50.644446236953456,7.860984736354737
0.479729,0.806951,-90.789575,-94.881869,50.05,70.0,-90.78899799391539,-94.88162373727319
0.417322,-0.068563,97.181921,-150.310592,50.05,70.0,97.19499276459982,-150.32076369043665
-0.341641,0.031915,701.971488,218.543973,50.05,70.0,701.9609597011562,218.5286561516779
0.398022,-0.44114,110.146421,18.482735,50.05,70.0,110.12711031606848,18.471156564663733
-0.241255,-0.779576,51.750777,33.530831,50.05,70.0,51.73252381030798,33.53912310411968
-0.338492,0.967145,78.55179,-40.11224,50.05,70.0,78.56139131793445,-40.13220416856923
0.798762,0.787801,-6.326526,4.094038,50.05,70.0,-6.306550832874279,4.113570230944149
0.573335,0.049643,113.316496,10.476529,50.05,70.0,113.33358436443929,10.485675661747313
0.347994,0.731924,-85.01686,-10.089749,50.05,70.0,-85.02050476893687,-10.101066672039138
-0.558027,-0.753449,-85.972888,-12.489843,50.05,70.0,-85.96542061880282,-12.507061069127442
0.782996,-0.181835,-169.532099,-41.124977,50.05,70.0,-169.51232188940395,-41.10813381781419
-0.097417,0.705355,778.817743,-66.527214,50.05,70.0,778.8250265830832,-66.52552360158151
0.895092,-0.185575,12.427069,-174.196178,50.05,70.0,12.440843441139778,-174.18083625836894
-0.959942,0.249547,-35.184141,-3.516813,50.05,70.0,-35.16506589606057,-3.4968137197105476
0.140055,-0.090803,-448.894076,-355.066276,50.05,70.0,-448.88756618448394,-355.0623502368911
-0.129319,0.534837,183.121088,84.014873,50.05,70.0,183.10543327223243,84.01151264432056
-0.991804,0.746791,-85.907429,9.792461,50.05,70.0,-85.92671706571956,9.77942815039909
-0.679681,0.598863,-55.572837,3.923555,50.05,70.0,-55.558939888144614,3.926874858950425
-0.902502,-0.349616,110.847938,-53.326611,50.05,70.0,110.84010690670593,-53.32163553735208
0.001334,0.428723,-0.243768,-16.272381,50.05,70.0,-0.23748608610308386,-16.265486302597594
-0.453655,-0.579312,-1.232701,-1.508467,50.05,70.0,-1.2517375991823554,-1.4886100628749572
-0.497085,-0.511464,-34.824812,-5.100562,50.05,70.0,-34.83204559096912,-5.105205871215385
-0.172372,0.943657,255.594543,22.859789,50.05,70.0,255.61319542165506,22.843934074192056
0.038089,0.167586,-731.38682,-867.8921,50.05,70.0,-731.3708953098993,-867.8722444293951
0.619565,-0.964852,0.879726,-1.451392,50.05,70.0,0.8631857267250429,-1.457564725519907
-0.274508,0.34827,-49.217235,-44.507666,50.05,70.0,-49.22708131744088,-44.49757521365763
-0.625944,-0.234367,49.519235,-10.715356,50.05,70.0,49.52261282969544,-10.731978766772912
0.987358,0.522245,-10.33774,0.110604,50.05,70.0,-10.327234810689657,0.11354487337326251
-0.622636,-0.645639,-35.680681,-14.411696,50.05,70.0,-35.68461813762096,-14.427404965503976
0.749016,0.713255,8.302494,1.908909,50.05,70.0,8.30010438162842,1.893254518159316
-0.315417,0.784356,41.164029,-3.510799,50.05,70.0,41.18327622494772,-3.5098827969583373
0.67179,0.766984,-38.721055,-90.998516,50.05,70.0,-38.73130948337711,-90.99077690445
0.69459,-0.027681,137.285594,-29.573578,50.05,70.0,137.28982255067905,-29.573377507170793
0.769047,-0.619129,38.973923,-52.106972,50.05,70.0,38.969610531115215,-52.08705451763118
0.292463,-0.577512,24.264696,176.402509,50.05,70.0,24.278690188034354,176.3952363788703
-0.242048,-0.09774,-24.140506,268.562436,50.05,70.0,-24.160029695804432,268.5673605728989
-0.718726,0.367944,56.782327,32.16168,50.05,70.0,56.77124677757456,32.16951439826724
0.034667,0.648828,-1709.826922,594.057851,50.05,70.0,-1709.8468470530408,594.0448174076714
0.850124,0.038052,121.877083,6.339961,50.05,70.0,121.88268461959403,6.3598912182211595
-0.45616,-0.679074,37.706841,1.477167,50.05,70.0,37.72468912241033,1.4971520668920013
0.802179,0.227278,-113.164306,27.531005,50.05,70.0,-113.17518356449658,27.549894176816903
-0.135017,0.764824,179.137592,-262.265227,50.05,70.0,179.15676373867456,-262.28412141984353
0.40381,0.827153,-50.039892,6.519562,50.05,70.0,-50.021385563395484,6.528132217770966
-0.042707,0.222943,1261.635268,-769.046468,50.05,70.0,1261.6368078345197,-769.0266684769068
-0.994211,0.302995,233.703204,146.615563,50.05,70.0,233.68550183359508,146.63531874174797
0.437101,0.356518,124.680834,25.561881,50.05,70.0,124.69761890612443,25.565893027549027
-0.001034,0.625781,2.048684,-395.93006,50.05,70.0,2.040040049448961,-395.9437242689062
-0.496629,-0.835455,-127.499312,17.660951,50.05,70.0,-127.49263922823953,17.641556766223538
0.511785,-0.423598,-145.798303,-162.366794,50.05,70.0,-145.81759047282003,-162.34699535622704
0.583678,-0.119167,-307.904744,-136.390772,50.05,70.0,-307.90021845356085,-136.37097705412714
-0.837994,-0.169805,-4.513218,-279.078435,50.05,70.0,-4.523242897071226,-279.0952194831235
0.09342,0.111558,-44.321872,119.442932,50.05,70.0,-44.31573168370292,119.4403972765595
0.95008,0.00121,195.380896,1.609778,50.05,70.0,195.40051730842058,1.5899489346242208
0.332086,-0.637872,-45.683889,-8.902179,50.05,70.0,-45.69397546119,-8.914345962491803
-0.711496,-0.115527,432.547231,-250.471212,50.05,70.0,432.52906327103847,-250.4662564218699
0.342237,-0.024634,-769.251742,-196.541807,50.05,70.0,-769.2631905867356,-196.53016198586425
-0.026759,0.253629,283.323446,-606.980458,50.05,70.0,283.3209765851747,-606.9998797247151
0.736241,0.0009,-1997.643809,42.96032,50.05,70.0,-1997.6253683417888,42.95117684019469
-0.870399,-0.804087,-10.756132,24.564372,50.05,70.0,-10.762037560578415,24.5457514998731
-0.282161,-0.286921,157.305227,120.45646,50.05,70.0,157.28951717525155,120.46502986872652
-0.285626,-0.516236,-69.047199,-86.661929,50.05,70.0,-69.0426367000306,-86.64306855626673
-0.370853,-0.920533,54.231236,-6.792576,50.05,70.0,54.22003180173328,-6.781422460421238
0.602018,0.114638,648.412648,151.68759,50.05,70.0,648.3933032157272,151.7075535554355
0.725614,-0.604422,0.013313,-0.881895,50.05,70.0,0.032402425884921336,-0.861939292633943
-0.524405,0.317471,63.412098,22.818801,50.05,70.0,63.42889133657076,22.79937599136952
-0.265982,-0.363353,23.611507,-3.07741,50.05,70.0,23.60519833328809,-3.0725043615027445
-0.870125,-0.197439,238.222015,-123.892606,50.05,70.0,238.23279546835718,-123.91064563083803
-0.350834,-0.460645,130.27861,50.211742,50.05,70.0,130.273300389708,50.202374942580164
-0.066075,-0.523691,90.2315,294.808226,50.05,70.0,90.21964972991762,294.81487601972856
0.319975,-0.177161,76.897892,75.918049,50.05,70.0,76.90821699216202,75.92501280896917
0.447555,0.054892,-100.424198,4.762251,50.05,70.0,-100.4435796575116,4.779468244534815
0.572322,-0.980599,43.713399,-16.331476,50.05,70.0,43.713879533620826,-16.326988423221245
-0.931308,-0.494015,50.293633,4.328456,50.05,70.0,50.30046969517112,4.348258213596303
-0.914293,-0.524196,6.126118,-1.100513,50.05,70.0,6.140192405372791,-1.086369992858669
-0.158127,0.356926,35.860406,-14.683832,50.05,70.0,35.87876220185148,-14.703299619000983
0.847759,0.291883,224.825074,102.119957,50.05,70.0,224.84499128567148,102.13685091349289
-0.324018,0.22579,-17.855768,282.382441,50.05,70.0,-17.875224357706628,282.3875159117982
0.859107,-0.991316,0.356843,-0.049987,50.05,70.0,0.3518961804115097,-0.05422304486493741
0.950971,0.963647,-20.800847,-3.604644,50.05,70.0,-20.786137927492522,-3.623553949056252
0.012382,0.10589,-210.504421,-931.80519,50.05,70.0,-210.5035403902591,-931.825111611812
-0.306585,-0.776577,117.069491,33.228756,50.05,70.0,117.07654828754801,33.23937251954249
0.076741,-0.221445,-298.017669,344.72893,50.05,70.0,-297.99993908174673,344.74017938339506
0.18122,-0.236286,-110.904376,61.482644,50.05,70.0,-110.91330618088612,61.48202856433966
0.745315,0.505641,118.415248,-1664.812189,50.05,70.0,118.43358076217079,-1664.8099144280197
0.310887,-0.91732,-118.794427,57.909747,50.05,70.0,-118.78445104885833,57.89019107802437
0.609601,-0.439966,60.731671,-8.220522,50.05,70.0,60.736849430867586,-8.230016717842421
-0.515408,-0.466055,-79.549765,-19.243171,50.05,70.0,-79.56820734329929,-19.249790834031735
-0.993851,0.353749,112.11136,49.99396,50.05,70.0,112.09181275572841,49.99827556265661
-0.541979,0.965635,-25.001926,7.554347,50.05,70.0,-25.000474813269765,7.570219207305096
-0.576441,-0.236562,145.846023,-55.631582,50.05,70.0,145.82618397241643,-55.61301330556989
0.105342,0.486411,-68.75424,-168.850045,50.05,70.0,-68.76910879378237,-168.85466675542963
-0.882851,-0.069132,-284.739397,202.983493,50.05,70.0,-284.74303735104246,202.96650039906584
0.09416,0.54099,-184.665946,158.60977,50.05,70.0,-184.64635786726123,158.62888551415793
0.425244,-0.917557,99.352967,-181.259002,50.05,70.0,99.3329966630844,-181.24052821283155
0.6218,0.58469,32.420804,-3.819129,50.05,70.0,32.41593174527204,-3.8129897777508455
0.882352,-0.302375,-1.07484,-0.372202,50.05,70.0,-1.0940036550661962,-0.3599110692565811
-0.015398,-0.796298,314.922473,-1197.735085,50.05,70.0,314.90812828540834,-1197.7507060660898
0.626543,0.31099,174.610209,47.295217,50.05,70.0,174.59509613066527,47.3142531940016
0.808708,-0.046602,-253.928279,-21.859654,50.05,70.0,-253.94050136975395,-21.841541651088825
0.75779,0.184686,249.275144,79.284416,50.05,70.0,249.28612798333577,79.27101564271744
0.020483,0.265102,499.674666,1567.021868,50.05,70.0,499.6742112781268,1567.0080370976855
-0.426591,0.28268,32.480013,6.681463,50.05,70.0,32.49826994660146,6.6928882518423976
0.994978,0.59483,-19.82595,-31.713951,50.05,70.0,-19.8458849523377,-31.71057560439553
-0.688392,0.192038,-593.935219,-176.310163,50.05,70.0,-593.9541132759597,-176.32304366635927
-0.416157,-0.349595,81.771901,-34.443764,50.05,70.0,81.7611289777264,-34.42577651301847
0.35986,0.174798,119.992842,56.450301,50.05,70.0,119.98339713723419,56.430364944835176
-0.173845,0.183231,56.437146,-9.070931,50.05,70.0,56.4175384878088,-9.053960543044132
-0.429939,0.008862,-1270.488667,1018.892416,50.05,70.0,-1270.507316494667,1018.9122118883241
0.941497,-0.263664,-170.738995,-73.827113,50.05,70.0,-170.71899502470544,-73.8134426676186
0.606441,0.449149,36.134905,4.620103,50.05,70.0,36.11699666441107,4.620761829159909
0.849735,-0.500848,14.934716,-3.82218,50.05,70.0,14.929548415535164,-3.807205286824282
0.247998,0.096653,-36.788194,951.978272,50.05,70.0,-36.7955843517657,951.9751290861858
0.451558,-0.668511,170.965011,-29.785196,50.05,70.0,170.98411967300265,-29.766160668140248
0.340642,-0.823844,-96.698295,23.581188,50.05,70.0,-96.7182024971886,23.60021138866426
-0.351675,-0.602738,67.805376,1.046801,50.05,70.0,67.7880356984237,1.0661021867731526
-0.218494,-0.228791,-66.744361,196.344815,50.05,70.0,-66.72436658315327,196.35994327228136
0.704592,0.08018,-255.598682,40.599821,50.05,70.0,-255.58000938607722,40.58371719381352
-0.422956,-0.625715,-355.780945,154.357541,50.05,70.0,-355.7982343266944,154.371992406648
-0.393765,-1.8e-05,543.46755,-0.058477,50.05,70.0,543.4617852635739,-0.07828161186512432
-0.300415,0.922002,115.34319,-75.437552,50.05,70.0,115.3392824653835,-75.43292046721378
0.089708,-0.285314,-55.746419,108.615115,50.05,70.0,-55.738264629692026,108.60221313741492
0.729592,0.251633,40.405964,78.386612,50.05,70.0,40.41982947344821,78.39795277280207
-0.807593,0.777843,-1202.446883,-327.109977,50.05,70.0,-1202.4656642139441,-327.09567352929594
-0.792538,-0.186811,74.804911,10.319031,50.05,70.0,74.82433240470196,10.299336570988908
0.272756,0.202558,-148.838368,3.280018,50.05,70.0,-148.8511315195016,3.261339946678418
0.395189,-0.050463,-261.245889,-23.122903,50.05,70.0,-261.25758142570277,-23.10726512927918
-0.124861,-0.541921,443.318066,203.261326,50.05,70.0,443.2980660197842,203.26523493357965
-0.069108,0.505122,-127.334575,290.557257,50.05,70.0,-127.31497493012687,290.54766212478614
-0.409754,-0.739287,24.664514,-5.998512,50.05,70.0,24.6842970379773,-6.0124395831306705
0.80087,0.229436,-119.67909,30.11194,50.05,70.0,-119.68378083947616,30.113497431825845
0.131564,-0.80485,0.799406,0.334275,50.05,70.0,0.8193049245552637,0.32115723123780343
0.883908,-0.161128,-203.510628,-51.630918,50.05,70.0,-203.52097912412103,-51.611951487877114
-0.072332,0.320632,371.764652,-441.29016,50.05,70.0,371.7472761636062,-441.27934707029476
0.864687,0.799032,-4.14496,1.038347,50.05,70.0,-4.162705934552021,1.0323516726189104
-0.665078,0.028247,277.866567,1899.778503,50.05,70.0,277.84738577006294,1899.7931520081286
0.741838,0.074641,-197.489097,20.142093,50.05,70.0,-197.48552624574037,20.153143732373685
0.49686,0.72923,115.876094,-12.082628,50.05,70.0,115.88932493642531,-12.077808417368844
0.168572,-0.816503,-161.973149,210.242376,50.05,70.0,-161.95435563688406,210.2581123655264
-0.970044,0.475124,-10.98776,1.853913,50.05,70.0,-10.984668189930309,1.853131770046958
-0.587624,-0.192736,93.652882,-163.194415,50.05,70.0,93.66780173001115,-163.2141364096608
0.680516,-0.563726,63.136849,13.515731,50.05,70.0,63.116860841341115,13.516647013159291
-0.540492,-0.047617,-657.096146,441.93552,50.05,70.0,-657.114301632236,441.9517370895868
-0.298654,0.51687,103.606269,-7.306215,50.05,70.0,103.62466865789938,-7.3251264763192925
-0.972074,0.348194,24.565372,3.910742,50.05,70.0,24.578319786682712,3.8916635391352257
0.097951,0.2662,-351.760633,-284.195127,50.05,70.0,-351.77719551315533,-284.177468318751
0.028363,0.700935,18.862401,50.240636,50.05,70.0,18.859922740522922,50.26059476516689
0.613769,-0.378888,13.302496,138.998463,50.05,70.0,13.28960646814549,138.9812989040899
0.030253,0.463441,-13.617542,-109.877986,50.05,70.0,-13.625123275897751,-109.8676438523405
-0.952982,-0.761713,-0.611784,-1.261392,50.05,70.0,-0.6122594490632985,-1.2813236912429906
-0.108949,0.888685,31.610486,-88.380496,50.05,70.0,31.59301855054518,-88.36923620294576
0.132976,0.920553,215.07808,56.329152,50.05,70.0,215.0602778697499,56.3405286208953
-0.25747,0.704947,143.30328,-86.614823,50.05,70.0,143.31226045258617,-86.5953647089473
0.04309,0.21783,-861.221452,892.562334,50.05,70.0,-861.2017726444391,892.5518031538908
-0.930735,-0.858252,-0.574169,-0.799393,50.05,70.0,-0.559072695911444,-0.8186644240860234
-0.641834,0.703648,-24.620407,6.56504,50.05,70.0,-24.600667329620563,6.548309886765232
0.215096,-0.88251,-169.688673,4.058961,50.05,70.0,-169.6688304141876,4.078507547969691
-0.353707,-0.752991,-84.088513,-56.044582,50.05,70.0,-84.0768733603321,-56.027334464772395
0.484472,0.526285,145.93518,-57.419518,50.05,70.0,145.9539110240883,-57.40596750555933
-0.724954,-0.301527,119.238336,-68.991996,50.05,70.0,119.24987863158881,-68.9768408172173
0.23293,0.850058,-90.420592,8.844457,50.05,70.0,-90.41583818351194,8.863642442874246
0.918287,-0.356736,-93.284736,16.921252,50.05,70.0,-93.28043502696408,16.92330495875916
0.333848,0.975904,155.363553,144.327349,50.05,70.0,155.34752579995867,144.3140650955316
0.022018,0.06044,206.522258,-32.500464,50.05,70.0,206.53742134748148,-32.51172552082242
-0.190685,-0.844421,86.591621,142.705081,50.05,70.0,86.58413071883393,142.72179180265871
-0.185409,-0.163487,125.053644,38.63848,50.05,70.0,125.03364641741523,38.6185632660765
0.279704,0.988939,76.432977,-469.80851,50.05,70.0,76.44824750923318,-469.79960635845515
-0.894865,-0.002185,1217.357598,-191.027367,50.05,70.0,1217.3557472852915,-191.02832216313533
-0.720378,0.614105,1.735382,0.885281,50.05,70.0,1.716194309305911,0.8706181902925668
-0.743495,0.077681,150.399191,12.676282,50.05,70.0,150.40963718896134,12.668209315927555
-0.413102,0.99181,56.902605,-1.206939,50.05,70.0,56.90752381835491,-1.210890623756103
-0.64688,-0.108915,102.250982,55.204675,50.05,70.0,102.24252154766356,55.19109934437639
-0.54132,0.030086,-1715.106467,-960.791788,50.05,70.0,-1715.097520491158,-960.7812459550995
-0.343831,-0.768362,79.983862,22.748089,50.05,70.0,79.99585573287146,22.73624553205791
0.142848,0.840631,-284.432029,80.33661,50.05,70.0,-284.44056243732297,80.32549160153359
0.477229,0.786595,26.668991,81.86464,50.05,70.0,26.684856327729513,81.86807750195844
0.298985,-0.958222,-46.553022,-186.853725,50.05,70.0,-46.53427038753109,-186.83454448819788
-0.840048,-0.690526,21.047677,-7.821136,50.05,70.0,21.02794610327168,-7.821235377496223
0.323647,-0.466897,-81.691978,-0.19326,50.05,70.0,-81.70843376927019,-0.17328791947724392
0.85789,0.549553,43.370105,33.953214,50.05,70.0,43.37250056866931,33.933278979819704
0.335928,-0.066052,-464.547787,-222.314361,50.05,70.0,-464.53729927123385,-222.32339789838034
-0.139683,0.353088,144.538174,-173.581915,50.05,70.0,144.5234153373599,-173.56206995062954
0.353577,0.574928,-1.024731,808.764673,50.05,70.0,-1.0359183047049463,808.7726684020236
0.812163,0.023759,-198.697069,6.348631,50.05,70.0,-198.69064060406234,6.363372471803941
-0.68946,0.24489,123.053375,35.075635,50.05,70.0,123.04290397839972,35.093325839909475
-0.136566,0.727339,317.812757,89.510029,50.05,70.0,317.8325964123297,89.52673522423098
0.388738,-0.474415,114.108837,-0.860432,50.05,70.0,114.12717759050113,-0.8536658385354307
0.502598,-0.837065,12.922557,-2.348562,50.05,70.0,12.937228406330034,-2.352733850405989
-0.559532,-0.054332,378.443221,-76.800351,50.05,70.0,378.4299216356647,-76.78916619946273
0.84147,0.578311,-265.993946,620.687313,50.05,70.0,-266.0027707417716,620.6778166123031
-0.318996,0.632197,22.391703,-0.525781,50.05,70.0,22.381892577684013,-0.5174076816022334
-0.66953,-0.797713,-0.950194,-10.221998,50.05,70.0,-0.9651468832417066,-10.221226571018972
0.833848,0.490465,-112.613352,-1.752374,50.05,70.0,-112.6256602304565,-1.7673880040156589
-0.751927,0.364142,2.330611,-1.417727,50.05,70.0,2.3161881548549954,-1.40550450618386
0.127885,-0.630976,-18.085155,204.029359,50.05,70.0,-18.069857884528137,204.01381272762177
-0.811843,-0.636978,60.532412,-104.066141,50.05,70.0,60.55085556752197,-104.0565238739986
0.30751,0.319902,657.413857,-1692.206129,50.05,70.0,657.4270691680001,-1692.1947138680644
0.601268,-0.49657,-205.403928,124.428077,50.05,70.0,-205.40183106920136,124.40886230298419
0.153783,0.625131,99.251074,38.618007,50.05,70.0,99.23121287420209,38.63787196679896
0.577917,-0.956947,-22.329268,-5.207038,50.05,70.0,-22.344964934802874,-5.204647711299707
0.594108,-0.834761,0.504805,-3.442297,50.05,70.0,0.5247597583560365,-3.458602786529577
0.175596,-0.764097,-69.554812,121.184395,50.05,70.0,-69.54692414132691,121.17264328784952
-0.181337,0.262742,-147.662285,-1.933284,50.05,70.0,-147.65749905439372,-1.9532701993174753
-0.1032,-0.477318,311.956465,329.816177,50.05,70.0,311.9615149037529,329.8165455292887
-0.280054,-0.86587,74.667481,-6.339564,50.05,70.0,74.66191750247893,-6.356998144611706
-0.67178,-0.612726,-25.25364,-3.160263,50.05,70.0,-25.251775675904156,-3.143807202649093
-0.084786,-0.991419,43.320141,194.582836,50.05,70.0,43.30353614982667,194.56312156396814
-0.774947,-0.538621,-72.038013,121.915541,50.05,70.0,-72.03584267818442,121.90634613316911
-0.6069,-0.173103,199.581908,-62.540627,50.05,70.0,199.6017766611596,-62.53185801535777
0.665617,-0.970101,1.844059,-2.296832,50.05,70.0,1.8617189515260848,-2.3164153221171317
-0.484295,0.458003,-5.657463,-144.097496,50.05,70.0,-5.639988948451913,-144.1174943149295
-0.337974,-0.321856,62.570086,-8.796573,50.05,70.0,62.57007464300575,-8.79139349767932
0.566174,-0.309226,-54.204742,-26.956252,50.05,70.0,-54.21079027771813,-26.94300345066479
0.846971,-0.966566,13.183963,18.821245,50.05,70.0,13.181141353143877,18.801273755653682
0.929071,0.895198,25.200992,-4.936587,50.05,70.0,25.209687820903145,-4.9177402844073645
-0.404481,-0.116268,9.896663,-126.366902,50.05,70.0,9.903977034266411,-126.35271424917782
-0.113649,-0.097522,-69.596736,-50.191865,50.05,70.0,-69.5895393700578,-50.20672700970985
0.946018,-0.273531,124.773187,-113.325275,50.05,70.0,124.75501685857738,-113.3304126151456
0.760417,0.325002,-205.870748,-179.634574,50.05,70.0,-205.8644067811793,-179.6253003688603
0.305646,0.990805,96.882813,109.134085,50.05,70.0,96.86635272247412,109.15049173914946
0.46765,-0.202212,-166.860813,-74.410312,50.05,70.0,-166.88029915590647,-74.40611902970659
-0.580009,-0.21604,139.608104,-132.002062,50.05,70.0,139.60265664914996,-131.98563418133145
-0.98622,0.597543,-42.471025,-47.427618,50.05,70.0,-42.451052195635604,-47.421753069702504
0.912919,-0.57466,-95.537024,599.211424,50.05,70.0,-95.5540898932246,599.231158778761
-0.311328,-0.483326,45.559473,-2.146695,50.05,70.0,45.578789963261634,-2.14733284411871
0.73178,-0.975123,0.893553,-0.768252,50.05,70.0,0.9064322644819821,-0.7730958303397165
-0.883939,-0.36471,17.483768,-10.383062,50.05,70.0,17.463830426827695,-10.365967279909704
0.311422,0.06898,343.938407,-299.480609,50.05,70.0,343.9202624044151,-299.4870887790495
-0.649751,-0.364179,52.180315,-23.276264,50.05,70.0,52.183153222577346,-23.29604125664591
-0.764733,-0.861921,61.90716,-13.242985,50.05,70.0,61.91194278482869,-13.244761129502713
-0.304435,-0.641557,89.672022,78.669018,50.05,70.0,89.65998192267837,78.6563931084473
-0.643153,0.533188,247.766239,-54.417608,50.05,70.0,247.7473857446818,-54.40754730017906
-0.715778,-0.083171,208.273629,-243.292611,50.05,70.0,208.2859968894995,-243.29400625905714
0.139082,-0.45546,-48.996573,10.421762,50.05,70.0,-48.977311146903915,10.44172435888714
-0.908966,-0.992081,0.897776,-0.72964,50.05,70.0,0.9074802704658954,-0.7340730535507503
0.093749,-0.367017,-116.653057,233.666866,50.05,70.0,-116.65969160580445,233.67645183858167
-0.455762,-3.5e-05,-333.944241,-0.051659,50.05,70.0,-333.9493496496821,-0.05236466116517563
-0.586344,-0.67955,1.044312,-0.18797,50.05,70.0,1.0281626075376666,-0.1782209281770335
0.804866,-0.609234,-53.707242,-8.453533,50.05,70.0,-53.68744853100022,-8.454931096451304
0.61134,0.796719,-70.451917,-58.342357,50.05,70.0,-70.46073016426514,-58.32394520032732
0.464398,-0.865723,80.051535,-27.690153,50.05,70.0,80.04715697549995,-27.695975227715003
-0.207429,-0.257071,206.057308,-0.508098,50.05,70.0,206.0459969562154,-0.48834040215603275
-0.592143,-0.155179,-159.463396,110.801455,50.05,70.0,-159.4456915885843,110.81740623388897
-0.092765,0.892051,-115.487233,69.578575,50.05,70.0,-115.4725568517562,69.59488870871846
0.707764,-0.608784,267.283779,103.283893,50.05,70.0,267.3024072148785,103.27743524467198
0.159294,-0.740413,-47.793016,76.664622,50.05,70.0,-47.792040262243,76.6842071259354
-0.117139,-0.753593,155.466507,-266.959534,50.05,70.0,155.4591033071527,-266.963735404041
0.36828,-0.324837,66.218214,-33.871039,50.05,70.0,66.22394853348479,-33.87783971577537
0.458894,0.628251,194.407573,-6.482728,50.05,70.0,194.39076833268885,-6.488352325292612
-0.97727,-0.977088,-0.902393,-0.79631,50.05,70.0,-0.8875007070078417,-0.8002916968386193
0.082349,0.045264,-849.416371,1177.146915,50.05,70.0,-849.4363555873258,1177.1656927475992
0.744184,-0.498145,0.57621,-1.190872,50.05,70.0,0.5826686299185544,-1.2101970066033834
-0.326299,-0.114935,221.194312,-31.685829,50.05,70.0,221.17479967126533,-31.666000223510853
0.284168,0.006098,936.778044,971.948751,50.05,70.0,936.7839559346285,971.9292525620456
0.481289,-0.979987,30.154963,12.852706,50.05,70.0,30.174769769882484,12.872701320587167
-0.648868,0.482803,-296.355602,-311.453012,50.05,70.0,-296.33916220409145,-311.44312522740285
0.470113,-0.807872,133.138665,43.260741,50.05,70.0,133.14765468864093,43.27969836828967
0.09373,-0.684893,-79.236585,236.01435,50.05,70.0,-79.25497720950948,236.03319003432978
-0.994566,0.334199,99.061584,126.513429,50.05,70.0,99.04369659304609,126.52314148369905
0.879898,0.446335,-37.764868,15.587346,50.05,70.0,-37.7535242590757,15.606274734370754
-0.441445,0.626634,-117.949761,34.970422,50.05,70.0,-117.96737254214163,34.9833091444687
-0.158,0.4939,259.060664,40.155171,50.05,70.0,259.0550202247683,40.16652401711878
0.977736,0.813898,15.856802,26.976955,50.05,70.0,15.860848062501747,26.962242313220646
-0.822797,-0.745569,-0.575971,-0.378646,50.05,70.0,-0.594940341111609,-0.39796483604875094
-0.772985,0.447052,23.210842,7.393149,50.05,70.0,23.19745450528298,7.3734892389822075
-0.395818,-0.511332,-173.786943,50.10723,50.05,70.0,-173.80116782322352,50.10161939912854
0.038233,0.581144,-174.408574,431.147254,50.05,70.0,-174.39721999445788,431.15221968477533
-0.705025,0.649249,-5.180148,1.229127,50.05,70.0,-5.182890339467105,1.2435130471385365
-0.077624,-0.628919,36.075887,143.618776,50.05,70.0,36.09531395603801,143.61359298941142
-0.24039,-0.239262,144.515596,21.44757,50.05,70.0,144.5238187176179,21.467568638202458
0.719663,-0.617752,-25.323437,2.264052,50.05,70.0,-25.342392020687814,2.275628996390819
-0.549843,0.793034,-34.559568,10.048078,50.05,70.0,-34.560069796487056,10.028079049396952
0.525165,0.454412,75.242178,6.706783,50.05,70.0,75.25925777586824,6.720998057376056
-0.691396,-0.288936,85.195206,-74.912941,50.05,70.0,85.20832105472206,-74.90721763514044
-0.144988,-0.81676,364.716418,218.98663,50.05,70.0,364.73634041609677,218.98887417198478
0.722839,0.758024,71.25549,-3.513138,50.05,70.0,71.27467234234201,-3.51892056716958
0.112991,-0.954438,-595.757771,271.84362,50.05,70.0,-595.7400244318283,271.8605755117284
0.755682,0.751425,-8.391145,17.635702,50.05,70.0,-8.386899240658307,17.626898818530794
-0.792312,-0.38271,10.503624,-44.253178,50.05,70.0,10.484090430972154,-44.265782472730656
-0.206864,-0.763325,-98.611612,-67.733928,50.05,70.0,-98.59995280707258,-67.75363293444612
0.795612,-0.141512,-164.890256,-28.362633,50.05,70.0,-164.8817101575132,-28.35833105192093
-0.384836,0.058325,575.092806,350.546285,50.05,70.0,575.0873312714814,350.53395886313865
0.272903,0.674736,-86.386145,-58.658028,50.05,70.0,-86.368125398418,-58.658793110627514
0.288633,-0.952498,-114.352749,89.764274,50.05,70.0,-114.34447745732857,89.78427362570764
-0.638489,0.907498,196.508859,-60.434023,50.05,70.0,196.49794506660098,-60.44832253362953
0.320751,0.864403,-85.18172,-47.218528,50.05,70.0,-85.17260542095826,-47.21410886343528
0.019281,0.050796,-40.30663,-86.394473,50.05,70.0,-40.28663011391501,-86.37665269947463
-0.276546,0.098669,279.710356,55.496578,50.05,70.0,279.72742674024653,55.47945525964941
0.33634,0.866749,-332.74357,250.752908,50.05,70.0,-332.7488867237679,250.75775019924862
-0.546963,-0.806773,-80.356227,-98.43611,50.05,70.0,-80.37357045290406,-98.41727314943027
0.565339,-0.354224,265.805372,-73.37481,50.05,70.0,265.79260595946346,-73.39463292599751
0.552351,-0.632039,-151.6488,-29.807244,50.05,70.0,-151.6291577694343,-29.815954579728967
-0.672775,0.662886,160.156411,76.254159,50.05,70.0,160.13825436635327,76.23520006513156
-0.867327,0.838634,12.401628,-15.448822,50.05,70.0,12.382379984839526,-15.435231965725729
0.915942,0.23427,-185.889053,223.964826,50.05,70.0,-185.86928862220512,223.98269201172
-0.623022,0.869259,112.193039,-26.859714,50.05,70.0,112.17883314374892,-26.863508976826616
-0.356071,-0.480032,17.246425,-2.649383,50.05,70.0,17.233840675395054,-2.6526023917638155
0.094968,0.130557,-260.849365,389.775407,50.05,70.0,-260.83163625767037,389.7577216548574
0.272896,0.563007,-118.433845,-8.35202,50.05,70.0,-118.4179402948314,-8.351600226792609
0.455169,0.025922,-40.442637,0.09103,50.05,70.0,-40.43384505903968,0.09917682890525503
-0.327773,-0.877583,69.9239,-4.471496,50.05,70.0,69.93106385386676,-4.48388561185706
0.459407,-0.744538,-17.032499,-4.576573,50.05,70.0,-17.016935981184353,-4.595431470094646
0.546583,0.415306,32.254462,279.564156,50.05,70.0,32.25819892446797,279.55422340219803
0.047672,-0.776989,-47.257651,281.028172,50.05,70.0,-47.27266265883994,281.01248074847643
-0.851788,0.005468,-365.32385,5.696915,50.05,70.0,-365.3280239142868,5.692611362526672
-0.098413,-0.025075,925.775824,-104.447713,50.05,70.0,925.7624243605443,-104.45280927450108
0.565379,0.317169,-71.454863,28.941335,50.05,70.0,-71.45101881389918,28.954273558205106
0.653045,-0.273869,344.236648,218.969912,50.05,70.0,344.2566477956761,218.98825812817196
-0.912558,0.633115,87.029546,-18.963258,50.05,70.0,87.0187784530335,-18.9640007786977
0.765432,0.60808,21.015265,108.346258,50.05,70.0,21.03489196447876,108.34293293337849
0.004543,0.355741,937.078864,1702.351778,50.05,70.0,937.0603386021079,1702.3460374402239
0.941749,-0.021521,271.331741,-17.81777,50.05,70.0,271.31370207161393,-17.800308487845093
0.296824,0.713149,44.974902,-101.483354,50.05,70.0,44.9948774466129,-101.47839361142667
-0.101958,0.390381,251.435027,185.000616,50.05,70.0,251.45464423773154,185.01778995078496
-0.866319,-0.215931,191.986786,-71.663975,50.05,70.0,191.9832386185203,-71.66044608582514
0.851771,-0.279062,69.826463,-19.656105,50.05,70.0,69.84201893557378,-19.674403046380817
-0.199585,-0.425778,0.084752,4.513298,50.05,70.0,0.07386957439791238,4.531528986203718
-0.05669,-0.794254,479.201015,-574.595894,50.05,70.0,479.18101549163845,-574.6061883246404
0.971719,-0.311825,-45.793127,-88.095784,50.05,70.0,-45.80532522346246,-88.11442599618749
-0.840214,0.52313,-112.763854,-94.504641,50.05,70.0,-112.78303883684612,-94.50657022197112
0.240312,0.926295,72.532257,-129.29505,50.05,70.0,72.54503144730485,-129.2988795344913
0.237922,0.757689,353.66097,202.581085,50.05,70.0,353.68030699361503,202.56275707502917
0.486411,-0.890317,242.849208,10.236469,50.05,70.0,242.8650819394479,10.236059440879048
0.443818,-0.753318,15.736681,-4.33481,50.05,70.0,15.730444777896444,-4.354604176964505
0.988765,0.1653,-506.673129,-471.443135,50.05,70.0,-506.69018355023417,-471.4366762789791
0.195379,-0.258764,-143.582694,-42.246327,50.05,70.0,-143.56913563397538,-42.24751726934594
0.94775,0.833581,4.803585,6.3566,50.05,70.0,4.810762707957346,6.365406849729977
0.000602,0.12362,-1.384027,-241.977113,50.05,70.0,-1.3767500840700106,-241.9610347269379
-0.319517,-0.114397,291.99397,-149.313784,50.05,70.0,292.0120593662103,-149.32666930835808
-0.670803,-0.193692,209.4973,-96.230092,50.05,70.0,209.50665571755007,-96.23474205128393
0.619413,0.481278,133.256859,-3.536602,50.05,70.0,133.27524694986622,-3.5173088321123984
0.840617,0.241953,-154.41757,159.839535,50.05,70.0,-154.39869932024487,159.8542510850941
0.497608,-0.708211,55.769002,-19.897731,50.05,70.0,55.786273425022756,-19.912272613377848
-0.898488,-0.888739,-2.950003,-0.87383,50.05,70.0,-2.9311696087189083,-0.8853339907868829
0.958414,0.068394,-315.289339,52.44947,50.05,70.0,-315.30928181835424,52.46559729246619
-0.498016,-0.150663,184.008141,-37.694014,50.05,70.0,184.00865072910838,-37.71205809114453
-0.188285,-0.503526,69.124076,71.436721,50.05,70.0,69.10771563097795,71.456700583826
-0.761029,-0.619918,53.887091,-1.259462,50.05,70.0,53.88680851553674,-1.2447130524940584
-0.953698,-0.810095,15.716448,-4.81767,50.05,70.0,15.733740376684423,-4.8376520050296445
0.727716,0.719379,16.866628,0.742245,50.05,70.0,16.85584155031291,0.7245970407459128
0.600885,-0.930753,49.238369,-13.188493,50.05,70.0,49.23774948460575,-13.180279790691223
0.833546,-0.599931,26.934543,-9.796849,50.05,70.0,26.95371039849124,-9.815145119094717
0.96606,0.572901,-230.34961,-289.172374,50.05,70.0,-230.36293620162073,-289.17931347498893
0.74368,-0.966465,-0.394748,-0.135045,50.05,70.0,-0.40724945919945016,-0.14288755907532558
0.630023,0.791922,-13.732204,12.525108,50.05,70.0,-13.736301051228192,12.543081839615658
-0.166177,-0.931196,64.202269,135.798208,50.05,70.0,64.21018661618261,135.81505794226646
-0.613339,-0.383802,-75.405576,-19.203473,50.05,70.0,-75.42518212869521,-19.183486512607857
-0.565272,-0.531426,61.992663,-330.224085,50.05,70.0,62.01220896760286,-330.23396072721323
0.324076,0.740234,-100.960789,-18.045942,50.05,70.0,-100.9761587877535,-18.056874426782382
-0.886841,0.867445,-1.600266,0.024382,50.05,70.0,-1.5978338349546108,0.02144568497597595
-0.847887,-0.437999,49.141512,-26.207176,50.05,70.0,49.15731448218703,-26.191417113669264
0.557905,0.705179,-0.876688,0.794599,50.05,70.0,-0.89146554109601,0.7881380291891565
-0.063682,-0.309458,100.876574,-162.440845,50.05,70.0,100.85667901976372,-162.44397703685084
0.936791,0.649873,20.793803,5.084098,50.05,70.0,20.799478885523765,5.064970452142606
0.420417,-0.049113,130.150996,-104.821902,50.05,70.0,130.14077401610288,-104.83995162365856
0.559432,0.370896,-68.566518,-44.700872,50.05,70.0,-68.55779561629602,-44.71930107083847
-0.356624,0.228095,122.477939,34.924528,50.05,70.0,122.45863321489249,34.905013866329874
-0.40708,0.20057,-60.275135,12.130483,50.05,70.0,-60.291543507232625,12.150013008217584
0.98647,-0.405145,-28.532395,-26.953382,50.05,70.0,-28.538716207317865,-26.958918544840298
0.723283,0.211232,-25.02237,74.848257,50.05,70.0,-25.030006298941753,74.86528805742957
0.179396,-0.894006,-254.531006,184.615371,50.05,70.0,-254.5414833521214,184.5963243609152
0.449316,-0.353042,5.142271,-2.393462,50.05,70.0,5.15354833831901,-2.376717569349887
0.420012,-0.853797,-31.054329,-6.478493,50.05,70.0,-31.070900284904006,-6.48319247093341
0.240304,0.789881,105.523043,-23.416202,50.05,70.0,105.53796362081833,-23.396498313408344
-0.465725,0.556924,1.817613,1.787664,50.05,70.0,1.8269629536972691,1.7687870848868497
0.214612,0.976735,-50.453266,-57.582393,50.05,70.0,-50.43531166720796,-57.57057976621561
-0.0148,-0.740978,1315.388323,1118.005534,50.05,70.0,1315.370197898833,1118.0058818766515
0.37675,0.028946,175.740722,78.129773,50.05,70.0,175.75846724867873,78.14153104768916
0.498203,-0.699975,130.699787,-64.485036,50.05,70.0,130.68146002809522,-64.46505871336608
-0.479615,-0.892401,-301.871129,-0.687097,50.05,70.0,-301.8653354026668,-0.6835237866289113
-0.591284,0.287321,80.898072,24.224695,50.05,70.0,80.91777634809453,24.21040787123873
-0.993886,-0.248161,-228.640335,-382.808756,50.05,70.0,-228.62579621818242,-382.7898879425633
-0.850189,0.871515,-0.772552,0.76863,50.05,70.0,-0.7854601605954313,0.753609290265119
-0.440787,-0.299257,-110.230976,18.138706,50.05,70.0,-110.2229551066784,18.134837915484656
0.39224,0.379068,-1.443434,1.262206,50.05,70.0,-1.4428771781032683,1.2740987007077194
0.989505,0.602888,576.902571,-886.090251,50.05,70.0,576.8881458862322,-886.0730029425661
0.732919,0.163215,259.896145,-114.69399,50.05,70.0,259.8763119281757,-114.68561328633798
-0.849099,-0.800396,26.645472,76.11727,50.05,70.0,26.636707214038417,76.12299532601168
-0.250077,0.957262,179.014011,-72.476308,50.05,70.0,179.03182047132637,-72.49550767985089
0.699883,0.940794,-133.095714,88.059655,50.05,70.0,-133.08656183351667,88.07681870284343
-0.067503,-0.527166,51.141301,207.169656,50.05,70.0,51.125920739899215,207.16311280657962
-0.07626,0.299666,28.869661,114.24476,50.05,70.0,28.859274464842546,114.26448850813179
0.492946,0.937749,-47.384385,129.382704,50.05,70.0,-47.38942152075819,129.37740175480837
0.747854,-0.818529,-0.838248,-0.882758,50.05,70.0,-0.819133008379948,-0.8927155383371933
0.982057,-0.570716,-1.54767,-1.035539,50.05,70.0,-1.5297963140483328,-1.0332315174528393
-0.026144,0.604143,6.060065,-37.987204,50.05,70.0,6.040234633196536,-37.978411254429226
-0.17126,-0.359601,18.461108,59.647761,50.05,70.0,18.465326029592216,59.64050178669772
0.184772,-0.542799,-42.681048,27.632405,50.05,70.0,-42.68240798490046,27.6519095000106
-0.816977,-0.935175,-0.825544,-1.015126,50.05,70.0,-0.8068489963489294,-1.0261644675405595
0.521997,-0.792181,17.708736,-6.370292,50.05,70.0,17.700298117520134,-6.353552732824119
-0.191499,-0.520015,182.584735,-11.966431,50.05,70.0,182.58756337816558,-11.972169381481162
0.103572,0.742248,-105.183957,-260.490697,50.05,70.0,-105.20326757041458,-260.49654976055115
0.964085,-0.629766,51.930689,6.719818,50.05,70.0,51.947054793335866,6.710723719833595
-0.484116,-0.541398,-61.762052,2.108853,50.05,70.0,-61.78004953671525,2.1207425607911046
0.723849,-0.263748,-73.312437,97.637162,50.05,70.0,-73.33134584032865,97.62642598112903
-0.807847,0.518529,-113.072343,238.968736,50.05,70.0,-113.05511040937155,238.98858004647235
0.923172,-0.248888,-68.472762,-16.183563,50.05,70.0,-68.45893155908055,-16.20351431438325
0.946059,0.42001,-22.989579,2.993686,50.05,70.0,-22.976100136574946,2.9881634398191785
-0.886949,-0.953767,-0.230746,-0.121674,50.05,70.0,-0.242176613467948,-0.11357240004675037
0.045736,0.692316,-25.685326,-186.533721,50.05,70.0,-25.69282630298172,-186.55230415165923
-0.245094,0.703498,153.471829,-21.712783,50.05,70.0,153.45214844305892,-21.69900081976887
-0.304259,0.31426,-256.093698,-226.712924,50.05,70.0,-256.1041573356551,-226.70759932460456
-0.240553,-0.982358,132.830958,3.697817,50.05,70.0,132.82390370143662,3.6920585601386473
-0.485854,0.250451,114.063453,35.444509,50.05,70.0,114.08268819557165,35.446867466871545
-0.669181,-0.927075,14.244928,57.659285,50.05,70.0,14.2315891299788,57.649022781690654
0.644112,-0.401303,195.680297,15.443681,50.05,70.0,195.69967828790197,15.439616968845755
-0.70147,0.396597,40.742427,17.898823,50.05,70.0,40.76240996564453,17.881189419521036
-0.396858,0.006093,358.97399,6.916591,50.05,70.0,358.9734813386429,6.90613296710079
0.400928,0.390004,142.373013,-76.652969,50.05,70.0,142.37320217193826,-76.65877095468065
0.795684,-0.936752,-21.668271,8.660546,50.05,70.0,-21.680840127859454,8.661417554890958
0.016119,0.919203,-6.661228,-159.885124,50.05,70.0,-6.68110775709588,-159.89140426466602
-0.96039,0.732194,57.791033,15.322275,50.05,70.0,57.80976747657889,15.342224100349734
-0.010061,0.907543,892.449082,-1400.231227,50.05,70.0,892.4292185156517,-1400.223679604486
-0.919434,-0.920973,-0.411119,-0.090618,50.05,70.0,-0.41987391669368407,-0.09993860482459115
-0.793619,-0.359797,80.20039,-53.888414,50.05,70.0,80.21380023280527,-53.87973474464912
0.897931,-0.467685,-30.095321,-11.447446,50.05,70.0,-30.108029553089178,-11.4284603001862
-0.384139,-0.231078,-213.587298,253.603814,50.05,70.0,-213.6058231764785,253.62339516993495
0.265301,0.918336,-40.681517,178.049922,50.05,70.0,-40.700000644948105,178.03592969553654
0.48103,0.664842,40.071819,24.201229,50.05,70.0,40.09178894661286,24.216489257380687
-0.007987,-0.23326,49.518733,602.941475,50.05,70.0,49.499940228809145,602.9248802000584
-0.403399,0.076456,-99.920849,0.061908,50.05,70.0,-99.91475658938518,0.041990776643020034
0.999477,0.209344,55.312592,10.673089,50.05,70.0,55.313424361748915,10.692983401325002
0.44098,-0.453943,19.461235,62.54297,50.05,70.0,19.441394509012124,62.523039177926144
0.585322,-0.488734,-98.14809,-49.963291,50.05,70.0,-98.12812579642332,-49.94739351525571
-0.147676,0.016622,150.853551,230.891876,50.05,70.0,150.83360861107906,230.91106631690718
-0.638634,0.484,-57.943216,-86.793894,50.05,70.0,-57.95154766741627,-86.77846342711304
0.59235,-0.368457,324.241178,-16.15557,50.05,70.0,324.25688868499435,-16.135777233744435
-0.66327,0.413593,-3.817802,1.4768,50.05,70.0,-3.799970467884679,1.4962293519417016
-0.740266,0.356902,445.549697,220.374993,50.05,70.0,445.5643751435156,220.35627009130062
0.445844,-0.699689,-28.044217,71.305844,50.05,70.0,-28.06419974162991,71.29768492117245
0.320266,0.706916,-54.396103,8.535542,50.05,70.0,-54.41539850201763,8.53092890614669
-0.869603,0.578629,135.549216,-55.852106,50.05,70.0,135.5425233321061,-55.83872599108307
-0.97825,0.544977,-5.208443,10.460677,50.05,70.0,-5.190585497828611,10.47296022248065
-0.575243,-0.113088,-38.546908,-334.186446,50.05,70.0,-38.53921069708038,-334.19556444576904
-0.672273,-0.884948,-10.238737,-2.698757,50.05,70.0,-10.25473842989806,-2.6867715221304223
0.682356,0.362391,-2.885966,1.893067,50.05,70.0,-2.8867769184322456,1.887296938641027
0.712414,-0.460014,-338.603579,427.853634,50.05,70.0,-338.6004632014485,427.834530495912
0.539845,-0.827014,53.602598,-10.572597,50.05,70.0,53.59224520389759,-10.583777043143602
0.383558,0.466415,-29.563713,6.910831,50.05,70.0,-29.563645716337163,6.891098412515953
-0.965132,-0.965837,-0.574986,-0.567825,50.05,70.0,-0.5809435348805683,-0.5871181140547669
-0.821925,-0.101806,-210.507303,-563.36822,50.05,70.0,-210.52569852745305,-563.3881140530086
0.951654,0.453305,52.793352,13.573882,50.05,70.0,52.774400058283284,13.593828767062329
0.693021,-0.388755,102.809338,28.185513,50.05,70.0,102.81793098680166,28.19323299167468
0.192588,0.821651,-23.062519,-50.610968,50.05,70.0,-23.082274167251867,-50.62298338700742
-0.510587,0.568281,1.333514,1.76325,50.05,70.0,1.3449472057165135,1.78179058682895
-0.893887,0.438231,2.540548,50.336913,50.05,70.0,2.5475401608378823,50.35672732192291
-0.654941,0.400542,-180.959942,-150.187696,50.05,70.0,-180.95798840422816,-150.16770042066554
-0.095771,0.378348,47.697716,79.546434,50.05,70.0,47.71669630406043,79.56569622742713
0.887903,0.982593,0.351557,0.014974,50.05,70.0,0.35305300144187196,0.011255981850282868
0.447421,-0.189773,117.708953,-36.397014,50.05,70.0,117.71346003208332,-36.406670145601126
0.48238,-0.631847,-32.023327,180.765862,50.05,70.0,-32.03958802695944,180.74597129169348
0.541655,-0.399843,6.87337,-16.229385,50.05,70.0,6.883557941344517,-16.249022552657234
-0.160605,0.703517,118.258996,-189.610638,50.05,70.0,118.27199914504965,-189.59503087634675
0.010157,0.71336,-207.939551,-1368.021441,50.05,70.0,-207.92439417307776,-1368.0411546770024
-0.55234,0.828042,-37.470413,11.425886,50.05,70.0,-37.45943977282085,11.434174339999187
0.905142,0.716803,-93.440684,1.740826,50.05,70.0,-93.42748656651733,1.728298238790231
-0.698769,-0.21594,182.03372,-72.629874,50.05,70.0,182.05285360761775,-72.61733664002084
0.697921,-0.048902,243.025241,-1545.312808,50.05,70.0,243.0449067104304,-1545.3284825460937
0.110991,-0.570072,150.542989,139.927665,50.05,70.0,150.55910276833174,139.933642326573
0.804957,0.906061,-49.203922,13.861938,50.05,70.0,-49.20005350506342,13.873155019720404
0.168654,0.565571,-304.673161,-103.012141,50.05,70.0,-304.66996495769723,-103.03120811213552
-0.44896,0.330181,-162.896378,-107.778881,50.05,70.0,-162.87650167113537,-107.79267976301448
-0.643527,0.239253,107.222184,118.65372,50.05,70.0,107.23163904576927,118.64467346413431
-0.878852,-0.860859,1.035052,-0.805433,50.05,70.0,1.0505375464264681,-0.7965026228389621
-0.462411,0.263283,-117.929288,-13.930653,50.05,70.0,-117.93954028282924,-13.919396204093658
0.989226,-0.084262,-197.921973,-22.540746,50.05,70.0,-197.91430258553282,-22.560745331023817
-0.196098,0.180595,-53.363477,-133.154347,50.05,70.0,-53.35860826632779,-133.1738736799832
-0.743907,-0.836744,-37.686657,139.852923,50.05,70.0,-37.66733048426335,139.87288423175227
0.844905,0.312968,-96.768028,3.770015,50.05,70.0,-96.76801761843124,3.7900028411236493
0.051869,-0.24229,-46.005328,153.315116,50.05,70.0,-46.004788614925715,153.29969587121732
-0.165339,-0.853358,45.078101,72.317514,50.05,70.0,45.07210630063899,72.331388242491
-0.38616,-0.198398,114.536324,-15.869068,50.05,70.0,114.5507478699791,-15.856820847841721
-0.467472,-0.807786,-152.380327,20.566417,50.05,70.0,-152.36542783082612,20.565109602837843
-0.460333,-0.815458,-116.903547,58.870405,50.05,70.0,-116.91990422703799,58.89007647566333
0.59992,0.863372,19.143419,-418.470771,50.05,70.0,19.142356546162762,-418.46874486314766
0.692544,-0.406072,-15.215543,-1.987754,50.05,70.0,-15.205709852438826,-1.972196150471203
-0.854511,0.240805,196.379941,116.654886,50.05,70.0,196.3624762844612,116.6518576776212
-0.788429,0.875811,0.662248,0.351926,50.05,70.0,0.6818924767667591,0.3322131126322971
-0.246443,0.02747,224.939845,0.93798,50.05,70.0,224.91985005732923,0.9579791800726624
-0.313172,0.520995,46.960071,0.710228,50.05,70.0,46.95210711701741,0.696570333374569
0.371013,-0.382829,-31.717663,-7.186909,50.05,70.0,-31.698037296784026,-7.1856675185373575
-0.204811,-0.256033,193.604107,-25.837369,50.05,70.0,193.6115541185866,-25.819026565162595
0.846541,-0.18179,-196.7681,-57.326767,50.05,70.0,-196.75448327858692,-57.34410347940869
0.663728,-0.718597,941.620796,-659.530871,50.05,70.0,941.6378164699229,-659.5391609141329
0.535097,-0.625645,29.595309,-10.224566,50.05,70.0,29.58018681327201,-10.243540047127208
0.784965,0.906254,-0.298642,2.300284,50.05,70.0,-0.3161372999906181,2.301834170199037
-0.582839,0.218371,170.706709,96.302326,50.05,70.0,170.69171042982805,96.31347215120456
0.163334,-0.842261,-284.424533,205.829896,50.05,70.0,-284.44376575040275,205.81940835842843
0.11924,0.06664,68.607396,-256.716704,50.05,70.0,68.5879832099887,-256.7331724396398
0.02409,0.874901,146.503551,-200.587722,50.05,70.0,146.51748164998023,-200.60501174723169
0.455353,-0.887014,22.036876,-59.097213,50.05,70.0,22.03336714328708,-59.116692523913294
-0.036466,-0.891875,16.029129,167.445043,50.05,70.0,16.049128148597223,167.44574350336487
0.252044,0.095656,48.280746,132.856007,50.05,70.0,48.26102361523888,132.8384448534217
-0.316125,0.881904,38.382758,-25.76463,50.05,70.0,38.3831150050948,-25.7838695815409
0.162052,-0.385485,-180.122857,158.713961,50.05,70.0,-180.10385762171677,158.7035415523284
-0.847141,0.098921,-402.498324,-359.486925,50.05,70.0,-402.50690836645913,-359.4928645421879
0.573051,-0.730093,-34.0056,1.913715,50.05,70.0,-34.00846603977327,1.9322734433133966
-0.673057,-0.061658,243.085344,-26.799157,50.05,70.0,243.0675865604081,-26.81780617145053
-0.283895,0.573784,41.152633,-2.445346,50.05,70.0,41.15929596516244,-2.445569071577266
-0.409196,0.636061,17.146961,3.623592,50.05,70.0,17.133599839497382,3.6113455800342447
0.284967,-0.554211,-20.634874,-3.184104,50.05,70.0,-20.630654804424598,-3.201673000919835
-0.619703,0.658656,-30.438063,-122.288118,50.05,70.0,-30.456477835991706,-122.2845978589244
0.034476,-0.568561,-14.637891,119.769811,50.05,70.0,-14.619285645989855,119.75789964294223
0.19157,-0.287481,-87.108682,48.722048,50.05,70.0,-87.12849512377632,48.71365921573735
0.309207,0.840695,-84.158443,-51.004818,50.05,70.0,-84.14790268819658,-50.985145439114476
-0.443483,0.373731,-303.785178,-359.779451,50.05,70.0,-303.8040631741201,-359.7801340273726
-0.704663,0.729571,27.247162,9.262605,50.05,70.0,27.26165966368702,9.254386463930073
-0.10694,0.657105,44.233609,-124.736894,50.05,70.0,44.21367032180493,-124.7307121800453
-0.035599,-0.306982,-162.861425,-284.933103,50.05,70.0,-162.84144685482545,-284.94920884937324
0.54944,0.438675,-1.374169,-3.846412,50.05,70.0,-1.3816338950636697,-3.829767190838754
0.806422,-0.470679,-0.938572,1.341191,50.05,70.0,-0.9303662427659215,1.3408004452184445
-0.694592,-0.014582,327.814907,-105.332632,50.05,70.0,327.83294722462153,-105.31923560284314
0.926897,0.35039,-96.737184,94.007066,50.05,70.0,-96.7558505211358,94.0269237279891
0.996825,-0.36557,-98.252089,164.669534,50.05,70.0,-98.24713327145349,164.67730035321858
-0.137558,0.056813,220.166796,-83.929508,50.05,70.0,220.18619913091086,-83.92370765077288
0.849255,-0.568536,-119.216385,-44.0343,50.05,70.0,-119.22152688643362,-44.02066551062312
0.623695,0.439954,-19.184656,9.873155,50.05,70.0,-19.20031890057475,9.871064742808086
0.301467,0.749079,-120.093532,-38.340224,50.05,70.0,-120.09225350970968,-38.358457426522136
-0.233237,-0.013755,1110.023631,-243.080422,50.05,70.0,1110.0159487398546,-243.08991792368474
0.816777,-0.433952,-44.475878,-22.718807,50.05,70.0,-44.48540852891313,-22.734437517833076
0.564812,0.790662,25.48655,8.038005,50.05,70.0,25.498664544045408,8.034065970221045
0.648108,0.748585,-52.73081,12.543938,50.05,70.0,-52.73304856081485,12.563366028604154
-0.52994,-0.696815,76.911728,-10.599725,50.05,70.0,76.90378425171315,-10.594073833614718
0.637139,0.395796,3.59322,23.084466,50.05,70.0,3.6077964162368765,23.097155674630773
0.1475,-0.966928,19.487397,-103.472876,50.05,70.0,19.470584806556936,-103.49285333455343
0.838637,0.977692,-1.023331,0.924754,50.05,70.0,-1.043252518145281,0.93262088102332
0.067419,-0.89703,119.401865,-150.936126,50.05,70.0,119.38900524278844,-150.91623978527343
-0.3812,-0.822568,191.215745,5.649775,50.05,70.0,191.21625412264362,5.6599931135313994
-0.892052,-0.72301,1.546769,-16.681996,50.05,70.0,1.5270174125460616,-16.679599042848785
0.373173,-0.078462,-6.378376,-539.729814,50.05,70.0,-6.37795641945634,-539.7120368747666
-0.710044,0.28656,-44.988796,22.849971,50.05,70.0,-44.97052019571303,22.856264329666
0.221098,-0.011192,676.470517,-205.55781,50.05,70.0,676.4798986619198,-205.5661127404265
-0.103631,0.271708,144.835764,-208.551706,50.05,70.0,144.84071655526975,-208.5525400250342
0.589987,-0.084777,-444.439369,-235.304881,50.05,70.0,-444.4593689582301,-235.31411582804495
-0.846005,-0.802844,0.55751,-0.190459,50.05,70.0,0.5412150335166229,-0.20921857646949465
0.608265,-0.887449,107.436252,-18.526683,50.05,70.0,107.45623302105142,-18.546673338774173
0.642169,0.927299,-57.15212,-29.958294,50.05,70.0,-57.13523700327877,-29.978139615869452
-0.881132,0.822145,16.478898,3.102294,50.05,70.0,16.482802625708487,3.1174209995112743
-0.214776,0.256033,188.34844,-29.130378,50.05,70.0,188.33027880651684,-29.11554938199803
-0.853256,-0.677633,15.370218,54.062734,50.05,70.0,15.37294352845086,54.06508713702526
-0.973095,-0.803216,16.147847,-4.336364,50.05,70.0,16.141758617054304,-4.324603379865099
0.350613,0.758663,-73.39526,1.557552,50.05,70.0,-73.37530383702465,1.5409336367502828
0.850754,0.627819,2.324665,-0.746314,50.05,70.0,2.3357918439796146,-0.7345674843415808
-0.253477,-0.184876,146.689818,-166.902433,50.05,70.0,146.70808535699695,-166.90468411182786
0.791883,-0.816986,-0.46548,-14.548538,50.05,70.0,-0.45613710120341544,-14.562267113930305
0.912493,0.270489,-104.79081,30.249345,50.05,70.0,-104.78210568987211,30.23394459133274
0.105827,0.642333,-671.727604,-23.48555,50.05,70.0,-671.7090453912054,-23.50479593126534
-0.301524,0.28197,-134.890426,5.669776,50.05,70.0,-134.89191554186414,5.658807060926947
-0.934162,-0.458765,49.465981,-24.861386,50.05,70.0,49.48552469933197,-24.8744965615889
-0.45501,0.653357,-50.97597,21.773626,50.05,70.0,-50.95825959241491,21.755290327062067
0.974166,0.803583,36.510538,3.924466,50.05,70.0,36.52450048196084,3.9433189841180067
-0.173244,0.280594,268.103846,-49.135273,50.05,70.0,268.0920285802186,-49.147055301152946
-0.058735,0.838609,19.152495,-106.49887,50.05,70.0,19.172494685864844,-106.4977485697753
0.499501,-0.891437,-17.232582,-4.920486,50.05,70.0,-17.22246596305889,-4.925062840474238
-0.382216,0.09574,260.95827,51.848368,50.05,70.0,260.978233473839,51.838078461053975
-0.900773,0.701663,-48.110379,65.250463,50.05,70.0,-48.11949589314086,65.24609729501495
0.850939,-0.261027,-139.113283,-46.423223,50.05,70.0,-139.10620493126166,-46.42906377398214
0.911141,-0.445986,-50.20329,-24.128469,50.05,70.0,-50.22234293234551,-24.109428208500276
0.309626,-0.119236,-152.831805,-252.257323,50.05,70.0,-152.8118444699063,-252.27192934352934
0.006161,-0.459584,-5.063723,214.832081,50.05,70.0,-5.068947335473414,214.85173650296454
-0.234194,-0.091826,107.807224,2.897049,50.05,70.0,107.82602460013791,2.9020548025542245
0.687856,0.794818,-0.989891,0.210274,50.05,70.0,-0.9725289183263361,0.21497103441701523
0.500895,0.547553,113.804261,-6.325444,50.05,70.0,113.80006650454018,-6.343919020896454
0.719511,0.829443,-29.498998,8.517165,50.05,70.0,-29.518694879607594,8.497420023457744
0.454421,-0.550959,202.452134,101.929865,50.05,70.0,202.46519061085493,101.94556827851146
0.025135,0.436913,-786.368349,772.942354,50.05,70.0,-786.3578474515232,772.9451159258545
-0.798792,0.698147,19.290165,-17.58042,50.05,70.0,19.291414072589674,-17.592239211463554
-0.238336,0.281585,47.595465,10.602282,50.05,70.0,47.60317343997682,10.616447895487454
0.594041,0.050389,-720.819303,354.738815,50.05,70.0,-720.8000012654815,354.7233867871866
0.88075,0.768967,23.350721,7.467744,50.05,70.0,23.343668181381737,7.4503349628870374
0.02467,0.635307,-8.148889,-84.734474,50.05,70.0,-8.157455498542616,-84.7543814126182
-0.401374,0.111192,20.66206,-364.621167,50.05,70.0,20.645426739619175,-364.6398689831241
0.798758,0.719712,-72.761492,7.433137,50.05,70.0,-72.7716617414311,7.44944602670672
0.194579,0.28334,-104.610226,-60.863937,50.05,70.0,-104.61828618187783,-60.86345610989487
0.091846,-0.343042,-244.086242,130.993715,50.05,70.0,-244.0662706084801,130.99526416508667
0.497052,-0.04161,-338.635218,-288.947174,50.05,70.0,-338.62748953113106,-288.9669717059109
0.65996,-0.060566,465.483251,-731.180559,50.05,70.0,465.4990540010661,-731.1980731100095
0.074388,0.23728,-59.895815,-130.867985,50.05,70.0,-59.911339465168766,-130.87831953699094
-0.027345,0.415914,48.308883,-334.685729,50.05,70.0,48.29163249253764,-334.7044594525
0.262696,-0.866678,-101.979972,89.402383,50.05,70.0,-101.96423413495896,89.41382306807877
-0.251627,0.909555,118.431824,-119.403828,50.05,70.0,118.4294985554801,-119.40320619618268
0.896461,0.818676,-51.478298,21.839447,50.05,70.0,-51.464541217337484,21.858968836201083
-0.519271,0.618813,-12.94485,-0.148701,50.05,70.0,-12.958387441936184,-0.15502271009134788
0.397721,0.502071,0.364705,0.100738,50.05,70.0,0.3743582109391892,0.09573706239410237
0.299994,-0.001564,-310.885142,-0.969515,50.05,70.0,-310.8653244744475,-0.9852822506014147
-0.279031,0.334173,1.273574,1711.24613,50.05,70.0,1.25368011543649,1711.2660583278764
0.451373,0.226283,-127.09692,62.844818,50.05,70.0,-127.09562441501653,62.85751651412075
-0.855257,-0.302689,111.241674,-118.545702,50.05,70.0,111.22450231720983,-118.565487847741
0.704683,-0.397388,-41.674523,-16.234645,50.05,70.0,-41.66479116934128,-16.22430578802775
-0.90318,0.25519,39.300697,118.576475,50.05,70.0,39.31609438850601,118.57340826355825
0.981798,-0.920393,0.845955,-0.837191,50.05,70.0,0.8632470864513893,-0.8464729236517491
0.954264,0.323016,7.103788,-1.194253,50.05,70.0,7.109925736916945,-1.2057001098317845
0.927621,0.527328,-166.523543,187.543007,50.05,70.0,-166.50356836811645,187.52309844203185
0.799868,-0.623241,-11.472179,64.296374,50.05,70.0,-11.454936797262045,64.31013167132217
-0.818401,-0.857239,-21.000243,-8.657117,50.05,70.0,-20.987409009527997,-8.661912593426038
0.381834,-0.508792,-33.681868,-7.805778,50.05,70.0,-33.70128990899526,-7.7992189945240815
0.732564,0.207645,-206.343554,171.325826,50.05,70.0,-206.3264528218867,171.33164877056774
-0.10744,0.262416,358.180327,-241.037386,50.05,70.0,358.19885433851204,-241.01776049683255
0.428234,-0.665254,0.147202,-4.144266,50.05,70.0,0.12810105825705723,-4.1294429383576094
-0.920463,-0.224449,218.159753,-205.988228,50.05,70.0,218.16936344945978,-206.0039525753369
-0.320181,0.721256,52.854717,-8.677388,50.05,70.0,52.86593308984387,-8.65881323953753
0.148259,-0.208224,-27.833946,61.062652,50.05,70.0,-27.844885937029797,61.074453360335184
0.371624,-0.113959,-290.863246,-126.114787,50.05,70.0,-290.8787393404741,-126.13420819059002
0.685483,0.908744,-19.978096,-41.613861,50.05,70.0,-19.99134657676187,-41.59782487850719
-0.736464,0.251678,-512.366387,-552.812518,50.05,70.0,-512.3561223808097,-552.8152469405027
-0.053319,-0.136287,-285.434108,-113.679975,50.05,70.0,-285.4386362957594,-113.66734756170712
-0.574006,0.678304,207.267214,219.240372,50.05,70.0,207.2714609398657,219.25887393759655
0.248028,0.6131,-139.813088,-88.198231,50.05,70.0,-139.83148880734993,-88.19945173228533
0.367122,0.21549,-136.912829,36.52054,50.05,70.0,-136.90521919999685,36.53962859342135
-0.254452,-0.579382,115.929791,78.139312,50.05,70.0,115.94795590279794,78.13880984452115
0.327112,-0.222603,29.387577,-164.458509,50.05,70.0,29.40198987286903,-164.4735850079069
0.706443,-0.817563,-5.481443,-1.867587,50.05,70.0,-5.483177676893328,-1.8805275197903484
-0.780591,0.615269,77.873019,11.356987,50.05,70.0,77.87770050405615,11.376617985693535
0.824604,-0.884456,0.699371,-1.734407,50.05,70.0,0.6856981362579485,-1.7531581053493759
0.950665,-0.173645,253.690185,-90.858642,50.05,70.0,253.67128414867997,-90.84404244662838
-0.444057,0.727559,-206.957742,-15.118528,50.05,70.0,-206.9616058775609,-15.125686960055214
0.077619,0.546648,-865.649174,264.490786,50.05,70.0,-865.6460552367962,264.5037007640462
-0.484839,-0.683885,-54.552543,-21.200582,50.05,70.0,-54.53804016503437,-21.217571088296005
-0.04985,0.168552,366.524688,-516.048635,50.05,70.0,366.54146978,-516.0581510001592
0.850876,0.67396,0.453165,3.400336,50.05,70.0,0.4339278318130758,3.3875278507634152
-0.751069,0.781769,4.864223,0.50792,50.05,70.0,4.875548719185578,0.521686393302744
-0.800326,0.915097,-15.019824,14.468,50.05,70.0,-15.021489448531819,14.48711201968389
0.040085,-0.290959,-43.658441,211.684961,50.05,70.0,-43.65268518367548,211.68399169137967
-0.144865,-0.746732,13.504228,-46.683163,50.05,70.0,13.48810095108775,-46.683624999945785
-0.321424,-0.167887,167.696606,731.255286,50.05,70.0,167.68636759309456,731.2363152323843
0.320984,0.783254,11.075534,9.327053,50.05,70.0,11.084922241255706,9.334837655957783
0.146711,-0.229854,-128.016504,-75.619066,50.05,70.0,-128.03436619604156,-75.60516607055406
0.852112,-0.559145,250.561517,392.094286,50.05,70.0,250.56386386372472,392.0788341732348
0.455955,-0.764841,26.773397,-9.213967,50.05,70.0,26.75600832715533,-9.220811751055258
-0.690474,-0.793257,-17.798791,-6.241843,50.05,70.0,-17.794686148821047,-6.231535663771746
-0.269034,0.340025,16.524572,57.528589,50.05,70.0,16.50492148021378,57.5403613126476
0.795839,-0.340072,146.337779,60.468055,50.05,70.0,146.3513733917035,60.448961279372725
0.412696,0.186632,-1.474393,-1394.503775,50.05,70.0,-1.4549952100008978,-1394.494503660411
0.732281,-0.557174,-4.738369,-1.593175,50.05,70.0,-4.75824392931984,-1.590584298339349
-0.417466,-0.347421,12.404797,-0.814118,50.05,70.0,12.420817402353117,-0.8002971801377651
0.889517,0.116334,-361.760961,154.965147,50.05,70.0,-361.74272496690793,154.97974578215465
-0.776447,0.260485,134.430129,142.962186,50.05,70.0,134.4102261434376,142.98196087467838
-0.021646,0.20064,-99.954658,-14.684577,50.05,70.0,-99.93627234760177,-14.703904500909319
0.158124,-0.409034,-157.253126,23.137412,50.05,70.0,-157.2426404202489,23.15034721649734
-0.626353,0.887882,-168.816685,-25.501344,50.05,70.0,-168.835948540847,-25.51206578428978
0.63144,0.609943,1.834188,-6.980679,50.05,70.0,1.8409684150242158,-7.0000381152269675
-0.689369,-0.231739,177.793026,-101.26656,50.05,70.0,177.80324660214075,-101.28644860903259
-0.832256,0.280883,108.004814,135.042803,50.05,70.0,108.00934249489113,135.06172471243167
0.802317,0.537278,45.690232,17.221044,50.05,70.0,45.671059009238114,17.20837981532462
0.03238,0.209302,552.200419,-220.891315,50.05,70.0,552.2200712298137,-220.90925512033738
-0.257852,0.273878,139.30374,10.926603,50.05,70.0,139.2849175200968,10.938800886381603
-0.925107,-0.276313,28.147258,-70.487085,50.05,70.0,28.13634695709051,-70.50318193160275
0.000161,0.712956,-5.145078,-1698.159733,50.05,70.0,-5.161065780941114,-1698.143143718144
0.653495,-0.704298,-12.824853,-3.086265,50.05,70.0,-12.830315465644,-3.0807689478789633
0.85768,-0.966522,-0.876709,-0.732209,50.05,70.0,-0.8667809040186959,-0.7386679833721983
-0.330774,0.686898,-3.430302,17.227864,50.05,70.0,-3.449657896851309,17.22532587082619
0.702049,-0.655992,138.092893,-6.654392,50.05,70.0,138.07370110094493,-6.638915251463592
0.749528,-0.689353,-76.815443,-10.231562,50.05,70.0,-76.83101369249223,-10.217669693034228
0.049463,-0.679528,-1626.608381,162.181819,50.05,70.0,-1626.6009962134567,162.1646800135236
-0.81989,0.101557,-146.227754,200.138764,50.05,70.0,-146.20784716558902,200.1255992061848
0.864118,-0.764055,-107.158923,154.024497,50.05,70.0,-107.16730193162971,154.0214475891574
0.522363,-0.648575,-103.792744,24.66297,50.05,70.0,-103.80698953380046,24.646473821588177
-0.60626,0.590644,-49.812353,15.931978,50.05,70.0,-49.83035565064429,15.919172580760122
0.953331,0.63041,-5.80639,62.447808,50.05,70.0,-5.825181366866582,62.43327847485505
-0.702158,0.829427,5.221762,18.516615,50.05,70.0,5.201850122862412,18.527820662184133
0.172249,0.985627,-23.351029,-15.105124,50.05,70.0,-23.353570039803113,-15.122517855065686
-0.569152,0.265057,48.060109,11.62132,50.05,70.0,48.08010734517434,11.621945757851629
0.81123,0.343643,-79.872749,30.395575,50.05,70.0,-79.85424602222358,30.377012691936123
-0.384929,0.493083,-329.578441,88.806249,50.05,70.0,-329.5959530413588,88.80371863577997
-0.758575,0.632718,1.232493,0.800325,50.05,70.0,1.2173357266698241,0.8201794429748662
0.096848,-0.268912,-255.563445,277.341197,50.05,70.0,-255.58250885198902,277.3274213066459
0.400082,0.172434,-144.095294,20.992753,50.05,70.0,-144.11451737936426,20.98283199450432
0.092836,0.300421,265.648145,-1223.868106,50.05,70.0,265.6574153216469,-1223.88399168849
-0.821136,-0.830694,21.12016,-5.542362,50.05,70.0,21.10949354247973,-5.535364341908388
0.526706,0.353308,-88.054727,-543.657799,50.05,70.0,-88.04022265815155,-543.6397958338868
0.052523,0.753587,-20.030249,-126.516812,50.05,70.0,-20.01221282833557,-126.49823663023088
-0.466829,0.001009,-37.771113,-0.060966,50.05,70.0,-37.777115620337774,-0.04224810428215256
0.958889,0.049287,-392.910019,61.213021,50.05,70.0,-392.9294449095187,61.20315099171718
0.372217,-0.156986,306.506038,-72.771398,50.05,70.0,306.516792859946,-72.75452794643309
-0.468157,-0.309778,-1049.675306,-15.844398,50.05,70.0,-1049.6626963656772,-15.851180792652103
-0.444526,0.8452,20.664763,5.653733,50.05,70.0,20.664876377038908,5.6349369371877245
-0.73186,-0.376022,-3.635606,-151.545366,50.05,70.0,-3.62426367330029,-151.52970853644368
0.200194,0.661887,-140.9807,-150.622967,50.05,70.0,-140.96544697978936,-150.61547341626874
0.329803,0.995153,-86.044295,-53.179904,50.05,70.0,-86.06243290000293,-53.199592517456026
-0.464177,0.581636,-266.254161,-84.420071,50.05,70.0,-266.2722230425724,-84.4056361541073
-0.439987,-0.869583,27.156881,-6.852333,50.05,70.0,27.15104985931423,-6.867682272960869
0.92288,0.842899,0.97052,0.751278,50.05,70.0,0.9589841402326388,0.7540730413306881
0.600679,-0.39054,-0.550741,-43.412741,50.05,70.0,-0.5449489425846041,-43.43125520170838
0.186617,0.466497,-71.051053,-70.007786,50.05,70.0,-71.0316680936273,-70.02713777609469
0.419541,-0.774208,171.248727,167.490937,50.05,70.0,171.26824388860823,167.48775780538568
-0.105901,0.114135,39.32631,106.282622,50.05,70.0,39.31700438879959,106.27705628010737
0.262366,-0.411613,-75.795422,-12.432482,50.05,70.0,-75.78301101283279,-12.440549371844678
0.014701,-0.927588,809.470477,-1073.196214,50.05,70.0,809.4676699452706,-1073.1850909487139
0.029894,0.427572,-7.550039,-31.971187,50.05,70.0,-7.5571834097291415,-31.95121308921518
0.210971,-0.209507,-118.31538,33.485163,50.05,70.0,-118.33130903249284,33.49667463211082
0.819008,-0.925686,73.710061,-270.687325,50.05,70.0,73.69893695897089,-270.69839951292323
-0.008623,-0.922453,1.560819,33.210796,50.05,70.0,1.5695260652508045,33.21179331889205
0.337858,0.372245,-59.180356,7.782437,50.05,70.0,-59.161622070685006,7.799032738368075
0.318497,0.978624,79.141521,-140.20613,50.05,70.0,79.15031901673767,-140.18630681338453
-0.264034,0.385589,73.643973,-16.093701,50.05,70.0,73.66270574441991,-16.109579917214614
0.585941,-0.085454,-372.374882,-695.377108,50.05,70.0,-372.3900065422419,-695.3863571118959
-0.227408,-0.052797,590.218709,-326.560822,50.05,70.0,590.2333873263232,-326.5692094329093
0.635727,0.662003,-33.461457,-224.652111,50.05,70.0,-33.441655990855985,-224.6660038378929
0.280369,0.158092,-95.128759,194.69506,50.05,70.0,-95.13688539303196,194.6890066151019
-0.949726,-0.045984,-450.295627,-205.108418,50.05,70.0,-450.3152749308839,-205.1184768305576
-0.861407,0.328426,-802.420487,381.139737,50.05,70.0,-802.401519604921,381.120564227772
-0.147421,0.296284,283.557393,-138.302978,50.05,70.0,283.55026324019525,-138.31495586032267
-0.356094,-0.880085,71.436984,20.81077,50.05,70.0,71.42954159210495,20.822295343529202
0.409389,0.608908,41.867682,55.341462,50.05,70.0,41.872574956897736,55.3332611887246
-0.087247,-0.367101,134.42967,266.170683,50.05,70.0,134.41116366457845,266.1904509550975
0.137401,-0.70668,-138.76704,233.253381,50.05,70.0,-138.7804670253903,233.23543142137314
0.82336,0.207336,88.120701,157.485965,50.05,70.0,88.13861436049201,157.50017576478194
0.697338,0.163269,60.443623,-2.011483,50.05,70.0,60.45544847014527,-1.995266315419735
0.059308,0.790674,-503.522723,-199.11907,50.05,70.0,-503.5284328674729,-199.1263562945087
0.85967,0.478074,-5.805084,30.371657,50.05,70.0,-5.787618952524074,30.357038038049325
0.99313,-0.466448,-45.001139,-21.038173,50.05,70.0,-44.98116654451643,-21.030720794543896
0.401101,-0.699479,94.156991,-39.413897,50.05,70.0,94.14195414891637,-39.395922499578035
-0.142434,0.104098,368.134841,-19.273288,50.05,70.0,368.1177682199562,-19.254175899682938
-0.42092,-0.403945,-229.530247,-10.720644,50.05,70.0,-229.52634920803231,-10.731951369137267
0.895577,-0.03366,-1319.025473,-608.957346,50.05,70.0,-1319.0144548928588,-608.9693925107698
0.274036,-0.269276,-113.524841,7.054991,50.05,70.0,-113.53799009467976,7.044253459623729
0.282866,0.132616,275.892564,-179.917421,50.05,70.0,275.8748166288795,-179.93650605903804
0.883324,0.018908,-809.405845,196.231571,50.05,70.0,-809.3892245091429,196.24739671750098
-0.218173,-0.834075,149.21727,148.966552,50.05,70.0,149.21183326579765,148.96571414071894
-0.298041,0.828769,440.523922,-784.042413,50.05,70.0,440.53343260471394,-784.0611085805068
-0.887021,-0.168967,92.586515,-15.436212,50.05,70.0,92.56696292751074,-15.444953453015986
0.173371,-0.146061,-271.737426,-156.62462,50.05,70.0,-271.7221842737967,-156.62358660681912
-0.851078,-0.065455,235.048345,-194.956168,50.05,70.0,235.03283991659336,-194.93698080913563
-0.09712,-0.3033,222.976168,-198.788428,50.05,70.0,222.9575354814957,-198.8069673316202
0.434858,0.664708,-10.013615,26.237395,50.05,70.0,-10.02739221766433,26.257006566846254
-0.251807,-0.117121,97.82345,-192.053402,50.05,70.0,97.84090045249664,-192.0421158801543
-0.449272,-0.916366,-32.156389,-49.685875,50.05,70.0,-32.15156590841595,-49.70281245229012
0.632511,0.610624,-1.221172,-0.303454,50.05,70.0,-1.2411433561632557,-0.28376761955731844
0.749511,-0.968269,85.730441,28.928215,50.05,70.0,85.7329903044774,28.93170094827189
0.305769,-0.942,-114.741915,21.857376,50.05,70.0,-114.72951311433927,21.85016391368856
-0.193292,-0.65725,254.102421,78.464353,50.05,70.0,254.10978954500138,78.46953563962238
-0.403364,0.659912,78.197307,975.718098,50.05,70.0,78.20327280828445,975.7209235229255
-0.858417,0.586113,36.220111,-656.44544,50.05,70.0,36.20666778898158,-656.4365793682323
0.808315,-0.656394,0.737397,-0.539254,50.05,70.0,0.7287820182307849,-0.5563524765098329
-0.007337,0.687405,16.562429,-430.959749,50.05,70.0,16.56898200311337,-430.9512291192194
-0.783033,-0.436323,35.300026,-14.588793,50.05,70.0,35.312715575110005,-14.571965148137565
0.716759,0.563877,-26.160615,5.841126,50.05,70.0,-26.17666288261078,5.849408474323584
-0.917112,0.098095,-4.358756,972.993457,50.05,70.0,-4.339199815882567,972.9738452806506
0.687569,-0.021514,-488.30032,-9.63246,50.05,70.0,-488.2830880330637,-9.650161807603018
0.409148,0.543485,121.696888,-73.255717,50.05,70.0,121.67768378723379,-73.24465198608459
0.345626,0.937074,-84.54646,-38.399202,50.05,70.0,-84.53943589335401,-38.40294162098721
-0.590927,0.286311,88.219743,27.371224,50.05,70.0,88.20012920874137,27.377039807939372
0.036103,0.787354,59.614246,142.895349,50.05,70.0,59.59479843465677,142.8767762421375
-0.937568,0.286664,82.968266,24.062251,50.05,70.0,82.98430717265501,24.08202312278078
-0.034874,-0.130482,23.64697,50.327655,50.05,70.0,23.653087602263888,50.335903702101916
0.986367,-0.132895,-67.305027,-7.811795,50.05,70.0,-67.32458371920833,-7.830407195032269
0.441172,0.780304,-6.178353,0.092393,50.05,70.0,-6.169438840162029,0.10970787773029445
0.576272,-0.589337,-1.266733,-1.614445,50.05,70.0,-1.286258585860198,-1.5944704765832318
-0.980658,0.077482,730.130595,985.414013,50.05,70.0,730.1479711036965,985.4338635853106
0.245116,-0.328349,-96.118408,287.292978,50.05,70.0,-96.13214356457308,287.2730292952222
-0.563404,0.871255,-15.279267,2.195125,50.05,70.0,-15.299263020391242,2.205962812317134
-0.824023,0.647116,-364.424878,88.590443,50.05,70.0,-364.4246310231543,88.61044299576305
0.075492,0.786183,90.779614,43.915443,50.05,70.0,90.77305239254979,43.916683571967475
-0.629481,0.320993,-95.121076,-265.212364,50.05,70.0,-95.12717184294777,-265.21914500222385
0.925162,-0.810114,0.265523,-1.488319,50.05,70.0,0.247199662456276,-1.4835031687626634
0.405849,-0.903696,-70.164487,-39.288143,50.05,70.0,-70.1844039303111,-39.27794868915814
-0.423596,0.623921,-45.916176,54.252934,50.05,70.0,-45.89846476627989,54.233529393493264
0.24814,0.484572,23.461762,20.959235,50.05,70.0,23.443728587982108,20.949630442085866
0.209174,-0.417445,-71.982703,46.140846,50.05,70.0,-72.0022930082387,46.13684995369151
-0.000306,0.853497,-73.163731,-118.570964,50.05,70.0,-73.17947421172947,-118.56744463769483
0.723584,-0.725796,-95.033784,-26.714132,50.05,70.0,-95.05375594599751,-26.728231203864368
-0.447001,-0.743814,29.626362,36.064389,50.05,70.0,29.607374981367812,36.046621064060986
0.723458,-0.833953,-0.944118,-0.989331,50.05,70.0,-0.9246643003691716,-0.9891669814462666
-0.254842,0.872968,110.507192,-0.141025,50.05,70.0,110.49422941948167,-0.12248413073500815
-0.027977,-0.213626,36.952424,-173.255334,50.05,70.0,36.96681150363472,-173.27193223816013
-0.415026,0.652877,-351.233001,-224.620902,50.05,70.0,-351.21300320924274,-224.64089983571455
0.898699,0.430719,9.517374,10.506843,50.05,70.0,9.53269740167672,10.488948490642594
-0.901634,0.232272,-66.690801,19.317058,50.05,70.0,-66.67639711510968,19.3351086313333
-0.21178,0.619298,211.137909,-47.889553,50.05,70.0,211.1252288670246,-47.86968376150982
0.547241,-0.514514,-258.526649,134.828929,50.05,70.0,-258.5073897848678,134.82629404382055
0.565942,-0.205693,160.685465,-110.680796,50.05,70.0,160.67616432084998,-110.66715734300853
0.917614,0.345305,155.368103,-34.227452,50.05,70.0,155.34816623216517,-34.24039235691101
-0.460209,-0.732689,-80.745582,-46.619052,50.05,70.0,-80.75716040156873,-46.61971695770345
-0.300823,0.062925,120.515382,2.010177,50.05,70.0,120.50366210635568,2.0265827881462384
-0.417048,0.676682,-19.705844,3.191212,50.05,70.0,-19.710755188246175,3.182857343023608
-0.997927,-0.151839,300.390124,-504.772048,50.05,70.0,300.40847074138014,-504.7527690206281
0.047754,0.593925,-54.77636,-284.510905,50.05,70.0,-54.787436432710436,-284.5278156016817
0.09641,0.367336,-105.784032,-215.995456,50.05,70.0,-105.7706857743365,-215.98696975696856
-0.189404,0.680834,-59.65586,1.669347,50.05,70.0,-59.6382393257915,1.6496421185324104
0.770211,0.934412,73.642408,-64.504761,50.05,70.0,73.62495856069116,-64.52073458030242
0.67004,-0.639644,12.55976,-51.492467,50.05,70.0,12.562714400226962,-51.47247792406095
-0.496748,-0.841979,26.279878,52.1418,50.05,70.0,26.2807415364275,52.15887655638854
0.853661,-0.516103,287.16394,28.377325,50.05,70.0,287.15409007604984,28.35744999017155
-0.137144,-0.983495,101.697011,226.15813,50.05,70.0,101.69337719000305,226.17611315803094
0.405815,0.53149,-2.977637,-0.709479,50.05,70.0,-2.9697418785605216,-0.7231266661795995
0.757309,0.099029,179.694587,569.993865,50.05,70.0,179.6842222608433,570.0138599089082
0.385419,-0.261417,-94.606549,-21.756327,50.05,70.0,-94.62499591038345,-21.760751114193173
0.362615,0.466692,84.666471,-35.865638,50.05,70.0,84.67156251058209,-35.879818901452126
-0.309193,-0.609519,-421.787953,230.081371,50.05,70.0,-421.7769266300757,230.0694318740302
-0.19333,0.696276,118.558453,-153.583248,50.05,70.0,118.53886433753465,-153.59457466115097
0.31226,0.149088,-156.881973,9.951859,50.05,70.0,-156.8916699266284,9.962861232989628
-0.276614,0.946769,30.207524,5.573539,50.05,70.0,30.215434490624006,5.592960171408247
0.341606,-0.635782,-68.238539,-5.647963,50.05,70.0,-68.23922924055071,-5.654441818696576
0.40932,-0.55431,-285.920387,308.237975,50.05,70.0,-285.9009539745818,308.21828845132995
-0.285624,-0.474928,-82.666712,8.815933,50.05,70.0,-82.66476771853264,8.820182870425771
-0.114407,-0.835642,-343.723248,76.94831,50.05,70.0,-343.7033551303813,76.92858182505732
-0.642586,0.060117,129.368152,7.737257,50.05,70.0,129.38484143160352,7.756195104914348
0.3922,-0.302938,-158.948604,272.294618,50.05,70.0,-158.96696767378032,272.2746818402429
0.52357,-0.356099,174.784199,35.519594,50.05,70.0,174.80410306604892,35.536557802302056
-0.956877,-0.239388,73.587333,-16.774799,50.05,70.0,73.57107625426241,-16.79344319882916
0.609486,-0.362342,-22.136438,-5.332452,50.05,70.0,-22.156420964053186,-5.347402779982159
0.120766,-0.290136,143.723741,171.171284,50.05,70.0,143.74322531353872,171.15743638170605
-0.308455,-0.197242,-240.006282,487.096555,50.05,70.0,-240.01989234712113,487.1165225373977
0.951002,-0.509357,12.560644,-7.255663,50.05,70.0,12.580419423101764,-7.235671197967888
-0.759115,-0.454135,30.316806,-8.543444,50.05,70.0,30.335878614842166,-8.529332791084292
-0.641302,-0.361878,441.077354,18.2179,50.05,70.0,441.0776877235938,18.23789872924874
-0.087489,-0.425167,60.920779,191.016914,50.05,70.0,60.92158684634045,190.99708430150605
0.215795,0.866498,-89.95411,-126.579211,50.05,70.0,-89.93429160935146,-126.59653948494604
-0.773844,0.001531,522.143871,3.736281,50.05,70.0,522.1405238072537,3.716312195134436
-0.268283,0.965226,34.142501,-8.676098,50.05,70.0,34.153823661120995,-8.666434200199877
0.557235,-0.547309,41.147894,-6.8274,50.05,70.0,41.1397293107148,-6.8280968351386155
-0.62319,0.048871,-340.082025,242.539407,50.05,70.0,-340.08117983745694,242.52559530968318
-0.628784,0.030008,-101.596149,1885.343204,50.05,70.0,-101.57748272743537,1885.3547191684809
0.346927,0.801211,-35.425597,2.105597,50.05,70.0,-35.44345014950099,2.1128665858988493
-0.049081,-0.905338,1347.195267,-639.202198,50.05,70.0,1347.2122170401267,-639.1837899351636
-0.022849,-0.019849,357.728977,317.097719,50.05,70.0,357.74597394151107,317.0882688947434
0.393317,0.478752,199.504781,-199.237636,50.05,70.0,199.5107545922411,-199.236272309175
0.381405,0.273683,-69.376938,13.102647,50.05,70.0,-69.36805526163769,13.107813698466279
-0.204888,0.445885,203.936782,-81.409177,50.05,70.0,203.9563441330878,-81.41387457662385
-0.011,-0.880529,1084.449316,163.787432,50.05,70.0,1084.4663426772913,163.80722973481988
0.952847,0.507406,15.880119,38.085375,50.05,70.0,15.898833274116246,38.072338056629
-0.035547,0.55431,507.120183,-987.350901,50.05,70.0,507.1395192563125,-987.3697849706737
0.283025,0.804382,26.335574,-12.757198,50.05,70.0,26.319257701627073,-12.737917371105354
-0.74656,0.563799,1.417396,2.086195,50.05,70.0,1.4004999383922925,2.1000745910739362
-0.236137,-0.754567,-31.464613,102.887824,50.05,70.0,-31.478708063671945,102.90723432766556
-0.011012,0.919852,4.152147,-143.557206,50.05,70.0,4.132193074646138,-143.56388295817248
-0.049977,0.038058,139.783265,-145.152175,50.05,70.0,139.7843239450135,-145.1504164653492
-0.365812,-0.206848,109.93965,-60.525083,50.05,70.0,109.92247812519734,-60.545018289763654
-0.489981,0.884401,193.673009,-103.589131,50.05,70.0,193.66490618378683,-103.57455882347193
0.129971,0.429671,-432.618898,-128.697941,50.05,70.0,-432.6291255846239,-128.7000957695328
-0.513141,-0.358556,-360.504756,-81.848887,50.05,70.0,-360.51961397059983,-81.83425872000869
-0.244998,0.317734,40.152573,103.945837,50.05,70.0,40.13298933765539,103.964949248661
0.153772,0.445594,-8.546936,79.00104,50.05,70.0,-8.561768296060057,79.00739165505632
-0.898943,-0.543038,121.716186,586.10487,50.05,70.0,121.7271731612985,586.1174886031201
-0.839919,-0.515187,-56.637393,172.225933,50.05,70.0,-56.63085015340651,172.24399702372784
-0.748139,0.032407,156.762992,5.57223,50.05,70.0,156.77102254614886,5.571981864953173
0.662058,-0.796808,-46.931724,80.837822,50.05,70.0,-46.91411944121137,80.82636518672999
0.041767,-0.014975,-192.765535,62.175138,50.05,70.0,-192.7627048770866,62.159111262376676
0.308371,0.78909,94.062285,207.620919,50.05,70.0,94.08191834160817,207.6329161546828
0.244004,0.977366,28.246127,-141.732181,50.05,70.0,28.2655922655138,-141.75198242242922
0.592779,0.841711,17.803449,-19.468949,50.05,70.0,17.802556751009217,-19.45904359951463
0.628661,-0.09365,-314.744143,-90.149365,50.05,70.0,-314.72419441667165,-90.16889507414639
0.032171,0.698643,29.340193,-5.910207,50.05,70.0,29.35933429618827,-5.921777294790491
0.099596,-0.094288,-78.942915,-150.541736,50.05,70.0,-78.92379202716405,-150.53313231307047
-0.697484,-0.610465,-2.042433,0.416893,50.05,70.0,-2.02501404648641,0.4027790192799953
-0.084131,0.00355,-934.045121,123.113746,50.05,70.0,-934.0487690639881,123.10883425520055
-0.334821,0.665528,-244.479131,-5.623572,50.05,70.0,-244.48224772287594,-5.642581020819058
-0.465266,0.273583,79.498559,32.577377,50.05,70.0,79.48939564107471,32.575752305823414
0.106041,0.223524,-92.736312,-127.040915,50.05,70.0,-92.74765199552675,-127.03506875895174
0.759574,0.1653,-82.799865,13.619842,50.05,70.0,-82.8168633465903,13.635255389171649
0.193204,-0.826269,189.642318,-152.507092,50.05,70.0,189.62701138793085,-152.4900351504021
0.88947,-0.671155,37.198862,34.015119,50.05,70.0,37.207191992851364,33.99908118778288
-0.10869,-0.747034,45.478799,138.305718,50.05,70.0,45.48618408088892,138.3129777556907
0.60208,-0.838788,55.178029,66.536839,50.05,70.0,55.17164990783943,66.55367692759357
0.484796,-0.038317,-260.97793,-18.77168,50.05,70.0,-260.9703377092894,-18.78023672606973
0.005836,0.083527,1.463934,283.017327,50.05,70.0,1.4835319253827004,283.0275119747797
-0.16775,0.630906,320.016043,-60.803011,50.05,70.0,320.00286384321004,-60.813655761643794
-0.364727,0.035135,-304.514263,69.946793,50.05,70.0,-304.5312755796235,69.93774108181107
0.521983,0.971165,61.431561,-14.219395,50.05,70.0,61.41322768610509,-14.20433615970997
0.368863,-0.513748,-35.593741,-8.276894,50.05,70.0,-35.58339375912096,-8.285928895433393
-0.559117,0.926523,-55.817532,-78.53003,50.05,70.0,-55.81851024349553,-78.54744484904444
0.076208,0.835128,-34.298961,-163.376871,50.05,70.0,-34.30036514524765,-163.3823597631815
0.004575,0.893882,-1.641396,-131.683899,50.05,70.0,-1.6220469486389408,-131.6908132569021
-0.519938,-0.599567,-2.630089,0.680865,50.05,70.0,-2.63528340202299,0.697549457046902
-0.920105,-0.211606,62.803699,-273.280831,50.05,70.0,62.799948353173235,-273.2610288359178
-0.468306,-0.821808,879.68886,-326.729244,50.05,70.0,879.6884992169038,-326.70970270290536
-0.128387,0.204935,169.887364,-145.681742,50.05,70.0,169.8958970027231,-145.67462183479145
0.335296,-0.676214,-89.229706,17.750836,50.05,70.0,-89.21550476784029,17.770818047813798
0.870158,0.75142,-9.82001,-13.37397,50.05,70.0,-9.804388265764095,-13.366082936650429
-0.87837,-0.772228,5.18653,1.238663,50.05,70.0,5.184735012389529,1.2525984429984922
-0.842987,-0.080176,94.041946,-7.386853,50.05,70.0,94.05579453011478,-7.376542361870025
0.48707,0.183276,-117.188211,19.542657,50.05,70.0,-117.19457656506762,19.541976629186095
0.312564,-0.738101,120.93133,-25.638051,50.05,70.0,120.91979011411786,-25.636055608937422
0.729624,0.791652,214.191958,-212.412039,50.05,70.0,214.1879478074141,-212.43100281266456
-0.700212,-0.454926,-3.990572,-3.077272,50.05,70.0,-3.996893760687888,-3.0682590193639383
0.066565,0.752571,-25.147073,-124.040267,50.05,70.0,-25.12776182580979,-124.02031832794732
0.456612,0.281077,-35.73294,11.806618,50.05,70.0,-35.720722418942955,11.788244483492441
0.060653,-0.59846,-29.071524,145.666956,50.05,70.0,-29.081369746928967,145.68024022783626
-0.315041,-0.898574,11.526954,-3.119712,50.05,70.0,11.52477029688268,-3.110393245840525
-0.339435,-0.885996,78.178995,33.490028,50.05,70.0,78.16277652129108,33.494651989327984
-0.934128,0.113531,-463.08425,151.033772,50.05,70.0,-463.06570782734957,151.01381749706326
0.114211,-0.463063,267.677317,178.303582,50.05,70.0,267.6645184545315,178.32353562198796
-0.693587,0.875052,31.569535,6.943915,50.05,70.0,31.566308051585114,6.958300442054401
0.998297,0.37111,182.245993,-129.273147,50.05,70.0,182.26037285017682,-129.25342889612102
-0.755179,-0.291011,-65.451568,-7.510163,50.05,70.0,-65.44861292231518,-7.492929184663761
0.982823,0.314477,-123.480927,47.646598,50.05,70.0,-123.49100402704617,47.64496624436706
-0.579425,-0.394291,-80.076016,73.64983,50.05,70.0,-80.08863550306693,73.64638756161833
-0.849763,0.030264,-343.534522,31.017699,50.05,70.0,-343.55278099393973,31.003460651251824
0.647877,0.866534,12.808402,8.174955,50.05,70.0,12.807720721755738,8.182012451446685
-0.16669,0.44006,-0.157198,101.637426,50.05,70.0,-0.17084364591228576,101.65155976331394
0.081402,0.125161,-13.88127,110.461364,50.05,70.0,-13.892784442203164,110.48052135980825
-0.426021,-0.131552,77.329794,-9.089815,50.05,70.0,77.30990210091335,-9.10927422166643
-0.995953,-0.984124,-0.785792,-0.965348,50.05,70.0,-0.7659226191307564,-0.9794622597691528
-0.172212,-0.364511,-179.564674,-78.314233,50.05,70.0,-179.5827444273292,-78.2985830428605
-0.328906,0.084523,393.660599,289.989258,50.05,70.0,393.6407014894761,289.9873569239578
0.58054,-0.870148,-0.928819,-1.490873,50.05,70.0,-0.9472432043215487,-1.4922378180960991
-0.576125,-0.938251,8.223807,-10.242056,50.05,70.0,8.20759943341648,-10.261286309471899
0.820235,-0.311358,-120.566277,-95.187615,50.05,70.0,-120.54627874554903,-95.16885793367301
-0.999241,-0.239214,23.105882,-170.111141,50.05,70.0,23.091315091792893,-170.1263145170532
-0.477962,0.899364,-44.521372,-21.349794,50.05,70.0,-44.52006931841506,-21.36783571047157
-0.381001,0.521859,-407.962479,84.13228,50.05,70.0,-407.96861855041925,84.12014392010023
0.887879,0.588113,-101.269195,37.629515,50.05,70.0,-101.27601507078029,37.6124598882881
0.416748,0.279567,-76.38368,23.911589,50.05,70.0,-76.38015010476208,23.915853849778053
0.681131,-0.231682,-64.085773,-106.477484,50.05,70.0,-64.06589950718227,-106.45748584567487
0.122828,0.363321,-87.923438,-147.303328,50.05,70.0,-87.94308993265972,-147.28374996805402
0.342205,-0.552523,21.974402,-106.307432,50.05,70.0,21.985826565723432,-106.32736192900984
-0.25057,0.674647,157.524106,-78.162531,50.05,70.0,157.50509398219174,-78.17465971460375
0.784843,0.850737,-107.629173,-34.011519,50.05,70.0,-107.63717437218558,-34.02341915177421
0.332483,0.03655,489.713132,1068.5956,50.05,70.0,489.72843280405243,1068.5895786199053
0.292686,-0.829495,36.684349,-241.700963,50.05,70.0,36.66742986682685,-241.693890845041
0.678543,0.268638,-97.28438,28.181475,50.05,70.0,-97.27542415960616,28.164168133305964
0.994851,0.466872,-24.046436,6.793585,50.05,70.0,-24.03531552454704,6.806759714819119
0.713163,0.127355,1.758126,185.773289,50.05,70.0,1.7408277053616308,185.75717746370609
0.447574,0.369622,-15.042274,-239.329928,50.05,70.0,-15.04813013672026,-239.3102761283415
0.232935,0.931828,-133.378074,-0.658336,50.05,70.0,-133.37508351004985,-0.6454812101821105
-0.774903,0.20767,143.647568,35.582507,50.05,70.0,143.6658900271881,35.57501586543457
0.310426,-0.671999,82.391558,156.764187,50.05,70.0,82.3715584137139,156.74583783274676
-0.292403,-0.41741,-350.896264,-1397.385156,50.05,70.0,-350.8967383238502,-1397.3831956122215
0.587877,0.444427,-1.581516,1.14399,50.05,70.0,-1.5921944908733099,1.1429185458610158
-0.514032,0.666219,-22.145152,7.52867,50.05,70.0,-22.146266659001615,7.514312025027256
-0.85804,0.914876,24.734075,2.210756,50.05,70.0,24.714108869485766,2.202554526924525
0.314545,0.564978,-98.316755,-253.335621,50.05,70.0,-98.30519516457764,-253.33411292701047
-0.412758,0.782869,-87.169684,-39.319635,50.05,70.0,-87.18906898868742,-39.33308878763153
-0.312846,0.0044,38.048383,0.178512,50.05,70.0,38.063956609884954,0.17501881953444312
-0.045405,0.885271,83.811658,-395.313698,50.05,70.0,83.82136408121058,-395.3204493075769
0.754419,-0.480951,19.772492,-1.375415,50.05,70.0,19.761300221800578,-1.377366063842895
0.659177,0.781758,-6.737596,-0.405043,50.05,70.0,-6.75556632695206,-0.4179465737914655
-0.991963,0.080817,140.157509,11.863751,50.05,70.0,140.16476937128468,11.844200373485991
0.288166,-0.798089,75.206219,7.90863,50.05,70.0,75.22547702271041,7.920100015832431
0.51656,-0.181368,-175.46792,-164.208,50.05,70.0,-175.45024031000116,-164.22141985196447
-0.255896,-0.849344,164.321514,81.41529,50.05,70.0,164.3020881981734,81.4169100448568
-0.930809,-0.106996,100.916159,-10.530958,50.05,70.0,100.90249282061592,-10.53791307206263
-0.285159,-0.65914,115.242804,12.575651,50.05,70.0,115.24373170556728,12.570350459802981
-0.165353,0.908157,35.791107,-45.378202,50.05,70.0,35.778278735116075,-45.39806932994585
-0.605641,0.996225,1.198011,0.264001,50.05,70.0,1.2173853268196682,0.2831478812768807
-0.454292,0.708956,-16.783106,39.803404,50.05,70.0,-16.800899956026324,39.79108920140269
-0.584659,-0.359003,172.951559,-71.779471,50.05,70.0,172.93784168796253,-71.79311812530948
0.234268,-0.656707,-85.627953,83.082235,50.05,70.0,-85.61475110743714,83.09492918509692
0.730619,-0.481377,62.546521,-8.599171,50.05,70.0,62.56320237070627,-8.59629825178136
-0.5102,-0.935222,-110.760941,344.955141,50.05,70.0,-110.7617675281357,344.9678161061626
-0.269781,-0.207132,143.602887,0.170236,50.05,70.0,143.6179281732406,0.16703949440918897
0.729265,0.763438,20.020743,-20.006882,50.05,70.0,20.030270987057968,-19.988679825176284
-0.892302,-0.920714,-0.670527,-0.325285,50.05,70.0,-0.6904960624865473,-0.344841261920536
-0.445649,-0.015443,226.788763,-4.736544,50.05,70.0,226.80861731097866,-4.756251849199351
0.457098,0.447705,25.069256,74.412855,50.05,70.0,25.088797852808426,74.4318558384426
0.585674,-0.579277,-26.97592,-10.840985,50.05,70.0,-26.961602871257682,-10.860550258504714
0.090018,0.927252,-364.605382,288.898142,50.05,70.0,-364.6173565375136,288.9105244596409
0.316478,-0.958047,61.382113,106.046061,50.05,70.0,61.39497980678587,106.0574408680606
0.105171,-0.390092,-290.324992,-188.823866,50.05,70.0,-290.34494198278634,-188.80430186173677
-0.281505,0.750748,69.129193,7.739595,50.05,70.0,69.1460101240448,7.7595449325794235
-0.175328,-0.729448,138.093148,185.987119,50.05,70.0,138.09363134368635,186.0026118872513
0.165901,0.3042,-68.970364,-49.799556,50.05,70.0,-68.95585125097323,-49.78456443832666
0.683762,-0.016311,-79.817479,-1.296877,50.05,70.0,-79.82147589932764,-1.316766582798071
-0.144622,-0.655936,-58.92585,-261.495167,50.05,70.0,-58.93669799814297,-261.47962132508724
-0.308788,0.200392,-267.724385,682.234462,50.05,70.0,-267.73563343534937,682.2535481979036
-0.00696,-0.978354,-0.306371,-125.188935,50.05,70.0,-0.29248082441312095,-125.1881563702881
0.799649,-0.291226,-143.386741,-84.109889,50.05,70.0,-143.37851334554225,-84.0939743466452
-0.63357,-0.403592,30.152307,-7.328914,50.05,70.0,30.169700483214186,-7.308926187499409
0.824506,-0.52995,166.599894,27.155876,50.05,70.0,166.58714944234762,27.138112303388166
-0.869292,-0.192636,255.724629,-210.771654,50.05,70.0,255.7444160283928,-210.7916537434572
0.365706,0.415893,144.869655,102.856351,50.05,70.0,144.85351044392206,102.85215895125332
-0.091306,-0.583911,321.623074,400.651496,50.05,70.0,321.6054477465486,400.6700687834832
0.20844,-0.753212,-109.623138,139.608403,50.05,70.0,-109.61170614087315,139.6102449471635
0.768778,0.85676,-38.933687,0.065174,50.05,70.0,-38.927284337579145,0.08505244142966296
-0.441351,0.20994,-1214.510401,-107.840924,50.05,70.0,-1214.4921513101574,-107.86070948542239
0.462693,0.473001,-239.022188,-162.069229,50.05,70.0,-239.01851379487877,-162.0639895659936
-0.265975,-0.242905,-75.082512,89.058228,50.05,70.0,-75.09706674255547,89.05807275947929
-0.503566,0.56847,-16.746235,7.353661,50.05,70.0,-16.762277040762317,7.344443699162471
0.274697,0.827138,-49.29669,-20.435313,50.05,70.0,-49.31663407006483,-20.43268911974793
-0.284197,-0.507048,-37.872554,-14.36525,50.05,70.0,-37.88089834235421,-14.352310881715521
0.047968,0.194524,14.428795,228.688676,50.05,70.0,14.426871061596758,228.6688027796475
-0.628777,0.151865,81.509049,446.150141,50.05,70.0,81.51341204957845,446.16316244641274
0.390288,-0.423923,49.268226,-115.875059,50.05,70.0,49.24884059519447,-115.8696493667708
-0.866527,0.280548,143.365701,143.568012,50.05,70.0,143.38569907866184,143.5851106047951
-0.828318,0.464825,24.580936,9.266626,50.05,70.0,24.595153757034012,9.248071807860294
0.316959,-0.876209,-52.627647,118.88055,50.05,70.0,-52.63961877917704,118.89510791926341
-0.450205,-0.59897,-205.438403,-44.833051,50.05,70.0,-205.4204697117742,-44.852932779840536
-0.891975,0.576324,43.79446,11.810272,50.05,70.0,43.806386262212385,11.82208090765177
0.276761,-0.482871,111.943673,-129.796782,50.05,70.0,111.92427038465158,-129.77937489131745
0.384858,0.303316,287.217999,210.803175,50.05,70.0,287.19800033163676,210.78461771700867
-0.174788,0.335992,176.599596,-125.266649,50.05,70.0,176.61790244147062,-125.2862077638168
-0.983337,-0.938995,-0.849687,-0.592915,50.05,70.0,-0.8532088923778237,-0.6018647520280692
0.304571,0.930128,60.405387,-119.722421,50.05,70.0,60.385579081109164,-119.70427551858121
0.660086,0.063918,376.449457,904.636829,50.05,70.0,376.4364313065059,904.6186771756536
0.270055,0.813201,-102.057516,-0.328948,50.05,70.0,-102.0774613482402,-0.32455947775379834
-0.531734,-0.851956,-14.391363,-4.238385,50.05,70.0,-14.405699298686255,-4.257492816781069
-0.828257,-0.511517,16.179484,-1.700702,50.05,70.0,16.16355661727063,-1.6865399497501625
0.933497,-0.722488,4.460439,0.492659,50.05,70.0,4.472988368308315,0.47361872344810846
-0.84755,-0.775386,25.401666,-6.515455,50.05,70.0,25.383319184598164,-6.510970017485144
0.09376,-0.176054,-12.368433,39.853283,50.05,70.0,-12.387930137444576,39.86426201227932
-0.933732,0.769827,5.25931,-9.628765,50.05,70.0,5.276351482080663,-9.620848105041125
0.476875,0.841043,-1.618239,-33.673273,50.05,70.0,-1.5990807581806543,-33.6779728988722
-0.590987,-0.720598,-54.478951,8.833844,50.05,70.0,-54.47523427537955,8.821788243475803
0.910432,-0.370978,-54.357562,-10.128283,50.05,70.0,-54.36490480215323,-10.12908369524523
0.971059,0.584968,-21.857893,-52.260435,50.05,70.0,-21.847439515407675,-52.27615755236006
-0.44795,-0.702626,-88.647657,12.702547,50.05,70.0,-88.6350674291459,12.68329156477817
0.967353,0.308716,1336.605151,540.348456,50.05,70.0,1336.604603026838,540.33537969912
0.591952,0.937023,22.614466,7.200989,50.05,70.0,22.59461800989325,7.22098274756088
0.543508,0.733094,51.496854,7.685019,50.05,70.0,51.51013142028881,7.704859625508544
-0.89011,-0.082636,508.768587,-1036.972999,50.05,70.0,508.7496901291213,-1036.9597560343184
-0.862957,0.276493,38.96587,76.450347,50.05,70.0,38.94880100801651,76.4703213963213
-0.981249,0.147291,126.92486,19.304655,50.05,70.0,126.94009613066004,19.324649899857572
-0.478933,0.571586,69.856528,-190.963507,50.05,70.0,69.86102193254972,-190.9803896053833
0.64541,-0.592781,-82.202487,-167.435755,50.05,70.0,-82.22245601965034,-167.45294809724314
-0.867146,-0.126473,66.427127,-7.673997,50.05,70.0,66.41469359700915,-7.661149241766022
0.376352,-0.6451,98.437792,11.646827,50.05,70.0,98.45766064985341,11.636721342831944
-0.192165,0.283049,119.209539,-72.833371,50.05,70.0,119.21463987243109,-72.82024525928783
-0.800715,0.387154,-160.5005,32.813072,50.05,70.0,-160.48757680314463,32.809601201725194
0.897146,0.33222,443.698503,-98.410014,50.05,70.0,443.68001105792615,-98.39273869525961
-0.385302,0.231612,274.01639,177.990475,50.05,70.0,274.0009541661235,178.0092791791737
0.697097,0.105907,-318.751937,107.730231,50.05,70.0,-318.7717630520939,107.71896149079163
-0.023897,0.368331,429.170193,-1115.483099,50.05,70.0,429.187911967313,-1115.5028943374477
0.540978,0.221321,-157.424639,86.570132,50.05,70.0,-157.43735626041953,86.56705951004292
-0.266165,0.569524,139.217128,-48.18398,50.05,70.0,139.2004876530913,-48.17955946310956
-0.003148,-0.900786,-3.275239,-156.175571,50.05,70.0,-3.294871183466897,-156.1912693701902
0.497066,0.190082,178.408508,-127.524848,50.05,70.0,178.40613224936592,-127.50513553917523
0.70464,0.879393,67.169508,11.183935,50.05,70.0,67.15774138829335,11.164845335212071
-0.047107,0.278577,311.828185,-573.612985,50.05,70.0,311.8240320832102,-573.6007253885002
0.040407,-0.875268,-1350.610045,-583.359831,50.05,70.0,-1350.629757966675,-583.3559200419263
-0.626226,-0.975879,-38.805227,119.478261,50.05,70.0,-38.79583741639413,119.4928591525582
0.396865,0.105057,-100.368225,65.497387,50.05,70.0,-100.35442775110236,65.51112328332549
-0.30126,0.716782,110.647817,-16.431288,50.05,70.0,110.63866967958079,-16.41229561760895
0.953489,-0.702943,8.366949,17.115213,50.05,70.0,8.353271460408541,17.10430685149676
-0.357755,-0.791563,77.661319,16.285414,50.05,70.0,77.65628688556629,16.29170347602811
0.197099,0.635361,-88.015753,-115.127163,50.05,70.0,-88.00249988374581,-115.10781374330024
0.518569,-0.411039,136.429582,46.769068,50.05,70.0,136.44917006142137,46.750825060651195
-0.32925,0.290819,-185.83063,-138.006746,50.05,70.0,-185.81265724958865,-137.99222553993752
-0.213267,-0.378062,-12.49936,17.70357,50.05,70.0,-12.488850799649088,17.722457857198645
-0.095786,0.131238,331.537067,412.858651,50.05,70.0,331.53179250573396,412.86815533275626
-0.28622,-0.49985,20.031182,-3.979918,50.05,70.0,20.01383319636908,-3.9613082498660055
-0.971844,0.217473,-102.432105,-134.008,50.05,70.0,-102.41668048125348,-134.02793455127411
-0.934969,-0.01856,217.95713,-5.963503,50.05,70.0,217.9771223744869,-5.982310938139328
0.067085,-0.504561,293.711623,-8.564178,50.05,70.0,293.7299702826328,-8.566898550480648
-0.154102,0.008922,-448.786423,104.928832,50.05,70.0,-448.78638673703,104.94225614168518
-0.042374,-0.186478,52.42489,178.05522,50.05,70.0,52.406210505449984,178.05127530271216
-0.132157,0.830377,43.650875,-104.543232,50.05,70.0,43.6321501456137,-104.54495614576153
0.151237,-0.15385,129.575793,140.902585,50.05,70.0,129.59008665732225,140.9177407807696
0.238699,-0.181697,-94.877743,7.597361,50.05,70.0,-94.87206818104072,7.577361676388599
0.221113,0.248941,-188.06939,-9.635675,50.05,70.0,-188.05199707606187,-9.646299566966531
-0.050629,-0.918593,18.967481,141.318495,50.05,70.0,18.972736015696075,141.33511798075824
-0.796928,0.03266,-700.48388,311.054157,50.05,70.0,-700.4875082279443,311.03620417913277
0.91943,0.86611,121.483701,69.998887,50.05,70.0,121.46455420869351,69.98965720959711
0.713724,-0.433512,-17.491116,-3.058166,50.05,70.0,-17.499218823995932,-3.040701494407034
-0.035356,-0.230649,207.50165,547.199488,50.05,70.0,207.50812634353647,547.2136686041416
-0.519757,0.448319,-201.860749,-25.302639,50.05,70.0,-201.87576785921712,-25.31580100953518
0.893033,-0.786141,-10.360339,-7.519389,50.05,70.0,-10.358299216030439,-7.518697462185539
-0.67823,0.985595,-68.743355,-9.46973,50.05,70.0,-68.73889754807315,-9.475403426834143
0.899219,-0.833816,0.516466,-0.381507,50.05,70.0,0.49758925479388383,-0.3984599309779282
0.052904,-0.842518,11.903283,153.853034,50.05,70.0,11.911529964613944,153.83333546190806
-0.197832,-0.966526,258.900981,45.006003,50.05,70.0,258.8826079497473,45.025718970891994
-0.405265,0.710231,22.929388,5.638714,50.05,70.0,22.93100152219535,5.639137805397423
0.850593,-0.087947,-100.780943,-61.97704,50.05,70.0,-100.79905228854801,-61.970731473102184
-0.129038,-0.742888,61.249246,154.565585,50.05,70.0,61.24916864453109,154.56440461184874
0.278806,-0.113903,-144.926528,-0.253106,50.05,70.0,-144.94560333885244,-0.26261601825685565
-0.363081,-0.305427,-32.81173,-7.491828,50.05,70.0,-32.8069764944711,-7.476477587464202
0.691345,-0.569085,42.526385,-12.251328,50.05,70.0,42.54638480492395,-12.240461025825473
-0.605802,0.294077,21.528469,-20.117299,50.05,70.0,21.527358968982924,-20.103774864206375
0.545898,0.904204,116.81854,-42.15245,50.05,70.0,116.82398137466168,-42.13304016051658
0.953493,-0.640927,-49.961741,112.424218,50.05,70.0,-49.95729846851388,112.42525930975104
-0.052322,0.62501,70.54043,-312.669148,50.05,70.0,70.55882467352717,-312.6558550261171
0.540744,0.282951,-49.618723,27.124256,50.05,70.0,-49.62888187361408,27.10434095672929
-0.448839,0.3705,-38.049471,15.210504,50.05,70.0,-38.03729897928583,15.206903744117714
0.994766,-0.964462,0.293654,-0.031576,50.05,70.0,0.2905095014335703,-0.02952906397855734
0.29324,0.4924,-70.896479,-14.619022,50.05,70.0,-70.88160645947426,-14.636402432651899
-0.240453,0.70064,240.714583,223.249959,50.05,70.0,240.69792416261632,223.23112352102973
-0.336816,-0.869853,-13.800712,2.574372,50.05,70.0,-13.794696801235343,2.5942478543577336
0.372488,0.405192,154.221282,-125.69943,50.05,70.0,154.21772858014893,-125.70250943000305
0.065459,0.167057,-250.885867,-336.110346,50.05,70.0,-250.8898470443814,-336.12224060569457
-0.275025,-0.345699,-33.03991,262.581659,50.05,70.0,-33.045387777321395,262.5764027564515
-0.167129,-0.94016,-11.631314,1.144989,50.05,70.0,-11.641907889350811,1.1442470521138761
0.73641,0.839963,-1.211449,-0.001073,50.05,70.0,-1.2115562994852607,0.01841867775280426
-0.748524,-0.439828,-0.141519,-0.143971,50.05,70.0,-0.15470451306418698,-0.12877245316984764
-0.194905,0.225053,113.365548,-47.5738,50.05,70.0,113.38111510360962,-47.5692456301224
0.47297,-0.799436,26.232757,-19.308775,50.05,70.0,26.217790978648882,-19.294600491830725
-0.12162,-0.073537,135.074458,248.130064,50.05,70.0,135.0799616238851,248.11011316274622
0.058178,-0.20574,509.17204,848.834734,50.05,70.0,509.1743946263391,848.8425342604393
0.13108,-0.939328,-32.430247,65.625816,50.05,70.0,-32.41052641488317,65.63284675783747
0.716121,-0.153647,-286.375711,-255.141725,50.05,70.0,-286.38011476870406,-255.12627077680744
-0.342649,-0.897382,-61.056075,3.981003,50.05,70.0,-61.03867246867496,3.9639096638966915
-0.306888,0.130367,205.196901,202.514934,50.05,70.0,205.2135313682059,202.50989869935293
-0.92812,-0.918495,0.818426,-0.322466,50.05,70.0,0.7984432479804219,-0.33409091839210975
0.85597,0.287365,12.691893,2.393813,50.05,70.0,12.680644666918283,2.410001642458228
-0.258943,-0.060628,76.49375,210.258468,50.05,70.0,76.5119326703786,210.27232223954985
-0.976803,0.870804,77.120584,-50.261766,50.05,70.0,77.12095562435573,-50.275512792396285
-0.40059,-0.717905,-67.114332,-7.872289,50.05,70.0,-67.13424826857721,-7.8890318974858955
0.16397,-0.15083,-180.399926,-161.599086,50.05,70.0,-180.38853237399007,-161.6177859917903
0.997791,-0.126026,127.637727,-183.869433,50.05,70.0,127.61955865459885,-183.88748240299554
-0.120993,0.47705,165.104294,-243.045239,50.05,70.0,165.0934986324306,-243.0603093794144
-0.217307,-0.271784,57.020235,8.011975,50.05,70.0,57.03431237755185,7.997809666487843
0.118224,0.983617,-159.493504,-300.270241,50.05,70.0,-159.4870215611548,-300.25266079587107
-0.346055,-0.153331,153.095243,-154.157439,50.05,70.0,153.11303980445746,-154.1478785164829
0.962597,0.359991,-84.494328,33.168462,50.05,70.0,-84.48203250025016,33.16991216444818
0.361658,0.377993,104.876683,-56.937805,50.05,70.0,104.85807204077717,-56.95711958332558
0.93357,0.507223,-20.565594,6.246995,50.05,70.0,-20.569193313096555,6.233714205741936
0.895874,0.955259,-0.686418,0.556082,50.05,70.0,-0.6793503834320462,0.5369199692061309
-0.962912,0.343357,124.005153,103.687177,50.05,70.0,124.00369235840631,103.67868021903132
0.809461,0.608105,-0.086471,-0.088154,50.05,70.0,-0.0950037199501618,-0.06999437001459212
0.416648,0.609514,61.902704,-1.565477,50.05,70.0,61.88271107339241,-1.5668088860167422
0.095595,0.659826,-34.21394,-100.292074,50.05,70.0,-34.19533969325183,-100.2891426060656
-0.311523,0.228064,113.262714,7.818648,50.05,70.0,113.28240269453893,7.832191314543643
-0.920647,0.690912,-1.166027,0.121364,50.05,70.0,-1.1546218382546662,0.13934632273747144
0.165227,0.973198,-360.619738,-132.90368,50.05,70.0,-360.5997891775728,-132.88398718888203
0.537164,0.109425,29.250118,341.388452,50.05,70.0,29.23269588835957,341.3851367411187
-0.88832,0.003274,693.866497,-89.76081,50.05,70.0,693.8579113272333,-89.75024393557125
-0.980835,-0.900874,-0.722118,-0.835012,50.05,70.0,-0.7049364222508754,-0.852852438560519
-0.986313,-0.956132,0.748738,-0.825237,50.05,70.0,0.7653989328912294,-0.8417199909929044
0.294292,0.167988,-189.43228,34.896567,50.05,70.0,-189.4521253398235,34.89599137835261
-0.618217,-0.369763,0.663544,-17.191154,50.05,70.0,0.6816557973451284,-17.210844592660266
-0.607972,-0.178244,155.016519,-33.334205,50.05,70.0,155.0198358910069,-33.34678095208002
0.250198,-0.928604,-141.47407,13.757923,50.05,70.0,-141.48046419945243,13.740487700663689
0.947106,0.003561,-956.333594,52.417832,50.05,70.0,-956.3530497379113,52.437563801494164
-0.149101,0.057241,-20.358415,594.480187,50.05,70.0,-20.349638606420697,594.4862821963768
0.04903,0.041213,141.170272,-98.632007,50.05,70.0,141.16887291135023,-98.6426951951786
0.672584,0.125015,206.18837,911.907208,50.05,70.0,206.17068300132414,911.9247648300899
-0.871683,-0.374969,-107.007397,-72.548221,50.05,70.0,-106.98752420822358,-72.53685295749227
-0.103086,-0.563849,85.313596,-172.491013,50.05,70.0,85.29367318204453,-172.47557053725572
-0.606231,-0.920646,1.933629,-0.879048,50.05,70.0,1.9526315678892703,-0.8984586423258905
0.698974,-0.350851,-73.787681,-31.40073,50.05,70.0,-73.78616280824129,-31.404678524955894
-0.75332,0.9468,27.251042,-7.094595,50.05,70.0,27.266898809069744,-7.102458284426111
0.85968,0.639642,-188.815155,0.696765,50.05,70.0,-188.82186681628883,0.6962214150223327
0.459228,0.249823,116.428144,-17.023841,50.05,70.0,116.43398182020285,-17.03553835884714
0.774424,-0.25263,-20.683097,-33.976588,50.05,70.0,-20.687791520443295,-33.995930768437326
0.051008,-0.706845,-328.003169,-516.488028,50.05,70.0,-328.00418813342367,-516.468137061077
0.062295,0.991057,-48.528839,-257.775133,50.05,70.0,-48.543498390661526,-257.78988130632956
0.695721,0.983228,-30.46351,-7.04124,50.05,70.0,-30.451427286118577,-7.040246535023354
-0.894379,0.179329,22.47971,1.944767,50.05,70.0,22.473817615388413,1.9600794801318673
-0.010484,-0.20539,-18.835741,-140.37797,50.05,70.0,-18.816393336114714,-140.3580176940462
0.014115,-0.773207,-95.697669,777.531612,50.05,70.0,-95.71762951326176,777.5429795856361
0.703183,0.398619,-41.735916,16.597646,50.05,70.0,-41.71660879265339,16.602328752926045
-0.406889,-0.590775,-201.264011,0.490964,50.05,70.0,-201.25133010413046,0.5015943397960924
0.848853,0.664848,30.768313,-3.124398,50.05,70.0,30.76659565206851,-3.1443049978616036
0.104369,0.123226,-241.386833,366.663246,50.05,70.0,-241.4064464897806,366.6801635724119
-0.933393,0.45775,53.836683,29.325775,50.05,70.0,53.853787447001835,29.33668931656704
-0.594063,-0.412577,-246.786886,160.522909,50.05,70.0,-246.80684710247593,160.50776111072332
-0.18651,-0.672067,66.994565,93.558386,50.05,70.0,67.00057802427531,93.55072293997952
0.564524,-0.03752,-272.685413,-21.301431,50.05,70.0,-272.679369085746,-21.281436830327618
-0.591851,0.758059,61.124564,11.49009,50.05,70.0,61.140252670405125,11.477475863218732
0.699875,0.801219,-2.015051,1.318052,50.05,70.0,-2.0090055706613885,1.3021360997935667
0.087583,0.007518,1577.777302,703.058152,50.05,70.0,1577.7803188282098,703.039346484689
0.357287,0.928754,-91.619961,-20.753646,50.05,70.0,-91.61805046906781,-20.736837425004694
-0.425183,-0.055937,-73.42318,-1005.303205,50.05,70.0,-73.42253569662354,-1005.3212101085148
-0.125507,0.609369,421.267043,-236.619465,50.05,70.0,421.24786496788187,-236.61741541985168
-0.331049,0.053234,44.702704,966.642796,50.05,70.0,44.722544650823,966.6248788727031
0.702277,-0.83184,0.960246,-0.022781,50.05,70.0,0.957972822949397,-0.021006516011784753
-0.730279,0.2056,147.736488,224.131351,50.05,70.0,147.7520523490801,224.1129939966358
-0.488476,0.179086,127.220265,21.377661,50.05,70.0,127.22174673669257,21.379083544837297
-0.10643,-0.76989,133.517272,286.2681,50.05,70.0,133.49845080406948,286.2681415777267
0.457533,-0.23705,-74.562243,-15.450137,50.05,70.0,-74.58145487955674,-15.460290526543861
-0.096051,-0.329464,61.037643,126.860494,50.05,70.0,61.03174700353932,126.84251761056105
0.699125,0.201923,-198.103536,186.263187,50.05,70.0,-198.08381187638835,186.25100695254906
-0.283735,-0.731628,94.601603,64.968804,50.05,70.0,94.58256133580484,64.96486353676698
-0.47489,0.526072,-94.979589,33.894777,50.05,70.0,-94.9830143945216,33.87739537459676
-0.309212,-0.925439,63.721462,32.783834,50.05,70.0,63.73202383789936,32.77860847122528
0.152313,-0.06816,-504.712122,-498.138779,50.05,70.0,-504.72323391474777,-498.15180182472056
0.441034,0.466783,53.281582,59.130066,50.05,70.0,53.288263441322776,59.113875638670464
-0.783129,-0.056209,42.910651,-1.777103,50.05,70.0,42.900380926257654,-1.7650655823126558
-0.711556,0.8855,39.143657,-96.617472,50.05,70.0,39.156813218886924,-96.60566881892161
0.595883,-0.99917,25.046431,-8.035595,50.05,70.0,25.034125583068928,-8.017428639400926
0.953102,0.777911,74.096138,17.559651,50.05,70.0,74.09282653412211,17.579136823999114
0.34778,-0.868003,82.870116,64.139349,50.05,70.0,82.8751472499729,64.15820642474057
-0.52059,0.44408,-411.030153,-285.900716,50.05,70.0,-411.02857618579543,-285.88365683415077
-0.352785,0.740904,-140.485789,-14.705657,50.05,70.0,-140.4666772082423,-14.700072499803976
0.36981,-0.594944,-42.994427,-6.230728,50.05,70.0,-42.98924120873394,-6.226227634913973
0.775815,-0.870553,-0.785204,-0.490488,50.05,70.0,-0.7979216688248487,-0.5046438583826944
0.60994,-0.735044,40.782811,-24.735877,50.05,70.0,40.8011252020714,-24.755044920279275
0.11373,-0.544916,-427.442907,283.34114,50.05,70.0,-427.4398670929596,283.35307212711905
-0.401287,-0.427281,62.940099,69.754792,50.05,70.0,62.93895611389549,69.77193351660765
0.691467,-0.52,-315.617432,378.120246,50.05,70.0,-315.62933652952404,378.130923021665
0.354815,-0.631677,-68.74022,-3.149815,50.05,70.0,-68.73939799695941,-3.155788339452339
-0.593862,0.956769,248.201538,-347.418969,50.05,70.0,248.19744918345668,-347.4389072650256
0.409739,0.486402,142.01758,23.642114,50.05,70.0,141.99916537169267,23.66203667974771
0.950119,0.651393,409.007307,-324.204901,50.05,70.0,409.00805291201584,-324.2247045307519
-0.034627,0.029875,152.12085,-124.472447,50.05,70.0,152.11442802229328,-124.45358410158165
0.106864,0.055489,-198.069958,-62.686897,50.05,70.0,-198.05669857949016,-62.701556597178985
0.5956,0.253902,-47.867923,43.711265,50.05,70.0,-47.887459811969755,43.728009872984835
-0.661541,-0.51816,-21.402248,-4.273027,50.05,70.0,-21.41396637888605,-4.253414188027769
-0.716736,-0.18051,147.997159,-31.287546,50.05,70.0,148.0091334098122,-31.284740778733564
0.164126,0.473007,-76.819953,-103.660338,50.05,70.0,-76.82117419673831,-103.64677363851123
-0.169507,-0.908128,4.499533,1.014249,50.05,70.0,4.480807015879938,0.996760203783584
-0.912364,-0.110004,-191.319473,-285.862922,50.05,70.0,-191.32166950795377,-285.86257005780436
-0.836335,-0.281931,157.042278,-104.1345,50.05,70.0,157.05706198333414,-104.11484783010297
-0.412258,-0.820548,21.631407,-5.279408,50.05,70.0,21.612339076450944,-5.27488912853735
-0.944534,-0.78084,-39.038741,95.343975,50.05,70.0,-39.05311885819364,95.36227764509762
0.417831,0.478067,37.030654,42.913814,50.05,70.0,37.04681423472173,42.894215440907544
0.869145,-0.288088,-145.384663,-63.54653,50.05,70.0,-145.3762930202515,-63.5534890136553
0.101587,-0.634869,-1266.653733,1380.727297,50.05,70.0,-1266.67373121212,1380.7469662219928
-0.24101,-0.647332,152.97475,96.393727,50.05,70.0,152.95545254281723,96.39164953114896
0.29827,-0.97879,-88.009534,73.058697,50.05,70.0,-87.99426371939494,73.07819422659806
-0.518084,0.561482,-66.57614,-8.742093,50.05,70.0,-66.57077006477763,-8.722256926202814
0.834125,-0.863442,0.521093,-0.824683,50.05,70.0,0.5377232215790074,-0.8418768631671681
0.129853,0.441241,-100.384362,-172.964892,50.05,70.0,-100.36886496852419,-172.95002878617322
-0.055899,0.508445,-118.225794,-166.170425,50.05,70.0,-118.24569580916527,-166.15296572899564
-0.566716,-0.788741,6.140536,-1.260872,50.05,70.0,6.140112537789704,-1.245747166371819
-0.36878,-0.085958,-40.96158,-319.863237,50.05,70.0,-40.95671870086923,-319.87969411966344
-0.699829,-0.022276,-665.198899,-1659.152301,50.05,70.0,-665.2174266710678,-1659.16390006292
-0.394605,-0.121011,264.070287,59.994812,50.05,70.0,264.0503100724584,60.00751612961969
0.173043,0.328851,-274.212533,-44.380843,50.05,70.0,-274.230778981319,-44.37603984619879
0.99508,0.312499,173.894975,-132.750367,50.05,70.0,173.91033593014998,-132.76505125354467
0.173047,0.403311,71.886145,337.884622,50.05,70.0,71.87245762448644,337.89018050972027
0.445597,-0.858465,95.348756,-22.215634,50.05,70.0,95.36677910490802,-22.201391885274077
-0.229598,-0.849192,-218.080389,51.130741,50.05,70.0,-218.0989167232508,51.1114618217162
-0.376705,0.724013,52.468893,1.969547,50.05,70.0,52.46068382587603,1.9699765354775198
0.489319,-0.023187,-190.004511,-4.793991,50.05,70.0,-189.98615275600008,-4.787904633882571
0.291507,-0.637222,-61.563413,19.172577,50.05,70.0,-61.543432629720975,19.192542182343548
0.216682,-0.218884,116.417966,187.864531,50.05,70.0,116.41823696017723,187.85202357442634
-0.789433,-0.003226,1573.43027,-166.518305,50.05,70.0,1573.4316583185976,-166.50183615922558
-0.215678,-0.903644,111.930031,431.21804,50.05,70.0,111.94638771144898,431.23607787425163
0.45111,-0.186724,125.84427,-275.851179,50.05,70.0,125.84620138691095,-275.83879101837357
-0.27863,-0.942083,-29.932195,67.588391,50.05,70.0,-29.95170969309158,67.59682508327732
0.406696,-0.662944,135.488826,-18.748522,50.05,70.0,135.49850511739376,-18.740167986962852
-0.10582,-0.510287,549.468006,253.924109,50.05,70.0,549.4761084524738,253.92376392840828
-0.392914,0.291026,-348.181489,-195.120537,50.05,70.0,-348.20129840489005,-195.10266159938243
-0.720812,-0.692406,17.701058,-3.08414,50.05,70.0,17.695391425983924,-3.0669929842063377
0.734401,-0.916592,-141.928299,42.115015,50.05,70.0,-141.93006404495873,42.13374387159325
0.831337,0.285376,-124.195383,130.457879,50.05,70.0,-124.21373402064839,130.4676838143773
0.311785,0.166458,-11.540974,0.620113,50.05,70.0,-11.540153677110668,0.6281693688721284
-0.348235,-0.791289,88.146586,12.179602,50.05,70.0,88.12788961616442,12.191877570307904
0.801148,0.896144,4.177446,1.258799,50.05,70.0,4.177662189646076,1.2497969923032939
-0.516122,-0.463332,-135.384207,-11.864842,50.05,70.0,-135.39136560635953,-11.866683027032375
0.784571,0.287196,-360.168982,65.952867,50.05,70.0,-360.16692775668963,65.9377300417313
0.911292,0.084389,-277.812803,-185.062558,50.05,70.0,-277.83267374084505,-185.0448186752313
0.318062,-0.340096,-72.273075,-4.806544,50.05,70.0,-72.25525066021751,-4.826476437057649
0.014913,0.647012,-120.756514,689.784666,50.05,70.0,-120.7668892642641,689.8012089838959
0.336175,0.091221,-235.227929,28.795344,50.05,70.0,-235.23815234045932,28.802888605110333
-0.845074,0.832974,0.990747,0.956045,50.05,70.0,0.9707929996117141,0.9608251970133703
-0.200146,0.138234,177.06038,-28.814803,50.05,70.0,177.0688851625064,-28.79860985344492
-0.69557,-0.440644,-125.275396,74.900293,50.05,70.0,-125.28753058101412,74.8930466266298
0.101764,0.344113,-201.169704,239.264619,50.05,70.0,-201.1580230517704,239.2817847734093
-0.486557,0.428877,-67.864695,33.809466,50.05,70.0,-67.87596593997904,33.82945609820742
0.132584,0.345855,-399.723306,-119.498438,50.05,70.0,-399.7344263362896,-119.48153127766274
0.792845,-0.658069,-81.338632,-20.33548,50.05,70.0,-81.35685803840828,-20.33833201729593
-0.173235,0.444697,306.734938,68.161853,50.05,70.0,306.7549093437629,68.17860987432195
0.025607,0.371005,-148.091649,-620.800911,50.05,70.0,-148.09386470747182,-620.7894016596829
-0.524533,0.171997,218.493704,119.626052,50.05,70.0,218.5125380539798,119.63990379138602
0.754003,0.527253,1.007358,0.393011,50.05,70.0,1.0258236315866953,0.3993858220882776
-0.46539,0.188701,70.505476,88.647647,50.05,70.0,70.50007065031826,88.66333581049122
-0.508418,-0.989467,-29.550328,-5.164139,50.05,70.0,-29.563027154099437,-5.184045399193787
0.033631,-0.764609,-46.818297,-133.882016,50.05,70.0,-46.813332552121636,-133.88287238424044
-0.782361,0.864328,11.821167,58.709199,50.05,70.0,11.801538021126284,58.69251841536082
0.759814,0.200701,12.137619,-179.402919,50.05,70.0,12.157538247963364,-179.41376146348574
-0.818625,-0.632461,157.966195,78.419826,50.05,70.0,157.97748705215946,78.41430701078872
0.235892,0.64073,-77.304373,10.364845,50.05,70.0,-77.28437445291955,10.344957188417263
0.751128,0.2098,93.710072,-31.757576,50.05,70.0,93.69026063049651,-31.775558285024715
0.111933,-0.743196,-76.310856,207.907929,50.05,70.0,-76.30442201979878,207.904955516511
-0.902971,-0.23113,-127.054193,47.606967,50.05,70.0,-127.06747376307146,47.622652756417416
-0.602064,-0.888572,5.880713,-0.290077,50.05,70.0,5.860857813779396,-0.298624101365539
-0.234408,0.305321,115.224275,-40.358996,50.05,70.0,115.21089221123694,-40.36605789634415
-0.46984,-0.604044,-9.359677,0.324228,50.05,70.0,-9.339702339501756,0.30527821165250496
-0.170035,0.215345,129.72902,67.10594,50.05,70.0,129.74065232136,67.10781291105424
-0.703996,-0.065542,365.404524,-81.293481,50.05,70.0,365.42317889759676,-81.289772743845
0.43974,0.707207,286.071289,94.458735,50.05,70.0,286.0886848039461,94.44680699922618
0.019874,0.022545,-317.723061,-368.377234,50.05,70.0,-317.7388862998241,-368.3669475303326
0.913159,-0.537005,-0.221162,-2.271267,50.05,70.0,-0.2024494285296045,-2.2622987884000376
0.559727,-0.675185,-51.647552,35.823185,50.05,70.0,-51.648454568268725,35.8393789201364
0.16944,-0.226273,-286.62128,13.687721,50.05,70.0,-286.6338003144665,13.704873631406318
-0.963876,0.140973,53.984994,-49.173448,50.05,70.0,53.970330038920366,-49.15407967754128
-0.665687,-0.198063,205.401341,-164.11308,50.05,70.0,205.41279371630816,-164.13222131059635
-0.845963,-0.108394,283.336113,12.607326,50.05,70.0,283.340179975079,12.587641019801577
0.219283,-0.516,-188.66426,77.647638,50.05,70.0,-188.6836308180472,77.66093499123207
-0.414326,0.429809,-39.07955,9.384771,50.05,70.0,-39.07557593118476,9.401060118133067
-0.19461,-0.814969,95.842558,146.94286,50.05,70.0,95.83443236853012,146.94046753641535
0.809281,-0.415284,238.728726,221.378304,50.05,70.0,238.74608347274594,221.39804349183265
0.316786,0.228707,-73.630456,7.162833,50.05,70.0,-73.64947718439744,7.146169141797697
-0.119568,0.413875,57.534122,-39.096396,50.05,70.0,57.52118822118754,-39.0921313532877
0.003125,0.516464,-140.32648,1679.437958,50.05,70.0,-140.32081132043413,1679.4281324111473
0.208309,-0.945033,-134.792477,167.272637,50.05,70.0,-134.7795996972484,167.27082427502157
0.821982,-0.947353,2.672461,-9.116689,50.05,70.0,2.652470211442277,-9.102696651269298
-0.162697,-0.451501,-150.728478,-288.72336,50.05,70.0,-150.70850821563766,-288.7045038855166
-0.371194,-0.654037,39.205569,-8.551554,50.05,70.0,39.224381909269745,-8.545230482644177
-0.403122,0.722862,-146.132366,-160.118275,50.05,70.0,-146.14221237420105,-160.1230589260342
-0.857231,0.510656,4.821412,-82.005225,50.05,70.0,4.8014353086343196,-81.99485466978847
0.603201,-0.003832,-307.020785,-2.908495,50.05,70.0,-307.0391646194518,-2.916939777037765
-0.411183,-0.758712,-42.744045,-45.803755,50.05,70.0,-42.75028863535484,-45.7838394417527
0.330623,0.782617,67.380611,-136.788715,50.05,70.0,67.39656683142087,-136.8033127213248
-0.552014,0.298377,-77.34614,39.918236,50.05,70.0,-77.36603999044488,39.89921885588174
0.820618,0.124015,-269.605157,595.459524,50.05,70.0,-269.62121585070213,595.4403169731867
0.31474,-0.162144,98.626751,-52.064784,50.05,70.0,98.61844504211601,-52.084691350872184
0.848715,0.350137,-39.872369,44.09914,50.05,70.0,-39.861338117568216,44.09656142766987
0.751223,-0.195655,-10.40382,0.616521,50.05,70.0,-10.402640930976162,0.6128849101477456
-0.379111,0.285148,-86.036104,64.040972,50.05,70.0,-86.04081123322638,64.02144394980016
0.474907,-0.23418,272.226255,256.751905,50.05,70.0,272.2445255268971,256.7382848100377
0.142559,-0.018465,-335.234514,-43.384931,50.05,70.0,-335.231431102967,-43.38228102945849
-0.336993,0.155046,-133.261463,260.636336,50.05,70.0,-133.25051471578794,260.6555027498182
-0.139221,0.109224,355.726794,-38.443144,50.05,70.0,355.73773051340976,-38.425521194680066
-0.27839,-0.905039,90.059775,82.199809,50.05,70.0,90.07022179768705,82.18987711167424
-0.982197,0.207982,109.543132,340.437666,50.05,70.0,109.53259503366286,340.44711834079254
-0.44287,0.682718,132.92925,53.553046,50.05,70.0,132.91591477672037,53.55700769892529
0.448333,-0.87277,47.323788,-28.409264,50.05,70.0,47.336280489811365,-28.4200786112154
-0.649369,0.055431,-321.620803,7.189432,50.05,70.0,-321.6404757232885,7.207919337441957
-0.367857,-0.573969,-115.771284,144.331969,50.05,70.0,-115.78703058841712,144.34585468031565
-0.699124,-0.184,28.711888,-146.998663,50.05,70.0,28.714666304605856,-146.9870916015733
-0.49473,-0.932184,-780.220766,362.536833,50.05,70.0,-780.2204700883711,362.55140876418244
0.783692,-0.489098,109.53364,86.678672,50.05,70.0,109.53072192977913,86.6889498828295
-0.274251,0.65761,-246.595272,-75.908077,50.05,70.0,-246.606437847083,-75.90610507828143
0.447888,-0.343071,166.238478,-19.438692,50.05,70.0,166.23458477147966,-19.443468062428355
0.005697,-0.247025,-5.448221,173.105153,50.05,70.0,-5.468218113829951,173.09491203902851
0.246621,0.966852,-81.558261,-99.922943,50.05,70.0,-81.55623482047366,-99.90661607413502
-0.118311,-0.458356,-44.839823,30.198199,50.05,70.0,-44.835956545672985,30.18995696247821
0.41756,-0.068741,109.080286,-177.145047,50.05,70.0,109.08433567041476,-177.13846964089115
0.675745,-0.756071,136.856045,-12.553852,50.05,70.0,136.85729604415292,-12.537199585855308
0.720944,0.910884,-6.234364,-7.789601,50.05,70.0,-6.253336700515033,-7.770193926938139
-0.769899,0.312432,90.045144,19.165411,50.05,70.0,90.06514328105878,19.154236862750658
-0.947642,0.981275,-0.928001,0.976224,50.05,70.0,-0.9477169732477069,0.9747775842330592
0.29709,-0.805456,-91.54891,0.716265,50.05,70.0,-91.55742394579563,0.7282540819106846
0.698608,-0.490919,295.851707,-68.548345,50.05,70.0,295.8577724639758,-68.56651091136332
-0.883479,-0.630254,-122.575658,10.118294,50.05,70.0,-122.56925311049139,10.099006482721565
-0.680219,-0.437729,-4.191524,-9.360298,50.05,70.0,-4.197860872628688,-9.370533812047912
-0.904977,0.054797,160.710042,9.934001,50.05,70.0,160.69882391807488,9.949329887080847
0.964911,-0.737679,23.880175,-5.081881,50.05,70.0,23.874712043684347,-5.061885142776724
-0.174802,0.10729,-41.431544,169.25705,50.05,70.0,-41.45016168673848,169.27669985709042
-0.780582,0.762279,-0.870848,0.817644,50.05,70.0,-0.8870769813347394,0.8106331746521594
-0.369584,0.405916,-525.222249,-189.616923,50.05,70.0,-525.2097297304274,-189.5975962981027
0.234743,-0.673857,-119.282609,-3.667848,50.05,70.0,-119.2728399411739,-3.6501971953358012
0.485299,0.41363,28.737197,43.859295,50.05,70.0,28.725657653927666,43.872832651895216
-0.127539,0.450335,1.961019,1.449255,50.05,70.0,1.977438193119683,1.430684060148672
0.786519,-0.980861,6.395247,-3.061345,50.05,70.0,6.387435828724478,-3.0444031756233154
0.667283,-0.978387,230.851872,-104.219584,50.05,70.0,230.859779213699,-104.2250330336688
0.2534,0.897313,-284.297147,-144.260213,50.05,70.0,-284.278073373082,-144.258516227081
-0.862637,-0.3482,61.266704,-62.998364,50.05,70.0,61.251910939468075,-62.99779934953851
-0.197597,0.994681,245.87702,-152.995775,50.05,70.0,245.8970199886822,-153.0062018579933
-0.395325,-0.234415,66.060131,-32.108047,50.05,70.0,66.06640352694556,-32.12619764123879
0.193764,0.590528,-234.262564,-27.679903,50.05,70.0,-234.26593657324645,-27.697442750021626
0.997693,0.230984,58.035192,-102.75687,50.05,70.0,58.05501283905563,-102.74868995412766
0.151142,0.251762,-143.166196,-121.453394,50.05,70.0,-143.15004970090163,-121.43540375955125
-0.639501,-0.097934,11.113052,0.292949,50.05,70.0,11.132939636531672,0.30403278356763197
0.016238,0.907335,-1387.631524,-953.53427,50.05,70.0,-1387.6124440494732,-953.5332753014709
-0.416068,-0.847808,22.219135,-5.497427,50.05,70.0,22.204967421307536,-5.505780123541579
0.882952,-0.231137,-85.222416,-222.743807,50.05,70.0,-85.24241002750225,-222.73553735159982
-0.717331,-0.177116,158.854471,-34.928731,50.05,70.0,158.87366275504462,-34.94577535787138
-0.789593,-0.693822,-27.816817,-5.551485,50.05,70.0,-27.82670090474102,-5.538345669228024
0.934287,0.56506,17.809005,-16.020968,50.05,70.0,17.829004666764135,-16.01154903076609
0.956857,-0.104205,-202.927682,-29.990216,50.05,70.0,-202.9127177020362,-30.010123877954417
0.618539,-0.222513,-170.76659,-111.812769,50.05,70.0,-170.76380612209212,-111.79722071242304
0.221143,0.742879,-205.170661,-89.014459,50.05,70.0,-205.15347538552012,-89.01691882787175
-0.437744,0.844501,20.470621,5.296719,50.05,70.0,20.490139199676182,5.291744885607298
-0.469802,0.038548,-662.091113,923.965142,50.05,70.0,-662.0712421669534,923.9793167137054
-0.128402,-0.054071,-44.88413,6.100123,50.05,70.0,-44.899985050401305,6.096086425118395
-0.776265,-0.678747,0.231116,-23.584634,50.05,70.0,0.25098743917607896,-23.57656624229739
0.302692,-0.647535,-877.896623,114.734293,50.05,70.0,-877.8777073810285,114.71871865741795
0.886317,0.333243,-28.402722,5.542363,50.05,70.0,-28.39205562707104,5.526344293245378
0.808073,-0.71543,32.458468,-13.551639,50.05,70.0,32.47801198489036,-13.542044902319
-0.239628,0.565523,0.044395,-0.417224,50.05,70.0,0.02699233487240372,-0.39771470914398316
0.747147,-0.705266,2.526456,-0.038479,50.05,70.0,2.5226317949755646,-0.018522424747811312
0.600198,-0.467698,98.865294,66.870608,50.05,70.0,98.88478281839863,66.86147238564487
-0.59841,0.527358,-67.152161,-0.119211,50.05,70.0,-67.16338864278147,-0.1377121533570184
-0.69721,-0.004975,-624.458643,-40.433381,50.05,70.0,-624.4765120607797,-40.4153710373716
0.379604,0.000238,444.69615,1.871358,50.05,70.0,444.6975087119074,1.8857600160687777
0.004511,-0.191479,-5.53356,184.675506,50.05,70.0,-5.538521839503975,184.65907342567402
-0.180398,0.054351,183.30535,-15.600143,50.05,70.0,183.29508270009103,-15.586473807406911
-0.520401,-0.372091,-11.584788,-63.068166,50.05,70.0,-11.603292017820127,-63.06428038666029
0.271734,-0.969185,-773.370325,874.515817,50.05,70.0,-773.380225937788,874.4977987736208
0.912678,-0.620627,-156.858075,395.505925,50.05,70.0,-156.87796910565874,395.5148578271433
-0.875513,-0.74432,86.218285,-336.194581,50.05,70.0,86.22266589485477,-336.20996470096975
0.20768,0.477221,-147.426573,10.945812,50.05,70.0,-147.44595711584498,10.937485716104584
0.661342,-0.831776,-9.211041,-0.319951,50.05,70.0,-9.231032614538494,-0.3295765500835891
0.334201,0.92324,37.798558,-83.212233,50.05,70.0,37.77895611871677,-83.1946548634424
0.902606,0.100829,-69.557393,6.363861,50.05,70.0,-69.54954244229039,6.351901427477998
0.631065,0.306961,210.898145,197.881958,50.05,70.0,210.90195940634814,197.89130674719752
-0.910126,-0.489179,30.489028,-15.10131,50.05,70.0,30.486865708454058,-15.102866350956507
0.3667,-0.879301,-24.59035,-4.447419,50.05,70.0,-24.585480512437734,-4.465601344359836
-0.416311,-0.93848,44.851255,-3.843401,50.05,70.0,44.844070280718284,-3.850588531132565
0.974921,-0.509731,132.116095,92.159671,50.05,70.0,132.13309267946707,92.17293039388309
0.949016,0.108768,-492.847611,349.248755,50.05,70.0,-492.856877443955,349.2554507883267
0.060815,0.120264,-34.09871,-29.065378,50.05,70.0,-34.11324567715587,-29.052141514609403
-0.718196,-0.72175,23.262672,-5.696737,50.05,70.0,23.266828504580946,-5.716681624618407
-0.456608,-0.203064,18.277815,-7.774738,50.05,70.0,18.259364457641958,-7.793943066072728
-0.891981,0.472312,37.331895,17.947854,50.05,70.0,37.35148076985271,17.942610258071717
0.139556,-0.477603,-91.632334,156.578361,50.05,70.0,-91.64420132182136,156.5958075122389
0.924604,-0.17327,36.217233,17.914503,50.05,70.0,36.23721921939236,17.923104708865814
-0.142374,-0.886958,664.50898,359.38995,50.05,70.0,664.5081552768411,359.39606391032555
0.904576,-0.788229,0.244648,-0.01143,50.05,70.0,0.2435056220947357,-0.004617974680023373
0.235984,0.187518,-74.284415,-2.739438,50.05,70.0,-74.30251022969304,-2.7243248887219758
-0.383499,0.534468,-77.168412,2.276923,50.05,70.0,-77.18691746688509,2.2601265091017604
0.806706,0.308071,107.197141,-1.155357,50.05,70.0,107.20684164957369,-1.162105075209904
-0.247303,-0.427271,149.378386,42.329189,50.05,70.0,149.3600560354065,42.34302060789848
0.862848,-0.105516,-282.123143,-68.95175,50.05,70.0,-282.1085687241623,-68.97173350767231
0.60016,0.888912,-176.531869,-76.359827,50.05,70.0,-176.51196037669175,-76.3796628964589
-0.056897,-0.274969,547.877919,597.575733,50.05,70.0,547.8734753678519,597.5956703080741
0.592745,0.265971,-97.702946,69.91069,50.05,70.0,-97.71779426594067,69.91063144741939
0.182814,0.556429,-123.388013,22.065548,50.05,70.0,-123.39528253366451,22.0730200816862
-0.106134,0.20959,308.326413,-223.731062,50.05,70.0,308.321497380064,-223.7436513608406
0.586013,-0.884435,-22.903609,-6.833442,50.05,70.0,-22.911218487382087,-6.830451519747246
-0.701516,-0.371264,-125.606071,-408.751057,50.05,70.0,-125.62584861640805,-408.73188172123577
0.167672,0.056722,-415.140106,44.356018,50.05,70.0,-415.1209863600664,44.343464199385686
-0.680816,-0.469193,773.42861,326.12246,50.05,70.0,773.4261023614571,326.10270757073954
0.271995,-0.578138,-61.30849,21.296497,50.05,70.0,-61.31500235897921,21.301195983420566
-0.758982,-0.209767,40.848556,-142.023117,50.05,70.0,40.84624824618211,-142.04310159045306
0.450204,0.576368,36.236722,33.182782,50.05,70.0,36.247857539110576,33.193099563032845
-0.989157,-0.764494,-22.298292,-78.828123,50.05,70.0,-22.27845885677026,-78.82882444016852
-0.858342,-0.148911,153.78088,-26.447142,50.05,70.0,153.77518360184334,-26.461278449822235
-0.738988,-0.168167,6.154421,-191.825725,50.05,70.0,6.170605898226772,-191.80972884594658
-0.386514,-0.144012,-1.25287,1.166477,50.05,70.0,-1.2615837205803855,1.1864734524169174
-0.409747,-0.615004,-105.050624,43.704514,50.05,70.0,-105.07029410549285,43.68808841688044
-0.379054,-0.758048,-26.3554,-26.104656,50.05,70.0,-26.33561624307429,-26.08494393748567
-0.504341,-0.46112,-161.185763,-0.600911,50.05,70.0,-161.18849518287706,-0.6031125168172881
-0.044213,0.907378,1106.959897,-1060.738618,50.05,70.0,1106.9472483303048,-1060.7231520478613
0.299372,-0.452443,5.811704,-1.503246,50.05,70.0,5.79283395833875,-1.5174052661465
-0.212125,0.812023,87.087352,-121.101822,50.05,70.0,87.0727526808381,-121.10823048803903
-0.33309,-0.242057,-198.101978,24.927816,50.05,70.0,-198.11906840122606,24.915512747728002
-0.253047,-0.954594,150.014334,22.035422,50.05,70.0,150.009942728162,22.021049512364772
0.13593,0.581449,-117.295917,-205.108878,50.05,70.0,-117.31557347205104,-205.11971362861397
0.415769,-0.175969,-1734.566545,522.718132,50.05,70.0,-1734.5708007670903,522.7091420135795
0.484688,0.152399,-145.327074,236.00131,50.05,70.0,-145.34593901974299,235.98931274902117
-0.636951,0.756352,59.036067,220.660854,50.05,70.0,59.0246876695107,220.68068685587926
0.012053,0.566495,-7.595356,-189.95579,50.05,70.0,-7.612376862145582,-189.93655605514263
-0.911504,0.354848,-90.439607,34.357086,50.05,70.0,-90.42275421447037,34.3767211307125
-0.065533,0.586656,350.001131,-549.684522,50.05,70.0,349.99205612665384,-549.704330354277
-0.065434,0.242982,37.593001,-82.59263,50.05,70.0,37.612757250011526,-82.57537946472671
-0.197179,0.01974,-902.608959,373.487398,50.05,70.0,-902.5895314922616,373.48446960342335
-0.235159,-0.318738,-0.763354,0.704748,50.05,70.0,-0.770812275547544,0.6891360776888029
0.97328,-0.07843,28.44162,-7.16621,50.05,70.0,28.46074282023194,-7.179612330119531
-0.17123,0.137123,70.030055,83.664903,50.05,70.0,70.0205950103199,83.66216550307925
0.62511,0.21579,-175.876722,73.167251,50.05,70.0,-175.85697519427274,73.18656675156883
0.789596,0.73585,1.881081,-65.119599,50.05,70.0,1.899149063438425,-65.13959524700128
-0.576365,-0.964479,-2.601643,-1.124334,50.05,70.0,-2.5893567354298055,-1.106254709436814
-0.005649,-0.93573,75.944062,1150.945727,50.05,70.0,75.93165629404557,1150.9274037782916
-0.807708,0.852102,-197.582159,37.299225,50.05,70.0,-197.600349654615,37.301621121615426
-0.717613,-0.921179,5.811323,16.915026,50.05,70.0,5.816229824254459,16.900839851466795
-0.261405,0.561655,31.941998,366.994216,50.05,70.0,31.947543760676776,366.9767731843925
-0.26428,0.245361,-49.675401,-291.745461,50.05,70.0,-49.692529592987945,-291.7650965935655
-0.219364,-0.856949,218.148343,81.559267,50.05,70.0,218.136874015231,81.5428633250848
-0.733697,0.750939,0.592372,1.718035,50.05,70.0,0.6071925993886945,1.6983571695891668
-0.963433,-0.410421,80.617529,-40.414812,50.05,70.0,80.60056974247307,-40.40340370068941
0.056498,-0.43356,179.151193,-10.372551,50.05,70.0,179.13120000949053,-10.390956146733146
-0.838608,-0.479997,119.81059,-58.470883,50.05,70.0,119.81429444883752,-58.48183594094721
0.683605,-0.649321,-76.557639,-20.547956,50.05,70.0,-76.57370454742724,-20.53027284994908
0.860389,0.556729,-34.774483,20.541683,50.05,70.0,-34.75805179243396,20.532341545865712
0.944629,0.384244,-101.267669,60.048065,50.05,70.0,-101.28719465853655,60.03093068097533
-0.008098,-0.104498,203.579613,1201.94583,50.05,70.0,203.58235625097467,1201.965825140272
-0.299317,-0.622449,111.410002,18.012205,50.05,70.0,111.42730211623373,18.00119962587879
0.504835,0.759482,188.728868,-1.422615,50.05,70.0,188.71411086154043,-1.4147483693439014
0.613284,-0.539412,77.863057,44.302821,50.05,70.0,77.88304687387101,44.3222372341734
0.104707,-0.183591,29.882023,205.512577,50.05,70.0,29.87684105773691,205.51624539217113
0.389062,0.970906,-73.407063,-5.955236,50.05,70.0,-73.38711052248152,-5.972481764153365
0.023303,-0.344463,-11.248396,92.194209,50.05,70.0,-11.23346215807842,92.21327577540146
0.608156,-0.724627,-22.248599,-64.279994,50.05,70.0,-22.26495432675218,-64.28558920161518
-0.801296,0.622757,-0.179157,1.841247,50.05,70.0,-0.1748208505786291,1.8537451231919027
0.6696,-0.0247,-765.54275,-149.03307,50.05,70.0,-765.5313272473772,-149.02683758194166
0.867907,0.908734,8.988073,2.827944,50.05,70.0,9.00807293481894,2.839446034315071
-0.914623,-0.074532,-221.952207,108.350341,50.05,70.0,-221.9325056398146,108.33610625811201
-0.652874,-0.84789,18.866258,57.886596,50.05,70.0,18.87416512871385,57.906526300664744
-0.487399,0.291386,-70.520002,3.266469,50.05,70.0,-70.5316939153728,3.2812163319782894
-0.675615,0.936685,37.526527,14.281628,50.05,70.0,37.54153267314235,14.29463237173865
0.863739,0.866407,-0.702417,0.878496,50.05,70.0,-0.7214022809175547,0.8598530161489395
-0.295744,-0.573676,-52.40081,-11.615445,50.05,70.0,-52.420792161244044,-11.6217161388405
0.231973,0.777873,-93.523743,-108.397565,50.05,70.0,-93.5437032068754,-108.41531789944472
-0.294217,-0.912764,-107.467257,120.102146,50.05,70.0,-107.47625285298477,120.08229941775623
-0.82517,-0.626242,87.497532,-11.492501,50.05,70.0,87.48169493983302,-11.506344743470873
0.75073,-0.481151,-4.746127,-8.950855,50.05,70.0,-4.760078075910665,-8.947497176301818
-0.700058,0.132331,98.375504,13.052747,50.05,70.0,98.38853628737826,13.048416185704635
0.091645,0.271193,-233.257741,-287.093182,50.05,70.0,-233.2625325895405,-287.1077085781268
-0.065476,-0.460045,28.858708,104.053947,50.05,70.0,28.839827373467877,104.07346616130516
0.026388,-0.495142,-21.869053,221.84946,50.05,70.0,-21.87429298587087,221.83307251670277
0.14079,0.26586,-68.389846,-60.150646,50.05,70.0,-68.37495761384751,-60.168345376761735
0.307491,-0.002215,-155.725213,-0.083584,50.05,70.0,-155.73333020694733,-0.06592712269629879
0.768983,0.299579,-82.07457,25.997288,50.05,70.0,-82.09307080245438,25.989591675502147
-0.968347,0.991174,1.079547,0.859477,50.05,70.0,1.061244705687273,0.8721358187563394
0.655726,0.780739,13.394252,1.540108,50.05,70.0,13.41401701823367,1.529265195234438
-0.119909,0.683768,64.310493,-167.225772,50.05,70.0,64.3015207160263,-167.21687902644214
0.085385,-0.942603,-29.761304,128.683415,50.05,70.0,-29.749856177272306,128.67527566267032
-0.320379,-0.608974,38.88972,-8.178329,50.05,70.0,38.89073836949952,-8.159409089957633
0.977875,-0.851293,-0.281837,-0.003339,50.05,70.0,-0.28217088448927985,-0.00012082510249085323
0.319389,-0.03222,781.178684,1024.331407,50.05,70.0,781.1938540181823,1024.3188771529767
0.486272,0.76592,104.631092,39.116896,50.05,70.0,104.64551880431333,39.115292060752466
0.822403,0.120845,-384.702868,489.638431,50.05,70.0,-384.7184280215481,489.6514852655464
-0.966243,0.360712,-94.866143,109.718005,50.05,70.0,-94.8475853787096,109.69802977108013
0.48785,-0.709982,140.934797,13.024834,50.05,70.0,140.94981304398186,13.036349729126776
-0.669011,-0.061075,402.698797,-97.612773,50.05,70.0,402.7167728193108,-97.63206483124033
-0.480945,0.756474,-8.010647,4.024588,50.05,70.0,-7.991525039550091,4.010475187769197
0.05954,0.693403,-24.769937,-134.446298,50.05,70.0,-24.7685513535634,-134.45111467544058
0.019257,-0.349539,880.981733,-256.847157,50.05,70.0,880.9692255264,-256.8287029591124
-0.697485,-0.624772,32.44605,-27.622374,50.05,70.0,32.44840863339141,-27.613887282295565
-0.535208,0.757021,-0.827825,2.38356,50.05,70.0,-0.8399059575426363,2.372712457647546
-0.747262,0.767018,-12.763347,-58.608001,50.05,70.0,-12.748036097087033,-58.59694177006947
-0.722659,0.276024,58.023472,-51.463154,50.05,70.0,58.02928349775441,-51.453919117984206
-0.858662,0.469694,30.69307,14.184313,50.05,70.0,30.71251688076247,14.166506064239432
0.140961,-0.876498,-149.029669,249.005759,50.05,70.0,-149.01330694389492,248.9891500527624
0.700076,0.169078,-374.605126,-542.279344,50.05,70.0,-374.6011083255,-542.2632592913775
-0.308348,-0.399024,59.529784,-1.420782,50.05,70.0,59.51515119922994,-1.4346819185354582
-0.400643,0.391892,-122.103606,-37.885171,50.05,70.0,-122.11964193471815,-37.87520319271896
0.529796,0.277402,-184.076611,-87.525194,50.05,70.0,-184.06040585228652,-87.5450867818706
0.297186,0.797322,-14.279234,-104.388088,50.05,70.0,-14.287681419943658,-104.40112976017474
0.585318,-0.565777,-21.093848,-32.406499,50.05,70.0,-21.07442349296299,-32.4020195991178
0.994338,-0.16217,-131.431592,-527.276338,50.05,70.0,-131.42054044941762,-527.2932287503611
0.409468,-0.076685,-152.333391,34.783845,50.05,70.0,-152.3514931208051,34.78721412831311
-0.84188,0.524341,-1.359544,1.400703,50.05,70.0,-1.3463513499783692,1.4181134361615475
0.592457,-0.580226,14.562748,-1.528463,50.05,70.0,14.54319435739578,-1.545438744895292
0.142867,-0.837549,-246.754444,583.353937,50.05,70.0,-246.73483907603892,583.3410970080704
-0.688923,-0.722557,-377.802724,-53.051614,50.05,70.0,-377.8222990528055,-53.06378704935798
-0.00759,0.43058,-16.139948,133.03573,50.05,70.0,-16.15482740628291,133.0468427135406
0.761694,-0.215908,-174.259158,-204.980492,50.05,70.0,-174.27269175997515,-204.99001324190223
-0.759195,0.201311,5.391935,-354.800374,50.05,70.0,5.375127450661494,-354.80544091817
-0.570229,0.154979,254.838389,175.32536,50.05,70.0,254.83594612244386,175.33081257003235
0.737147,-0.77102,116.773155,-51.306982,50.05,70.0,116.79075334106577,-51.28915478969123
-0.534498,0.695521,279.875755,-79.750284,50.05,70.0,279.8711789571432,-79.75427212910742
-0.374473,0.237601,156.24448,-43.706023,50.05,70.0,156.26412225116547,-43.7162477760637
-0.63842,0.075318,166.879803,14.130639,50.05,70.0,166.89979234744186,14.136667093056788
-0.136653,-0.73184,372.511158,236.976761,50.05,70.0,372.5015103141934,236.95840786625152
-0.042634,-0.553107,832.315372,999.464939,50.05,70.0,832.331631194338,999.4547010820293
-0.062598,-0.091878,367.264053,315.65097,50.05,70.0,367.282509401204,315.6497835175107
-0.186068,0.759242,98.043086,-151.810315,50.05,70.0,98.06182534399048,-151.79047601264006
0.588198,-0.160778,-122.119194,198.98618,50.05,70.0,-122.10287961884613,198.99476750904475
-0.201287,0.970861,169.760527,-180.097099,50.05,70.0,169.74225870080753,-180.0802892990534
-0.735604,0.699296,-1.161795,-0.016565,50.05,70.0,-1.1634496067231912,0.0012280720237170424
-0.928727,0.889381,-0.113176,-0.104306,50.05,70.0,-0.12314014638194745,-0.08742365784917219
-0.174773,0.588377,76.029532,258.598353,50.05,70.0,76.01004233028367,258.57835523465917
0.847255,-0.178565,-203.034108,-60.485335,50.05,70.0,-203.0489175459024,-60.50346300994349
0.854026,-0.392,32.901686,-3.508056,50.05,70.0,32.921005959893876,-3.4998062261711245
-0.344073,-0.841298,-174.535338,192.082966,50.05,70.0,-174.5511589818617,192.09844086204248
0.299444,0.763696,49.882802,-165.694086,50.05,70.0,49.89859244975692,-165.7008048547663
-0.555226,0.323039,50.168222,0.29842,50.05,70.0,50.18816010083709,0.3161013412385168
-0.68909,0.458964,-59.299453,-132.217046,50.05,70.0,-59.318970846061255,-132.20956743801045
-0.185083,-0.691681,261.34435,128.538731,50.05,70.0,261.3637864298704,128.55840502504748
0.924285,0.449952,106.066722,-6.267144,50.05,70.0,106.06832441135197,-6.283700819190634
0.344869,0.211852,-32.652745,276.410489,50.05,70.0,-32.65766056676804,276.4303908861245
0.594744,-0.142469,-282.14281,164.386229,50.05,70.0,-282.16119467828395,164.3664217565387
-0.476697,0.159822,30.32451,72.639832,50.05,70.0,30.305689901707353,72.65338693241146
0.125095,0.469287,-462.012212,-149.147719,50.05,70.0,-461.9937112363199,-149.15868511110972
-0.690348,-0.687181,107.796723,-17.94645,50.05,70.0,107.77710928620635,-17.942467304976887
0.549755,-0.267773,-60.230165,-40.517473,50.05,70.0,-60.25014442718275,-40.49939563719947
-0.453661,-0.676484,-1.273383,-1.764091,50.05,70.0,-1.284747101595178,-1.7441610656663564
0.329737,-0.107144,-227.087747,-31.628112,50.05,70.0,-227.1052031689662,-31.633002102086163
-0.77241,0.105637,137.953021,15.432886,50.05,70.0,137.97264036290662,15.436575104295777
-0.559168,0.061631,341.527657,67.757898,50.05,70.0,341.518024349368,67.76153126878846
-0.164759,0.890973,176.792815,39.503912,50.05,70.0,176.8006176810255,39.4962295543431
0.578496,0.786476,109.00203,18.511791,50.05,70.0,108.98216914510624,18.51066808285458
0.300381,0.499895,-65.639219,-235.591548,50.05,70.0,-65.64200006071778,-235.58954461948
-0.259967,0.742585,72.196289,-55.617655,50.05,70.0,72.17632185273847,-55.636751594093695
0.619763,0.363609,-22.667577,4.361147,50.05,70.0,-22.663889939284577,4.380571144351635
-0.831664,0.224536,178.348988,64.523108,50.05,70.0,178.36546877434233,64.54096309327149
-0.228638,-0.721503,76.354418,81.659855,50.05,70.0,76.35226677051031,81.66122557675261
-0.298207,0.032986,287.585811,15.680837,50.05,70.0,287.5885153175907,15.692947350208579
0.395071,-0.035793,-333.885563,-34.288742,50.05,70.0,-333.90505032221523,-34.29519788666064
0.421345,-0.455213,153.369272,111.098369,50.05,70.0,153.38006556175225,111.1174889650068
-0.765373,0.374473,-7.97761,1.130209,50.05,70.0,-7.9894274566857755,1.1186185633223564
-0.224468,-0.641172,-197.597721,281.640229,50.05,70.0,-197.58383227415595,281.6410744390887
-0.169587,-0.248425,77.938571,44.115909,50.05,70.0,77.95096027231219,44.135726040217484
0.715265,-0.543851,118.654287,29.796287,50.05,70.0,118.63488045640088,29.7786363584769
-0.506027,-0.802407,2.54944,0.114624,50.05,70.0,2.560285122980398,0.13429789739728432
-0.048753,0.600747,19.781568,-116.355799,50.05,70.0,19.792601215215523,-116.35684509419235
0.757244,0.992475,35.777249,13.91486,50.05,70.0,35.786114727193585,13.895199571014247
0.520629,0.213288,23.608154,75.603798,50.05,70.0,23.625278025837357,75.60837790715212
0.737762,-0.427471,169.365078,-93.399111,50.05,70.0,169.34723800075628,-93.39580287625414
-0.51063,-0.153717,-378.9987,40.144387,50.05,70.0,-379.00536964435713,40.12802998006816
0.482081,0.336048,19.180547,4.839192,50.05,70.0,19.164433889448375,4.837510804911177
-0.046912,-0.442644,1588.539638,-195.418982,50.05,70.0,1588.540829189288,-195.4043749945194
0.481372,0.418413,-21.638044,-134.949446,50.05,70.0,-21.650854635177716,-134.9455760348179
0.260042,0.530562,-93.011909,7.625809,50.05,70.0,-93.0035727991314,7.645701285425759
-0.841615,0.976574,-1.078192,0.853327,50.05,70.0,-1.0962377170413553,0.8658806249248204
-0.716776,-0.846957,-1.097457,-0.550057,50.05,70.0,-1.1050849510075555,-0.536064164284197
-0.804685,-0.342599,100.712504,-64.836125,50.05,70.0,100.72374035837925,-64.82381372823721
-0.062841,-0.169463,207.818294,319.314061,50.05,70.0,207.83025774315468,319.2997823555717
-0.162917,-0.147253,83.596178,-88.747061,50.05,70.0,83.61011133814476,-88.76683920125122
-0.882435,0.911927,-1.017264,0.682015,50.05,70.0,-1.0225693691942437,0.6893205525121316
0.748881,0.443546,3.372276,25.339887,50.05,70.0,3.389480684562893,25.33177967214417
0.673719,-0.803923,-351.277304,-384.610457,50.05,70.0,-351.28504778322787,-384.62990155988933
0.464331,0.005996,1331.22441,-598.166449,50.05,70.0,1331.2236893803627,-598.1786799244172
0.778881,0.65726,-28.162089,6.335236,50.05,70.0,-28.156942490224008,6.31830391828861
0.570238,-0.011193,-174.905206,-2.132951,50.05,70.0,-174.88629046916745,-2.12502425319949
-0.124903,0.751999,-87.774357,86.187174,50.05,70.0,-87.78459983367203,86.19878835121318
0.854721,-0.695836,-19.447651,23.172706,50.05,70.0,-19.440318139756176,23.15293393001194
-0.907356,0.066088,64.178679,3.701742,50.05,70.0,64.17199331061592,3.719742718964919
0.740998,-0.04175,-357.464301,-45.677928,50.05,70.0,-357.4805299388546,-45.69733212880295
0.314538,0.432008,-86.206164,-1.932889,50.05,70.0,-86.20141641608365,-1.9490185471802441
0.760222,-0.951555,28.097075,-1.80146,50.05,70.0,28.088965873748887,-1.814105744134774
-0.778587,0.289037,97.548748,401.233653,50.05,70.0,97.56806881140953,401.21967415199936
-0.16198,-0.402758,29.986173,124.565534,50.05,70.0,30.00041275005811,124.57849793529819
0.842879,0.273114,-158.515699,74.60111,50.05,70.0,-158.50075318177505,74.6135868563557
0.226875,-0.918538,-83.980893,114.554201,50.05,70.0,-83.96405125027273,114.56382189030664
0.123876,-0.020414,-117.002362,7.250883,50.05,70.0,-117.02220319979403,7.266489932209029
0.908008,0.888731,0.61939,0.624606,50.05,70.0,0.6197612317515876,0.6046259263554856
0.910275,0.990596,0.672394,0.653259,50.05,70.0,0.6699064120666158,0.6337426993662296
0.95192,0.918749,-1.088709,0.965164,50.05,70.0,-1.108580471936484,0.9785186125088349
-0.580424,0.806298,-47.241989,16.038302,50.05,70.0,-47.26192359189734,16.02168870734918
-0.553542,0.627698,-43.246475,8.904047,50.05,70.0,-43.23622767648886,8.886867358526324
-0.281399,0.532687,101.544917,-43.294524,50.05,70.0,101.53905871996253,-43.28752774073837
0.874428,0.512731,-71.811044,-44.704717,50.05,70.0,-71.80197724217211,-44.69249991903632
-0.537462,0.879883,-0.875992,-1.436566,50.05,70.0,-0.8916541199540531,-1.4430927997702625
0.187142,-0.709913,115.35355,-102.857598,50.05,70.0,115.36962063981463,-102.8519652921699
0.489574,0.266931,14.934053,5.116748,50.05,70.0,14.94277029315439,5.131678682781239
0.308531,-0.512597,-96.856916,5.857373,50.05,70.0,-96.8738795066525,5.875119254359278
0.790298,0.53551,-5.153536,39.590596,50.05,70.0,-5.154188740540738,39.60669816028926
0.316063,0.067688,-90.38379,-291.693779,50.05,70.0,-90.39771132250509,-291.67595118729446
-0.37475,-0.427228,30.782755,-7.09016,50.05,70.0,30.798337650866582,-7.1101541123740715
-0.421665,-0.920924,-1567.125692,108.594958,50.05,70.0,-1567.115741572358,108.61254422802362
0.038715,0.683972,-224.71194,-668.158069,50.05,70.0,-224.69279492146512,-668.1495443059894
-0.476053,0.973845,-170.695336,-30.185963,50.05,70.0,-170.69799545225027,-30.175778663524667
-0.588441,0.078388,525.940041,578.414515,50.05,70.0,525.9594841045248,578.3948642448
-0.539764,0.180975,-90.721064,-6.232215,50.05,70.0,-90.71602196514814,-6.225266597521914
-0.34621,-0.745675,28.304215,674.310159,50.05,70.0,28.292563752931578,674.29038180538
-0.562046,-0.302091,-139.51066,61.571343,50.05,70.0,-139.5110472768298,61.5911998162819
0.76116,0.820411,-201.672885,-1.409236,50.05,70.0,-201.68670678027758,-1.4291606757570658
0.644364,-0.175095,-190.018971,-53.730122,50.05,70.0,-189.9989907442139,-53.72542775164184
-0.822024,0.248161,165.643624,66.055396,50.05,70.0,165.6356563741053,66.0633398523226
0.83978,0.183226,-257.379075,249.129232,50.05,70.0,-257.35907521835503,249.1372625364898
-0.514292,0.294581,-62.775922,13.236252,50.05,70.0,-62.78004843393205,13.255475012494516
-0.972666,0.405215,4.02223,18.79264,50.05,70.0,4.016614920158252,18.798725976275218
0.441156,0.507039,49.082178,57.202441,50.05,70.0,49.07963939612462,57.22111157711803
-0.197138,0.695234,119.753382,-150.254061,50.05,70.0,119.76171324900068,-150.2598472681126
0.791336,-0.023379,140.125925,15.14984,50.05,70.0,140.13280129532944,15.129869655123983
-0.933833,-0.938169,0.471726,-0.239309,50.05,70.0,0.4531103684093028,-0.2534855369562035
0.196142,0.557948,-237.175868,-81.818826,50.05,70.0,-237.18855372649278,-81.82026249662553
-0.561178,0.288578,-136.879372,11.403914,50.05,70.0,-136.87029818989208,11.42174229886017
0.133444,0.800158,-58.872987,-149.050617,50.05,70.0,-58.86016967616386,-149.03889848636243
0.250708,-0.345456,-97.0062,30.268814,50.05,70.0,-96.9957868202888,30.275579156545238
-0.086789,-0.662009,25.393294,67.552895,50.05,70.0,25.373312715456862,67.55819169347704
-0.384021,-0.244558,9.05799,-57.385067,50.05,70.0,9.07524216857416,-57.37986465797108
-0.287161,-0.316363,85.397222,4.302518,50.05,70.0,85.40643200319442,4.321790796898652
0.892115,-0.22389,-218.757435,-130.847489,50.05,70.0,-218.77158808997518,-130.8300628071371
-0.911476,0.819406,-1.156681,0.848405,50.05,70.0,-1.174509067748327,0.8659587573412009
-0.245504,-0.192629,-111.978236,226.566231,50.05,70.0,-111.95905407076489,226.5816853168307
0.489096,0.240661,-126.790286,52.006028,50.05,70.0,-126.77706750653635,52.021946213349246
0.782203,0.494069,12.980332,4.769415,50.05,70.0,12.96113949867015,4.759843859497225
-0.183295,-0.64268,54.935393,63.911073,50.05,70.0,54.91988831733222,63.90685702127895
0.474198,-0.162114,34.945571,17.129283,50.05,70.0,34.93090159544435,17.13650528928673
-0.654217,0.578137,-113.708755,-12.929437,50.05,70.0,-113.72815999726342,-12.949365647909612
0.756446,-0.408477,9.582044,-30.65422,50.05,70.0,9.569672307809958,-30.668348948549472
0.733672,0.82099,46.728962,4.796939,50.05,70.0,46.710722717847474,4.804798096251772
0.372572,-0.178282,408.592836,598.514691,50.05,70.0,408.6124112855922,598.5266644243014
-0.384114,0.196742,138.610043,24.051457,50.05,70.0,138.62541646261127,24.04499440327001
0.646952,-0.672331,-28.643427,50.561321,50.05,70.0,-28.623510853560173,50.566745572224036
0.131841,-0.146893,-49.233883,11.536204,50.05,70.0,-49.2157747341862,11.544824137296574
-0.823025,-0.586359,-280.596721,955.882068,50.05,70.0,-280.61404866701844,955.8768783719797
-0.942516,-0.864815,0.810429,-0.390514,50.05,70.0,0.7918688943305349,-0.4027801915266347
-0.948059,-0.033092,363.826965,-259.573687,50.05,70.0,363.83458114312987,-259.59345434501205
-0.182458,-0.564263,228.540106,144.629144,50.05,70.0,228.55105660111946,144.64250522745104
0.435172,-0.061916,-341.626884,-70.234172,50.05,70.0,-341.6141915925146,-70.22161461146996
-0.616307,-0.273447,-126.644721,104.220961,50.05,70.0,-126.6525015462614,104.22479090376983
0.175017,-0.482867,-25.35264,-308.847164,50.05,70.0,-25.332844229454643,-308.83808305715604
0.456422,-0.91515,-4.54007,-31.043661,50.05,70.0,-4.5209081640247755,-31.05883864344721
-0.919722,0.232798,214.769117,133.852808,50.05,70.0,214.7670247394532,133.8695470829856
0.640282,-0.776196,-0.128283,-0.058212,50.05,70.0,-0.1340223560554944,-0.042187001527424
0.480542,0.469099,58.90556,222.463684,50.05,70.0,58.90942788680403,222.47787538749594
0.146421,0.895758,-402.740348,15.338918,50.05,70.0,-402.72109640360964,15.318952978149762
-0.986949,0.356507,120.546833,98.280049,50.05,70.0,120.56616590442822,98.2980437863542
-0.184609,-0.724578,201.810437,176.451358,50.05,70.0,201.82056053120462,176.43486194643197
0.024934,-0.932949,-1746.081851,-364.070387,50.05,70.0,-1746.062253682597,-364.09032815498404
-0.076535,-0.330273,75.224011,199.018173,50.05,70.0,75.23827434602185,199.03105326743733
-0.89484,0.430034,291.691826,-237.362907,50.05,70.0,291.70482453509373,-237.34841219146588
-0.41449,-0.326372,-76.21322,5.968325,50.05,70.0,-76.23321987713523,5.956422721356943
0.66869,0.681134,-11.467532,-2.05778,50.05,70.0,-11.452321490204048,-2.0436887834596975
-0.173078,-0.922215,242.91528,208.136252,50.05,70.0,242.90073795404012,208.12937827631362
0.335974,0.714393,-48.003482,-2.606189,50.05,70.0,-48.01244284675098,-2.600003548706342
0.808551,-0.684182,-0.966992,-1.961737,50.05,70.0,-0.9595010808338681,-1.9592917132140655
0.944733,0.123843,-389.184053,596.265258,50.05,70.0,-389.1831505413928,596.2594167262259
-0.577776,-0.687113,3.762405,49.264136,50.05,70.0,3.7815448572576336,49.284121915952596
-0.299894,-0.31752,-418.592439,297.458441,50.05,70.0,-418.6118077299842,297.47422258436035
-0.560983,-0.445494,-32.577908,-10.205386,50.05,70.0,-32.591707399078906,-10.187584421087724
0.589361,-0.610101,-17.455011,-10.808981,50.05,70.0,-17.4431019320066,-10.793550216290138
0.03346,0.357181,-43.421229,128.277585,50.05,70.0,-43.41158746277993,128.25870504034418
-0.856253,0.962248,0.846857,0.31739,50.05,70.0,0.8668543906451612,0.30818806826491346
0.504599,0.787005,91.213395,1.793312,50.05,70.0,91.22224201204386,1.7761172437549497
-0.811071,0.33357,112.060547,64.553624,50.05,70.0,112.07511417128285,64.56270941874708
0.305346,-0.046888,-109.154793,-1.961929,50.05,70.0,-109.14728428188809,-1.9489281615775993
-0.038897,0.252787,-57.867384,-1.064766,50.05,70.0,-57.85100756692261,-1.045721745364308
0.585774,-0.896952,7.821956,-19.698071,50.05,70.0,7.839789053922136,-19.694882105237994
0.926806,0.824889,-48.43904,7.163781,50.05,70.0,-48.45809026463021,7.144630858753167
-0.085764,0.556238,96.726878,-262.061175,50.05,70.0,96.73205320372361,-262.0414662853214
0.696027,0.132431,-176.989694,30.144586,50.05,70.0,-176.9911630233141,30.155715513989072
-0.237426,-0.411039,-6.439371,-83.706635,50.05,70.0,-6.426465975595846,-83.69242979476017
-0.329188,-0.656879,-240.432975,119.503682,50.05,70.0,-240.42142266988824,119.493993863541
-0.168424,-0.708861,47.584716,63.871992,50.05,70.0,47.56705342016595,63.885379016428274
0.166352,-0.117089,98.106577,85.259932,50.05,70.0,98.0902283344755,85.27798910865215
0.090137,0.931068,-661.058218,-453.395454,50.05,70.0,-661.039221813019,-453.3765698637908
0.462527,-0.304984,96.42217,-12.752181,50.05,70.0,96.40614894417665,-12.754647153812126
0.133048,0.136771,-130.090279,-74.424027,50.05,70.0,-130.11002800475555,-74.44382650247638
0.714808,-0.227984,37.883351,32.684473,50.05,70.0,37.8845412365761,32.69657036711128
0.273591,0.246524,-179.560707,38.705459,50.05,70.0,-179.57969581378225,38.72085888832189
-0.673179,-0.124892,-339.763181,63.031711,50.05,70.0,-339.7463592607212,63.01757342494143
0.935168,-0.634885,-228.335763,-66.238598,50.05,70.0,-228.31636042307733,-66.2443192403741
-0.508875,-0.659669,-343.614486,-133.988634,50.05,70.0,-343.60036457480186,-134.00721654001697
0.950512,-0.738205,-0.829849,0.214822,50.05,70.0,-0.8122656719913691,0.20414505356600737
0.990448,0.464371,-61.441535,36.864597,50.05,70.0,-61.424378921947394,36.88029322217955
0.68509,0.312758,-101.535957,44.667183,50.05,70.0,-101.54153861316527,44.673333129976086
0.531067,-0.357815,2.460261,-2.493823,50.05,70.0,2.462203047379515,-2.4745214937240982
0.201997,0.963694,-143.02293,12.356612,50.05,70.0,-143.04026644122862,12.36444310715509
0.813348,-0.053796,-119.852763,-6.508395,50.05,70.0,-119.8708173834239,-6.522607898980785
-0.146701,0.395225,119.20757,-158.172514,50.05,70.0,119.22217624182113,-158.15953745626086
0.541352,0.499603,7.200219,0.394056,50.05,70.0,7.218644238766882,0.3915184476943183
0.821333,0.136568,-349.439624,231.696836,50.05,70.0,-349.4257947845151,231.71464371351766
-0.701919,0.845998,13.819044,-18.201853,50.05,70.0,13.817108594398665,-18.181856927552897
0.680502,-0.806969,-15.510553,95.894905,50.05,70.0,-15.491991938136255,95.88388194743465
-0.734947,-0.261031,-249.225903,283.694052,50.05,70.0,-249.24588604702114,283.68467430234426
0.855246,0.111131,-389.205798,652.421251,50.05,70.0,-389.1876835549416,652.4175198118337
-0.223585,0.201522,77.508745,-8.340417,50.05,70.0,77.5239198506513,-8.348989452670605
0.982551,-0.266093,225.217897,50.228038,50.05,70.0,225.21417439111707,50.231450842427996
-0.226843,-0.543633,130.754622,-4.765872,50.05,70.0,130.77391114300764,-4.746898887503422
-0.847075,-0.781845,0.309746,-1.933489,50.05,70.0,0.31455184748880993,-1.9330477092785538
-0.470942,0.875823,-39.442001,19.211837,50.05,70.0,-39.42257713963549,19.196674093789635
-0.03499,-0.08457,344.180209,-1183.776574,50.05,70.0,344.17776888188257,-1183.7611711163338
0.631423,0.33026,-58.421878,31.703584,50.05,70.0,-58.402053329596356,31.6836184784405
0.676234,-0.543533,62.706297,-16.427101,50.05,70.0,62.69752399775262,-16.41091433586773
0.84663,-0.689113,-0.643952,-4.54666,50.05,70.0,-0.6304344978097426,-4.566598929764664
0.076834,-0.649127,-459.135217,524.372938,50.05,70.0,-459.1156383106714,524.3594131274552
0.122858,0.872943,-578.523866,-62.675669,50.05,70.0,-578.5097873316619,-62.68978132388266
-0.443182,-0.556363,-77.870709,48.566143,50.05,70.0,-77.88671842053053,48.58572850792732
-0.788579,0.346078,-277.972501,-52.134566,50.05,70.0,-277.97408653943455,-52.12880395985945
0.53122,0.207966,-819.731658,947.446146,50.05,70.0,-819.7373960458368,947.4374345642115
-0.712614,-0.898688,-40.324377,-123.423971,50.05,70.0,-40.3439659141233,-123.4070254215379
-0.244702,-0.708217,158.866591,94.560698,50.05,70.0,158.88659061505976,94.54305121442593
0.995026,-0.591885,0.360491,-0.940564,50.05,70.0,0.3804900843531308,-0.9451558440709864
0.1924,-0.325301,-187.008527,91.672923,50.05,70.0,-187.01458839809138,91.68105666466737
0.670952,0.690648,1.343578,0.051442,50.05,70.0,1.3486656665356278,0.06958188896544401
-0.277333,0.863136,-139.361607,-382.30765,50.05,70.0,-139.38146105879505,-382.29143698989617
0.732073,-0.05146,62.802243,-1585.836454,50.05,70.0,62.806169090036775,-1585.8166727890148
-0.882965,0.010746,491.500146,61.565927,50.05,70.0,491.49921743289,61.58021157320334
0.613217,0.331243,190.514671,68.087803,50.05,70.0,190.53290175663298,68.07213627079474
-0.798122,-0.031584,-1123.669435,-780.223057,50.05,70.0,-1123.6559080765883,-780.2154294503412
-0.824974,0.658548,-107.671496,85.329525,50.05,70.0,-107.68293655497274,85.32126655879959
0.212716,-0.882583,-150.186756,-4.429916,50.05,70.0,-150.1836006105782,-4.449829319926835
0.429512,0.804011,146.859538,-92.311186,50.05,70.0,146.85443137917997,-92.2977623120246
-0.98618,-0.727025,23.156812,-12.465248,50.05,70.0,23.166498877883114,-12.483214378981126
0.887111,-0.324144,-95.132318,-34.322321,50.05,70.0,-95.15077942877,-34.32803423764313
0.112358,0.394797,-485.03409,-206.162176,50.05,70.0,-485.04129413707665,-206.14236911690278
-0.652522,-0.930654,50.996752,7.051577,50.05,70.0,50.9838620513712,7.034168733238868
0.498856,0.273706,129.694539,-22.916666,50.05,70.0,129.67461087046186,-22.91140488839143
0.177727,-0.934728,-50.190721,177.170706,50.05,70.0,-50.19223152648365,177.18932487635792
0.021991,-0.392879,-2.381068,-2.80295,50.05,70.0,-2.4009183279795763,-2.7871628014994734
0.87755,0.984107,-0.066335,-0.12526,50.05,70.0,-0.07805802060583492,-0.10635003510820175
-0.11835,0.892588,99.148857,124.26647,50.05,70.0,99.13592688379543,124.28266166796112
-0.274286,0.070679,204.595555,605.324336,50.05,70.0,204.57646514313754,605.3319280436747
-0.096996,-0.208604,548.471968,191.325268,50.05,70.0,548.4919667056568,191.3058924590007
-0.002296,-0.593228,5.009042,412.051715,50.05,70.0,4.997320506597161,412.0716384317457
-0.378598,0.902904,-16.645826,29.14684,50.05,70.0,-16.62703757478946,29.147301465447267
-0.898888,0.386985,-193.670417,-74.063811,50.05,70.0,-193.66283398915127,-74.04906251833778
0.058522,-0.42354,-23.445287,80.764939,50.05,70.0,-23.425455863290978,80.75392354962571
-0.435662,-0.171237,184.7428,-140.322815,50.05,70.0,184.7600370716592,-140.30288850244352
0.020087,-0.390974,-96.658468,326.374023,50.05,70.0,-96.6781183286342,326.39144922130504
0.893802,0.135523,-128.49945,18.173625,50.05,70.0,-128.49473360632757,18.17279419230877
-0.265419,-0.892037,-397.747971,-1892.624963,50.05,70.0,-397.760038752326,-1892.6448383490074
-0.46967,0.251375,136.169876,-95.602444,50.05,70.0,136.16046107083196,-95.61524510999456
0.865818,-0.205274,-239.10327,-178.128542,50.05,70.0,-239.08327001422552,-178.13133970073793
-0.037965,-0.070041,-94.916298,-284.378039,50.05,70.0,-94.93528573072125,-284.3976363511336
0.823035,0.747254,-0.213391,2.895674,50.05,70.0,-0.19454394442438508,2.9053298614915226
-0.903635,0.599029,1.027272,14.448317,50.05,70.0,1.0275729092975419,14.456544662452803
-0.122529,0.661959,75.703625,-367.473857,50.05,70.0,75.69470274239472,-367.47298148471754
-0.45459,-0.292517,71.858259,-23.234981,50.05,70.0,71.85697941092754,-23.226806368019002
-0.334323,-0.962573,107.605116,37.866518,50.05,70.0,107.61996915999032,37.852774982758454
0.032862,0.309156,76.724574,212.635878,50.05,70.0,76.74395361712173,212.65467526745581
-0.01324,-0.531548,9.691171,208.811903,50.05,70.0,9.708526963032513,208.80717165805783
0.277026,-0.020557,380.03368,-170.527577,50.05,70.0,380.0527598169718,-170.54517489737844
0.496297,-0.74376,-4.046572,120.30067,50.05,70.0,-4.0664474874524945,120.30439791361903
-0.38097,-0.964856,-504.250075,375.224078,50.05,70.0,-504.2611951698712,375.2216386787395
-0.337823,0.207564,-139.68796,143.815012,50.05,70.0,-139.68110847572308,143.82571297454598
0.527,-0.713935,43.153591,-6.477411,50.05,70.0,43.13708053783573,-6.488184408783297
0.900407,-0.857572,2.969041,-0.205227,50.05,70.0,2.9519349436789577,-0.21823389312157457
0.786419,-0.661198,-88.445961,68.657827,50.05,70.0,-88.46105944765213,68.64298715522659
-0.758907,-0.952273,-2.347723,-0.519032,50.05,70.0,-2.3581158531848554,-0.5055013947701982
-0.847224,0.705906,-36.798814,10.551434,50.05,70.0,-36.78671178273126,10.547247203733434
0.16214,-0.92139,-372.121225,112.642452,50.05,70.0,-372.13647508518693,112.65662414284668
0.189962,0.697755,-109.736836,-151.422594,50.05,70.0,-109.73705318603399,-151.4317632064882
-0.82947,-0.897456,-1.688107,27.952912,50.05,70.0,-1.6681201849522915,27.941842124487497
0.459848,0.668787,24.046381,9.375921,50.05,70.0,24.05121824848661,9.389099852380046
0.296419,-0.088983,-33.770327,-3.005692,50.05,70.0,-33.78289513402336,-2.991677288433677
0.460233,-0.863298,874.162747,-275.888214,50.05,70.0,874.1683105284498,-275.90128768202305
0.544523,-0.204983,-127.027914,-135.413556,50.05,70.0,-127.00794376398952,-135.39637979891552
0.854158,-0.166353,-142.475958,-26.478382,50.05,70.0,-142.48456749245915,-26.49285469117148
0.109043,0.689017,-36.397197,-91.20361,50.05,70.0,-36.387835427887346,-91.1841203341462
0.306661,0.045137,-90.786701,2.338264,50.05,70.0,-90.80205251889795,2.338796605902818
0.620264,0.776909,19.729869,4.201683,50.05,70.0,19.74650933857319,4.195566142730611
-0.498637,-0.587737,-165.834888,-25.320662,50.05,70.0,-165.851034487926,-25.301084945505938
-0.088721,0.862112,34.909613,-142.317941,50.05,70.0,34.88961659810727,-142.3141702499963
-0.48666,0.713149,-106.534208,19.296585,50.05,70.0,-106.51846163433088,19.299990036442306
-0.107484,-0.475297,392.485863,307.954381,50.05,70.0,392.49349459465526,307.94471005307713
-0.323676,-0.022924,-264.927779,118.144917,50.05,70.0,-264.92567955244846,118.15375277379295
0.718102,-0.864248,1.063084,-0.874729,50.05,70.0,1.081947455762191,-0.863386170314063
0.586916,0.295732,-67.62425,20.006438,50.05,70.0,-67.63381700131521,20.01422709888267
0.360047,-0.687439,92.339824,-54.578088,50.05,70.0,92.33152076008761,-54.59795589550797
0.219253,0.980216,73.994735,25.470624,50.05,70.0,74.01459446371287,25.48547056084
0.498252,0.11522,-180.600558,415.657472,50.05,70.0,-180.62040488271592,415.6533987396816
0.496398,0.957958,6.860041,-8.894682,50.05,70.0,6.850608849991126,-8.91402353922781
0.406457,-0.67723,-14.099506,-3.135707,50.05,70.0,-14.100094480410807,-3.131963123234633
-0.205038,-0.080937,12.581265,-266.549288,50.05,70.0,12.568210816969415,-266.52934343505325
-0.30128,0.385147,-52.805162,-78.562404,50.05,70.0,-52.80290803269572,-78.54257805849005
-0.828745,-0.722865,-33.519251,21.140168,50.05,70.0,-33.53719431408029,21.130951013555865
0.801555,-0.270481,-59.157207,-96.969455,50.05,70.0,-59.17447536288741,-96.95168128580434
0.020537,-0.833206,-26.10842,330.660132,50.05,70.0,-26.093757246797,330.663436869521
0.305056,-0.91694,-124.247217,40.609722,50.05,70.0,-124.22892180787353,40.62366674135169
0.993977,-0.226213,865.304054,396.285264,50.05,70.0,865.3199495929732,396.2681841603396
0.037383,0.296361,-24.216827,-125.2475,50.05,70.0,-24.199374398815202,-125.25014855367696
0.945603,0.747914,61.866242,-17.022706,50.05,70.0,61.871971169525345,-17.020397827202245
0.197788,0.21615,-161.162476,-54.821048,50.05,70.0,-161.14831576027194,-54.8209252878543
0.825213,-0.637312,114.434267,-7.850752,50.05,70.0,114.41426960757724,-7.83234226491385
0.692059,-0.569241,-66.902963,-24.893961,50.05,70.0,-66.88436676404555,-24.892665854765422
0.760171,0.199175,-405.954736,368.599814,50.05,70.0,-405.9367705919623,368.6188919850974
-0.47013,0.533104,-685.849889,242.595892,50.05,70.0,-685.8435085917089,242.59988623247287
-0.122396,0.893241,195.308694,-240.823299,50.05,70.0,195.32419139068244,-240.84092825853554
0.705734,-0.72637,-102.798878,55.819742,50.05,70.0,-102.78923624371674,55.82648694180203
-0.099012,-0.088721,19.589644,-2.041495,50.05,70.0,19.60374788441489,-2.058452332274308
0.858966,0.63515,35.595621,14.52735,50.05,70.0,35.58820038104726,14.518147782518081
0.959809,-0.484837,-28.231648,58.324107,50.05,70.0,-28.221235517718068,58.30456079459798
-0.647727,-0.345269,-355.135107,-7.123072,50.05,70.0,-355.11768104235597,-7.138677565238481
-0.93486,-0.185514,263.135783,-139.448659,50.05,70.0,263.1395655610446,-139.46459993876184
0.058597,0.840372,-3.73949,-2.02424,50.05,70.0,-3.7266604601166797,-2.0044709163873113
0.127896,-0.445334,-68.33697,125.245402,50.05,70.0,-68.35431918032873,125.23075118276113
-0.735508,0.321264,-110.397464,-73.021738,50.05,70.0,-110.4101010692903,-73.00982926290905
-0.511361,-0.441226,43.104389,-18.021513,50.05,70.0,43.08757448750625,-18.027858378419097
0.313167,-0.598273,52.924545,599.723121,50.05,70.0,52.94453304145576,599.7380385893529
0.824867,-0.464122,-1.1709,-0.716599,50.05,70.0,-1.162355843578476,-0.6984087395793582
-0.506592,-0.287669,79.201338,-23.308894,50.05,70.0,79.2073541988354,-23.289168979517797
-0.849547,-0.336751,72.414415,-25.511605,50.05,70.0,72.39545257077607,-25.5256972440419
0.226057,-0.654114,-138.174873,120.365143,50.05,70.0,-138.19443060371503,120.38438596097946
0.307249,-0.073868,-910.052608,633.806862,50.05,70.0,-910.0378132863018,633.813416956209
0.497777,0.141918,-239.787602,84.949363,50.05,70.0,-239.79941407423343,84.95752574418998
-0.78218,-0.098556,-196.343032,71.739837,50.05,70.0,-196.33244859316622,71.74048777004721
-0.423043,-0.086757,401.998528,-387.996094,50.05,70.0,402.0185059080441,-387.97989416520863
-0.131131,0.087224,47.432033,270.69017,50.05,70.0,47.44291949064421,270.6895684838004
-0.024343,0.868588,5.979637,-61.449743,50.05,70.0,5.99137727209153,-61.44868240190934
0.350885,-0.668358,-77.781115,5.369013,50.05,70.0,-77.7613149660639,5.384911479738152
0.906518,-0.160002,-236.526828,-444.616789,50.05,70.0,-236.50846287861216,-444.6132971070676
0.853207,-0.156987,-215.037336,-57.861626,50.05,70.0,-215.04289397242823,-57.8471567616804
-0.479708,-0.459554,-54.024183,116.061977,50.05,70.0,-54.00870779225906,116.08194558860366
0.282018,-0.122395,-14.279968,-1.02187,50.05,70.0,-14.261523196525918,-1.0349673199373988
0.903697,0.440219,65.259282,7.991123,50.05,70.0,65.2747614332266,8.009308762929392
0.762341,0.657565,0.049075,1.953713,50.05,70.0,0.042333901177345375,1.9731139259628039
-0.311692,-0.611561,-57.640294,-44.280752,50.05,70.0,-57.66023237450608,-44.26718165593267
-0.513243,-0.076929,452.790636,-227.047784,50.05,70.0,452.80867247782675,-227.05622441419413
-0.944838,0.101982,-293.461895,556.15751,50.05,70.0,-293.47109600110537,556.1378538763754
0.013507,-0.994587,-7.38862,210.923242,50.05,70.0,-7.404991452233488,210.93779355531785
-0.015812,0.246937,14.608115,-166.590674,50.05,70.0,14.616476347311737,-166.60483668609993
0.265116,-0.192645,-107.339205,-54.41308,50.05,70.0,-107.3582045313519,-54.430472848571014
0.210243,-0.450731,-127.38334,102.252671,50.05,70.0,-127.36876838645998,102.23912351126519
0.564574,0.789869,73.362478,-45.858895,50.05,70.0,73.36164246898926,-45.87347480745925
-0.679964,-0.158489,270.82607,-221.349133,50.05,70.0,270.81034086766783,-221.3690251111599
0.274522,-0.111976,-209.744433,-13.388782,50.05,70.0,-209.72793003842702,-13.371941620537987
0.014843,-0.529745,-14.158478,251.144482,50.05,70.0,-14.174324999752793,251.14235492460026
0.577425,0.786187,206.024476,-101.660313,50.05,70.0,206.03636280256012,-101.64132835692736
-0.56161,-0.983308,101.908113,88.779593,50.05,70.0,101.89204003117358,88.79607080387845
-0.465484,0.60383,-20.947889,5.815238,50.05,70.0,-20.962261960481975,5.805580955089885
0.563331,-0.089632,-108.542109,-9.279602,50.05,70.0,-108.55538487437195,-9.293749990561432
-0.452684,-0.261254,-32.886765,-167.197405,50.05,70.0,-32.89312044725562,-167.1878201873373
-0.893429,0.141366,106.457516,15.03864,50.05,70.0,106.45344419299924,15.034424361570041
-0.06081,-0.038667,-341.030892,17.93,50.05,70.0,-341.01102320936576,17.91510119295174
0.131175,0.662839,52.206574,101.490806,50.05,70.0,52.18664932362371,101.47158865274054
0.342883,0.834281,-48.514871,154.100549,50.05,70.0,-48.529391790226505,154.08489396016228
-0.239542,0.014857,468.38274,30.204579,50.05,70.0,468.38723034533615,30.201716400157498
-0.296018,0.82193,-144.888053,-126.555213,50.05,70.0,-144.86869900125703,-126.56118372024756
0.183529,0.56593,-186.018227,-159.7739,50.05,70.0,-186.03395508291788,-159.75422208694647
-0.42253,0.531656,-22.373482,3.472924,50.05,70.0,-22.39340832518573,3.4796101582812398
-0.455752,0.179236,-7.5955,-194.501468,50.05,70.0,-7.575839121460481,-194.48223800736744
0.418231,-0.78404,214.938664,-6.421802,50.05,70.0,214.92588575476321,-6.402519304846128
0.644788,0.957107,35.554839,1.349779,50.05,70.0,35.56382014054426,1.3443632678825401
0.090462,0.400698,-507.158811,-359.927421,50.05,70.0,-507.1683201765239,-359.9446894277299
0.539602,-0.902251,-26.245754,-31.583578,50.05,70.0,-26.26062357632136,-31.568517138231233
-0.131954,0.241516,301.64849,139.336959,50.05,70.0,301.6348751746315,139.3561912547452
-0.840725,-0.062961,201.189587,-17.522284,50.05,70.0,201.19650455852366,-17.506221634784165
-0.184002,-0.515736,111.4143,108.104324,50.05,70.0,111.41763797742927,108.09368001709596
0.020393,0.739007,-563.518567,1316.67651,50.05,70.0,-563.5382610277394,1316.6582139307113
0.493948,-0.221517,-99.79532,-82.011584,50.05,70.0,-99.81525590826814,-82.0287727092788
0.971154,0.180138,-169.441401,38.830651,50.05,70.0,-169.45311088375138,38.84106694969685
-0.415971,0.774144,-355.439141,-87.127746,50.05,70.0,-355.45641584202406,-87.1160430912192
-0.962758,0.927045,-1.983974,0.929628,50.05,70.0,-2.00393273488309,0.9120295003087728
0.853309,-0.4293,-55.339814,-30.769419,50.05,70.0,-55.341630394201026,-30.749987100816025
0.7501,0.926532,92.581594,2.971385,50.05,70.0,92.59663330478848,2.962203629937491
0.21594,-0.689202,-131.696475,134.845561,50.05,70.0,-131.67773029202405,134.85182791306713
0.581998,-0.366662,33.729817,-26.931187,50.05,70.0,33.72143327011844,-26.92032914195053
-0.493681,0.697746,-167.258787,8.124008,50.05,70.0,-167.2544094388909,8.140165142524165
-0.985528,0.239049,102.759946,25.002072,50.05,70.0,102.74778906353139,25.00504753495525
-0.310276,-0.814844,52.746007,14.458634,50.05,70.0,52.74527638325056,14.47836646484308
0.917705,-0.135159,-292.680512,-104.458348,50.05,70.0,-292.69468184595075,-104.44161454568635
0.390586,0.574247,-6.685215,-0.198072,50.05,70.0,-6.701939469055432,-0.20657906441738375
-0.62581,0.018672,-580.877935,154.926219,50.05,70.0,-580.8584548813687,154.92647365799363
-0.177267,0.671188,93.87746,-146.284736,50.05,70.0,93.8667110345472,-146.29027852098068
0.660042,-0.678867,-11.611483,-32.165772,50.05,70.0,-11.600064457624013,-32.16453181433373
0.281658,-0.176718,-174.35912,-75.212548,50.05,70.0,-174.34310701083604,-75.21247522758394
-0.098455,-0.724925,-99.141189,-101.717019,50.05,70.0,-99.13427630985913,-101.7012892361679
0.193287,0.578047,90.067512,152.162002,50.05,70.0,90.07787331179499,152.1527489331626
-0.759052,0.614227,-73.975933,-8.012222,50.05,70.0,-73.98999282167156,-7.998698944934949
-0.680918,-0.190556,89.481322,-17.184002,50.05,70.0,89.49911892749031,-17.17866075748009
-0.67528,0.564878,28.156023,51.24232,50.05,70.0,28.13631742282207,51.225718502768075
-0.103598,0.832968,41.761808,-142.13451,50.05,70.0,41.749347402600414,-142.13237663718084
-0.309074,-0.604701,-47.79951,202.529501,50.05,70.0,-47.78211524632599,202.54894424063608
0.789556,0.06682,-118.508522,63.303514,50.05,70.0,-118.49440973787891,63.29661107139531
-0.952647,0.870158,28.97332,10.019607,50.05,70.0,28.969986678928393,10.038371458225475
0.746474,-0.010253,-219.508601,-3.390008,50.05,70.0,-219.48967187051355,-3.398592371571141
-0.314792,-0.70987,75.818288,-4.505715,50.05,70.0,75.8285265382745,-4.515817473201194
-0.78907,0.104864,-173.556092,528.742467,50.05,70.0,-173.57605342718315,528.7577524014503
0.451078,-0.729937,81.278333,-142.223156,50.05,70.0,81.26036739306173,-142.23175764063828
-0.05343,0.003714,19.151107,0.383505,50.05,70.0,19.16991678830502,0.3847649837399567
0.418339,-0.971359,72.087805,26.653647,50.05,70.0,72.10718595323259,26.64035936711224
0.374976,0.216991,-94.882813,13.311458,50.05,70.0,-94.89383770943073,13.291469271282697
0.964817,-0.31391,91.948182,65.079804,50.05,70.0,91.92877528380951,65.08943484811275
0.114666,-0.8046,-40.579088,115.320369,50.05,70.0,-40.5989451453717,115.31517495533797
-0.917151,-0.559335,26.054812,-6.64911,50.05,70.0,26.03547818332865,-6.65114716330682
-0.74971,-0.379789,65.928687,-33.099285,50.05,70.0,65.91177182463106,-33.11878625094369
0.880766,-0.969992,-0.556315,-0.381413,50.05,70.0,-0.5751948489815797,-0.4001308120925458
-0.663944,-0.904777,8.051668,26.066082,50.05,70.0,8.031688867675685,26.049378709758297
-0.584874,0.029628,165.351853,298.526634,50.05,70.0,165.34449667513732,298.50928156405536
-0.036542,-0.154159,101.445423,-431.042297,50.05,70.0,101.44384614550607,-431.0450898140892
-0.951655,-0.46434,-7.164912,57.814886,50.05,70.0,-7.1639542490386585,57.80890388208047
-0.161303,0.985251,49.241012,-103.326257,50.05,70.0,49.221269710475894,-103.31828548648765
-0.889274,-0.023456,-105.449665,-11.360851,50.05,70.0,-105.4547212722247,-11.343689024707961
-0.221866,-0.90119,-28.619742,-145.309776,50.05,70.0,-28.604836102210076,-145.30666381351318
-0.305364,-0.246163,37.781868,-6.244084,50.05,70.0,37.78575326891891,-6.225771855688274
0.737958,0.861529,24.493359,9.120648,50.05,70.0,24.513333858531574,9.100678593550466
-0.281314,-0.039486,109.915659,-1305.226532,50.05,70.0,109.9329546643056,-1305.2461316634813
0.365421,-0.363499,63.644382,26.299647,50.05,70.0,63.63570689306236,26.287547342826603
0.675306,-0.130858,-342.523862,454.511261,50.05,70.0,-342.54239059975674,454.4932635025902
0.663177,0.01578,1102.263772,334.782575,50.05,70.0,1102.2743280178,334.79395765478654
-0.78921,-0.255381,119.086308,-34.63218,50.05,70.0,119.09360187822163,-34.63018866208073
-0.188919,0.839417,184.93913,-185.004116,50.05,70.0,184.9194476228793,-184.99446810596888
0.074385,0.191324,71.382052,-30.216393,50.05,70.0,71.37641891677897,-30.209732803128407
-0.417237,-0.498538,-152.013195,95.021601,50.05,70.0,-152.0264953060527,95.04120452517378
-0.930879,0.724104,-152.21245,22.880694,50.05,70.0,-152.1931463798251,22.894673575494682
0.020031,0.663569,-10.471672,-172.467114,50.05,70.0,-10.49166200675515,-172.47708770358787
0.602843,-0.009819,-316.793956,-8.085867,50.05,70.0,-316.801953298954,-8.069440683676358
0.964044,0.694614,25.979118,-135.962298,50.05,70.0,25.960285150754363,-135.97154254318028
0.384785,-0.926442,-35.896775,-3.272749,50.05,70.0,-35.88457941983761,-3.291066664800372
-0.707439,0.071715,217.243253,23.92957,50.05,70.0,217.24853612828002,23.943861315211795
-0.678566,-0.65501,35.379562,-7.639798,50.05,70.0,35.36997562784629,-7.628469276361889
-0.752376,0.809582,-21.825557,4.314866,50.05,70.0,-21.817459930589386,4.301338374011129
0.647124,0.219669,-183.523498,65.540336,50.05,70.0,-183.50693225377248,65.55959837015826
-0.024684,-0.868235,6.78205,78.526812,50.05,70.0,6.783349517834424,78.51085733044866
-0.426277,-0.436791,50.270998,9.723646,50.05,70.0,50.251056426929395,9.743638395179552
0.856016,-0.938232,0.388264,-0.062687,50.05,70.0,0.38209743807806074,-0.06992907234416744
-0.857882,-0.425208,58.097461,-29.554503,50.05,70.0,58.09980877977576,-29.55230712671082
-0.46355,-0.876589,-922.948867,1367.179117,50.05,70.0,-922.953036769388,1367.1597651126904
-0.827021,0.25278,60.296322,14.416138,50.05,70.0,60.29982269440216,14.436014284812355
0.469975,0.869935,167.193899,-74.657762,50.05,70.0,167.18326314984648,-74.63869016767538
0.990459,0.637537,-73.132958,-26.83869,50.05,70.0,-73.14856260827273,-26.83219487224818
-0.909809,0.836117,-0.560287,0.71744,50.05,70.0,-0.5689071199644645,0.6985859584324916
0.623886,-0.34992,-59.411005,-23.558255,50.05,70.0,-59.391008403747506,-23.56172769392378
0.892954,-0.127127,-187.524165,-32.054484,50.05,70.0,-187.52314155385562,-32.05160242201647
-0.625926,0.05848,-3.685602,1297.66161,50.05,70.0,-3.70150458085515,1297.6798591496763
0.868315,-0.237809,41.736828,-89.68687,50.05,70.0,41.72229546181106,-89.68227596040755
-0.852,0.438851,36.973755,14.770317,50.05,70.0,36.9537608356322,14.752625287496688
-0.23615,-0.971295,61.652551,70.32626,50.05,70.0,61.64804838552653,70.34478336181647
-0.555441,0.69727,-54.290783,18.111209,50.05,70.0,-54.280326835139626,18.11700177782155
-0.98943,0.647719,-992.276155,298.017515,50.05,70.0,-992.2596273017507,298.00366683781994
0.2164,-0.96636,-198.771343,145.712142,50.05,70.0,-198.7770387670929,145.72097361718977
0.388279,-0.191669,-135.527844,-21.369236,50.05,70.0,-135.52848448603268,-21.357517790056065
0.614297,0.490142,-671.687455,-636.816234,50.05,70.0,-671.6675142846939,-636.8361781827755
-0.191316,0.54908,-13.261284,-64.344143,50.05,70.0,-13.280434335512474,-64.36304448735015
0.384117,-0.141864,-479.905604,-171.964696,50.05,70.0,-479.8890734880317,-171.94875941637883
-0.303982,0.97685,90.16687,-71.084826,50.05,70.0,90.17510110990786,-71.08450992896077
-0.077116,-0.089239,222.18627,181.923628,50.05,70.0,222.16643124255376,181.93101569679672
0.16484,0.463208,-203.781748,-170.682177,50.05,70.0,-203.76390288303668,-170.67192730226506
-0.858089,0.091213,440.85882,898.456993,50.05,70.0,440.8549931520243,898.4659945746907
-0.985354,-0.85034,-0.448586,-0.379524,50.05,70.0,-0.46752733672040625,-0.39197713983031596
0.330059,-0.70673,-92.467668,9.624365,50.05,70.0,-92.48447507147104,9.60705070673226
-0.015533,0.934901,403.568272,-1535.894984,50.05,70.0,403.5484915902546,-1535.8831700994285
0.874063,0.372928,27.458748,-104.777034,50.05,70.0,27.444957932509396,-104.76517915316148
-0.195336,0.99341,278.012649,-86.178013,50.05,70.0,278.0220945262424,-86.17618546855039
0.241347,0.326803,225.516642,-143.832046,50.05,70.0,225.51141370420103,-143.85143138979254
0.569981,-0.328579,54.088077,-89.632161,50.05,70.0,54.07037280726501,-89.6128508810356
-0.419581,0.098432,342.972738,344.953289,50.05,70.0,342.97209654643945,344.9713334675887
0.344046,0.388715,33.662469,-12.578342,50.05,70.0,33.66127257616955,-12.573643565611066
-0.866657,0.091732,239.209394,38.614855,50.05,70.0,239.189572419321,38.60242015344462
-0.264603,0.813156,15.519216,1.686805,50.05,70.0,15.535944777670172,1.675069667923203
0.717263,-0.955031,-72.207903,77.104688,50.05,70.0,-72.19233069032035,77.0852786746998
0.796236,0.339124,-80.986324,-294.005152,50.05,70.0,-80.98157768202904,-294.02404787130314
-0.345071,0.391911,141.932578,603.676805,50.05,70.0,141.9452549121409,603.6956796888868
0.845167,0.724113,-46.703265,13.913818,50.05,70.0,-46.69449279551143,13.923968806387169
0.169249,0.563038,-286.861941,-9.60034,50.05,70.0,-286.846554164079,-9.603776041189176
0.973916,0.613596,-7.724092,-89.118068,50.05,70.0,-7.714227089035313,-89.1059730597882
0.704193,-0.629539,592.159712,-412.059875,50.05,70.0,592.1707627523926,-412.05683649173653
-0.662563,0.30825,-36.685456,59.257624,50.05,70.0,-36.66886378061347,59.26459249906229
0.757835,0.926469,-0.831117,0.634843,50.05,70.0,-0.8317693312101235,0.6242734870866518
-0.827956,0.53754,36.995791,-39.359182,50.05,70.0,36.97775059084212,-39.37779206774162
0.432913,-0.038559,-826.131507,-409.290263,50.05,70.0,-826.1123785256302,-409.30744994472104
-0.053342,-0.516445,1330.204577,542.609379,50.05,70.0,1330.1853649739016,542.5901101976317
0.109473,-0.094617,145.187955,-100.711445,50.05,70.0,145.17225866440168,-100.7309097582102
-0.22348,-0.02269,-851.769304,-1069.164408,50.05,70.0,-851.7508994887432,-1069.156295215657
0.643605,-0.929698,0.918356,-1.836528,50.05,70.0,0.913560424718506,-1.8389343357207695
0.570791,-0.722999,-200.462985,-111.415773,50.05,70.0,-200.44597468300566,-111.43555768387775
0.554385,-0.452515,-99.371077,-42.606523,50.05,70.0,-99.35985547455422,-42.588817819941525
0.575586,-0.128285,-239.819287,-375.690365,50.05,70.0,-239.81491105182369,-375.67942397381915
-0.086287,-0.230192,89.240924,161.977888,50.05,70.0,89.22895660858308,161.99779112830387
-0.832587,0.705362,52.542124,9.412,50.05,70.0,52.54340092694688,9.419559969721716
-0.981032,-0.205464,13.262411,-267.032257,50.05,70.0,13.262099157123753,-267.0511213508529
0.761097,-0.236165,-160.008984,-56.378815,50.05,70.0,-159.9939681132551,-56.38857138170065
0.779889,-0.404802,79.223795,133.341698,50.05,70.0,79.23653881075003,133.36092847352057
0.492866,-0.394424,37.346538,-5.676973,50.05,70.0,37.34874412385995,-5.680790881462901
0.911707,-0.934052,0.358819,-0.107401,50.05,70.0,0.34858770295823555,-0.11182995193411813
-0.608799,-0.078799,-500.723077,-171.926074,50.05,70.0,-500.7046932128581,-171.94552911985352
-0.383004,0.857749,64.43516,19.032536,50.05,70.0,64.4510100368622,19.029299238342368
0.192094,0.523383,-244.643106,-65.57028,50.05,70.0,-244.66115793522155,-65.57870473588876
0.498796,-0.732421,-1057.413574,-1324.575492,50.05,70.0,-1057.4213650605477,-1324.5949535640354
0.205835,-0.532528,-79.140756,78.65965,50.05,70.0,-79.15203511695216,78.67946289183861
-0.204368,-0.817852,48.023855,47.384656,50.05,70.0,48.00456348210005,47.38887531810562
0.360392,-0.883575,277.083768,-87.051682,50.05,70.0,277.06398613196177,-87.07167646824138
-0.250892,-0.736161,158.969582,86.213688,50.05,70.0,158.957158417051,86.19369423400684
-0.654217,0.577605,-2.801301,4.883857,50.05,70.0,-2.8143900188931217,4.8864628093959075
-0.188123,0.210361,249.131889,26.63409,50.05,70.0,249.1506953257603,26.633730862270507
-0.454537,0.592817,-350.30102,173.244208,50.05,70.0,-350.31615768447693,173.24555090135155
-0.516652,0.622684,33.147998,104.964994,50.05,70.0,33.14443714917584,104.95055833071197
-0.546915,0.004587,65.465036,-2.57829,50.05,70.0,65.45864831970577,-2.5617781401796806
-0.912165,-0.750472,22.862997,1.492608,50.05,70.0,22.881488013030705,1.499525043509078
0.811528,-0.652536,65.054399,-10.533034,50.05,70.0,65.0408851289655,-10.530696249258256
0.826071,-0.221751,-187.611402,-210.763999,50.05,70.0,-187.59174085219917,-210.76974875659022
-0.962129,-0.502973,27.414387,-14.740776,50.05,70.0,27.434234554558,-14.732755150379178
0.528464,-0.105357,1051.884178,775.716811,50.05,70.0,1051.9033547081256,775.7352725633
-0.72773,-0.953309,31.372936,75.459823,50.05,70.0,31.37899900182251,75.47936272977644
-0.265372,-0.112327,298.831235,-137.240056,50.05,70.0,298.8117974273203,-137.2335965578512
0.114011,0.187204,-148.465268,160.561708,50.05,70.0,-148.48509501956121,160.57397543302028
0.343861,-0.736479,-84.858656,20.151202,50.05,70.0,-84.85419299378758,20.131518967430562
-0.010067,0.796894,395.352601,1588.771178,50.05,70.0,395.3714636486737,1588.755896962571
-0.600682,0.330982,61.320142,21.041099,50.05,70.0,61.300156331247635,21.046921953690493
0.810816,-0.622999,66.290619,-4.307928,50.05,70.0,66.28189253138497,-4.307626610482675
-0.747045,0.415531,586.075106,171.067376,50.05,70.0,586.089779004805,171.0524780589195
-0.173506,-0.123664,139.186282,150.815749,50.05,70.0,139.18820916796565,150.81712066700192
-0.422862,0.965965,18.77916,-58.064682,50.05,70.0,18.75990559023261,-58.04590815860951
0.972361,0.476778,9.733364,-0.43813,50.05,70.0,9.717084730620764,-0.4386872504868289
-0.788485,-0.073856,-79.012258,141.773029,50.05,70.0,-79.03038694992557,141.78725592751212
0.695268,-0.633536,2.742183,-2.039418,50.05,70.0,2.756138864283546,-2.031148779495972
0.16252,-0.521127,-12.186256,-46.315272,50.05,70.0,-12.170570876237923,-46.32174863623277
-0.574574,-0.87065,-389.24895,244.888412,50.05,70.0,-389.2630024290451,244.88897394805653
0.992715,0.55949,2.894196,1.524739,50.05,70.0,2.9136680201780973,1.5181860404183103
-0.658838,0.909124,11.209775,30.22523,50.05,70.0,11.216250233745486,30.24278363793961
-0.357691,0.284375,23.217248,3.270856,50.05,70.0,23.205202997653775,3.2510886842238045
-0.513939,0.232635,-406.355261,167.482133,50.05,70.0,-406.3355707419977,167.4686967287538
-0.095895,0.297692,-3.188196,-87.152124,50.05,70.0,-3.2041172223385326,-87.17158348436881
-0.696151,-0.203523,146.530748,-212.414475,50.05,70.0,146.52649945786624,-212.4302422729135
-0.607451,0.574626,224.071959,-17.701877,50.05,70.0,224.0615942179886,-17.709332800840873
-0.255223,0.462843,144.675562,-36.135068,50.05,70.0,144.6955506020737,-36.12129977073771
0.998946,-0.707927,-40.009991,6.402532,50.05,70.0,-39.998752130453234,6.413135746732573
-0.136377,-0.090788,308.974308,-434.067635,50.05,70.0,308.964678293367,-434.05358718461054
0.12881,0.914166,-18.134125,-16.734844,50.05,70.0,-18.152370311620153,-16.752976661716318
0.382932,-0.054558,-613.4501,-750.33684,50.05,70.0,-613.4617625243609,-750.3269940685817
-0.950657,0.310747,151.492858,86.499915,50.05,70.0,151.4756077776121,86.48106298000354
0.72303,-0.033524,134.155523,11.540624,50.05,70.0,134.17381447139837,11.541575310086309
0.555392,0.469817,-81.847925,-48.384456,50.05,70.0,-81.84753211180212,-48.370996607430506
0.211865,0.811472,-93.367218,-128.581583,50.05,70.0,-93.38520760845422,-128.58767619053177
0.40196,-0.254114,-28.594379,-5.126115,50.05,70.0,-28.603929467413593,-5.125526499723492
-0.900725,-0.484567,35.700807,-45.481497,50.05,70.0,35.68207488656056,-45.49837004681622
-0.112925,0.069164,-130.368282,-21.294315,50.05,70.0,-130.36156372427482,-21.295096113683048
0.434559,-0.374175,-16.799026,-2.048784,50.05,70.0,-16.784414795166605,-2.062312896176679
-0.752098,-0.514131,-123.737445,-69.46574,50.05,70.0,-123.75711209174803,-69.48531497681728
-0.998309,-0.577898,222.701005,120.532675,50.05,70.0,222.6910255194493,120.53644374601586
-0.736259,-0.312812,-179.761249,8.37488,50.05,70.0,-179.7784329129133,8.393922114175018
0.563391,0.909576,232.980443,112.921502,50.05,70.0,232.96503883446456,112.90532566917341
-0.760196,-0.618559,4.613565,-10.258421,50.05,70.0,4.596453893518721,-10.267906140172576
-0.113786,-0.399899,206.8032,258.828062,50.05,70.0,206.79930773239,258.80989953828265
0.896427,0.241575,-17.472776,0.420883,50.05,70.0,-17.455556558691676,0.43738164159962734
0.147307,-0.206435,-38.85022,7.485225,50.05,70.0,-38.855612177501065,7.50250490896493
0.454294,-0.688482,168.663197,1.049622,50.05,70.0,168.64599898399393,1.0536275762104998
0.687512,-0.977474,-3.572198,-0.797109,50.05,70.0,-3.5572524931727374,-0.7861112355438579
-0.405523,0.3758,-268.975425,-169.280533,50.05,70.0,-268.9560796030365,-169.26128704670836
0.066612,-0.449907,-116.249874,319.691037,50.05,70.0,-116.23832706044986,319.6710669452528
0.4203,-0.025381,-74.180105,374.621333,50.05,70.0,-74.16695579003647,374.64096322876577
-0.573603,-0.551433,13.534735,5.665788,50.05,70.0,13.533643420318766,5.66836943708948
0.063964,-0.958093,-1199.301847,547.778318,50.05,70.0,-1199.3127606597948,547.7642573088829
-0.667057,0.776352,17.416519,-2.216245,50.05,70.0,17.436445684391586,-2.2035328213364482
0.141354,-0.257769,-133.82145,132.102298,50.05,70.0,-133.8074266626937,132.08232501853985
-0.318643,0.567637,235.366088,-685.751926,50.05,70.0,235.3852600034067,-685.7579126162198
0.273619,0.722586,-48.072893,8.459552,50.05,70.0,-48.09276376966175,8.458899575759995
0.507398,-0.164354,1005.001163,109.211443,50.05,70.0,1004.9902040817392,109.2120102355885
-0.294608,0.530633,62.084433,-11.449953,50.05,70.0,62.071531869776294,-11.466510276376052
0.340511,0.970247,-19.201356,3.669332,50.05,70.0,-19.21099529869957,3.6655901004784033
0.93351,-0.496431,-4.364211,-1.698598,50.05,70.0,-4.380264751254215,-1.7183093786266896
0.489923,0.128741,-27.169954,225.740082,50.05,70.0,-27.185223120414115,225.7256030093873
-0.25583,0.272832,125.900869,20.127529,50.05,70.0,125.90299855704575,20.135039849915852
-0.516594,-0.393479,198.450576,114.04619,50.05,70.0,198.43058616463392,114.063832904559
0.805357,-0.361571,-94.15375,-87.813483,50.05,70.0,-94.14003612304985,-87.79565297532334
-0.921381,0.353408,30.22766,33.476899,50.05,70.0,30.212244147478764,33.49574170441172
-0.267077,-0.767921,90.030317,76.86168,50.05,70.0,90.04750501247462,76.84930798151588
-0.448101,0.770834,-34.779654,24.761218,50.05,70.0,-34.798836968176325,24.752336846644422
-0.587566,0.776184,-1.940081,2.310738,50.05,70.0,-1.957046090277244,2.2914929052429067
-0.678236,0.886373,-27.440494,-22.833524,50.05,70.0,-27.458040741001753,-22.82318661814677
-0.73686,-0.398091,49.337263,-23.931371,50.05,70.0,49.331806385448914,-23.932795626369504
-0.713469,0.734446,15.749756,2.48068,50.05,70.0,15.746510996582208,2.461115071504754
-0.162397,0.601829,299.85734,-156.264259,50.05,70.0,299.8412447442139,-156.27893355220476
0.947854,0.590398,-60.198571,16.893058,50.05,70.0,-60.19156836699166,16.909564263455145
0.814058,-0.127286,39.798279,-58.123761,50.05,70.0,39.778283615678305,-58.13334492073931
0.710197,0.278454,-86.790091,25.483413,50.05,70.0,-86.7704233661105,25.50175008051934
-0.026412,0.099488,846.450426,-1154.947906,50.05,70.0,846.4409741060038,-1154.9651941495677
0.097868,0.862682,-30.338701,-98.268627,50.05,70.0,-30.357710005068665,-98.25614875772911
-0.90626,0.487295,-24.559887,-23.7983,50.05,70.0,-24.552301348085212,-23.817535844116307
-0.031689,-0.593108,56.048486,363.594576,50.05,70.0,56.06541482917858,363.57854225620173
-0.35855,-0.141674,238.479025,-112.17981,50.05,70.0,238.45918045210874,-112.17660955955469
0.879613,-0.344764,-40.985018,-11.782771,50.05,70.0,-40.999032388886086,-11.797786424189386
-0.455364,0.694125,64.645749,-66.700635,50.05,70.0,64.63625974309056,-66.71938585508056
0.15614,0.243104,-211.864375,-121.631328,50.05,70.0,-211.84503931310138,-121.64777632705912
-0.143195,-0.676989,104.62216,196.088908,50.05,70.0,104.62744897117275,196.0881956871318
-0.151981,-0.343515,230.160017,162.324321,50.05,70.0,230.17775601219233,162.3355083496444
0.538136,0.446267,15.709197,4.199357,50.05,70.0,15.725965245222946,4.179357380522487
0.406028,0.108877,4.774538,48.502462,50.05,70.0,4.763085968070531,48.508577362672185
-0.108957,0.758173,112.215214,-63.110495,50.05,70.0,112.19552854236017,-63.11643943020956
0.608821,0.446201,129.037973,-23.758798,50.05,70.0,129.04904250023242,-23.766722934201354
-0.70707,0.278496,117.004388,40.518677,50.05,70.0,117.02437252473014,40.53415643826487
0.679699,-0.29819,-88.101277,-41.693057,50.05,70.0,-88.119280488711,-41.67754856381145
0.321247,-0.805116,-98.254898,46.512226,50.05,70.0,-98.25323445151516,46.51973273920287
0.419434,-0.576996,377.681845,243.396361,50.05,70.0,377.6633116483605,243.3773268158005
0.427675,-0.060622,-569.44775,-711.405093,50.05,70.0,-569.4612738350284,-711.3935539850823
-0.878222,-0.279217,87.437888,-25.206821,50.05,70.0,87.43064825464145,-25.224294787372575
-0.795952,0.439156,158.157507,22.737167,50.05,70.0,158.1686092709251,22.74969587868902
0.900093,-0.140919,380.109514,137.782433,50.05,70.0,380.0938056065049,137.76256737543758
-0.428223,0.853948,36.751345,-309.437484,50.05,70.0,36.73136705014099,-309.43695515694606
0.296535,-0.131233,66.55909,64.590849,50.05,70.0,66.57086963565541,64.61039545162681
0.374861,0.296838,-247.38891,-273.095233,50.05,70.0,-247.40688262338017,-273.0819278177913
0.957723,0.453921,15.081618,9.374236,50.05,70.0,15.086618572206026,9.394235026566408
-0.9433,-0.049696,-281.594783,160.121355,50.05,70.0,-281.5852058705852,160.13850499545603
0.760238,-0.673656,26.634077,-9.466564,50.05,70.0,26.638225269590432,-9.459756742678374
-0.134806,0.322817,56.789528,121.9386,50.05,70.0,56.793971120609505,121.94576691100013
-0.413096,-0.903692,7.0251,-51.793874,50.05,70.0,7.005547859890439,-51.81073377755029
-0.354333,0.733347,72.987873,-11.897463,50.05,70.0,72.98384189658427,-11.880053375821017
-0.644759,-0.46176,-41.532226,-73.901764,50.05,70.0,-41.513591652941614,-73.88275437063926
-0.800775,-0.628646,-40.895083,-16.853446,50.05,70.0,-40.90563497932635,-16.87271128754098
0.344547,0.806241,12.616282,708.163252,50.05,70.0,12.611501931458356,708.1826324388865
0.496776,-0.693667,-292.426993,60.643212,50.05,70.0,-292.4070204187796,60.63775382533968
-0.453615,0.091079,89.870508,5.153898,50.05,70.0,89.88239968985746,5.134007710116172
0.766772,-0.870775,0.594818,-0.412882,50.05,70.0,0.5772054717374965,-0.43260208399973143
0.880628,0.719679,4.868066,1.589425,50.05,70.0,4.887979305838467,1.6034676089403117
-0.355928,-0.084678,1715.252389,-248.072585,50.05,70.0,1715.2416608741676,-248.05339739574268
0.813483,0.206679,-33.301563,4.248245,50.05,70.0,-33.2879313432239,4.228245115896541
-0.350427,0.369224,-96.64137,67.36014,50.05,70.0,-96.65347828226786,67.3766645495675
-0.458345,0.59525,348.03668,418.864785,50.05,70.0,348.0546678249158,418.8841182895668
0.365201,-0.06102,-193.817951,960.23289,50.05,70.0,-193.80345319149984,960.2347190135971
0.436525,0.668303,442.048305,237.347831,50.05,70.0,442.0341986907117,237.3504453607998
0.160251,-0.668932,-217.252061,211.423564,50.05,70.0,-217.2320689000388,211.43845743886953
-0.743036,-0.202044,146.127005,-35.510726,50.05,70.0,146.10703377103692,-35.51498773214895
0.248785,-0.671742,-154.824636,28.121124,50.05,70.0,-154.81077012711876,28.126639754443854
0.023855,0.935826,-221.73696,-922.235979,50.05,70.0,-221.7244133911433,-922.2551009928674
0.434278,0.909483,219.821386,9.758036,50.05,70.0,219.8014771215139,9.77604060097018
-0.317065,-0.904603,-46.370807,392.764219,50.05,70.0,-46.377206185576625,392.7804520434361
0.341891,0.163958,-166.607807,123.748595,50.05,70.0,-166.60480285777976,123.73120870182073
-0.359043,-0.433525,148.126779,154.216798,50.05,70.0,148.10709149566836,154.23098851640185
-0.250018,-0.049102,95.717593,-0.708758,50.05,70.0,95.72542182581257,-0.6990833447587318
0.737466,0.5925,28.247731,6.294063,50.05,70.0,28.24881823307206,6.274239667626938
0.153246,-0.398704,-70.102442,86.496849,50.05,70.0,-70.11984534065735,86.50130389639553
0.982036,-0.915859,-0.238036,0.140569,50.05,70.0,-0.22510817893660318,0.1479988551965288
-0.842601,0.409434,-13.623336,71.739681,50.05,70.0,-13.61276583322795,71.75051465907346
-0.642077,0.605229,73.701573,14.666068,50.05,70.0,73.68399349536497,14.654296876128562
0.084655,0.789626,-19.30984,2.033878,50.05,70.0,-19.323393731483456,2.020531309144817
-0.750991,0.093328,-209.991673,-1255.988233,50.05,70.0,-209.99372039756844,-1255.9725121885783
0.565286,0.766201,94.943459,29.583083,50.05,70.0,94.93830656076547,29.564206688562916
-0.453507,-0.091779,222.671425,71.322023,50.05,70.0,222.65144048129676,71.32864503032617
-0.526502,-0.915857,-5.168718,-0.907647,50.05,70.0,-5.149020530292433,-0.8924908330979012
-0.814441,-0.317604,86.982343,-86.766426,50.05,70.0,86.97657905251936,-86.7624748140004
0.025872,0.828404,-280.508609,-973.238275,50.05,70.0,-280.51131359642284,-973.2347322965131
0.981175,0.604779,56.882221,-25.275909,50.05,70.0,56.869095987984906,-25.27784535902374
0.515538,0.648579,-1459.634468,-638.416129,50.05,70.0,-1459.638881548285,-638.4354942893983
0.673754,-0.208759,-80.027578,-16.782824,50.05,70.0,-80.04335433723331,-16.79089097087819
-0.613032,0.768328,-5.044196,2.794468,50.05,70.0,-5.024467064682125,2.814390189698529
-0.713186,-0.525404,160.72822,-54.96308,50.05,70.0,160.74816532826827,-54.94664839975148
-0.459479,-0.456309,166.265702,115.272156,50.05,70.0,166.24584937296044,115.26478863703883
0.821356,0.526478,-0.615518,1.383,50.05,70.0,-0.6037057978240696,1.3630409494152425
0.510686,-0.896851,19.677357,-5.958614,50.05,70.0,19.69732990346701,-5.969463552007401
0.630074,-0.343202,-62.798336,-23.60435,50.05,70.0,-62.77878386649498,-23.584630191841352
-0.188285,-0.498251,116.138828,128.963594,50.05,70.0,116.12460017232299,128.94604715398432
-0.10456,0.65807,39.909152,-110.961709,50.05,70.0,39.890151258303916,-110.96061701333939
0.17649,0.275023,-255.003108,17.50212,50.05,70.0,-255.0118791742212,17.519941597009044
0.306207,0.42745,-16.571253,1.780208,50.05,70.0,-16.56125058933899,1.7879215186161048
0.155704,0.915024,-1204.885671,1234.570632,50.05,70.0,-1204.8783194223395,1234.5788682424493
0.816557,-0.11953,100.743689,-194.260851,50.05,70.0,100.75417895393491,-194.25113678826654
-0.947305,0.643544,-0.325099,0.374799,50.05,70.0,-0.30601127338184936,0.37370557197234117
0.045283,-0.933323,-1300.662107,971.873273,50.05,70.0,-1300.6495705232942,971.8928178799495
-0.352047,-0.853393,73.515538,22.09539,50.05,70.0,73.50557945317512,22.07539128810448
-0.977599,-0.509048,-50.018439,-10.540148,50.05,70.0,-50.03142000175294,-10.533561680685878
0.438329,-0.998256,33.799447,-8.405987,50.05,70.0,33.81800865402778,-8.390050427873803
0.319536,0.438831,196.772073,-531.290204,50.05,70.0,196.79152593162,-531.3073389724494
-0.561727,-0.943282,-156.51234,129.719763,50.05,70.0,-156.49253586980603,129.70068683740274
0.263155,0.851782,-118.254707,-103.841545,50.05,70.0,-118.23974841199426,-103.82567327922385
-0.106506,-0.054432,209.812686,64.884581,50.05,70.0,209.79780834296852,64.90406107147328
-0.839635,0.261418,91.755211,155.008018,50.05,70.0,91.77128271417196,155.027910916105
-0.342204,0.58386,-164.536746,-197.430576,50.05,70.0,-164.5495196799031,-197.41226196207367
0.927873,0.769064,0.782111,1.159716,50.05,70.0,0.7727938170341322,1.1453433473957095
-0.349714,0.349282,15.690367,1.188263,50.05,70.0,15.683662005026891,1.1683403572420763
0.380099,0.330094,-52.377336,11.508093,50.05,70.0,-52.36059578494606,11.49964110130353
-0.118359,0.732304,585.865421,-49.024628,50.05,70.0,585.8638443771309,-49.02049706127772
-0.168187,-0.726319,280.342464,176.371141,50.05,70.0,280.3585182605407,176.38806485820896
0.748302,0.718374,-5.276615,-0.174088,50.05,70.0,-5.291907251734202,-0.16778788797950983
-0.286432,-0.066968,366.053828,-90.006367,50.05,70.0,366.06795156010037,-90.0121132391358
0.472001,0.912512,-217.070305,-253.802,50.05,70.0,-217.06646043872027,-253.80337365401365
0.590603,0.264438,-55.967953,45.885035,50.05,70.0,-55.96972888380799,45.86559886005061
0.411222,-0.593828,42.959113,-19.318476,50.05,70.0,42.94480785324921,-19.310622622334428
-0.472486,0.934477,-22.124318,45.077224,50.05,70.0,-22.13878374743013,45.06149612445967
-0.239872,0.46964,162.378245,-46.709398,50.05,70.0,162.36070931576037,-46.705219492541445
-0.765051,-0.217004,206.687344,-123.126163,50.05,70.0,206.68976495058115,-123.14594652763031
0.805557,0.995206,32.410269,12.421296,50.05,70.0,32.39700070718936,12.426424531515327
0.425181,0.00973,411.162256,65.549825,50.05,70.0,411.1793345773904,65.55689129043179
-0.473595,0.296809,-215.538907,-101.136317,50.05,70.0,-215.54119860045813,-101.15615273237405
0.46067,0.488996,35.803601,32.578309,50.05,70.0,35.79452058254664,32.55833684686605
0.562687,-0.919574,-5.342745,-16.516552,50.05,70.0,-5.358428319874219,-16.51675574536544
0.71299,-0.77158,145.365244,13.330852,50.05,70.0,145.35265548053567,13.322108066421915
0.061619,-0.375351,-64.112185,225.621771,50.05,70.0,-64.11765620164554,225.64163080242375
-0.527831,0.750487,-14.746474,1.906151,50.05,70.0,-14.748589575537958,1.9042527146160177
-0.571274,0.599557,-56.262472,18.87715,50.05,70.0,-56.259721338427816,18.879937248031588
0.74611,-0.1365,23.039514,-46.994849,50.05,70.0,23.02748677084553,-47.00494996976167
-0.149217,0.112075,182.617107,-61.493941,50.05,70.0,182.62501264401757,-61.50269194484023
-0.352835,-0.105565,142.105534,43.192415,50.05,70.0,142.1199896206658,43.209694045237
-0.231204,0.155829,153.241817,115.826386,50.05,70.0,153.2594456037529,115.8452442761231
-0.987853,-0.843883,0.063833,-1.454225,50.05,70.0,0.04713512529334364,-1.4352350449957056
0.860184,-0.892555,38.702901,9.143214,50.05,70.0,38.72263597393035,9.149249555273533
0.821412,-0.526986,2.234756,-18.092007,50.05,70.0,2.222713628686562,-18.0884617202464
0.95386,-0.477974,-39.359909,-18.533151,50.05,70.0,-39.339910260729674,-18.54185038543075
0.694329,-0.407974,-32.578352,-12.128682,50.05,70.0,-32.56204712948508,-12.110860227166999
-0.826372,-0.828277,-26.408585,-6.396164,50.05,70.0,-26.41929151667936,-6.376256153569687
-0.847973,0.123984,-119.996986,259.958128,50.05,70.0,-120.01172731940736,259.9381631152975
-0.195289,-0.216722,174.486806,56.714634,50.05,70.0,174.5015623485198,56.72661106801647
-0.438922,-0.96166,-144.226715,6.699608,50.05,70.0,-144.20927298491347,6.702360456516817
-0.624105,0.67209,42.042204,6.851789,50.05,70.0,42.04808715555854,6.832544235948108
-0.18266,0.029279,257.174637,-5.43648,50.05,70.0,257.15688660703574,-5.4479210595230905
0.086732,-0.300822,289.526328,-326.588416,50.05,70.0,289.5389984877277,-326.6044271267586
0.079173,0.6554,-74.822304,-253.141891,50.05,70.0,-74.82920673335542,-253.16120850761885
-0.686669,-0.840253,33.438436,-11.724773,50.05,70.0,33.420926716755275,-11.74022627961039
-0.127054,0.607024,502.596736,-67.686394,50.05,70.0,502.6118933286715,-67.66723165717285
0.258548,-0.580438,-94.251511,63.536822,50.05,70.0,-94.25898977016988,63.556818519278835
0.586674,0.233048,-72.269383,16.571918,50.05,70.0,-72.25090476833131,16.551958639397895
0.831146,-0.921401,12.710356,0.931173,50.05,70.0,12.690387941098015,0.9462100781911174
0.018471,0.441741,-236.966203,901.749288,50.05,70.0,-236.97684336059433,901.7312841466178
0.34671,-0.839147,123.369878,232.236944,50.05,70.0,123.35120435207827,232.24606526229311
0.464142,0.835096,43.253163,26.491932,50.05,70.0,43.26297483218049,26.474419597487
-0.545212,0.627341,276.033057,-305.086069,50.05,70.0,276.05270791245505,-305.09677201604563
-0.282612,0.145966,-207.2594,1.860947,50.05,70.0,-207.25700490281997,1.879138171659341
-0.752999,0.343472,49.73467,17.771141,50.05,70.0,49.750225407113575,17.753471151195605
0.741494,0.289561,-58.809593,16.615677,50.05,70.0,-58.78989437508944,16.621760111637446
0.657696,-0.101619,-414.100606,-473.038077,50.05,70.0,-414.1089231073417,-473.0577038547406
0.081357,-0.637519,-52.350845,8.600291,50.05,70.0,-52.36746432345232,8.589519219924862
-0.783475,0.1298,-79.143821,366.295631,50.05,70.0,-79.14241492002095,366.31548339085447
-0.451309,0.84859,-662.703846,233.664021,50.05,70.0,-662.7107483154861,233.65098771039
0.25508,-0.862361,-29.790854,239.218996,50.05,70.0,-29.77580438000377,239.21363475613254
0.304436,0.649774,-68.674951,7.591819,50.05,70.0,-68.6698097145025,7.580041914219689
0.75783,0.852401,12.844116,2.320313,50.05,70.0,12.827677235711695,2.323934303067703
0.298417,-0.511229,170.920778,-97.952525,50.05,70.0,170.9271798848122,-97.93260718718774
-0.231936,-0.147693,54.180369,-49.295198,50.05,70.0,54.160561991422085,-49.280226377592896
-0.283081,0.253307,129.936721,10.515999,50.05,70.0,129.95144015331826,10.49979231828596
-0.666208,-0.955802,300.548514,-381.044073,50.05,70.0,300.52875556166464,-381.03431792632415
-0.157047,0.513648,60.33297,-84.010784,50.05,70.0,60.34887591863311,-83.99083575325236
0.88706,0.814267,0.829882,0.290196,50.05,70.0,0.8497386121406385,0.27952184412826303
-0.619663,-0.683913,108.40518,-48.906411,50.05,70.0,108.4149814335505,-48.90843089545432
-0.528245,-0.210286,278.067743,575.009581,50.05,70.0,278.05831942024486,575.0059224026118
-0.280048,-0.774004,-28.042698,28.479885,50.05,70.0,-28.059820827310617,28.471864840243402
-0.681223,0.682546,26.633345,-0.56304,50.05,70.0,26.626932435500613,-0.5561639588926591
-0.449537,0.630414,-298.372268,-706.061441,50.05,70.0,-298.3573359866752,-706.0798996191683
-0.632018,-0.328916,57.346134,-31.618647,50.05,70.0,57.32915915442563,-31.63191057414833
-0.092854,-0.591891,61.537132,191.670972,50.05,70.0,61.533766081997065,191.69061049635934
0.09083,0.577285,-453.96026,280.682165,50.05,70.0,-453.9448313269928,280.68215284437326
0.425081,0.329236,-43.470742,11.931543,50.05,70.0,-43.470091206537276,11.914855703838606
-0.53054,-0.789184,0.821821,0.542686,50.05,70.0,0.8301250002953391,0.5313390038040966
0.187044,-0.357755,-110.018156,28.85616,50.05,70.0,-110.02276348120441,28.837125971942722
-0.79172,-0.433657,0.89296,-29.848245,50.05,70.0,0.9129575745684413,-29.853146343511646
-0.476745,-0.654434,-109.771283,81.642885,50.05,70.0,-109.77511162124435,81.63080521664608
0.933616,-0.708434,-1.657619,-2.804166,50.05,70.0,-1.6774838097397466,-2.8125781234808507
-0.650074,0.209439,-193.904926,-420.285201,50.05,70.0,-193.91082647264258,-420.29193285881115
0.036009,-0.789644,125.551123,-292.1735,50.05,70.0,125.55166125661715,-292.15658594554714
0.461196,-0.674547,15.100754,-24.343403,50.05,70.0,15.086336021919406,-24.32351429686527
0.880844,0.336714,-87.278501,32.327374,50.05,70.0,-87.29826076212291,32.308202694135915
-0.85176,0.471027,-79.454293,-66.505364,50.05,70.0,-79.44502193249453,-66.50257302523627
0.558453,-0.086879,-216.065469,-28.422815,50.05,70.0,-216.0519477517929,-28.40424562557093
-0.172874,0.509053,62.706272,-72.967756,50.05,70.0,62.69822591845802,-72.95157080436861
-0.340797,0.222171,-121.369523,-135.020909,50.05,70.0,-121.37615266958673,-135.03826306908095
0.033989,-0.740887,-1463.187746,1153.874103,50.05,70.0,-1463.168015643544,1153.860613754856
-0.092961,-0.387338,-56.775675,-28.808755,50.05,70.0,-56.766626421812845,-28.800313007266013
0.006852,-0.83968,-2.579622,135.119815,50.05,70.0,-2.5827422906157356,135.13872454553828
-0.501684,0.197301,-124.390107,-141.207443,50.05,70.0,-124.40474535349666,-141.1875148849544
0.042524,0.70541,-58.022723,127.507738,50.05,70.0,-58.01865912383332,127.5170392543882
-0.167653,0.253782,-189.581927,159.610433,50.05,70.0,-189.58017662249176,159.62361242071987
-0.688978,0.354746,41.363029,22.823858,50.05,70.0,41.38009158594487,22.84111444333819
0.213339,-0.414485,-80.861336,54.366765,50.05,70.0,-80.8414100183344,54.35527449471237
-0.25426,0.65787,30.279318,219.055145,50.05,70.0,30.297491597728843,219.0716501014573
0.828573,-0.170762,381.520491,-100.586562,50.05,70.0,381.51500262057147,-100.6024142524212
-0.004889,-0.174083,65.523794,903.932851,50.05,70.0,65.54150404183846,903.9453873551054
0.183487,-0.131948,-243.463703,-192.381535,50.05,70.0,-243.4746688817382,-192.3825073818242
0.352901,-0.794924,-73.714431,17.668739,50.05,70.0,-73.70702929658097,17.65803099116584
