init_x,init_y,final_x,final_y,time_delay,true_h0,corrected_x,corrected_y
0.838793,-0.413717,0.559497,-0.315277,50.05,70.0,0.539497312331869,-0.3341045373295319
0.664509,0.4017,-0.466605,0.20729,50.05,70.0,-0.449392965702283,0.1934792968912358
-0.623029,0.7598,0.711912,0.485974,50.05,70.0,0.7249747839602758,0.4676956822161008
-0.043576,-0.376069,-0.178274,0.654901,50.05,70.0,-0.18092442720993127,0.6674679369588196
-0.585777,0.847975,0.795734,0.340183,50.05,70.0,0.8155649300526677,0.32679027388137993
-0.090284,0.597004,7.901778,23.587029,50.05,70.0,7.881935096900236,23.58229472967347
-0.146761,-0.61361,5.337448,-1.73571,50.05,70.0,5.323870520836351,-1.7353840633188733
-0.942615,-0.537639,2.692608,-3.314167,50.05,70.0,2.7078022612201145,-3.301682690489075
-0.097973,-0.625869,11.739686,3.708748,50.05,70.0,11.733664573211213,3.6978048266981864
-0.978955,0.700878,5.255991,-20.446546,50.05,70.0,5.236162283114162,-20.438325419577207
-0.339232,0.527725,16.971225,-0.377203,50.05,70.0,16.952210427847575,-0.39719202943790066
-0.51862,-0.445823,0.530902,-0.316274,50.05,70.0,0.510903118015234,-0.33394804161365665
-0.953947,-0.983914,-0.771666,-0.950271,50.05,70.0,-0.7516811815857865,-0.9653500613528624
-0.637777,0.889842,0.630478,0.579604,50.05,70.0,0.6353014271229688,0.5596051658155689
-0.43177,-0.763999,-1.971613,-0.618306,50.05,70.0,-1.9726138348892333,-0.6364578114189454
-0.538442,0.412153,-0.314798,0.110732,50.05,70.0,-0.3042819207827092,0.11066812664447795
-0.945175,0.441075,0.227419,-0.093647,50.05,70.0,0.2183927607450745,-0.08524235362983988
-0.847111,0.608606,-1.381042,0.214267,50.05,70.0,-1.3634851862350836,0.23052100743099946
0.839966,-0.68909,-0.722293,-0.637967,50.05,70.0,-0.721328527280148,-0.6557995218698204
0.458135,-0.128089,-0.040635,0.041556,50.05,70.0,-0.036509236813756306,0.061144617278761235
-0.785845,0.307371,0.52544,0.233254,50.05,70.0,0.5438257786036018,0.21584216597920294
-0.023375,-0.864805,1.735909,1.293135,50.05,70.0,1.7395385696922043,1.2784364011679736
-0.774877,0.635084,-0.740478,0.460134,50.05,70.0,-0.7255728272019533,0.44319737395351516
-0.147888,0.445856,-4.928265,2.75874,50.05,70.0,-4.909433143561581,2.7763733092017095
-0.491398,-0.933041,-0.509246,0.738369,50.05,70.0,-0.5197040468757821,0.7218100965225189
0.38696,-0.354992,-0.359935,-1.004089,50.05,70.0,-0.3408765040388907,-1.0086267116443903
-0.354114,0.401535,-11.543765,-1.285906,50.05,70.0,-11.54668145760323,-1.2781058619017516
0.590393,0.730331,0.470415,0.353113,50.05,70.0,0.49003684933383435,0.33902924259775524
0.681457,-0.75554,-0.689692,-0.729391,50.05,70.0,-0.6800095095022919,-0.7484566907697499
-0.360657,0.429683,-0.042203,0.199435,50.05,70.0,-0.02540417449811856,0.21899137648332456
-0.325887,0.814563,-17.311634,-20.947647,50.05,70.0,-17.294131661083398,-20.944374342923176
0.367941,-0.01921,0.234811,0.006038,50.05,70.0,0.23541470828332692,0.01376629686467827
-0.857306,-0.736914,-0.766403,-0.620096,50.05,70.0,-0.7672250214557896,-0.6355155421405029
0.690544,-0.025822,2.157723,-0.127725,50.05,70.0,2.145801160089868,-0.13183470059923275
0.005887,0.947041,-3.33246,-50.837058,50.05,70.0,-3.338058479948499,-50.84862100131022
0.922567,-0.411475,0.79343,-0.253442,50.05,70.0,0.7743445896855244,-0.26700494925367396
0.338929,0.375508,1.294764,1.161644,50.05,70.0,1.285617848103379,1.1812816833989557
-0.835153,-0.40815,-1.116303,-0.414346,50.05,70.0,-1.1338456910532362,-0.39907069841139414
0.228534,0.975894,-1.282782,-0.854514,50.05,70.0,-1.2646854249641168,-0.8346846462316699
-0.153136,0.244741,12.506584,-11.992974,50.05,70.0,12.512007423359021,-11.973860975116754
-0.637796,0.565626,-0.665254,0.48889,50.05,70.0,-0.6524134071739915,0.4692300889905176
0.483818,-0.470077,-0.553344,-0.177003,50.05,70.0,-0.5688224897277108,-0.19561408515717707
-0.578807,-0.003424,0.081605,-0.012547,50.05,70.0,0.08035112285438843,0.005811125741119085
0.451572,-0.429196,-0.446043,-0.005132,50.05,70.0,-0.4465561436836624,-0.017385150094975217
0.503128,0.075698,-0.565168,-0.033475,50.05,70.0,-0.5684998921827864,-0.05248625850299477
0.252059,0.353848,18.508748,-16.269539,50.05,70.0,18.515299087607886,-16.2721959873786
-0.884494,0.301483,-9.824254,-13.939606,50.05,70.0,-9.835264477199189,-13.931330735394182
-0.970095,-0.394323,-0.522196,0.001055,50.05,70.0,-0.5220905004892665,-0.016194943835859635
0.616416,0.10081,0.070842,0.01587,50.05,70.0,0.07242733512047445,0.034628415851735025
0.320061,-0.741664,-0.71888,0.073454,50.05,70.0,-0.7116986233213589,0.05546955086541763
0.845581,-0.328121,17.839586,-10.588592,50.05,70.0,17.830633366137256,-10.581970159719377
-0.737781,0.120552,4.728914,-7.782937,50.05,70.0,4.710162622124542,-7.781286377642916
0.12473,0.335402,-0.651563,-0.345861,50.05,70.0,-0.6713122756194801,-0.36572607564031495
-0.905655,0.66397,3.910342,1.329662,50.05,70.0,3.9174833154045605,1.3449310543691875
-0.656539,-0.459025,0.620846,-0.44206,50.05,70.0,0.6047981587364557,-0.46204604194503035
-0.840109,0.293736,-0.661748,0.254912,50.05,70.0,-0.642619160765846,0.2351907325054041
0.823351,0.051967,-5.630634,0.188621,50.05,70.0,-5.614446290071211,0.16876762734949913
-0.590832,-0.113587,-0.164883,0.18705,50.05,70.0,-0.1487880498485341,0.20062973119884736
0.936889,0.295477,-0.338267,0.737118,50.05,70.0,-0.34861820867227655,0.7347130602139078
0.081903,0.548353,-0.639268,1.787414,50.05,70.0,-0.6298959537557465,1.7674439652337717
0.170771,0.141303,0.626669,0.040283,50.05,70.0,0.6306701185129923,0.02028368023404135
0.877731,0.017279,0.833326,-0.00646,50.05,70.0,0.8326801123216974,-0.0168413393192928
0.403747,-0.219953,-0.399124,-0.031719,50.05,70.0,-0.40228261990976827,-0.03996220269589375
-0.746458,0.275676,-0.496208,0.087408,50.05,70.0,-0.4877428092380138,0.07161493460713338
-0.712661,0.308767,0.430689,0.191999,50.05,70.0,0.44707277401381657,0.18099424943824516
-0.550356,0.163225,-0.627732,0.180262,50.05,70.0,-0.6120491890736108,0.16026208600450914
-0.669233,0.201051,0.300855,0.196087,50.05,70.0,0.3174697919343348,0.19741644554412846
-0.928562,-0.345406,0.274142,-10.707914,50.05,70.0,0.2767841514687346,-10.703938921278779
0.756534,-0.939185,0.576684,-0.54604,50.05,70.0,0.5686862765474083,-0.5653771627922981
-0.888133,-0.858243,-0.912648,-0.79786,50.05,70.0,-0.8976526936144932,-0.8008319322975737
-0.486261,-0.588199,-0.202524,-0.030791,50.05,70.0,-0.20559095086271886,-0.020198196019430563
0.137691,0.164812,-0.184704,-1.007973,50.05,70.0,-0.1657668558492283,-0.9959126821689794
-0.006562,-0.282285,1.076167,-1.295942,50.05,70.0,1.0722617578900444,-1.28354665611525
-0.362647,0.999127,1.172802,1.121279,50.05,70.0,1.1602761196043858,1.1395474981377613
0.329001,-0.476142,0.114995,-0.115229,50.05,70.0,0.1040990938166101,-0.09844488203943655
-0.512774,-0.191298,0.373366,-0.141508,50.05,70.0,0.3603666753925883,-0.14734257430719466
0.847437,0.867677,0.863263,0.735483,50.05,70.0,0.8530520338844572,0.7277670150620487
-0.955771,0.356347,-2.710502,-0.132121,50.05,70.0,-2.7227738937007255,-0.12108273324928366
-0.870525,-0.915015,0.660326,-0.535176,50.05,70.0,0.6513448065466462,-0.5549204266544812
-0.654379,-0.154424,4.358712,-2.419034,50.05,70.0,4.367791127767976,-2.438644856080299
0.600792,-0.49551,-0.639606,-0.464863,50.05,70.0,-0.6541917176048998,-0.48483115671284904
-0.042589,0.205582,0.472857,-0.227277,50.05,70.0,0.4547146408366995,-0.24153308861872178
-0.789416,0.288056,-13.263228,-8.419422,50.05,70.0,-13.244208301291813,-8.438259054780566
-0.642279,-0.784763,0.641516,-0.51354,50.05,70.0,0.6306578963827889,-0.5334964724990016
0.49172,0.344318,0.491745,0.218196,50.05,70.0,0.5094865944855653,0.20268067273016518
0.944366,-0.035557,-0.333685,-0.043317,50.05,70.0,-0.3379829133449784,-0.045266473162578584
0.393728,-0.609312,-1.676636,-1.321061,50.05,70.0,-1.6829675587984216,-1.3311578304677123
-0.705618,0.670033,-0.492526,0.303171,50.05,70.0,-0.4725561779016301,0.28760650847095925
-0.754379,-0.840722,0.78932,-0.829163,50.05,70.0,0.8061948964116313,-0.843025118789711
-0.016003,-0.957273,20.913294,-9.294904,50.05,70.0,20.901200308067043,-9.307431339541637
-0.883803,-0.078816,-2.463898,-0.166635,50.05,70.0,-2.4786994075729316,-0.14724141090425302
-0.657568,0.249066,-0.462131,0.088539,50.05,70.0,-0.4535634755791351,0.07505532920999819
0.046181,0.159455,-0.082559,0.628313,50.05,70.0,-0.0825584469282042,0.646633062578248
-0.041427,-0.258595,1.97124,-0.43908,50.05,70.0,1.9550161010892992,-0.45724744048372845
-0.213391,-0.464526,1.408633,-1.365879,50.05,70.0,1.3982439569543765,-1.351381999987141
0.719122,0.285973,0.573491,0.140691,50.05,70.0,0.5864281273343989,0.12143781985448109
0.34051,0.95126,13.921991,3.312385,50.05,70.0,13.90691321642206,3.329985166288595
-0.177164,0.405058,6.127384,7.797841,50.05,70.0,6.146601217515295,7.812073237398572
-0.195297,-0.364577,15.715894,4.483452,50.05,70.0,15.707627338440423,4.463467722067422
0.549184,0.142593,0.344218,-0.043736,50.05,70.0,0.3398791750259956,-0.04673057003193858
0.557603,-0.366559,-0.283301,-0.032775,50.05,70.0,-0.28656385013267766,-0.029701402334293022
-0.759608,-0.737611,0.59319,-0.383788,50.05,70.0,0.574389847512903,-0.40348028888690374
0.974501,0.431479,7.362954,-1.866918,50.05,70.0,7.361152685046976,-1.8542420255640668
-0.139017,-0.465848,0.521964,-0.689882,50.05,70.0,0.5280235859432607,-0.7071201915978548
0.49923,0.562429,0.501357,0.073698,50.05,70.0,0.5085611441189699,0.05759428445708829
0.736634,0.609815,0.397292,0.141749,50.05,70.0,0.4103096302757966,0.13367305640544874
-0.837504,0.065398,-0.100679,-0.036547,50.05,70.0,-0.10431339425961252,-0.019028002844017698
-0.84746,0.744574,-0.196558,-0.107581,50.05,70.0,-0.20680475930005296,-0.0964869341169916
0.047595,-0.06643,0.016378,0.062443,50.05,70.0,0.022521346104660236,0.08237597774567562
-0.491611,-0.504996,-0.714754,-0.372769,50.05,70.0,-0.7339013529765009,-0.3909301184723666
0.540452,-0.624042,0.454734,-0.045591,50.05,70.0,0.4502142819911689,-0.058519258614802346
-0.274324,-0.56562,-15.141417,-1.103943,50.05,70.0,-15.127588346093471,-1.0848893936308854
-0.382247,-0.432509,-0.389813,-0.435136,50.05,70.0,-0.4062643650867321,-0.44252224184667316
0.824678,0.364836,-0.548946,0.209936,50.05,70.0,-0.5316007208310133,0.1914904360146908
-0.198365,0.081516,0.245705,-0.171127,50.05,70.0,0.23060525074541316,-0.16441444931969285
0.041901,0.230598,0.060356,-0.518593,50.05,70.0,0.04992566443733955,-0.4994968210001628
-0.343304,0.090556,-0.360989,0.112225,50.05,70.0,-0.3503462195284303,0.10758470052564192
-0.025544,0.684193,5.443174,-25.745645,50.05,70.0,5.4416340497594335,-25.755449230904766
-0.761643,-0.928827,-0.662663,-0.673968,50.05,70.0,-0.6581375865128717,-0.6936738382917012
-0.791316,0.348299,0.716588,0.272385,50.05,70.0,0.736153311496384,0.25430146091665007
-0.143354,0.648725,-6.26772,1.23976,50.05,70.0,-6.269405703864451,1.259700235856808
-0.877265,-0.19332,-10.319325,2.103227,50.05,70.0,-10.337070074173141,2.107974326393287
0.870757,0.815709,-0.661261,0.591103,50.05,70.0,-0.6575608861741985,0.5713736887538411
-0.385859,0.869427,1.961855,0.863474,50.05,70.0,1.9433952147922118,0.8449342558609658
0.45956,-0.182294,0.458665,-0.182382,50.05,70.0,0.4428515089347027,-0.19560767265669027
0.176892,-0.980682,-9.551665,-2.694881,50.05,70.0,-9.567430916556603,-2.710989131939747
-0.320238,-0.242201,10.992027,-6.033927,50.05,70.0,11.010983174696573,-6.034281710158219
-0.679612,-0.245808,0.557381,-0.262011,50.05,70.0,0.5380570173619368,-0.28076610023363724
0.705784,0.108046,-0.37376,-0.072172,50.05,70.0,-0.3808215794834647,-0.07804424910451066
-0.066191,-0.47169,0.411601,-0.441213,50.05,70.0,0.3955027540697153,-0.45057622357156607
0.301431,0.146934,-0.237301,0.193125,50.05,70.0,-0.22085290717244255,0.20062304490560975
-0.487581,-0.776034,0.11417,0.152252,50.05,70.0,0.12796668382753312,0.1690808396767874
-0.807073,-0.479664,0.624317,-0.577658,50.05,70.0,0.6193049482751142,-0.5976539970715141
0.282934,-0.728021,1.522291,-0.098995,50.05,70.0,1.512790806961905,-0.09419187838776323
0.154521,-0.958287,-22.611175,8.708399,50.05,70.0,-22.61969925633133,8.728381812707413
0.068032,-0.579653,-4.378043,-1.094674,50.05,70.0,-4.363559803667853,-1.114572210593853
-0.219695,-0.416003,2.491616,-0.8406,50.05,70.0,2.5090768526116682,-0.8207171540170541
0.23846,-0.198205,0.793158,-3.500138,50.05,70.0,0.812667487193156,-3.5137209266878746
0.765163,0.08638,-1.546815,-0.222054,50.05,70.0,-1.564731374232798,-0.21966160975658308
-0.215632,-0.130368,0.271078,-0.217155,50.05,70.0,0.2533846998764544,-0.21288011235270357
0.91073,0.64153,-0.821882,0.659296,50.05,70.0,-0.8249673759053214,0.6479540275408432
0.189004,0.592042,-1.462282,1.019391,50.05,70.0,-1.4808212266138117,1.0297178000387994
0.450142,-0.466684,0.685155,-0.241479,50.05,70.0,0.6664611357500339,-0.2606768244247341
0.443666,0.691795,0.59434,0.167737,50.05,70.0,0.6092152952556036,0.14802494155302404
-0.996024,-0.169709,5.258295,1.441418,50.05,70.0,5.274254221810579,1.4494280018276788
-0.305587,0.007651,0.083129,-0.001013,50.05,70.0,0.08302770043312827,0.017284121453038755
0.59721,-0.693203,-0.634518,-0.555394,50.05,70.0,-0.6416499356164851,-0.575384392414468
-0.67076,0.52912,-0.454724,0.229078,50.05,70.0,-0.4365065775845997,0.21615050438911834
0.923375,-0.833585,0.902007,-0.826934,50.05,70.0,0.918761210522058,-0.8309535167145798
-0.0678,0.492931,-3.757488,-1.921261,50.05,70.0,-3.7538773653595454,-1.9012995714727186
0.69222,0.144364,-0.618146,-0.068625,50.05,70.0,-0.6248746313464375,-0.08859913548139906
0.331303,0.210118,0.22384,0.172033,50.05,70.0,0.2389990040952181,0.18076104774270538
-0.544488,0.786263,-5.095675,1.442731,50.05,70.0,-5.07963698698441,1.461548218485605
0.720443,0.484843,-0.550651,0.486052,50.05,70.0,-0.5375941234883659,0.46754120427062396
0.753555,0.99924,-0.867842,0.879277,50.05,70.0,-0.8868516970023225,0.8719854509981884
0.230026,0.052598,-0.229818,-0.053139,50.05,70.0,-0.2350695988825856,-0.04495264226358115
0.019987,-0.074254,0.014274,-0.0989,50.05,70.0,0.004782167848891796,-0.07895091515138376
0.009404,0.054036,-0.004055,-0.012713,50.05,70.0,-0.005325444056377748,0.007282889384567377
0.181507,0.596075,-2.010165,1.097936,50.05,70.0,-2.0244213219457836,1.081728998894143
0.226453,-0.010591,-0.199572,0.005343,50.05,70.0,-0.19903776355193573,0.016185036304348605
0.000243,0.082352,-3e-06,0.05722,50.05,70.0,0.005641258176001827,0.07721999999775
0.083362,-0.929863,-5.833085,-6.893381,50.05,70.0,-5.834894804718121,-6.905952275506819
-0.211437,0.382543,-5.03295,-16.318443,50.05,70.0,-5.031168484489018,-16.298453244739648
-0.604023,0.177487,-0.526153,0.041486,50.05,70.0,-0.5220340865053162,0.02403919665757003
-0.980711,-0.80527,-0.699866,-0.448515,50.05,70.0,-0.7155203179089572,-0.4672488300369614
-0.165084,-0.56385,-0.286799,-0.266089,50.05,70.0,-0.3062240880721099,-0.2633614994239348
-0.629084,0.989012,0.948317,0.654118,50.05,70.0,0.9457442023093495,0.6547018374394822
0.331433,0.390764,0.271663,0.048997,50.05,70.0,0.2765138354540282,0.05321472139858137
-0.433653,-0.414025,0.296214,-0.234056,50.05,70.0,0.27779680391774214,-0.23226388039481957
-0.510599,0.354669,0.245094,-0.02174,50.05,70.0,0.24292427868977734,-0.01496992485257194
0.913723,0.946567,-0.772551,0.887849,50.05,70.0,-0.7918095507219084,0.8728282242391227
0.948358,-0.948436,-0.591852,-0.405602,50.05,70.0,-0.6097977200425795,-0.42527046805019963
-0.367803,0.342593,-4.018184,0.493103,50.05,70.0,-4.005669234292898,0.4995731171816086
-0.045679,0.266493,1.415983,0.60349,50.05,70.0,1.4184594806112119,0.6174709790867153
0.93952,0.504524,0.360776,0.450342,50.05,70.0,0.37631595765869846,0.44572242192346284
-0.468079,0.999996,0.685175,1.079922,50.05,70.0,0.6697147608199482,1.0607247364166272
0.930471,0.41829,5.825731,3.261255,50.05,70.0,5.814466034365887,3.2481203875334943
0.202318,0.352228,-3.181311,-0.495628,50.05,70.0,-3.1936278152329014,-0.5152349077111357
-0.104137,-0.233411,0.677122,0.40068,50.05,70.0,0.6952795454914679,0.38127249589217244
-0.94437,-0.034145,-0.939221,-0.086585,50.05,70.0,-0.9476115548032396,-0.08691066521458199
0.130731,-0.811688,0.101281,-0.12607,50.05,70.0,0.08949244937041423,-0.10858012277223633
-0.032456,0.504951,0.711777,-0.468458,50.05,70.0,0.6974395985881219,-0.48674179331830314
0.703865,-0.13863,0.331231,0.195877,50.05,70.0,0.3478340928917975,0.19417189888776107
0.046834,-0.856518,-11.503373,45.634016,50.05,70.0,-11.484987900694835,45.645351713730626
0.508872,0.609314,0.368416,-0.006764,50.05,70.0,0.36773972893615586,-0.012123367669246599
0.735359,-0.826438,-0.361285,-0.056275,50.05,70.0,-0.3668385367626598,-0.06094408666333706
0.054603,-0.288777,0.269937,0.679184,50.05,70.0,0.26490511101143854,0.6835702805816041
0.531505,-0.997819,1.113529,-0.689549,50.05,70.0,1.1195568427539542,-0.6744542220757279
-0.346655,-0.23526,-0.949629,-0.337443,50.05,70.0,-0.9694936199329379,-0.33672803197734863
-0.016089,-0.416061,-0.10906,-0.69507,50.05,70.0,-0.1025080931705245,-0.6779705654625002
-0.738286,-0.377241,0.528816,-0.516821,50.05,70.0,0.5182348814913726,-0.534396446866004
-0.290258,-0.367385,-0.124644,0.069852,50.05,70.0,-0.11779994844348057,0.086092066147473
-0.632396,-0.67474,0.725052,-0.545846,50.05,70.0,0.7170364989554325,-0.5635519091518485
-0.351463,0.967135,-0.603836,1.489765,50.05,70.0,-0.5854551866166631,1.4699146615493952
0.638963,-0.950757,0.803782,-0.877114,50.05,70.0,0.8227233668515267,-0.8898983294893925
0.623867,-0.668751,-0.030871,0.119249,50.05,70.0,-0.01964021270575586,0.13901121800825272
0.30654,0.023257,-0.3221,-0.023809,50.05,70.0,-0.3244752804119108,-0.024602864853403544
0.885,0.186762,-2.494313,0.283666,50.05,70.0,-2.474545009843831,0.30357618625637883
0.908982,-0.741384,-0.513813,-0.265266,50.05,70.0,-0.5332183326525354,-0.28207668568529154
-0.442836,-0.73813,0.502082,-0.659923,50.05,70.0,0.505229310055006,-0.6760696037846007
0.244655,-0.078928,0.217737,-0.023675,50.05,70.0,0.21537502528183614,-0.014401982378775826
-0.539607,0.831,-0.655903,0.373288,50.05,70.0,-0.6367707039465215,0.3534779243789458
0.611931,0.727631,0.54069,0.540373,50.05,70.0,0.5492038608680986,0.5222621756135017
-0.710076,-0.249968,-0.730377,-0.281674,50.05,70.0,-0.7501137563957748,-0.2991260350697387
0.779569,0.22155,-3.018343,-0.494556,50.05,70.0,-3.030744097633674,-0.5108770522383914
-0.404775,0.946514,2.301955,-32.489574,50.05,70.0,2.3178056173712775,-32.47973721844741
0.061928,0.818603,0.651238,-2.786833,50.05,70.0,0.6316486846181737,-2.8067018181389893
0.262195,0.711351,1.85512,1.33678,50.05,70.0,1.8629215303695503,1.3170021282430124
-0.328523,0.511131,0.313426,-0.471095,50.05,70.0,0.299273692909719,-0.4710216736283772
0.572198,0.928962,-0.232356,-0.002812,50.05,70.0,-0.2326371907353202,0.005142139762018017
-0.937597,-0.186784,1.281294,7.328304,50.05,70.0,1.2638704865338923,7.348152201258581
0.71817,0.281157,0.558114,0.2701,50.05,70.0,0.5776306547840045,0.2513195688794548
-0.594714,0.645845,-0.6181,0.498474,50.05,70.0,-0.6060086521986374,0.47850009891425466
0.724154,0.863291,-0.752741,0.821764,50.05,70.0,-0.7692073032975072,0.805511014114509
-0.66591,0.053889,-0.517101,0.001203,50.05,70.0,-0.5169807007254122,-0.015783536117975953
-0.292705,0.502807,-0.421123,0.239464,50.05,70.0,-0.4025017075757808,0.22927029917410763
0.671105,-0.745997,-0.466576,-0.347086,50.05,70.0,-0.4863055691837721,-0.36089460539697626
0.031342,0.763104,-8.205755,-39.065433,50.05,70.0,-8.216181799914901,-39.0850803361904
-0.507519,0.136275,-4.332488,0.492513,50.05,70.0,-4.319927266863053,0.4735837993651187
0.381415,0.439806,0.381947,0.235445,50.05,70.0,0.40041790774714553,0.22879527332562444
-0.183797,0.924454,-0.386291,-1.290899,50.05,70.0,-0.38970046033784567,-1.2979568121394771
-0.7033,-0.363147,0.270766,0.013472,50.05,70.0,0.2721121814403857,0.01777736138954512
0.580536,-0.923571,-0.373309,-0.290207,50.05,70.0,-0.39316574359344353,-0.2960361220140349
-0.453067,-0.70018,-1.227543,-0.334227,50.05,70.0,-1.2474424059462446,-0.3144382431877204
0.074434,-0.980521,1.282967,0.152968,50.05,70.0,1.2968154313704445,0.1727949337607326
0.385353,0.634235,1.737996,0.739231,50.05,70.0,1.7274645742445802,0.7243916755365263
-0.408519,0.022098,0.409085,-0.050591,50.05,70.0,0.4040796797774828,-0.059731163948815315
-0.594708,0.736678,0.997308,0.187219,50.05,70.0,1.013412976535835,0.1926335951815725
-0.648276,0.418661,-0.462954,0.299544,50.05,70.0,-0.4430073777352772,0.2859996597378461
0.427521,-0.649554,0.226909,0.03318,50.05,70.0,0.23021180081736506,0.041630897238556196
0.947611,0.502622,0.080321,-0.024609,50.05,70.0,0.07786630500146956,-0.006200304170119922
-0.424991,-0.831911,-0.522476,-0.559881,50.05,70.0,-0.5291869742623687,-0.5771450966580367
0.077092,-0.311784,0.212627,1.035999,50.05,70.0,0.19477400133615289,1.0457216969906538
-0.161104,0.320082,1.247119,-1.888176,50.05,70.0,1.2474410268685696,-1.8681986440991238
-0.37467,0.915542,-2.727866,0.445703,50.05,70.0,-2.71203822211101,0.4552535231157525
-0.483353,0.284206,0.361813,0.079906,50.05,70.0,0.36959270801292304,0.07518558864902612
0.641849,-0.441105,0.624277,-0.447931,50.05,70.0,0.6085864019368056,-0.4679269166463197
0.351545,0.418649,0.294129,-0.088259,50.05,70.0,0.28558678478026256,-0.08625932027411178
0.231032,0.962737,33.190639,-4.636973,50.05,70.0,33.2092338759768,-4.654010769853107
0.720392,-0.36759,0.505046,-0.366656,50.05,70.0,0.485731030118763,-0.38297572988480183
-0.079254,-0.021243,0.050634,-0.020889,50.05,70.0,0.04854889581313442,-0.001526534315492479
0.974957,0.110634,-0.614599,-0.010392,50.05,70.0,-0.6156377324505549,-0.030344962068850394
-0.576669,-0.079763,-0.024216,-0.006528,50.05,70.0,-0.024868684093961833,0.013325575353783758
-0.577828,0.448105,0.625811,0.422372,50.05,70.0,0.6429542264716559,0.4023735719069842
-0.699333,0.316799,0.879613,0.391978,50.05,70.0,0.8981180650976937,0.38579452713038404
0.43404,0.905841,-0.66666,1.02968,50.05,70.0,-0.6847888704941328,1.0100463928713772
0.475108,-0.852014,0.077336,-0.315744,50.05,70.0,0.0573366278426857,-0.297220676285548
0.197705,0.821522,-1.533284,-0.468592,50.05,70.0,-1.5476120556236206,-0.46486272299713416
-0.682482,-0.483306,-0.280557,0.009322,50.05,70.0,-0.27962513749619344,0.012666440195974876
-0.92685,0.440121,-0.040048,-0.054525,50.05,70.0,-0.04543320826827474,-0.034924622620472176
-0.890996,-0.963256,0.732628,-0.550547,50.05,70.0,0.7250453679851151,-0.5678879859077124
0.552783,0.630769,-0.510124,0.479544,50.05,70.0,-0.4965811463779439,0.46293601720836863
-0.657681,0.357041,-0.482729,0.38575,50.05,70.0,-0.4639966853626785,0.3708191704099616
0.785897,0.572814,0.511235,0.385578,50.05,70.0,0.5299733338729254,0.368908372297493
-0.710819,-0.73824,0.734435,-0.706703,50.05,70.0,0.7420743141432433,-0.7239532505740836
0.403314,0.499505,1.534356,0.302663,50.05,70.0,1.5543229680672772,0.3062869040296073
-0.826181,0.379862,0.421668,-0.08466,50.05,70.0,0.41345257158319987,-0.09490055259851715
0.332916,-0.675973,-6.842337,6.270369,50.05,70.0,-6.84361775374074,6.251553139898155
0.914889,0.532635,-0.836829,0.341923,50.05,70.0,-0.8170213969748961,0.3318426508717776
-0.003017,-0.714849,1.251882,39.244544,50.05,70.0,1.2717213801726912,39.26453834761395
-0.472554,-0.221008,-0.47014,-0.193121,50.05,70.0,-0.48658786526307407,-0.20718521871830275
-0.478914,0.899871,2.227885,-1.97524,50.05,70.0,2.236609911299834,-1.9723728978459756
0.129472,0.028064,-0.063561,-0.023497,50.05,70.0,-0.06590529835197759,-0.004498527911810584
-0.328713,-0.671932,0.004182,-0.217583,50.05,70.0,-0.013531214119511291,-0.1975873721216953
0.838382,0.688372,-0.762967,0.691259,50.05,70.0,-0.7691576689910385,0.6756229180471556
-0.532751,0.050088,-0.651442,0.267801,50.05,70.0,-0.6319768709839574,0.24793452486874118
-0.172502,0.765296,-3.506634,-15.610321,50.05,70.0,-3.516014938849177,-15.605287503287371
0.336289,0.004628,-1.131812,0.001881,50.05,70.0,-1.1316239027730215,0.01811049179189956
-0.223554,0.733355,1.669882,-1.129993,50.05,70.0,1.6817168759081353,-1.1395011711274938
-0.498594,0.137971,0.165848,0.020417,50.05,70.0,0.1678861556365847,0.033925727859104235
0.884222,-0.878782,0.791984,-0.693404,50.05,70.0,0.7983782746364773,-0.7070728641213062
0.305473,0.088005,-0.031083,0.016772,50.05,70.0,-0.029407765126939846,0.036530947559094626
-0.897972,-0.216214,-0.394833,0.407127,50.05,70.0,-0.37695512206823456,0.3992766223923707
0.08606,0.415604,-1.612319,0.077869,50.05,70.0,-1.6047273496364578,0.07374649786885819
-0.948429,-0.25061,1.086014,1.828057,50.05,70.0,1.0916274165813782,1.841209789556386
-0.010568,0.388415,1.626037,0.900569,50.05,70.0,1.6064744825033694,0.8951149022030125
0.093568,0.596133,16.701021,12.228252,50.05,70.0,16.68116434105099,12.223247750978807
-0.80062,-0.021996,-2.979885,0.187326,50.05,70.0,-2.9637736813430213,0.1735148718052055
0.320266,0.714852,2.684255,1.191187,50.05,70.0,2.6778261903836023,1.2043128130910736
0.509714,0.762426,0.952124,0.329556,50.05,70.0,0.9720647644041799,0.3305202464474523
0.092983,0.770956,-0.490186,-3.17609,50.05,70.0,-0.48675334582655605,-3.191506480840966
-0.550628,-0.409847,-0.182197,0.024184,50.05,70.0,-0.1797844891911429,0.03644335581390515
-0.30345,-0.078392,-0.184106,-0.081077,50.05,70.0,-0.19199345171166465,-0.06896903194565708
0.460953,-0.766502,3.791764,-9.529634,50.05,70.0,3.8017758002276394,-9.509753267659763
-0.599385,0.138847,0.51792,0.365125,50.05,70.0,0.5372741299576782,0.34809537408759594
-0.404035,-0.616916,0.93418,-0.383747,50.05,70.0,0.9153784491788679,-0.3845765415733332
-0.500446,-0.98811,-0.562494,-0.248253,50.05,70.0,-0.5814178821981255,-0.2671795255475577
0.840829,-0.182367,3.742986,-0.625971,50.05,70.0,3.742751252318587,-0.6061519678158185
0.956103,-0.771028,-0.534257,-0.217054,50.05,70.0,-0.5519455889726399,-0.23488257827824532
-0.660815,-0.324379,0.460383,-0.396966,50.05,70.0,0.4420728898718977,-0.4103200564839332
0.155627,-0.375528,-0.057741,-33.267473,50.05,70.0,-0.061066396860288856,-33.24830073239917
0.498368,0.07405,-0.524205,-0.062138,50.05,70.0,-0.5303193134787064,-0.07948873968159823
0.563241,0.391629,0.579032,0.363996,50.05,70.0,0.5984142812266566,0.3446002233939879
0.113376,-0.496447,0.353367,0.030641,50.05,70.0,0.3564191274167513,0.02674529163630481
0.213871,0.527877,0.359536,-0.364406,50.05,70.0,0.3401638706233027,-0.3689048431754043
0.033246,0.765379,-5.580285,-11.472149,50.05,70.0,-5.5947993572253365,-11.49077443011742
-0.282592,0.478101,11.203979,-15.529714,50.05,70.0,11.188421887899775,-15.512445463419533
-0.552346,0.722136,0.640446,0.210937,50.05,70.0,0.6578408963561864,0.19097375761292434
0.935793,-0.134417,-0.710272,-0.053843,50.05,70.0,-0.715591495888592,-0.07218727071772064
0.847645,0.377803,-0.583667,0.283877,50.05,70.0,-0.5638958162554571,0.2643733728836811
-0.257789,-0.656648,-22.959377,-17.659697,50.05,70.0,-22.96593142665927,-17.66226495414497
-0.286357,-0.809035,0.296199,-0.037954,50.05,70.0,0.29242633941981805,-0.03616038643392173
0.540689,-0.644052,-0.577329,-0.465009,50.05,70.0,-0.5919047242664309,-0.48436252997008866
-0.573693,-0.057493,-2.331426,0.079738,50.05,70.0,-2.323661771627775,0.09202490220542352
-0.27876,0.887336,7.423482,-0.085508,50.05,70.0,7.415189330248535,-0.06879742423376489
-0.546543,0.245787,0.149463,-0.055296,50.05,70.0,0.14400357943339093,-0.04062567141415656
0.949292,0.758555,-0.825043,0.769714,50.05,70.0,-0.8380337706309829,0.7586337890055108
-0.971569,0.843076,0.997484,0.783398,50.05,70.0,0.9834840021452931,0.7888295358176972
-0.419118,-0.116193,-0.025784,0.051004,50.05,70.0,-0.02073870476300317,0.0708380264056552
-0.862745,-0.149768,5.426445,1.336975,50.05,70.0,5.4342644819162045,1.3286614524865434
0.855875,0.694354,-0.549712,0.344125,50.05,70.0,-0.5299360666763889,0.32564996342645386
0.013507,-0.990329,-3.424961,53.364091,50.05,70.0,-3.4206956037626544,53.361024057146544
-0.459255,-0.703768,-0.561692,-0.596876,50.05,70.0,-0.5648233169371597,-0.6157764517726863
-0.229212,-0.367268,4.516426,7.744147,50.05,70.0,4.533485128082902,7.727539114950728
-0.67596,-0.85846,0.671937,-0.670478,50.05,70.0,0.6761217932587407,-0.6900042395977543
-0.13302,0.327113,1.116939,0.399399,50.05,70.0,1.135149876814026,0.4147152777225762
-0.207029,0.466641,0.220081,0.037566,50.05,70.0,0.22381555005600098,0.04663070290508137
0.837028,-0.066828,3.393606,0.527165,50.05,70.0,3.403295582570661,0.5210499325448771
0.822071,0.553385,0.301577,0.109312,50.05,70.0,0.3119720291545212,0.11056939672461595
0.73433,-0.108548,0.682908,-0.076681,50.05,70.0,0.6754263916768329,-0.09594061122995359
-0.373797,-0.405194,-0.177122,-0.089299,50.05,70.0,-0.18575813603402092,-0.0766426540889593
-0.103307,-0.2838,0.012349,0.193982,50.05,70.0,0.028845696660798545,0.21394388766049174
0.167687,0.313661,-0.154328,-0.052376,50.05,70.0,-0.15950593819336412,-0.038040639142293775
-0.295231,0.053535,0.293175,-0.030209,50.05,70.0,0.290165573670662,-0.028114421428255005
-0.244174,0.170267,-4.009132,-1.221916,50.05,70.0,-4.005677308446597,-1.2145962770705132
-0.328895,0.264984,-0.578291,-0.130442,50.05,70.0,-0.5904298854320768,-0.14981956712975816
-0.421141,-0.122629,-0.11462,-0.01488,50.05,70.0,-0.11610662761060854,0.0019244814631921847
0.978617,-0.39129,-0.568267,-3.1e-05,50.05,70.0,-0.5682700999999876,-0.01913620631148323
-0.418847,0.443402,-0.470562,0.440524,50.05,70.0,-0.4544229648452677,0.4264298092016135
0.263401,0.977311,5.076255,-2.824586,50.05,70.0,5.056257026870698,-2.8052005173825187
-0.329167,-0.309733,0.305991,-0.553432,50.05,70.0,0.298676108999857,-0.5526154005248437
0.321706,0.92081,-0.354681,0.062256,50.05,70.0,-0.3485554525364794,0.05823149349346723
0.051604,-0.693506,3.087022,2.276219,50.05,70.0,3.068489945025551,2.2569588816390804
0.243806,-0.357935,10.721838,-15.065702,50.05,70.0,10.723231144636244,-15.085294884455584
0.185909,0.566393,1.361329,0.371259,50.05,70.0,1.3805194265530785,0.38858089873593904
-0.62886,0.75492,0.642544,0.506275,50.05,70.0,0.6540049169172655,0.4863255696689311
-0.052593,0.070908,0.060014,-0.099614,50.05,70.0,0.05045938175189128,-0.08050768399258836
-0.245874,-0.409192,-1.802522,2.297679,50.05,70.0,-1.8201420369994532,2.279353910022993
0.708596,-0.622812,0.455695,-0.179629,50.05,70.0,0.44005155047851424,-0.192630432212766
0.395915,0.14972,0.077646,-0.118105,50.05,70.0,0.06651005619848462,-0.0995933891164542
0.345413,-0.651786,12.919595,4.550964,50.05,70.0,12.905763440460309,4.5470822808962135
-0.559058,-0.090234,-0.13738,0.043095,50.05,70.0,-0.13310377063995354,0.058559311425346976
-0.568392,-0.957034,-0.940756,-0.60841,50.05,70.0,-0.9427435668927739,-0.6085821774808662
-0.862051,-0.492547,-0.741665,-0.54305,50.05,70.0,-0.7499358723830404,-0.5599231961581078
-0.239441,-0.290343,0.086092,-0.280981,50.05,70.0,0.0663665687794929,-0.26280552214112085
0.212004,-0.845548,-0.009041,-0.242219,50.05,70.0,-0.027761039936140812,-0.22223943144060399
0.869597,-0.688809,-0.165253,0.080083,50.05,70.0,-0.15745698901847194,0.09363554440010564
-0.810731,0.043297,-0.887022,0.05106,50.05,70.0,-0.8819712860746463,0.04558520843937482
-0.301314,-0.18408,0.019599,0.024192,50.05,70.0,0.02201230496539125,0.04409604662348302
0.164847,0.590841,2.593628,27.860139,50.05,70.0,2.611177943391995,27.8785464104269
0.26016,0.502807,0.76298,-0.285292,50.05,70.0,0.7431879683260126,-0.300927271338432
0.680997,-0.482233,0.55143,-0.327942,50.05,70.0,0.5314774721516069,-0.34648215210502026
-0.883531,0.496871,0.732757,0.411892,50.05,70.0,0.7504162196117266,0.3945574447674195
0.91027,0.900687,-0.394524,0.13238,50.05,70.0,-0.38223166540730796,0.1245580518385568
-0.15419,0.524808,6.474816,-1.776076,50.05,70.0,6.464457936471825,-1.764575366518256
0.44686,0.376274,0.422519,0.040399,50.05,70.0,0.42653148333933105,0.03008544206456886
0.043326,0.179147,2.102861,-5.24425,50.05,70.0,2.085142274851594,-5.2535080930976035
0.920734,0.775577,-0.796939,0.784179,50.05,70.0,-0.8109946655341711,0.7708760104675263
-0.87756,0.840864,-0.784439,0.823408,50.05,70.0,-0.8009980568370761,0.8091982041752577
0.407256,0.749986,-12.793689,-10.65467,50.05,70.0,-12.796355538255819,-10.646256224780267
-0.977264,-0.877177,1.186259,-0.20711,50.05,70.0,1.1690561396866466,-0.18833554294530894
-0.706247,0.102807,0.536079,-0.115428,50.05,70.0,0.5251664116886466,-0.1333384031794293
-0.128232,0.808408,-20.972931,-14.514524,50.05,70.0,-20.966715867475575,-14.521918237316644
0.906673,0.456635,-0.682552,0.253579,50.05,70.0,-0.6634624986245867,0.2343098225642518
0.671143,-0.095986,-0.746258,-0.113525,50.05,70.0,-0.7570106202773482,-0.130147180514033
0.770798,0.807534,0.310302,-0.002495,50.05,70.0,0.3100525064713819,-0.0021092973762854303
0.220538,0.586411,-4.586021,-10.360061,50.05,70.0,-4.606008060264028,-10.371873609025451
-0.182324,-0.316639,0.032971,0.024408,50.05,70.0,0.035405745728084366,0.0441368432312907
0.246398,-0.791856,-0.563987,-1.391562,50.05,70.0,-0.5764790853560112,-1.4105362534354249
-0.719521,-0.981604,0.984063,-0.626036,50.05,70.0,0.9838347518831148,-0.6219073792793295
0.187902,0.072285,0.176916,0.061491,50.05,70.0,0.18296867924377583,0.07416328979834641
0.899001,-0.497543,-0.883733,-0.494165,50.05,70.0,-0.89616475015044,-0.4999553743091664
-0.205708,0.660424,-17.704425,0.205098,50.05,70.0,-17.6873256310938,0.22206928369975404
-0.249489,0.837693,0.536361,2.027689,50.05,70.0,0.5232687935023576,2.009766065037806
-0.893324,-0.097779,-9.915029,0.136321,50.05,70.0,-9.902428195643937,0.15174162333763047
0.626144,-0.397226,0.60219,-0.379744,50.05,70.0,0.5832557375397784,-0.39957356758228163
-0.175643,-0.036415,-0.14188,-0.020215,50.05,70.0,-0.14389805976466993,-0.005039943205509571
-0.029785,-0.597517,-0.008715,0.185883,50.05,70.0,0.0073104014171379746,0.20586401519803305
-0.466894,0.913206,-0.384225,2.028033,50.05,70.0,-0.39734319236582866,2.021168869288615
0.25864,0.954345,31.097712,-16.144598,50.05,70.0,31.1140776761188,-16.145003499267045
-0.32692,-0.540849,2.139608,1.830102,50.05,70.0,2.145024846625187,1.8242387254871106
-0.043383,0.864925,0.035609,-0.360067,50.05,70.0,0.016133570729342562,-0.3403831636951156
0.790747,0.079159,0.422915,-0.008593,50.05,70.0,0.42205596435230913,-0.01894046628489144
0.433147,-0.096776,0.216252,-0.033206,50.05,70.0,0.21294663490821603,-0.023801665530185992
-0.520192,-0.8735,-0.300228,-0.176541,50.05,70.0,-0.3156771910177223,-0.17514899976671497
-0.916984,0.255575,0.043095,0.112641,50.05,70.0,0.05377297835452401,0.13217849887934166
-0.553449,0.186445,-0.443428,0.191763,50.05,70.0,-0.42705777255776023,0.17971756751166193
-0.426285,-0.577712,0.446786,-0.346928,50.05,70.0,0.42705384749580666,-0.3592397883007372
0.386603,-0.367663,-0.398906,-0.029912,50.05,70.0,-0.4018860611749547,-0.03813533557395328
0.687842,0.567916,-0.55502,0.368869,50.05,70.0,-0.5357636342553231,0.3501972016180763
0.957341,0.038052,5.053208,0.282422,50.05,70.0,5.072956714470544,0.30224457732147514
-0.465113,0.841696,0.170431,0.986571,50.05,70.0,0.15091508711841245,0.9997382521075301
0.389691,-0.468473,0.834239,-0.041323,50.05,70.0,0.8301360384553398,-0.05162619424555628
0.379263,0.275515,-0.64235,0.179988,50.05,70.0,-0.6266842077676116,0.16003720034702507
0.584769,0.205917,0.083522,-0.028554,50.05,70.0,0.08067629051807514,-0.010272782419181822
0.842205,0.93427,-0.544977,0.372798,50.05,70.0,-0.5258304849543487,0.3545094704435794
0.279413,0.090665,-0.22064,0.078679,50.05,70.0,-0.21297347431358368,0.08769383880660797
-0.187255,0.806024,-5.328326,-27.194433,50.05,70.0,-5.312864421217818,-27.19319563961659
0.838856,0.64876,0.476823,0.195836,50.05,70.0,0.49342380665683216,0.18130457196707417
-0.291524,0.35782,1.225357,0.467659,50.05,70.0,1.2397499936733771,0.48741488765214763
-0.115719,-0.891118,-0.283648,0.686323,50.05,70.0,-0.2893674727668831,0.6893623052689368
0.979723,0.21285,-0.748467,0.168525,50.05,70.0,-0.733539147153005,0.15202667545554435
-0.627274,-0.589155,0.199778,0.05707,50.05,70.0,0.20540786631291946,0.06789472011232543
0.078497,-0.694964,0.226659,0.053376,50.05,70.0,0.23193346356272945,0.061849549180650755
-0.257755,-0.082083,-0.206821,-0.066923,50.05,70.0,-0.21338911095095545,-0.05669709390206944
0.428821,-0.799912,0.662414,-0.396757,50.05,70.0,0.6440954916872622,-0.4164670779207632
-0.118526,-0.070084,0.092745,0.06723,50.05,70.0,0.09934210048184004,0.08511785156028831
0.096012,-0.324038,-30.230323,3.891508,50.05,70.0,-30.21889872097845,3.9102597641975234
-0.104435,0.753674,2.82173,2.434398,50.05,70.0,2.8140452715157465,2.434968261524788
0.997719,0.667304,0.813953,0.476752,50.05,70.0,0.8276999771509743,0.4647660386688632
-0.617169,-0.751526,-0.388789,-0.02021,50.05,70.0,-0.3908065623159046,-0.02750098457387494
-0.894647,-0.324449,17.591462,-1.732884,50.05,70.0,17.577678382723533,-1.7128845306079936
0.990876,-0.355311,-9.181545,-1.442826,50.05,70.0,-9.1975886870514,-1.4497708968086496
0.291898,-0.073183,0.298425,0.02342,50.05,70.0,0.3007616512578213,0.024991804002026
0.0119,0.009683,0.008567,0.005604,50.05,70.0,0.009127326672633239,0.02558565443310145
0.745412,0.14093,0.522558,0.106407,50.05,70.0,0.5327037621123636,0.08913876499150297
0.605569,-0.207668,0.48007,-0.089336,50.05,70.0,0.471430526839131,-0.10408860164968493
-0.279934,-0.856778,1.234186,0.027696,50.05,70.0,1.2369467565141878,0.04757011973086518
0.130738,-0.681676,-1.069953,0.810733,50.05,70.0,-1.0857684787454354,0.8226347740863323
-0.92672,0.620563,1.58079,0.44748,50.05,70.0,1.5965085242494415,0.44648104850389153
-0.200143,0.190718,-5.066445,-15.309579,50.05,70.0,-5.084697592535831,-15.289975619878785
-0.603162,0.648647,-0.720214,0.58609,50.05,70.0,-0.7160224537190005,0.5681643118759827
-0.190452,-0.918793,16.023159,-18.791351,50.05,70.0,16.02889767797762,-18.791247353794727
-0.146254,-0.089927,0.124,0.00454,50.05,70.0,0.12445396101072788,0.020817569133250675
0.599376,-0.292447,-0.534223,-0.242559,50.05,70.0,-0.5529549806993941,-0.2603860372747322
0.843405,-0.893138,0.803788,-0.786292,50.05,70.0,0.8179931979712013,-0.7990758680675286
-0.967044,0.898308,0.203249,-0.090901,50.05,70.0,0.19446864758449128,-0.08036976160754632
-0.13382,0.884729,-0.104604,-0.302543,50.05,70.0,-0.12457027507712859,-0.2852167070696735
-0.355037,0.899767,-8.089249,1.818065,50.05,70.0,-8.082683950175639,1.799600911607248
0.37804,-0.287393,2.05747,-0.47025,50.05,70.0,2.043258111883297,-0.48325972222898356
-0.221345,-0.150355,-0.233697,0.112215,50.05,70.0,-0.22305506619872392,0.1200459234637464
0.989391,0.6879,0.424297,-0.049745,50.05,70.0,0.4193736320968291,-0.060210484314633016
-0.459235,-0.369441,-0.567454,-0.243618,50.05,70.0,-0.5862228256075804,-0.2626990027248961
0.802022,-0.419115,-0.23253,-0.077769,50.05,70.0,-0.2401123978361229,-0.0698308279633703
-0.059624,-0.107612,0.023314,0.069275,50.05,70.0,0.030103806717717823,0.08913926815556594
-0.634499,-0.020971,-0.935535,0.034605,50.05,70.0,-0.9320917407124313,0.03391085982538558
-0.464054,0.650506,-2.136115,0.383646,50.05,70.0,-2.1173100078731126,0.37744968412307567
-0.951843,0.374918,1.585601,2.20584,50.05,70.0,1.5656123058200277,2.2043608843357134
-0.749347,-0.26896,-0.642196,-0.29502,50.05,70.0,-0.6621044919966009,-0.3149718732754901
-0.414252,-0.334423,-0.650577,-0.351385,50.05,70.0,-0.6702315601813599,-0.3712612679274163
-0.640938,-0.245805,0.544572,-0.387916,50.05,70.0,0.5259166700325847,-0.406188099612677
0.747811,0.465969,-0.503892,0.468899,50.05,70.0,-0.48958538023683945,0.4526462507992795
-0.465611,0.479518,0.685851,0.575514,50.05,70.0,0.6910703182703958,0.5563358057214156
-0.738504,-0.042236,-1.352157,-0.040947,50.05,70.0,-1.3562231540319833,-0.023184984432254807
0.142008,0.727495,-2.328544,1.803923,50.05,70.0,-2.3206606293445584,1.815981233830455
-0.985374,0.821187,-1.664877,-0.439759,50.05,70.0,-1.6810610992103168,-0.44882391753765927
-0.31091,0.537897,2.083819,-0.564503,50.05,70.0,2.077545181938891,-0.5754045120386684
0.43843,0.693946,-0.533566,0.207821,50.05,70.0,-0.516326983704601,0.19002384146400955
-0.842987,-0.089614,2.085215,0.103353,50.05,70.0,2.0950964029543035,0.0925687913836539
-0.147503,0.923257,0.127781,-0.096899,50.05,70.0,0.11846576921658061,-0.0808440158820896
-0.819495,0.74461,-0.755155,0.609254,50.05,70.0,-0.7532514327519686,0.5931428711794977
0.664845,0.055845,1.38804,0.000654,50.05,70.0,1.3881053998834474,0.016490381013854902
0.58894,0.313609,-0.507695,0.237906,50.05,70.0,-0.4891311163084543,0.22143457505806302
0.826932,0.249065,0.889103,0.662452,50.05,70.0,0.8857061992439691,0.6571776525675929
0.040467,0.13687,1.156719,0.575031,50.05,70.0,1.161984929314134,0.5925865781087127
0.366688,0.926808,0.50571,0.941869,50.05,70.0,0.4857100926580943,0.9255109762148117
0.866526,-0.304732,1.837913,0.286783,50.05,70.0,1.8577259273880522,0.26733370534282397
0.376552,0.714729,3.95061,-2.078877,50.05,70.0,3.9671032701823363,-2.066499616526564
0.454134,0.625446,0.542488,0.342029,50.05,70.0,0.5622941334867569,0.32384262685412535
-0.133681,-0.768894,1.605087,0.449606,50.05,70.0,1.620673183766252,0.4461937082940278
-0.8,0.397782,0.711027,0.35056,50.05,70.0,0.7306966600269573,0.332245938813249
-0.477809,-0.538548,-0.46822,-0.063789,50.05,70.0,-0.4744912988475121,-0.07771606433520258
0.618553,0.013765,-2.206547,-0.006548,50.05,70.0,-2.20720168302542,-0.005804956792532341
-0.653033,0.467556,0.338256,0.058321,50.05,70.0,0.34400579675109516,0.05591715223595137
0.209739,-0.912601,-0.421464,-17.626257,50.05,70.0,-0.4247823966489482,-17.636480024307257
-0.091967,0.315511,7.696389,-8.876786,50.05,70.0,7.688570564465711,-8.862607636268956
0.7974,-0.095579,-0.324088,0.054751,50.05,70.0,-0.31868102985115265,0.05375853430747753
-0.397736,-0.751027,-0.29482,-0.707843,50.05,70.0,-0.2870754544068651,-0.7059120858155348
-0.517035,0.196265,-0.416238,0.180131,50.05,70.0,-0.4005633220781164,0.17036058429653833
0.618334,0.340005,0.404633,0.223702,50.05,70.0,0.4226220055283089,0.21496005646340552
0.45691,-0.715525,-0.394232,0.278918,50.05,70.0,-0.3745416841770928,0.2711229343649367
0.168613,-0.115981,-0.141612,0.079325,50.05,70.0,-0.13388584901003425,0.09451750011256291
0.714297,-0.803697,0.721412,-0.793382,50.05,70.0,0.7361072616574488,-0.8112542379843373
0.268384,0.73715,7.571604,1.701456,50.05,70.0,7.587485666910156,1.7212040129074961
-0.720634,0.305782,-0.68837,0.209775,50.05,70.0,-0.6710327418126598,0.19066979187145
-0.717414,0.415077,0.516219,0.47638,50.05,70.0,0.5299929727365956,0.4594401868121827
0.193076,-0.979178,0.70077,1.185882,50.05,70.0,0.6938411644814138,1.1671800153021106
0.948557,0.394394,-0.933527,-2.160043,50.05,70.0,-0.9139074402335167,-2.1609377808423256
0.57842,-0.48977,0.366442,-0.156565,50.05,70.0,0.3523363011805757,-0.1617339290834159
0.433268,-0.059995,0.416578,-0.004855,50.05,70.0,0.41609254768081444,-0.014655068347687393
-0.336979,0.38918,0.182515,0.110344,50.05,70.0,0.19299805594453678,0.12257821489695848
0.945249,0.798042,0.351835,0.047607,50.05,70.0,0.35655086979246686,0.043861670046634764
0.698956,-0.640364,-0.522913,-0.337193,50.05,70.0,-0.5427805083098247,-0.35447911754268774
-0.599179,-0.405279,-0.463016,-0.241209,50.05,70.0,-0.48170024992013066,-0.2547579014679569
0.474,0.513995,-0.404672,0.466874,50.05,70.0,-0.390224611852275,0.45812854891391824
0.721008,-0.02462,0.217812,-0.124937,50.05,70.0,0.2061151641893219,-0.11567062816547746
0.210818,-0.785275,16.709505,-2.7848,50.05,70.0,16.68995768337985,-2.7906209141129454
-0.108599,0.784305,0.188348,-2.645783,50.05,70.0,0.17604550179864362,-2.6340153603635095
-0.188141,-0.079026,0.251636,0.061273,50.05,70.0,0.2576678979227673,0.06742398410699074
-0.195792,-0.669576,-23.505153,17.70943,50.05,70.0,-23.49414980216213,17.703826824388766
0.43607,-0.978686,7.606955,-1.408797,50.05,70.0,7.593164982581661,-1.3899131584713458
-0.781788,0.482858,0.262758,-0.088206,50.05,70.0,0.25422057733650455,-0.083122273031141
-0.613936,-0.414375,-0.094851,0.091273,50.05,70.0,-0.08603723939359925,0.10906566383889929
-0.392993,0.974647,-4.283451,-0.193063,50.05,70.0,-4.2998955648387795,-0.20985887001953552
0.886298,0.003612,4.664216,-0.110798,50.05,70.0,4.653694307357257,-0.11556885298995619
0.699512,0.699609,0.699029,0.680629,50.05,70.0,0.6938573917290117,0.6618660260685906
0.334115,-0.524982,0.808051,-0.578386,50.05,70.0,0.803109458278883,-0.5908391446376445
0.624137,-0.130411,1.825653,0.144406,50.05,70.0,1.838871189558495,0.12527877661164807
0.176053,0.926281,-1.516665,-2.411419,50.05,70.0,-1.5069141016946597,-2.4060717155229105
0.006199,0.186858,0.364686,0.333723,50.05,70.0,0.3845903913441058,0.3287239020607551
0.524031,-0.603423,0.20936,0.141582,50.05,70.0,0.2223649474443515,0.15158888499829504
0.271453,0.303093,0.208795,-0.071024,50.05,70.0,0.20184094239376957,-0.06096823579671816
0.091768,0.338763,0.140131,0.21184,50.05,70.0,0.15757028211134952,0.22712840121322633
-0.412605,-0.646027,-0.453949,-0.366744,50.05,70.0,-0.4732616845880317,-0.37961226464554887
0.21824,-0.046363,-0.204507,-0.038355,50.05,70.0,-0.20831903308133695,-0.027930916438064616
0.778635,0.512571,-0.654805,0.455049,50.05,70.0,-0.6395656257118401,0.43522412708615194
0.788393,0.522279,-0.542526,0.475055,50.05,70.0,-0.5286562614170769,0.45686704600071165
-0.061767,-0.121589,-0.579799,-1.821969,50.05,70.0,-0.5859940545974747,-1.8413833445853647
0.448826,-0.58369,0.633505,-0.315314,50.05,70.0,0.6135053333520968,-0.3353072755109533
-0.084115,0.275485,-0.347212,-0.005075,50.05,70.0,-0.34771944553933803,-0.00836524834734182
0.077166,0.928053,1.692275,25.750896,50.05,70.0,1.6932909385264763,25.7394814201207
-0.207782,-0.195986,-0.17391,-0.092677,50.05,70.0,-0.18284957390902062,-0.07977359140077264
0.061929,0.835758,-0.600342,-3.800118,50.05,70.0,-0.6033512103853542,-3.8199226472855687
0.593027,0.998217,0.446548,0.135916,50.05,70.0,0.45911732776053304,0.12362297640793841
-0.967434,0.336915,4.492232,10.087829,50.05,70.0,4.495687819048641,10.069997737720609
0.530734,0.050761,-0.377701,0.106413,50.05,70.0,-0.36755472082628743,0.10016518543587469
-0.866137,0.830937,-0.691789,0.834812,50.05,70.0,-0.7089603322959696,0.8158107009341676
-0.435002,0.917711,15.85288,-21.461456,50.05,70.0,15.843412298308458,-21.476431508934542
-0.034026,0.121884,3.273791,1.679992,50.05,70.0,3.290883393579015,1.6642043240905513
0.506221,0.051195,0.442237,0.176201,50.05,70.0,0.4576645765291672,0.1642508570124932
0.436914,-0.786661,-0.360264,-0.281056,50.05,70.0,-0.3799906683196842,-0.28562574750508213
0.581719,0.949913,0.833104,0.441356,50.05,70.0,0.8491937562848388,0.4309556919946542
-0.810711,0.383259,-0.732134,0.294401,50.05,70.0,-0.7122315179114372,0.27703545483054465
-0.562873,-0.200095,0.371935,-0.116367,50.05,70.0,0.36094384155533243,-0.12206455082043914
-0.990722,0.934099,0.503208,0.729152,50.05,70.0,0.4935464288894881,0.7129392072086239
-0.590705,0.026846,-2.422875,-0.035251,50.05,70.0,-2.426381876639264,-0.01725945427081976
-0.793432,0.795044,0.773308,0.66716,50.05,70.0,0.769448223135698,0.6521893132521969
0.306483,-0.939887,25.647445,8.447142,50.05,70.0,25.627753229156117,8.430283222930829
-0.681361,0.373391,0.52234,0.413234,50.05,70.0,0.5399358228360986,0.3959767733453419
-0.410853,0.791311,-2.909368,0.746911,50.05,70.0,-2.9205444022456035,0.738944810757085
-0.436142,-0.23678,-0.39318,-0.368926,50.05,70.0,-0.41243482510845797,-0.3766240775350443
0.437139,0.988184,5.804144,8.937562,50.05,70.0,5.817112486731714,8.92287905104418
0.413847,-0.468665,2.301355,8.628186,50.05,70.0,2.28644390108491,8.637970496198191
-0.844481,0.808277,0.644634,0.243418,50.05,70.0,0.6633959074483565,0.2234845117366529
0.707714,0.547376,-0.006423,-0.12793,50.05,70.0,-0.018361293425492874,-0.10794031284583819
-0.245023,-0.106252,-0.194288,0.101418,50.05,70.0,-0.1845752900603074,0.1127002222008242
0.225637,0.28287,-0.18337,-0.233289,50.05,70.0,-0.20175715586382953,-0.2211225341604145
0.18881,-0.675358,-0.850837,1.063752,50.05,70.0,-0.8672714308177468,1.0549052387209938
-0.734879,0.889774,-0.769447,0.765358,50.05,70.0,-0.7821035165602883,0.7501340973507451
0.43469,-0.171083,-0.387082,-0.105131,50.05,70.0,-0.3971175936859716,-0.11226276781620294
0.609113,-0.638354,0.349084,-0.129461,50.05,70.0,0.33702322470489293,-0.13293575092582696
-0.820773,-0.731636,-0.749763,-0.599834,50.05,70.0,-0.7526018330625783,-0.6162587216243768
-0.601145,0.558474,0.500286,0.228097,50.05,70.0,0.5184627184515141,0.21205702777415647
0.26573,0.130633,0.231529,-0.136714,50.05,70.0,0.2188977010843988,-0.1286840501728255
-0.448761,-0.317753,0.247505,-0.020515,50.05,70.0,0.24545709562875598,-0.013972277946840472
-0.482714,-0.97883,0.334591,-0.786974,50.05,70.0,0.34884412396516185,-0.7890136214240789
0.807252,-0.522007,0.45704,-0.039502,50.05,70.0,0.4531154329669311,-0.05260534035641647
0.63293,-0.339414,0.567508,-0.371466,50.05,70.0,0.5483234135891712,-0.3905486201232904
-0.537081,-0.716457,0.771804,-0.39822,50.05,70.0,0.7535446985542167,-0.41328999215367673
0.510005,-0.345608,0.537697,-0.295104,50.05,70.0,0.517787707136558,-0.31308582068579094
-0.634084,0.944857,-0.825524,0.786876,50.05,70.0,-0.8397702474223819,0.7758358647249776
0.218132,0.145104,0.204735,0.154113,50.05,70.0,0.21866581494044446,0.1645176185426325
0.763475,-0.276492,0.111539,0.130748,50.05,70.0,0.12370219039307724,0.14771754486745262
0.998608,-0.396477,-0.06322,0.471005,50.05,70.0,-0.04906133496227842,0.4900141001126536
0.411538,0.714407,1.862208,-0.508129,50.05,70.0,1.8508995129600319,-0.5279997761597383
-0.967678,0.244256,0.46513,0.448091,50.05,70.0,0.48081067158748386,0.4343873580863887
-0.787895,-0.151585,-0.314771,0.657439,50.05,70.0,-0.3176727685758462,0.6573778266312824
0.303076,-0.206057,-0.440436,-0.888855,50.05,70.0,-0.4211505551462098,-0.9006602447924766
0.799773,-0.217535,4.77059,0.750795,50.05,70.0,4.759093629638177,0.7565333041916239
-0.118148,0.293787,18.873185,3.249434,50.05,70.0,18.862915891256964,3.2692945789498102
-0.319239,0.542809,-9.3174,-2.80904,50.05,70.0,-9.337315480414194,-2.8262260718825445
0.994636,0.842965,0.61036,0.258873,50.05,70.0,0.6296007107899133,0.2389535730480575
-0.281183,0.150176,0.509513,0.320453,50.05,70.0,0.5295030980432479,0.3038791376812111
0.007788,0.893545,0.001556,-0.161508,50.05,70.0,-0.012895776367776139,-0.14150860528094694
-0.190784,-0.513175,11.766327,0.176358,50.05,70.0,11.781764562881524,0.16328842863912907
-0.935672,0.158504,1.369921,-0.06539,50.05,70.0,1.363497878069665,-0.048513447529139
-0.018725,-0.706956,-0.009891,-0.445387,50.05,70.0,-0.02573807561639732,-0.4254114529857205
0.189507,-0.949343,-1.085888,0.779722,50.05,70.0,-1.0996231289837934,0.792865294953482
0.386962,-0.324141,-0.464298,-0.131133,50.05,70.0,-0.4764917297094003,-0.1447759229789824
0.167847,0.997715,-19.515897,-1.823437,50.05,70.0,-19.521952309013276,-1.8430766587433454
0.589213,0.898781,-0.919621,0.714912,50.05,70.0,-0.9280123235884551,0.7126312926222255
-0.181431,0.694337,0.439448,-1.480356,50.05,70.0,0.42145825428180994,-1.4920813485706443
-0.275944,0.216114,-0.896002,-0.141795,50.05,70.0,-0.9090231221563672,-0.14640086418961423
0.233509,0.579753,1.111822,8.725146,50.05,70.0,1.1048408125852718,8.740128245969137
-0.092721,-0.353815,6.329445,-28.862959,50.05,70.0,6.333388334394528,-28.84349160892694
-0.574046,0.008852,1.117508,-0.014335,50.05,70.0,1.1160757270727006,0.0010178059316388113
0.768706,-0.35495,0.838023,-0.350394,50.05,70.0,0.8183503421400695,-0.3603710451051056
0.352137,0.371537,-0.019039,-0.214608,50.05,70.0,-0.03661212052635644,-0.19469855246638584
0.414668,-0.681764,10.352506,-3.168289,50.05,70.0,10.35516771405458,-3.166815360988555
-0.403039,0.121434,-0.416365,-0.074768,50.05,70.0,-0.42366885788117137,-0.08454949514655213
0.94551,-0.818267,0.925843,-0.79362,50.05,70.0,0.9405543953557031,-0.7952815623036845
-0.618224,-0.498507,-0.370709,-0.095403,50.05,70.0,-0.37989158884704477,-0.10098292457217264
-0.404587,0.114206,-1.223881,-0.019856,50.05,70.0,-1.225863339756658,-0.00012364082074610427
-0.544473,-0.94966,-0.843332,-0.485813,50.05,70.0,-0.8564069712561212,-0.4953264600984779
-0.93151,0.119624,0.454348,0.067822,50.05,70.0,0.4610009581704341,0.054923216772704425
0.526306,-0.368635,0.389094,-0.104961,50.05,70.0,0.37907311486046125,-0.11228037720039043
0.350891,-0.567961,-4.938662,0.586709,50.05,70.0,-4.934530999027499,0.6048088755799685
0.273264,0.745072,11.996757,3.390438,50.05,70.0,11.977814032522009,3.371293398727559
0.417099,0.181135,-0.122973,-0.066259,50.05,70.0,-0.12947835762346435,-0.04992197342283507
0.328734,-0.971217,0.172653,0.322702,50.05,70.0,0.1926347581949167,0.33570119278060756
0.758606,-0.108101,4.316772,0.980846,50.05,70.0,4.297138902435913,0.9624820350103114
-0.855834,0.004869,0.282206,-0.038617,50.05,70.0,0.2783682505093825,-0.035435249725935314
-0.164439,0.281025,0.172595,0.087187,50.05,70.0,0.18104016281057822,0.10019060005255251
-0.820658,-0.805707,0.850252,-0.774607,50.05,70.0,0.8636108748117969,-0.7835061889903322
0.480837,-0.57263,0.705713,-0.314391,50.05,70.0,0.6857130134252345,-0.3329121179549243
-0.192506,0.55795,9.660193,-14.58546,50.05,70.0,9.67262320398431,-14.593132549648558
-0.534271,0.515494,0.436119,0.158926,50.05,70.0,0.450391089014271,0.147471951372333
-0.095458,-0.360689,-1.125418,2.929762,50.05,70.0,-1.1079791754797197,2.9456096047206692
-0.095529,0.436226,1.69461,1.003787,50.05,70.0,1.6755423689263536,0.9921814665665337
-0.347398,-0.725112,-0.40179,-0.51741,50.05,70.0,-0.4123210909238444,-0.5258953654555883
-0.962978,-0.770382,-0.299656,-0.140676,50.05,70.0,-0.3125919833802323,-0.13922694424871462
0.192981,-0.562876,0.725157,-0.737225,50.05,70.0,0.7355173626096569,-0.7549260239076813
-0.249025,0.635026,4.133932,-0.801336,50.05,70.0,4.149155038342271,-0.8062706634403952
0.889625,-0.071329,-7.283817,0.697413,50.05,70.0,-7.290589823062306,0.7031467898686932
-0.833922,0.273735,4.994959,2.060809,50.05,70.0,4.979553566697693,2.0805600480850597
0.672104,0.044273,0.227212,-0.043589,50.05,70.0,0.2228875261112079,-0.035165574612204445
0.098984,-0.381346,3.267222,-1.274823,50.05,70.0,3.2654059111934464,-1.2910053592631652
0.718403,0.197989,-2.266978,-1.160697,50.05,70.0,-2.2577477334240434,-1.154040162023604
-0.404033,-0.580977,2.095457,0.887072,50.05,70.0,2.0762195549287825,0.8771641035512733
-0.478922,0.75153,0.11071,-0.143099,50.05,70.0,0.09759017784970102,-0.12608572771340595
0.962235,0.284787,-12.066175,-1.033182,50.05,70.0,-12.048196799966734,-1.0492165716196324
0.416687,-0.74215,13.514359,25.2145,50.05,70.0,13.52230905717809,25.215050989234932
0.685964,-0.995284,-1.192326,-0.618125,50.05,70.0,-1.193344911799911,-0.5991500995488243
0.265405,0.666012,1.310039,1.363061,50.05,70.0,1.320186221801663,1.3823522839024247
-0.341651,-0.13308,-0.260748,0.032474,50.05,70.0,-0.2575148502870299,0.03775186517162396
-0.681627,-0.112543,-0.76734,0.043158,50.05,70.0,-0.7630576165400628,0.027798300914222397
0.496663,-0.578475,0.638576,-0.378433,50.05,70.0,0.6195999201938224,-0.3984067018462778
-0.436058,-0.827454,-0.244094,0.012473,50.05,70.0,-0.2428475083828063,0.019337086633583103
0.972801,-0.139027,5.0329,-0.085701,50.05,70.0,5.024589771334372,-0.06571108534780054
-0.622297,-0.941155,-0.770073,-0.667824,50.05,70.0,-0.7661480927842172,-0.6830072306076457
0.012038,0.320497,-2.771848,2.265521,50.05,70.0,-2.790755647102649,2.271008254633685
0.592739,0.168361,-0.526201,0.297619,50.05,70.0,-0.5062693561210146,0.28016985044289383
-0.35648,0.64685,1.506559,1.430172,50.05,70.0,1.5218155490438814,1.4364858546775612
-0.390579,-0.463395,0.278305,0.032781,50.05,70.0,0.28156844209271825,0.03634725250846273
-0.272959,0.375111,1.094971,0.970154,50.05,70.0,1.0751621876809334,0.983968136167352
0.497736,-0.556037,-0.655771,-0.253391,50.05,70.0,-0.6748548850772943,-0.2732028861147445
0.677873,-0.981189,-0.929162,-0.269827,50.05,70.0,-0.9486726710407134,-0.2711575960634333
-0.841808,-0.26899,-0.344602,-0.230874,50.05,70.0,-0.36289280618457204,-0.2339065316115558
-0.911367,0.64835,-6.586497,4.887172,50.05,70.0,-6.599333583803827,4.888256225485405
0.820207,-0.784885,-0.130958,0.127275,50.05,70.0,-0.11907232146296756,0.14313851668110222
0.438425,0.616371,0.81173,0.40236,50.05,70.0,0.8298164740711683,0.3901968257946443
-0.645543,0.350432,0.530751,0.408274,50.05,70.0,0.5485771666554944,0.3906070309752538
-0.28761,0.1344,2.319614,-0.283993,50.05,70.0,2.2998410699129055,-0.2726589897369023
0.85705,0.438374,0.759282,0.449306,50.05,70.0,0.7748869654127662,0.43344281640010746
-0.242228,0.86987,-3.115715,-0.113532,50.05,70.0,-3.12646821049692,-0.13336482019081164
-0.087045,-0.958983,-1.208519,0.578857,50.05,70.0,-1.2036231116431184,0.5982809497611147
0.371852,-0.279445,-0.538326,-0.118838,50.05,70.0,-0.549522755408263,-0.1368472669225197
-0.638292,0.225143,0.45276,-0.001745,50.05,70.0,0.4525855022139785,-0.014522017565890756
-0.021628,0.494113,2.075655,-1.995871,50.05,70.0,2.0861866755707186,-2.007447699851012
0.562104,-0.720662,-0.74455,-0.542487,50.05,70.0,-0.7528720998117743,-0.5592035567264129
-0.163706,0.59375,0.887191,-1.233165,50.05,70.0,0.8895328216685707,-1.2386235351229473
-0.836991,0.688962,0.179527,-0.102235,50.05,70.0,0.16974295231102782,-0.0897657840743287
-0.620216,0.024887,-0.082013,-0.053578,50.05,70.0,-0.08730694575698275,-0.03523610177454227
0.281956,0.841785,13.547516,-7.022059,50.05,70.0,13.558017033174767,-7.018216285686744
-0.122563,0.075827,-0.148093,-0.10985,50.05,70.0,-0.15853395377186563,-0.09508690129951401
0.41738,0.913693,-0.120403,0.079745,50.05,70.0,-0.11263812653329161,0.09622892371144257
0.439997,-0.966517,-9.964205,-1.68729,50.05,70.0,-9.980907147588214,-1.6692331185147273
-0.258521,-0.956241,12.726562,26.0793,50.05,70.0,12.706566163445194,26.093220398643698
0.450384,-0.397974,-0.641805,-0.385305,50.05,70.0,-0.6605528592025541,-0.4052595460142252
-0.743337,0.741855,0.317723,-0.005626,50.05,70.0,0.31716047419433707,-0.00598235460600184
0.36536,0.599539,-6.386753,-0.382545,50.05,70.0,-6.4055951944977725,-0.3651671764846324
0.444528,-0.813628,3.433257,-0.920035,50.05,70.0,3.4531312123021936,-0.9222797520148484
-0.644702,0.487892,-0.618773,0.479399,50.05,70.0,-0.6052194800878189,0.45942177496536674
-0.005562,0.521149,1.001245,-11.234697,50.05,70.0,1.0085738517367255,-11.228904480910101
0.951555,0.782829,-0.509813,0.179416,50.05,70.0,-0.4941828305675479,0.16282536523582625
-0.995555,-0.299935,1.561266,1.076873,50.05,70.0,1.5456141388817466,1.0778256720486779
0.99113,-0.083037,1.037181,-0.016502,50.05,70.0,1.0355326717622053,-0.0073816349773314915
0.402765,-0.728693,-0.449786,-0.390256,50.05,70.0,-0.46835570245330865,-0.4028028144992595
0.863215,0.054776,10.540882,0.10619,50.05,70.0,10.551009055593532,0.09092754877220198
0.623963,0.950118,1.046948,0.742949,50.05,70.0,1.036102333467641,0.752927380453554
0.634942,-0.527057,-0.559017,-0.327054,50.05,70.0,-0.5789754458521723,-0.3458652899964803
-0.252512,0.024286,-0.140569,0.017003,50.05,70.0,-0.13887074742724037,0.03226312590225891
0.178755,0.343391,-7.93513,1.457587,50.05,70.0,-7.91824944492914,1.4496929906051963
-0.633881,0.364824,0.436541,0.14177,50.05,70.0,0.4495602244806269,0.13028138288254912
-0.399205,0.558797,2.400261,0.095387,50.05,70.0,2.409442167426654,0.1122780693527928
-0.301877,0.350912,-0.10568,0.145309,50.05,70.0,-0.09239417835300133,0.16258129638245528
-0.21615,-0.840084,-30.149595,-0.571943,50.05,70.0,-30.155158193790808,-0.5519664911087312
0.715515,-0.342171,-0.516116,-0.482372,50.05,70.0,-0.5294494078294535,-0.49930633538158026
-0.866009,0.982078,-2.387334,-0.32914,50.05,70.0,-2.4072779206244874,-0.312975922928441
-0.221629,-0.914641,-0.04766,-0.612055,50.05,70.0,-0.04928456127122704,-0.5926201866892143
-0.376066,-0.540775,-1.453207,0.57488,50.05,70.0,-1.4479265049920758,0.5859730725171334
-0.809744,0.640319,-0.661911,0.357876,50.05,70.0,-0.6423868889025224,0.33815745088794413
-0.164737,-0.735146,-1.144113,-0.904703,50.05,70.0,-1.1244686745731765,-0.8877857933406236
0.401711,-0.436072,9.136985,0.151617,50.05,70.0,9.150735642435675,0.14898800014920419
0.934483,-0.143639,-2.730742,-0.260218,50.05,70.0,-2.7500189837336193,-0.2509211460108734
-0.141717,0.15799,-0.058297,0.339669,50.05,70.0,-0.0384594662020772,0.35882536360086015
-0.654982,-0.288492,-0.475972,-0.412399,50.05,70.0,-0.4936073619645577,-0.4268718252222511
-0.682639,0.885782,0.217535,-0.072722,50.05,70.0,0.21042198963927602,-0.0634310895483294
-0.669712,0.155012,-3.505567,-1.583604,50.05,70.0,-3.5255260048894206,-1.578673839954
-0.719343,0.002215,0.484637,0.001043,50.05,70.0,0.4847412995272396,-0.014014094887716242
-0.767293,0.112583,2.244284,0.690394,50.05,70.0,2.238175640512597,0.6948726135549194
0.179097,0.077255,-0.05487,0.044558,50.05,70.0,-0.050450969518558306,0.0638100299962503
0.421998,0.514445,0.554414,0.577626,50.05,70.0,0.5594291495488765,0.5589760028958412
0.281546,-0.048989,0.029485,-0.011963,50.05,70.0,0.028289413232910482,0.007820052052372227
0.642639,0.836268,0.651657,0.769534,50.05,70.0,0.638679920544605,0.7496700165859667
-0.843172,0.80291,0.779834,0.45859,50.05,70.0,0.7948416777517227,0.444059942000013
0.51064,0.318869,0.464223,0.239777,50.05,70.0,0.4828556895557523,0.22613956209909455
-0.771676,0.447461,0.304001,0.148555,50.05,70.0,0.3175276912606206,0.14957038982764448
0.481995,0.896888,-1.222334,0.373015,50.05,70.0,-1.2031937677634181,0.3927215454450314
-0.004622,0.317079,-13.430144,-2.571996,50.05,70.0,-13.43593218053274,-2.579664872565426
-0.856787,-0.017806,0.908586,-0.022218,50.05,70.0,0.9063687670488876,-0.025590982072830705
0.731105,-0.315735,0.556666,-0.147652,50.05,70.0,0.543205960875049,-0.16638214866604706
-0.558941,-0.122309,0.536073,-0.200346,50.05,70.0,0.519224911037763,-0.21825613615880035
0.345361,0.490022,0.070549,0.12331,50.05,70.0,0.0821134765509976,0.14207855840903522
-0.203679,0.763766,0.157684,0.677419,50.05,70.0,0.15282312721668187,0.6915183358963228
0.610043,0.984315,0.844099,0.629293,50.05,70.0,0.8440015534573565,0.6198470767161258
-0.612669,0.877106,0.909928,0.759672,50.05,70.0,0.8977168023669928,0.756431370606831
-0.471105,0.141572,0.004274,-0.043198,50.05,70.0,-1.2290604443103946e-05,-0.02320256659520782
-0.602807,0.617647,0.726751,0.495831,50.05,70.0,0.73905181511697,0.4782047371915253
0.786734,0.637129,0.463288,0.154682,50.05,70.0,0.4772595852381032,0.1411131034727561
0.219061,-0.238832,-1.036865,-6.787594,50.05,70.0,-1.0484783639308766,-6.778501769415049
-0.046314,-0.398642,17.066181,-0.551688,50.05,70.0,17.058704072417385,-0.569163322479173
0.027937,-0.468927,-2.019596,-1.718666,50.05,70.0,-2.03437415581647,-1.734302584590132
0.741447,-0.504236,0.608825,-0.581454,50.05,70.0,0.604181315938983,-0.6013590757486642
-0.694004,-0.127028,-3.262626,-0.203206,50.05,70.0,-3.279626470991899,-0.21965414510665376
-0.966924,0.912659,0.748263,0.740814,50.05,70.0,0.7375973297965485,0.7243041528379167
-0.937908,0.582556,-1.586529,0.453038,50.05,70.0,-1.571160163131226,0.4514663547209593
-0.984082,0.531332,-0.278719,-0.055916,50.05,70.0,-0.2842380396183464,-0.0523904916218256
0.093417,0.055928,0.089309,-0.059346,50.05,70.0,0.08346110636146714,-0.04130710938082491
-0.020518,-0.84142,1.018071,0.517129,50.05,70.0,1.028625969493519,0.5245096163559962
0.246948,0.452605,0.190977,17.48673,50.05,70.0,0.18085004270297572,17.498284052602465
0.926607,-0.508659,-0.560072,-0.379024,50.05,70.0,-0.5790293293349973,-0.39787085750688206
0.971829,-0.463487,0.17811,-0.183981,50.05,70.0,0.1621991187293716,-0.17140130916128923
0.176136,0.320862,0.597545,-1.122676,50.05,70.0,0.6099616674163473,-1.1424397141813971
0.724668,-0.50078,0.439717,-0.239519,50.05,70.0,0.4210937015811916,-0.2512661301213996
-0.608961,-0.809388,-0.039017,0.168913,50.05,70.0,-0.024063353633823847,0.18853362391700182
0.608864,-0.816743,0.423573,-0.141973,50.05,70.0,0.4105383722754249,-0.15237671917790258
0.995666,0.165319,-1.681657,0.016136,50.05,70.0,-1.6800451499879812,0.005608977942658525
0.514523,-0.410839,0.490816,-0.15278,50.05,70.0,0.47698113881709187,-0.1682365383206586
-0.978422,-0.331339,-6.488651,-0.290637,50.05,70.0,-6.508512835131229,-0.28029485379772523
-0.81699,0.84132,-0.527186,0.439654,50.05,70.0,-0.510995733992591,0.42215692628872525
0.065843,0.631027,-14.260027,-20.035825,50.05,70.0,-14.253134488161944,-20.047352737600043
-0.321966,0.713219,2.835277,-17.667253,50.05,70.0,2.828013548692396,-17.668037160127124
-0.932871,-0.757902,0.945992,-0.592797,50.05,70.0,0.9424584926315462,-0.5924455976903794
-0.0545,0.023476,-0.052425,-0.022352,50.05,70.0,-0.05465554985283705,-0.0030351699910732867
0.556161,-0.593727,-0.355101,-0.039142,50.05,70.0,-0.35899026059820854,-0.04320763849143359
-0.768904,-0.972102,0.899998,-0.817797,50.05,70.0,0.916235918259179,-0.8220131114944284
-0.118179,-0.238844,-3.5045,-0.305407,50.05,70.0,-3.524480852518769,-0.3005803169436202
-0.254949,-0.932998,-1.149249,0.466101,50.05,70.0,-1.1347482663748856,0.4832865552460105
-0.898742,0.835856,-0.730205,0.756626,50.05,70.0,-0.7421735566838966,0.7391655703482994
0.232432,0.481775,0.647702,-0.254665,50.05,70.0,0.6285803858388326,-0.27457114377990155
-0.809383,0.697349,0.683073,0.397331,50.05,70.0,0.7013683954956155,0.3780758432427001
0.349489,-0.130561,0.463375,-0.08132,50.05,70.0,0.455465223615302,-0.09489528671006836
-0.33629,-0.019091,0.091687,0.021288,50.05,70.0,0.09381178257920528,0.03922292357424899
-0.858279,0.908009,0.604285,0.978855,50.05,70.0,0.5846149142019764,0.9589992289656026
0.91315,-0.691826,0.912138,-0.689381,50.05,70.0,0.918149821824552,-0.6924033563730536
0.479202,-0.059668,-0.316292,-0.119941,50.05,70.0,-0.3275799794964633,-0.12015426942209789
-0.84747,0.572237,-0.090287,-0.101558,50.05,70.0,-0.10001194581876593,-0.08356156000171971
-0.4145,-0.495625,-0.978333,-0.338571,50.05,70.0,-0.9981842016777305,-0.3350046551393218
0.032484,-0.039563,0.017497,-0.032203,50.05,70.0,0.01429059679863948,-0.012279487449719448
-0.940831,-0.546491,0.923046,-0.259531,50.05,70.0,0.9037874349615017,-0.2614711238240324
-0.87539,-0.672477,0.324047,-0.025952,50.05,70.0,0.3214590767193195,-0.026940370722872746
-0.319816,0.851745,-0.000659,-0.024139,50.05,70.0,-0.003067043606465929,-0.004139108570151772
-0.723835,0.507915,-0.601597,0.570055,50.05,70.0,-0.5958527078002945,0.5502332446602851
0.523761,0.856312,-0.335131,-0.731467,50.05,70.0,-0.32526738456115206,-0.7335603323867247
0.043644,-0.47884,-3.448981,-0.198452,50.05,70.0,-3.465726277631752,-0.19912896256266224
0.142636,-0.722074,-0.872911,-0.114391,50.05,70.0,-0.8837365386569739,-0.12120824609895926
0.108386,-0.356964,-0.353395,0.831003,50.05,70.0,-0.3703679418692055,0.827104545306027
0.503231,-0.194502,-0.273127,-0.06615,50.05,70.0,-0.279622049378978,-0.0620754978794864
0.99707,-0.24663,-19.528429,-1.467525,50.05,70.0,-19.545821474642512,-1.48688945423035
0.884964,-0.418169,0.777937,-0.348192,50.05,70.0,0.7582258587381802,-0.3628517573470623
-0.172815,-0.499158,-0.780765,-3.192717,50.05,70.0,-0.7757080602574333,-3.2071829258928175
0.653867,-0.448979,-0.393353,-0.180895,50.05,70.0,-0.40907501523317785,-0.1886090418034126
0.013307,-0.345493,16.732602,-22.793053,50.05,70.0,16.717342156652197,-22.80103994375036
-0.709032,-0.705393,-0.654452,-0.490965,50.05,70.0,-0.6671328185397513,-0.5107945032408969
0.459232,0.318053,0.458079,0.132068,50.05,70.0,0.4703467082777763,0.11888634201810777
-0.479139,-0.885431,-0.56479,0.593107,50.05,70.0,-0.5612870092084625,0.5741075135548055
0.562858,-0.042069,-0.218016,-0.04032,50.05,70.0,-0.22202074364707716,-0.031071711295154653
0.948481,-0.873979,-0.33023,-0.070313,50.05,70.0,-0.3371173501046819,-0.0719183446203618
-0.961677,-0.910706,0.509484,-0.932694,50.05,70.0,0.5294600741055072,-0.9492662390051588
-0.241712,-0.449559,0.286129,-0.46561,50.05,70.0,0.27159449443361394,-0.4628161408148226
0.261448,0.150498,5.089072,0.874389,50.05,70.0,5.070219869782229,0.8934196285294029
-0.586226,-0.694673,0.753948,-0.557773,50.05,70.0,0.7470388237592931,-0.5739553520426446
0.629469,-0.52105,0.196495,0.042015,50.05,70.0,0.20066566503156683,0.05311430723636037
0.705898,0.026869,-0.956616,-0.071745,50.05,70.0,-0.9636376135763068,-0.07033235684216035
-0.420521,0.307574,0.27709,0.046761,50.05,70.0,0.2817236132979668,0.05044673879302048
-0.611125,0.821599,-0.735199,0.761443,50.05,70.0,-0.7475499749606938,0.7442315363211107
0.611968,-0.659298,0.764801,-0.494004,50.05,70.0,0.7523566420287654,-0.5095250718223947
-0.82898,-0.66266,0.752855,-0.44974,50.05,70.0,0.7372772167020863,-0.46598633986071253
0.679003,0.010326,0.006059,0.001296,50.05,70.0,0.006188599093009265,0.02128682283167271
-0.455873,0.139481,-0.371355,0.126399,50.05,70.0,-0.35953988801306,0.1207570697671136
0.250659,0.823258,18.466735,-23.943686,50.05,70.0,18.460104695622814,-23.950418083174874
0.495506,-0.036911,0.471932,-0.079284,50.05,70.0,0.4642096308894876,-0.09347506031360726
-0.366434,-0.649447,-0.375675,-0.154741,50.05,70.0,-0.38965080627290993,-0.16079603667308326
0.743904,0.792681,0.750264,0.787861,50.05,70.0,0.7359487921681023,0.7714649163650659
0.597348,-0.370932,0.554182,-0.314835,50.05,70.0,0.5341821141542177,-0.3334766054062553
-0.252111,0.762743,-0.65212,0.114043,50.05,70.0,-0.6413237391006003,0.09418446041101662
-0.57488,-0.007831,-1.908982,0.189549,50.05,70.0,-1.8927399651516783,0.1696931435901665
0.377804,-0.240367,0.843836,-0.332272,50.05,70.0,0.8239179617467198,-0.34174109698003763
0.146468,-0.30891,1.290556,23.681738,50.05,70.0,1.2740376139753342,23.701451065135508
0.146158,0.480559,-8.776035,-3.411283,50.05,70.0,-8.75652733785083,-3.391387198731687
0.759097,0.147623,1.588464,0.132916,50.05,70.0,1.6007985714652688,0.13115152966034285
-0.904633,-0.16496,-9.780093,-1.028852,50.05,70.0,-9.761929316286656,-1.0247654068263479
-0.486278,-0.870919,4.493744,-6.502484,50.05,70.0,4.475951773336149,-6.520246275427217
0.466632,0.678153,-0.643688,0.159747,50.05,70.0,-0.629358516336365,0.13980602608963721
-0.283927,0.034031,-0.283112,-0.033034,50.05,70.0,-0.2864004003947327,-0.029941728228474657
-0.044293,-0.440589,-0.497452,1.644107,50.05,70.0,-0.47878063677028176,1.6282379145657333
-0.980031,0.620494,-0.299884,0.165316,50.05,70.0,-0.2851716203011232,0.16674231473658999
0.641053,0.179654,0.241182,0.142033,50.05,70.0,0.2542211778371484,0.14916986214658134
-0.549588,-0.924486,0.890837,-0.613563,50.05,70.0,0.8893627851714645,-0.6186698896567596
0.161308,-0.891757,-20.391402,4.478146,50.05,70.0,-20.399182655499636,4.4810309255480805
0.239691,0.484635,-2.104805,0.517688,50.05,70.0,-2.0942975531715504,0.5086026592608291
-0.743658,-0.661392,-0.629371,-0.464444,50.05,70.0,-0.643985353937069,-0.48444372307774164
-0.008197,0.241148,-1.624055,-4.855954,50.05,70.0,-1.6089902390618551,-4.861217145331866
0.97995,0.013335,1.029577,0.080939,50.05,70.0,1.0374517683163438,0.0893762034967354
0.122649,-0.644697,-0.785862,4.696621,50.05,70.0,-0.8057998748880613,4.6825117005800685
0.582559,-0.924477,-0.413313,-0.382117,50.05,70.0,-0.4321695023846979,-0.39163115838469365
0.323126,0.783551,-0.734224,0.485644,50.05,70.0,-0.721136244983145,0.4683830816744363
-0.864667,-0.465238,-0.163477,0.10864,50.05,70.0,-0.1531394395524957,0.12232261637727138
0.751743,0.538745,-0.631596,0.596707,50.05,70.0,-0.6284479926016105,0.5767096853911271
0.686288,0.448034,-0.357326,0.087067,50.05,70.0,-0.3488917164164251,0.08278376333782193
0.112437,-0.276348,-2.821024,17.234253,50.05,70.0,-2.840530830987317,17.234893829120665
-0.588397,0.808212,0.70726,0.411696,50.05,70.0,0.7249284122794092,0.39323381719332384
-0.377944,-0.111519,0.162638,-0.078002,50.05,70.0,0.155034046716105,-0.06425831094830833
-0.304108,0.864748,2.630965,-0.015047,50.05,70.0,2.6294617191085234,0.0015889921163383617
-0.180002,0.702461,2.133135,1.355927,50.05,70.0,2.1426611367195916,1.3494480450295414
0.253738,0.568848,22.632661,-5.966736,50.05,70.0,22.652659688941437,-5.946779503929979
0.626296,0.160635,0.338909,0.203348,50.05,70.0,0.3559169464808554,0.2008793385485321
-0.206496,-0.571383,3.729459,-0.490562,50.05,70.0,3.7167470432553262,-0.47096970204959404
0.758231,-0.412382,0.263597,-0.057066,50.05,70.0,0.257967517513482,-0.052063461851314094
-0.911863,0.316945,-0.732241,-0.032076,50.05,70.0,-0.7354348668294025,-0.04943623463672124
0.898595,0.681479,0.41324,0.109145,50.05,70.0,0.42362075842978547,0.09963726335305798
-0.386511,-0.090871,0.244859,0.047325,50.05,70.0,0.24954746026392266,0.05411718314730968
0.731835,-0.054867,-0.100426,-0.057377,50.05,70.0,-0.10608531825863168,-0.03984581208972203
-0.144658,0.731495,-0.197413,-1.019756,50.05,70.0,-0.17888749747863503,-1.0087331753992266
0.228534,0.971824,-0.144585,0.140273,50.05,70.0,-0.13167977807324052,0.1552704763128786
-0.552786,-0.670027,-0.707692,-0.552995,50.05,70.0,-0.7150475457638606,-0.5714405277070943
0.864136,-0.473337,0.460619,-0.037078,50.05,70.0,0.4569324027066613,-0.050449615681841274
0.625041,-0.933277,0.621195,-0.173905,50.05,70.0,0.6059145488359755,-0.19389231516862898
0.411541,0.762445,-3.82836,-3.244578,50.05,70.0,-3.818510578336972,-3.22542600471963
0.411266,0.149724,0.124816,-0.022086,50.05,70.0,0.12261188616405758,-0.005855978685583591
0.406615,-0.026282,-0.483446,-0.009866,50.05,70.0,-0.48443219990856906,-0.02484443833814553
0.274561,0.553797,-8.376698,-0.255596,50.05,70.0,-8.395846694828327,-0.2656723213320531
-0.328595,-0.696196,8.295949,2.726252,50.05,70.0,8.313443706593482,2.7101986320877227
-0.973152,0.229539,17.052093,-1.148564,50.05,70.0,17.062381985689598,-1.166680584184989
-0.141548,-0.991896,0.595994,-5.76825,50.05,70.0,0.6067346632657872,-5.787989349310849
-0.80175,0.990481,-0.385278,0.064047,50.05,70.0,-0.37898220755497314,0.057084060809087685
-0.981397,-0.334905,-3.275107,31.998473,50.05,70.0,-3.2705696455931976,31.982766454522547
-0.740745,0.298809,0.602193,0.188601,50.05,70.0,0.6183795352924164,0.1687713933385452
0.08687,0.015736,-0.090031,-0.01721,50.05,70.0,-0.09174987689937118,0.0007975934375707774
0.475236,-0.702862,0.853354,-0.478442,50.05,70.0,0.8397302615067295,-0.4870623299220003
-0.99952,-0.934582,-0.934554,-0.326329,50.05,70.0,-0.9545169858124137,-0.32712117232905685
0.478344,-0.468844,-0.433316,-0.07616,50.05,70.0,-0.44074926564695305,-0.08738315160208505
0.141553,-0.920088,-10.724636,-0.95015,50.05,70.0,-10.704650713873756,-0.9696848014539476
0.075715,0.546972,-2.884008,-2.345669,50.05,70.0,-2.8691415231915003,-2.351251313460208
0.96078,-0.164744,2.027002,-0.339448,50.05,70.0,2.007161667124906,-0.3546122120913842
-0.844246,0.764945,0.743003,0.633273,50.05,70.0,0.7425076037436567,0.616472015187925
0.425736,-0.648356,0.020482,-0.092423,50.05,70.0,0.011565154727092696,-0.07252778645127275
-0.918929,-0.432775,-1.368571,-0.426218,50.05,70.0,-1.385512981586542,-0.40926938961187737
0.35604,-0.029136,0.409177,0.145541,50.05,70.0,0.4224801541008565,0.13639265396366518
0.319611,-0.301608,10.9837,-2.762531,50.05,70.0,10.964743870899595,-2.7637177312713814
0.866821,0.666062,-0.792513,0.689798,50.05,70.0,-0.7985645802330794,0.676167800842576
0.498087,-0.654564,-0.404081,-0.443376,50.05,70.0,-0.42004995590442584,-0.45206826263474204
0.747023,-0.787988,0.752647,-0.784429,50.05,70.0,0.7667204396488116,-0.8006874619688755
0.290169,0.866381,6.439283,1.608097,50.05,70.0,6.458936172019877,1.6223083985292992
-0.736917,0.641207,0.407002,0.16776,50.05,70.0,0.4218788325725819,0.1588056034592187
0.759961,0.669936,0.753443,0.65977,50.05,70.0,0.7503108002330233,0.6435580234141564
-0.38339,0.357903,1.893343,-0.566614,50.05,70.0,1.8872699724505748,-0.5865964154248207
-0.730186,-0.230332,3.34398,0.399214,50.05,70.0,3.3621985171537707,0.3886096072292356
0.812333,0.880305,0.861163,0.680627,50.05,70.0,0.8559915849272175,0.6727177015831126
-0.712166,0.631438,0.708916,0.5994,50.05,70.0,0.7117977869211028,0.581002128832695
0.575084,-0.558678,-0.660593,-0.372035,50.05,70.0,-0.6797614272063441,-0.3917751542807158
0.302156,0.340057,0.329381,0.584714,50.05,70.0,0.333706990207849,0.5831932956496165
-0.664392,-0.441899,0.546125,-0.40095,50.05,70.0,0.5279787904241405,-0.419284693555101
-0.999443,0.368931,13.596705,-4.229752,50.05,70.0,13.58178029441284,-4.221246187970655
0.623111,0.619989,-0.676869,0.40556,50.05,70.0,-0.6589214262644318,0.3861463988686448
0.155625,-0.405628,-0.637777,-0.700164,50.05,70.0,-0.6307459799169235,-0.7201416385079225
0.604035,0.015981,9.246008,0.396224,50.05,70.0,9.264347835112385,0.3836956840817676
0.594834,-0.631166,-0.708589,-0.394128,50.05,70.0,-0.7270114371853899,-0.4125386704685855
-0.003655,0.569959,1.487378,1.514716,50.05,70.0,1.506596887339648,1.5228180627082486
-0.69983,-0.0461,-0.689559,-0.016753,50.05,70.0,-0.6912323415424638,-0.035822704135508185
-0.795632,-0.183611,0.21168,1.126764,50.05,70.0,0.1995863796959309,1.1365693444856124
0.042041,0.58538,12.579791,-4.614739,50.05,70.0,12.59745410296856,-4.594784009795201
0.483317,-0.891313,-0.85388,-0.612081,50.05,70.0,-0.8555019698490999,-0.6206538368668546
-0.291151,0.625051,-0.445937,0.075222,50.05,70.0,-0.4385908966661579,0.06297722931989147
-0.759579,-0.238789,0.414048,0.166361,50.05,70.0,0.42883096638192664,0.15678225516511016
0.666966,-0.307706,0.432058,-0.321832,50.05,70.0,0.41207271590921385,-0.3329508044816742
0.385791,-0.013204,-1.937944,-0.247312,50.05,70.0,-1.9568372221285086,-0.2666141535944584
0.08193,0.998088,-21.072494,-15.518482,50.05,70.0,-21.088732081644384,-15.516105307564121
0.858228,0.245538,0.490733,0.935529,50.05,70.0,0.47074507022744766,0.920077730330122
0.748911,0.953809,0.47514,0.151152,50.05,70.0,0.48885683914131267,0.1367367225105763
0.67443,-0.848127,-0.266176,0.067805,50.05,70.0,-0.2595246450404603,0.07255742701267065
-0.464368,-0.635659,0.728774,-0.408767,50.05,70.0,0.710970239985349,-0.4262967693819931
0.479911,-0.127852,0.307949,-0.002623,50.05,70.0,0.30768670751934296,-0.0020020732566919785
-0.807952,0.755874,-0.670878,0.493887,50.05,70.0,-0.6584244848826896,0.4743381209136631
-0.017474,0.320448,-12.579809,-7.565826,50.05,70.0,-12.582402042926214,-7.545871130568869
-0.236652,0.5828,-14.337094,-16.82757,50.05,70.0,-14.34974980885016,-16.84439547754963
-0.874894,-0.34223,-18.842987,9.501334,50.05,70.0,-18.85045701804844,9.521323213287204
0.134203,-0.444207,-9.207,-4.339972,50.05,70.0,-9.21274373513174,-4.34924138822896
0.220882,0.365606,-19.201077,-7.512801,50.05,70.0,-19.198383076376267,-7.516515488552529
0.740424,0.299008,0.349129,0.262493,50.05,70.0,0.36846535231844324,0.25901381759820674
-0.571286,0.388198,-0.501818,0.292272,50.05,70.0,-0.48193764361726954,0.2761409889168004
0.436603,-0.013831,-0.611241,-0.045986,50.05,70.0,-0.615799187326581,-0.06591313377490461
-0.45468,0.200062,0.463316,0.173896,50.05,70.0,0.47859587047797564,0.16032504658193605
0.435379,-0.592471,-1.134408,-0.162039,50.05,70.0,-1.1488964322558641,-0.14565917257607747
0.348252,-0.922907,5.426216,-0.36111,50.05,70.0,5.4067645666541235,-0.36940271424053717
0.695799,0.299012,-0.248734,0.108596,50.05,70.0,-0.2384002064624874,0.11502246155261457
-0.49836,0.057307,0.203462,0.13719,50.05,70.0,0.21613016848013575,0.1477031245100652
-0.833005,-0.311902,5.950928,-2.932279,50.05,70.0,5.93361378818581,-2.934086335269505
-0.129561,0.46176,4.531081,-8.933364,50.05,70.0,4.518434931494762,-8.949111507947308
0.797112,-0.931039,0.458218,-0.21245,50.05,70.0,0.4407489352909561,-0.22564210857464845
0.032162,0.545497,-5.534402,-1.759492,50.05,70.0,-5.546141509602148,-1.7759724244970838
0.168157,0.220767,0.137308,0.04663,50.05,70.0,0.14192886873109545,0.062098876254667874
0.436735,0.200233,-0.43857,0.146679,50.05,70.0,-0.4251820869186915,0.13502489251075592
-0.677489,-0.5655,0.457912,-0.207385,50.05,70.0,0.4406951294975356,-0.22055409381409588
-0.359601,0.193459,-1.362627,0.156051,50.05,70.0,-1.3485577864142948,0.17330765002759063
-0.535854,-0.09507,0.309115,-0.011857,50.05,70.0,0.3079299944434669,-0.011352626941309483
0.166472,-0.106369,-0.108566,0.087927,50.05,70.0,-0.1000538159531327,0.10505200487600747
0.252516,0.028025,-0.181032,-0.015471,50.05,70.0,-0.18257755753975566,-0.003119805119944587
-0.98018,0.122583,2.288335,0.100051,50.05,70.0,2.297927986131355,0.10868002268239735
0.251363,0.651391,0.761681,-0.007129,50.05,70.0,0.7609682509548297,-0.022844943369673232
-0.077593,-0.112582,1.823258,-3.894473,50.05,70.0,1.8115916177295357,-3.9135288748338755
-0.166355,0.066264,-0.130474,-0.05342,50.05,70.0,-0.13575270766804062,-0.037527054553006485
-0.296533,0.16797,0.25687,0.203002,50.05,70.0,0.2738597165585061,0.20865290282205048
-0.936484,0.514544,-0.861018,0.479427,50.05,70.0,-0.8474665392303793,0.4715043856872654
-0.054004,0.355491,16.074531,26.748537,50.05,70.0,16.09402689453516,26.753718074099012
0.737721,0.877124,-0.522828,0.460179,50.05,70.0,-0.507925828068939,0.44289715923401385
-0.169257,-0.709015,25.495581,-16.247285,50.05,70.0,25.504189868649178,-16.25210512500618
-0.416741,-0.164065,0.258193,-0.086269,50.05,70.0,0.24983114032141757,-0.08074512919334856
0.553546,-0.544973,0.718162,-0.403856,50.05,70.0,0.7001398876636153,-0.4218717450774344
0.635819,0.215568,0.741764,0.253942,50.05,70.0,0.7608642978794151,0.23707412100235847
-0.942534,0.836969,-0.478031,0.443437,50.05,70.0,-0.4620657174289682,0.42882283694687096
0.936061,0.381711,-15.076943,-0.400881,50.05,70.0,-15.095092109678765,-0.38088282481826596
-0.587084,0.872923,0.989297,0.606109,50.05,70.0,0.9915133912415137,0.6107482751321277
-0.785664,-0.649972,-0.745996,-0.671217,50.05,70.0,-0.7417389712948538,-0.6878537363163745
-0.077479,-0.183695,2.181379,-0.507293,50.05,70.0,2.1700016586606026,-0.5090642620806759
0.63691,0.553972,0.217072,-0.037224,50.05,70.0,0.2133710538694533,-0.027892113551142565
0.614981,-0.018698,-3.227558,0.306342,50.05,70.0,-3.2075732754645285,0.28816124067241883
-0.255422,-0.869343,-3.539304,-1.43096,50.05,70.0,-3.5546113827395547,-1.422845710340824
0.944115,-0.252326,-5.736062,0.914199,50.05,70.0,-5.7558624102765314,0.8958246529863813
-0.851145,0.799143,0.780026,0.434707,50.05,70.0,0.7965017230097439,0.4201901422306886
-0.810198,-0.989812,0.814863,-0.75899,50.05,70.0,0.8270201143807797,-0.7709029896498234
0.22562,-0.009492,0.223693,-0.009339,50.05,70.0,0.22275943934584586,-0.0005977282673992682
0.463196,0.932227,-0.204297,-0.084208,50.05,70.0,-0.21247119689738958,-0.07376600011531209
-0.069207,0.836853,-4.037259,-0.001457,50.05,70.0,-4.037404698711257,0.003181520853184544
0.995325,0.430234,-0.976431,0.112419,50.05,70.0,-0.9657717993922857,0.11579803473870193
0.93875,-0.434891,0.761684,-0.348966,50.05,70.0,0.741986113510506,-0.3646817578226199
0.791406,-0.835242,-0.750951,-0.830145,50.05,70.0,-0.7340235988989076,-0.8465016463418822
0.08086,-0.982996,-15.767395,1.668416,50.05,70.0,-15.749730475582037,1.6492925539001961
0.78997,-0.982206,-0.981501,-0.872811,50.05,70.0,-0.9627021463322961,-0.8689333929113743
0.070817,0.225855,1.349998,1.069906,50.05,70.0,1.3339220030491878,1.0877662169017033
-0.056158,0.146121,0.017268,-0.203662,50.05,70.0,0.00024355365879584479,-0.1837364996583427
-0.151373,-0.128069,0.109336,0.042362,50.05,70.0,0.11354059586735053,0.05944710284085651
-0.448513,-0.150885,-0.428436,-0.141427,50.05,70.0,-0.4414291678404374,-0.15224292895212668
0.077222,-0.126819,-0.130541,-0.230404,50.05,70.0,-0.14881274444219192,-0.21451512282325697
0.55859,0.213933,0.461843,0.312081,50.05,70.0,0.4818419202129907,0.29861861382128807
-0.43084,0.872883,-9.284443,0.183646,50.05,70.0,-9.268552438547015,0.1683707564630119
0.542286,0.20016,0.447045,0.164417,50.05,70.0,0.46169633341372696,0.1520848110920123
0.093504,-0.470523,-0.489896,0.039287,50.05,70.0,-0.485992517232387,0.0238890097543624
-0.085766,0.528642,17.249707,1.464921,50.05,70.0,17.266969440703342,1.4620259472248065
0.893786,-0.131935,-2.269588,0.508219,50.05,70.0,-2.2582869373061962,0.5151213826312291
0.562209,-0.948318,0.727739,-0.142947,50.05,70.0,0.7146306541205961,-0.16052636169632736
-0.379279,-0.536196,0.246033,0.078963,50.05,70.0,0.25372574855719565,0.08564464423846158
0.154584,0.092012,-0.089141,0.053981,50.05,70.0,-0.08380820245499623,0.07202713936611271
0.439201,-0.345414,-0.539231,-0.221782,50.05,70.0,-0.5571352694526605,-0.23983044375044513
0.628009,0.947258,1.004251,0.659708,50.05,70.0,1.001124923878679,0.6657875702589554
0.561266,-0.810709,-1.167555,-0.378708,50.05,70.0,-1.1865223755704788,-0.3606593206107171
0.410166,-0.335957,0.528541,0.033966,50.05,70.0,0.5319212959442549,0.016403693877310957
-0.428997,-0.151569,-0.037013,0.051519,50.05,70.0,-0.03191788714489125,0.07117748584058216
0.587862,0.190978,-0.487466,0.675067,50.05,70.0,-0.4920983943107871,0.6598252165979941
-0.233763,-0.856535,-4.186264,-1.339892,50.05,70.0,-4.194351121894269,-1.3496724323620621
0.216087,-0.219341,-0.399736,0.086619,50.05,70.0,-0.39134235899346465,0.0783200759650956
-0.459745,-0.927873,22.499451,17.656311,50.05,70.0,22.505684602009687,17.67281680284017
-0.767749,0.448063,-0.088527,-0.129723,50.05,70.0,-0.10060866499171586,-0.11165047653834127
0.592412,0.673123,0.46407,-0.000844,50.05,70.0,0.46398560025050456,-0.01447024239585317
-0.825198,0.903503,0.504475,0.219538,50.05,70.0,0.5222781435233614,0.20325134443370804
-0.828808,0.21746,-0.536548,-0.032651,50.05,70.0,-0.5397986156351561,-0.050582225397944616
0.848116,0.280104,7.812541,-6.427491,50.05,70.0,7.799330339812704,-6.423376525964577
-0.290025,-0.451617,0.569823,-0.390072,50.05,70.0,0.5512464722057825,-0.40922264888927895
-0.330854,-0.663886,3.613653,3.164535,50.05,70.0,3.6113637936049394,3.1787351013470695
0.069043,0.399029,-1.537271,2.862404,50.05,70.0,-1.517575957761509,2.8657408544274285
0.488658,0.882073,4.434561,-2.974983,50.05,70.0,4.419761297166609,-2.9946539158835717
-0.992342,-0.298018,1.802641,-1.018838,50.05,70.0,1.821200901895107,-1.0371678538333486
-0.796834,-0.382312,0.643174,-0.260893,50.05,70.0,0.6238791408224402,-0.28083785411898765
0.478436,-0.921618,0.225849,0.415283,50.05,70.0,0.24334649976512338,0.4238298503492979
0.373042,-0.281522,0.25795,0.028826,50.05,70.0,0.2608226300999572,0.034373221503201594
0.454896,-0.566795,-0.482113,-0.094544,50.05,70.0,-0.4912191934563356,-0.10943377396024638
-0.121838,0.273614,-0.217795,0.353611,50.05,70.0,-0.1981828497563295,0.3628788783270831
0.637091,-0.4114,-0.583799,-0.4099,50.05,70.0,-0.6015508558809832,-0.4294065454484752
-0.396893,-0.588649,1.055519,-0.075501,50.05,70.0,1.0481469540188573,-0.06478920387068217
0.581331,0.43036,0.572929,0.380866,50.05,70.0,0.591826827544163,0.36162811013626706
-0.945141,-0.984657,-0.755343,-0.899064,50.05,70.0,-0.7358123421636664,-0.9151639823461746
0.869632,-0.095273,4.638553,0.40771,50.05,70.0,4.656404667370378,0.4004929857883273
0.752046,-0.360278,-0.000638,0.107978,50.05,70.0,0.009642832811756614,0.12797789823908629
0.807391,-0.182329,1.970742,1.652445,50.05,70.0,1.9890983923627246,1.6342567913420558
-0.40838,0.360445,2.207037,0.588744,50.05,70.0,2.2109686788340492,0.5895360070998126
0.002557,0.983633,14.256399,-20.420649,50.05,70.0,14.236399022015384,-20.431878385458123
-0.079161,-0.45168,-13.104945,18.393967,50.05,70.0,-13.120149352733499,18.37594694388487
0.615294,-0.753211,0.523637,-0.232327,50.05,70.0,0.5052879039359756,-0.24964941897942372
0.789988,-0.675835,0.381599,-0.106246,50.05,70.0,0.37146711577553326,-0.11286289646363266
-0.750928,-0.848202,0.777196,-0.822543,50.05,70.0,0.7937063931113284,-0.8372530625252649
0.261906,-0.147604,0.214664,0.148562,50.05,70.0,0.22819120686853353,0.15810618565292436
-0.775065,-0.519522,0.601371,-0.596537,50.05,70.0,0.5982062056480245,-0.6163557321277875
0.389694,-0.413782,19.392116,-6.976072,50.05,70.0,19.398461237712723,-6.994261371152736
-0.434673,0.445507,-0.547747,0.159115,50.05,70.0,-0.533461676987145,0.14071611175961188
-0.36811,-0.816628,-1.095208,-0.742502,50.05,70.0,-1.084399917271876,-0.7286707352382568
0.928999,-0.317952,-6.192641,0.639972,50.05,70.0,-6.193805687631747,0.6579571998960776
0.186054,-0.986051,4.477027,-12.966364,50.05,70.0,4.458840776218967,-12.984831722443854
-0.553298,0.718541,0.722274,0.339727,50.05,70.0,0.7421107951857076,0.3218936179429575
0.520464,-0.565401,0.776187,-0.406427,50.05,70.0,0.7582778521323145,-0.42120523693732786
-0.701616,-0.052274,4.429583,0.331024,50.05,70.0,4.449511937303847,0.311269254227109
-0.570768,-0.899222,0.861119,-0.768794,50.05,70.0,0.8740396831973416,-0.7767073395422067
0.774649,-0.478582,0.584475,-0.594062,50.05,70.0,0.5810660725321943,-0.6135833576363728
0.466282,0.802835,-2.074794,-1.06114,50.05,70.0,-2.0582121198905856,-1.0727868021469584
-0.753789,-0.926184,-0.715679,-0.796874,50.05,70.0,-0.7007491195777314,-0.8149961808444931
-0.367529,0.932148,-0.529246,0.80307,50.05,70.0,-0.544580927455571,0.7854740723991863
0.607119,-0.149255,0.461851,-0.167677,50.05,70.0,0.44697971606244946,-0.18113997779506547
-0.532818,0.933422,-0.563835,0.627085,50.05,70.0,-0.56371164771026,0.608115557366271
0.015886,0.997926,0.324948,0.670042,50.05,70.0,0.32080585153875596,0.6689636496989974
0.135466,0.775194,-10.276964,2.042935,50.05,70.0,-10.291169616003947,2.051660572577304
0.679741,0.407514,0.485298,0.364309,50.05,70.0,0.5046725385093904,0.34920848128496357
-0.916396,0.126787,-0.833333,0.07003,50.05,70.0,-0.826472225809915,0.0596492590005684
0.901829,-0.955199,-0.768755,-0.809163,50.05,70.0,-0.7530361085640176,-0.8244316892182326
-0.022493,-0.047578,-0.013638,-0.014147,50.05,70.0,-0.015051520567285339,0.005806519253997337
0.353298,-0.122302,-0.478348,0.185962,50.05,70.0,-0.4623178732408283,0.1713262140409006
0.462475,0.821484,-1.031062,0.478353,50.05,70.0,-1.0174317470809886,0.4869246088306168
0.674362,0.00434,1.04051,0.229789,50.05,70.0,1.0587566495625167,0.2392043590993396
0.938983,-0.51042,-0.482417,-0.265088,50.05,70.0,-0.5018180166813618,-0.2799980528577096
-0.637032,-0.59127,0.600032,-0.375876,50.05,70.0,0.5809767064543915,-0.3956763012625947
0.520312,0.886067,-1.41151,0.442053,50.05,70.0,-1.3954617409881989,0.45635030848993546
0.12228,-0.835762,-3.554205,-22.618377,50.05,70.0,-3.554095989955101,-22.608924529593654
-0.647827,-0.02581,10.047043,0.170611,50.05,70.0,10.06210886289316,0.19060183950957682
0.218968,0.194861,-0.024146,-0.078646,50.05,70.0,-0.03180947765919461,-0.05879158037167084
-0.966931,0.797017,-1.671828,-4.420565,50.05,70.0,-1.6695991112296007,-4.430243920643193
-0.540265,-0.241685,0.436471,-0.144322,50.05,70.0,0.4232591155184569,-0.15580488654212893
0.001569,0.362632,5.599061,19.057186,50.05,70.0,5.6162903288746335,19.03795953282086
0.75248,0.924679,0.938787,0.824016,50.05,70.0,0.9221939232296136,0.8236469413402555
-0.925574,-0.125113,1.813146,-0.13592,50.05,70.0,1.8005763611072836,-0.15464463556757693
-0.775283,-0.174092,-0.848121,-0.102273,50.05,70.0,-0.8579083617594789,-0.11136252208397121
0.030294,-0.852613,5.829332,2.831906,50.05,70.0,5.8493269991444095,2.8190450622948005
0.134324,-0.412606,-2.568428,-5.509252,50.05,70.0,-2.581736662105441,-5.490007680230422
-0.673921,-0.582437,0.699482,-0.569791,50.05,70.0,0.6937124251428591,-0.5885382414782794
0.976269,0.149564,4.602387,0.729954,50.05,70.0,4.5926552854804905,0.7195000865892482
-0.269863,0.417853,0.302704,-0.220943,50.05,70.0,0.2848372769689539,-0.21979809969282474
0.855267,0.464382,-0.681795,0.27115,50.05,70.0,-0.6622556698108814,0.2518606839171817
0.86602,-0.796655,-0.821208,-0.807951,50.05,70.0,-0.8055643343230977,-0.8193484219523338
0.614905,0.715935,0.021336,-0.150483,50.05,70.0,0.007667924016205913,-0.13059669833279766
0.714992,0.862164,-0.770015,0.813017,50.05,70.0,-0.7859692499563767,0.7978299947976707
0.390786,-0.059271,0.254994,-0.03238,50.05,70.0,0.25177012700490364,-0.026549392359592396
-0.172391,0.625593,0.724091,-2.423945,50.05,70.0,0.7327298529170472,-2.441695393868073
0.342379,0.367292,-0.324857,0.391395,50.05,70.0,-0.3063298974500507,0.3903257365733814
-0.921796,-0.625381,0.895234,0.533158,50.05,70.0,0.9043950418755384,0.5284774342373493
-0.77584,0.455067,-0.694368,0.486178,50.05,70.0,-0.6813206704848027,0.46725875672580347
0.311963,-0.840301,0.803269,-0.476809,50.05,70.0,0.7895261634736687,-0.4896327384681625
-0.931933,0.997816,-1.543919,0.461325,50.05,70.0,-1.5290935039769789,0.46400465001033236
0.296003,0.922695,22.762729,1.682161,50.05,70.0,22.779707764349503,1.6972456816446169
-0.261556,0.032407,-0.243876,-0.027348,50.05,70.0,-0.24660228549421737,-0.02046344156338096
0.668726,-0.726613,0.708099,-0.499922,50.05,70.0,0.6961233091081541,-0.5183517577098268
-0.182498,0.754937,1.277025,0.756443,50.05,70.0,1.2650711098581133,0.776339172948652
0.226057,-0.657683,-18.50285,-0.452113,50.05,70.0,-18.518277864849328,-0.4553533195522426
0.326017,-0.629895,0.19603,-0.156412,50.05,70.0,0.18193515184329617,-0.14527404068210786
-0.646683,-0.799942,-0.361466,-0.116259,50.05,70.0,-0.37244813392191783,-0.12094568460546831
-0.627569,0.449099,-0.554515,0.360957,50.05,70.0,-0.5350600135138446,0.34230335745359247
0.014646,0.154082,1.246302,1.158797,50.05,70.0,1.2369035971498106,1.1787703025680016
-0.351091,-0.789723,0.542115,0.464145,50.05,70.0,0.5567497497224114,0.4459741790198289
-0.878209,-0.05161,-3.415186,-0.152809,50.05,70.0,-3.4290229552542253,-0.15683783445997357
0.586003,0.953136,1.053652,0.706296,50.05,70.0,1.046050315632298,0.7168496676034969
-0.636771,-0.204121,0.367806,-0.111886,50.05,70.0,0.3571919364751488,-0.11718657374253301
-0.657166,-0.994524,1.127463,-0.450898,50.05,70.0,1.111958102724095,-0.4349264752588255
-0.959769,-0.833158,-0.316044,0.12363,50.05,70.0,-0.3044534301608959,0.12344152932546926
-0.886339,-0.695744,-0.862446,-0.664515,50.05,70.0,-0.8588460807558393,-0.672306295360359
0.624656,0.588117,0.541064,0.243538,50.05,70.0,0.5598300605957628,0.22541134002841223
0.482818,0.721574,-0.549053,0.507968,50.05,70.0,-0.5377312373429982,0.4895183028185272
-0.498739,-0.307268,0.489013,-0.27171,50.05,70.0,0.46946179643007785,-0.287051490376879
-0.256154,0.816772,1.316887,-26.041426,50.05,70.0,1.3366021864373991,-26.022326671324972
-0.507144,0.423417,-0.602068,0.311025,50.05,70.0,-0.5820704558545734,0.29119702541733944
0.369688,-0.647926,-10.663538,0.996398,50.05,70.0,-10.682815544805305,0.9764778437988347
0.309381,-0.23625,-2.373572,0.144388,50.05,70.0,-2.3603551613331706,0.15970401654379535
-0.658065,-0.105693,-7.626507,0.707373,50.05,70.0,-7.6342081909866994,0.7255236682532419
-0.384191,0.899537,0.100636,-0.213014,50.05,70.0,0.08313954317399569,-0.1954929289196417
0.521643,-0.743274,-0.231925,0.134555,50.05,70.0,-0.2194618260324161,0.1425486660497089
-0.210225,0.749041,-2.654748,23.565495,50.05,70.0,-2.6747448492836403,23.5806964794662
-0.870241,-0.137408,-1.132441,-1.060982,50.05,70.0,-1.11585029114006,-1.0447158305451032
0.588393,-0.88549,-0.73298,-0.391567,50.05,70.0,-0.7515006172976145,-0.4088904216320047
-0.426176,-0.735432,19.437877,21.734742,50.05,70.0,19.457048934734285,21.715140617828922
-0.407295,0.59155,-1.170307,-0.061807,50.05,70.0,-1.1763897898530407,-0.04364146905362276
0.176996,0.778999,0.690914,-0.416943,50.05,70.0,0.673497503909571,-0.43597142169941017
0.636048,0.058441,1.854166,0.104536,50.05,70.0,1.8641500821213262,0.08477253204187443
0.216049,-0.860148,1.57757,-1.500303,50.05,70.0,1.5587995189475985,-1.500980237830409
-0.510762,-0.380444,-0.5657,-0.321539,50.05,70.0,-0.5856863864238495,-0.3405667115281199
-0.12325,0.532198,-0.144859,0.183136,50.05,70.0,-0.1289994587761254,0.19811533492806122
0.652154,0.754036,-0.473302,0.264907,50.05,70.0,-0.4539053877891113,0.25061973604859583
-0.910485,-0.527614,-0.789749,-0.440236,50.05,70.0,-0.805905028195745,-0.45406716307043377
0.386258,-0.165641,-0.173306,0.022973,50.05,70.0,-0.17101374841894879,0.0359224976237374
0.074403,0.499495,-0.980312,-0.374113,50.05,70.0,-0.9994200965061241,-0.37035210464143137
-0.985291,0.216629,0.191292,-0.025603,50.05,70.0,0.18873868723681064,-0.014074673507806817
0.876716,0.966845,-0.752354,0.814218,50.05,70.0,-0.7683803867246047,0.797942492012716
-0.243048,-0.907623,2.139508,0.474364,50.05,70.0,2.1534274401244966,0.4684911655978971
-0.420065,-0.034543,0.209261,-0.004293,50.05,70.0,0.20883173296563295,0.005722455454918087
-0.568485,-0.527582,-0.500872,-0.188724,50.05,70.0,-0.5170657567423254,-0.2047989066226076
0.923851,-0.834973,0.909421,-0.833981,50.05,70.0,0.926549578657218,-0.8372716489565536
0.603985,-0.822943,0.540498,-0.375519,50.05,70.0,0.5214318943876688,-0.39362167028303563
0.796247,0.523137,-0.313124,0.144272,50.05,70.0,-0.2999158696470187,0.14437552607357737
0.371404,0.184246,0.340115,0.046904,50.05,70.0,0.3447625230364598,0.04431570639538982
0.627069,-0.852601,0.47624,-0.389623,50.05,70.0,0.4576468828988644,-0.4041143089478577
0.337638,0.676054,0.386832,1.801339,50.05,70.0,0.3949521855508891,1.7942305942891708
0.441139,0.23069,0.3164,0.018388,50.05,70.0,0.31823621054309364,0.018163931223571024
-0.796438,0.271307,-0.054463,-0.158607,50.05,70.0,-0.06871272336123513,-0.13934398337779785
-0.144823,-0.034532,0.077716,-0.019585,50.05,70.0,0.07576062860874168,-0.0010760401053560228
-0.382703,-0.083567,-0.227671,-0.051041,50.05,70.0,-0.232719875486166,-0.04265922719250209
-0.517011,0.601858,0.60963,0.127712,50.05,70.0,0.6215507960939617,0.10779925178058115
-0.567333,0.830222,-1.324009,1.373673,50.05,70.0,-1.3129620162901916,1.3925489453443867
-0.458653,-0.586214,0.668278,-0.807023,50.05,70.0,0.6838636785920927,-0.8266251363753823
-0.490514,-0.07579,-0.222644,0.1239,50.05,70.0,-0.2110314370260693,0.1327355013349115
0.199384,-0.946761,-5.312693,-1.089606,50.05,70.0,-5.297864985170004,-1.0868137008018661
-0.206976,-0.651186,-0.261605,-0.133502,50.05,70.0,-0.27398564696037414,-0.12830684512632823
-0.486568,0.253879,0.491018,0.23444,50.05,70.0,0.5094501340506735,0.21897065030457374
0.947642,-0.989149,0.876197,-0.805992,50.05,70.0,0.8917178620102826,-0.8124994186696297
-0.624105,0.666502,0.507475,0.316272,50.05,70.0,0.5274738840984613,0.2998130637031424
-0.100641,0.527079,2.55391,13.062116,50.05,70.0,2.5662175646418777,13.081704599579878
0.610537,-0.69663,-0.754394,-0.609982,50.05,70.0,-0.7562250852922219,-0.6261381027826056
-0.257686,-0.934456,-1.520425,0.431489,50.05,70.0,-1.5037689888618386,0.43647304895059535
0.603923,0.142114,-0.308452,-0.003926,50.05,70.0,-0.308844574786608,-0.0033553509201389394
0.502219,0.786541,0.286868,0.116041,50.05,70.0,0.2978319080023711,0.11876166487863071
-0.604741,0.110305,-0.283367,0.043418,50.05,70.0,-0.2790592231696626,0.046485075901929095
-0.097813,0.06144,0.104848,0.009417,50.05,70.0,0.10578935208085456,0.026731092271285617
0.625208,-0.122061,0.172199,0.106439,50.05,70.0,0.18234751966736398,0.11947266183947436
0.521966,0.682967,0.429184,0.495577,50.05,70.0,0.4415048329727069,0.4846982285574775
0.621353,-0.924132,0.044617,0.175495,50.05,70.0,0.059999552339993295,0.19499939136194352
0.108425,0.305773,2.940375,17.172421,50.05,70.0,2.9231360004041713,17.161717615539455
-0.876869,0.464181,0.367434,0.11138,50.05,70.0,0.3780051431787173,0.10611530515333976
-0.509759,0.483034,0.683865,0.346343,50.05,70.0,0.7036066101087669,0.3271094070868349
0.348862,-0.680068,-0.547242,0.218719,50.05,70.0,-0.529476323672519,0.20033996885625732
0.09141,0.320488,9.803548,-2.638679,50.05,70.0,9.79181324449981,-2.63232972139548
0.448296,0.506943,0.300924,0.193647,50.05,70.0,0.3174017335066405,0.19496956072606744
0.191694,-0.199985,0.245591,0.241344,50.05,70.0,0.26428006134265003,0.24806728832972066
0.857287,0.425863,0.175236,-0.059766,50.05,70.0,0.16934795478089412,-0.046964185784421825
-0.528396,-0.752103,-0.493456,-0.772214,50.05,70.0,-0.4802761670406958,-0.787836725752109
-0.59673,0.751875,-0.416298,0.470358,50.05,70.0,-0.4020937128552089,0.46058234942273923
0.763531,0.670248,0.7617,0.670369,50.05,70.0,0.757525866084067,0.6546542318213835
0.861764,-0.331862,5.591194,0.416638,50.05,70.0,5.60862546943396,0.3976430236945395
0.400696,0.501582,-0.693939,0.313074,50.05,70.0,-0.6739392944495023,0.2941408887763099
0.087174,-0.86261,2.362907,0.29729,50.05,70.0,2.382835899139315,0.3118987282195126
0.119175,0.976036,-0.142368,-0.06866,50.05,70.0,-0.14909992722109724,-0.05351677562452052
0.233312,-0.726747,1.348736,1.234486,50.05,70.0,1.3465254197674175,1.2524026553990382
-0.440531,-0.001547,0.229564,0.037832,50.05,70.0,0.23332467889773187,0.04604152588100757
0.000919,-0.559145,-1.768894,0.179718,50.05,70.0,-1.753245006776067,0.16299212319240697
0.453748,0.141502,0.061556,-0.039925,50.05,70.0,0.05758996416263905,-0.02086483094474156
0.228825,-0.132594,-0.247157,0.096536,50.05,70.0,-0.23787390678502904,0.10311159733989377
-0.509395,0.593534,0.674796,0.342488,50.05,70.0,0.694595705908469,0.32302561280933995
-0.470743,0.220078,-0.286879,0.049332,50.05,70.0,-0.2819956716437123,0.05205157509981595
0.85111,0.603236,0.770211,0.486816,50.05,70.0,0.7832099089573026,0.4716417554573959
0.584695,0.967409,1.071118,0.758974,50.05,70.0,1.0589621561341143,0.7709691980329034
-0.749693,-0.096757,-1.054463,0.081878,50.05,70.0,-1.0465020037968813,0.09250047032416561
-0.186664,0.740879,5.916202,41.043627,50.05,70.0,5.899216479118597,41.03840579825402
-0.040573,0.089597,3.865753,-8.301263,50.05,70.0,3.878103788660495,-8.283515802471912
-0.144859,-0.648871,11.929124,7.901126,50.05,70.0,11.94857092029813,7.881145924360329
0.427079,-0.078938,0.413853,-0.083161,50.05,70.0,0.4057744706338902,-0.09272262222640999
-0.717766,0.50479,-0.596328,0.515491,50.05,70.0,-0.5856342542184975,0.4957463034917148
0.012377,0.016028,-0.001861,0.004881,50.05,70.0,-0.0013729484509445323,0.024880134175997166
-0.623469,-0.636886,-0.656716,-0.468673,50.05,70.0,-0.6710384031845459,-0.4884717344087236
-0.144074,0.545135,-0.056436,0.140972,50.05,70.0,-0.04347745604864046,0.16018101399630114
0.091843,-0.402569,2.056775,1.311357,50.05,70.0,2.062178979604995,1.2982945699160768
0.020636,0.824309,-11.919302,-2.236102,50.05,70.0,-11.899643038518528,-2.25601417294617
0.167056,-0.288173,1.553127,0.376246,50.05,70.0,1.5721710236915878,0.37801063505379245
0.670817,0.41593,0.587187,0.474981,50.05,70.0,0.601062069105554,0.4554024620774057
0.527619,-0.312549,-0.354411,-0.104407,50.05,70.0,-0.364383902396192,-0.10840505513276694
0.98853,0.216521,17.65758,1.879105,50.05,70.0,17.65816497577628,1.8980688074201517
-0.932553,0.587133,-0.213109,0.320546,50.05,70.0,-0.19311919672828198,0.3302265475967478
-0.059012,0.189479,-3.898992,-1.071366,50.05,70.0,-3.883003285995662,-1.0553888645925729
0.581059,-0.143402,-0.410539,0.007845,50.05,70.0,-0.4097547011565561,-0.0014242491135020435
-0.154683,0.242631,0.090786,0.076753,50.05,70.0,0.0982742850913611,0.09472761477110261
-0.102065,0.600115,-0.798878,0.58636,50.05,70.0,-0.7947128579166559,0.5732024205029876
0.127719,0.577828,1.968859,1.844821,50.05,70.0,1.9728455766423447,1.8265552846776543
-0.448606,0.280914,0.05825,-0.069178,50.05,70.0,0.05146931799305492,-0.05002028626607062
-0.675539,0.212352,-1.883786,-0.376367,50.05,70.0,-1.9028263240000467,-0.39636665801452303
0.997055,-0.488496,0.552183,-0.303174,50.05,70.0,0.5322131614297696,-0.32174226133560097
-0.158841,0.354954,-4.84614,22.170662,50.05,70.0,-4.861776245863178,22.18306219449986
-0.296492,0.862137,5.102588,0.683205,50.05,70.0,5.097167988617665,0.7017768177778824
-0.060827,-0.315798,0.515112,-0.007835,50.05,70.0,0.5143287003883344,-0.02471570502267599
0.378097,0.678381,-1.070669,0.844029,50.05,70.0,-1.0882944912553036,0.8559882397522619
-0.458288,-0.453596,0.428304,-0.325728,50.05,70.0,0.40833744957718615,-0.33653282337108875
0.41567,0.164997,0.321597,0.029318,50.05,70.0,0.3245183112158466,0.028574397963506304
-0.895643,0.9362,-1.191071,0.415839,50.05,70.0,-1.1736004976069694,0.4347738638006204
0.708083,0.757366,-0.676721,0.696034,50.05,70.0,-0.6833639108360923,0.6766168466317302
-0.956265,0.04875,1.263968,0.044697,50.05,70.0,1.2684005858716974,0.06468356583918417
-0.654186,-0.897261,0.582305,-0.652806,50.05,70.0,0.5847476333574644,-0.6722790193855858
-0.265615,-0.18373,0.117947,-0.03727,50.05,70.0,0.11424153341115853,-0.02064823828813789
0.052015,0.208913,3.813366,3.504904,50.05,70.0,3.7939669479317675,3.5244337739930147
-0.793168,-0.777657,-0.650978,-0.520936,50.05,70.0,-0.6612077100349267,-0.5408077743628161
-0.082142,-0.565175,0.808815,2.855821,50.05,70.0,0.8286138738790692,2.8434277286733476
-0.888233,-0.528077,0.551379,-0.403386,50.05,70.0,0.533336558261769,-0.4219242387853479
0.611261,-0.539743,-0.609018,-0.354507,50.05,70.0,-0.6286123935122094,-0.3744139446290187
0.545543,0.947038,0.879668,0.546168,50.05,70.0,0.8876539897859047,0.5399897578949507
0.861443,0.2784,-0.153913,-0.122513,50.05,70.0,-0.16541235940899948,-0.10814873158986252
-0.938638,0.317978,0.71442,0.427557,50.05,70.0,0.7312904432788085,0.4093819173041047
0.252723,-0.479395,0.866259,-0.134908,50.05,70.0,0.8537682374914258,-0.1423467237629622
0.810082,-0.957545,-0.849964,-0.770882,50.05,70.0,-0.8368846450128051,-0.7798069716154157
0.541935,0.293224,0.487217,0.236343,50.05,70.0,0.5057221587684948,0.22111735046123918
0.210979,-0.076239,0.146001,-0.023152,50.05,70.0,0.14369096729563557,-0.008248578640252384
0.644465,-0.47826,-0.412884,-0.162754,50.05,70.0,-0.4274216286040071,-0.1722304015443795
-0.114176,-0.961934,23.818432,20.718349,50.05,70.0,23.820046492742563,20.73752322620892
0.774882,-0.55203,0.625871,-0.431942,50.05,70.0,0.6092401084286168,-0.45194050241703615
0.026896,0.037823,-0.020976,0.036659,50.05,70.0,-0.01733059278671642,0.056549102648967606
-0.313402,0.658964,-4.209339,-1.046742,50.05,70.0,-4.191995759315048,-1.0584657133446689
-0.792075,-0.407541,0.484027,0.003034,50.05,70.0,0.4843303883632825,-0.01198287552692283
0.46649,0.291924,-0.481947,0.189982,50.05,70.0,-0.4656797369996588,0.17510331390932404
0.370619,0.993715,3.97602,3.724099,50.05,70.0,3.9714787385198695,3.734386046617588
-0.634916,0.959793,-0.503378,0.355953,50.05,70.0,-0.48381309230334957,0.33973025879548446
-0.760106,0.905189,-0.708985,0.737801,50.05,70.0,-0.7193945888661919,0.7194058358876336
-0.495661,-0.5773,-0.482898,-0.513286,50.05,70.0,-0.49377742562259314,-0.5282280684852054
-0.674789,0.826096,-0.280021,0.032651,50.05,70.0,-0.2767703843648439,0.036048273394836766
0.18713,-0.901925,-0.288518,1.226685,50.05,70.0,-0.29150202253709295,1.2292421079407974
-0.658521,0.245956,0.280779,0.117969,50.05,70.0,0.29190364440849503,0.12129155073241793
-0.213805,0.576001,0.214272,-0.600562,50.05,70.0,0.21150524848686128,-0.5909833841461668
0.84562,0.342896,-17.928191,2.309551,50.05,70.0,-17.94521865330661,2.307443631668972
-0.950901,0.209667,-0.411639,-0.323736,50.05,70.0,-0.43161607591902196,-0.33310258124628245
-0.130259,0.732803,0.616296,2.156517,50.05,70.0,0.5967479320138951,2.1365531244311873
0.217063,0.175275,0.738981,-0.821446,50.05,70.0,0.7554292333044962,-0.8384617705453548
-0.153445,-0.943782,-1.586742,-0.419315,50.05,70.0,-1.6040406679637766,-0.4209078785162999
-0.140596,0.994856,0.009467,-0.087627,50.05,70.0,0.0009819727312833666,-0.0676494018389805
0.544259,-0.641188,-0.618092,-0.483146,50.05,70.0,-0.6313676178310689,-0.5031198602134245
-0.44722,-0.419922,0.476884,-0.02638,50.05,70.0,0.4742536424981065,-0.04091561861187264
0.372065,-0.698631,0.267678,-0.82421,50.05,70.0,0.2842818995588544,-0.8196036035846306
0.108993,-0.160582,-1.819523,0.86396,50.05,70.0,-1.8380014332172039,0.8450208428433432
-0.909469,0.553781,0.440829,0.295742,50.05,70.0,0.4607442609910396,0.2839050546053201
-0.603457,-0.303316,0.238815,0.036604,50.05,70.0,0.24245499920903144,0.04396147386742308
0.167932,0.436906,-12.617431,-2.226989,50.05,70.0,-12.597624927742212,-2.2076372581683983
-0.926926,-0.83852,-1.014198,-0.620471,50.05,70.0,-1.0149825517205135,-0.6134517082464452
0.991329,-0.738375,-0.745772,-0.352281,50.05,70.0,-0.7654097819973497,-0.3689301583335002
0.12883,-0.74941,-4.450856,9.099386,50.05,70.0,-4.4308875350708865,9.080074395742082
0.666294,0.395822,-0.563778,0.407852,50.05,70.0,-0.5459327396585446,0.3888843642418433
0.583914,-0.156786,0.383875,-0.636605,50.05,70.0,0.38470340986723467,-0.6434362461188395
0.902614,0.226348,5.019663,0.316637,50.05,70.0,5.039661465227392,0.3366251495182299
0.234111,0.705118,0.021835,-0.02128,50.05,70.0,0.019711012894981856,-0.0013990734642210303
0.92069,0.031775,0.130736,-0.017378,50.05,70.0,0.12900038586930768,-0.0015009734566781598
0.03413,-0.377746,0.276163,0.110203,50.05,70.0,0.2866340454385854,0.11397981115554161
-0.783982,-0.382723,-0.754417,-0.321344,50.05,70.0,-0.7744040962848222,-0.33749874694164517
-0.420414,0.096588,0.510957,0.102164,50.05,70.0,0.5207348546634759,0.08550974921776658
-0.651209,-0.869011,0.677804,-0.704586,50.05,70.0,0.6852472416732944,-0.7239769139859653
0.528324,-0.462033,0.648642,-0.370169,50.05,70.0,0.629421160278856,-0.39006582797520084
0.613505,-0.827928,0.627473,-0.774286,50.05,70.0,0.6408079684178251,-0.7942858212697175
-0.993097,-0.982857,-0.795465,-1.065603,50.05,70.0,-0.7791367580094947,-1.0790156923376466
-0.876176,0.11237,-1.824544,0.357267,50.05,70.0,-1.8050067734414925,0.3381724740491604
0.600317,-0.470205,0.596479,-0.427689,50.05,70.0,0.5796156500407021,-0.4474360958796897
-0.734893,0.65132,-0.421597,0.123653,50.05,70.0,-0.41000455584799245,0.1134185467263856
0.741361,0.04596,1.120242,0.003241,50.05,70.0,1.1205660858153002,0.018767582864055107
0.456894,-0.990544,-17.287165,16.181951,50.05,70.0,-17.301111434106843,16.182791293110416
-0.069262,-0.087003,-0.406102,-0.361585,50.05,70.0,-0.42554232983461837,-0.3704588304986249
-0.251338,-0.244419,0.187188,1.076936,50.05,70.0,0.17154006162001975,1.0887972368200611
0.042577,-0.410664,12.781105,5.518188,50.05,70.0,12.793733567757856,5.527725999644539
-0.026785,-0.169919,-0.525204,-6.201136,50.05,70.0,-0.5172272916185205,-6.218536210555312
0.174222,0.152074,0.282908,0.333354,50.05,70.0,0.3028159612200823,0.3364664248498191
-0.098239,0.898559,20.509067,-36.972473,50.05,70.0,20.499626232108227,-36.9810564020397
0.084593,-0.247462,-0.199896,0.365439,50.05,70.0,-0.18054980919207678,0.37625379595423303
0.913627,-0.679127,0.813859,-0.551163,50.05,70.0,0.8063334049751145,-0.5631564849511211
-0.080995,0.714037,-0.194168,0.048935,50.05,70.0,-0.18932317965293,0.06022712855609945
0.826794,-0.067963,-1.670077,0.172006,50.05,70.0,-1.6549197572864343,0.1624806779743137
-0.247863,0.158812,-0.487663,-0.129295,50.05,70.0,-0.49971052912503666,-0.1445495312059773
-0.839468,-0.944897,0.871926,-0.854124,50.05,70.0,0.890005935388773,-0.861033764199851
-0.876424,-0.05154,-3.384246,0.100521,50.05,70.0,-3.374611799762072,0.09352177767505337
-0.238335,0.296596,-2.134679,-0.57786,50.05,70.0,-2.139671493752816,-0.5841926893787317
0.883519,-0.698603,0.78812,-0.546718,50.05,70.0,0.7801844654777019,-0.5606663690415036
0.571703,0.616528,-0.082354,-0.084991,50.05,70.0,-0.09059959569165961,-0.06666272303898137
-0.01161,0.866881,0.802095,-0.886894,50.05,70.0,0.8213275691685613,-0.8998076079860009
-0.338847,-0.998302,10.609048,0.07999,50.05,70.0,10.616835445775443,0.06128502428333764
-0.460268,0.276696,0.551963,0.201577,50.05,70.0,0.5688771013199394,0.18301692398988426
0.43518,0.074874,0.127539,-0.015151,50.05,70.0,0.12602534873194024,0.0009184032276248321
0.401154,0.196374,-0.827803,0.178402,50.05,70.0,-0.8122362940974976,0.16755260941585756
0.462023,-0.777091,-0.442205,-0.65609,50.05,70.0,-0.43943676900140033,-0.6680375768710889
-0.574919,-0.669347,-0.75831,-0.529123,50.05,70.0,-0.7678278345736564,-0.5450451922239515
0.277799,0.975379,0.335744,0.324943,50.05,70.0,0.355714934809405,0.32278871423986866
-0.797282,0.073115,-1.447666,0.192968,50.05,70.0,-1.4312268440162454,0.2045178127415831
0.839893,0.081418,0.553329,-0.012446,50.05,70.0,0.5520852031451775,-0.03105653587378994
0.397769,-0.701784,1.236532,0.443206,50.05,70.0,1.2525111852232302,0.4631050316957078
-0.886969,0.705442,-0.819859,0.653309,50.05,70.0,-0.8223515490292612,0.641800986220043
0.36429,0.614166,-0.884762,0.081155,50.05,70.0,-0.8768673810734295,0.07546319492982792
0.293561,-0.113088,1.842693,0.061657,50.05,70.0,1.8487614987309755,0.04210187255729384
-0.663069,-0.196509,0.112457,0.122419,50.05,70.0,0.12394866728554828,0.1393397827950713
-0.725785,-0.265053,-1.871177,-0.331299,50.05,70.0,-1.8911036023116008,-0.3512515563689234
-0.753315,-0.964011,0.767273,-0.490351,50.05,70.0,0.7545447607037561,-0.5057149893586467
-0.135686,-0.482106,13.817309,-30.375429,50.05,70.0,13.799663271920828,-30.35543711817719
-0.763868,-0.334739,-0.858752,-0.478199,50.05,70.0,-0.8723935186947838,-0.48632916414743055
0.033312,-0.132183,-0.877986,1.67506,50.05,70.0,-0.8606427328839689,1.6687220048297762
0.393322,0.554996,0.743074,0.061005,50.05,70.0,0.7490803404257846,0.044207868068649944
-0.177463,-0.619268,14.002793,-21.727456,50.05,70.0,13.983426350413588,-21.715006991666932
-0.035303,0.664312,3.175144,-1.313763,50.05,70.0,3.1695087662486645,-1.3334822361615695
-0.910607,-0.571878,0.664161,0.439963,50.05,70.0,0.6803331052538053,0.4202833119825534
0.452919,0.212991,0.461186,0.169578,50.05,70.0,0.4761837233869731,0.15616427374918285
-0.257355,0.631549,-0.417569,0.274342,50.05,70.0,-0.39796404624837856,0.26445566480859145
0.437322,0.068784,-0.385045,0.016585,50.05,70.0,-0.38338840014114506,0.009643907880550154
0.054941,-0.612953,-12.583434,3.067347,50.05,70.0,-12.576178793866012,3.0872742543598433
0.103146,-0.417268,11.080058,3.597599,50.05,70.0,11.06488079914108,3.605798352413964
0.984718,0.155122,0.73377,1.466318,50.05,70.0,0.7511025668693534,1.4490341934693998
-0.872899,-0.813579,0.500094,-0.155029,50.05,70.0,0.4860976068191918,-0.1710574961791599
0.173952,-0.396393,16.307829,-2.878452,50.05,70.0,16.28847620364336,-2.8586540493191195
-0.17765,0.242248,-0.845763,0.118934,50.05,70.0,-0.8345582913004124,0.10963507355958146
-0.529877,0.351637,0.543665,0.33228,50.05,70.0,0.5635829658854042,0.31404496704002743
-0.03461,0.307179,0.271869,0.563909,50.05,70.0,0.2781991921019743,0.5681065824455181
0.753773,0.663265,0.64952,0.477658,50.05,70.0,0.6632010310601726,0.45777027037875917
-0.512925,-0.737342,-0.377618,-0.623879,50.05,70.0,-0.37806191661409694,-0.6301189294106232
-0.499651,0.366682,0.439191,0.207008,50.05,70.0,0.4563886555364489,0.19530348112616472
0.817912,0.649741,0.740549,0.575181,50.05,70.0,0.745800457109915,0.5582481512379073
0.202815,0.718617,-4.18825,-1.94482,50.05,70.0,-4.182352550837306,-1.9547731804724293
-0.208612,-0.143985,0.220944,0.312085,50.05,70.0,0.24094292436544684,0.3210726917123309
0.046656,0.142649,-0.101484,-0.116794,50.05,70.0,-0.11251080732238929,-0.09931397802242471
-0.499085,-0.116954,-0.447829,-0.183422,50.05,70.0,-0.46370594959502004,-0.1958158159045705
0.349876,0.36279,0.302866,-0.071436,50.05,70.0,0.29587332785963055,-0.07030727350122574
-0.590374,-0.417793,-0.593578,-0.416428,50.05,70.0,-0.6110197553861128,-0.4361270317741714
0.148575,-0.901523,-2.921952,0.216028,50.05,70.0,-2.9043115243157493,0.2069240670153555
0.095026,-0.902824,-13.974519,12.022331,50.05,70.0,-13.982699668666823,12.036861342831395
0.242034,-0.13486,-1.980398,-1.53532,50.05,70.0,-2.000084181693385,-1.5530855779231065
-0.584337,-0.95812,-0.862289,-0.78022,50.05,70.0,-0.8485177146308185,-0.7880257526437167
0.883412,-0.491124,0.561083,-0.354571,50.05,70.0,0.5414898898784904,-0.3734514495728578
-0.317142,-0.204046,0.335643,0.016171,50.05,70.0,0.33725833860228815,0.014026755751238162
0.596775,-0.010107,0.405995,0.062357,50.05,70.0,0.41213016129940744,0.05349275989232657
0.124953,0.090979,-0.033994,0.085981,50.05,70.0,-0.025658311023960163,0.10569279683873038
-0.919561,0.945089,-0.599394,0.28696,50.05,70.0,-0.5795786651304796,0.26716879281754546
0.113066,0.293054,-0.296293,-1.044852,50.05,70.0,-0.2788564081728036,-1.0430677487550377
-0.647039,-0.782638,0.652209,-0.531095,50.05,70.0,0.6428650634361291,-0.5509524809557372
0.204116,0.583865,12.776453,-15.151199,50.05,70.0,12.769449249203435,-15.141254726208096
-0.9884,-0.039679,2.305338,0.092923,50.05,70.0,2.314299572938353,0.10305291341871625
-0.883978,0.988393,-1.050277,0.669316,50.05,70.0,-1.054348095425048,0.6795814921997481
-0.075995,0.755469,0.184548,2.588738,50.05,70.0,0.19191659495955515,2.6008107587361198
-0.835055,-0.772955,0.37094,-0.044804,50.05,70.0,0.3664969808615187,-0.050406103595121925
0.944762,0.618281,-0.995757,0.507968,50.05,70.0,-0.9844352373429982,0.5132331260112022
-0.546473,-0.565278,0.124886,0.073382,50.05,70.0,0.1320606563736553,0.08960792986383559
-0.61916,-0.214529,0.557046,-0.201976,50.05,70.0,0.5401106396953118,-0.22071943946368935
0.404572,-0.35482,0.155317,0.007154,50.05,70.0,0.15603224745155614,0.02142022174295735
0.546714,0.619634,0.629772,0.213074,50.05,70.0,0.6472713626964721,0.19307452814091403
0.191854,0.484429,5.603896,-8.271116,50.05,70.0,5.613744529933517,-8.290470002857505
-0.207531,0.028954,0.014125,0.007643,50.05,70.0,0.014889113984717933,0.027593141822847327
0.632253,0.27926,-0.400907,0.295118,50.05,70.0,-0.3809975740001918,0.28671267586068583
-0.471657,0.867058,-13.233375,-4.541319,50.05,70.0,-13.220255911124832,-4.560946016264606
0.645958,0.620265,-0.042471,-0.120367,50.05,70.0,-0.05379412025519194,-0.10081625439953819
0.7863,-0.653291,0.751717,-0.666427,50.05,70.0,0.7555048290729335,-0.6827394465070561
0.13865,0.291437,-3.548319,1.931756,50.05,70.0,-3.552956446771321,1.9406857398191635
0.182797,0.264364,0.059236,-0.05853,50.05,70.0,0.053466188712926216,-0.0394008319349618
-0.833312,0.530177,0.192356,-0.107438,50.05,70.0,0.18212152392805947,-0.0959967816543847
0.68039,-0.692201,0.449225,-0.239627,50.05,70.0,0.4305977666354693,-0.25213007760852707
0.179569,0.017748,-0.134016,0.010283,50.05,70.0,-0.13298815299234454,0.0259584396898742
0.294168,0.073449,0.312102,-0.072282,50.05,70.0,0.3050301300563784,-0.07207627709201955
0.449694,0.000279,-0.744479,0.004989,50.05,70.0,-0.7439801517387292,-0.011731453513669766
0.691822,-0.542924,0.634044,-0.49091,50.05,70.0,0.6213589287925949,-0.5109018053100441
-0.921003,0.708937,5.087527,0.521412,50.05,70.0,5.097715778806195,0.5404895769388987
-0.901611,0.623653,-0.985021,0.216299,50.05,70.0,-0.9673677708614357,0.22052130957699748
-0.27007,0.930251,-0.050506,0.065551,50.05,70.0,-0.04406763302948874,0.08491666778814759
0.723039,0.109495,-0.412775,-0.204011,50.05,70.0,-0.4298177361157571,-0.21347780136123345
0.276932,0.401475,-0.406335,-0.656187,50.05,70.0,-0.4035571626918035,-0.6650817054561081
-0.415624,0.599968,-0.921367,0.210002,50.05,70.0,-0.9040184359747776,0.20789483835818348
-0.337869,-0.560798,-0.894536,0.446319,50.05,70.0,-0.8787459540082303,0.4415706012407692
0.673111,0.977954,0.491871,0.192409,50.05,70.0,0.5082782540583165,0.17688572495462396
0.465055,0.186128,-0.272226,0.047132,50.05,70.0,-0.2675563041156421,0.0512946709107483
0.249342,0.68656,-0.643669,-1.300078,50.05,70.0,-0.6479790168178464,-1.3200191196866689
-0.98135,0.443788,0.441569,0.335355,50.05,70.0,0.4614567902906793,0.3234584880557219
0.743024,0.005946,0.724002,0.012312,50.05,70.0,0.7252324225145191,-0.00544249296150431
-0.059605,0.22479,-0.646779,-0.174149,50.05,70.0,-0.6620751824129587,-0.1940638632393651
0.038439,0.048273,-0.021873,-0.039681,50.05,70.0,-0.025815117451127835,-0.01980048786441847
-0.675651,0.340613,-0.429327,0.197724,50.05,70.0,-0.4126216401846112,0.18683323185120337
0.682719,0.453858,-0.386129,0.122017,50.05,70.0,-0.3746702574377514,0.1149743479404911
-0.007092,0.807988,0.687651,-39.944993,50.05,70.0,0.7071067151010314,-39.964119350203724
-0.137576,-0.234187,-1.654083,-1.111929,50.05,70.0,-1.6408421568530647,-1.1200190242479036
0.011216,0.514375,-5.015623,-4.689111,50.05,70.0,-4.995758313236216,-4.669140832829041
-0.90551,-0.911468,0.737982,-0.876096,50.05,70.0,0.7568904405666596,-0.8931640563260135
0.961001,-0.463841,0.881353,-0.547869,50.05,70.0,0.8735232483408961,-0.5538867659699848
0.21886,0.387283,-0.062134,0.227768,50.05,70.0,-0.043971030494572384,0.24681057933726652
-0.93448,0.191803,3.902675,-0.224914,50.05,70.0,3.884633357904241,-0.20916110130655716
-0.374735,-0.162838,-0.415972,-0.180049,50.05,70.0,-0.4316415836111718,-0.18979619717880605
-0.812106,0.938071,0.872148,0.941673,50.05,70.0,0.8521481619239629,0.9347840730452396
0.157472,0.626787,-0.015094,2.246355,50.05,70.0,-0.03453868125779265,2.2662980698202317
0.403179,0.23507,-0.518359,-0.011186,50.05,70.0,-0.5194770168970001,-0.02823860536980615
0.819425,0.06957,-2.554461,-0.330318,50.05,70.0,-2.5743957593241347,-0.31074059306163054
-0.744354,-0.351843,-0.790542,-0.321759,50.05,70.0,-0.8105275627456335,-0.33553277446078605
0.577672,0.925647,-0.633477,0.5088,50.05,70.0,-0.6222239205911169,0.4888066520825491
-0.647008,-0.261136,-0.650647,-0.279068,50.05,70.0,-0.6703399397234491,-0.29894348927079994
-0.906908,-0.411096,-0.893269,-0.526441,50.05,70.0,-0.9030218546684914,-0.5313123799352374
0.704491,0.372419,0.533765,0.511699,50.05,70.0,0.5447772474982039,0.4938927711444122
-0.757556,-0.24065,6.890286,1.359007,50.05,70.0,6.900081814401931,1.339119443639909
-0.604451,0.992175,0.826915,0.475575,50.05,70.0,0.8407472273466475,0.46465111789854935
-0.508627,-0.495524,0.497014,-0.161506,50.05,70.0,0.4825623618885647,-0.17734838941242312
-0.264701,-0.836846,-0.801137,1.554839,50.05,70.0,-0.7812006253061321,1.5418523868149254
-0.86846,-0.202688,-6.8329,-3.040789,50.05,70.0,-6.842558960409679,-3.0592641397046294
-0.576477,-0.846471,-0.663591,-0.805216,50.05,70.0,-0.6481191954537949,-0.8249057685912403
-0.634488,0.163653,0.759267,0.883411,50.05,70.0,0.7401329002489282,0.8675469029231533
0.512369,-0.619944,-0.672312,-0.19403,50.05,70.0,-0.6888114099797569,-0.21354809149581838
0.604769,0.354049,0.431082,0.227612,50.05,70.0,0.44923843306840794,0.21657445488374405
0.497859,-0.486464,-0.604539,-0.237694,50.05,70.0,-0.6230949848251444,-0.2575527999386943
0.004419,0.267791,-1.569452,0.960022,50.05,70.0,-1.5893750995584177,0.9601564316672058
0.764477,0.568203,0.710053,0.555143,50.05,70.0,0.7172083798793852,0.5367900154104296
-0.219972,0.938483,2.885951,-3.184344,50.05,70.0,2.8901936524057743,-3.1901126251242897
-0.909523,-0.360511,4.751173,0.147073,50.05,70.0,4.764590157583748,0.15092713973837776
0.889056,0.371735,-18.126783,-14.571135,50.05,70.0,-18.115505936645018,-14.588945741023783
-0.257779,-0.497303,-4.350465,-38.761887,50.05,70.0,-4.333975096196709,-38.78131933883831
-0.176991,-0.684676,1.863657,-0.580288,50.05,70.0,1.8588999819622856,-0.6001746996297469
0.657375,0.496902,0.600901,0.425346,50.05,70.0,0.6178891615410566,0.405533636117158
-0.564659,-0.229107,-0.143772,0.063449,50.05,70.0,-0.13753299546871617,0.0785001387796163
-0.593124,-0.637841,0.287039,0.016073,50.05,70.0,0.2886445704252115,0.018776722843189455
-0.199182,0.348085,-7.908489,-6.195831,50.05,70.0,-7.900028674158065,-6.2012145099767375
0.266628,-0.786998,-17.503561,24.893604,50.05,70.0,-17.52217034518367,24.911640780048067
0.916602,-0.678034,0.832723,-0.572487,50.05,70.0,0.8272120798196468,-0.5829198324914818
0.276818,0.485266,-0.322389,-0.003014,50.05,70.0,-0.32269038859189336,-0.003836741238826561
-0.127673,0.192882,0.224437,-0.063302,50.05,70.0,0.21821196359984057,-0.05462770623294233
-0.236169,0.708794,1.888526,-1.303966,50.05,70.0,1.88383715685551,-1.323962813131591
0.705931,0.57412,-0.639789,0.532311,50.05,70.0,-0.6305527485248582,0.5123438839011765
-0.772223,-0.745877,-0.430531,-0.151609,50.05,70.0,-0.444281061501503,-0.16260055399983184
0.0407,0.037908,-0.04466,0.030545,50.05,70.0,-0.04161736049018098,0.0500484395824947
-0.885888,0.888446,0.589377,0.996398,50.05,70.0,0.5700994551946963,0.9767759145084727
0.107483,0.459222,0.593845,0.579006,50.05,70.0,0.5987264403319528,0.5593023712079684
0.145059,0.009592,-0.143271,0.002034,50.05,70.0,-0.14306760350622158,0.01711808373397685
-0.785473,0.560342,-0.431701,0.284466,50.05,70.0,-0.4119210179152932,0.2733768878512177
-0.329085,-0.925373,7.786184,3.180205,50.05,70.0,7.782346707221604,3.18685566028036
-0.748176,-0.587379,-0.579542,-0.504225,50.05,70.0,-0.5911703142033837,-0.5236331547752962
-0.078461,-0.693484,-2.78683,-11.07113,50.05,70.0,-2.7682402735944276,-11.067097495492696
0.62052,-0.918041,-0.412352,-0.379816,50.05,70.0,-0.43128394227145606,-0.3892455190009251
0.492487,-0.768157,0.473022,-0.73509,50.05,70.0,0.4831991543553279,-0.7493576562528607
-0.410654,0.136395,-11.496758,0.330037,50.05,70.0,-11.476820992519386,0.3419114014292198
0.392964,0.54519,4.480861,1.390155,50.05,70.0,4.493242898680877,1.371837838482657
-0.992676,0.098661,-0.88074,-0.048122,50.05,70.0,-0.8855059019666095,-0.05419819693295023
0.197594,0.964841,-12.163579,32.693387,50.05,70.0,-12.161500419911798,32.6848110414926
0.081885,0.243688,-1.939726,0.497475,50.05,70.0,-1.9275552276245953,0.47822027422716307
-0.332246,-0.06268,-1.362266,0.143737,50.05,70.0,-1.3490980904477914,0.16101187009305065
0.545395,0.454261,0.568642,0.333893,50.05,70.0,0.5885447238870674,0.314776736040524
0.760542,0.427227,0.596047,0.501189,50.05,70.0,0.6079209759497588,0.4814487985066613
0.407843,0.62519,0.174,-0.036345,50.05,70.0,0.17038547126816314,-0.023448469055199976
-0.437714,-0.660105,10.822592,-4.246885,50.05,70.0,10.80886114238285,-4.262105756313298
-0.390888,0.344232,0.247267,0.12739,50.05,70.0,0.25916192550781253,0.13395520787341608
-0.492352,-0.953478,1.234285,1.924629,50.05,70.0,1.2303436268729708,1.9445042262909829
0.902312,-0.84863,0.889273,-0.853053,50.05,70.0,0.9073068869203939,-0.8583109473291304
-0.918459,-0.543638,-1.262448,-0.609192,50.05,70.0,-1.2643577390099228,-0.5892004411579058
-0.922756,-0.752256,0.971768,-0.722796,50.05,70.0,0.9808682695022974,-0.7198774386085152
0.825592,-0.270952,2.428636,-0.661881,50.05,70.0,2.4319765165578953,-0.6436453342292968
0.105824,0.580098,0.540189,0.792482,50.05,70.0,0.5255549360700661,0.7743924877547143
-0.290016,-0.291552,2.027936,1.7476,50.05,70.0,2.0406169779498122,1.732496850752501
-0.120011,0.976164,-0.028816,-0.174524,50.05,70.0,-0.04413631514636319,-0.15473123159739788
0.381541,0.554569,-1.288195,1.063577,50.05,70.0,-1.3046393975863069,1.0833285402747435
0.641937,-0.961436,0.687073,-0.878282,50.05,70.0,0.706051540175286,-0.8974251669807589
-0.851153,0.672074,0.623429,0.145551,50.05,70.0,0.6367329007871316,0.1255569765799742
-0.457726,-0.997823,3.641836,14.174213,50.05,70.0,3.661493877254803,14.190250424051708
-0.417922,-0.018359,0.193617,-0.048341,50.05,70.0,0.18882983177263601,-0.0370034370040813
-0.558153,-0.884162,0.616067,-0.083861,50.05,70.0,0.607924484843642,-0.10382348673168004
-0.11675,-0.219592,0.026368,0.080519,50.05,70.0,0.03420414363459679,0.1003454337702292
-0.678533,-0.109496,0.325334,0.110279,50.05,70.0,0.33581151983344165,0.10916210787913508
-0.305467,0.01175,0.081283,-0.000576,50.05,70.0,0.0812254000796262,0.017794878813623145
-0.52138,-0.838349,-0.143947,0.151135,50.05,70.0,-0.13023139808411088,0.16617460879358287
-0.131479,0.235604,1.271832,-0.369254,50.05,70.0,1.2525860706968561,-0.34931169378003213
-0.197782,-0.118711,-0.278629,-0.14519,50.05,70.0,-0.2919059243553483,-0.1416556329111228
0.820249,-0.076426,-0.947084,0.102563,50.05,70.0,-0.9372713582956927,0.10302357967240433
-0.497916,-0.478653,0.499931,-0.193887,50.05,70.0,0.4834396762508346,-0.2099057418996651
-0.718302,-0.493703,0.236944,0.053435,50.05,70.0,0.24222415446373857,0.06096612914005432
0.335855,0.707149,2.394664,-35.295007,50.05,70.0,2.38428116632835,-35.278422208553195
-0.95105,-0.292377,0.548137,-0.71901,50.05,70.0,0.5568985217168809,-0.7374241431538792
0.028098,0.244929,-1.474285,-1.562569,50.05,70.0,-1.494268080159666,-1.5532880922950967
0.521788,-0.313922,0.142214,0.045097,50.05,70.0,0.14668558222030087,0.06025027959728776
-0.091559,-0.825318,1.716326,-0.453548,50.05,70.0,1.7009898489649062,-0.46685030830445795
0.882609,0.009688,-1.416191,-0.002268,50.05,70.0,-1.4164177951391175,0.011698097993152932
0.833584,0.045651,-0.083178,-1.175296,50.05,70.0,-0.07526628922779312,-1.1570008576185566
-0.744871,0.944718,0.781333,0.534646,50.05,70.0,0.7903615174564637,0.5202193549403398
-0.124238,-0.062585,0.030057,0.04563,50.05,70.0,0.03458051703210968,0.06540456895824798
0.135385,-0.591776,2.803228,0.785296,50.05,70.0,2.7890930902641493,0.7877106340006252
0.026588,0.870729,3.418855,4.92221,50.05,70.0,3.4088880578547722,4.918541202027831
0.334262,-0.064434,-0.302359,-0.044217,50.05,70.0,-0.3067447668630594,-0.043037657987797934
-0.947573,0.138044,-10.331868,1.130015,50.05,70.0,-10.34370110235913,1.1335353396291505
0.108329,0.683586,-3.085633,-0.07343,50.05,70.0,-3.092812136680348,-0.09265222337093446
-0.977293,0.637839,1.53555,-0.220602,50.05,70.0,1.5176986270977117,-0.2170955834421275
0.160097,0.752201,0.749903,-3.522851,50.05,70.0,0.768787946395458,-3.539267729361205
0.240393,0.28824,-13.182147,1.472778,50.05,70.0,-13.164501205408296,1.4528173134644577
0.443815,-0.804142,1.553533,-0.397966,50.05,70.0,1.535263349124256,-0.3962418102133091
0.782368,-0.735662,-0.413159,-0.133416,50.05,70.0,-0.42553289167278174,-0.1429166096746508
-0.278577,-0.049204,-0.316317,0.023124,50.05,70.0,-0.3140097485786767,0.02290823072171585
-0.973206,-0.674156,-0.968966,0.621354,50.05,70.0,-0.9682696876748329,0.6239950835206206
-0.546869,0.77276,-0.760657,0.209231,50.05,70.0,-0.7433469268473305,0.19345193010787584
-0.215183,-0.576888,0.11845,-1.27925,50.05,70.0,0.11619352098702655,-1.2626562647092576
0.239276,-0.48265,0.959168,0.181124,50.05,70.0,0.9749041593767358,0.18279108387018195
0.108128,-0.69858,10.659277,12.737949,50.05,70.0,10.674406309899517,12.718071397958811
0.967561,-0.202148,-5.253165,1.1017,50.05,70.0,-5.267154824350663,1.110177375666481
0.505586,-0.609447,-0.371787,-0.39948,50.05,70.0,-0.389994526679162,-0.4051633625157448
-0.971979,-0.042657,-0.652131,-0.019236,50.05,70.0,-0.654051635631517,-0.03909440895965065
-0.94358,-0.745924,1.002035,-0.641153,50.05,70.0,1.0033175662178964,-0.6352849122427037
-0.752613,0.84155,0.773963,0.684322,50.05,70.0,0.768435553612312,0.6693948262494724
-0.063766,0.276473,-0.076952,-0.052027,50.05,70.0,-0.08209622024392321,-0.03348922919653312
0.68923,-0.119741,1.370918,0.380698,50.05,70.0,1.3898213209276098,0.39752084255087383
-0.485419,-0.433569,0.498809,-0.163508,50.05,70.0,0.4842196929010054,-0.17945931059894268
-0.986354,0.349638,-18.356124,-22.780576,50.05,70.0,-18.370548158298842,-22.796197222274756
0.366333,0.953488,0.070164,-0.249945,50.05,70.0,0.051186042603529214,-0.23116317558280625
-0.719519,-0.95479,-0.389147,-0.200208,50.05,70.0,-0.4059876488807448,-0.20753230926694466
0.836364,0.776119,0.399648,0.062334,50.05,70.0,0.4057809721475399,0.05404308341251821
0.234353,0.763012,1.066911,0.727446,50.05,70.0,1.0573991520070023,0.739101933457136
-0.051536,-0.164721,-0.869437,-0.9081,50.05,70.0,-0.8497317314688715,-0.9152427965994754
-0.458969,0.107179,-0.366053,0.14883,50.05,70.0,-0.35250606518206745,0.1436986590652271
-0.635463,-0.219662,0.549212,-0.310698,50.05,70.0,0.5292149950147175,-0.3291538292794688
0.146635,0.49005,-4.327486,-10.10825,50.05,70.0,-4.332931711183994,-10.127011822596112
0.268407,-0.876854,-3.258368,1.651862,50.05,70.0,-3.2399885406951396,1.6351753634467174
0.723077,0.760273,-0.578592,0.456219,50.05,70.0,-0.5634286568622655,0.4368340039447188
-0.092908,0.495226,-0.731523,-0.957945,50.05,70.0,-0.711582778796337,-0.9753407745267887
-0.739855,-0.738707,0.731268,-0.633761,50.05,70.0,0.7318121797604793,-0.6511693427043478
0.556393,-0.70687,-0.67308,-0.635409,50.05,70.0,-0.6723711015922967,-0.6549101900465014
-0.367952,-0.167308,-0.65873,-0.123578,50.05,70.0,-0.6703163316971033,-0.14334723079150666
0.048739,-0.849125,-1.000074,-0.397105,50.05,70.0,-1.0183785136608041,-0.3914246606395984
0.759512,-0.88298,0.449627,-0.080456,50.05,70.0,0.4417966530524039,-0.09299042849174946
-0.241216,-0.114335,0.34731,0.210644,50.05,70.0,0.36469041809415914,0.20734408557292056
0.3735,-0.580469,-0.535863,-1.269568,50.05,70.0,-0.5371551931398838,-1.2874687802834577
0.059975,0.002981,0.051157,-0.002748,50.05,70.0,0.05088220864639047,0.01660129969827985
0.104173,0.842021,3.638613,-0.209551,50.05,70.0,3.6212869201277327,-0.1937082232322048
-0.151072,0.92642,7.570539,7.24132,50.05,70.0,7.550600253311947,7.261084585427743
0.338128,0.923138,5.014325,-2.968547,50.05,70.0,4.999100133849001,-2.9485843403091834
-0.825378,-0.127415,-0.857637,0.112306,50.05,70.0,-0.8469873624798356,0.10407409107029361
0.531977,0.944333,0.713692,0.650404,50.05,70.0,0.7114879389125903,0.6321986560143559
-0.588474,-0.487928,0.479686,-0.189267,50.05,70.0,0.46346043643889634,-0.20399364659965485
-0.614114,0.579861,-0.670622,0.449113,50.05,70.0,-0.6550049702852812,0.4295587303382975
-0.269756,0.217026,-0.166175,0.023127,50.05,70.0,-0.1638674505819011,0.03661159623706157
-0.448768,-0.45052,0.558917,-0.132598,50.05,70.0,0.5466074763086972,-0.15140589149412928
0.110248,0.932484,-1.307625,-1.686088,50.05,70.0,-1.3243929660021885,-1.666734429877239
0.266414,-0.385422,14.740029,2.642143,50.05,70.0,14.752042488161267,2.6396042208334674
0.209293,-0.404284,0.370893,0.154332,50.05,70.0,0.3848395202131335,0.14873440841531133
-0.798138,-0.300685,-0.562557,-0.520888,50.05,70.0,-0.5727908343414253,-0.5398165608497825
0.379718,-0.074851,-0.562643,-0.518147,50.05,70.0,-0.5731113641464265,-0.5370783361669293
-0.01342,0.448726,2.827214,-1.500242,50.05,70.0,2.8084456256251165,-1.5002200611813183
-0.263151,-0.778073,1.11071,-0.126058,50.05,70.0,1.098922418777143,-0.11114964889293796
0.929395,0.345356,-11.464344,-23.720453,50.05,70.0,-11.450303231988066,-23.70613734879546
0.406577,-0.659576,-0.830015,-0.549723,50.05,70.0,-0.8376738156876339,-0.5603859061151997
0.49982,0.482336,0.575558,0.31821,50.05,70.0,0.5955538980274429,0.29890189189736693
0.62003,0.844487,0.652702,0.767135,50.05,70.0,0.63990839274474,0.7472834543733193
-0.712592,-0.526716,-0.57978,-0.464684,50.05,70.0,-0.5943779591045544,-0.4840978880702179
-0.516707,-0.298464,0.099469,0.065718,50.05,70.0,0.10592317574035137,0.08329504684302108
-0.281504,0.769375,0.629206,0.412676,50.05,70.0,0.646828279430395,0.3926761969001086
0.884608,-0.388781,0.827157,-0.155632,50.05,70.0,0.8131175970296498,-0.16653560277044735
-0.246785,0.290225,0.091037,0.93216,50.05,70.0,0.07106360832685175,0.9501235942455896
-0.193375,-0.050125,-0.072246,0.014147,50.05,70.0,-0.07083247943271466,0.032856256370423984
-0.446595,0.06951,-0.751093,-0.008089,50.05,70.0,-0.7519016794851996,-0.024437470736123637
0.260304,0.935337,0.17778,-0.799376,50.05,70.0,0.1928751889402677,-0.7867706715094128
0.204005,0.719169,2.151131,-0.203098,50.05,70.0,2.134136220329111,-0.20785048453198207
-0.918727,0.947466,-1.838967,-4.023941,50.05,70.0,-1.8580699002813579,-4.04341458794168
0.052891,0.931942,-1.188741,-0.819922,50.05,70.0,-1.1723799426499806,-0.801063443018837
-0.853811,-0.000701,7.11154,0.275447,50.05,70.0,7.131166508417976,0.26464399699525515
0.215233,-0.576017,-0.529758,-4.31643,50.05,70.0,-0.5377118140132563,-4.334050207874011
0.884761,0.180303,-11.452487,-16.907058,50.05,70.0,-11.458162173559925,-16.891939982216016
0.347551,-0.706712,-4.470561,13.902171,50.05,70.0,-4.462849764023679,13.883464759515736
0.29893,0.123228,-0.159957,0.061218,50.05,70.0,-0.15393034620414917,0.07515521849605775
-0.904091,0.935229,0.13188,-0.098896,50.05,70.0,0.1223885199332364,-0.0830888008122424
0.392264,0.773517,0.115093,-0.179347,50.05,70.0,0.09946713637059688,-0.16256821342950153
0.494027,-0.888874,0.900632,-1.077632,50.05,70.0,0.9162364982207505,-1.0817861151387895
0.699568,-0.36802,0.504276,-0.485561,50.05,70.0,0.4911819699893368,-0.5018360975809671
0.693892,0.248262,0.663429,0.165369,50.05,70.0,0.6781449693785747,0.1456763955861675
0.531653,-0.503884,0.692372,-0.375018,50.05,70.0,0.6732908236053975,-0.39400102571839635
-0.778161,-0.5545,-0.633921,-0.627743,50.05,70.0,-0.633978552992364,-0.6477351535975899
0.517649,0.126278,0.149395,0.003405,50.05,70.0,0.1497354835512154,0.018079949505510368
0.358111,0.766073,-3.892739,-4.455699,50.05,70.0,-3.887070831015726,-4.439353602796644
-0.61731,0.866707,0.856936,0.538777,50.05,70.0,0.8655940051279419,0.530481254962808
0.736439,-0.669731,0.629932,-0.467555,50.05,70.0,0.615531787164612,-0.4875543491827487
-0.169172,0.722397,-6.302903,-16.983531,50.05,70.0,-6.30101275841828,-16.963628118151142
-0.681441,-0.973057,0.426944,0.117484,50.05,70.0,0.43802830693318673,0.10679387094577311
-0.171925,0.451681,-0.734236,0.578265,50.05,70.0,-0.7292827343344505,0.5610046878560767
-0.604838,0.487696,0.648891,0.461167,50.05,70.0,0.6637270963818596,0.44127271336397456
0.698723,-0.567589,-0.663774,-0.565005,50.05,70.0,-0.670000132185618,-0.5846915496231945
0.527957,-0.622325,0.658976,-0.194172,50.05,70.0,0.6424685686833479,-0.21393748962535214
0.589701,-0.889135,-0.77867,-0.548833,50.05,70.0,-0.7864109553719358,-0.5634427972847522
0.315063,-0.730769,-10.303774,-0.711037,50.05,70.0,-10.295735972708414,-0.7047948833295351
-0.030918,0.354055,7.708447,1.366321,50.05,70.0,7.7188737865239325,1.3796236787411431
0.604376,-0.257167,-0.471177,-0.301388,50.05,70.0,-0.49113623754929137,-0.31552575809423006
-0.207146,0.496087,-0.238835,-1.74873,50.05,70.0,-0.25142839390698707,-1.741374385920899
-0.273422,0.602728,10.599976,-4.102265,50.05,70.0,10.580058703353814,-4.120629705371652
0.057255,0.28728,-0.288553,0.739549,50.05,70.0,-0.2991114465968674,0.7421026366267899
0.31456,0.809803,6.880294,-0.343602,50.05,70.0,6.860510327546951,-0.36335898026051744
0.352331,-0.371442,-1.879542,0.333175,50.05,70.0,-1.8596323314608603,0.3131823262976698
-0.819419,0.029121,-1.077602,0.030506,50.05,70.0,-1.0745632151527396,0.04301364061052753
-0.564138,0.534956,-0.650171,0.380518,50.05,70.0,-0.6312618081058132,0.36063726388230016
-0.999508,-0.730783,-1.127452,-0.491868,50.05,70.0,-1.140062860582503,-0.4758971373660224
-0.277653,-0.506254,0.533719,-10.246969,50.05,70.0,0.5172284961724842,-10.264773133764972
-0.609012,0.338774,0.378606,0.077636,50.05,70.0,0.38617608903791306,0.07130227888321615
-0.227073,-0.411222,0.561536,-0.278881,50.05,70.0,0.5418463331089164,-0.29777634474480513
0.598008,0.713664,-0.536427,0.386042,50.05,70.0,-0.5177049357876532,0.3681161372121284
0.558765,-0.840957,1.00472,-0.321627,50.05,70.0,0.984733940145469,-0.3155027658579934
0.028065,-0.310743,0.489388,-0.180842,50.05,70.0,0.47366926124017344,-0.19620752182077014
-0.66117,-0.291798,0.045061,0.113936,50.05,70.0,0.055848252255947084,0.13343052028578875
-0.250925,0.700826,-0.805212,-0.900441,50.05,70.0,-0.7856521490872156,-0.9131150328045323
0.78038,-0.158063,14.473355,2.348371,50.05,70.0,14.45867061974329,2.328492194336886
-0.561314,0.000837,-0.580825,-0.001187,50.05,70.0,-0.5809436993031487,-0.020625736102310062
0.059517,0.297216,-0.167891,-0.06059,50.05,70.0,-0.17385774318670538,-0.04723262885609937
-0.686654,-0.602159,-0.556089,-0.363604,50.05,70.0,-0.5754809112177606,-0.38231383837278776
-0.484463,-0.367864,0.584862,-0.253579,50.05,70.0,0.5657724986245867,-0.2731087370217286
-0.687138,-0.735541,0.507295,-0.354612,50.05,70.0,0.4877027131050202,-0.37106070350079673
-0.236959,-0.575638,-0.016174,0.110327,50.05,70.0,-0.0056923918545385265,0.13026163606576108
-0.746437,0.633858,0.458324,0.2696,50.05,70.0,0.47782966786596837,0.25639992619079316
-0.754249,-0.658057,-0.678366,-0.539987,50.05,70.0,-0.6869147728804036,-0.5593640734795714
0.031581,0.788613,-7.419996,-29.949778,50.05,70.0,-7.402671894834508,-29.93326148995812
0.216888,-0.755043,-7.752935,-5.416063,50.05,70.0,-7.77153210246575,-5.406382770170184
-0.00593,0.333903,-0.490164,-0.137579,50.05,70.0,-0.5028622460060755,-0.15299407924185435
-0.088391,0.416893,22.495503,19.780939,50.05,70.0,22.475533765298977,19.797218654447615
0.721551,-0.898213,0.477728,-0.097828,50.05,70.0,0.46833066184062305,-0.11242146078354688
-0.259051,0.13699,0.325902,-0.027967,50.05,70.0,0.32311440545787856,-0.029140598902460554
0.396739,-0.012476,-0.315785,0.027636,50.05,70.0,-0.31303018617170364,0.027473428326241184
0.308628,-0.881612,0.763771,2.13553,50.05,70.0,0.7447732735518668,2.119944175595471
0.739196,-0.337766,0.624351,-0.337948,50.05,70.0,0.6044923092571671,-0.3579440648040554
-0.831045,0.628895,-0.291568,-0.107015,50.05,70.0,-0.3017661111628381,-0.10476067448242721
-0.156156,-0.517387,-0.37336,-0.246504,50.05,70.0,-0.3922265617504745,-0.25233800040390847
0.269872,-0.267133,1.588139,-0.977334,50.05,70.0,1.6078360292942235,-0.9790660947513968
0.299458,0.982913,-2.005787,-0.031858,50.05,70.0,-2.008959344702916,-0.048317624989301346
-0.18178,0.828113,-1.424318,-1.445387,50.05,70.0,-1.440513278838794,-1.4320140017898997
0.101105,-0.730716,-15.022311,6.867954,50.05,70.0,-15.017990349761877,6.887137823064673
0.861726,-0.97198,-0.760043,-0.818195,50.05,70.0,-0.7437818785798694,-0.8340117228837527
-0.074996,-0.45772,-0.740561,1.0833,50.05,70.0,-0.7558047468020751,1.0663677898629975
-0.907116,0.105042,0.37367,0.260346,50.05,70.0,0.3929503903248718,0.25448235481062403
-0.552675,-0.803124,-1.118533,0.408255,50.05,70.0,-1.1007059719693562,0.42367329431500755
-0.111881,-0.379781,-1.278152,3.527366,50.05,70.0,-1.2968834965487295,3.5472503884103257
-0.97249,-0.636465,0.460885,-0.481943,50.05,70.0,0.447519647239573,-0.4953343846607078
0.935847,0.785197,-0.652945,0.44525,50.05,70.0,-0.6370895702545503,0.4254014242829872
0.800828,-0.485628,-0.582048,-0.278542,50.05,70.0,-0.601731689903759,-0.2980091425947801
0.050012,0.559282,8.778206,2.421091,50.05,70.0,8.769310632814154,2.441007760876605
-0.144045,-0.972541,0.159246,0.304167,50.05,70.0,0.1792210438500551,0.31815512368596055
0.50265,0.042227,0.641368,-0.031073,50.05,70.0,0.6382731857358356,-0.05103044293896274
-0.289034,0.203617,0.973916,-0.098389,50.05,70.0,0.9644691773139069,-0.09525811040705275
0.183791,0.977435,1.794209,0.816518,50.05,70.0,1.7780460815672356,0.7985416575401455
-0.254412,0.094828,0.229657,-0.095439,50.05,70.0,0.22047121317196275,-0.08723795540904491
-0.21859,0.153483,0.265112,0.171585,50.05,70.0,0.28024174249255956,0.17644071174915257
-0.419293,0.948871,-7.812425,13.474369,50.05,70.0,-7.832128527937298,13.478494825220073
-0.322525,-0.679223,-1.126345,-0.91724,50.05,70.0,-1.1065040253974063,-0.9013360161602632
0.304503,-0.216279,0.507506,-0.658516,50.05,70.0,0.5105142863809841,-0.6749766972662418
-0.995121,0.996323,0.428731,1.13064,50.05,70.0,0.4169483422864878,1.1197992687944673
-0.801269,-0.931735,0.110219,0.160517,50.05,70.0,0.12460209357942703,0.17755603337118292
0.326653,0.052661,0.206031,0.056738,50.05,70.0,0.21162900107285526,0.06703171914885804
-0.931984,0.150956,-1.965963,-0.170945,50.05,70.0,-1.9810508085502894,-0.18932675604767168
-0.881901,-0.106798,-0.248544,0.038059,50.05,70.0,-0.24476102843992126,0.04450345107293404
-0.957731,-0.579284,1.431259,0.016782,50.05,70.0,1.432935231356776,0.029630932101358122
-0.02899,0.763645,6.027808,-38.711535,50.05,70.0,6.046597327120441,-38.705741068737105
0.581948,0.808047,0.164262,-0.105807,50.05,70.0,0.15416799005743198,-0.0921817435771041
0.846559,0.11652,0.667491,0.307494,50.05,70.0,0.6874798945873274,0.28787639578158664
0.358061,-0.066137,-0.642181,-0.205652,50.05,70.0,-0.6593090381414297,-0.22560397721689693
0.443525,0.330376,-0.515743,0.230512,50.05,70.0,-0.4974668664795254,0.21359753929514144
0.633311,0.058846,-3.591508,0.126917,50.05,70.0,-3.579651132829373,0.13947388466031846
-0.975291,0.280176,-16.472321,-7.287935,50.05,70.0,-16.4532826406457,-7.2723860108761755
0.917756,0.722925,0.705253,0.379583,50.05,70.0,0.7241924417811398,0.3610445712755755
0.193678,-0.858227,-3.618792,1.420765,50.05,70.0,-3.6041603581577917,1.4353222607123228
-0.225345,0.618582,-5.653403,-3.640086,50.05,70.0,-5.641313193301244,-3.660085464342009
0.507922,0.64291,-0.736231,0.116018,50.05,70.0,-0.7252690156757846,0.09885932774648028
-0.612401,-0.620931,0.692561,-0.457867,50.05,70.0,0.6775056299488832,-0.4768440671389997
0.010769,0.991058,-4.574319,-47.020365,50.05,70.0,-4.584215336311813,-47.03310114007429
0.712579,0.315623,0.521582,0.362048,50.05,70.0,0.541011401297424,0.34482920960224184
0.679485,0.111714,1.011779,0.120384,50.05,70.0,1.0231035215210673,0.12717627142544224
-0.429855,-0.567302,0.547822,-0.222645,50.05,70.0,0.529879438826466,-0.24104682731281205
-0.651782,-0.498607,-0.542542,-0.34318,50.05,70.0,-0.5623318184112289,-0.3613686194253517
-0.092359,-0.272883,4.336835,31.617147,50.05,70.0,4.353730047895106,31.598081951116104
-0.343415,0.232091,0.020379,0.028772,50.05,70.0,0.02324628598661988,0.04866826389049652
0.748208,-0.866826,-0.617658,-0.626728,50.05,70.0,-0.6178170513952572,-0.6466995949974519
-0.73927,-0.902557,-0.745306,-0.722117,50.05,70.0,-0.7362662467275528,-0.7387919336304849
0.72238,-0.960357,-0.00107,0.179437,50.05,70.0,0.014561479525010407,0.19943671377568273
-0.716751,-0.434398,-0.486712,-0.413481,50.05,70.0,-0.5042960680174515,-0.42867385580783274
-0.921721,0.636355,0.57899,-0.985373,50.05,70.0,0.5985317609990441,-1.0047677516053692
-0.779787,0.12269,-0.460347,0.214341,50.05,70.0,-0.4427866431866607,0.2009896236729254
0.051631,-0.237354,-7.466138,1.261019,50.05,70.0,-7.465699841200789,1.2796769374049806
0.79225,-0.657336,0.729253,-0.654191,50.05,70.0,0.7318330368661352,-0.6716976589737991
0.150198,0.372059,-2.406998,0.558062,50.05,70.0,-2.400115951703208,0.575304166037003
-0.811644,0.703332,0.430549,0.092502,50.05,70.0,0.4394729159582945,0.08150894224799114
0.898565,0.182626,0.256216,-0.058585,50.05,70.0,0.2504409227761025,-0.05287139229016627
-0.605127,-0.374108,0.371699,-0.143209,50.05,70.0,0.3585708773796936,-0.14888392475056847
0.372426,-0.638579,4.140874,0.42317,50.05,70.0,4.157975989287767,0.41756570620488653
-0.603195,0.107657,-0.416231,0.118302,50.05,70.0,-0.4050786978283571,0.108532195089103
-0.608519,0.618916,0.674272,0.415843,50.05,70.0,0.6917423076779075,0.3963686118311404
0.122027,0.907554,-0.006863,-0.872586,50.05,70.0,0.011928161795999422,-0.8525977740368357
-0.73542,-0.204498,0.561719,-0.0864,50.05,70.0,0.5533452420204944,-0.10530133451410578
0.998716,-0.577895,0.504932,-0.0718,50.05,70.0,0.4979052367905942,-0.08811313722501132
-0.678783,-0.299296,0.025105,0.109511,50.05,70.0,0.03551702492466258,0.1293536415252014
-0.271123,-0.763855,-2.018556,-0.519907,50.05,70.0,-2.0288739953869053,-0.5356082161249636
-0.117605,-0.582294,0.208789,-0.247616,50.05,70.0,0.1898858270460394,-0.2375597171554628
-0.618124,-0.817418,-0.575318,-0.577904,50.05,70.0,-0.5803062329243093,-0.5972058361175634
-0.350769,0.626203,7.643614,-0.064142,50.05,70.0,7.637309191231604,-0.046775272405310264
0.586564,0.387402,0.124007,-0.072867,50.05,70.0,0.11688043953408854,-0.05658983760133163
-0.936205,-0.790902,-0.522386,-0.395224,50.05,70.0,-0.5407654963141677,-0.4124835512254916
-0.69024,-0.859254,0.713683,-0.7945,50.05,70.0,0.7284538682672609,-0.8127057165863691
0.515554,0.911279,-5.849128,1.097985,50.05,70.0,-5.863380884898098,1.0867005669708343
-0.128849,0.439486,-0.503675,-0.50764,50.05,70.0,-0.5150237859263624,-0.5238800935372075
0.437296,-0.366581,0.33836,-0.157251,50.05,70.0,0.3242057520696693,-0.1596651720450118
0.870862,0.574184,0.200669,-0.068409,50.05,70.0,0.19396071346474783,-0.057659308641044696
0.313608,0.80685,-7.646493,2.327465,50.05,70.0,-7.662513980234472,2.3446871418103608
0.723101,-0.842789,-0.641485,-0.613952,50.05,70.0,-0.6429204178856027,-0.6339086766716256
-0.759369,-0.714043,0.769295,-0.685282,50.05,70.0,0.7749146432192078,-0.7005157557999396
-0.922464,0.15004,-0.05702,0.003879,50.05,70.0,-0.05663212431867612,0.023071670642280204
-0.271595,-0.698025,0.344582,0.987306,50.05,70.0,0.3250822921718086,0.9842754452793002
0.292758,0.387803,-0.546714,-14.961018,50.05,70.0,-0.5355347561154897,-14.97937614436205
-0.196965,-0.390759,0.155505,-0.070291,50.05,70.0,0.1486197153738232,-0.056037960491920426
0.51907,0.017444,0.513923,0.117763,50.05,70.0,0.5250305193562104,0.10094635751570218
-0.812914,-0.647129,-0.582913,-0.471751,50.05,70.0,-0.5970188782269495,-0.49123779442178966
-0.292094,0.773993,0.868716,0.468332,50.05,70.0,0.8830621833715384,0.46112190488819493
0.496583,0.077956,0.527673,-0.455881,50.05,70.0,0.5124876388905059,-0.4734016114760708
0.208776,0.895674,-5.236498,8.097955,50.05,70.0,-5.2296225839398005,8.107910779076247
-0.412647,0.643792,0.70808,0.525775,50.05,70.0,0.7178909451691535,0.5073445043998447
0.216268,0.81549,-0.199228,0.368209,50.05,70.0,-0.1799539092478739,0.3790799270132908
-0.051636,0.147914,-2.525114,-0.321773,50.05,70.0,-2.5450995095113274,-0.30180803543880497
-0.006093,-0.400286,2.202783,-0.915082,50.05,70.0,2.222595660788575,-0.914715206315875
0.396095,-0.836048,-1.70417,1.903129,50.05,70.0,-1.7059848409079554,1.8907584339310635
0.546062,-0.329206,0.380895,-0.139523,50.05,70.0,0.36804716583752656,-0.14607342017179553
-0.964549,0.818048,0.862451,0.929821,50.05,70.0,0.8424910352577499,0.9220301651416118
0.934712,-0.287634,6.906801,-0.582205,50.05,70.0,6.902230396160015,-0.6021994710836871
-0.262726,0.366604,-1.712584,-0.685778,50.05,70.0,-1.7069167723467484,-0.6987985660222047
-0.486884,0.932778,-9.400095,-0.056418,50.05,70.0,-9.405662272987872,-0.07626588108868365
-0.80529,-0.514077,-0.368059,-0.004017,50.05,70.0,-0.36846067299243107,-0.009341964780319355
-0.096899,-0.581611,-0.128279,0.133671,50.05,70.0,-0.11588508478447818,0.14969623780129443
0.86233,-0.825218,-0.479649,-0.211278,50.05,70.0,-0.4970606994731387,-0.2260021428534532
0.562727,-0.24718,-0.533825,-0.281997,50.05,70.0,-0.5535669539867626,-0.2998059601668658
-0.349479,0.304071,0.166009,-0.062599,50.05,70.0,0.1598508099393926,-0.04910214895047467
0.529053,-0.210916,-0.10639,0.068493,50.05,70.0,-0.09967380066265721,0.08572939281425465
-0.868296,0.541644,0.708729,0.5713,50.05,70.0,0.7143539273237091,0.552894803331693
-0.587989,-0.329032,-0.487285,-0.205269,50.05,70.0,-0.5043932320833365,-0.22049905791722316
-0.048429,0.060986,0.042469,0.063509,50.05,70.0,0.04871370484111615,0.08305978775200076
0.988973,-0.331179,1.92281,-4.305691,50.05,70.0,1.9138827984345927,-4.325333829135529
-0.124532,0.997348,-0.034158,-0.222496,50.05,70.0,-0.05209397381319956,-0.20278698389368022
0.431206,-0.715988,2.147378,1.020155,50.05,70.0,2.128867570568545,1.0150388232313785
0.394117,-0.071664,0.426815,0.01473,50.05,70.0,0.4282866686899503,0.00405077578937345
-0.455822,0.997454,8.57738,-2.905357,50.05,70.0,8.558878915960133,-2.896203132089547
0.212222,0.812309,23.493996,3.47773,50.05,70.0,23.474116637537755,3.471065075669823
0.474868,-0.895743,3.132859,-1.827967,50.05,70.0,3.127236945750487,-1.8479479338538296
-0.746673,0.66365,-0.746649,0.662934,50.05,70.0,-0.7500932905788272,0.6463335951191517
-0.032645,-0.659532,8.84984,30.419925,50.05,70.0,8.869128066619982,30.439216847599553
-0.759242,-0.572185,-0.633463,-0.634358,50.05,70.0,-0.6328591448554379,-0.6543513839737487
-0.712907,0.169776,-13.360113,6.22151,50.05,70.0,-13.366183243114941,6.207970025309764
-0.572691,0.777372,0.207987,0.019307,50.05,70.0,0.2099147026960492,0.02943252624876239
-0.708801,-0.817988,-0.590458,-0.458154,50.05,70.0,-0.6054944617673075,-0.4777967139281729
0.06783,0.015219,-0.024491,-0.006475,50.05,70.0,-0.02513838689408526,0.013375235016809152
-0.206712,-0.202005,-0.07063,-0.132371,50.05,70.0,-0.08292162463695045,-0.11360524147837725
0.904462,-0.698927,0.904586,-0.698744,50.05,70.0,0.9114839080241466,-0.7025105516761839
-0.873462,-0.273421,0.901398,-0.538735,50.05,70.0,0.8927362090073203,-0.542814155396404
0.607894,0.872195,-0.475565,0.010845,50.05,70.0,-0.4744810313902458,-0.003599705098622636
0.986793,-0.976353,0.886787,-0.905011,50.05,70.0,0.9064370849233003,-0.9105083901665527
0.436179,0.865394,-0.086049,0.545155,50.05,70.0,-0.07797023912662027,0.5633322717809794
0.678005,-0.768706,-0.703809,-0.661681,50.05,70.0,-0.700488204159488,-0.680273131953088
0.364749,0.333173,0.858143,-0.474782,50.05,70.0,0.8442536055350371,-0.48296776748012255
-0.353673,-0.184702,-1.061336,0.20044,50.05,70.0,-1.0444828477487402,0.2116384294527179
-0.293655,0.53994,15.675816,-0.44814,50.05,70.0,15.660138370403317,-0.46788219406846365
0.778425,0.993116,-0.832924,0.897714,50.05,70.0,-0.8524251384034552,0.8872983213849318
-0.702633,0.85373,0.805867,0.809903,50.05,70.0,0.790102462289103,0.7972797044030417
0.643108,0.713884,0.510685,0.414721,50.05,70.0,0.5282096510506042,0.39808182540571413
0.254408,-0.171245,7.549737,-0.266946,50.05,70.0,7.530291689964696,-0.24697056994653832
-0.116373,0.116152,5.93013,-11.846091,50.05,70.0,5.921254525138804,-11.849956131383221
0.159405,-0.888177,2.407354,24.182957,50.05,70.0,2.4273406554947434,24.20021717808908
0.40503,-0.66441,-0.695527,-0.3562,50.05,70.0,-0.7150867687348558,-0.37508134210572863
-0.739599,-0.433828,-0.412933,-0.226527,50.05,70.0,-0.43104366593809784,-0.23600771630613315
0.653685,0.489393,0.626243,0.471393,50.05,70.0,0.6403742347726206,0.451394076947275
-0.780188,-0.613904,0.578849,-0.533488,50.05,70.0,0.5697173051181945,-0.5528793042765072
0.11126,-0.052065,-0.075197,0.029204,50.05,70.0,-0.07228696699210903,0.04780692784257323
0.939296,0.746458,-0.739739,0.724936,50.05,70.0,-0.7490293086202297,0.7079601850897927
-0.283189,0.436384,13.161014,-33.219809,50.05,70.0,13.153126904102736,-33.23952616530531
0.310124,0.24623,-0.092095,0.122176,50.05,70.0,-0.0806232294310235,0.14009283042193452
0.380227,0.468414,-16.63772,-1.531199,50.05,70.0,-16.657329291704656,-1.529927751170655
0.636117,-0.781566,-0.671871,-0.743176,50.05,70.0,-0.6610062680154533,-0.7627036665603734
0.220857,-0.061714,-0.214599,0.037607,50.05,70.0,-0.21086042213433875,0.04715689728168737
0.777191,0.248416,0.065658,-0.44542,50.05,70.0,0.049812937803485,-0.4264880985264795
-0.868489,-0.702965,-0.810787,-0.618593,50.05,70.0,-0.8117591698260523,-0.6308308955249097
-0.734971,-0.649876,0.430285,-0.175155,50.05,70.0,0.4149241991150304,-0.1861259938022912
-0.468221,0.616303,-0.579731,0.429959,50.05,70.0,-0.562990780369324,0.4105462900668969
0.20326,0.194099,-0.0019,-0.061987,50.05,70.0,-0.007999934682340164,-0.041987902493212464
0.214337,0.369195,0.170541,0.135034,50.05,70.0,0.18304160055757973,0.14819297040624504
-0.941435,-0.706261,0.463911,-0.388398,50.05,70.0,0.44527309938318094,-0.4020125994018454
-0.128916,-0.699063,1.32285,-0.41855,50.05,70.0,1.305513064345576,-0.39963606397790413
0.846028,-0.806433,-0.80422,-0.818044,50.05,70.0,-0.787967674213008,-0.8307946154827601
0.28427,-0.272446,-0.144722,-0.068178,50.05,70.0,-0.15140852023209622,-0.05318959086306209
-0.992982,0.944261,-0.826824,0.852595,50.05,70.0,-0.844838036921155,0.8416634963359335
0.19955,-0.166725,9.48881,1.391904,50.05,70.0,9.501328775275669,1.3729202997290055
-0.143099,0.937732,25.688196,-22.082096,50.05,70.0,25.696980523353584,-22.100783333985543
0.461393,0.635349,0.524326,0.512125,50.05,70.0,0.5353026617235888,0.49476824528476204
0.316054,-0.082845,0.146658,0.038354,50.05,70.0,0.1504699349145429,0.05321352744572468
-0.372567,0.260005,0.21633,0.073038,50.05,70.0,0.2234725354309506,0.08243544985714202
-0.098302,-0.165968,-0.035839,-0.1788,50.05,70.0,-0.05143066344707409,-0.15912025014396947
0.577725,-0.172176,-0.554831,-0.18959,50.05,70.0,-0.571075426922049,-0.20825501735889243
0.239983,-0.613225,-2.320561,-1.826028,50.05,70.0,-2.3263688686233155,-1.8146160914941358
-0.471601,-0.200571,-0.100743,0.044869,50.05,70.0,-0.09629364351643664,0.062384908885220774
-0.994265,-0.606492,-0.581918,-0.587105,50.05,70.0,-0.5860102468331893,-0.6065691576560334
0.693816,0.973236,0.367589,0.033223,50.05,70.0,0.37089604170255014,0.02794335339279344
-0.815564,0.810656,0.841313,0.666918,50.05,70.0,0.8374769710184692,0.6572274319479304
0.694247,0.203784,0.259503,0.035435,50.05,70.0,0.26302799008614125,0.040832848846373566
-0.999232,-0.100328,1.705085,0.140399,50.05,70.0,1.7179998452877667,0.12795666637290617
-0.208373,-0.128588,0.273409,0.128701,50.05,70.0,0.28540906225921664,0.132747889486111
0.82424,-0.990746,-0.71737,-0.707117,50.05,70.0,-0.7096924413439264,-0.7251669971743687
0.5376,-0.558128,0.701883,-0.374608,50.05,70.0,0.6827895793140291,-0.39327025214996547
-0.449987,-0.926415,18.212919,25.969705,50.05,70.0,18.19563834188965,25.94972229641284
-0.258738,-0.603815,-1.968634,27.326281,50.05,70.0,-1.9886262301065245,27.308006131551426
-0.314234,0.674353,-0.069264,0.168729,50.05,70.0,-0.05432257860168578,0.1875415642651474
-0.141121,0.177653,0.043013,0.031594,50.05,70.0,0.04615927616676674,0.051133250491203396
-0.190939,0.891616,0.9507,1.045712,50.05,70.0,0.9333056928450003,1.0465339888039134
-0.603145,0.944875,-0.954023,0.778562,50.05,70.0,-0.9676735794710013,0.7797158792990285
0.51483,0.742653,-0.573594,0.68264,50.05,70.0,-0.5789596041030748,0.6633840340238272
-0.238761,-0.849991,-30.589698,9.809438,50.05,70.0,-30.608468223955985,9.798456680098843
0.204578,0.346277,3.022674,1.590582,50.05,70.0,3.0425762115761517,1.574014471855841
-0.127062,0.475823,0.058123,-0.268391,50.05,70.0,0.03864440214381652,-0.2492296433262109
-0.840932,0.451941,0.802838,0.444243,50.05,70.0,0.8187546070690523,0.4313862170522916
-0.224137,0.92308,-0.545871,2.817289,50.05,70.0,-0.5258967216378972,2.7989644684417336
0.199347,0.422653,0.085898,-0.124106,50.05,70.0,0.07426867131014489,-0.10592243528872171
-0.469643,0.716794,-0.339419,0.307059,50.05,70.0,-0.3194316021183747,0.30453973663175155
-0.844997,0.132026,-0.539128,0.121394,50.05,70.0,-0.5277203739862167,0.10334999642736747
0.968081,0.532034,0.891687,0.567472,50.05,70.0,0.8976782231167353,0.5624473384793475
-0.112073,0.396491,-2.440392,2.459916,50.05,70.0,-2.445664739116727,2.478602679593907
-0.176653,0.997691,23.275953,-7.073648,50.05,70.0,23.290448679677755,-7.093449977548903
0.194607,0.763503,24.725147,-24.313312,50.05,70.0,24.70881433367875,-24.32231931275173
0.198224,-0.445314,-1.298794,-0.864561,50.05,70.0,-1.2802926570869424,-0.8450036592670712
-0.400054,0.29394,0.032053,0.134828,50.05,70.0,0.044537513554909494,0.15457170058774702
0.243959,0.220728,11.428688,3.299766,50.05,70.0,11.414468738983642,3.3163315228283814
-0.217503,0.430371,0.219723,0.415678,50.05,70.0,0.23720133387458908,0.42477460016350005
-0.748793,-0.964628,0.754176,-0.450352,50.05,70.0,0.738636671863935,-0.46652094318429466
-0.504045,0.519237,0.487645,0.317771,50.05,70.0,0.5076417389318459,0.30251763295380013
0.816498,0.887789,0.921564,0.807207,50.05,70.0,0.9059667972587752,0.8051194297339019
-0.937278,-0.824312,-0.997433,-0.727386,50.05,70.0,-0.9879264304295848,-0.7219593726843891
-0.22015,-0.064181,0.201805,-0.055456,50.05,70.0,0.1963301888259791,-0.044802277410159734
-0.697322,0.101576,-0.519232,0.215578,50.05,70.0,-0.5016127731701394,0.19847994169391214
-0.820557,0.893429,-0.439766,0.148683,50.05,70.0,-0.4262298830998082,0.13693190452241702
-0.139206,0.36524,-18.015592,-10.214698,50.05,70.0,-18.030050238826608,-10.225024761308246
0.585735,0.456261,-0.487442,0.283562,50.05,70.0,-0.46767559202999637,0.26832177064072776
0.380918,0.089852,-7.185145,0.562605,50.05,70.0,-7.1786912472780475,0.5585808492045761
0.150033,-0.393796,-0.021318,0.098205,50.05,70.0,-0.011887399360655389,0.11809149324664431
-0.529049,0.271257,0.373722,0.143563,50.05,70.0,0.38687680807471264,0.1376943835147135
-0.975357,-0.82461,-0.753867,-0.435676,50.05,70.0,-0.7702875971736105,-0.451863110654056
0.780506,-0.035567,-4.453367,0.378506,50.05,70.0,-4.434393227275663,0.3592612285133146
0.223755,0.653005,19.217564,-12.883576,50.05,70.0,19.19756631966735,-12.888896056257767
-0.942006,-0.293532,-0.779989,-0.455419,50.05,70.0,-0.7952043865115904,-0.46993840260481806
0.606759,-0.196331,-0.045577,0.069699,50.05,70.0,-0.0387473267255933,0.08918192778789112
0.269022,-0.541194,10.33054,4.701556,50.05,70.0,10.310569331193873,4.705206987674541
0.156855,0.26087,10.749889,3.601922,50.05,70.0,10.73499685952961,3.5830827661708873
0.444313,-0.435703,0.447827,-0.472907,50.05,70.0,0.43380330751924406,-0.48530065893474134
-0.859206,-0.677642,0.636587,-0.39975,50.05,70.0,0.6183906620030525,-0.4197329105382352
0.878783,-0.287394,0.156311,-0.070374,50.05,70.0,0.14941792332269624,-0.056177618410940704
-0.235715,0.346266,-16.901141,-3.339364,50.05,70.0,-16.88443303734326,-3.358365646659315
-0.301981,0.606258,-1.388192,0.025842,50.05,70.0,-1.385614984632944,0.041669092953742215
-0.619883,-0.378507,0.469876,-0.179506,50.05,70.0,0.4542402170986261,-0.19355143656523272
0.428106,-0.814735,0.887109,-0.532807,50.05,70.0,0.8779167709687788,-0.5382734233494215
0.752174,-0.203769,0.334047,0.136928,50.05,70.0,0.34669488359336487,0.1349425024310198
-0.744313,0.33057,-0.701994,0.237998,50.05,70.0,-0.6834266949879195,0.2193397421096704
-0.116429,-0.823889,-34.20893,8.97443,50.05,70.0,-34.19339041758055,8.977856011798236
0.892595,-0.154637,7.27674,-0.454057,50.05,70.0,7.261436570139011,-0.4490046511847624
-0.979616,-0.40283,0.380842,0.208305,50.05,70.0,0.39810550420044344,0.20175958773079944
-0.365387,0.943229,2.336713,0.357265,50.05,70.0,2.3562502693322642,0.3699647248662522
0.854813,0.839495,0.04446,-0.159888,50.05,70.0,0.03012068354637503,-0.14038014119215125
-0.613305,0.184564,-0.443164,0.134009,50.05,70.0,-0.4307435748323447,0.12198465288803483
-0.028022,-0.961718,-0.172289,0.208466,50.05,70.0,-0.1550173724315326,0.22149283409778017
0.413956,-0.637451,0.435808,-0.408985,50.05,70.0,0.41801418249528005,-0.42041354015014387
0.367189,-0.658436,0.934631,-0.516876,50.05,70.0,0.9240545491196894,-0.5176604783129515
-0.334419,-0.574414,-0.50097,-0.279447,50.05,70.0,-0.5206695200889422,-0.29552773543269223
-0.174606,-0.60695,0.789222,-0.303386,50.05,70.0,0.7692510087963246,-0.3172551813154825
0.99209,0.055907,0.527748,0.060378,50.05,70.0,0.5336945052747425,0.042853772839164986
-0.367398,-0.859267,1.161458,0.703927,50.05,70.0,1.1540759648768466,0.721704658137305
0.307858,0.161458,0.227975,-0.023113,50.05,70.0,0.22566884123796133,-0.014758838402347606
-0.382889,0.782285,9.555202,-19.149417,50.05,70.0,9.535253087772642,-19.16531297792662
-0.13965,0.894532,24.545866,-20.253966,50.05,70.0,24.532397012427896,-20.273538147424443
0.400837,0.862328,-0.48004,-31.309532,50.05,70.0,-0.469895312034394,-31.324282575868573
-0.85441,-0.073223,-0.336835,-0.12533,50.05,70.0,-0.3485636913003401,-0.12759271841400546
-0.655032,0.885529,0.596143,0.520446,50.05,70.0,0.606414784594347,0.5007042584604201
-0.917724,-0.188712,-0.910935,-0.238328,50.05,70.0,-0.9295145448139228,-0.24146921942712282
0.312665,0.96631,0.277893,0.27947,50.05,70.0,0.2975929171485721,0.2830767846370067
0.76605,-0.992491,-1.097691,-0.724914,50.05,70.0,-1.0884026396790287,-0.7109044547107923
-0.791781,0.528504,-0.659856,0.432818,50.05,70.0,-0.6432739259223199,0.4130661381831182
0.560245,0.035001,0.457789,-0.026158,50.05,70.0,0.45518065128036167,-0.03931783409369682
0.256922,0.093747,-0.448803,-0.144531,50.05,70.0,-0.46203056779658325,-0.15700111263627453
-0.389854,-0.283028,-2.97156,0.210596,50.05,70.0,-2.9541819573281525,0.19739879045843425
-0.856365,-0.927429,0.766175,-0.688793,50.05,70.0,0.7721307152405689,-0.7042270525909126
0.705651,-0.118039,-23.030146,-3.302291,50.05,70.0,-23.01575031147928,-3.311572643097518
0.114576,-0.315904,-0.357926,0.707645,50.05,70.0,-0.3656522865119297,0.703303174808723
0.609807,-0.969473,0.757094,-0.886973,50.05,70.0,0.7763287350732276,-0.9029684840162655
0.075215,0.135597,-0.192155,0.060953,50.05,70.0,-0.18615361974228747,0.07241069880870729
0.986049,0.526438,0.791393,0.370492,50.05,70.0,0.810604886860537,0.35678005240192573
-0.15623,0.24207,0.229686,-0.204603,50.05,70.0,0.21261235810044302,-0.1964046004751719
0.478149,0.244457,0.492497,0.209421,50.05,70.0,0.5098165824895428,0.1938583297941879
0.584347,-0.886355,-0.694775,-0.252302,50.05,70.0,-0.7138260207903259,-0.27120800603423845
-0.964486,-0.119914,-5.084128,0.08975,50.05,70.0,-5.075451207285807,0.10892685221395529
0.612563,-0.645412,0.676719,-0.500551,50.05,70.0,0.664793745499453,-0.5199682012986614
0.560176,0.880721,0.331854,0.055851,50.05,70.0,0.3373667917127332,0.0540838340849682
0.2747,0.887198,3.317872,-4.50134,50.05,70.0,3.3277322935036384,-4.5140614801471415
-0.863211,0.008195,-0.6147,0.008771,50.05,70.0,-0.6138231811216727,-0.011182651817625225
-0.27092,0.650304,-25.167019,-6.109862,50.05,70.0,-25.151776143624716,-6.090155023071251
-0.335981,-0.82775,-2.479985,-0.82971,50.05,70.0,-2.463080806813802,-0.8099864024161589
-0.001874,0.496696,2.160887,0.200545,50.05,70.0,2.1777458036509434,0.19674544885239093
-0.033244,-0.724509,8.635857,-27.497743,50.05,70.0,8.649362858031083,-27.483852144646875
-0.827078,-0.707109,0.276002,0.009798,50.05,70.0,0.2769814081237462,0.013590620255060972
-0.376665,-0.611622,0.987449,-0.483794,50.05,70.0,0.9742219174403985,-0.4793346798282167
0.469078,-0.198597,0.465857,-0.194182,50.05,70.0,0.449349004114062,-0.20793850389314122
0.183906,0.908028,4.133933,2.139227,50.05,70.0,4.114822959184127,2.134292239651321
-0.775909,-0.695503,0.690775,-0.488947,50.05,70.0,0.67793877777037,-0.5079796968120925
0.678652,0.110073,-0.19178,0.139733,50.05,70.0,-0.17891607901698778,0.15122141499272615
-0.005128,-0.17929,-1.938616,1.024229,50.05,70.0,-1.9569683195051522,1.0049445518729159
0.668103,0.799576,0.54303,0.300708,50.05,70.0,0.5629847829135479,0.2824991410188959
0.478688,-0.690808,0.672122,-0.268773,50.05,70.0,0.6526347720392045,-0.2882952284450284
-0.403292,-0.134029,0.387035,0.015685,50.05,70.0,0.38860189265623307,0.008557623410158078
-0.622189,0.877474,0.873795,0.784783,50.05,70.0,0.8596964298255149,0.77804892623227
-0.289056,-0.159574,0.358114,0.303765,50.05,70.0,0.3780869958909499,0.2994048250849676
0.041195,0.356853,3.625993,-1.088152,50.05,70.0,3.6409181946146068,-1.0731104918741037
-0.372434,0.498409,4.06838,-0.666368,50.05,70.0,4.072162035688383,-0.6648005640527203
0.761409,-0.998978,-1.206866,-0.595603,50.05,70.0,-1.2101229827341993,-0.5762191002321739
0.184656,-0.480138,-5.98922,30.798924,50.05,70.0,-5.990350995814965,30.800939966310622
0.318946,0.523369,-5.900678,-0.025396,50.05,70.0,-5.903210780781907,-0.0320985435321936
0.268341,0.00587,0.24873,0.001217,50.05,70.0,0.24885169924896586,0.007643840339181172
0.651518,0.055687,0.350257,-0.006488,50.05,70.0,0.34960831378851515,-0.010078206601621991
-0.068441,-0.290053,-11.538662,1.524936,50.05,70.0,-11.51918549261373,1.5332034385779283
-0.915377,-0.734028,0.759452,-0.545394,50.05,70.0,0.7513951082833962,-0.5612468246261025
-0.812858,0.296825,5.353094,2.2415,50.05,70.0,5.333541446645962,2.240262142791081
0.743609,-0.156887,-0.301874,-0.540953,50.05,70.0,-0.3103353428182019,-0.5397252458964428
-0.793705,0.199995,-0.704182,-0.019902,50.05,70.0,-0.706168917052807,-0.038480352587211414
-0.685843,-0.959075,-0.482767,-0.516139,50.05,70.0,-0.49340593050801,-0.531072357608249
0.818584,-0.058107,6.509014,-0.11663,50.05,70.0,6.498000878581996,-0.10808131374336206
-0.604167,-0.231939,0.301592,0.03413,50.05,70.0,0.30498845886761217,0.0353858996884783
-0.204168,0.54024,0.198111,-0.160838,50.05,70.0,0.18370562027016715,-0.14987348436635622
-0.194698,-0.28556,-1.42407,0.510439,50.05,70.0,-1.4129527918424376,0.5238304286428574
0.595813,-0.166535,9.959921,2.413727,50.05,70.0,9.950372257483245,2.4315955549928923
-0.960302,0.199263,1.777936,-0.292593,50.05,70.0,1.7580521633265709,-0.30979737361453297
-0.988598,0.636399,1.56801,-0.357863,50.05,70.0,1.5484856070423876,-0.3575843763337454
-0.034904,-0.636786,8.583228,25.036696,50.05,70.0,8.573988404961009,25.04636583250705
-0.456224,0.247602,-0.473681,0.180556,50.05,70.0,-0.4579799608763299,0.16624224024028267
-0.553162,-0.997818,-0.417661,-0.29656,50.05,70.0,-0.43758361641808086,-0.30645433153820645
-0.33141,0.000351,-0.587828,-0.009763,50.05,70.0,-0.588803912307962,-0.029354527269678406
-0.096922,-0.965604,22.464179,38.716564,50.05,70.0,22.445567908622884,38.730832246633746
-0.907708,0.155254,9.064449,-0.081262,50.05,70.0,9.05654455107842,-0.0766859285006697
-0.647346,0.061084,-7.750104,0.300559,50.05,70.0,-7.730150223988002,0.3104859817391471
0.637003,0.107022,-0.128076,0.011965,50.05,70.0,-0.12688021359064702,0.02800237531421447
0.710584,0.790228,0.656823,0.559206,50.05,70.0,0.6635975224633708,0.5394087825895684
-0.640543,0.395714,0.381503,0.186087,50.05,70.0,0.3975405984562921,0.17947916367593264
0.767132,-0.812774,-0.354278,-0.049762,50.05,70.0,-0.35920301557140927,-0.053747022700341485
-0.294459,-0.980676,0.261887,0.556394,50.05,70.0,0.26892542101793027,0.561561917716904
-0.221313,0.395441,-8.640342,-12.229351,50.05,70.0,-8.620472506708266,-12.215140990303958
0.17166,-0.90814,-7.954135,21.287011,50.05,70.0,-7.961536601648462,21.277409032913436
0.883665,-0.247839,-2.261655,0.721093,50.05,70.0,-2.270603291909088,0.727245589998141
0.577758,0.378331,0.518709,0.295305,50.05,70.0,0.5386201949668201,0.2782341327363702
0.608001,0.665138,0.712426,0.371452,50.05,70.0,0.7316109820443246,0.35319460600232006
0.978678,0.646909,0.388557,0.615103,50.05,70.0,0.3898775915751551,0.6078336237981696
0.594902,0.511813,0.082228,-0.096523,50.05,70.0,0.07294605828506068,-0.07818968375327834
0.038001,0.682423,1.592013,0.002617,50.05,70.0,1.5922746925321392,0.0004993098686379236
-0.517264,0.346787,-0.438329,0.228758,50.05,70.0,-0.42012480700692945,0.21712348663902803
0.441858,0.30623,0.490497,0.173737,50.05,70.0,0.5057666065902402,0.15830072560946884
0.803022,0.391081,-0.603741,0.28677,50.05,70.0,-0.5839282500443675,0.2669208238067367
0.903226,0.519088,-0.866718,0.499089,50.05,70.0,-0.8546756973578593,0.4916929028455797
0.314659,0.466128,-23.444484,-2.021482,50.05,70.0,-23.431867251089315,-2.032564384236995
0.220587,-0.594684,4.593687,0.140958,50.05,70.0,4.6066444775364355,0.12977251779608692
-0.857399,-0.309357,-0.549466,-0.284411,50.05,70.0,-0.5692451677685056,-0.3028766010073359
0.644301,0.775264,-0.657902,0.750597,50.05,70.0,-0.6693821627683703,0.7308153967759138
-0.144018,-0.515231,-1.072648,-13.934122,50.05,70.0,-1.0831965807009551,-13.922004726611323
0.518687,-0.427586,0.604671,-0.341802,50.05,70.0,0.5848617262837257,-0.36166236136718194
-0.444526,0.858833,-0.284245,0.271374,50.05,70.0,-0.2647009020707303,0.2743542851817812
0.406967,-0.111551,-0.42166,-0.110846,50.05,70.0,-0.43218577441433254,-0.12108586541514202
-0.831276,0.742414,-0.696304,0.47921,50.05,70.0,-0.6827365878259398,0.46035442215850936
-0.243295,0.946874,0.664387,0.56496,50.05,70.0,0.6706174084208496,0.5452843530999246
0.11816,-0.084025,0.221594,0.150479,50.05,70.0,0.23526178396482883,0.15940857735244626
-0.204963,-0.808964,-0.268979,-0.2079,50.05,70.0,-0.2862220201864949,-0.2034203024112738
-0.2538,0.384532,-0.334864,0.249026,50.05,70.0,-0.3159152449588736,0.24695922281742452
0.825295,0.739628,0.754751,0.622268,50.05,70.0,0.755355960782933,0.6061329662962172
0.924353,-0.391276,0.080542,-0.051763,50.05,70.0,0.07542329600926738,-0.03336295421185982
-0.170219,-0.864144,-0.527521,-0.025795,50.05,70.0,-0.5300933544751635,-0.04330827613217643
0.333276,-0.625298,-0.277072,-0.175197,50.05,70.0,-0.29243549023388604,-0.1715094920514342
0.620431,-0.414301,-0.203785,0.022888,50.05,70.0,-0.2015011926129751,0.03337363329582914
0.835074,-0.904865,0.714819,-0.629509,50.05,70.0,0.7149380462252247,-0.6476673949951313
-0.060175,0.630412,11.517042,-14.494371,50.05,70.0,11.521313324676898,-14.484187015682073
-0.662197,0.461373,0.320908,0.035742,50.05,70.0,0.3244632053290519,0.03506725460108535
0.293024,0.8532,-0.296655,1.326934,50.05,70.0,-0.2897691578212283,1.328682192685485
-0.259638,0.270662,-4.206245,0.334869,50.05,70.0,-4.186352127504534,0.3233973481798441
-0.97896,0.626888,-1.46599,0.075376,50.05,70.0,-1.4586295752978373,0.08538349638993437
0.102519,-0.964991,-22.377591,35.93347,50.05,70.0,-22.388827144368072,35.940541978404205
-0.596967,0.772714,1.065554,0.555223,50.05,70.0,1.0727019088261651,0.566768393742043
-0.994094,0.256285,28.807998,11.257327,50.05,70.0,28.80281711074506,11.27512863289347
-0.62481,0.821621,-0.711138,0.780268,50.05,70.0,-0.7249127658140826,0.7619584022305514
0.981591,-0.39264,8.375694,4.222645,50.05,70.0,8.391082284436633,4.212482079375426
0.899177,0.465771,-0.297968,0.30138,50.05,70.0,-0.2780088135170269,0.30299735850922754
0.210092,-0.985222,-2.073823,-3.226725,50.05,70.0,-2.0655645289009334,-3.238450601558554
-0.632739,-0.437671,-0.576259,-0.408541,50.05,70.0,-0.5940730450559255,-0.42786726828753124
0.061314,0.499347,-5.221381,1.793455,50.05,70.0,-5.212546815060026,1.8046922001070287
0.531621,0.959509,1.086586,0.745728,50.05,70.0,1.0755078975744528,0.7589238263419263
0.464933,0.122189,-0.273512,0.040922,50.05,70.0,-0.26944829378701574,0.04495880201146532
-0.369996,-0.526588,-0.399575,-0.747875,50.05,70.0,-0.3883187844409129,-0.7561592728277637
-0.359541,-0.800994,1.188436,0.897023,50.05,70.0,1.1689503150461529,0.915871378644457
-0.297758,-0.412063,12.987225,2.744265,50.05,70.0,13.005520530679851,2.734094418894629
0.452722,0.893828,0.687261,0.288366,50.05,70.0,0.7070949072659699,0.2692282852980731
0.566693,0.414406,-0.585667,0.390887,50.05,70.0,-0.5671208233509006,0.37134006727586644
0.916373,-0.516602,0.862261,-0.412188,50.05,70.0,0.8446156953365191,-0.419996330507557
-0.535981,-0.234689,0.421016,-0.130988,50.05,70.0,0.4088337668128546,-0.14117249350411173
-0.423277,-0.022983,0.361455,-0.077847,50.05,70.0,0.3538653850297299,-0.0825326152266783
-0.272451,0.924058,-18.608241,-18.681389,50.05,70.0,-18.59333700139664,-18.674264556484722
0.643707,0.783135,-0.630892,0.708525,50.05,70.0,-0.6386993797728268,0.6885266556631924
0.141877,0.524185,16.440861,-1.960341,50.05,70.0,16.44822229945191,-1.9430134685127227
-0.029643,-0.211539,0.199196,0.377477,50.05,70.0,0.21820205964291625,0.38835061288742523
0.669351,-0.225848,0.568561,-0.135525,50.05,70.0,0.5560221096568887,-0.15463888119661123
0.172458,0.505411,-0.189608,0.451945,50.05,70.0,-0.17416944976778825,0.4636105253107195
0.446461,-0.330971,-0.350759,-0.18653,50.05,70.0,-0.36682302768792446,-0.19016957979607893
-0.630339,-0.115606,1.252009,-0.372945,50.05,70.0,1.2328667385885461,-0.35295035449922446
-0.994225,0.056511,-4.054226,0.119788,50.05,70.0,-4.042950653988181,0.12276138138000493
-0.213999,-0.677499,-13.595404,32.506885,50.05,70.0,-13.610140917687662,32.5152728850022
-0.728289,-0.345594,-0.614408,-0.312092,50.05,70.0,-0.6344069316129961,-0.33204364378239104
-0.397243,-0.458598,0.463178,0.03572,50.05,70.0,0.46673104034513824,0.02215918668958053
0.346392,-0.184604,-0.217609,0.117867,50.05,70.0,-0.20649283351232925,0.12715135675147718
-0.634386,-0.133595,-12.316752,7.838548,50.05,70.0,-12.296811519719322,7.844890628670389
0.662784,-0.592415,-0.716166,-0.5526,50.05,70.0,-0.7235582629935267,-0.570701524886609
-0.720629,0.390824,0.223973,0.041451,50.05,70.0,0.22808848845963872,0.05016707911731761
0.572191,0.822508,-0.251288,-0.00156,50.05,70.0,-0.25144399841816484,0.0046240880987282644
-0.114591,0.069623,0.078808,0.016231,50.05,70.0,0.0804293189275976,0.03469831109701693
0.159075,-0.418806,0.101507,-0.221831,50.05,70.0,0.08360054746064985,-0.20435209576307964
-0.877566,0.744976,0.649299,0.625014,50.05,70.0,0.649629438036492,0.6051239441439419
0.806276,-0.926421,0.500668,-0.272447,50.05,70.0,0.48110140383723177,-0.2885097608035411
-0.35868,-0.341369,-5.57992,3.418761,50.05,70.0,-5.5995788920351295,3.4001488987887485
0.605802,-0.287831,-0.536705,-0.330722,50.05,70.0,-0.5566364581410079,-0.3486601737121942
0.421257,0.068843,-0.23369,0.045769,50.05,70.0,-0.22915294425929694,0.05360056756987289
-0.950688,-0.210818,3.981455,-0.133338,50.05,70.0,3.9690872371945836,-0.1235207883431763
0.781753,0.916594,0.919504,0.812944,50.05,70.0,0.9035541532833231,0.8106516693358667
-0.8067,-0.204419,1.148994,0.128141,50.05,70.0,1.1609492154082868,0.1453134977946788
0.33377,-0.335842,2.849166,13.469672,50.05,70.0,2.8295484724851665,13.467503013153783
-0.500501,0.074808,2.537523,0.253046,50.05,70.0,2.5565965347108723,0.2728991779812143
-0.704696,0.169985,6.714525,3.518228,50.05,70.0,6.6954929058145325,3.5071689743939976
0.941208,0.876568,0.364198,-0.018736,50.05,70.0,0.3623271392320367,-0.023687832139751022
0.479969,0.835543,-0.734505,0.374608,50.05,70.0,-0.715411579314029,0.3573612927323783
0.967618,0.748615,-0.842105,0.74847,50.05,70.0,-0.8534103475273691,0.7388487899705003
-0.020834,-0.163696,0.060576,-0.324341,50.05,70.0,0.0406019113331647,-0.3052513713972354
0.763348,-0.413122,0.463223,-0.420932,50.05,70.0,0.4460060516044329,-0.4344961205768946
0.656294,0.328142,-0.510618,0.431355,50.05,70.0,-0.4939545747206252,0.4147195437506849
-0.909078,-0.872476,-0.63219,-0.139593,50.05,70.0,-0.6450431980107221,-0.15958925304840244
0.298618,0.875851,-1.277894,0.000322,50.05,70.0,-1.277861800013911,0.02020914194190678
0.428941,-0.787564,8.618814,-8.05001,50.05,70.0,8.607675904967678,-8.037394226636394
-0.596288,0.19278,0.605443,0.210848,50.05,70.0,0.6228335024686729,0.19097867991758322
0.052533,0.919114,-9.99455,-11.442961,50.05,70.0,-10.006909072862495,-11.423811821061525
-0.44261,-0.946427,6.119931,1.885957,50.05,70.0,6.119830859633816,1.8996558502005296
-0.590821,0.076359,0.57609,-0.039661,50.05,70.0,0.5721498433329968,-0.05898291186591982
-0.640993,0.836647,-0.329597,0.158166,50.05,70.0,-0.3153782556143729,0.15662375906981135
-0.479395,0.809205,-0.525504,0.629699,50.05,70.0,-0.5256420458320592,0.6122840180311325
0.310223,-0.085862,0.42673,0.17677,50.05,70.0,0.44219372385225336,0.16609796357990622
0.924409,0.541048,0.434497,0.22446,50.05,70.0,0.45251900260309663,0.21313929220402286
-0.599668,-0.624532,0.721067,-0.476559,50.05,70.0,0.7073060111324008,-0.49444669638257344
-0.511108,-0.195374,0.380974,-0.158825,50.05,70.0,0.36670898834865906,-0.16538288392736986
0.352462,-0.17735,6.195858,-1.153318,50.05,70.0,6.205736452118475,-1.1351944165010877
-0.726664,0.958777,0.910409,0.722211,50.05,70.0,0.9013608626989352,0.7190178443199441
0.165746,-0.301105,0.963845,-0.389115,50.05,70.0,0.9452332266990827,-0.3869823420199047
-0.667458,0.039194,7.258171,-0.300732,50.05,70.0,7.238216055936606,-0.2974955052437682
0.730263,-0.476063,-0.565434,-0.490651,50.05,70.0,-0.5781390845053243,-0.5096705018373533
0.805594,-0.38781,0.368055,-0.262107,50.05,70.0,0.34872854473799164,-0.2674315792174564
0.075171,-0.6003,0.099059,0.071938,50.05,70.0,0.1060986817667524,0.08953457074422948
0.750906,0.469203,-0.041011,-0.119676,50.05,70.0,-0.05227709378720026,-0.10009500426310228
-0.110835,-0.795729,0.642024,42.745622,50.05,70.0,0.6440168784431775,42.725668941597945
0.183777,0.733283,-9.741454,-35.056114,50.05,70.0,-9.729372277613642,-35.05586232925513
0.292749,0.231197,2.861478,-0.481267,50.05,70.0,2.8480624346253234,-0.48465504376513985
-0.268106,-0.053256,-0.28461,-0.005087,50.05,70.0,-0.2851186451521102,-0.0021428122405116345
0.929931,-0.654976,0.479291,-0.180719,50.05,70.0,0.46357986938425877,-0.19541889140327473
-0.186233,-0.009899,-0.031448,-0.002945,50.05,70.0,-0.03174248935759095,0.016808264818374524
-0.375079,0.052912,-0.157186,0.052395,50.05,70.0,-0.15200622661058164,0.06652961231866987
-0.708264,0.201386,0.52764,0.154963,50.05,70.0,0.5416316779096433,0.13744398020579873
0.687171,-0.720902,0.664116,-0.423359,50.05,70.0,0.6470238173163845,-0.44303948966495243
-0.200579,0.876475,-0.792613,1.123666,50.05,70.0,-0.8049519053012006,1.1100431206344392
0.915399,-0.883685,0.262563,0.093713,50.05,70.0,0.27159512838054606,0.09881558407711563
-0.092342,0.000743,-0.019316,0.000684,50.05,70.0,-0.01924760013333888,0.02059079551839373
0.480735,-0.294635,-0.450165,-0.21698,50.05,70.0,-0.46785013437490475,-0.22955630638524063
0.07412,-0.258671,-11.056477,4.004848,50.05,70.0,-11.038025640174663,4.010844583049321
0.511803,-0.128685,-0.562904,-0.15359,50.05,70.0,-0.5767972412006361,-0.1725297374977024
-0.809389,0.600584,-0.655411,0.20033,50.05,70.0,-0.6385637732448811,0.18051322004099987
0.016277,-0.434764,-14.628804,-3.294931,50.05,70.0,-14.614928872147381,-3.307559776768048
0.913479,0.846786,0.873586,0.856328,50.05,70.0,0.8554129346660374,0.8495742502500435
-0.069659,-0.751626,-0.420135,-0.181116,50.05,70.0,-0.4358706656058448,-0.191224573117357
-0.57021,0.487412,-0.454038,0.225629,50.05,70.0,-0.43596561640326026,0.21275392350926972
-0.063764,0.320645,-2.905656,0.207622,50.05,70.0,-2.8884270813753967,0.19999764684772683
-0.911494,0.516698,0.540997,0.348733,50.05,70.0,0.56069890766754,0.33060917222557257
0.135926,0.504719,9.555849,-12.001167,50.05,70.0,9.56205625460689,-12.017023630141184
0.819294,-0.130548,0.041494,0.022167,50.05,70.0,0.04370616431624878,0.041738103751414894
-0.121205,0.902403,1.988393,11.494357,50.05,70.0,2.0043427247103365,11.476972731024919
0.687186,-0.469065,0.626774,-0.507761,50.05,70.0,0.6154351794743117,-0.5277604036091794
0.422368,0.744533,1.313242,0.038729,50.05,70.0,1.3170907407579378,0.05793330304813232
-0.640656,0.500481,-0.57496,0.396919,50.05,70.0,-0.556647999541931,0.37762657124340976
-0.423645,-0.197597,0.255076,-0.062264,50.05,70.0,0.2489496909875282,-0.0564412366543056
0.989594,0.105112,-2.935338,0.195751,50.05,70.0,-2.9187419353209068,0.18547646286751435
0.622126,0.071178,-0.125017,-0.123126,50.05,70.0,-0.1365664595005098,-0.10690773233385052
0.291823,0.674222,-9.710218,-11.768434,50.05,70.0,-9.72521837488668,-11.771296063015187
-0.348016,0.889077,-2.961823,1.2524,50.05,70.0,-2.9622466744498657,1.2399497652299833
0.709098,-0.189884,-0.233202,0.106166,50.05,70.0,-0.22307701406279595,0.11404244727645094
0.625715,0.395596,0.594192,0.418025,50.05,70.0,0.6115550510609753,0.39831544928288376
0.77986,-0.887939,0.755414,-0.635174,50.05,70.0,0.7560994126904084,-0.6512697690721094
0.402129,0.577826,1.744155,1.462921,50.05,70.0,1.761315580192126,1.447675854234966
-0.478237,0.278848,0.019717,-0.067749,50.05,70.0,0.013070926545581181,-0.04784611133191002
0.602711,-0.237048,0.459356,-0.323412,50.05,70.0,0.43937739945735527,-0.3366894280108166
-0.059705,0.532024,0.224223,-4.958723,50.05,70.0,0.23087626425977043,-4.95002942872668
-0.269758,0.173135,-0.011366,0.028599,50.05,70.0,-0.00851583637465959,0.04856671220225764
-0.112684,0.114833,0.12563,-0.087743,50.05,70.0,0.11713446984324363,-0.07156067914488083
0.000308,-0.826183,-15.376351,-7.642282,50.05,70.0,-15.38615463319579,-7.640538914027717
0.343297,-0.21163,0.507414,-0.07975,50.05,70.0,0.4996486657573414,-0.09620547000899876
-0.864039,0.101472,10.083502,-0.278179,50.05,70.0,10.063824772931593,-0.25840967892827216
-0.555898,-0.980336,-0.788214,-0.848722,50.05,70.0,-0.7703715878703734,-0.862663630858152
-0.507296,-0.128512,0.0079,0.051485,50.05,70.0,0.012991824962931255,0.07146939952854456
0.106184,0.635877,-0.040296,-0.741418,50.05,70.0,-0.029579283942321705,-0.7218225705205943
-0.821835,-0.583819,0.558542,-0.434694,50.05,70.0,0.5420655400541807,-0.4534891052403182
-0.242033,0.150387,-1.078884,-0.206656,50.05,70.0,-1.0960636596078746,-0.1940485801704226
-0.444691,0.079079,0.253223,0.065295,50.05,70.0,0.25963712445647186,0.07129478389002152
-0.92155,-0.498677,0.642904,-0.533943,50.05,70.0,0.6338128091510318,-0.5538898395884071
0.732168,-0.459435,-0.334609,-0.113286,50.05,70.0,-0.34534146059724713,-0.11532741203122712
0.270824,-0.265823,1.566003,0.501149,50.05,70.0,1.5778801944616743,0.5016282867927288
0.305752,0.777143,-18.755648,6.699071,50.05,70.0,-18.73817977099185,6.716906533981209
-0.558357,-0.309842,-0.55385,-0.314641,50.05,70.0,-0.5738499419829619,-0.33327055296747915
0.478002,-0.22517,-0.158559,0.028437,50.05,70.0,-0.15572487196461246,0.04247414263228129
-0.427778,0.343016,0.335965,-0.044229,50.05,70.0,0.3315780623527207,-0.046405255860230296
-0.930915,0.112787,-0.085458,0.085604,50.05,70.0,-0.07715659531458136,0.10380584260802068
-0.396601,0.331852,-0.553137,-0.169345,50.05,70.0,-0.5681192987045796,-0.18794849580179457
-0.558961,-0.458734,0.609517,-0.365587,50.05,70.0,0.5901745677480925,-0.3854986906751018
0.062,0.039642,-0.001024,-0.007408,50.05,70.0,-0.001764630620094007,0.01259173785657266
0.26175,-0.768702,0.555235,9.491401,50.05,70.0,0.5486952288246103,9.472721508029139
0.430459,0.724443,-3.568576,9.572641,50.05,70.0,-3.5820516409490417,9.583334454265826
-0.291388,0.641805,0.451872,0.001713,50.05,70.0,0.4520432979056018,-0.010995575293740794
0.82007,0.921269,0.676075,0.423344,50.05,70.0,0.6931679615432799,0.4039114661170971
-0.234977,0.741279,0.881044,-0.505874,50.05,70.0,0.8695502432565293,-0.5119212268511298
0.669991,0.535284,0.274439,-0.000192,50.05,70.0,0.27441980000294913,0.003753966881066093
0.52655,-0.266256,0.507805,-0.265098,50.05,70.0,0.4884037404408942,-0.2815756617915119
-0.960546,0.096195,1.431265,-0.123924,50.05,70.0,1.4196504831043903,-0.11107552770269424
0.747515,-0.521025,-0.243138,0.036182,50.05,70.0,-0.23953950406128988,0.04313580120433354
-0.870367,-0.254206,-0.300069,-1.32694,50.05,70.0,-0.3069554054932208,-1.3255321387661119
-0.437166,0.543016,1.289609,-0.232995,50.05,70.0,1.271233430619328,-0.21326617217163588
0.472643,-0.290135,-0.434555,-0.116605,50.05,70.0,-0.44556603450140086,-0.12793048872933782
-0.298421,0.434202,0.838188,-0.898798,50.05,70.0,0.85771291176695,-0.9087607413752345
-0.362975,-0.519888,4.958594,1.957915,50.05,70.0,4.951458806067019,1.9767716186625404
0.248483,0.251542,0.296119,0.678384,50.05,70.0,0.2911645776800692,0.6801855811869352
-0.330104,-0.057311,1.086485,-0.093427,50.05,70.0,1.0774783982593432,-0.08023876497406257
0.770503,-0.148875,-0.236314,-0.009517,50.05,70.0,-0.23726534087983103,-0.001927545518938957
-0.134542,0.758287,-1.107195,-0.132325,50.05,70.0,-1.1194829955855794,-0.1176532483595689
0.52373,0.322977,-0.528935,0.307637,50.05,70.0,-0.5089456340438623,0.29005587707505404
0.269533,0.040874,-0.287159,-0.038878,50.05,70.0,-0.2910223611974169,-0.03618616748539882
0.970746,-0.678234,0.832332,-0.407982,50.05,70.0,0.8144926131360878,-0.4184481712729687
0.915674,-0.259381,-0.476753,-0.164484,50.05,70.0,-0.4914088932499379,-0.17901061750619807
0.588235,0.472625,0.646306,0.422478,50.05,70.0,0.6634437645551082,0.402558832754581
-0.585017,-0.379203,-0.541186,-0.32135,50.05,70.0,-0.5611730747262597,-0.33948181188193577
0.736873,0.617354,-0.357452,0.066496,50.05,70.0,-0.3509242357098957,0.06220045653141649
-0.123859,0.30426,0.387577,-0.11387,50.05,70.0,0.37679530601717237,-0.1210479918744635
-0.295508,-0.594906,0.295149,0.103521,50.05,70.0,0.30504500575675253,0.10541916527732922
-0.58729,-0.58843,-0.720887,-0.476608,50.05,70.0,-0.7346444327019698,-0.49450374050689566
0.25985,-0.704608,25.359388,4.640605,50.05,70.0,25.340662464631766,4.649079656858164
-0.354024,-0.084251,0.405862,-0.04538,50.05,70.0,0.40136283865772077,-0.054232315804828915
-0.004508,0.225649,-1.328362,-0.986049,50.05,70.0,-1.3088347382785233,-0.9673213915260551
0.474381,0.918486,-0.780029,0.572336,50.05,70.0,-0.7745035659446508,0.5578193485904791
0.986877,0.433849,-0.569615,0.7356,50.05,70.0,-0.5798360246018933,0.7164553586375701
-0.295926,0.365979,0.252005,0.054608,50.05,70.0,0.2573982012637868,0.06072386212048368
-0.989324,0.428735,0.33326,0.688926,50.05,70.0,0.3272915894620055,0.6870188288266008
-0.255303,-0.885609,-0.402636,-0.093779,50.05,70.0,-0.4116740165225678,-0.10234089770497766
-0.4358,-0.48252,-0.480652,-0.059114,50.05,70.0,-0.48647770360169096,-0.07390583606500484
0.280493,0.245275,-4.384154,1.794886,50.05,70.0,-4.375448423439213,1.7749355109970515
0.336843,-0.68503,0.235202,-0.101993,50.05,70.0,0.22543906598947724,-0.09430078079217817
0.707675,-0.108098,-0.50384,0.073292,50.05,70.0,-0.4966737453150559,0.0570422817502935
-0.797856,0.436804,-0.604888,0.195088,50.05,70.0,-0.5883290255603738,0.1752250905403908
-0.640212,-0.038798,0.545401,0.079564,50.05,70.0,0.5531491901119325,0.061258350067761314
-0.080964,-0.756055,4.939034,-0.69433,50.05,70.0,4.945515945599887,-0.6762143299357734
0.987354,0.457193,0.292666,-0.07551,50.05,70.0,0.2852931173978501,-0.0733648081752308
0.035269,0.762923,-9.107548,-38.644762,50.05,70.0,-9.087550515915582,-38.64445494252303
0.44912,0.351978,0.195158,0.069103,50.05,70.0,0.20193162572470708,0.08031327988026445
-0.304174,-0.250494,0.907013,-0.361254,50.05,70.0,0.8875649211849237,-0.3647819230105107
-0.051737,0.455258,-2.673114,38.683372,50.05,70.0,-2.6926791436156736,38.69731761623168
-0.472761,0.303051,-0.428238,0.17637,50.05,70.0,-0.4127996742216632,0.16557073118470053
-0.619837,0.396914,-0.587106,0.396209,50.05,70.0,-0.5687655665799635,0.3766321177921356
0.92908,-0.950622,-0.696505,-0.63483,50.05,70.0,-0.6958539680995736,-0.6536788666065224
0.889945,-0.691421,0.746005,-0.476561,50.05,70.0,0.7322441562658506,-0.4931972367812774
-0.70605,-0.582945,-0.024826,0.130542,50.05,70.0,-0.01267916864167901,0.15038811517473014
0.441989,0.505408,-0.376054,0.285383,50.05,70.0,-0.3562606614700071,0.27929185288925157
0.395339,0.464197,0.516062,0.070967,50.05,70.0,0.5230107129766852,0.054035538272708655
-0.244304,-0.018268,-0.183548,0.016197,50.05,70.0,-0.18193006990553004,0.028349333352625194
0.97018,-0.184894,-0.715008,1.27083,50.05,70.0,-0.7135898971013864,1.2526795349340343
0.490568,0.97817,-0.328449,0.598036,50.05,70.0,-0.325432304521737,0.5966082420231211
0.107589,0.24041,-0.173774,0.15183,50.05,70.0,-0.16000789828594492,0.16474379654131133
0.567187,0.71366,-0.497621,0.694138,50.05,70.0,-0.504084778959618,0.6782586343876152
0.480751,-0.00963,0.697314,0.02178,50.05,70.0,0.699487697658681,0.0029583377253232963
0.154213,-0.135258,0.015015,-0.035402,50.05,70.0,0.011493258302059835,-0.01545833608840853
0.715007,-0.876967,-0.61967,-0.702971,50.05,70.0,-0.6123768984595727,-0.7229523036427796
0.80834,-0.222672,0.49134,0.244367,50.05,70.0,0.5101345672966139,0.22887726084386967
-0.446194,0.82315,0.792239,0.671898,50.05,70.0,0.7879154566419045,0.6582477620779092
0.689978,0.45844,0.467759,0.289557,50.05,70.0,0.4876078728477209,0.2756630585678168
0.996947,-0.317581,-0.29238,-0.230557,50.05,70.0,-0.3106579607302759,-0.22838337537025297
0.407767,-0.653686,-0.422795,0.477519,50.05,70.0,-0.4091038331168287,0.4671818046947654
-0.501523,0.896616,-0.201851,-0.316289,50.05,70.0,-0.22184986606830487,-0.3056391707311551
-0.574345,0.981035,-0.555565,0.323669,50.05,70.0,-0.5355876045039218,0.3049777412616271
0.262847,-0.326035,-0.079146,-0.045351,50.05,70.0,-0.08364233562649907,-0.026896691830443742
0.334387,0.042878,-0.10827,-0.00153,50.05,70.0,-0.10842299850768063,0.015610276327980063
0.654187,0.915888,0.227769,-0.133047,50.05,70.0,0.2154241191773531,-0.12467412606255376
-0.67445,0.524397,-0.319373,0.054953,50.05,70.0,-0.31394658480922677,0.054431685586016215
-0.464701,-0.222888,0.33153,-0.088878,50.05,70.0,0.32293185584515044,-0.09061289033455078
-0.083968,0.743844,1.488193,-1.3381,50.05,70.0,1.4802700971469192,-1.330072517441319
-0.219832,-0.70938,3.501288,1.85135,50.05,70.0,3.5046327681906306,1.8558643680157976
-0.542675,-0.736979,-0.901352,-0.881973,50.05,70.0,-0.8822602488052057,-0.8860566585950321
-0.400295,0.237266,0.400487,-0.101097,50.05,70.0,0.3908023631394877,-0.10946419479759877
-0.26392,0.291654,0.041056,-0.062293,50.05,70.0,0.034926930454758184,-0.042712921053274275
-0.174983,-0.942865,2.201742,1.580205,50.05,70.0,2.2217198732982584,1.5804677066936896
-0.739679,0.211271,-8.735284,0.915976,50.05,70.0,-8.755108670472085,0.9350476636684861
0.831802,0.096014,-2.778643,-0.014707,50.05,70.0,-2.780112374915376,-0.009876211384914643
-0.291026,0.721955,-9.115515,-0.818713,50.05,70.0,-9.099223775951097,-0.8192025815508339
-0.103077,-0.416024,-12.848678,-1.62156,50.05,70.0,-12.868037213636196,-1.6183882595785695
-0.120488,0.952679,2.306001,0.826548,50.05,70.0,2.2892679006893917,0.836735024332116
-0.317335,0.556729,0.12119,-0.051388,50.05,70.0,0.11610755600849589,-0.03494877194825672
0.947791,-0.474489,0.28191,-0.594092,50.05,70.0,0.2785040286713953,-0.5908810301925053
-0.743548,-0.809845,-0.400805,-0.106611,50.05,70.0,-0.41096833707258673,-0.11500706755786164
0.938647,-0.162937,1.029199,0.354789,50.05,70.0,1.048787723516405,0.36319191666574585
-0.48914,-0.979172,0.159948,0.369483,50.05,70.0,0.1791876878248626,0.3834208639676002
-0.950968,-0.923482,0.630464,-0.814968,50.05,70.0,0.646535141697338,-0.8349668492514253
-0.960453,-0.339377,-3.93462,-1.486514,50.05,70.0,-3.9528702484446736,-1.4729214861997515
0.099062,0.938039,-4.342395,2.453036,50.05,70.0,-4.348328148685504,2.433810330054475
-0.378196,-0.345585,-17.393553,-1.246455,50.05,70.0,-17.3925352336406,-1.2355956472580265
-0.247493,0.385441,-0.051644,-0.076866,50.05,70.0,-0.05914276195099646,-0.057529078993587265
0.098627,-0.372979,0.165224,0.398386,50.05,70.0,0.18347652173107767,0.4119406769337768
-0.666066,-0.568524,0.2197,0.049252,50.05,70.0,0.22457557009906826,0.058350648433376485
0.81447,0.805077,-0.646012,0.545627,50.05,70.0,-0.6379764394997434,0.5257052136824115
0.9368,0.804695,0.449695,0.172484,50.05,70.0,0.4648833848182723,0.15994427337781195
0.500942,-0.664629,-0.556742,-0.44806,50.05,70.0,-0.5724245956261877,-0.4667928122363797
-0.423658,-0.427614,0.353742,-0.12615,50.05,70.0,0.3419469877436053,-0.13008248321473107
-0.906,0.864693,0.521344,0.415598,50.05,70.0,0.538826221082035,0.3983913290254962
0.894749,0.042071,-0.446173,0.149228,50.05,70.0,-0.4325968126012623,0.13696457796347594
-0.918663,0.032952,-0.638407,0.027691,50.05,70.0,-0.6356467387001536,0.007716438908466558
-0.182045,0.367709,-1.247096,1.576684,50.05,70.0,-1.227104665548106,1.5966612463523824
0.084886,0.684059,-17.117959,-19.373913,50.05,70.0,-17.127893257325216,-19.38831578469444
0.97854,0.324074,0.80788,0.315699,50.05,70.0,0.8278794073072362,0.30323247925622
0.705532,-0.125393,5.746207,0.152514,50.05,70.0,5.760022639929603,0.13456375696544
0.513447,-0.502572,-0.495759,-0.168792,50.05,70.0,-0.5107046085452581,-0.18455747707187073
-0.727929,-0.307127,0.651945,-0.20241,50.05,70.0,0.6349865924214326,-0.22227060970270632
0.10935,-0.149837,0.142402,0.065781,50.05,70.0,0.14886213835935785,0.08092200318129153
-0.309722,0.508491,-12.933564,-19.706868,50.05,70.0,-12.915350064476634,-19.71210947820956
0.201662,-0.671777,-0.853138,-44.092498,50.05,70.0,-0.8636088622374606,-44.101137815522264
-0.549458,-0.733306,-0.053963,0.131249,50.05,70.0,-0.041760077687222674,0.15052540450377735
-0.677994,0.952719,-0.196511,-0.064359,50.05,70.0,-0.20283639861012123,-0.05326102379668596
0.351726,-0.540838,-0.767041,-0.263196,50.05,70.0,-0.7863951922017705,-0.27857483190371274
0.135575,0.607988,-13.440663,-10.517998,50.05,70.0,-13.455246082547037,-10.524685218629607
0.462044,-0.426924,-0.660596,-0.237733,50.05,70.0,-0.6791534394837202,-0.2574731060766328
0.688798,0.623978,0.722042,0.552931,50.05,70.0,0.7294034968361318,0.5350871275875029
-0.797998,0.047116,-0.231112,-0.016761,50.05,70.0,-0.2327861387361355,-0.008692876287371134
-0.125368,0.943333,15.759305,-8.078589,50.05,70.0,15.750646060213322,-8.097933617632764
0.605055,-0.838792,0.622805,-0.831757,50.05,70.0,0.6398177047008242,-0.8517494007260457
0.427319,-0.051833,0.583972,0.214722,50.05,70.0,0.601550560662014,0.19521164263369808
0.84035,-0.243042,-19.379121,-10.447211,50.05,70.0,-19.397543962332474,-10.464822072619521
-0.810341,0.594641,-0.03704,-0.110672,50.05,70.0,-0.047550975109457556,-0.09101401116669908
0.139612,0.452655,0.002205,-0.816358,50.05,70.0,0.018358489544569236,-0.796359215493938
-0.230821,0.586537,1.706122,-0.303658,50.05,70.0,1.686149562810303,-0.3161813552871968
-0.070394,0.892416,-0.231848,-0.186698,50.05,70.0,-0.24792202990691775,-0.17869727631254773
0.831382,-0.971056,-0.855218,-0.935736,50.05,70.0,-0.835229361877654,-0.9441877610379679
-0.546039,0.716909,0.693755,0.255169,50.05,70.0,0.7128913258485599,0.23622996744142757
-0.916502,0.358403,0.418847,-0.540608,50.05,70.0,0.41035440939360196,-0.5506052268170537
-0.324477,0.511041,0.527425,-0.523243,50.05,70.0,0.5173942047676628,-0.540751638071182
-0.937102,0.129594,0.523875,0.001267,50.05,70.0,0.5240016991525429,-0.016067302771968363
0.087229,0.052575,0.051031,0.011862,50.05,70.0,0.05221650467774222,0.03121448372052677
-0.378031,0.439992,0.390672,0.489772,50.05,70.0,0.4034448470230894,0.4823059991894827
0.945139,0.942927,-0.689597,0.725705,50.05,70.0,-0.6989553397288978,0.70663644167998
-0.229118,-0.792305,-5.587619,20.070564,50.05,70.0,-5.591163083052408,20.051683954426508
-0.27455,-0.354632,-6.222418,-9.695262,50.05,70.0,-6.202892989222482,-9.676178086255367
-0.297772,-0.659564,-17.165725,10.149738,50.05,70.0,-17.156432562616697,10.139026762007356
0.701709,-0.368881,0.481096,-0.444625,50.05,70.0,0.4652025528002548,-0.4594466832631568
0.214921,0.18329,0.131202,-0.09695,50.05,70.0,0.12188225647710625,-0.08110135454247122
0.551065,-0.255546,-0.509339,-0.288531,50.05,70.0,-0.5291750225665256,-0.30509511721122123
-0.953787,-0.304227,-0.131193,0.085619,50.05,70.0,-0.12289023065387297,0.10146819440540164
0.848581,0.107319,-1.530895,-0.171608,50.05,70.0,-1.546026246612258,-0.16764428449833257
-0.295801,0.475953,0.218412,0.017051,50.05,70.0,0.2201150351881285,0.02626415870844437
-0.664716,0.112388,0.588076,-0.057765,50.05,70.0,0.5823794781717236,-0.07736149880430351
0.902963,0.096063,4.959617,0.636314,50.05,70.0,4.958817666025859,0.6552044655044945
0.522916,0.651922,-0.547684,0.592469,50.05,70.0,-0.5441182133688487,0.5740725825799642
0.850431,-0.802304,-0.809355,-0.817012,50.05,70.0,-0.7931630351745272,-0.8293628433572241
-0.327797,0.708058,-5.668197,1.755646,50.05,70.0,-5.656148306143607,1.7356904072717771
0.322752,0.487284,-0.214383,0.236609,50.05,70.0,-0.19586776719551924,0.24617787021456108
-0.226002,-0.413312,-1.153559,1.584308,50.05,70.0,-1.1336046239714175,1.6017100083225022
-0.527489,0.49285,-0.520582,0.226011,50.05,70.0,-0.5024932869139934,0.20884329535726992
-0.665357,-0.663443,0.746926,-0.592098,50.05,70.0,0.743323713937009,-0.6086829397527038
-0.479096,-0.159066,-0.327868,-0.110429,50.05,70.0,-0.3383582938036029,-0.11179880026859322
0.584976,-0.312116,-0.434973,-0.142644,50.05,70.0,-0.4480584462561741,-0.15400391622927606
0.267225,-0.746675,-7.724648,-0.802523,50.05,70.0,-7.7093482445283765,-0.7904723872890496
0.640406,-0.699875,-0.477979,-0.108834,50.05,70.0,-0.4883331631273112,-0.12344461257136442
-0.807339,-0.950133,0.818607,-0.702912,50.05,70.0,0.8258946074814038,-0.714522185157628
-0.89088,0.978309,-1.066024,0.725002,50.05,70.0,-1.0753201528434344,0.7365857398441054
0.447266,-0.8009,1.329194,-0.384754,50.05,70.0,1.3104270220995928,-0.36605575558585335
-0.732953,-0.746702,0.675377,-0.519288,50.05,70.0,0.665006027545714,-0.5387369245792799
0.180841,-0.598795,0.437028,0.226631,50.05,70.0,0.4551430759514521,0.21510255344482804
0.048141,-0.88588,-1.510174,0.983351,50.05,70.0,-1.5297577969067933,0.9893208285737898
-0.983061,-0.305112,30.683795,-25.540869,50.05,70.0,30.66596220813361,-25.558234667407124
-0.012598,0.262925,-2.60177,-2.299142,50.05,70.0,-2.5842196502039725,-2.281068143696083
0.982096,0.086448,-0.301374,-0.056941,50.05,70.0,-0.30699148677756005,-0.055663344085341335
0.938851,-0.728163,-0.704448,-0.525546,50.05,70.0,-0.7142788941277018,-0.5441144865395411
-0.236982,-0.96021,1.388288,2.547914,50.05,70.0,1.3917346948711649,2.5637352221000307
-0.250271,-0.300464,0.051725,-0.110206,50.05,70.0,0.041253698964525964,-0.09087114899516804
0.095569,0.225431,0.086512,0.211382,50.05,70.0,0.10392881410701153,0.22953991166177956
0.815084,-0.889739,0.845005,-0.872792,50.05,70.0,0.863803205051469,-0.882157968180955
0.162431,-0.021833,0.166106,0.002695,50.05,70.0,0.16637549184430223,0.016184691233531813
-0.945451,-0.19118,0.550116,-0.097399,50.05,70.0,0.5407565528591751,-0.11588947173055575
0.829919,0.441716,0.412896,0.194789,50.05,70.0,0.42943818790708366,0.1853115417266687
-0.082816,0.103965,-0.073504,-0.101406,50.05,70.0,-0.08321566092852292,-0.08274157432267124
-0.667151,-0.801444,-0.584694,-0.599683,50.05,70.0,-0.5875477793649482,-0.6192091084389809
0.123265,-0.290723,-0.024881,-0.020861,50.05,70.0,-0.026963319424823485,-0.0010155665388013636
-0.185239,0.692575,-0.582533,1.191154,50.05,70.0,-0.5889649343971608,1.1716757938797002
0.101656,0.527957,-0.106879,0.871352,50.05,70.0,-0.12562755351676003,0.8885635385128977
-0.619523,-0.31977,0.46096,-0.278144,50.05,70.0,0.4412833994966245,-0.29154095434136845
-0.382429,0.511811,-0.963855,0.191047,50.05,70.0,-0.9475260108807586,0.1931806522758877
-9.8e-05,0.35647,0.635133,26.141393,50.05,70.0,0.6162177978324948,26.12140460812482
-0.803972,-0.362056,0.011221,0.294131,50.05,70.0,0.03112080092409069,0.31409953054593565
0.930946,0.412911,1.298717,0.019596,50.05,70.0,1.3006734661183954,0.03915495033357416
-0.21017,-0.32236,-0.591534,-0.283243,50.05,70.0,-0.6112955215798083,-0.3029056770858922
0.088322,0.434071,-7.54112,-3.08689,50.05,70.0,-7.546522315379708,-3.0668904209603256
-0.573455,-0.052771,-0.730293,0.016098,50.05,70.0,-0.7286849376561608,-0.0013581363622544897
-0.918718,-0.891718,0.52454,-0.632039,50.05,70.0,0.5249120254709367,-0.6494063773187058
0.891361,-0.889898,0.529253,-0.219842,50.05,70.0,0.5114360251787692,-0.23743826033555682
-0.5109,-0.699507,-0.618309,-0.259577,50.05,70.0,-0.6375688054142193,-0.2795519575514825
-0.611406,0.096757,0.368079,0.16557,50.05,70.0,0.3828085736760089,0.16024310743731895
0.196963,0.36285,0.344744,-0.126372,50.05,70.0,0.3329310666172234,-0.12941856666347368
0.417177,-0.506023,0.474264,-0.201825,50.05,70.0,0.457336677152632,-0.2161794167831354
-0.733456,0.79916,-0.443531,0.225113,50.05,70.0,-0.42548077870390116,0.213059346709715
-0.516364,-0.535094,0.413952,-0.119845,50.05,70.0,0.40267194662423345,-0.12941531637996598
0.671836,-0.448939,-0.619703,-0.478277,50.05,70.0,-0.6333388136629268,-0.49825844602707114
0.676357,-0.464082,0.403831,-0.197818,50.05,70.0,0.38712047350520457,-0.20648774041859935
0.173864,0.133784,5.980531,3.035845,50.05,70.0,5.990619886155253,3.036994861404996
0.499586,0.540319,-0.451504,0.325992,50.05,70.0,-0.43153899319314437,0.3133118616726946
-0.859253,0.533382,0.75149,0.498669,50.05,70.0,0.7635658092537048,0.48234343013076453
0.554361,-0.859925,0.811071,-0.713941,50.05,70.0,0.8193740849656698,-0.7261564205215683
-0.755514,0.081063,-4.738468,0.438089,50.05,70.0,-4.722186349206995,0.4406895179337677
0.422445,0.038498,0.414622,0.190638,50.05,70.0,0.4309273386400488,0.181008906143011
-0.971991,-0.24918,-0.363656,0.139698,50.05,70.0,-0.3507947591693291,0.13479869843458772
0.037267,0.340833,-0.521995,41.568972,50.05,70.0,-0.5124109676142977,41.551732236717015
0.387706,0.179689,-0.66818,0.069669,50.05,70.0,-0.6613531464655465,0.05006492096494748
0.041225,0.863141,-19.004067,3.863658,50.05,70.0,-18.995031854654137,3.8779805885785272
0.807081,0.606702,-0.607376,0.446953,50.05,70.0,-0.5916249448772567,0.427062547246896
0.838443,-0.286389,-8.461421,-4.818736,50.05,70.0,-8.444182427554825,-4.820820126013264
0.65442,0.836085,0.629147,0.728682,50.05,70.0,0.6195266076493168,0.7086821715900925
0.07748,0.207863,1.2883,0.650458,50.05,70.0,1.2860905718838869,0.6702078876275015
-0.448221,0.755262,-1.644918,0.672351,50.05,70.0,-1.6492857610730387,0.665107348774138
-0.303373,-0.796073,1.720776,0.051083,50.05,70.0,1.7258289393433817,0.03745171215889696
0.401389,0.143118,0.114551,-0.10003,50.05,70.0,0.10495985658811088,-0.08322177808548066
-0.60987,-0.080372,-0.729578,-0.115081,50.05,70.0,-0.7404614923791116,-0.13257192144499977
-0.817192,-0.544727,-0.217594,0.01082,50.05,70.0,-0.21651252772417,0.020105685306956354
0.767954,-0.989199,-1.158079,-0.687818,50.05,70.0,-1.1522164318519705,-0.6701976753063621
0.533058,-0.900979,0.720003,-0.671051,50.05,70.0,0.7242438076367316,-0.6889860355685322
-0.748999,-0.422928,-0.234576,0.000654,50.05,70.0,-0.23451060011655256,0.008403966164331943
-0.158794,-0.849324,7.86954,-0.857769,50.05,70.0,7.887772762283803,-0.8593232678685759
-0.586496,0.766455,-0.741722,0.554493,50.05,70.0,-0.73450596035875,0.5376228647324653
-0.184614,-0.805236,13.553753,-12.877576,50.05,70.0,13.533755181311696,-12.873123173817842
0.396489,-0.2014,-0.573068,-0.232112,50.05,70.0,-0.5914085319028365,-0.2513536857676299
-0.924795,0.970578,-1.834712,0.155225,50.05,70.0,-1.820701612878973,0.13585279250374893
0.511786,-0.41178,-0.021847,0.081388,50.05,70.0,-0.013930978471228832,0.10126879575009363
-0.794262,0.84487,-0.232245,-0.051007,50.05,70.0,-0.23729058553390442,-0.04304267707500975
-0.276295,0.308724,-0.180071,-0.021688,50.05,70.0,-0.1822355519275013,-0.009261363038912203
0.721791,-0.851072,-0.695169,-0.792284,50.05,70.0,-0.680548439382209,-0.8111771170220761
0.035803,-0.261217,-0.222997,-0.350569,50.05,70.0,-0.24266649710657934,-0.3417651809534282
-0.281642,0.450265,9.940983,0.98713,50.05,70.0,9.921479387789063,1.0040690709811975
-0.392774,0.642146,0.685681,-0.594449,50.05,70.0,0.6823102125914063,-0.6136320104437425
0.546124,0.702435,0.192185,-0.107862,50.05,70.0,0.18191411899360269,-0.0964067602275833
-0.179468,-0.310801,-2.496344,-0.30703,50.05,70.0,-2.5163312947392855,-0.2871016144856362
0.360502,0.958533,0.355991,2.051273,50.05,70.0,0.3412109700868781,2.0471202603489758
0.061379,-0.400265,0.074456,0.104571,50.05,70.0,0.08444311466392036,0.12320100879662599
0.744634,-0.932191,0.715999,-0.832116,50.05,70.0,0.7330305519345244,-0.8502246202391631
0.673481,-0.804231,0.604499,-0.631062,50.05,70.0,0.6047733383245097,-0.6509203250706586
-0.708398,-0.053548,-0.253857,-0.041535,50.05,70.0,-0.25798070833180514,-0.03559572611508431
0.019651,0.273667,12.121631,-19.983204,50.05,70.0,12.133169270586826,-19.995353877736132
-0.476588,-0.019968,-2.214577,-0.056894,50.05,70.0,-2.2201899758230925,-0.055349325564288995
0.394634,0.621491,-0.551288,0.052227,50.05,70.0,-0.5461244552261388,0.033692178171512877
-0.594567,-0.879707,0.633637,-0.281546,50.05,70.0,0.6139023175734843,-0.3015389288878352
0.763556,-0.913201,0.812435,-0.892571,50.05,70.0,0.8318155522318592,-0.9046781347639437
-0.171,0.005807,0.154853,0.005175,50.05,70.0,0.15537044225621038,0.019473702647019253
-0.404682,0.505026,-0.461674,0.248107,50.05,70.0,-0.4427548473980017,0.234657116749027
-0.029093,-0.959956,-1.316625,-0.324138,50.05,70.0,-1.3366001113774841,-0.30503091381242975
0.014866,-0.15206,-17.145382,12.832339,50.05,70.0,-17.125959786610995,12.819968125793624
0.328005,0.787825,-19.118667,-2.457756,50.05,70.0,-19.113186214090195,-2.453289175656527
0.976456,-0.701965,-0.655736,-0.509899,50.05,70.0,-0.666898056465945,-0.5297113647224162
0.066929,0.882919,4.432439,-0.291544,50.05,70.0,4.412566726374589,-0.31125214381427835
-0.783162,-0.60368,0.673399,-0.656611,50.05,70.0,0.6762188200746416,-0.676105085242527
-0.042912,0.782002,7.626517,-16.033225,50.05,70.0,7.646486191721172,-16.015074751749335
-0.898146,0.867039,0.476435,0.399181,50.05,70.0,0.49465487838707234,0.38467625842514297
0.3201,-0.087083,-0.175743,0.033562,50.05,70.0,-0.17240252971109532,0.04632482034691053
0.403105,0.989816,-0.965928,0.467784,50.05,70.0,-0.9515436883538592,0.47012365093869407
-0.158047,-0.293245,-0.024086,-0.158225,50.05,70.0,-0.03830889297420616,-0.1383698586435768
-0.566844,-0.946987,-0.866509,-0.370446,50.05,70.0,-0.8857221649414501,-0.37786151149999764
-0.018465,-0.343239,-0.964675,0.436857,50.05,70.0,-0.9483221102671267,0.4390721661504515
-0.812109,0.887732,-0.653659,0.597507,50.05,70.0,-0.6505900203647276,0.5776673201987754
0.106418,0.573354,-3.178696,0.293061,50.05,70.0,-3.1588071810371203,0.2734041786332596
0.365531,-0.523801,0.687399,-0.34796,50.05,70.0,0.6676839432277892,-0.36709370173488687
0.473938,-0.521402,0.589569,-0.154981,50.05,70.0,0.57557603595618,-0.17460679125974216
0.797787,0.413675,0.69111,0.323068,50.05,70.0,0.7110901618922294,0.30404562213413006
0.632965,0.240285,-0.585877,0.123478,50.05,70.0,-0.5742988207771307,0.10392663350957458
0.466887,0.969758,0.373908,1.000112,50.05,70.0,0.3547326945302348,0.9942256048214104
0.725277,-0.276333,0.579882,-0.165861,50.05,70.0,0.5651327569145034,-0.18527733678116562
-0.327153,-0.46042,0.774373,-0.464827,50.05,70.0,0.7597848194786097,-0.47972685510320395
-0.27229,-0.370116,1.016983,0.338805,50.05,70.0,1.0368313390050226,0.3460843870586112
-0.533723,-0.277612,0.509597,-0.252525,50.05,70.0,0.4905392034038758,-0.2691035623640725
0.169287,-0.79329,-16.086839,-18.183355,50.05,70.0,-16.09060462797592,-18.17699569974578
-0.832236,0.617714,-0.917331,0.445851,50.05,70.0,-0.9015122738766385,0.4433429409327503
-0.074357,0.279135,-1.12526,0.733933,50.05,70.0,-1.1353373841969154,0.749770961341787
-0.583242,-0.554334,0.666801,-0.397941,50.05,70.0,0.648530332072189,-0.4175719157027603
-0.692391,0.980071,1.012183,0.841255,50.05,70.0,0.9946903004097131,0.8480852563702248
0.054577,-0.717599,1.877432,2.394448,50.05,70.0,1.8662362287529792,2.3744621494410207
-0.686983,-0.124633,-1.076633,-0.427794,50.05,70.0,-1.0934907023003446,-0.41536211878035467
-0.704684,0.382268,-0.502206,0.403433,50.05,70.0,-0.4841655867200316,0.3872790820797123
0.772173,-0.084673,-1.803174,-0.008992,50.05,70.0,-1.804072897089897,-0.027343111457958362
0.906147,-0.38591,-0.040764,-0.586143,50.05,70.0,-0.044950363835866675,-0.5665569897581946
0.016588,0.786786,-5.094605,-45.024118,50.05,70.0,-5.077021947820179,-45.005264800129765
-0.494254,-0.927984,2.916213,2.240885,50.05,70.0,2.8966476030175974,2.232295740093661
-0.626543,-0.302772,-0.543619,-0.302122,50.05,70.0,-0.5635827869941306,-0.3203551430647985
-0.69403,-0.56781,0.678217,-0.573865,50.05,70.0,0.6728386750490258,-0.5932457578472607
0.824848,-0.779087,0.249445,0.067841,50.05,70.0,0.2560997499374917,0.07420009154490563
-0.113338,-0.868255,-0.792859,0.081358,50.05,70.0,-0.7849457335690888,0.06775314181269297
-0.765456,0.978547,0.900205,0.744297,50.05,70.0,0.889246322291811,0.7401011255899608
0.432563,0.082351,-0.18903,-0.053592,50.05,70.0,-0.19432529580818692,-0.0418795740422199
0.075583,0.321575,-4.660223,-5.742848,50.05,70.0,-4.651705909539708,-5.748005649443426
0.716873,0.484312,-0.588761,0.550241,50.05,70.0,-0.5811500613826999,0.53063092591184
-0.174657,0.532056,2.099589,-0.518543,50.05,70.0,2.089154398558197,-0.5280898739481708
0.256941,0.403202,-0.344884,-0.357573,50.05,70.0,-0.3644146591594677,-0.36063340253515586
0.614289,0.351411,0.582275,0.376712,50.05,70.0,0.6013047370334481,0.35723966496366827
0.169851,0.689139,-0.826357,-0.048152,50.05,70.0,-0.8311258154913689,-0.05912258087673555
0.351879,0.026086,0.460482,0.023616,50.05,70.0,0.46283811590451546,0.010254575315928865
0.425481,-0.936017,7.962397,26.074825,50.05,70.0,7.942397038813873,26.064506676063772
0.366913,0.702671,1.859364,0.403464,50.05,70.0,1.8774030748154105,0.3836275091166518
-0.201434,0.505383,-0.120174,-0.483901,50.05,70.0,-0.13339305487727823,-0.467404118726569
-0.032701,0.399488,0.50555,0.3221,50.05,70.0,0.5255342382540474,0.3057511871877493
0.189414,-0.511283,0.228509,0.109588,50.05,70.0,0.23892759841239897,0.11789361363645551
0.864431,0.499288,0.604473,0.298684,50.05,70.0,0.6244131589056549,0.278825984019527
-0.473582,0.509075,-0.25859,0.143931,50.05,70.0,-0.2454074948048313,0.14941670419813938
0.028561,0.016545,0.030827,-0.00918,50.05,70.0,0.029909322307976043,0.010582893998320662
0.071565,0.793439,0.603656,0.05245,50.05,70.0,0.6088410855354691,0.0326018675173627
-0.675958,-0.827499,-0.618365,-0.582378,50.05,70.0,-0.6229187599450772,-0.6023532369183346
0.23047,-0.498232,4.831423,1.054326,50.05,70.0,4.814469839463032,1.0655389922571223
0.212893,0.093832,-0.34694,0.242989,50.05,70.0,-0.3281929952783907,0.2397255840875384
-0.960431,0.041674,0.259464,-0.013125,50.05,70.0,0.258152441874798,-0.007723395983418796
0.410891,-0.150034,0.792592,-0.142905,50.05,70.0,0.7794868265308157,-0.1565294168044177
0.379427,-0.97433,0.546387,-0.374828,50.05,70.0,0.5273001394485527,-0.3931731446308536
0.437371,0.893715,1.090514,0.555418,50.05,70.0,1.0976436933450089,0.5689064315574853
0.663962,-0.789572,-0.375512,-0.02039,50.05,70.0,-0.3775474696746252,-0.026429499632236432
-0.338348,-0.619375,-2.943185,0.682837,50.05,70.0,-2.948569579313243,0.6718973064594147
0.158794,0.845849,-9.496279,2.716687,50.05,70.0,-9.479267640962092,2.6979515446930487
0.183718,-0.255218,6.218203,0.232042,50.05,70.0,6.236540738997136,0.25099557940143385
0.543955,0.256583,-0.15734,-0.019046,50.05,70.0,-0.159241722580578,-0.004922287104754206
0.385632,-0.68641,0.561296,1.086566,50.05,70.0,0.5462657029107304,1.067678534667743
-0.491139,-0.578183,0.583191,-0.441128,50.05,70.0,0.5670877116764897,-0.4606210328865841
0.484568,0.136858,0.392028,0.201123,50.05,70.0,0.4089178300261049,0.1935313741863597
0.173392,0.206517,-0.303705,0.161283,50.05,70.0,-0.2892687865312615,0.16232795053257365
0.926278,-0.04569,3.233159,0.611527,50.05,70.0,3.2348361810734008,0.5935867402224172
0.091323,0.860745,-0.62537,1.284146,50.05,70.0,-0.6226277717595542,1.264148173418983
0.546202,0.024669,-1.503126,-0.074829,50.05,70.0,-1.5104355362257813,-0.06819034729954106
0.603688,0.185962,-0.826099,0.266499,50.05,70.0,-0.806664192953057,0.25550685606457524
-0.53431,-0.147775,0.49041,-0.155638,50.05,70.0,0.47637016971214685,-0.1710687410464618
0.340073,-0.400534,0.102649,0.659881,50.05,70.0,0.09950583768416277,0.6773041156050614
0.22309,-0.52161,0.424007,-0.279216,50.05,70.0,0.40431148221806035,-0.28965676055503653
-0.700521,0.337753,-0.366551,0.228343,50.05,70.0,-0.348364033318167,0.2231635420058825
0.609997,0.217816,-0.470416,0.072636,50.05,70.0,-0.4633110280201819,0.058552171596562036
0.839436,0.403061,-0.785519,0.278732,50.05,70.0,-0.7658319531956742,0.2645984113950593
0.252275,-0.016126,0.234319,-0.003949,50.05,70.0,0.23392412565911622,0.0038246518289963647
0.972402,-0.837976,0.876714,-0.386929,50.05,70.0,0.8580233178550871,-0.3933875101620243
0.134093,-0.294266,-1.023273,0.025535,50.05,70.0,-1.0207264317416562,0.03339654822275312
0.266219,0.334703,-2.396679,3.433776,50.05,70.0,-2.416558386172724,3.4504725648258256
-0.646962,0.517291,0.639705,0.47687,50.05,70.0,0.653443404095035,0.456902404166645
0.104576,-0.39454,-2.362577,-0.347226,50.05,70.0,-2.382304269876656,-0.3326398300198002
0.963912,0.467386,0.794854,0.353544,50.05,70.0,0.8144674622219219,0.3400860470858219
-0.638965,0.910968,-0.6818,0.343084,50.05,70.0,-0.6620087957564752,0.3237948160270633
0.638018,-0.828707,0.638274,-0.824387,50.05,70.0,0.654887760329799,-0.8443622272735999
-0.083811,-0.611892,0.190992,-1.75174,50.05,70.0,0.17863385921048405,-1.7401871718009976
-0.073503,0.638409,6.132883,27.247299,50.05,70.0,6.114644007780899,27.26191215423903
-0.257202,-0.801543,2.676594,0.774492,50.05,70.0,2.663243685831482,0.788186072056856
0.464153,-0.986432,-0.029479,0.020426,50.05,70.0,-0.02743994905101422,0.040209140178402436
-0.957491,-0.548892,-0.863518,-0.380196,50.05,70.0,-0.8824376561909867,-0.38788845281240714
0.774997,-0.629952,-0.454179,-0.252198,50.05,70.0,-0.4732268526741704,-0.2650838630706281
0.392286,-0.851099,3.018442,-1.658264,50.05,70.0,3.000324356958589,-1.6745907722171087
-0.427503,0.9648,10.191494,-33.139115,50.05,70.0,10.17702432281271,-33.12371541304497
-0.605505,-0.720244,-0.382776,-0.572132,50.05,70.0,-0.3883210372009147,-0.5788598529852932
0.852305,0.696234,-0.555523,0.355131,50.05,70.0,-0.5359412051152771,0.3364412360247689
-0.401067,-0.731074,-12.953311,2.701205,50.05,70.0,-12.937163915740644,2.6940864644561473
0.8319,-0.260855,-0.411686,-0.562377,50.05,70.0,-0.41816132884936746,-0.5717477336919906
-0.195481,0.548139,-2.999444,-3.952597,50.05,70.0,-3.0152760735235837,-3.967754543588152
0.57482,0.999936,0.543782,0.207158,50.05,70.0,0.5609873080719571,0.1889181644799723
-0.077237,-0.124236,-0.055883,-0.079018,50.05,70.0,-0.06358082513880906,-0.05979366116185269
-0.027758,-0.521458,6.402572,10.830096,50.05,70.0,6.389036031967482,10.846637264560652
-0.148092,-0.980325,24.898721,7.461435,50.05,70.0,24.891081417907973,7.469236171085804
-0.315065,0.702641,-0.016344,-0.003476,50.05,70.0,-0.016691582500666727,0.016457255572560912
-0.715892,0.000417,2.057202,0.247912,50.05,70.0,2.0761148199507424,0.23488193437083907
-0.99295,-0.508284,0.575647,-0.30488,50.05,70.0,0.5556685223302034,-0.32419042689723515
-0.73217,0.425563,-0.576097,0.491596,50.05,70.0,-0.5634650396897245,0.4722739074166719
0.433629,0.005989,-0.525003,-0.002081,50.05,70.0,-0.525211096245063,-0.019471291803452872
0.656477,-0.593746,-0.722396,-0.55056,50.05,70.0,-0.7299774290532752,-0.5683878559487724
0.902999,0.700743,0.863172,0.682953,50.05,70.0,0.8577762499091675,0.6752286203579625
-0.604496,0.230325,-0.48881,0.239915,50.05,70.0,-0.4701723000049714,0.22458654115111767
-0.923076,-0.140007,1.054854,0.259403,50.05,70.0,1.074109108196852,0.27005857921467175
0.896857,-0.530805,-0.671114,-0.536844,50.05,70.0,-0.679945846741732,-0.556387881276228
0.768506,0.286191,-0.705772,0.201237,50.05,70.0,-0.6888760672319058,0.18271810943054206
0.016524,-0.275801,-0.377331,-0.17528,50.05,70.0,-0.392699802907036,-0.1814926556056895
0.62025,0.537422,-0.610872,0.382659,50.05,70.0,-0.5920336310369296,0.3627350471165647
0.445046,-0.110596,0.361881,0.087491,50.05,70.0,0.3703537099031845,0.08276398103518667
-0.782758,0.184647,7.399857,1.550433,50.05,70.0,7.419753423255315,1.565732074531396
-0.637761,-0.852107,-0.294219,0.002719,50.05,70.0,-0.29394710837553134,0.004709724622305153
0.63218,-0.945316,0.821792,-0.74037,50.05,70.0,0.8324200843678069,-0.7517193841595995
0.073708,0.813505,0.027548,0.805059,50.05,70.0,0.01208614909267543,0.8248695766914147
0.577116,-0.403839,-0.567353,-0.376055,50.05,70.0,-0.5864028495141265,-0.39513297385704066
0.680334,0.369699,-0.416242,0.272709,50.05,70.0,-0.39666999584931434,0.2629382352775893
-0.465869,0.141409,0.276853,0.036884,50.05,70.0,0.2805205279918967,0.04059303027768569
0.654755,0.461303,-0.61356,0.479949,50.05,70.0,-0.6000469761202885,0.4600034288518072
-0.874216,-0.955599,0.87261,-0.859801,50.05,70.0,0.8909253337625097,-0.8666465357759465
-0.7486,0.272687,0.727009,0.259679,50.05,70.0,0.7462715521781372,0.24206494319762328
-0.950282,0.61592,2.194076,-1.180003,50.05,70.0,2.201553255052234,-1.1805068324458854
-0.225633,-0.206594,-0.510006,-0.464846,50.05,70.0,-0.5245928807076927,-0.4814474053074643
-0.221526,0.804828,-10.951359,-12.316007,50.05,70.0,-10.932367873412918,-12.320392599787379
0.739065,-0.540278,-0.607366,-0.566597,50.05,70.0,-0.6134406472589377,-0.5864873482068403
-0.45846,0.667913,-0.770004,0.760983,50.05,70.0,-0.7823187618243002,0.7457952790703423
-0.393582,-0.938874,-5.434841,2.828397,50.05,70.0,-5.414841232136461,2.8193273748640593
0.337737,0.342883,9.518007,16.944205,50.05,70.0,9.520042999845161,16.926338851049202
0.833107,0.02979,2.278878,0.13693,50.05,70.0,2.2915260385220844,0.14469654536791407
0.674059,0.906462,-0.122159,-0.097657,50.05,70.0,-0.13154123991904548,-0.08127315341512664
0.906845,-0.660349,-0.369704,-0.106977,50.05,70.0,-0.37989884210330443,-0.11246034516434204
-0.490763,-0.252238,0.005121,0.072425,50.05,70.0,0.012206244343195465,0.09241844419793582
0.637195,-0.659686,0.432123,-0.075172,50.05,70.0,0.4247815473981064,-0.08629620683914219
0.653924,0.505776,0.387983,0.125333,50.05,70.0,0.39971193429800234,0.11811712786879965
0.571158,-0.541028,0.698087,-0.440237,50.05,70.0,0.6819310307499302,-0.45903238080361575
0.937861,0.635433,-0.626887,0.175495,50.05,70.0,-0.6115044476600067,0.15549551231786185
-0.271709,-0.615126,-10.742071,-0.156037,50.05,70.0,-10.756139218523385,-0.17512424157605286
-0.414599,-0.15829,0.193222,0.032739,50.05,70.0,0.19648129831078476,0.044109081028269236
-0.38138,0.143368,1.414354,0.138778,50.05,70.0,1.4271446501117562,0.152874999569378
-0.409457,0.250524,-0.483542,-0.051417,50.05,70.0,-0.4886272487372101,-0.06640179813162925
0.55923,0.981076,1.28612,0.694158,50.05,70.0,1.2796543284037907,0.713941082332074
0.944274,0.406103,-0.866603,0.176733,50.05,70.0,-0.8511416228749699,0.16932621931017855
-0.62142,-0.207435,-0.004162,-0.015958,50.05,70.0,-0.005756107277005374,0.004037669595279066
-0.367986,-0.745677,-0.058169,-0.20779,50.05,70.0,-0.07540644441341253,-0.18862996192387566
-0.593805,-0.082435,8.605185,14.235904,50.05,70.0,8.622796849520359,14.24743376218691
0.514763,-0.381825,0.572256,-0.340397,50.05,70.0,0.552427857987827,-0.35961637975507843
0.674915,-0.711473,0.746666,-0.673779,50.05,70.0,0.7511730016508269,-0.6903784566743306
0.270924,-0.58486,-2.481407,-3.138908,50.05,70.0,-2.481675457296853,-3.11916134171577
0.254965,-0.800545,9.310089,2.146924,50.05,70.0,9.29076611581261,2.130123258859913
-0.765722,0.502943,0.652714,0.402834,50.05,70.0,0.6707801907319518,0.382982600347705
0.96996,0.11159,-0.788473,-0.093504,50.05,70.0,-0.7974864761115134,-0.10742704908402453
-0.506159,0.983654,0.096709,-0.136376,50.05,70.0,0.08410392502668207,-0.11866895308814283
0.278661,-0.544006,16.569677,6.439282,50.05,70.0,16.583749460763418,6.447140684797168
0.890625,0.730821,0.812499,0.591244,50.05,70.0,0.8161852563093901,0.5791419599632615
0.908082,0.138164,-3.414983,0.04674,50.05,70.0,-3.41035142959055,0.04269128375856507
0.128925,0.846653,-18.018472,-4.883944,50.05,70.0,-18.005389560453896,-4.894516320959654
-0.306419,0.011599,0.078706,-0.000674,50.05,70.0,0.07863860012757577,0.017797224698909632
0.939918,-0.802991,0.68411,-0.494448,50.05,70.0,0.6717004309436805,-0.5136748611814644
0.125318,0.223111,-0.096389,0.134271,50.05,70.0,-0.08394805010007966,0.1519929017017539
-0.168719,0.338346,-0.008895,-0.092398,50.05,70.0,-0.017809607424390632,-0.07241777699597715
0.58173,-0.855555,0.60473,-0.796336,50.05,70.0,0.6196240283522396,-0.8161970564808603
0.692551,-0.290852,-0.54742,-0.424316,50.05,70.0,-0.5644622928867841,-0.44270204365744353
-0.355194,0.262358,-2.195493,0.561536,50.05,70.0,-2.188938158508784,0.5611738340446358
-0.541187,0.27508,0.468533,0.200842,50.05,70.0,0.4854077638729852,0.18689248874304354
-0.729302,0.61831,0.675919,0.53664,50.05,70.0,0.6847691453467345,0.5172037823215695
-0.06681,-0.877318,16.748256,39.118143,50.05,70.0,16.762768888169383,39.10874681507093
0.919827,-0.465244,-0.844355,-0.534931,50.05,70.0,-0.8533580775025071,-0.5443543506899742
0.643019,-0.784208,-0.672481,-0.655018,50.05,70.0,-0.6698189764365008,-0.6745323969859717
-0.182848,0.880402,0.197354,-0.032102,50.05,70.0,0.19415756656424782,-0.021074252848274057
0.909975,-0.057365,-1.099903,0.141257,50.05,70.0,-1.0869227606982894,0.15542355007796704
-0.132206,0.019565,0.130866,0.016365,50.05,70.0,0.13250067445980898,0.032234117735291085
0.836386,-0.86523,0.775913,-0.684609,50.05,70.0,0.7814680228405887,-0.6994056852407144
0.085032,-0.867493,-1.280011,18.389945,50.05,70.0,-1.2949509993705084,18.409808570140996
0.04941,0.426701,-1.340353,-0.497616,50.05,70.0,-1.352512580659692,-0.47934265671515636
-0.435296,-0.026238,2.252013,-3.278017,50.05,70.0,2.2646218281681403,-3.2727886455080903
-0.980947,-0.782568,-0.647702,-0.922015,50.05,70.0,-0.6278065902191996,-0.9419211437799015
-0.616716,0.856253,0.788544,0.370127,50.05,70.0,0.8077660001875048,0.3562090488404228
-0.956926,0.941097,-1.151221,0.857009,50.05,70.0,-1.1694223951856202,0.8742945878588375
-0.975386,0.69316,5.964083,-9.348226,50.05,70.0,5.956613360283337,-9.348720253860009
-0.051848,0.586901,-0.363657,-0.443074,50.05,70.0,-0.3796441200263715,-0.44797339851854134
0.037227,-0.333095,-3.106046,0.287643,50.05,70.0,-3.0862215207501813,0.26795806046034176
-0.331231,-0.994605,-3.463931,3.131497,50.05,70.0,-3.462921863324502,3.132314680141276
-0.321635,0.276327,0.070219,-0.084166,50.05,70.0,0.06204863647320132,-0.06538606646684758
0.231546,-0.4052,14.966556,21.70163,50.05,70.0,14.986404401003108,21.718517019214293
-0.202326,-0.499896,2.05059,-1.840483,50.05,70.0,2.0461792996185757,-1.8540074708277725
0.24915,-0.527808,1.183629,-0.448658,50.05,70.0,1.167983586113806,-0.4299758125442692
-0.866319,-0.218091,0.417999,-0.760641,50.05,70.0,0.43028679591224606,-0.7705646914325376
0.547342,-0.826131,5.281114,-1.232318,50.05,70.0,5.283539917780556,-1.2264464414150789
-0.787021,0.530464,-0.612513,0.348762,50.05,70.0,-0.5928115913655865,0.3288244212032126
-0.489426,0.221432,0.41055,0.15585,50.05,70.0,0.4246049207259912,0.14657977617230572
-0.394942,0.202367,-2.274977,0.334901,50.05,70.0,-2.2550844585230827,0.34230660528727225
-0.815453,0.676556,0.896707,0.642802,50.05,70.0,0.895259918660784,0.6382647693343275
0.881393,-0.420141,-0.033284,0.067991,50.05,70.0,-0.026615106643135517,0.08771468245215812
0.69602,0.002278,-3.649421,0.130587,50.05,70.0,-3.637270593965476,0.14706598485988812
0.289158,-0.127547,-0.29437,-0.240369,50.05,70.0,-0.31302412098606436,-0.2383933009561196
0.319118,-0.576037,0.115154,0.053319,50.05,70.0,0.12042296513767918,0.07009446601789324
0.540307,0.939171,-0.493895,0.195306,50.05,70.0,-0.4773238098765855,0.17965590247694913
0.646111,-0.816318,0.609806,-0.697073,50.05,70.0,0.6165468221605325,-0.7169873827074404
0.147277,-0.70848,-0.153889,-0.135907,50.05,70.0,-0.1664576276947379,-0.12154106171837334
0.56826,0.74131,0.556855,0.566247,50.05,70.0,0.5629629844489036,0.547510232456173
-0.80115,-0.93022,-0.062376,0.160292,50.05,70.0,-0.04800854964448381,0.17932716754047293
-0.199408,0.557759,-8.888077,9.319992,50.05,70.0,-8.878071266970549,9.337929995087377
0.252754,0.044252,-0.353013,-0.000862,50.05,70.0,-0.35309919973312365,-0.004722980335232566
-0.259589,-0.916648,3.861651,7.35387,50.05,70.0,3.845621449202994,7.371802585615579
-0.095039,0.683544,17.531701,-16.805037,50.05,70.0,17.517384335489144,-16.785966614455667
0.332218,-0.415058,-1.776274,-12.885453,50.05,70.0,-1.7962679410276234,-12.90257203097344
0.124941,-0.114338,0.113374,-0.089497,50.05,70.0,0.10472000927181042,-0.07262528206579127
0.318105,0.395067,5.071004,-4.564892,50.05,70.0,5.085807242430008,-4.5453840475891045
-0.114495,-0.322653,0.641662,-0.457005,50.05,70.0,0.6265500257635472,-0.47696050446544674
-0.822333,-0.9511,0.873491,-0.834685,50.05,70.0,0.8906558175187158,-0.841447690941429
0.867134,-0.078046,0.715602,0.032926,50.05,70.0,0.7188797468992851,0.014800563058250567
0.278168,-0.83318,0.19643,0.21786,50.05,70.0,0.21415605914991057,0.22896471382754852
0.746918,-0.556497,-0.352154,-0.116343,50.05,70.0,-0.3631431532720522,-0.12011966083773938
0.959258,0.242935,-11.441434,1.489565,50.05,70.0,-11.423061079060119,1.505383192995728
-0.989927,0.294103,-0.208549,-2.065675,50.05,70.0,-0.1928378441471853,-2.05559797893176
0.990545,0.092099,-3.80194,-0.058943,50.05,70.0,-3.807749342994182,-0.0391989136238616
-0.085732,-0.892331,5.759723,-5.183043,50.05,70.0,5.7456222819394585,-5.200356680623148
0.585504,0.572222,-0.660063,0.363989,50.05,70.0,-0.6406805461561655,0.3442403993795062
-0.66643,-0.697025,-0.493102,-0.355382,50.05,70.0,-0.5126786734025199,-0.37098259892785995
-0.902837,0.01269,6.403393,0.368349,50.05,70.0,6.422663348434986,0.38484397618103694
-0.718203,-0.842699,0.696472,-0.669447,50.05,70.0,0.7005559202834699,-0.6882969697574766
0.758414,0.672287,0.756137,0.669264,50.05,70.0,0.7520709958430112,0.6532112505200248
-0.87112,-0.912575,0.618354,-0.459372,50.05,70.0,0.6033981272145776,-0.47934718216629907
0.344291,0.494898,-5.764429,-19.613289,50.05,70.0,-5.751898716505259,-19.630362331593293
-0.25073,-0.019925,-0.236983,0.003142,50.05,70.0,-0.23666881292414854,0.010669516061572579
-0.886388,0.471937,-0.863828,0.467494,50.05,70.0,-0.849423554660034,0.45983017170758284
-0.156038,-0.526688,-0.219798,-0.38448,50.05,70.0,-0.2385744321826642,-0.37539007981300954
-0.041412,-0.00859,-0.022083,0.005064,50.05,70.0,-0.021576654107308114,0.024942209087422278
-0.370287,0.591887,1.783773,0.414278,50.05,70.0,1.8013189557031986,0.39678335174906343
-0.161064,-0.997396,0.044049,-0.141828,50.05,70.0,0.031025373223190704,-0.12231112092431273
0.772758,-0.25552,6.876511,-5.022653,50.05,70.0,6.876900499948864,-5.0423476554635025
-0.522648,-0.150554,-0.610778,-0.141031,50.05,70.0,-0.6237410374308231,-0.1609541317354789
-0.36543,0.225786,0.322136,-0.05971,50.05,70.0,0.3162533068285609,-0.06050746200340923
0.785774,0.499609,-0.506989,0.137989,50.05,70.0,-0.494259104745432,0.12155772282537815
0.929102,-0.588089,0.431919,0.220843,50.05,70.0,0.44978122690737,0.2097357521923215
-0.016632,0.458314,-0.973661,-1.486914,50.05,70.0,-0.9919275738930302,-1.4838082985532526
0.885361,0.261026,-0.611637,-0.060737,50.05,70.0,-0.6176177721438187,-0.0806674719551888
-0.930582,-0.29388,15.694508,-25.568717,50.05,70.0,15.678104534765366,-25.58867175600989
0.766754,0.832308,-0.732367,0.698952,50.05,70.0,-0.7392844280256464,0.6815980252584634
0.600022,0.564966,-0.616508,0.336586,50.05,70.0,-0.5966336079081355,0.3166208620262423
-0.624633,-0.208131,0.343372,-0.459336,50.05,70.0,0.32841373730446155,-0.46224689717382034
-0.060128,-0.571971,7.001275,-35.723977,50.05,70.0,6.992559552216415,-35.74199588391633
0.879944,-0.777821,-0.810301,-0.755964,50.05,70.0,-0.7983855466820228,-0.7682402989993582
-0.837431,-0.706566,-0.328654,-0.007754,50.05,70.0,-0.3294292057623082,-0.009202204920178071
0.746878,0.775679,0.685545,0.589699,50.05,70.0,0.689382997859256,0.5705121466029657
0.839795,0.440792,0.775387,0.455323,50.05,70.0,0.7906086153732648,0.4404909772634065
0.394316,-0.734265,0.353249,0.378194,50.05,70.0,0.3722326154396863,0.3743098662950686
-0.796824,-0.225002,0.425941,-9.178399,50.05,70.0,0.4070785915083147,-9.189004224991598
0.387978,0.745359,-0.042705,-0.250583,50.05,70.0,-0.06170299501750366,-0.23103719962434885
-0.759306,0.33995,-0.743892,0.259763,50.05,70.0,-0.7246271895429341,0.24301041015916808
-0.465459,-0.970009,-1.355722,0.272828,50.05,70.0,-1.3361475506410905,0.2904233377590634
-0.941029,0.131372,7.996059,-0.035937,50.05,70.0,7.992484606924288,-0.04897954158932122
-0.035701,-0.019642,0.031283,-0.020712,50.05,70.0,0.02921550017261212,-0.0009561581220777771
-0.127815,-0.185192,2.49948,6.688854,50.05,70.0,2.5174227748923657,6.708806449397669
-0.519247,-0.990776,-1.029489,-0.695053,50.05,70.0,-1.0229386993850065,-0.6866237759356741
0.028745,-0.882037,-6.557914,44.78684,50.05,70.0,-6.5733430603916165,44.790757562904446
-0.396825,0.559307,0.870471,-0.534846,50.05,70.0,0.8614603332273103,-0.5418921207041161
0.28102,-0.892191,0.49608,8.694967,50.05,70.0,0.48636078434520114,8.679181791323902
0.938909,0.248192,-24.238836,-20.727079,50.05,70.0,-24.239579080302388,-20.731888648612728
-0.634836,0.314944,-0.497285,0.423323,50.05,70.0,-0.48019094821471947,0.407464084215543
-0.729013,-0.522063,-0.411754,-0.179576,50.05,70.0,-0.42739414674380616,-0.18895274056973144
-0.308018,-0.864607,-0.452497,0.288371,50.05,70.0,-0.43266302843566695,0.2756142268699383
0.546242,0.695482,0.523705,0.566496,50.05,70.0,0.5297892693336139,0.549170183147452
0.970585,0.629338,-1.497026,0.45802,50.05,70.0,-1.4819807061189072,0.46523089081425534
-0.714203,0.397678,0.502107,0.464551,50.05,70.0,0.5167140471725453,0.4484029210916427
-0.230149,-0.112389,-0.114407,-0.020395,50.05,70.0,-0.11644296707778827,-0.0035789783709807566
-0.924297,-0.668073,-0.59432,-0.769278,50.05,70.0,-0.5813624105417041,-0.788989720195318
-0.303024,-0.932181,-0.464218,-0.105839,50.05,70.0,-0.47431477235577973,-0.11947607216083793
0.82608,-0.080438,0.380496,-0.001293,50.05,70.0,0.3803667009007068,-0.007805707889915023
0.084174,0.706724,-16.718686,-15.990432,50.05,70.0,-16.69893654760321,-15.997124828288504
-0.084754,-0.460118,0.73621,-0.110638,50.05,70.0,0.7257019176382575,-0.12779775105611316
0.799339,0.484281,-0.474439,0.075518,50.05,70.0,-0.4670653737472665,0.06115140292178015
-0.684045,-0.736424,0.494429,-0.337647,50.05,70.0,0.4745667599800758,-0.35333029091354823
0.92894,0.700716,0.895654,0.637048,50.05,70.0,0.8947813302192623,0.6324082781790693
0.925875,-0.82619,0.868552,-0.777464,50.05,70.0,0.882122125892418,-0.7846893899070121
0.22396,0.100176,0.18102,-0.045013,50.05,70.0,0.17655660553445301,-0.032660861313407806
-0.333992,0.604261,-6.239934,18.674205,50.05,70.0,-6.2553073403636015,18.693739150886195
-0.190734,0.329991,-1.695985,7.37497,50.05,70.0,-1.7106659340130401,7.363252759049374
0.156396,0.542286,0.08261,0.096667,50.05,70.0,0.09190469460243791,0.11498501600992528
0.194588,0.438599,-14.068026,-4.698666,50.05,70.0,-14.048073061579467,-4.691888804509626
-0.461513,-0.64466,-1.320241,0.308392,50.05,70.0,-1.3002493147612393,0.3273891298965138
-0.801631,0.994846,-0.552409,0.344779,50.05,70.0,-0.5326429345647014,0.32620235349793625
0.372298,-0.789469,-0.902519,-0.478257,50.05,70.0,-0.916156276689362,-0.4822263482728195
-0.607359,0.119379,0.551433,0.190291,50.05,70.0,0.5677182198475118,0.1717507353843063
0.410325,0.330127,4.007027,-1.058319,50.05,70.0,4.0237649501294115,-1.050803790534031
0.444685,-0.176141,0.25821,-0.041165,50.05,70.0,0.2541225036830213,-0.03564276308676692
-0.410098,-0.518529,-0.559742,-0.110463,50.05,70.0,-0.5702351884167559,-0.1292987884419764
-0.911104,-0.919843,0.79271,-0.97134,50.05,70.0,0.8125021044691618,-0.984955775913441
0.197347,0.818493,-0.222563,0.092788,50.05,70.0,-0.21361349802320778,0.10163076732947476
0.414029,0.588832,-0.690244,0.230135,50.05,70.0,-0.671983210773537,0.21108605630093125
0.497062,0.117077,-0.441922,0.193612,50.05,70.0,-0.4254462503866707,0.1816871305268373
-0.279848,0.592947,-0.154433,0.512472,50.05,70.0,-0.1434853616220136,0.5268000371098587
-0.335537,0.625786,-3.708848,0.226695,50.05,70.0,-3.6907302126287664,0.24577004071774583
-0.410883,0.292552,-0.908423,0.125729,50.05,70.0,-0.8966620131967725,0.12233995252785315
0.923695,0.547247,0.727943,0.468806,50.05,70.0,0.7422561169240295,0.4512363758109922
-0.418469,0.797679,0.781758,0.292635,50.05,70.0,0.8016422882493965,0.27823782253124657
0.582821,-0.527967,0.686129,-0.423997,50.05,70.0,0.669070033768409,-0.4431672885770125
0.464842,0.606926,0.597559,0.549964,50.05,70.0,0.6051955472059335,0.5302000713013033
0.598841,0.726982,0.461826,0.338607,50.05,70.0,0.48167676303518886,0.3251458710775571
0.388418,0.134171,-3.908636,0.181793,50.05,70.0,-3.892858638198308,0.19717168189218445
-0.985823,-0.720209,0.534272,-0.623355,50.05,70.0,0.5337756978785957,-0.641184257968939
-0.545111,0.316694,-0.498795,0.270577,50.05,70.0,-0.4792679773867453,0.2546265339653778
0.67511,0.577183,-0.606301,0.435904,50.05,70.0,-0.5898934296774228,0.416025070566476
0.712577,0.282737,-0.637994,0.315687,50.05,70.0,-0.6179945834904461,0.29571039911237906
-0.0423,-0.94185,-0.721892,-2.97845,50.05,70.0,-0.7364562924276943,-2.9963006421901146
0.322291,0.744766,0.276972,-0.043795,50.05,70.0,0.27262741572536553,-0.04009766395381958
-0.718283,-0.180085,0.887804,0.225944,50.05,70.0,0.9058898537836242,0.22054446315822815
-0.681899,-0.67638,0.526747,-0.215246,50.05,70.0,0.5091435072884091,-0.23272176697647615
0.077037,0.756361,-15.488007,-16.279046,50.05,70.0,-15.482361226193655,-16.288121819644182
0.160613,-0.58321,2.324263,-0.680478,50.05,70.0,2.3294200203533904,-0.6687640439431035
-0.011278,0.451652,1.07838,0.737557,50.05,70.0,1.06799125340593,0.7501252546210742
0.922168,0.869931,0.776856,0.611043,50.05,70.0,0.7785814056323045,0.5963099230166797
0.935471,0.453038,-6.351092,-5.384717,50.05,70.0,-6.370609741888796,-5.3658587970675065
0.207197,0.36029,-1.145367,-1.998628,50.05,70.0,-1.134601953506237,-1.9816442373931917
-0.598724,-0.757163,-0.354656,-0.426858,50.05,70.0,-0.3715638830622844,-0.4308800576126469
0.35748,0.169372,-1.769189,0.879218,50.05,70.0,-1.788196862626904,0.8624759670883863
0.637526,0.906193,-0.5613,0.533619,50.05,70.0,-0.5521799618832598,0.514731403121297
0.382718,0.342761,-0.356887,0.191435,50.05,70.0,-0.34053563784665625,0.18719465506241348
0.785478,-0.464798,0.616331,-0.54693,50.05,70.0,0.6084149297335015,-0.5668940855307142
0.142402,-0.644853,-4.645701,16.390505,50.05,70.0,-4.640344863097866,16.383959092046652
-0.051014,0.609813,-2.093936,-0.012857,50.05,70.0,-2.0952208146439646,-0.022896733051762333
-0.867792,-0.985842,0.412657,-0.034045,50.05,70.0,0.40926891797289494,-0.04350140533278163
0.959943,-0.231437,6.225548,-2.162928,50.05,70.0,6.245221519966263,-2.143752782726826
0.238386,0.561519,-1.869296,-0.15977,50.05,70.0,-1.8836270880801742,-0.17970872560690782
-0.554276,0.28855,0.527143,0.30035,50.05,70.0,0.5470953449845997,0.28285500955837806
-0.336639,0.114451,-0.06153,-0.00443,50.05,70.0,-0.06197296377659403,0.01463095654783321
-0.427364,-0.70698,-0.295318,0.087714,50.05,70.0,-0.2868250952974638,0.08959534088787849
-0.218137,-0.226577,0.152396,-0.126483,50.05,70.0,0.1405741115106707,-0.11201358947304438
-0.07185,0.425088,-1.37202,0.056368,50.05,70.0,-1.3664575295648385,0.07313098976456517
0.453519,0.289536,-0.085011,-0.027502,50.05,70.0,-0.08775254093542248,-0.009281678921337935
0.223333,-0.448861,1.361828,-2.0462,50.05,70.0,1.3762615422734348,-2.028903099142122
-0.014025,0.280159,1.122174,0.694907,50.05,70.0,1.1156374958802522,0.7105546358591277
0.634848,-0.105041,-2.659913,-0.153892,50.05,70.0,-2.673827949307762,-0.1390311926946463
0.572491,-0.143196,0.139365,-0.05679,50.05,70.0,0.13376200696485743,-0.04145232560070798
-0.695443,-0.318085,-0.126792,0.061697,50.05,70.0,-0.12071968996904102,0.07781076331188903
-0.060865,-0.958875,-11.325039,10.099359,50.05,70.0,-11.32045389389244,10.119300464398224
0.181121,0.100266,0.121928,0.050297,50.05,70.0,0.12690485041762578,0.0666940839402694
-0.822328,-0.871959,-0.78361,-0.805338,50.05,70.0,-0.7681304673615472,-0.8196060109408368
0.977248,0.602972,-0.728235,0.417985,50.05,70.0,-0.7108699640965565,0.40042934561717114
0.148302,0.509125,-0.352413,-0.035857,50.05,70.0,-0.35597952158966445,-0.03965909170231038
0.86221,-0.841338,0.572983,-0.319297,50.05,70.0,0.5529895987164196,-0.3385363656353087
-0.360725,-0.711809,0.310071,-0.217614,50.05,70.0,0.29235634666104454,-0.21720520193472148
0.624637,0.267111,0.164746,-0.04007,50.05,70.0,0.16076575316156388,-0.026480214123313417
-0.671101,0.813679,-0.618883,0.693434,50.05,70.0,-0.6252801171070842,0.6734562531820566
-0.49255,-0.288278,-0.495602,-0.234096,50.05,70.0,-0.5140207552893389,-0.24985181161950604
0.913859,-0.765206,-0.866273,-0.783752,50.05,70.0,-0.8522477434284252,-0.7911894241831181
-0.822372,0.402035,0.841991,0.395914,50.05,70.0,0.8603431791675027,0.3862827972976691
-0.994132,-0.369136,12.299726,19.092951,50.05,70.0,12.318487113375603,19.097657894784803
-0.072536,0.889114,-0.465737,0.298746,50.05,70.0,-0.4457963627978096,0.28499820909892254
-0.667751,-0.888116,0.637754,-0.754855,50.05,70.0,0.6495802009117538,-0.7748327471076752
-0.567321,-0.9636,-0.94656,-0.705645,50.05,70.0,-0.9390185701635725,-0.7052368079518674
0.772838,-0.919606,0.768758,-0.846548,50.05,70.0,0.7865011392335816,-0.8618164954509242
0.188561,-0.855687,11.038419,-6.394881,50.05,70.0,11.027821070910294,-6.390629223947098
0.460189,0.396609,0.501726,0.126364,50.05,70.0,0.5135382878290848,0.1102384293424084
-0.194875,0.733329,-3.27926,0.212141,50.05,70.0,-3.2618060015931416,0.19669492640816036
-0.936917,-0.767391,0.7924,-0.376039,50.05,70.0,0.7733496632474448,-0.38967746642131834
0.452547,-0.038071,1.000522,-0.233282,50.05,70.0,0.9821351195431688,-0.2275587198237697
0.143575,-0.940184,-23.77545,15.858291,50.05,70.0,-23.789106736675695,15.875811194956603
0.321252,-0.713547,-0.914228,0.438114,50.05,70.0,-0.8979478012071593,0.43529840468323405
-0.588445,0.005274,-1.502789,0.038117,50.05,70.0,-1.4990003332978967,0.0447874325753478
0.634219,-0.683945,-0.741879,-0.622034,50.05,70.0,-0.7425073496562383,-0.638895697309217
0.944258,0.142793,16.491068,1.59236,50.05,70.0,16.51095186456916,1.6066633723506607
-0.078764,0.207105,-0.004258,-0.072363,50.05,70.0,-0.011337446096846154,-0.05236753246979563
0.806975,0.833387,-0.740976,0.803987,50.05,70.0,-0.7563696328915479,0.7870769131374294
0.74333,-0.851503,-0.71986,-0.856618,50.05,70.0,-0.7016748447817066,-0.874559359218267
0.790228,-0.630103,0.358786,-0.022256,50.05,70.0,0.3565649905127045,-0.026681733805342916
-0.132877,0.744632,13.103954,-3.379552,50.05,70.0,13.122519868030613,-3.397528844183061
-0.973498,0.417035,0.40631,0.048719,50.05,70.0,0.41113386085778697,0.039826533768541825
-0.889121,0.536205,0.121265,-0.066268,50.05,70.0,0.1147587913233994,-0.0498330446780134
0.000973,0.353066,-0.129415,0.823072,50.05,70.0,-0.14595519067414536,0.8390290112153378
-0.027817,0.475436,4.352744,0.685058,50.05,70.0,4.347145857871938,0.6655730119523161
0.653602,-0.91447,-0.059273,0.152947,50.05,70.0,-0.045426083841515745,0.17207508782360276
0.497526,-0.074178,-0.838413,0.005984,50.05,70.0,-0.837814689277922,-0.003959225363068104
-0.714804,0.291957,-0.386628,-0.071708,50.05,70.0,-0.393646148978883,-0.07879733400178468
0.916289,0.07138,-0.894373,0.01529,50.05,70.0,-0.8928454889643502,0.010525768883634054
-0.320642,0.964291,7.70206,2.339353,50.05,70.0,7.686778508654817,2.353125747592918
0.837221,-0.822422,-0.739432,-0.715421,50.05,70.0,-0.730994500447057,-0.7324130268822463
-0.450929,-0.77151,0.632588,-0.618484,50.05,70.0,0.6316049432036621,-0.6384794430810689
-0.770781,-0.515814,0.625387,-0.596869,50.05,70.0,0.6222549916974924,-0.6168668515703781
0.718977,-0.153632,0.256375,-0.050993,50.05,70.0,0.2513307691947093,-0.04529463146090022
-0.092659,0.682646,18.497197,-20.476922,50.05,70.0,18.477991714615285,-20.480718782335583
-0.761687,0.332881,-0.197469,-0.04307,50.05,70.0,-0.20174278713928487,-0.032051848538321805
0.722977,-0.924165,0.795274,-0.883815,50.05,70.0,0.8144198195049348,-0.8972418543670245
-0.444899,0.584151,5.237294,0.02769,50.05,70.0,5.240054162256771,0.03757666347060248
-0.173148,-0.100146,-0.107333,-0.034445,50.05,70.0,-0.11076049709169934,-0.017256628961850026
0.846556,0.06856,11.9476,0.9343,50.05,70.0,11.9276167167579,0.9143227863485696
0.294495,-0.415551,0.108924,2.229994,50.05,70.0,0.08916190719300228,2.2471004845582
-0.164483,-0.467255,-8.452535,2.582988,50.05,70.0,-8.445703928461496,2.5800224592415004
0.851417,-0.230562,2.274578,-0.95442,50.05,70.0,2.2945423565335386,-0.947051473336808
0.941724,-0.448199,-0.101112,0.074639,50.05,70.0,-0.09382015265843718,0.09213706810092853
-0.88031,0.622194,-0.820063,0.229559,50.05,70.0,-0.8018257798551279,0.21806767678541814
-0.78985,0.986132,0.477705,0.094908,50.05,70.0,0.48684358648310055,0.08031611204423039
-0.083239,-0.994318,0.009388,-0.522398,50.05,70.0,-0.0007158093602768565,-0.5024200295906212
0.505137,-0.160516,-0.39524,-0.22546,50.05,70.0,-0.41330513825433285,-0.23334779490536206
0.213114,-0.192039,-5.407254,-0.330017,50.05,70.0,-5.427191165991544,-0.3365495364734224
0.401537,0.637007,-0.351181,-1.524174,50.05,70.0,-0.3706400459979551,-1.527855067025488
0.169398,-0.933244,1.153365,-0.819825,50.05,70.0,1.1697204765385738,-0.802432561627937
0.964646,0.801009,0.678987,0.623089,50.05,70.0,0.6795098934833489,0.6037273979695109
0.550596,-0.128153,-0.259318,0.205707,50.05,70.0,-0.2421871228025518,0.21112266000838
0.132817,0.257334,0.100827,-0.146408,50.05,70.0,0.08745923195783507,-0.12889614719207593
-0.988321,-0.718932,0.51799,-0.584233,50.05,70.0,0.5136170610168024,-0.6012662955640976
0.906998,-0.079854,-7.729312,1.300012,50.05,70.0,-7.725008428340838,1.3116871380401038
-0.114332,0.423386,-1.476933,-1.838648,50.05,70.0,-1.4815224942808525,-1.8296024617559514
-0.158607,0.288299,-1.041477,1.503413,50.05,70.0,-1.022601431095614,1.5129135629730643
-0.561078,-0.037455,0.240846,-0.084184,50.05,70.0,0.23267399355596113,-0.07701576001820949
0.487875,-0.288689,-0.262171,-0.06486,50.05,70.0,-0.26854390704344067,-0.0597195229949543
0.010125,0.173419,0.736469,-0.562627,50.05,70.0,0.7300173296292207,-0.5797734326058064
0.655656,-0.383136,0.354679,-0.034065,50.05,70.0,0.3512889468964868,-0.03808931059733549
0.63254,-0.894906,-0.655473,-0.867021,50.05,70.0,-0.6368796272731716,-0.8868369417065124
-0.693034,0.175987,1.509371,-0.056141,50.05,70.0,1.5038303375217168,-0.05009458044064901
-0.178896,-0.70794,2.150262,0.477631,50.05,70.0,2.163945000406396,0.47279414965771893
-0.3519,-0.378398,-0.599636,0.179399,50.05,70.0,-0.5840068912448808,0.15960431962595104
0.269448,0.606833,-0.866255,-0.660581,50.05,70.0,-0.8630427269353873,-0.6680200950647945
-0.961251,0.247369,-0.002876,1.866158,50.05,70.0,-0.0009990071121623696,1.8861559321916328
-0.465298,-0.265826,0.463543,-0.157309,50.05,70.0,0.44938465496116187,-0.17089661910282605
0.258606,0.393507,0.252675,-0.532071,50.05,70.0,0.24341746771923922,-0.5260189626429106
-0.324818,0.781763,0.510931,-0.16996,50.05,70.0,0.4959080321302723,-0.18661281100709995
-0.911836,0.764692,0.619952,0.292372,50.05,70.0,0.6398334460778105,0.27238949715721406
0.175454,0.861962,-2.926919,32.920296,50.05,70.0,-2.908012028401893,32.910752662705704
0.987536,-0.477219,0.933697,-0.564309,50.05,70.0,0.9274047641053167,-0.5651867975430993
-0.613116,-0.632373,-0.105419,0.097463,50.05,70.0,-0.09605389738261265,0.11474844004365493
-0.294206,-0.721128,1.855088,1.522188,50.05,70.0,1.8745002095680245,1.5024106040970422
0.009111,-0.874323,-0.043608,0.091315,50.05,70.0,-0.034790469414603384,0.11084146609229524
-0.74214,0.857425,0.551154,0.299981,50.05,70.0,0.5711037652413742,0.28145121671947065
0.734579,0.066804,5.816897,0.537417,50.05,70.0,5.825677400099343,0.5236292205505352
0.773102,-0.477014,0.564703,-0.573088,50.05,70.0,0.5592498780164118,-0.5920847673939874
0.824774,-0.028175,-5.542052,0.023987,50.05,70.0,-5.539659046510505,0.007085318075741458
0.455675,0.522322,0.488237,0.196519,50.05,70.0,0.5048758009217013,0.1812274098782468
0.673489,-0.672544,-0.728291,-0.590328,50.05,70.0,-0.73206724800779,-0.6078809709644429
0.546425,-0.238397,0.467241,-0.251326,50.05,70.0,0.44821991331664524,-0.265182635007274
-0.733229,0.615204,0.667605,0.517348,50.05,70.0,0.6781413612940925,0.4977326175504557
-0.269319,-0.447256,0.150044,0.026869,50.05,70.0,0.15272282483621033,0.0414997778128191
0.97236,0.462816,0.849241,0.494906,50.05,70.0,0.8616146191131597,0.4859163849180434
0.548101,-0.073751,0.283586,-0.098777,50.05,70.0,0.27410499617845596,-0.09573156688502338
0.463432,0.909713,-1.210264,0.571359,50.05,70.0,-1.2046447347709934,0.5908237890653556
-0.460668,-0.448722,-0.558207,-0.225579,50.05,70.0,-0.5762772413482126,-0.24436262697204264
0.330771,-0.735438,-6.924477,1.445852,50.05,70.0,-6.9082544808142865,1.4258940609827417
-0.499411,0.391783,0.057325,-0.078443,50.05,70.0,0.04968027691258071,-0.05925892990105751
0.702354,0.466946,0.52244,0.357693,50.05,70.0,0.5419680712279212,0.3404307210955153
-0.034336,0.908818,0.245533,-0.454894,50.05,70.0,0.23028359227498904,-0.4481652494938403
0.500916,0.902134,1.23274,0.710815,50.05,70.0,1.2247223058178969,0.7306724023872586
0.170541,0.284171,-0.078672,0.117967,50.05,70.0,-0.06754752179744221,0.13643952816528734
0.057298,-0.998501,-0.371357,0.267754,50.05,70.0,-0.35189295121159253,0.2621118778901893
0.19003,-0.159705,0.272038,-0.347249,50.05,70.0,0.2523111087911549,-0.34306794264317364
-0.15393,0.90111,1.214202,1.180311,50.05,70.0,1.2067533203113963,1.1998625027352734
0.958007,-0.773293,-0.367026,-0.025138,50.05,70.0,-0.3695331864008495,-0.030363322861229815
-0.727806,-0.23364,0.492307,0.044558,50.05,70.0,0.4967260304814417,0.029007270694328492
-0.79521,0.901804,-0.515379,0.326508,50.05,70.0,-0.4954171107021077,0.30961299114265023
0.62163,-0.270698,-0.244241,-0.083624,50.05,70.0,-0.2523618625253784,-0.07677372235251079
0.372651,-0.859335,-0.399602,-0.109158,50.05,70.0,-0.40998386958443217,-0.11744473023741578
-0.846829,-0.66073,0.857455,-0.583242,50.05,70.0,0.8529854129149402,-0.5914904923922023
-0.880915,0.459121,-0.856491,0.427222,50.05,70.0,-0.8396025877343775,0.41888578416096706
0.447676,0.0941,0.502957,0.069048,50.05,70.0,0.5097254505122837,0.05284991716120877
-0.46775,0.519731,-0.417386,0.564037,50.05,70.0,-0.4110679511367263,0.5541665768028381
-0.887535,-0.793704,0.798849,-0.547931,50.05,70.0,0.7910249538540463,-0.5610907634173135
0.21546,-0.767173,1.237838,1.058764,50.05,70.0,1.2211244487856299,1.0786757138525496
0.117041,-0.888755,-0.284234,0.490501,50.05,70.0,-0.27151733452265386,0.4934823728958249
0.689954,0.059185,-4.149188,0.693699,50.05,70.0,-4.155610219339011,0.6873016857206887
0.728222,-0.767488,0.10702,0.133373,50.05,70.0,0.11939051317093276,0.1505773528173911
0.829937,0.758465,0.806291,0.713111,50.05,70.0,0.7980634956535329,0.7005206202534856
-0.485455,0.962564,1.731617,1.304174,50.05,70.0,1.7363260609105953,1.2897698222751164
-0.179011,-0.645812,-26.294737,17.163192,50.05,70.0,-26.31148991072368,17.180994230997122
-0.160546,-0.301016,-0.347784,0.563856,50.05,70.0,-0.34144878059703604,0.5605093445353299
0.827582,-0.823288,-0.759836,-0.774817,50.05,70.0,-0.7464615041079726,-0.7906463833881087
0.99254,-0.375962,23.725794,9.360333,50.05,70.0,23.732127552859417,9.374945617583974
-0.800112,0.509717,-0.338017,-0.023955,50.05,70.0,-0.3404067764463504,-0.026335119313544993
0.820028,0.211104,-1.24781,-0.197195,50.05,70.0,-1.264486214716245,-0.17721447609159274
0.026127,-0.885657,13.085533,-17.724772,50.05,70.0,13.073282268099433,-17.741866445760888
0.75702,-0.763838,0.597329,-0.447065,50.05,70.0,0.5815848493157083,-0.46682539221329183
0.169983,0.905269,7.949349,2.345396,50.05,70.0,7.934464275210555,2.3362165769118683
0.855045,0.740329,0.848621,0.733193,50.05,70.0,0.8386076043539004,0.7241480442208582
0.714137,0.500463,-0.327108,0.079701,50.05,70.0,-0.3193471815708847,0.07840703097582878
-0.711968,-0.049712,-0.498721,0.073232,50.05,70.0,-0.4915603472471722,0.057285999389341785
0.489524,-0.565748,0.436163,-0.704314,50.05,70.0,0.443580988634602,-0.7157716553091231
-0.5229,-0.385246,-0.3738,-0.188922,50.05,70.0,-0.3900053686486499,-0.19479807268520014
-0.831838,-0.701947,0.406981,-0.137338,50.05,70.0,0.39430138248811003,-0.1462905187262418
0.372393,0.80279,-0.007707,-26.832419,50.05,70.0,-0.023696120069466628,-26.81243384762479
0.492563,0.510969,0.658865,0.280788,50.05,70.0,0.6785872349989011,0.26102081858481774
-0.137636,0.759044,-0.11752,0.146466,50.05,70.0,-0.10414791840786587,0.16311147102330584
-0.746775,0.956938,0.946661,0.82209,50.05,70.0,0.9301762153313703,0.8225082898918478
-0.741181,0.976646,0.995802,0.874965,50.05,70.0,0.9769307150283845,0.8802344671445775
0.48919,-0.189182,-0.13425,0.036362,50.05,70.0,-0.1306337992744373,0.052022896424772015
0.419412,-0.943771,2.429613,-4.276884,50.05,70.0,2.4182093403500464,-4.258608429345489
0.040772,-0.748442,-0.211815,-0.272941,50.05,70.0,-0.23139176486479066,-0.2631474239715789
0.941995,0.116969,2.685921,0.327018,50.05,70.0,2.7058796774732965,0.34001765809362783
-0.09926,-0.259738,-1.212638,-3.601465,50.05,70.0,-1.1977153935423506,-3.5819470305313543
0.584001,-0.687682,-0.265033,-0.068027,50.05,70.0,-0.2717052872196275,-0.06316362499804785
0.123902,0.412588,-0.654172,-0.01853,50.05,70.0,-0.6560223501053114,-0.03836313209000641
0.367675,-0.491213,0.195188,-0.007806,50.05,70.0,0.19440759817155634,0.0034017953193003136
0.187474,0.870773,-4.462309,-1.225791,50.05,70.0,-4.4592366082348995,-1.2447732128297984
-0.912137,-0.290814,11.323284,1.668139,50.05,70.0,11.340961497307992,1.6880931139028639
0.288901,-0.440753,-0.115847,-0.095446,50.05,70.0,-0.1250334086231164,-0.07870836713146948
0.265619,0.263637,-0.127736,0.101122,50.05,70.0,-0.11804917586584238,0.11717966713704493
0.948802,0.521426,0.479673,0.396396,50.05,70.0,0.49800596714530326,0.381670233037527
-0.388985,0.331151,2.219894,0.096866,50.05,70.0,2.2292063104527333,0.09894017798757354
-0.344565,0.890706,-10.161601,-18.832706,50.05,70.0,-10.159918000483511,-18.815577819521533
0.096992,0.144381,-0.051471,0.420813,50.05,70.0,-0.03424799918075146,0.44015433149918315
0.603207,0.095954,-0.318785,0.110882,50.05,70.0,-0.3082561646548369,0.11041946777595796
0.695615,-0.790854,0.556159,-0.472372,50.05,70.0,0.5420972133222562,-0.49108431066336444
0.119805,-0.435106,-0.101175,0.15763,50.05,70.0,-0.08699400112530585,0.17512501615884457
-0.822388,0.117234,0.87725,-0.054316,50.05,70.0,0.8718849227772517,-0.06072375868193429
0.345758,-0.846811,-0.280665,-0.429993,50.05,70.0,-0.2974033589560837,-0.42665920821920184
-0.350837,-0.510656,4.965254,0.005024,50.05,70.0,4.965756347164728,0.024092082409529786
-0.592541,-0.8417,-0.587193,-0.798717,50.05,70.0,-0.5721411234352091,-0.8182956604403833
-0.454368,-0.559809,-0.385714,-0.243476,50.05,70.0,-0.4044779156463763,-0.2504797949958361
-0.701646,-0.560205,0.652122,-0.544229,50.05,70.0,0.6439586168053694,-0.5640875158426637
0.626781,0.315367,-0.483888,0.226899,50.05,70.0,-0.4657615823612581,0.21189130876892417
0.381087,0.92771,-0.815377,1.307107,50.05,70.0,-0.8103834015848955,1.29523533641301
0.015089,-0.392757,1.613998,-1.740372,50.05,70.0,1.6007664879735914,-1.744658649389429
0.926087,0.737078,-0.409144,0.21101,50.05,70.0,-0.39174550224002364,0.20186458862032644
0.063524,-0.352681,-1.248105,-0.970012,50.05,70.0,-1.2282942339288598,-0.9500301962582185
0.484572,0.199782,-0.425275,0.174465,50.05,70.0,-0.4099584781687948,0.16391629946878356
-0.262791,-0.726693,3.050026,-0.652186,50.05,70.0,3.0524070858569425,-0.6701262462000955
0.473339,-0.597101,-0.222253,0.104003,50.05,70.0,-0.21231513689848935,0.11287356204854646
0.523181,-0.90054,-0.780664,-0.363501,50.05,70.0,-0.8000584291898538,-0.3779738984798387
0.618526,-0.432229,-0.569941,-0.374978,50.05,70.0,-0.5890233744904618,-0.3941320477972992
-0.465429,-0.457335,0.36455,-0.226131,50.05,70.0,0.3464561708494935,-0.23111692848272697
-0.426679,0.813607,-1.068756,0.069183,50.05,70.0,-1.0619748476081314,0.08098836339430175
0.299841,-0.568988,2.578038,0.713023,50.05,70.0,2.5698185173512753,0.731983540928466
-0.987355,-0.480562,-0.82519,-0.36776,50.05,70.0,-0.8444760291731781,-0.37882797011089053
-0.807104,0.999585,-0.721519,0.656124,50.05,70.0,-0.7242905982328998,0.6382565671662755
0.021587,0.805051,0.688528,-1.660731,50.05,70.0,0.6705162174232584,-1.6798315290636774
0.492044,-0.22473,-0.168441,0.025511,50.05,70.0,-0.16589681222545657,0.038827385329649605
0.961692,-0.834326,0.962929,-0.631323,50.05,70.0,0.9632294356279774,-0.6292814418080067
-0.520226,0.559745,-0.733736,0.41107,50.05,70.0,-0.7160383411546509,0.3937844829579484
-0.35745,0.340563,0.679014,-0.11302,50.05,70.0,0.6683039945561199,-0.1323809251233254
-0.161402,-0.68582,0.157823,-0.224252,50.05,70.0,0.13981002625172154,-0.21016252594836687
-0.574722,0.63936,0.477018,0.100402,50.05,70.0,0.4866417701980524,0.08585718060228975
-0.280734,-0.296188,-2.07526,0.152554,50.05,70.0,-2.061441468094366,0.14094511268263152
-0.03291,0.881472,6.043116,-39.773036,50.05,70.0,6.059324097179242,-39.76579530504551
0.901342,0.851548,0.878202,0.846247,50.05,70.0,0.8604727710361121,0.8399294952372905
-0.039069,-0.636067,9.830301,27.718546,50.05,70.0,9.837396123024346,27.727367908108633
-0.37951,-0.42227,0.23253,0.176282,50.05,70.0,0.24796272991123508,0.18422017203662971
0.90741,0.84775,0.870498,0.84367,50.05,70.0,0.852889503637013,0.8366264062491864
0.137296,-0.45841,-0.537072,1.329716,50.05,70.0,-0.5299256408278793,1.3117616271781485
-0.490534,-0.398299,0.212865,0.054014,50.05,70.0,0.21820097799996058,0.06371589167680218
-0.209789,0.069122,-0.110534,0.032802,50.05,70.0,-0.1072684860702728,0.0498245182007437
-0.261613,-0.923505,-27.373488,-1.493261,50.05,70.0,-27.392003797591347,-1.4891278090150193
0.643282,-0.360666,-0.544397,-0.26049,50.05,70.0,-0.5636812133002824,-0.27875497706759383
0.290389,0.564559,-4.419207,0.296972,50.05,70.0,-4.399280805084652,0.2770819108035598
0.551039,-0.687107,0.764638,-0.516346,50.05,70.0,0.7540166034907387,-0.5318773465380828
-0.210501,0.107096,0.004003,0.077414,50.05,70.0,0.01155253607033345,0.09740999413148199
-0.036993,0.256313,-0.828181,0.935785,50.05,70.0,-0.84816980266516,0.9249673836275948
-0.143253,0.341725,7.492008,1.093442,50.05,70.0,7.477440116305063,1.1128731636353355
-0.622934,0.349977,-0.47247,0.196038,50.05,70.0,-0.45585793620430515,0.18180908079551478
0.067295,-0.975494,-1.040374,-0.280023,50.05,70.0,-1.0600833853938711,-0.2706196417726802
0.865328,-0.439193,0.167004,0.067808,50.05,70.0,0.17365563788260166,0.08123125713190746
0.475113,-0.783784,0.060978,0.131641,50.05,70.0,0.0732119565788148,0.1507185995809232
0.944142,0.188721,-0.093586,-0.443598,50.05,70.0,-0.10954158024762303,-0.4257479229600646
-0.170632,0.18147,10.708679,-9.002413,50.05,70.0,10.691535410984782,-9.022227456477216
-0.040663,0.575085,7.803657,-1.764638,50.05,70.0,7.792337952769686,-1.7596584731579852
-0.548394,-0.85719,1.369756,0.311621,50.05,70.0,1.3897543893238613,0.3285064008630399
-0.79455,0.001881,-3.071859,0.042765,50.05,70.0,-3.0676150133194926,0.023968429445612574
-0.385749,0.712928,-0.420031,-1.117441,50.05,70.0,-0.4072082387947429,-1.1275405979197337
0.185557,0.651349,0.055094,0.173754,50.05,70.0,0.07036470444791676,0.1929999492854541
-0.784534,0.342091,0.62592,0.109535,50.05,70.0,0.636334073969554,0.0895364382201636
-0.483899,-0.882852,0.685868,-0.893839,50.05,70.0,0.7052794760812707,-0.9130167118999176
-0.095554,0.022587,0.07955,0.002887,50.05,70.0,0.07983868997407191,0.02132569706198272
-0.382577,0.022399,0.30905,0.090388,50.05,70.0,0.3177842316375231,0.0908988709646737
0.46025,-0.584414,0.31132,-0.097463,50.05,70.0,0.3019548973826126,-0.09717908300089456
-0.237934,-0.964932,4.248093,-0.93272,50.05,70.0,4.268069201075336,-0.9473444549331432
0.392959,0.461385,0.245759,0.105258,50.05,70.0,0.25580557710429347,0.11196546366390496
0.500689,-0.923129,-9.016233,0.876988,50.05,70.0,-9.035170318089493,0.8860800962230051
0.971982,0.093263,5.29531,-0.217516,50.05,70.0,5.277599897905311,-0.21301513244838105
-0.533082,0.489938,-0.447925,0.150352,50.05,70.0,-0.43426649047908245,0.1379506510014302
0.384366,0.031407,0.060326,-0.01026,50.05,70.0,0.059300449959778186,0.008837070445711479
-0.146135,-0.085985,-0.238966,0.152541,50.05,70.0,-0.2251484079259527,0.15988443064767363
0.85003,0.450301,0.704665,0.445355,50.05,70.0,0.7205140276115325,0.4267945864063576
0.209684,0.158002,-0.079796,0.084181,50.05,70.0,-0.07162426737090477,0.10261015443014554
-0.467384,0.67229,-8.722224,0.039867,50.05,70.0,-8.71826364914719,0.058505020481015135
-0.823066,0.729444,-0.82168,0.729294,50.05,70.0,-0.8313540018678813,0.7179353956007372
-0.239031,0.606708,-0.972227,-1.791668,50.05,70.0,-0.9812211523548008,-1.7887040376846275
0.940108,0.389479,0.084317,-0.043576,50.05,70.0,0.07999379536734783,-0.025327170133547475
-0.032445,0.701299,-0.121395,-0.06691,50.05,70.0,-0.12796188303922068,-0.05048245621747134
0.723894,0.487693,-0.514461,0.414353,50.05,70.0,-0.496918645128802,0.3975072966704702
0.661344,-0.792065,-0.269683,0.077582,50.05,70.0,-0.26211790947509694,0.08199305865741364
-0.243062,0.864645,0.643056,-0.327822,50.05,70.0,0.6231026494334325,-0.34776772631451025
0.093375,-0.638208,-3.856112,-3.379697,50.05,70.0,-3.837540745044904,-3.361526065588924
-0.370024,-0.988657,-1.684351,0.926573,50.05,70.0,-1.7042877926865616,0.9158178778550293
-0.350553,0.260784,-0.147691,-0.094537,50.05,70.0,-0.1567965702175595,-0.07974681096465368
0.998454,-0.98976,0.942858,-1.014443,50.05,70.0,0.9615771619663966,-1.0144049796305938
-0.897639,-0.620313,-1.94064,-0.315322,50.05,70.0,-1.9606396620129904,-0.3345518064001398
0.393809,0.754605,0.744671,0.272885,50.05,70.0,0.7642466181385182,0.2561750891314445
0.647797,-0.479257,-0.139629,0.083642,50.05,70.0,-0.13150649257046473,0.09896271788977594
-0.878588,-0.428724,0.763661,-0.311932,50.05,70.0,0.7436622401649279,-0.3275247153282274
0.439317,-0.397916,-0.418308,-0.063972,50.05,70.0,-0.42459667329150536,-0.07392250748510636
0.228135,0.264422,1.259974,0.912808,50.05,70.0,1.2401936708903274,0.9328052162748333
0.142793,-0.076886,0.04913,-0.052876,50.05,70.0,0.04390378279003294,-0.03347641083137756
-0.223826,0.152253,0.166843,0.007305,50.05,70.0,0.1675733375871266,0.020740187871271198
0.909419,0.607467,-0.44558,0.257035,50.05,70.0,-0.42639026446453343,0.24481847584246028
-0.301298,0.080936,0.068892,-0.012562,50.05,70.0,0.06763662580870856,0.006263158831891071
0.29743,0.898261,1.189233,-0.828244,50.05,70.0,1.2060583916158174,-0.8093691166400229
-0.929073,-0.933,0.757862,-0.83574,50.05,70.0,0.7750807260276754,-0.8516892630854316
-0.923035,0.542562,-0.851689,0.458296,50.05,70.0,-0.8366619050031293,0.4495257302464494
0.833512,0.831765,-0.663188,0.641861,50.05,70.0,-0.6645412123036667,0.622164200770551
-0.518888,-0.951965,0.023513,0.00227,50.05,70.0,0.023739995126246808,0.02213194382998233
0.323001,0.673358,2.216215,1.612873,50.05,70.0,2.2357740185282493,1.614580931536799
-0.872333,0.69416,-0.790821,0.701081,50.05,70.0,-0.7979377925511448,0.6873274680286515
0.751273,0.63959,-0.63127,0.504724,50.05,70.0,-0.6196823209193095,0.48472617775320775
-0.403285,-0.003657,-1.068918,-0.038576,50.05,70.0,-1.072751725600578,-0.02675756372299571
0.534286,-0.249069,0.416952,-0.185899,50.05,70.0,0.4009256413496201,-0.19573165354090857
-0.095158,0.677067,-0.133493,9.71101,50.05,70.0,-0.1532983341224467,9.726717866903321
-0.53668,0.02607,-0.174494,0.039486,50.05,70.0,-0.17057100187264915,0.05234473379350094
0.156019,0.217938,-0.699985,0.350425,50.05,70.0,-0.6803129009472837,0.33169534013201873
0.87567,-0.621371,0.091039,0.109053,50.05,70.0,0.10141189362061932,0.12701650631899447
0.622582,-0.259403,0.471402,-0.265159,50.05,70.0,0.45199925993701423,-0.27931266397009735
0.221163,-0.912714,-5.059277,-0.844106,50.05,70.0,-5.041647870995333,-0.8243731957636178
0.014161,0.01231,0.001662,-0.007596,50.05,70.0,0.0009025826048479468,0.012403309442973945
0.887903,0.993597,0.539371,0.166035,50.05,70.0,0.554131989261356,0.14798052873173795
-0.610449,0.19131,-0.311437,0.767526,50.05,70.0,-0.32426063665166555,0.767798218130155
-0.655534,0.438888,0.209554,-0.025055,50.05,70.0,0.2070550483394797,-0.015064916742068836
0.398271,-0.255113,-0.030475,0.013406,50.05,70.0,-0.029135403665135465,0.0331742674812591
0.323186,-0.205736,0.152687,-0.068999,50.05,70.0,0.14592316056267396,-0.05454969412033468
0.188369,-0.082719,0.158247,-0.028927,50.05,70.0,0.15536437499124198,-0.01486765014354715
-0.25292,-0.834681,-15.218721,22.283872,50.05,70.0,-15.23860623611016,22.299228189162523
-0.486471,-0.116139,-4.428093,0.843478,50.05,70.0,-4.4456923838837055,0.8237005400179054
0.059703,-0.579906,-9.7225,10.693516,50.05,70.0,-9.723709359585225,10.691874127199508
-0.47843,-0.966497,-2.316032,-0.458741,50.05,70.0,-2.331029692340786,-0.4477039212319482
0.091177,0.415208,0.39074,1.638326,50.05,70.0,0.4096107259516008,1.6308536911886105
0.40739,-0.992779,0.379045,0.226052,50.05,70.0,0.39713546180717013,0.2196766536895845
0.362365,0.276219,6.872003,3.665857,50.05,70.0,6.862060695389735,3.646245812682388
0.412901,-0.367182,-0.433211,-0.164028,50.05,70.0,-0.4478358266706075,-0.1752424591114104
0.766534,-0.865652,-0.528044,-0.39419,50.05,70.0,-0.5464640227992539,-0.41172847300299464
0.995124,-0.949772,0.617676,-0.381067,50.05,70.0,0.5987847624168235,-0.40103869081591714
-0.811967,-0.727808,-0.580499,-0.332992,50.05,70.0,-0.6004103975238703,-0.35242304138977615
-0.275668,0.846867,-11.844546,2.954568,50.05,70.0,-11.828452554584432,2.9367143198395733
-0.698776,-0.329579,-0.499825,-0.460928,50.05,70.0,-0.5146771135035622,-0.4769403929159979
0.769237,0.56182,0.695594,0.478173,50.05,70.0,0.709237419911029,0.45929386830144775
0.511076,-0.350359,0.501924,-0.306442,50.05,70.0,0.48193888719888284,-0.3225792751676179
-0.482429,-0.181766,-0.295428,-0.054876,50.05,70.0,-0.3008470036236099,-0.05300561062063501
-0.947035,-0.818242,-0.925033,-0.787478,50.05,70.0,-0.9107445650500643,-0.789220268442233
-0.189809,-0.119984,0.663371,0.186566,50.05,70.0,0.6794371719750097,0.1668723834325329
-0.56925,0.622427,0.59512,0.433855,50.05,70.0,0.6116438733041983,0.4141299035256397
-0.865897,0.8762,-0.0186,-0.182293,50.05,70.0,-0.03440804059330292,-0.1623794276803017
0.290782,-0.825774,28.592245,11.892281,50.05,70.0,28.596782258672327,11.892656163228443
-0.788438,0.720489,0.074128,-0.134663,50.05,70.0,0.06165638121948589,-0.11602108558390516
-0.745387,0.284246,-0.415498,0.439444,50.05,70.0,-0.399295413787431,0.42973821989470434
-0.68369,-0.777598,0.424074,-0.075388,50.05,70.0,0.41671245953022407,-0.08583447454788443
0.907001,-0.030282,-3.54464,0.270733,50.05,70.0,-3.525109610750451,0.2793320543349004
-0.953982,0.427496,-0.986596,0.031581,50.05,70.0,-0.9834510076531434,0.03595712718936236
0.931328,0.835981,0.853904,0.854046,50.05,70.0,0.8358274007925502,0.845475331533662
0.326408,-0.056856,0.19246,-0.004635,50.05,70.0,0.19199654148836412,0.00679768660333707
0.416991,0.374746,0.578016,0.117711,50.05,70.0,0.5891191946640315,0.09834025846255791
0.354928,-0.724422,-0.143373,-0.072073,50.05,70.0,-0.1504253162428456,-0.056995615955069634
0.638957,0.951366,1.029693,0.77072,50.05,70.0,1.0166259049654671,0.7791677193434821
-0.387712,-0.26891,12.719268,1.286793,50.05,70.0,12.722272180493654,1.3012277516734654
0.42799,-0.763814,-0.395333,0.071277,50.05,70.0,-0.3883552265634118,0.06338065977532767
0.581415,-0.153208,0.318143,-0.109437,50.05,70.0,0.3077372939074735,-0.10983534712194415
-0.973167,-0.022236,1.626595,0.099211,50.05,70.0,1.6361141950745317,0.09370323844690592
0.287808,-0.815111,-0.066555,-0.105821,50.05,70.0,-0.07665021853014842,-0.0869182103455528
0.423506,-0.131546,0.270643,-0.036564,50.05,70.0,0.26700693405789344,-0.03224662779897117
-0.898421,0.239792,-3.672056,0.149308,50.05,70.0,-3.6584739391712175,0.16696146794700606
0.181313,-0.666567,0.595442,-2.276277,50.05,70.0,0.613971873153455,-2.296007391359132
-0.983593,0.753903,3.437268,3.363081,50.05,70.0,3.419376836148783,3.36123523828499
0.850547,-0.858046,0.769946,-0.672965,50.05,70.0,0.7743736583233504,-0.6881564940048458
0.815684,-0.795382,-0.560556,-0.367676,50.05,70.0,-0.5798442518500854,-0.3865389993118667
0.023125,0.65547,-2.242599,-1.051673,50.05,70.0,-2.225506582053352,-1.0473587644038722
0.490903,0.598427,0.193809,0.0241,50.05,70.0,0.19621317193244275,0.035421740782264316
-0.239066,0.023174,-0.201442,0.016172,50.05,70.0,-0.19982656172443058,0.026856426182569296
-0.517376,0.456656,-0.636928,0.339182,50.05,70.0,-0.6170843302271515,0.3192005278789369
-0.986281,-0.423923,1.183603,-0.739912,50.05,70.0,1.1941922585123688,-0.7212307408681908
-0.873039,0.841108,-0.775846,0.8699,50.05,70.0,-0.7945435041230349,0.8550988079022226
0.508054,0.867915,1.410147,-0.286757,50.05,70.0,1.3903344275604963,-0.2723647148418283
-0.945383,0.949748,0.298609,-0.161816,50.05,70.0,0.28413594941234,-0.16026253974950114
0.408674,0.585585,0.600154,0.215654,50.05,70.0,0.6177768217883246,0.19585198268974696
-0.066585,0.911835,1.15884,-1.103345,50.05,70.0,1.1727117939921672,-1.0856888010997516
-0.796968,-0.637293,-0.767206,-0.61585,50.05,70.0,-0.7684520455575365,-0.6312182779072921
-0.97831,-0.46068,-0.871811,-0.44474,50.05,70.0,-0.8876974636290492,-0.45166055492252655
-0.654868,-0.374569,-0.597826,-0.361187,50.05,70.0,-0.6172756408579761,-0.3809550013134922
0.620376,0.656114,0.758645,0.527463,50.05,70.0,0.7683085027003493,0.5115611027094673
-0.69725,-0.682614,-0.523877,-0.355385,50.05,70.0,-0.5434536120031014,-0.37271940253178903
-0.688245,0.669021,0.38667,0.046831,50.05,70.0,0.3913104225572787,0.03973773886628269
0.241488,0.690037,0.086242,-0.13591,50.05,70.0,0.07367313894716905,-0.1177407865856253
-0.542587,0.743301,-0.453908,0.26993,50.05,70.0,-0.43439506708550624,0.2570648742529195
0.656954,-0.572094,0.387813,-0.120407,50.05,70.0,0.37648658277886443,-0.1276070145497335
0.822032,-0.113062,0.278458,0.053898,50.05,70.0,0.28378279757729136,0.05744919666595089
-0.234481,-0.924155,8.960222,1.324789,50.05,70.0,8.96690606399579,1.3384507741261515
-0.267131,0.333471,-0.205142,0.11516,50.05,70.0,-0.19425188059146312,0.12552983817941918
0.64614,-0.321049,0.431834,-0.297028,50.05,70.0,0.4119073252144516,-0.30812817813293675
0.121587,-0.492481,1.989279,-0.776358,50.05,70.0,2.002767672652321,-0.7936982914151712
0.865908,-0.682372,-0.558263,-0.385702,50.05,70.0,-0.5769969958178769,-0.40448754939665194
-0.625921,0.147184,3.455221,0.028671,50.05,70.0,3.458078289954589,0.028617908167478053
-0.282395,-0.207087,-0.392031,-0.331653,50.05,70.0,-0.4119545410781919,-0.3392449033603027
-0.511405,0.82272,-0.930956,-2.036151,50.05,70.0,-0.9172360021735543,-2.0373025424055258
-0.552732,0.232385,-0.478527,0.294578,50.05,70.0,-0.4586227799421736,0.2799300205005021
-0.30274,-0.157267,-7.887519,-1.603128,50.05,70.0,-7.907258234361413,-1.6064660414696834
0.819852,-0.739735,0.765698,-0.638356,50.05,70.0,0.7667013256133692,-0.6538203450804144
-0.718439,-0.805127,-0.697315,-0.708619,50.05,70.0,-0.6894989669000238,-0.7274406284569056
0.22858,-0.257498,9.670974,15.523029,50.05,70.0,9.686942458419182,15.516362725143814
0.236288,-0.702739,17.924537,0.700192,50.05,70.0,17.917503358713393,0.6984483290680287
-0.940074,0.182065,0.011593,0.007865,50.05,70.0,0.012379297301115698,0.027831409994367284
-0.025963,-0.355829,12.80645,-4.139809,50.05,70.0,12.787221682350078,-4.132569244533185
-0.42206,0.43812,0.803076,0.221834,50.05,70.0,0.8209825861628026,0.2089954569796715
-0.509885,0.366298,0.570619,0.315559,50.05,70.0,0.590618510187733,0.29638555213498946
0.375605,0.79328,2.216821,2.636924,50.05,70.0,2.2284131896723505,2.6386923022348827
0.659429,-0.972077,0.411178,-0.404785,50.05,70.0,0.393196363349835,-0.41411082455482195
0.308843,0.725952,-0.052961,0.094252,50.05,70.0,-0.04388081396752273,0.1135548710967895
-0.91736,-0.0645,-1.926285,0.054141,50.05,70.0,-1.920936783423432,0.034566512527902285
-0.052735,-0.31302,0.778808,0.376556,50.05,70.0,0.7978425311988626,0.3619556305371813
-0.919218,0.698457,-0.319611,-0.50468,50.05,70.0,-0.33120226504110806,-0.5052251059527587
0.961112,-0.588862,-4.839377,3.155885,50.05,70.0,-4.840805018487316,3.1677475857589696
0.989841,0.265532,-10.872492,-1.000806,50.05,70.0,-10.853336533354721,-1.012351890498588
0.794925,0.304404,-0.015527,-0.089849,50.05,70.0,-0.024212711452858658,-0.06990924166578281
0.115452,0.409958,0.839138,-0.775227,50.05,70.0,0.8525429516783255,-0.7851072549545935
0.165844,-0.66339,10.245466,3.136686,50.05,70.0,10.245956616140083,3.1481261103362677
0.403938,0.986495,1.458049,-0.275635,50.05,70.0,1.438418883980903,-0.2649480327107028
0.022268,0.264969,-0.907553,0.555947,50.05,70.0,-0.9004727560691598,0.5524722430240132
-0.670912,-0.0196,0.685708,0.034358,50.05,70.0,0.6891269254763829,0.015175753550875835
0.590364,0.248399,-0.453279,0.319524,50.05,70.0,-0.43328619466304097,0.30670709724170236
0.847539,0.57993,-0.564122,0.346644,50.05,70.0,-0.5443852350218916,0.32766548300244974
0.881519,-0.311263,-0.16106,0.529165,50.05,70.0,-0.1515458595524512,0.5430228990928436
0.605337,-0.098814,-11.184362,-1.167679,50.05,70.0,-11.175756628002754,-1.1514815050462817
-0.763595,0.266712,0.238977,-0.139276,50.05,70.0,0.2261481051294343,-0.13193359253200623
0.623548,-0.027841,0.885263,0.035611,50.05,70.0,0.888805313200266,0.02996724106520385
0.069185,0.790095,18.051944,26.002003,50.05,70.0,18.033269246663153,25.988750333411435
-0.875535,0.886478,0.520465,0.664246,50.05,70.0,0.5168915446557222,0.6470843004605994
-0.955938,-0.448248,0.912703,-0.359751,50.05,70.0,0.8932204051466196,-0.3627174932468454
0.300018,0.406566,4.228042,1.235627,50.05,70.0,4.225944856023757,1.2224414455562311
-0.846454,-0.359485,-0.011622,-0.160781,50.05,70.0,-0.0260234250840296,-0.14081475821991132
0.138453,0.97218,-2.197134,-0.892971,50.05,70.0,-2.177743608439809,-0.8931690825127673
-0.571608,0.979957,-0.634562,0.398731,50.05,70.0,-0.6163236088573181,0.37874074443578254
0.141938,-0.448417,2.071159,-0.602109,50.05,70.0,2.0685455423066936,-0.6140493678861908
-0.538042,-0.878473,0.572077,-0.229401,50.05,70.0,0.5538462714310106,-0.24861541991372477
-0.493231,0.260476,-0.506311,0.248354,50.05,70.0,-0.4873838518590028,0.23196147106503817
-0.179316,0.24036,-0.890451,0.264225,50.05,70.0,-0.8710711263114496,0.2590807994622919
-0.266697,-0.374591,0.219643,-6.053251,50.05,70.0,0.23789559435128033,-6.0441472759382195
0.244882,-0.263886,-0.18011,0.155025,50.05,70.0,-0.16611389254981807,0.1674485808894717
0.870602,0.201357,-1.072764,0.030883,50.05,70.0,-1.0696879582767551,0.04300949994445874
0.205239,-0.55482,-0.650576,-0.039523,50.05,70.0,-0.654502626183705,-0.059399279033442304
-0.865109,0.118651,1.03901,0.028196,50.05,70.0,1.041820269183132,0.03747875697420081
0.174454,0.047539,0.07636,-0.030362,50.05,70.0,0.0733354487527919,-0.011802090506884036
0.99428,0.869207,-0.587945,0.568112,50.05,70.0,-0.5820148683885296,0.5485181235346235
0.766656,-0.813781,-0.398367,-0.109656,50.05,70.0,-0.40879140228633926,-0.11783017267901366
0.783193,-0.88003,0.65515,-0.421698,50.05,70.0,0.6379721567042058,-0.44151828784795316
-0.67228,0.989893,1.030984,0.858862,50.05,70.0,1.012706588582676,0.8674265608506291
-0.869952,0.722079,-0.665569,0.271963,50.05,70.0,-0.6460124824690272,0.25230889769790005
-0.020496,-0.473675,0.067876,-0.077898,50.05,70.0,0.0602816667584084,-0.059038775073704274
0.944537,0.835484,0.864222,0.874277,50.05,70.0,0.845373612481035,0.8666495791121697
-0.020994,-0.841707,-1.981601,-5.858707,50.05,70.0,-1.9645672071543694,-5.876417002547368
-0.573923,0.06894,11.611558,0.382731,50.05,70.0,11.630393949682269,0.3839637000124483
0.671452,-0.899621,-0.488497,-0.460306,50.05,70.0,-0.5033906987490278,-0.47561433496067473
0.074463,-0.505163,-0.286431,-0.306027,50.05,70.0,-0.30641446884286117,-0.3032630478736187
-0.27247,0.590295,-22.675679,-0.158981,50.05,70.0,-22.68995494149322,-0.13976575783494832
-0.916806,-0.761436,0.963988,-0.706035,50.05,70.0,0.9715655366574645,-0.7038881240982916
0.548351,0.132578,-0.645495,-0.091831,50.05,70.0,-0.6543588156840041,-0.11175728754968337
0.236897,-0.476242,-1.324338,1.065622,50.05,70.0,-1.3406651447243474,1.0844870455402555
-0.195365,0.499629,9.891229,-2.526918,50.05,70.0,9.889865670324776,-2.5131184369466864
-0.740782,-0.324185,-0.37043,0.034739,50.05,70.0,-0.3669735415686032,0.029185873000781095
-0.584142,0.320879,-0.316895,0.107244,50.05,70.0,-0.3066771962505519,0.10697043506702882
-0.992565,-0.040494,-0.826393,0.107384,50.05,70.0,-0.8161631637111325,0.09641642937437757
-0.58867,0.219878,0.525939,0.208439,50.05,70.0,0.5432092660454795,0.1910026690903633
-0.510848,0.178659,-0.369669,0.184968,50.05,70.0,-0.35369851081115805,0.1794880208066871
0.71765,-0.452461,0.517978,-0.302989,50.05,70.0,0.49800918559916263,-0.32002166662912734
-0.506334,0.043491,3.112422,0.420413,50.05,70.0,3.129665300394499,0.4006253549016932
0.951638,0.182184,1.027911,-0.105204,50.05,70.0,1.0178690925157956,-0.09691813718527746
-0.039035,-0.068327,0.028313,-0.061268,50.05,70.0,0.022281578797199587,-0.04146807202606549
-0.365282,0.699013,-18.812054,3.439806,50.05,70.0,-18.831990465584262,3.4594554304430023
0.30528,0.848687,1.434318,-0.914396,50.05,70.0,1.4541211768600661,-0.9017829821348491
-0.125409,0.25214,0.408379,-0.807155,50.05,70.0,0.42397294725428747,-0.8162323110807033
-0.286243,-0.878427,15.329133,-14.430569,50.05,70.0,15.327061003793759,-14.424214010372696
0.282268,0.076828,0.043466,-0.028295,50.05,70.0,0.040645929381753494,-0.008765467136073363
-0.75915,0.964632,0.980426,0.904444,50.05,70.0,0.9607865538470312,0.908216091376226
0.573324,-0.146736,-0.281779,0.430497,50.05,70.0,-0.26506827951236306,0.43372089918397616
-0.198186,-0.916821,0.293248,-0.435779,50.05,70.0,0.2768332851218034,-0.4336916814234968
0.992863,-0.94897,0.573142,-0.299746,50.05,70.0,0.5531939130809528,-0.3189897028175768
0.659093,-0.625345,0.69597,-0.523183,50.05,70.0,0.6859340144115562,-0.5420496877242914
-0.170893,-0.200061,2.487795,0.583364,50.05,70.0,2.492252694808539,0.6032019229567888
-0.419053,0.980297,2.691306,1.715841,50.05,70.0,2.7062730256273397,1.728426763290021
-0.15555,-0.332917,5.63223,25.866847,50.05,70.0,5.622137695927977,25.846974969211157
0.656658,0.44985,-0.472959,0.29364,50.05,70.0,-0.45306416776443437,0.27937675933455264
0.63343,0.054492,-0.270674,-0.026304,50.05,70.0,-0.27329682332728894,-0.02198965476032494
-0.154693,0.081282,-0.039227,0.045581,50.05,70.0,-0.0347082561273909,0.0651975422534923
0.114895,-0.959208,-2.966189,-19.003427,50.05,70.0,-2.9801024464657915,-19.016215928904906
0.5966,-0.951539,0.889456,-0.607106,50.05,70.0,0.8873387217890804,-0.6123462888549203
-0.511191,0.409106,0.423826,0.19838,50.05,70.0,0.44056733959363886,0.1879546816104923
-0.150542,-0.162351,0.612965,0.547289,50.05,70.0,0.62084808929687,0.5273479037898431
-0.631687,-0.767326,0.613163,-0.711433,50.05,70.0,0.6212372725571885,-0.7313756049447945
-0.446768,-0.826622,0.84133,-0.383322,50.05,70.0,0.8225140008092713,-0.39301108089866393
0.964878,0.697069,0.613915,0.163414,50.05,70.0,0.6284978757208988,0.143465843011309
-0.360013,-0.7315,-0.352886,0.339535,50.05,70.0,-0.33304676613302037,0.3356864815440977
-0.32771,0.181325,0.131805,0.083322,50.05,70.0,0.13989825488941843,0.09913379289680348
-0.477857,0.655555,0.932895,0.209583,50.05,70.0,0.9502226781053908,0.20862508701187799
-0.090568,-0.177472,0.08508,-0.113806,50.05,70.0,0.07430369697907505,-0.09558852536474727
-0.774418,0.359585,0.586961,0.148716,50.05,70.0,0.6004995460490812,0.12914208974491276
-0.455595,0.809178,0.577085,-1.548927,50.05,70.0,0.5572044477757968,-1.568274362016708
-0.149592,-0.193991,-0.047627,0.110862,50.05,70.0,-0.03709986512985598,0.130297592014556
-0.399481,-0.071502,0.132158,-0.008832,50.05,70.0,0.1312750870275562,0.006958152454352499
0.259599,-0.914647,-0.995009,0.689335,50.05,70.0,-1.0010164344012695,0.6945279278566627
-0.4764,-0.855219,1.300555,0.173451,50.05,70.0,1.315806120215184,0.19297073816724217
0.330026,0.745627,-7.959681,-9.821703,50.05,70.0,-7.941369242381876,-9.83178771649936
-0.240721,0.208085,2.841233,1.063401,50.05,70.0,2.8247785913905474,1.0620221335000601
-0.710268,0.518258,-0.611427,0.56068,50.05,70.0,-0.6047913467171967,0.5407512885617061
0.35456,-0.906565,-0.469011,-0.243489,50.05,70.0,-0.48777536554324286,-0.2574727252733972
-0.638351,-0.759899,0.546475,-0.553874,50.05,70.0,0.5392012644448719,-0.5722226478538487
0.36928,0.497051,-1.142687,-0.14151,50.05,70.0,-1.15568647659938,-0.12466928617671377
-0.0608,0.129303,0.678743,-0.920063,50.05,70.0,0.6986175256475874,-0.9394307032607689
-0.804816,-0.535736,-0.629677,-0.639807,50.05,70.0,-0.6285287847612255,-0.6598065386420762
-0.107986,-0.91527,-4.299042,-1.153548,50.05,70.0,-4.289183553044271,-1.1711384493883215
-0.937485,-0.31359,-0.563583,-1.007913,50.05,70.0,-0.5446439267761899,-1.0268744426917513
-0.501465,-0.118608,-0.437979,-0.091006,50.05,70.0,-0.4467687852287787,-0.10261202708324584
0.562461,-0.712483,-0.732136,-0.622794,50.05,70.0,-0.7326883828198484,-0.640159445952741
-0.708353,0.709914,0.149704,-0.111929,50.05,70.0,0.1390862922221716,-0.09727506214950273
-0.469116,-0.427153,0.608601,-0.245985,50.05,70.0,0.5897517253709712,-0.2658878834444079
0.843781,-0.575959,-0.591734,-0.520983,50.05,70.0,-0.601959671080533,-0.5406493250032276
-0.136739,-0.176197,4.460672,-12.908291,50.05,70.0,4.440864360800851,-12.927324132550693
0.658564,0.484682,0.602684,0.446555,50.05,70.0,0.6184595505586954,0.4267190575088128
0.055555,-0.285542,2.753965,2.124654,50.05,70.0,2.735335167896137,2.1318367195295806
0.896095,0.67532,-0.177104,-0.083381,50.05,70.0,-0.18520264988657623,-0.07072326039814988
0.1047,-0.312475,-4.941356,3.451661,50.05,70.0,-4.961351816241412,3.469873839551131
0.224767,-0.33754,-0.271271,-0.218252,50.05,70.0,-0.28901517884106415,-0.21399596830997664
0.972931,0.044671,3.134382,-0.060309,50.05,70.0,3.1284420830351434,-0.08029600302662364
0.788275,0.544633,0.681688,0.360077,50.05,70.0,0.7011632017179923,0.3407848596553897
-0.345453,-0.030455,-0.421852,0.074956,50.05,70.0,-0.41453064382905835,0.06469964670830777
0.14699,0.463088,2.232747,-16.77144,50.05,70.0,2.2162968975298267,-16.768092614197723
-0.880908,0.571414,-0.549667,0.215694,50.05,70.0,-0.5320422871503641,0.1972206873562496
-0.24814,-0.480738,2.61836,3.319203,50.05,70.0,2.602843119795186,3.3365051729638315
0.244342,0.664053,-1.801956,-9.232829,50.05,70.0,-1.818336903630669,-9.2511313428538
0.738871,0.202449,-0.105882,0.072715,50.05,70.0,-0.0987696438769453,0.08997710369994402
0.566417,-0.222342,0.255733,-0.061174,50.05,70.0,0.2497105418338527,-0.05541412190139848
-0.909288,-0.400947,-0.085097,-0.477873,50.05,70.0,-0.0987623403343081,-0.45965622699533626
-0.723939,0.749971,0.388185,0.07768,50.05,70.0,0.3957591614923545,0.07044529210962401
0.768864,0.300052,-0.286517,0.121808,50.05,70.0,-0.2750753933170619,0.1245634343909056
0.968311,0.409827,-1.024661,1.372455,50.05,70.0,-1.0137157545624231,1.3804439852259065
-0.031879,0.210321,1.313912,0.874738,50.05,70.0,1.2950482451844683,0.8939234848174942
0.873412,-0.55705,-0.346278,-0.182635,50.05,70.0,-0.3621069679965686,-0.18583308537779247
-0.345669,0.335856,-0.267266,-0.294058,50.05,70.0,-0.2871650697880657,-0.2894115210493232
0.730409,-0.020743,-0.234753,-0.000598,50.05,70.0,-0.23481279991089704,0.007135646025141875
-0.633359,-0.86371,0.559205,-0.312084,50.05,70.0,0.5392060766719172,-0.3309016664487455
-0.370841,-0.731511,-12.927811,-13.385578,50.05,70.0,-12.911491147548778,-13.390262194451507
-0.497323,-0.50562,0.08474,0.07371,50.05,70.0,0.09194526355278793,0.09194147959983402
0.0436,0.789896,2.183302,-0.792458,50.05,70.0,2.1979344279284603,-0.7940376387873557
-0.222137,0.539042,-0.109513,0.825939,50.05,70.0,-0.12621266501280481,0.8430148947360123
-0.32534,0.003441,0.210662,0.002431,50.05,70.0,0.2109050940139488,0.01232494313082447
-0.167303,0.144737,-0.145644,0.131189,50.05,70.0,-0.13344583196974538,0.1461162049832674
0.593385,-0.985606,0.520592,-0.52468,50.05,70.0,0.51068578245422,-0.5418482176269167
0.919538,0.681718,0.792725,0.589844,50.05,70.0,0.7965487663415031,0.5762293228445097
-0.360955,-0.577237,-0.788869,0.044314,50.05,70.0,-0.7844737697502033,0.03041940679079436
0.374148,0.309689,0.146582,1.091159,50.05,70.0,0.1318586471630953,1.1060236131868482
0.946043,0.140656,-2.985034,-0.122476,50.05,70.0,-2.996530331961337,-0.1366549263862234
0.003241,0.469863,-0.451069,-0.218118,50.05,70.0,-0.4688069925296541,-0.23076446862050762
0.987928,0.098544,1.076286,0.093476,50.05,70.0,1.0852969764948204,0.10588068064012586
0.225709,-0.507033,7.593355,5.85631,50.05,70.0,7.576448041451874,5.875597831476279
0.298537,-0.49165,-4.034051,-10.14797,50.05,70.0,-4.04318651831906,-10.143020036335942
0.831219,0.294488,0.293927,0.174302,50.05,70.0,0.3092330350673756,0.17632177748127212
-0.533839,-0.226613,0.132569,0.027129,50.05,70.0,0.13527358828650385,0.04289389438600624
-0.686094,0.813323,-0.546269,0.507914,50.05,70.0,-0.5349427862942149,0.489573558446759
-0.474588,-0.407418,0.280922,-0.044668,50.05,70.0,0.27649224205477396,-0.04135955140680146
0.519472,0.758359,0.808166,0.185588,50.05,70.0,0.8241737340574941,0.17314385610968794
-0.263684,0.26172,14.059115,1.715529,50.05,70.0,14.074102702448675,1.7231375721303812
0.735733,-0.542286,-0.60834,-0.55984,50.05,70.0,-0.6150548364150367,-0.5797402975260811
-0.204559,-0.017741,0.183593,0.015058,50.05,70.0,0.18509737777750296,0.027206759008088124
-0.179668,0.324392,0.201906,0.983261,50.05,70.0,0.18232037855840547,0.9939061734716532
0.05617,0.051151,-0.054127,-0.040216,50.05,70.0,-0.05812155373258841,-0.02094397344786555
-0.307139,-0.08418,0.317238,-0.083645,50.05,70.0,0.309115218426168,-0.08395286130503127
-0.816262,-0.918129,-0.459848,-0.198249,50.05,70.0,-0.47658216898739936,-0.21156318185905246
-0.991972,-0.066585,1.386114,0.191888,50.05,70.0,1.4024914053735271,0.207841276451173
0.905464,0.131273,5.348627,-0.324154,50.05,70.0,5.328651968483196,-0.32494574194891146
0.299975,-0.319518,-1.55207,8.183467,50.05,70.0,-1.5536011105328347,8.185336897686737
-0.133212,-0.887646,0.0387,-0.269236,50.05,70.0,0.01920240729494927,-0.24960925568870784
-0.668887,0.024496,2.963371,0.016118,50.05,70.0,2.9649810558606524,0.0035469912700385586
-0.291161,0.462733,5.247574,0.831041,50.05,70.0,5.230599048391219,0.8400213875399978
-0.853305,0.506828,-0.554884,0.400636,50.05,70.0,-0.536724610309399,0.38196907940240554
0.26323,0.09979,0.708814,0.275528,50.05,70.0,0.7284420648832302,0.2571261311105973
-0.827734,0.281456,-11.89075,-6.493733,50.05,70.0,-11.90812565103724,-6.5131762308370575
0.427702,0.390631,-0.242836,-0.086211,50.05,70.0,-0.25119259058246873,-0.07922889092644093
-0.672433,0.41245,-0.564625,0.439776,50.05,70.0,-0.5484418996431155,0.42078167343218037
0.053355,0.732531,-8.256614,-6.121694,50.05,70.0,-8.242163377620663,-6.139768831432394
-0.351142,0.357563,3.722247,0.667355,50.05,70.0,3.718368091554783,0.6867897145355255
-0.446378,-0.273885,0.479825,-0.15148,50.05,70.0,0.46608430909894527,-0.16621604806100335
0.819529,-0.168449,-0.308701,0.187626,50.05,70.0,-0.292571924290669,0.18817175878165118
0.884042,0.096764,-0.424601,-0.083411,50.05,70.0,-0.43270239283520706,-0.09390237801145315
0.316472,0.944875,6.095325,-4.81513,50.05,70.0,6.11274359553605,-4.803322961370719
0.510447,-0.918509,1.021254,-0.201036,50.05,70.0,1.004368831021635,-0.1933604973387862
0.622259,0.305935,0.498377,0.25464,50.05,70.0,0.5174978812529551,0.23871478622798914
-0.145075,-0.270868,1.947322,1.266659,50.05,70.0,1.9483237744940545,1.2476235381476328
-0.472047,0.311582,-0.47034,0.189751,50.05,70.0,-0.45408618641754045,0.17567256869058862
0.75308,-0.976081,-1.057103,-0.568597,50.05,70.0,-1.0629867952261607,-0.5577517758645905
-0.985301,0.049911,1.152273,-0.024862,50.05,70.0,1.1497931982525933,-0.007523734641442004
0.858753,-0.937729,-0.796659,-0.79219,50.05,70.0,-0.7820448550626752,-0.8055138843752715
-0.408158,0.084686,0.333543,0.131295,50.05,70.0,0.3457495665189658,0.1293596597086921
-0.688652,-0.178958,-1.166742,0.334573,50.05,70.0,-1.1468460897260542,0.3525865040337478
0.255316,-0.899619,-0.771778,-0.938977,50.05,70.0,-0.7517810638150652,-0.9540487013920568
0.095782,-0.196228,-0.119204,-0.239701,50.05,70.0,-0.13783392639521888,-0.22314947301587348
-0.003573,-0.046746,0.001534,-0.041922,50.05,70.0,-0.002627569038913026,-0.021922588286115974
0.341149,-0.316612,-0.57408,-0.07826,50.05,70.0,-0.5817078095060628,-0.09752904185582331
0.697885,-0.639933,-0.489996,-0.287678,50.05,70.0,-0.5098209416226404,-0.3030823699719844
0.640306,-0.372793,0.288339,-0.085342,50.05,70.0,0.28006143891231816,-0.08276713999425171
0.464294,-0.610174,-0.627747,-0.361348,50.05,70.0,-0.6471928836131512,-0.3813479183382152
0.808821,-0.149756,-0.925689,-0.197843,50.05,70.0,-0.9424008999902832,-0.19951990857238458
-0.954648,-0.775795,-0.294407,-0.117018,50.05,70.0,-0.3054524882836289,-0.11504598289248517
-0.781643,0.929365,0.740704,0.522826,50.05,70.0,0.7507708495157575,0.5059014048359617
-0.164438,0.298133,0.118898,-0.353091,50.05,70.0,0.09927572499778697,-0.3365223149881743
0.720946,0.947527,0.83296,0.689782,50.05,70.0,0.8269099447851729,0.6793693948323386
-0.909975,0.056551,-0.058246,0.041501,50.05,70.0,-0.05412561867176282,0.060658828590020336
0.452276,-0.602519,-0.91035,-0.541571,50.05,70.0,-0.9187553056353137,-0.5447699798583229
-0.535999,-0.542563,-0.741604,-0.415761,50.05,70.0,-0.7590782979410675,-0.4326374703298472
-0.856787,-0.025147,-0.598437,0.086838,50.05,70.0,-0.5900234860306193,0.0670608115278995
-0.65134,0.926473,-0.883336,0.812704,50.05,70.0,-0.899271355338433,0.806875637381058
-0.772765,0.142022,-2.947229,0.312837,50.05,70.0,-2.927229437094828,0.3015610253146996
0.961645,0.362172,-7.95889,1.894238,50.05,70.0,-7.9598179075700894,1.8842216702655898
-0.978784,-0.416263,-0.816031,-0.428129,50.05,70.0,-0.8328706525262126,-0.4399479680786446
-0.131894,-0.740633,-6.655194,1.234232,50.05,70.0,-6.657429822814686,1.2285273856386139
0.174774,-0.568388,-15.50974,13.975405,50.05,70.0,-15.495932798816966,13.964449875402895
-0.899744,-0.005442,4.336498,0.224678,50.05,70.0,4.354529444616466,0.2056231614763814
0.538411,-0.920476,-1.007556,-0.645265,50.05,70.0,-1.0058633801501715,-0.6388714137708105
-0.434165,0.993248,19.13148,-10.508648,50.05,70.0,19.116273216926132,-10.505438419783939
-0.478958,0.159324,-0.127845,-0.04242,50.05,70.0,-0.13205526607207038,-0.026368833131487048
-0.239118,-0.858733,-15.098855,-3.138746,50.05,70.0,-15.099139655747544,-3.1188381876403906
-0.721495,-0.17347,0.155388,-0.426729,50.05,70.0,0.13847323001076853,-0.4124677551735168
0.482253,-0.767304,-0.515196,-0.488751,50.05,70.0,-0.5280472465734243,-0.5056362083503272
-0.069991,-0.334425,3.10655,-2.284773,50.05,70.0,3.12474353947121,-2.304466787696511
-0.683701,-0.96828,-0.133741,0.107859,50.05,70.0,-0.12347037641372746,0.12355150370530235
0.120331,0.401648,-0.002922,-0.130825,50.05,70.0,-0.015091301865742292,-0.11082713448303211
0.494204,0.086524,-0.227206,-0.043435,50.05,70.0,-0.23151543691299345,-0.03501103042731982
0.209713,0.640951,-2.12603,-0.316626,50.05,70.0,-2.1460284788243364,-0.3237729119886277
0.466446,-0.434488,0.671119,-0.224396,50.05,70.0,0.6530997734303967,-0.24393977509601628
-0.440725,0.73013,-3.173369,0.349903,50.05,70.0,-3.15368755439043,0.33015490346985227
-0.705561,-0.364115,-0.459681,-0.329993,50.05,70.0,-0.47961835594148894,-0.3432947154891893
0.324056,0.41209,-8.755367,0.432348,50.05,70.0,-8.738758694275917,0.4519273360270449
-0.003222,-0.152504,5.219907,-7.456784,50.05,70.0,5.227974309633926,-7.445425172134342
0.869382,-0.302729,-25.906718,1.788664,50.05,70.0,-25.89745656223814,1.7737377428241359
0.03714,0.21851,1.085787,-0.450322,50.05,70.0,1.0702457834125858,-0.4371863195665233
0.496469,0.150838,-0.31779,0.055755,50.05,70.0,-0.31228643702812886,0.05539194647773339
-0.86695,-0.825232,-0.193553,0.082872,50.05,70.0,-0.18550091653185605,0.09421483474592393
0.330769,-0.764145,-14.547252,-5.287861,50.05,70.0,-14.566557864349594,-5.305604323936666
-0.980018,0.831462,0.185693,-5.168667,50.05,70.0,0.1726473210081705,-5.156685724718044
0.37367,0.276719,-0.621411,-0.027391,50.05,70.0,-0.6241415452934431,-0.047379072690539606
0.823368,0.349166,0.013234,0.10017,50.05,70.0,0.022837426209990404,0.12012623128449344
0.425135,-0.757082,-0.745134,-0.305673,50.05,70.0,-0.7651159985261548,-0.3223574243938386
-0.283001,-0.40145,0.088353,-0.574027,50.05,70.0,0.08299028006142252,-0.5559470305759536
0.838045,-0.979391,-0.780915,-0.841852,50.05,70.0,-0.7633934368951714,-0.8563075637580634
-0.620471,-0.256982,0.325995,-0.041536,50.05,70.0,0.32187119381695234,-0.04271888274992602
0.905761,-0.874831,0.725133,-0.520155,50.05,70.0,0.7148362574341484,-0.537857140965103
0.72106,0.8581,-0.770768,0.801886,50.05,70.0,-0.7860266522851179,0.7867480986827852
0.094867,0.427805,-0.271023,-0.327123,50.05,70.0,-0.29098100010420386,-0.3228427396214792
0.122481,0.535478,-3.644098,2.12623,50.05,70.0,-3.662784582129917,2.142401549263161
-0.219433,-0.010853,-0.022875,-0.000135,50.05,70.0,-0.022888499998974843,0.019734326139347606
-0.402105,-0.186555,-0.604314,-0.092535,50.05,70.0,-0.6132408691235133,-0.11239111847375764
0.578417,-0.54637,0.546937,-0.311584,50.05,70.0,0.5269386579750095,-0.32995098147894686
-0.848016,-0.597685,-0.11712,-0.164863,50.05,70.0,-0.13180165596854784,-0.14819538767581306
0.705267,-0.583481,-0.369053,-0.102729,50.05,70.0,-0.3788801030121034,-0.10814971072709265
-0.567587,0.571378,0.580352,0.259032,50.05,70.0,0.5995970442039839,0.23960444520135998
-0.850676,0.688029,-0.353719,0.146804,50.05,70.0,-0.3403218032079998,0.142873771912815
-0.298203,0.107696,0.715554,-0.14676,50.05,70.0,0.7021600704775045,-0.16488746535728532
0.054797,0.972612,-0.539104,0.625632,50.05,70.0,-0.5388353550072538,0.6075890317194261
0.695504,-0.659165,-0.725766,-0.627429,50.05,70.0,-0.7258549527785235,-0.6451015933232633
-0.58098,-0.53762,-0.613186,-0.4083,50.05,70.0,-0.6310109876708995,-0.42824277893477325
0.218119,-0.077681,-0.301922,-0.159462,50.05,70.0,-0.3162315871336597,-0.15823903687893842
0.408798,0.662406,0.367504,0.005607,50.05,70.0,0.3680646265548098,0.00033555235325130866
-0.936047,-0.148657,-12.497587,-0.221828,50.05,70.0,-12.515493318911869,-0.20299918387475735
-0.48066,-0.457639,-0.611774,-0.269326,50.05,70.0,-0.6312735953219419,-0.28925760863956484
0.469292,-0.607232,0.442339,-0.432695,50.05,70.0,0.42575005219200984,-0.44465332044158723
0.244129,-0.921723,1.280905,0.065152,50.05,70.0,1.2873055781624674,0.08500494734764746
0.596628,-0.465599,0.624553,-0.436927,50.05,70.0,0.6082041413328245,-0.4569234552993155
0.670075,-0.056439,-6.676135,0.720452,50.05,70.0,-6.685025919709647,0.7127751839188592
-0.563851,-0.64458,0.451087,-0.092329,50.05,70.0,0.44217856976016073,-0.10497686303740641
0.544192,0.232895,0.415401,0.230622,50.05,70.0,0.43368159839970555,0.2209247022678294
0.263503,0.687216,-1.094843,1.316435,50.05,70.0,-1.0889519025462022,1.3302398772119406
0.046787,0.34106,0.015583,-0.291811,50.05,70.0,-0.004292268624213041,-0.27187167676682084
0.202529,-0.09316,-0.086264,0.05297,50.05,70.0,-0.08102870997343088,0.07113829376969262
0.254633,-0.385756,0.117158,-0.436434,50.05,70.0,0.10078079375831693,-0.4197684882347894
0.607147,0.320812,-0.329475,0.144788,50.05,70.0,-0.31622816678249627,0.14325792302967583
-0.110186,0.100283,-0.091435,-0.088202,50.05,70.0,-0.09997206093680171,-0.0702559385253511
-0.53989,0.063739,3.495456,0.521825,50.05,70.0,3.5056092181766796,0.5257693802500695
-0.737885,0.368933,-0.490164,0.399667,50.05,70.0,-0.4719642189879969,0.3842519207581456
0.652366,0.308241,-0.465376,0.363445,50.05,70.0,-0.4459802039741674,0.3497234505104629
0.60832,0.028565,0.802006,0.048983,50.05,70.0,0.8068554772447962,0.03606259718370481
0.087968,0.48542,3.059439,0.325797,50.05,70.0,3.079405150335749,0.30746071373165607
0.447609,0.965146,-0.126925,-0.12956,50.05,70.0,-0.13899367116483008,-0.11345411837140941
-0.79369,0.452004,-0.570811,0.449423,50.05,70.0,-0.5552133552552284,0.4302440983350097
0.830935,-0.467701,-0.734114,-0.515322,50.05,70.0,-0.7448220233070063,-0.5325884720948045
-0.647168,-0.953062,-0.691197,-0.921551,50.05,70.0,-0.67130638284778,-0.9405706892891199
-0.118367,0.604703,2.720451,-1.515366,50.05,70.0,2.7012142259864578,-1.5051706943362126
-0.760285,-0.115493,0.849501,0.136783,50.05,70.0,0.8621376478923188,0.12781661804812677
0.916552,0.481335,0.26426,0.057699,50.05,70.0,0.26995019489544403,0.06263731825337407
-0.197006,0.917609,-12.757558,-13.153998,50.05,70.0,-12.761599099574992,-13.142461126458295
0.261657,-0.336089,-0.0491,-0.267857,50.05,70.0,-0.0685664146923373,-0.24845668148903738
-0.642372,-0.353433,0.488127,-0.164735,50.05,70.0,0.47345403900529853,-0.1800194979855897
-0.153308,-0.652831,15.289027,-13.803635,50.05,70.0,15.290961239593607,-13.793630042633366
-0.136176,-0.70402,9.250742,-4.05525,50.05,70.0,9.230949295491513,-4.068143782150683
-0.471824,0.050082,0.643267,-0.079379,50.05,70.0,0.6355358684935365,-0.0993231618184136
-0.276279,0.574226,0.048647,-0.084531,50.05,70.0,0.04044333471615941,-0.06511972148868043
-0.990284,0.303878,33.376152,16.585193,50.05,70.0,33.395097079049435,16.56659274916927
-0.717122,-0.665455,-0.099338,0.120397,50.05,70.0,-0.08801240697788142,0.13798029300177375
-0.310205,0.391826,0.951442,-1.031794,50.05,70.0,0.9694805795046875,-1.0308978797175907
-0.586119,-0.906582,0.708177,-0.847251,50.05,70.0,0.7259524707426047,-0.8656777267329249
-0.932074,0.626911,-0.431353,-0.633912,50.05,70.0,-0.43079372598657184,-0.6449721343538062
0.501539,-0.6424,0.397717,0.161032,50.05,70.0,0.4121358306313919,0.15291719360603379
-0.81522,0.59104,-0.41894,0.0091,50.05,70.0,-0.41803031395541657,-0.0009052805165663431
-0.389262,-0.32856,-3.073022,-0.216325,50.05,70.0,-3.0906764510135996,-0.2351609860248545
-0.102097,0.060346,-0.102361,0.05545,50.05,70.0,-0.09688676591058443,0.07288723852964549
0.229547,-0.010033,-0.025376,0.005983,50.05,70.0,-0.024777789233172587,0.025822230509148683
-0.630904,0.390084,-0.565688,0.358459,50.05,70.0,-0.5461766140275739,0.3394316581090227
0.147298,-0.360739,-10.302051,-0.850831,50.05,70.0,-10.284114297582644,-0.8444254238356187
-0.944737,-0.203014,-2.882376,-0.55924,50.05,70.0,-2.8891473233564393,-0.564665415327681
-0.058489,0.983673,2.633611,-1.189639,50.05,70.0,2.6401862003171788,-1.1731513326223446
0.595159,0.844146,0.775665,0.772771,50.05,70.0,0.7624433234384246,0.7579576409678825
-0.430146,0.542156,0.255243,-0.07232,50.05,70.0,0.24816757566713707,-0.06651321525531448
0.015163,0.847659,0.414962,-0.683067,50.05,70.0,0.42036872650037266,-0.6927258799419171
0.613205,0.135803,-0.373408,-1.149092,50.05,70.0,-0.3631643272114317,-1.1549305914831378
0.440233,0.992311,-1.870252,-33.068439,50.05,70.0,-1.8886057130093121,-33.08838497543409
-0.236069,0.395095,1.629108,-1.410692,50.05,70.0,1.6151813516546465,-1.416440903439642
0.363915,0.319261,-0.180254,0.252978,50.05,70.0,-0.16118251205808848,0.26539029284131144
-0.180198,-0.585835,-3.184272,-2.039501,50.05,70.0,-3.170310191634538,-2.059047343830221
-0.137177,0.459096,-3.287854,1.111162,50.05,70.0,-3.3011522297262057,1.0962759530708748
0.021468,0.809233,-6.59289,-45.770178,50.05,70.0,-6.6022207788115725,-45.76973257957567
0.777614,-0.649154,0.688019,-0.527394,50.05,70.0,0.6783494567611836,-0.5465095600892991
-0.32575,-0.873073,0.37932,-0.090781,50.05,70.0,0.3705504309057313,-0.09718240568304726
0.25975,-0.381925,-3.415046,-1.362647,50.05,70.0,-3.425157524317949,-1.3666895464788087
0.993372,-0.394482,0.432487,-0.022962,50.05,70.0,0.43019584117370796,-0.03411643831090498
-0.066182,-0.317605,4.326693,0.900529,50.05,70.0,4.307131314950122,0.8817947934236817
0.017404,0.504517,-2.87742,-18.365036,50.05,70.0,-2.864247453921173,-18.36998278197169
-0.583784,0.345336,0.530669,0.326608,50.05,70.0,0.5506302697581821,0.3089448759384717
0.061387,-0.26526,1.694627,0.513471,50.05,70.0,1.7054908975495122,0.5018640820954541
-0.22852,-0.740383,-19.050356,2.765559,50.05,70.0,-19.031305500463592,2.7762976355506477
0.388257,-0.569386,-0.428973,-0.056339,50.05,70.0,-0.4345326847952756,-0.06720005985332891
0.337566,-0.533918,0.70086,0.151612,50.05,70.0,0.7146102793543959,0.1329132066693744
0.436017,0.136668,-0.284567,0.058317,50.05,70.0,-0.27881758636353005,0.061265440844418914
0.975867,-0.609131,-0.080317,0.528357,50.05,70.0,-0.07073186540237765,0.5467658521846555
0.327053,0.773712,-0.873722,-0.130264,50.05,70.0,-0.8858467341761329,-0.1370049470767878
-0.22566,-0.666503,-0.415629,-0.184402,50.05,70.0,-0.4315653542115354,-0.19411923205734893
0.091891,0.413674,0.633902,-0.290778,50.05,70.0,0.6140385153055686,-0.31077020672387295
0.622712,-0.074218,0.040105,0.019906,50.05,70.0,0.04209231507359529,0.03950524282763887
0.623915,0.138085,0.906079,-0.057715,50.05,70.0,0.900387271245729,-0.061334819624879376
0.800196,0.887133,0.887125,0.713836,50.05,70.0,0.8788314685640535,0.7083711157446045
0.0444,0.226801,-0.069493,-0.141599,50.05,70.0,-0.08249923892570676,-0.12279422120900611
-0.150581,-0.817809,0.108135,-0.149621,50.05,70.0,0.09452998026887746,-0.1324737711160188
-0.921444,-0.71306,-0.201899,0.096885,50.05,70.0,-0.192585008113782,0.10753076607237644
-0.395316,-0.082755,-0.323435,-0.014926,50.05,70.0,-0.3249262148457904,-0.015853240967663447
-0.866977,0.710461,-0.850556,0.550923,50.05,70.0,-0.8430081742525377,0.5420510460213491
0.71995,0.194511,20.61295,-1.69311,50.05,70.0,20.596575029114423,-1.7095280403920396
-0.857745,-0.117665,-4.22272,0.131055,50.05,70.0,-4.210532453830538,0.11827422727421008
0.400982,-0.692182,17.929334,20.782023,50.05,70.0,17.92462741279603,20.779802002981285
0.495175,0.410593,0.591202,0.255721,50.05,70.0,0.6103542992108051,0.23606442186635893
0.83439,-0.401332,-0.529491,-0.143958,50.05,70.0,-0.5426755355646017,-0.1615655604886822
0.821309,-0.251573,-0.403752,-0.092089,50.05,70.0,-0.41263893612714697,-0.10075162057993944
-0.186984,-0.644351,4.436017,-15.53815,50.05,70.0,4.421003722445123,-15.557794090905706
0.385859,-0.865342,0.302056,-0.339183,50.05,70.0,0.2822123427061513,-0.3379734120770202
0.203166,0.608273,-1.567374,0.502037,50.05,70.0,-1.5555683680660473,0.502379215978322
-0.761523,-0.91482,-0.776224,-0.885422,50.05,70.0,-0.7570323364420153,-0.900197743616645
0.616933,0.799491,-0.497515,0.471406,50.05,70.0,-0.4833846852040561,0.45553308098492046
-0.953005,0.838532,0.866399,0.95027,50.05,70.0,0.8464141776904204,0.9428442736746669
-0.796092,0.080038,-0.369366,0.103916,50.05,70.0,-0.3594356878005168,0.09846516750307209
-0.798463,0.235601,0.029509,-0.092821,50.05,70.0,0.020556546966954192,-0.07303830062979529
-0.254789,-0.23996,-0.039447,-0.225185,50.05,70.0,-0.057500320926378606,-0.2055727569714284
0.991082,-0.883987,-0.713344,-0.980858,50.05,70.0,-0.6937111312710077,-0.9990777243599112
0.825526,0.622634,0.761338,0.523723,50.05,70.0,0.7713272399229647,0.5079858657418295
0.608714,0.655699,0.720717,0.589583,50.05,70.0,0.7245663816213274,0.5716796755744231
0.340834,0.404095,0.190982,-0.106283,50.05,70.0,0.18084692586586895,-0.09472935552480347
-0.380182,0.278769,3.357144,0.235684,50.05,70.0,3.3756240599468588,0.2262178871145186
-0.723483,0.421676,-0.533321,0.315181,50.05,70.0,-0.5133212609848516,0.29739503263913075
-0.892762,-0.650131,0.754779,-0.374447,50.05,70.0,0.7356807931279782,-0.39058037905194404
-0.743672,-0.898906,-0.728729,-0.675527,50.05,70.0,-0.7240518688865779,-0.6930589353410918
0.083009,-0.86917,-0.882835,3.187105,50.05,70.0,-0.887347055772872,3.181228730269503
-0.134254,-0.406786,-0.129314,-0.173679,50.05,70.0,-0.14457986012793025,-0.15771590198136118
-0.850738,-0.35471,-0.1911,0.108768,50.05,70.0,-0.1807514841144396,0.12031201057616585
0.396132,-0.211801,0.097774,-0.017334,50.05,70.0,0.09604276931200305,0.00032328204850447934
0.26312,0.262503,7.229007,-20.16816,50.05,70.0,7.222908968433486,-20.16782562590471
-0.112727,-0.601561,5.318558,-2.203698,50.05,70.0,5.338552748931033,-2.201487573850906
-0.442668,0.085045,-0.033018,-0.004003,50.05,70.0,-0.03341827327382365,0.015725071372831686
-0.655179,0.406526,0.075761,-0.111545,50.05,70.0,0.06517585360807376,-0.09296285555292232
0.487882,-0.174518,0.428086,-0.156035,50.05,70.0,0.4140179236340008,-0.16682147203293937
0.883379,0.943859,-0.803999,0.933825,50.05,70.0,-0.8239802851994392,0.9210573659150324
-0.556219,-0.374677,0.560024,-0.367801,50.05,70.0,0.5407390569403716,-0.38664625064925157
0.80915,-0.608045,-0.435046,-0.271061,50.05,70.0,-0.45458342905961796,-0.282426923601973
0.585456,-0.248044,0.469905,-0.280262,50.05,70.0,0.4501915691736609,-0.2943095009533774
-0.87893,-0.179634,-2.296914,5.321045,50.05,70.0,-2.2770105757614956,5.330439790701352
0.894136,-0.255929,-0.36973,0.226973,50.05,70.0,-0.35160045643476184,0.2214871545087379
0.607396,0.505165,0.02535,-0.106604,50.05,70.0,0.015187265814687807,-0.08676444065490045
0.305169,0.974584,-1.635589,0.887779,50.05,70.0,-1.6548456612210292,0.8814124750494439
-0.164158,-0.998313,-11.942666,12.569632,50.05,70.0,-11.942339875889964,12.54963732182001
-0.646833,0.678903,0.749779,0.452713,50.05,70.0,0.765168613955943,0.436289191369869
0.31551,0.773029,-0.184665,-0.217298,50.05,70.0,-0.20236496264968976,-0.2052345712545186
0.295749,0.647291,-0.123886,0.796222,50.05,70.0,-0.1387724175984089,0.812506190289431
-0.987538,0.445788,-0.208673,0.105861,50.05,70.0,-0.19857432863507005,0.11592730812929035
0.357358,0.121399,-0.202645,0.02162,50.05,70.0,-0.20048720825524918,0.03220253855139948
0.355276,-0.872098,-5.887728,0.287353,50.05,70.0,-5.86790737519366,0.2794452404576099
0.650797,-0.056856,-0.606396,0.089226,50.05,70.0,-0.5977664488938013,0.06934602908757666
0.421437,-0.91179,6.496481,-5.37598,50.05,70.0,6.47679123175291,-5.366315793226992
-0.461249,-0.211147,-0.108921,0.038394,50.05,70.0,-0.10510513848805482,0.05550063998420676
-0.749252,-0.679816,-0.690162,-0.620089,50.05,70.0,-0.6909847208637818,-0.639140440668478
0.33363,-0.673751,0.039872,-0.227481,50.05,70.0,0.021721064395685635,-0.20787712949026715
0.268349,0.141751,-0.132333,0.034365,50.05,70.0,-0.12891338482946516,0.05014440594785283
0.410595,0.875291,4.171672,-14.327271,50.05,70.0,4.160046804092861,-14.33575372261954
-0.984851,-0.385277,-2.139606,-1.22227,50.05,70.0,-2.1361861817216496,-1.2281334657250464
0.654016,0.054598,0.786324,0.097847,50.05,70.0,0.795723015317783,0.08377048220445836
-0.363644,0.241023,0.100482,0.321254,50.05,70.0,0.12046941750464134,0.33878249197836785
0.881669,0.206183,0.643044,0.197662,50.05,70.0,0.6597459499858185,0.17771618537657657
-0.686653,-0.579666,0.667315,-0.534849,50.05,70.0,0.6583046010562053,-0.5544700218014326
-0.44486,-0.758168,0.378539,0.143045,50.05,70.0,0.3916547459215933,0.136717634392257
-0.526659,0.437499,0.58493,0.336851,50.05,70.0,0.6048014093278338,0.3173197981837278
-0.948258,0.630589,-6.096412,-5.775597,50.05,70.0,-6.085058957987181,-5.76370239942202
0.310759,0.931728,7.188125,1.142287,50.05,70.0,7.177302903865972,1.1385551905891673
-0.446866,-0.473087,0.012452,0.097721,50.05,70.0,0.021839891526156226,0.11768224944384939
0.834235,0.983018,-0.749049,0.806017,50.05,70.0,-0.764571438588712,0.7895516431049522
-0.422866,0.893696,1.445322,-2.153465,50.05,70.0,1.464803280514931,-2.14172462133317
0.352426,-0.782767,25.688756,-12.973284,50.05,70.0,25.670868556392847,-12.991991214226672
0.036196,0.353473,0.491065,-0.002563,50.05,70.0,0.49080870701505386,-0.01803532829735913
0.826141,0.956478,-0.779332,0.830452,50.05,70.0,-0.7962757318273203,0.8158874922040124
-0.474275,0.855862,0.204316,-0.084669,50.05,70.0,0.19609975102699295,-0.07422862064256222
0.471225,-0.128833,-0.291042,-0.107588,50.05,70.0,-0.301289360442516,-0.10528141754767023
0.701935,-0.574516,-0.650473,-0.540583,50.05,70.0,-0.658967853958037,-0.5604604202926347
0.102293,-0.755614,-17.65034,12.207167,50.05,70.0,-17.669834892207664,12.226348349848788
0.390724,0.890962,0.344526,-1.217526,50.05,70.0,0.34841222575746655,-1.2205510192651405
0.40101,-0.227484,2.234105,-1.456957,50.05,70.0,2.2172583154902057,-1.453475807947809
0.682884,-0.767796,-0.702367,-0.645748,50.05,70.0,-0.7006262584157363,-0.6643927936405292
-0.355377,-0.813843,-9.440662,-0.527459,50.05,70.0,-9.450325852907905,-0.5473959574719671
-0.258043,-0.930441,0.111976,1.434291,50.05,70.0,0.12749563017320106,1.4512373769451354
0.084445,-0.740958,-2.29592,13.143546,50.05,70.0,-2.2908612414969447,13.152852924210256
0.711249,-0.045989,0.410606,-0.007999,50.05,70.0,0.409806313236288,-0.017274185574200615
-0.930326,0.006663,-1.011253,-0.003089,50.05,70.0,-1.011561887718899,0.0036537742698791874
-0.007888,-0.576778,1.192786,0.000443,50.05,70.0,1.1928302999637757,0.019432388206250536
0.095613,0.96532,-20.835717,-30.416597,50.05,70.0,-20.854914396224572,-30.434090538671356
0.134499,0.526211,-1.001556,-0.394303,50.05,70.0,-1.019971617832777,-0.38848072087413604
0.028603,0.727258,1.960361,0.907757,50.05,70.0,1.9406616272470196,0.8891617347607994
-0.981894,-0.687253,-0.11914,-0.139419,50.05,70.0,-0.1319798621105204,-0.1228638812030578
-0.657478,-0.234669,0.295123,-0.01647,50.05,70.0,0.2934778608968285,-0.014569246475058471
-0.08582,-0.376634,-0.075631,-0.269927,50.05,70.0,-0.09514386710784548,-0.25134005194288095
-0.082168,-0.999554,-0.562224,-0.594058,50.05,70.0,-0.5656333216139053,-0.6129757815551975
0.50145,-0.134669,0.537583,-0.194729,50.05,70.0,0.5210441850830637,-0.21270582728145543
0.611639,-0.186953,-0.604222,-0.241324,50.05,70.0,-0.6229103490765714,-0.2611790148137982
-0.127216,-0.123252,0.281433,0.114648,50.05,70.0,0.2922801394140558,0.117906041863917
0.511928,-0.030717,2.109065,0.481185,50.05,70.0,2.1224866458421148,0.47248120018283
-0.263748,-0.814327,-0.745865,-0.040397,50.05,70.0,-0.749877287405474,-0.057041003512742335
-0.394759,-0.718035,11.297383,-5.347466,50.05,70.0,11.277394418206416,-5.327504121922543
-0.011197,-0.185213,1.966958,1.175602,50.05,70.0,1.9590744024087132,1.1572596795239898
-0.878196,0.160109,5.680216,0.456459,50.05,70.0,5.69536368277802,0.4366194308397296
0.946248,-0.411688,0.392943,-0.531012,50.05,70.0,0.38359172576827055,-0.5386881980622849
0.766598,0.215186,-9.526616,4.055643,50.05,70.0,-9.506817690068361,4.038180209015002
0.626742,-0.343566,0.569653,-0.357331,50.05,70.0,0.5501171432332523,-0.37647674043749463
-0.311448,-0.506787,5.401699,9.765491,50.05,70.0,5.3818750169360445,9.759485948330186
0.425882,-0.197544,0.013459,0.055485,50.05,70.0,0.018936600346809072,0.07543973091748049
-0.123647,-0.13734,-0.097381,-0.051338,50.05,70.0,-0.10245860797213334,-0.033662295650646344
-0.272448,0.965726,6.706632,-0.00215,50.05,70.0,6.706417004140966,-0.012542929801052035
0.950891,-0.37413,20.335461,-14.684553,50.05,70.0,20.353845707630402,-14.676316493281796
-0.004821,0.976957,-1.907243,-0.702282,50.05,70.0,-1.9000140973400559,-0.7221579463197179
-0.290935,0.253998,0.142249,0.093044,50.05,70.0,0.15122138862673298,0.10819499510830757
0.945103,0.348217,-0.020466,-0.080541,50.05,70.0,-0.02830416769136134,-0.060645622945202496
0.477436,0.270472,-0.50213,0.204952,50.05,70.0,-0.48503820837746636,0.18880256420062952
-0.180774,-0.271468,-1.175713,-0.481151,50.05,70.0,-1.1891371663499115,-0.462765961259907
-0.568423,0.514139,0.592575,0.35058,50.05,70.0,0.6122442979275817,0.33089855076532454
-0.870396,-0.744168,-0.378856,-0.086742,50.05,70.0,-0.3872608037740414,-0.0930994294226836
0.771145,0.627425,-0.643736,0.517537,50.05,70.0,-0.6332157079937364,0.4975963951682452
-0.860216,0.349734,-5.501542,1.503382,50.05,70.0,-5.482667456116179,1.48897686383578
-0.019322,-0.746951,-11.007424,17.503676,50.05,70.0,-11.016055072065322,17.504860278079626
-0.00971,0.807921,1.348278,-39.479877,50.05,70.0,1.3383238754159044,-39.46194003847449
0.734425,-0.512517,0.609976,-0.54899,50.05,70.0,0.6022495233483943,-0.5689059468322439
0.127339,0.188161,1.266767,0.16796,50.05,70.0,1.2816571922502744,0.1879343515700638
0.418096,0.938925,0.247173,-0.043895,50.05,70.0,0.24281865506262526,-0.03732091373168361
0.514555,0.122246,0.385903,0.527642,50.05,70.0,0.395550826957453,0.520620504905116
0.58648,0.969577,1.043858,0.737608,50.05,70.0,1.0334648957501409,0.747317405779098
-0.321905,-0.251071,0.233926,-0.022377,50.05,70.0,0.23169296576122356,-0.01456715329368526
0.251861,-0.971984,23.486382,24.866913,50.05,70.0,23.466963135938332,24.859535200048544
-0.130641,0.308606,-0.181782,0.064224,50.05,70.0,-0.1754694098646805,0.07651611887598085
0.739043,-0.897396,0.657249,-0.406156,50.05,70.0,0.6393278050868842,-0.4259471215877187
-0.527733,0.397061,0.515536,0.309498,50.05,70.0,0.5355305683971837,0.29259459433027485
-0.599102,0.892082,0.87841,0.752075,50.05,70.0,0.8668091258397368,0.7457772337055185
-0.769935,-0.302955,0.507429,-0.178745,50.05,70.0,0.4918407817853615,-0.1952013225168065
0.236076,-0.265209,3.986202,-0.086695,50.05,70.0,3.97780146129866,-0.07729409139000316
0.637217,-0.293334,-0.483938,-0.409625,50.05,70.0,-0.501702506392139,-0.42463599576965233
-0.062213,0.390908,-13.469199,-11.121316,50.05,70.0,-13.453023246437908,-11.125255020417326
-0.016166,0.293355,0.199913,0.859968,50.05,70.0,0.18159096405689457,0.8707813658923127
0.417373,0.793918,-0.285468,-0.062725,50.05,70.0,-0.29163817667490416,-0.05986570431186874
-0.614313,-0.750368,-0.447206,-0.123503,50.05,70.0,-0.458786217612871,-0.13584785994494106
0.55986,-0.426043,-0.291191,-0.081479,50.05,70.0,-0.29911537756914797,-0.07918721876369068
-0.501004,-0.36878,0.075181,0.063997,50.05,70.0,0.08147204644098917,0.08260051528528525
-0.088964,0.789661,-5.266269,18.764739,50.05,70.0,-5.274498733025249,18.772012174811845
-0.17472,-0.516255,0.416061,-0.666802,50.05,70.0,0.419885643705458,-0.6765569677042994
-0.70363,0.092715,1.45718,-0.143076,50.05,70.0,1.4440619139042736,-0.13231568034920552
0.263718,0.311029,0.065486,0.434379,50.05,70.0,0.08198029518708666,0.4533164401787759
-0.537321,-0.749025,1.143455,-0.434472,50.05,70.0,1.1269659662007943,-0.4175899828461746
-0.861487,0.98971,4.152171,0.877552,50.05,70.0,4.133215617379794,0.8708727795709215
0.050842,0.494712,-2.090588,34.588371,50.05,70.0,-2.09366095984735,34.57804312687124
0.62154,0.218421,0.323474,0.024339,50.05,70.0,0.32590189690305715,0.02340786324365221
-0.99735,-0.466785,0.469841,-0.235641,50.05,70.0,0.4513625847367196,-0.24968394466903124
0.745203,0.624088,-0.678333,0.546982,50.05,70.0,-0.6704217053441621,0.5276041095922661
-0.951836,0.495961,0.419973,0.115972,50.05,70.0,0.4309311365330126,0.10587740866529394
-0.385915,-0.077047,0.362879,-0.176391,50.05,70.0,0.34743933928597515,-0.18121493215298745
-0.931312,-0.556329,-0.088005,0.093167,50.05,70.0,-0.07902162027919193,0.11126182028901206
-0.218162,-0.653771,-0.140285,-0.149864,50.05,70.0,-0.15390782108071938,-0.13458553198325676
0.069522,0.464181,2.761913,0.259181,50.05,70.0,2.781162094036422,0.26561646867248595
-0.505282,-0.277351,-0.23943,-0.009884,50.05,70.0,-0.24041799771491262,-0.0025837481869746826
0.555106,-0.332193,-0.523796,-0.302219,50.05,70.0,-0.5437603681010873,-0.31954936087262814
0.834269,-0.434857,-0.666565,-0.24057,50.05,70.0,-0.6852263603785653,-0.2602054149984212
-0.642184,0.817561,-0.674784,0.78531,50.05,70.0,-0.6889199001562669,0.7658473364827516
0.749238,0.444352,-0.509718,0.250039,50.05,70.0,-0.4907370782165341,0.23345367247320656
0.220476,-0.467973,3.729079,1.524955,50.05,70.0,3.7485559391636185,1.5445396289732707
0.783782,-0.976856,-1.004452,-0.849124,50.05,70.0,-0.9865914616726631,-0.8430252839688777
-0.016675,-0.259614,0.984967,0.528505,50.05,70.0,0.9945391423879288,0.5327220311330731
0.660979,-0.926389,0.719903,-0.46201,50.05,70.0,0.705123568156921,-0.47994945866541466
0.175516,-0.098102,0.28319,-0.134995,50.05,70.0,0.2706924440228271,-0.131910434668595
-0.797326,-0.664427,-0.373893,-0.15763,50.05,70.0,-0.3880739988746941,-0.1635149616015277
0.981814,-0.652935,0.924312,-0.656195,50.05,70.0,0.9270906295520166,-0.6580090828700108
0.126636,0.379297,0.300519,0.404007,50.05,70.0,0.3185345598455756,0.4053699693381945
0.837229,-0.685101,-0.769084,-0.694735,50.05,70.0,-0.762563753754058,-0.7099824189426438
-0.488899,-0.920527,-5.458841,0.28875,50.05,70.0,-5.439002190704604,0.27761168988555507
0.704434,-0.581866,-0.468533,-0.239756,50.05,70.0,-0.4871649263198605,-0.25370551125695645
0.57686,-0.708796,-0.743579,-0.615797,50.05,70.0,-0.744830335217551,-0.6325666665930791
-0.732337,-0.382617,0.517586,-0.513708,50.05,70.0,0.5067420087510901,-0.5307200877153855
-0.640134,-0.739668,-0.584595,-0.262203,50.05,70.0,-0.6039239234331383,-0.28172696371517014
0.402641,-0.806202,-0.189035,-0.194255,50.05,70.0,-0.20554711599136144,-0.18254297933827304
0.157352,0.622,-1.622248,-0.532234,50.05,70.0,-1.6314910805174672,-0.5373226020286996
-0.053556,-0.113053,9.363233,3.452331,50.05,70.0,9.343235925600284,3.433270496547233
-0.081069,-0.520431,-1.00756,0.506042,50.05,70.0,-0.9960799959714102,0.51243596523823
-0.891605,0.793357,-0.35731,0.27235,50.05,70.0,-0.33774541454882123,0.2680683262286349
-0.050472,-0.283079,-2.096569,-4.653292,50.05,70.0,-2.077435779009448,-4.663103147928792
0.290154,0.613699,-1.073277,-1.411141,50.05,70.0,-1.0872358388248917,-1.3989737453621973
0.434055,-0.832226,-0.637249,-0.580311,50.05,70.0,-0.6420037840124054,-0.6002910649921857
0.781802,-0.253091,0.302582,-0.601316,50.05,70.0,0.2998899430108891,-0.600158919912642
0.30032,-0.524576,21.919381,-2.773034,50.05,70.0,21.900116273438254,-2.7917601115614596
-0.556434,0.005909,-0.414885,0.020576,50.05,70.0,-0.412831027786949,0.01092386328831487
-0.682505,-0.867769,0.715792,-0.854388,50.05,70.0,0.7338832066714012,-0.8725053975526482
-0.589154,0.084273,0.228598,-0.126693,50.05,70.0,0.21675917938085365,-0.11839548345627707
0.379924,-0.621027,-1.077991,1.223607,50.05,70.0,-1.0812790118979079,1.2361449713315227
0.401714,-0.388957,-0.402883,-0.311274,50.05,70.0,-0.42288091884704637,-0.31985821339458936
0.791968,0.600401,-0.765376,0.597536,50.05,70.0,-0.7623098860510378,0.582051255623907
0.932077,-0.58324,-0.773809,-0.345261,50.05,70.0,-0.7935676574786901,-0.3601984187007235
-0.520681,0.920098,3.263548,0.012421,50.05,70.0,3.264789301684266,-0.003974518007162383
0.082957,0.250145,-0.183362,-0.886738,50.05,70.0,-0.1641337166207437,-0.8745708992186738
0.181522,0.837518,0.673673,2.554875,50.05,70.0,0.6778031542702246,2.5353870569100208
0.167217,0.413599,-6.409081,-18.633707,50.05,70.0,-6.391448969650629,-18.617540306829063
-0.643187,-0.048374,-1.144501,-0.033943,50.05,70.0,-1.1478790290108263,-0.01700512909610485
0.974261,0.396547,-14.419346,10.886089,50.05,70.0,-14.436423337308602,10.866344139082898
0.765079,0.676663,0.743086,0.641301,50.05,70.0,0.7417886645980281,0.624504519468896
0.671816,-0.783423,-0.530467,-0.245759,50.05,70.0,-0.5493087072261883,-0.2634126396579896
-0.985632,0.475658,0.459137,0.011652,50.05,70.0,0.46030154095285786,-0.0016090422102511288
0.384526,0.727591,2.400543,-0.555597,50.05,70.0,2.3934300334992877,-0.538690847154033
0.621881,-0.052489,-0.231039,-0.049119,50.05,70.0,-0.23590167027054743,-0.041044197171581726
-0.179523,0.76359,4.818151,-10.625347,50.05,70.0,4.812617350037487,-10.61525687344459
-0.350626,-0.971713,-0.519917,-0.103224,50.05,70.0,-0.5297871853552695,-0.12035749493033901
0.427577,0.284101,0.391005,0.168246,50.05,70.0,0.40591427071508834,0.16074911678729437
0.879586,-0.804861,-0.728322,-0.615949,50.05,70.0,-0.7295581646377555,-0.6335004849089256
0.701146,0.168444,2.062995,-0.36772,50.05,70.0,2.04370791198493,-0.38030517801474256
-0.967816,-0.077249,0.719121,-0.032529,50.05,70.0,0.7158824227512534,-0.05050289253062329
-0.315841,-0.335887,-0.307698,-0.13268,50.05,70.0,-0.32001398553147126,-0.13203398585181336
0.749044,-0.820622,-0.352433,-0.046343,50.05,70.0,-0.35702594050635095,-0.05014705521098601
-0.187831,-0.873865,0.908614,0.813916,50.05,70.0,0.8926056982920937,0.8105457778534456
0.956347,-0.681891,0.804719,-0.438795,50.05,70.0,0.7884784514563774,-0.4515071316341766
-0.534191,-0.144428,0.235073,-0.032753,50.05,70.0,0.23181232041259117,-0.025048874676993772
0.593855,0.916209,-0.570265,0.446591,50.05,70.0,-0.5544916625404904,0.42742765389898996
0.731959,0.039219,-4.604657,0.740553,50.05,70.0,-4.615300582183024,0.7302932776683158
-0.84176,0.536344,0.743381,0.501109,50.05,70.0,0.7552614124985019,0.48432855206714237
0.327033,0.436004,4.061107,-0.316971,50.05,70.0,4.04110897643037,-0.3146796971614732
-0.081218,0.963845,17.179812,-39.95131,50.05,70.0,17.199111666654805,-39.96080602120076
-0.661301,-0.49262,-0.543015,-0.338036,50.05,70.0,-0.5628726445825345,-0.356244238477894
0.533822,-0.049407,-0.253174,-0.085948,50.05,70.0,-0.2615066891449345,-0.07994354197135611
-0.388618,0.498173,-0.153433,-0.589146,50.05,70.0,-0.15732525534107236,-0.5747483734926808
0.801736,0.772489,0.780204,0.727787,50.05,70.0,0.7706621692443173,0.7132823918958107
-0.772055,0.072117,-1.142182,0.15684,50.05,70.0,-1.128056819112673,0.173653419365551
0.06285,0.312638,-2.867499,1.062096,50.05,70.0,-2.8840272400363,1.0581161832078179
0.515213,-0.808983,2.752985,-0.606332,50.05,70.0,2.750790772775736,-0.5990579051106868
-0.572051,-0.468085,-0.288191,0.003114,50.05,70.0,-0.28787961258169975,0.005703536133694195
0.890474,0.190663,0.154514,-1.006946,50.05,70.0,0.1734839282237107,-0.9926236153369135
0.477411,-0.147629,0.301707,0.001935,50.05,70.0,0.3019004969812327,0.0031794221773484644
0.807508,-0.218991,-1.41533,0.114673,50.05,70.0,-1.4044807603003144,0.1287005988036812
-0.575771,-0.977218,-0.775527,-0.887147,50.05,70.0,-0.7562875050380742,-0.901969627328403
-0.108048,0.038345,-0.107289,0.008722,50.05,70.0,-0.10641707643670481,0.025912620221962338
0.46024,-0.745167,-0.409471,0.075588,50.05,70.0,-0.40209086730804083,0.06641351984377447
-0.024103,0.90175,4.418472,-50.976541,50.05,70.0,4.42651199986078,-50.99643864989029
-0.280751,-0.577671,-0.163071,-0.207112,50.05,70.0,-0.18027396232307938,-0.19339979984687242
-0.920998,0.780454,-0.256379,0.034015,50.05,70.0,-0.25299387465102763,0.03971298511725334
-0.909303,-0.654913,-0.153224,-0.94084,50.05,70.0,-0.13322467059024995,-0.9264278747258118
0.874835,-0.642734,-0.799092,-0.564694,50.05,70.0,-0.8053476792724928,-0.5778354551216058
-0.427917,0.003198,-0.266472,0.086039,50.05,70.0,-0.25813103914352964,0.09076266962563055
-0.257285,-0.187969,-0.920737,0.141641,50.05,70.0,-0.9077275707585387,0.13947119955194773
0.808059,-0.958048,-0.852185,-0.764283,50.05,70.0,-0.8396119024897644,-0.7730086660883655
0.088939,0.800535,0.269982,-0.010016,50.05,70.0,0.26898081861737017,-0.005634109973836993
0.593057,-0.489625,-0.538056,-0.268516,50.05,70.0,-0.5575374296667053,-0.28651350735370046
0.865422,-0.850801,0.76993,-0.672503,50.05,70.0,0.774312592912718,-0.6876955346283528
0.595367,0.338777,-0.402878,0.196793,50.05,70.0,-0.38622401138213047,0.1882092382102967
-0.176984,-0.569378,0.150291,0.120336,50.05,70.0,0.16161156479505145,0.13494992620652496
0.47207,0.074509,-0.274628,0.008423,50.05,70.0,-0.27378594897207875,0.012350436629890762
0.269084,0.497835,-0.411563,0.243053,50.05,70.0,-0.3928137665519857,0.23369313444116271
-0.886391,0.423445,0.436965,0.009774,50.05,70.0,0.4379420109961483,-0.0017492979260530003
0.835827,-0.257264,0.657608,0.009007,50.05,70.0,0.6585083955715716,-0.010778914778638135
0.162371,0.965607,0.509871,-0.119772,50.05,70.0,0.4985969755181361,-0.1363658731320188
0.958595,-0.896555,-0.764769,-0.911292,50.05,70.0,-0.7450116462323672,-0.9268150897580119
-0.406849,0.082074,0.369851,0.02897,50.05,70.0,0.3727378800439932,0.023472519592303835
-0.584425,-0.434392,0.007111,0.105665,50.05,70.0,0.017192748617383853,0.12565235975144012
-0.82649,-0.811839,0.864739,-0.787285,50.05,70.0,0.8790139237929628,-0.7948646028370158
-0.574226,0.977495,-0.598816,0.372007,50.05,70.0,-0.5796467739825044,0.35222420553506645
0.763376,0.058025,1.06214,0.176738,50.05,70.0,1.0776016942812552,0.188002953860572
-0.76886,-0.231461,-0.942663,0.283815,50.05,70.0,-0.9228927523729137,0.28383352038965926
-0.171136,-0.284784,-0.072345,-0.349194,50.05,70.0,-0.09203892572271893,-0.33048824483023487
-0.358365,0.961747,-1.101891,-0.208857,50.05,70.0,-1.1191823091404123,-0.19455082235143342
0.084897,0.856067,-15.518072,-17.625968,50.05,70.0,-15.521361893770258,-17.6376105045032
-0.083952,-0.982155,-1.08575,-3.169512,50.05,70.0,-1.0829671243813073,-3.1563791098826366
0.918131,-0.96705,-0.462758,-0.19857,50.05,70.0,-0.4795097269455605,-0.21209991240709003
0.798444,-0.555997,0.604812,-0.570723,50.05,70.0,0.5991317251878321,-0.590585019700625
-0.639182,-0.73072,-0.72406,-0.607738,50.05,70.0,-0.7261144228887113,-0.6254898220411711
0.789817,0.458822,0.720715,0.522859,50.05,70.0,0.7307789978916192,0.504955586428824
-0.576696,-0.535133,-0.684767,-0.46303,50.05,70.0,-0.6994775188032185,-0.4822386667516959
0.027507,0.308038,-1.606799,0.55304,50.05,70.0,-1.599447639034853,0.5494591455302053
-0.798608,-0.212143,0.137018,-1.152175,50.05,70.0,0.14699567477777015,-1.1366877579323083
0.512742,-0.338109,0.437097,-0.16235,50.05,70.0,0.4225871462610505,-0.17388408421738905
-0.589578,0.965909,-0.700582,0.542652,50.05,70.0,-0.6922749067421551,0.5239433611092549
0.026247,-0.863355,-1.429347,0.491748,50.05,70.0,-1.4167268278364802,0.5047428651010614
-0.404675,0.628996,0.034389,-0.088405,50.05,70.0,0.025833585747536636,-0.06869992313594439
-0.470528,-0.171653,-0.443808,-0.185679,50.05,70.0,-0.4598211877051576,-0.19775474579488753
-0.967045,0.880981,0.624335,0.578284,50.05,70.0,0.6292864248354806,0.558287966998096
0.641517,-0.025454,0.316133,-0.178987,50.05,70.0,0.3005296315840176,-0.17918437026039402
0.193571,-0.646897,7.362876,-0.668567,50.05,70.0,7.366873735187221,-0.655897059812444
-0.397599,-0.444174,0.269705,-0.162713,50.05,70.0,0.25517018742965025,-0.1583040871942838
0.772172,-0.112597,-2.380421,0.336307,50.05,70.0,-2.3605435052699084,0.352054394645069
-0.420681,-0.385699,-0.027632,0.193452,50.05,70.0,-0.011165326037857415,0.21326142158323075
-0.447083,-0.126717,0.298048,-0.05167,50.05,70.0,0.2929382868159813,-0.05006061541855593
0.259369,-0.783175,-11.170544,5.169281,50.05,70.0,-11.157451842911625,5.184629928445349
-0.815852,-0.032348,-0.206856,0.014715,50.05,70.0,-0.20538582724778412,0.02493789802354169
0.321717,-0.903222,18.936624,11.475139,50.05,70.0,18.951342437332322,11.493273530898113
-0.452768,0.336558,0.315786,0.168513,50.05,70.0,0.33071305421311703,0.16835032832954697
0.533372,0.380631,-0.084381,-0.08723,50.05,70.0,-0.09283006046055645,-0.06898378999383474
-0.735746,0.317544,0.473502,-0.144257,50.05,70.0,0.460294996046572,-0.1585582523078886
0.965434,0.055309,-0.09312,0.008339,50.05,70.0,-0.09228634159777441,0.02621004702108239
-0.417521,0.731618,0.94757,1.053601,50.05,70.0,0.9305784865675779,1.0541101653759222
0.311835,-0.98435,26.045386,6.62893,50.05,70.0,26.06513710813935,6.625957748415537
0.027929,-0.59141,-1.768244,0.550007,50.05,70.0,-1.7606114271752935,0.5333168497611792
0.175062,0.272472,1.960632,1.06711,50.05,70.0,1.9443912453994028,1.0485247289088953
-0.568569,0.065706,-11.095901,-7.812728,50.05,70.0,-11.115477040791196,-7.803110830320623
0.32181,0.664415,-8.670468,1.862992,50.05,70.0,-8.668276052799682,1.8791530550454347
0.829273,-0.406196,0.396219,-0.179398,50.05,70.0,0.38058995364118176,-0.18737566459233718
-0.927904,0.723819,0.507328,0.574416,50.05,70.0,0.5126532342949118,0.5579654194889391
-0.772806,-0.551739,-0.598337,-0.500572,50.05,70.0,-0.6102605685771479,-0.5203476974759011
0.925953,0.483991,0.188886,-0.128621,50.05,70.0,0.17689233868193985,-0.11689690465816922
0.438922,0.964744,-0.289945,0.125894,50.05,70.0,-0.27817067158724934,0.128309515217599
0.449993,-0.963593,-8.126249,35.160884,50.05,70.0,-8.128737902730592,35.14132113109748
0.890812,-0.118987,0.413248,-0.06117,50.05,70.0,0.40722592326919177,-0.07067844046084014
0.183188,0.836401,13.184702,-21.739657,50.05,70.0,13.165675803171492,-21.759632069414476
-0.606474,0.987384,0.676606,0.282679,50.05,70.0,0.696358759308853,0.26325909378843865
0.95567,-0.059929,-4.582625,-0.157855,50.05,70.0,-4.596821855958376,-0.16993993055187764
0.777104,0.793322,0.664028,0.558453,50.05,70.0,0.6708733229225656,0.5387709455481067
-0.637137,-0.355678,0.481486,-0.1561,50.05,70.0,0.46741330423910643,-0.1709478401403456
0.115202,0.19981,-4.075327,-3.222983,50.05,70.0,-4.067410762992413,-3.2221089335144106
0.201939,-0.012833,-0.18251,0.006386,50.05,70.0,-0.18187150850590217,0.018620610433893153
0.317371,0.047733,0.267633,-0.030811,50.05,70.0,0.2645640728079823,-0.026200224683820238
0.241738,0.895944,0.627447,0.522513,50.05,70.0,0.6375408830999838,0.5025131898911476
0.127837,0.554659,0.994798,0.946188,50.05,70.0,0.974801441304595,0.9513605486211928
0.15515,-0.393174,-0.193731,-0.909832,50.05,70.0,-0.17399684595322043,-0.8985038301842025
-0.073317,-0.242219,0.111574,0.118693,50.05,70.0,0.12275873773419987,0.1356606922960866
-0.977907,0.322935,4.978287,-2.507991,50.05,70.0,4.978815250847957,-2.488570466954426
-0.435466,-0.883082,-12.534877,2.49401,50.05,70.0,-12.536800434902066,2.5137625500163527
0.043322,0.117882,0.24551,0.61603,50.05,70.0,0.24673808002344363,0.622760916384974
-0.757072,-0.102885,-0.633582,-0.064841,50.05,70.0,-0.639953106054066,-0.08483407437251879
0.809207,0.33893,0.584302,0.145441,50.05,70.0,0.5975976854092294,0.12592341182929195
0.394745,0.484731,7.799543,9.341093,50.05,70.0,7.807669433071838,9.346469890136003
0.869732,-0.409441,-0.622748,-1.191606,50.05,70.0,-0.616358880820659,-1.2115982427983834
0.517763,0.048544,0.402769,0.115459,50.05,70.0,0.4136841860626388,0.10688508452959937
-0.119592,0.011678,0.064321,-0.008329,50.05,70.0,0.06348834072970548,0.010645586326851884
0.276192,-0.041044,0.398676,-0.267256,50.05,70.0,0.37922346305027094,-0.27545836425778475
0.17803,0.146636,4.325075,-0.954233,50.05,70.0,4.345040463739372,-0.9729099470919481
0.509397,-0.57018,-0.541446,-0.193435,50.05,70.0,-0.5579117090547495,-0.21157776884995302
0.979503,0.506203,-0.314354,0.61788,50.05,70.0,-0.3133106207856687,0.6178605265389748
-0.239116,-0.825799,-22.965381,7.953379,50.05,70.0,-22.947800536671483,7.950216861974519
0.789517,-0.586275,-0.55727,-0.275461,50.05,70.0,-0.5768967776667894,-0.2942122423433121
0.482009,-0.882768,4.634096,2.079574,50.05,70.0,4.617563406087228,2.0719431418446175
-0.689735,-0.37068,0.480034,-0.232191,50.05,70.0,0.4616903188021853,-0.24694117067252094
-0.020973,-0.489004,-0.494562,-0.621194,50.05,70.0,-0.49527430240068415,-0.6368855407994201
-0.691963,0.17839,-1.752501,1.073924,50.05,70.0,-1.7683347381866314,1.0581520679708365
0.198298,0.7887,9.262684,14.379337,50.05,70.0,9.269728474496228,14.365553838320562
-0.310846,-0.392489,-15.820146,-22.212433,50.05,70.0,-15.802263959750718,-22.229368388674605
-0.55514,-0.23788,-0.46568,-0.281613,50.05,70.0,-0.48541576902804917,-0.29535665049588655
-0.046758,0.143188,0.015767,-0.244374,50.05,70.0,-0.0030278066304471885,-0.22443611739083977
0.566574,0.416866,-0.564821,0.376129,50.05,70.0,-0.5457734055494575,0.35712854556620366
0.26363,0.825803,-0.249887,0.637226,50.05,70.0,-0.2507774524801522,0.6435431697669457
-0.726452,0.517772,-0.351936,0.139835,50.05,70.0,-0.3390642705346112,0.13607974920225546
0.185678,0.685532,-0.685135,2.338115,50.05,70.0,-0.7004960649111682,2.318916614925883
-0.271866,0.743804,0.572852,1.210096,50.05,70.0,0.5682397849447284,1.1908602169028488
-0.89351,0.780893,0.674743,0.182194,50.05,70.0,0.6905449740310318,0.16273039289556895
0.462401,-0.423034,0.770676,-0.319467,50.05,70.0,0.7506830425983978,-0.33461091225052614
0.061443,0.668426,-1.443177,0.796009,50.05,70.0,-1.4580491845469714,0.8079223535741854
0.229605,0.974555,-0.913911,0.259096,50.05,70.0,-0.8946642149618793,0.2562490239353661
-0.651005,0.562038,-0.588533,0.395596,50.05,70.0,-0.5701682040339199,0.3759904188671652
0.168495,-0.111204,-0.25527,0.284174,50.05,70.0,-0.2354943583032236,0.2899782009975637
0.996739,0.197884,0.533916,0.159029,50.05,70.0,0.5481953027744253,0.14121590040335494
-0.161648,-0.811287,-6.610019,7.661156,50.05,70.0,-6.5986163330634,7.6598894054310716
0.70024,0.939503,0.966622,0.817798,50.05,70.0,0.9503840233608023,0.820206560212205
0.227126,-0.693442,-0.129606,-0.490468,50.05,70.0,-0.1423252123314689,-0.47452251059526196
-0.675044,0.535195,-0.637685,0.527516,50.05,70.0,-0.628026137914636,0.5075379286783064
-0.983673,-0.587083,0.58562,-0.656409,50.05,70.0,0.5884198204200742,-0.6759549374534952
0.902851,0.214838,2.637622,-0.179315,50.05,70.0,2.6219981338960805,-0.16305766836443872
0.78478,-0.199374,0.532235,0.072569,50.05,70.0,0.5393337086097859,0.05483296036613462
-0.881779,-0.063161,6.17639,0.205169,50.05,70.0,6.193493050456753,0.22238479965257502
0.452585,0.593658,-0.413228,-0.07768,50.05,70.0,-0.4208021614923545,-0.08718668089757203
-0.389242,0.010213,2.057875,-0.024616,50.05,70.0,2.055419610295316,-0.037594935090980885
-0.357399,-0.807678,11.983183,-11.83181,50.05,70.0,11.973051453439904,-11.85130295713756
-0.640843,-0.647395,-0.655085,-0.426497,50.05,70.0,-0.672012138070341,-0.4463181562104778
-0.763565,0.763342,-0.762426,0.762814,50.05,70.0,-0.7748845175453978,0.747144242637096
-0.514568,-0.336516,0.289554,-0.076966,50.05,70.0,0.2820459684882425,-0.07451167564242797
0.171956,0.067912,0.190077,-0.07008,50.05,70.0,0.18321152941802507,-0.05845260237215423
-0.601407,0.149645,0.447381,0.582333,50.05,70.0,0.45193914163340426,0.5699743762625467
-0.916464,0.984481,0.271588,-4.293053,50.05,70.0,0.2615484522472493,-4.288827947568294
0.172423,-0.085605,0.178496,-0.137832,50.05,70.0,0.16577821777849494,-0.12528234089903195
-0.761148,-0.622482,0.650397,-0.612635,50.05,70.0,0.6488302538204054,-0.6325132590066578
-0.053702,-0.566307,1.619529,-0.988942,50.05,70.0,1.638991692650859,-0.993767187799837
0.08386,-0.564727,-0.728015,-0.405007,50.05,70.0,-0.745986906845135,-0.42257318305690206
0.638042,-0.424882,-0.361752,-0.081158,50.05,70.0,-0.3696468945647094,-0.08587248346834296
-0.997018,-0.888478,2.536961,-0.919497,50.05,70.0,2.5568291159533527,-0.8996371031566472
-0.643996,0.362325,-0.310041,0.123373,50.05,70.0,-0.2984713839902935,0.12378479743391835
-0.401106,0.606564,2.399383,16.514131,50.05,70.0,2.414914939084281,16.530974892366707
0.525814,-0.650483,-0.73137,-0.49916,50.05,70.0,-0.7434066331776038,-0.516563318828113
-0.673446,-0.608698,-0.540449,-0.330005,50.05,70.0,-0.5603862610024035,-0.34810558661540175
-0.379037,-0.480024,3.816926,7.098846,50.05,70.0,3.800813723781132,7.118295941800284
0.244045,-0.337654,-0.333666,-1.681756,50.05,70.0,-0.35066613345328346,-1.6837035822013846
-0.956927,0.93072,-0.504044,0.584148,50.05,70.0,-0.4996627670776992,0.5678863973966337
0.605507,0.760503,0.383583,0.196434,50.05,70.0,0.40021708306212095,0.1896302050388548
-0.221923,0.137544,0.322665,0.236953,50.05,70.0,0.34119321231306976,0.23610268291638714
-0.302655,-0.714256,0.961631,-0.40257,50.05,70.0,0.9435534996911854,-0.4006576058743947
-0.505845,0.258361,0.300456,0.063764,50.05,70.0,0.30672492488163006,0.06513325462417267
0.275585,-0.247428,-0.176,0.112963,50.05,70.0,-0.16529480884082612,0.1257060228839716
-0.514563,-0.265249,0.243967,-0.013678,50.05,70.0,0.24260026599456877,-0.006801986139374822
-0.044945,0.609976,-1.741276,-3.667139,50.05,70.0,-1.7314451360395269,-3.682196222480719
-0.133306,-0.471891,0.058837,-0.093904,50.05,70.0,0.04978783439110662,-0.07476322444986602
0.925886,-0.627244,-0.838443,-0.565758,50.05,70.0,-0.8445975299190167,-0.5756986222767524
-0.085465,-0.412533,-0.346545,0.352029,50.05,70.0,-0.32690245928657646,0.34880456104143337
0.552362,-0.452564,0.263471,-0.060544,50.05,70.0,0.2575086474896011,-0.055529263360314704
-0.248218,0.204135,1.731115,-0.181864,50.05,70.0,1.7153332757984159,-0.19623330577226208
0.897498,0.256922,-2.430561,-6.411935,50.05,70.0,-2.442564957317792,-6.393621125825309
0.088003,-0.938591,-2.312351,-1.522914,50.05,70.0,-2.3317805532573455,-1.5121857468232724
-0.897335,0.494438,-0.35175,0.12004,50.05,70.0,-0.34045384941551865,0.11630302001237683
0.021419,-0.010391,-0.022483,0.000812,50.05,70.0,-0.022401800223077868,0.020685761702629667
-0.648788,-0.172126,-0.024696,0.270969,50.05,70.0,-0.005160540219610949,0.2908167205312916
-0.919465,0.545222,-0.775909,0.453941,50.05,70.0,-0.7605981043258497,0.43914404564657766
-0.459997,0.823598,-0.724642,0.182431,50.05,70.0,-0.7088255094496092,0.1647060618778312
0.207033,-0.38988,-1.220617,10.509358,50.05,70.0,-1.205456429015857,10.529034514597743
-0.714402,-0.956172,-0.38923,-0.212831,50.05,70.0,-0.40671758419655796,-0.220163032035693
-0.381577,0.82768,0.272561,3.313552,50.05,70.0,0.25740680144772016,3.3176818987226295
0.817369,-0.477856,-0.709321,-0.500513,50.05,70.0,-0.7212493048848604,-0.5188949506475695
0.67894,0.944343,0.983314,0.810479,50.05,70.0,0.9675140815557872,0.8145343051996699
-0.428769,-0.327824,0.581577,-0.366814,50.05,70.0,0.5622661359288363,-0.38627028885837106
0.26809,-0.205547,0.250005,0.196016,50.05,70.0,0.26661583859276144,0.20232197275362498
-0.621509,0.298182,0.501845,0.408087,50.05,70.0,0.519679637398829,0.39195439291796486
-0.45633,0.462892,-0.452484,0.073132,50.05,70.0,-0.4453326852325807,0.06037622811790267
-0.167295,0.275719,-0.510022,-0.313885,50.05,70.0,-0.5300219811946312,-0.3304872975084438
0.009807,0.825066,-16.320891,10.982343,50.05,70.0,-16.34084724921775,11.002283810047583
0.888146,-0.925796,-0.790895,-0.817541,50.05,70.0,-0.7746720403755508,-0.8312891585031639
0.139987,0.76146,0.155441,-0.496535,50.05,70.0,0.14319577104481176,-0.4822774715081144
-0.14595,-0.985663,13.516675,-2.411999,50.05,70.0,13.526375217695202,-2.4112165407873536
-0.033651,0.431425,-0.177068,-1.139838,50.05,70.0,-0.16604077041545917,-1.1271774733241253
0.955644,-0.494104,-0.397219,-0.158067,50.05,70.0,-0.41143078041468484,-0.16613626466245263
-0.413231,0.832468,-1.089071,0.275234,50.05,70.0,-1.069448599871652,0.28861553800685
-0.711855,-0.150941,-5.540765,-0.229369,50.05,70.0,-5.558994412433777,-0.24620152513923546
-0.864619,0.352681,0.083986,0.067185,50.05,70.0,0.09057885217268374,0.08544734962613862
-0.497094,-0.660243,0.613684,-0.133237,50.05,70.0,0.6013241760868931,-0.15318348151328323
-0.705725,0.886482,-0.545677,0.256194,50.05,70.0,-0.5265111295339914,0.2378772498755143
-0.900919,0.262403,0.310287,0.008949,50.05,70.0,0.3111816014144357,0.009336202343665227
0.205433,0.716993,21.759246,-14.884574,50.05,70.0,21.775804006275283,-14.892569721582682
0.507225,0.923595,0.049313,-0.144229,50.05,70.0,0.03610809885783201,-0.12483386927125513
0.862105,-0.60886,0.81473,-0.614541,50.05,70.0,0.8133533363595683,-0.6264646701665039
0.882125,-0.128984,-15.503058,0.33802,50.05,70.0,-15.483200164920545,0.3276299265454331
0.161543,-0.951321,-0.247324,0.067076,50.05,70.0,-0.24074143955908414,0.07363582345941048
-0.851659,0.163464,1.099108,0.237842,50.05,70.0,1.117669501325662,0.2519523205319046
-0.657937,0.052835,-0.29901,0.037782,50.05,70.0,-0.29525423203238876,0.03929547830140241
0.000854,0.358609,3.15928,31.757475,50.05,70.0,3.1790927508650624,31.737553159594952
-0.854672,-0.473661,0.260401,-0.088884,50.05,70.0,0.2518023141251736,-0.0835726728383716
-0.828717,-0.251718,-0.615616,0.428636,50.05,70.0,-0.5988037544374277,0.40867632501348033
-0.623599,-0.830085,-0.622514,-0.832225,50.05,70.0,-0.605476736503711,-0.8522165774470141
0.758479,-0.245514,-1.760646,-0.842431,50.05,70.0,-1.7430965927660595,-0.8586905612457422
-0.351927,-0.831044,0.435088,0.047833,50.05,70.0,0.43982582952892557,0.03646362078757315
0.649933,-0.582582,-0.392913,-0.118623,50.05,70.0,-0.4040919339939267,-0.1262964277395538
0.549719,-0.878574,-0.909954,-0.428594,50.05,70.0,-0.926768520068634,-0.43183206372325605
-0.188799,0.86175,-18.518733,-31.770552,50.05,70.0,-18.53832501637378,-31.77221643831983
-0.561159,0.606579,-0.689362,0.387544,50.05,70.0,-0.6706932924115169,0.36846836675210015
0.776852,0.555609,0.708504,0.467803,50.05,70.0,0.7228869914859736,0.44938901055380354
0.122869,-0.947066,-13.908414,-27.842393,50.05,70.0,-13.925044953654215,-27.824189016523743
0.66287,0.854837,-0.474145,0.066485,50.05,70.0,-0.46761827547915763,0.052138872095635495
-0.752845,0.927004,0.015316,-0.163944,50.05,70.0,0.0006969044173912985,-0.144002616309337
0.154587,0.14005,-5.724291,0.77863,50.05,70.0,-5.7379465485199495,0.759822880376509
-0.181855,-0.439946,-0.22877,-0.381744,50.05,70.0,-0.2476389012209272,-0.37346213642506065
-0.177481,-0.927439,0.760204,-0.448868,50.05,70.0,0.7445716764475716,-0.4646748641102501
0.532751,-0.050855,0.116816,0.039054,50.05,70.0,0.12069662821534384,0.05573839512840373
-0.718202,-0.814618,-0.582354,-0.432946,50.05,70.0,-0.5989289142681153,-0.4524201362137763
0.715998,-0.215817,5.609025,-0.405926,50.05,70.0,5.591093606469547,-0.4254029289469172
0.765553,0.656272,0.649825,0.456608,50.05,70.0,0.6649629493285792,0.43672352067508124
-0.030149,-0.709019,-0.167072,4.268564,50.05,70.0,-0.15499490066495467,4.281982215448581
-0.484126,-0.704421,0.451776,-0.462302,50.05,70.0,0.43701625701012997,-0.47500316109885
0.791722,0.477391,0.427956,0.300053,50.05,70.0,0.4479062739387547,0.28927747752673644
-0.490095,0.976974,2.181451,1.333532,50.05,70.0,2.1889524446216373,1.331767909742037
0.003321,-0.188243,1.514327,-0.512731,50.05,70.0,1.5034010460635159,-0.5071587973813009
0.194007,0.675877,-3.06653,-0.027009,50.05,70.0,-3.0692226980286197,-0.045616856696234366
-0.539972,0.697959,0.267713,0.037805,50.05,70.0,0.27147102702463943,0.042407990442392865
0.602706,-0.315844,0.575214,-0.30004,50.05,70.0,0.5552638177181122,-0.31933910962505524
-0.382156,-0.90236,-0.219972,-0.211999,50.05,70.0,-0.23741906075947344,-0.20292458227979326
0.040714,0.272589,1.637412,1.528948,50.05,70.0,1.656975774447453,1.5224089249393007
-0.593772,0.469637,-0.576691,0.388669,50.05,70.0,-0.5580629464206455,0.3693316584996098
-0.809662,0.017603,-3.430925,-0.113612,50.05,70.0,-3.4416849549277475,-0.11608832067459943
-0.14478,0.689454,-18.425018,-1.150175,50.05,70.0,-18.414867493206906,-1.160661007191413
-0.348073,-0.057632,-0.384613,-0.133122,50.05,70.0,-0.3969637807426679,-0.14002256105808703
-0.627907,0.767922,0.610113,0.775356,50.05,70.0,0.5966984775360528,0.7554388031376856
0.471157,0.73949,0.534361,0.573022,50.05,70.0,0.5398204716228385,0.5551887112625863
0.600845,0.407105,0.467777,0.23781,50.05,70.0,0.48633730942994324,0.2239147638797239
0.210517,0.16739,-3.573063,-1.146729,50.05,70.0,-3.5626170945136804,-1.1356590905199202
-0.669701,0.333547,0.452286,0.314121,50.05,70.0,0.4722859996339406,0.30138048455349215
-0.07932,0.870825,7.548521,12.059017,50.05,70.0,7.537148644286673,12.078998086434787
-0.040483,-0.401197,0.629186,0.055933,50.05,70.0,0.6347066735898259,0.03593318812544389
-0.923945,-0.74096,0.901536,-0.684198,50.05,70.0,0.9070515282980859,-0.6882636445067485
0.683919,0.624055,0.735363,0.577728,50.05,70.0,0.7403682747876901,0.560524895066283
0.495889,0.400403,0.201905,-0.006986,50.05,70.0,0.2012065420522143,0.0036592581296977277
-0.431081,0.817744,0.665567,0.502007,50.05,70.0,0.6773750533933194,0.4823528606634096
-0.184187,0.369729,-0.725745,-0.176788,50.05,70.0,-0.7412098653119763,-0.19446157641752343
0.03145,0.578618,-7.468867,-24.054061,50.05,70.0,-7.484405717587885,-24.03530651934664
0.839348,0.925286,0.085198,-0.157029,50.05,70.0,0.07105944510052928,-0.13881639822015415
-0.712882,0.586937,-0.651791,0.551449,50.05,70.0,-0.6442919107350169,0.5315865811753852
0.654492,0.052256,0.319079,-0.062909,50.05,70.0,0.31289132346359505,-0.06340092385051194
0.260531,0.7413,-0.044027,-0.280591,50.05,70.0,-0.06374595359364149,-0.2610736404112257
-0.969621,-0.412647,0.582187,-4.353147,50.05,70.0,0.577716810127243,-4.372617325084401
0.640427,-0.344981,0.144881,0.088359,50.05,70.0,0.15343225614471503,0.10333687710075037
-0.094798,0.728807,1.860276,0.942328,50.05,70.0,1.840276005609716,0.9224800774458856
-0.941998,-0.158543,9.034062,-0.932087,50.05,70.0,9.054035013910148,-0.924616921082407
-0.629471,0.484266,0.174338,-0.063305,50.05,70.0,0.16811267850229922,-0.0504343217778605
-0.933502,0.628117,-0.362047,0.412715,50.05,70.0,-0.34442656523013787,0.40797185298050026
0.764901,-0.313589,1.96139,-0.398578,50.05,70.0,1.9431453355489152,-0.41713513583588
-0.497051,0.068705,-0.349644,-0.040627,50.05,70.0,-0.3536788171640214,-0.04415688558423272
0.723863,-0.033809,-1.942181,-0.041222,50.05,70.0,-1.9462740758393378,-0.06040888335514961
-0.227631,0.202895,-0.16867,-1.055442,50.05,70.0,-0.1517763116835241,-1.0421427093848403
0.064048,0.452548,-4.090936,31.544142,50.05,70.0,-4.078974815823037,31.543455579797513
-0.033046,0.590835,-17.704897,1.782496,50.05,70.0,-17.695093370223628,1.7994422632975393
0.158432,0.774637,5.412207,2.722914,50.05,70.0,5.429537517726399,2.7159153800228855
-0.676981,-0.016647,-1.313283,-0.006168,50.05,70.0,-1.313899702230994,0.013035157673372339
0.207917,0.465367,-8.222469,-20.001834,50.05,70.0,-8.212500260036872,-20.021100640517535
-0.575652,-0.982903,-0.685928,-0.827325,50.05,70.0,-0.6691524684311106,-0.8465010082794867
0.351127,-0.613454,0.669585,0.213045,50.05,70.0,0.6870829583890457,0.19346922212726844
-0.313143,-0.99773,1.042508,0.046772,50.05,70.0,1.0471426833620416,0.05636316130634975
-0.844243,0.810854,0.558143,0.132587,50.05,70.0,0.5704516567016531,0.11380557188787307
0.026402,-0.267536,1.448144,0.66663,50.05,70.0,1.4443362402778728,0.6781407560005973
-0.477255,0.77984,0.696683,0.560804,50.05,70.0,0.7033069543956137,0.5419610925711786
0.770627,-0.065417,-2.351961,-0.018573,50.05,70.0,-2.353815631620062,-0.0047333631356275205
0.54004,0.451108,0.562118,0.320503,50.05,70.0,0.5821079401011606,0.30158866069715423
-0.224651,0.289248,0.189151,0.060842,50.05,70.0,0.19514179084977268,0.07254461573894633
-0.605475,-0.211843,-0.322248,-0.132435,50.05,70.0,-0.3345446726701968,-0.13324365297100166
-0.452977,0.817963,-0.700344,0.388749,50.05,70.0,-0.6817188598344331,0.3700319608953946
-0.488497,-0.171332,-0.318391,-0.115473,50.05,70.0,-0.32930735915468534,-0.1158961418897595
0.420644,-0.242586,0.524859,-0.175954,50.05,70.0,0.509447153724979,-0.1933371750320183
0.856527,-0.357338,0.239486,0.201064,50.05,70.0,0.2563726694344049,0.20835903791246144
0.22534,-0.70511,3.206866,-2.561608,50.05,70.0,3.202079523357579,-2.580552268638277
-0.789708,-0.615352,0.364881,-0.190685,50.05,70.0,0.3485729401091152,-0.19570297658099914
-0.223458,0.346354,-2.729511,2.033203,50.05,70.0,-2.74301501820106,2.042608669113464
-0.823533,0.883665,-0.648471,0.555655,50.05,70.0,-0.6413634545934571,0.5357564446299139
-0.240889,-0.616686,1.854873,-14.662312,50.05,70.0,1.872270303805484,-14.682086185630816
-0.644143,-0.110682,-0.163968,-0.08552,50.05,70.0,-0.17226176172273827,-0.07187323636225121
-0.237555,-0.585564,24.366122,-10.59857,50.05,70.0,24.35807238608276,-10.613975762327492
0.422528,-0.57323,0.668985,0.515712,50.05,70.0,0.679660063651633,0.4961240179510076
-0.272979,0.045293,0.388933,0.011198,50.05,70.0,0.3900522150185772,0.0038936082658211054
-0.767732,0.724475,0.570706,0.302657,50.05,70.0,0.5906729335884854,0.28348107869220374
0.244014,-0.858108,37.832858,18.470517,50.05,70.0,37.813901146219145,18.486209183986148
-0.219838,-0.823206,1.581338,-5.356259,50.05,70.0,1.561398431743888,-5.357312679278646
0.371734,-0.260785,0.62912,-0.103505,50.05,70.0,0.6192253846856612,-0.12350483941196239
0.992186,-0.329435,1.879847,0.985547,50.05,70.0,1.8603089497334644,0.9655535240737216
-0.806326,0.074756,0.251947,-0.011149,50.05,70.0,0.25083267733651426,-0.005027615968442763
0.416575,-0.629792,-0.202467,0.057793,50.05,70.0,-0.19676779420577645,0.06839063841804996
-0.913158,0.557056,0.217432,0.080024,50.05,70.0,0.22522257733647705,0.08932403037635428
0.440087,0.53602,0.303185,0.229552,50.05,70.0,0.32142193278433834,0.2306488759187281
0.892198,-0.824065,0.511533,-0.23621,50.05,70.0,0.49303289052577814,-0.2528960751089002
-0.062689,0.387334,0.11545,-0.08713,50.05,70.0,0.10701000444340619,-0.07037066898061134
-0.082909,0.555455,9.860384,2.896216,50.05,70.0,9.879212849930164,2.9076279603570785
-0.470837,0.640717,0.540099,0.111003,50.05,70.0,0.5506381209730125,0.09291732831421998
0.525463,-0.550783,0.695941,-0.379167,50.05,70.0,0.6769882324597603,-0.3980346498726582
0.988073,0.5389,0.010113,-0.116019,50.05,70.0,-0.0008490679654107602,-0.09604456274494381
-0.713494,0.299691,0.083024,-0.053745,50.05,70.0,0.07771395175347444,-0.03544364137771472
0.913472,0.726182,0.695212,0.372913,50.05,70.0,0.7143551882532633,0.35402129408542127
0.933026,-0.629641,-0.581807,-0.252095,50.05,70.0,-0.6008517099441768,-0.27155660246894553
-0.368743,0.544284,0.631353,0.613397,50.05,70.0,0.6328437691612504,0.5933993019567961
-0.224825,-0.63689,-1.043778,-0.453663,50.05,70.0,-1.0591067669138883,-0.4439605890227972
-0.216781,0.559084,10.883686,-9.995901,50.05,70.0,10.88932790690506,-10.00651525740844
0.518399,0.737705,-0.476595,0.501053,50.05,70.0,-0.46471008304833183,0.4865372470802723
0.613,0.693468,-0.599796,0.689513,50.05,70.0,-0.6058204100553224,0.6697160392155374
-0.877429,-0.941393,0.887749,-0.942624,50.05,70.0,0.9077489946561035,-0.9480288324050213
0.007206,-0.881074,-1.635326,50.568555,50.05,70.0,-1.6153567209875384,50.56221341245302
-0.206681,0.309354,0.350043,-0.101955,50.05,70.0,0.34028338265973285,-0.10552415217013457
-0.679536,-0.958386,-0.529974,-0.646162,50.05,70.0,-0.5281920192846313,-0.6637924164891744
0.408858,-0.327663,2.319823,-0.373405,50.05,70.0,2.3006941160812975,-0.3620537759198565
0.96321,0.67333,0.93537,0.672206,50.05,70.0,0.9310163900727352,0.671495370004231
0.649663,0.892212,-0.761064,0.791328,50.05,70.0,-0.7756191614238035,0.7755739709965371
-0.599386,0.124133,0.133578,0.014416,50.05,70.0,0.13501835201243204,0.030118604010313493
0.304923,0.845079,-9.694049,0.50002,50.05,70.0,-9.682081159464996,0.49556876910477704
-0.762694,-0.590516,0.030397,0.144671,50.05,70.0,0.043635065288783755,0.16444044990896525
-0.802441,-0.626246,-0.744717,-0.477151,50.05,70.0,-0.7584349693487517,-0.49385838273937976
0.690436,0.151729,1.134826,-0.20588,50.05,70.0,1.117686201128273,-0.18947622328407154
0.11654,0.691715,-5.316458,-30.259043,50.05,70.0,-5.326024873327343,-30.256623986046094
-0.347152,-0.590379,-0.558609,-0.404945,50.05,70.0,-0.5765836264071026,-0.4237423945671606
-0.4972,-0.433824,-0.623608,-0.288766,50.05,70.0,-0.6434470119596425,-0.30876045298151955
0.726878,0.630787,-0.600452,0.455082,50.05,70.0,-0.5852147630449293,0.4352758220138919
-0.359214,0.682129,-8.379677,-1.608655,50.05,70.0,-8.399319748880897,-1.6184728838119806
0.550464,-0.345755,-0.348378,-0.115647,50.05,70.0,-0.35930893454745183,-0.11905220310643523
0.900547,-0.51071,-0.823598,-0.426271,50.05,70.0,-0.8405371643862466,-0.43747121839603503
0.496798,-0.315653,-0.450008,-0.239918,50.05,70.0,-0.4686458088190834,-0.25248209490296136
0.821552,-0.171859,18.215241,3.611643,50.05,70.0,18.20101507130308,3.591651988502362
-0.431857,-0.213208,0.149243,0.008047,50.05,70.0,0.15004748290210665,0.0227322724851361
0.609328,0.974642,0.955181,0.716354,50.05,70.0,0.9466590017434702,0.7176234664255511
0.809897,-0.068276,-0.220375,0.031287,50.05,70.0,-0.21725904527200882,0.04032548622535746
0.480357,-0.642979,1.227514,-0.585744,50.05,70.0,1.2232886284023863,-0.5659556637733261
-0.539656,-0.004559,-0.303843,-0.009349,50.05,70.0,-0.3047775595629733,-0.008317830866563427
-0.625407,0.792223,-0.35073,-0.066487,50.05,70.0,-0.35725691357126765,-0.07012372818081265
0.884539,0.454231,0.634508,0.22772,50.05,70.0,0.6526689594708128,0.2077295766181373
0.258919,-0.355766,-2.64352,0.844664,50.05,70.0,-2.661175412761565,0.8605707837932628
0.640323,-0.096366,6.59603,-2.842747,50.05,70.0,6.576088598039558,-2.842615543692689
0.378971,-0.630194,-0.210922,-0.090393,50.05,70.0,-0.21965668143558129,-0.08052166092439711
0.33148,-0.810931,7.501679,-0.699914,50.05,70.0,7.508686610377932,-0.6802766279874186
0.683813,0.84005,0.305453,0.045855,50.05,70.0,0.3099984311109062,0.04672535159249152
0.720157,-0.321581,0.46678,-0.392908,50.05,70.0,0.44831041438669034,-0.40673135554978423
-0.811353,-0.40849,0.002008,0.090743,50.05,70.0,0.010774153717535456,0.11074199199246745
0.507208,0.643552,1.059418,0.278154,50.05,70.0,1.0790947795834462,0.28919300188186864
0.176969,0.321501,0.640334,0.444299,50.05,70.0,0.6562472155351163,0.4243350820210257
-0.536896,0.393727,0.356939,0.149303,50.05,70.0,0.37052069380306063,0.14505757342298742
-0.636062,-0.301778,-0.451168,-0.404238,50.05,70.0,-0.46917351596612333,-0.4168921366454978
0.011042,-0.420529,-1.071867,0.952632,50.05,70.0,-1.0918412285722954,0.9646870472597404
0.16086,-0.418502,-21.977755,-2.87022,50.05,70.0,-21.99729906934476,-2.8901751697942317
0.244229,0.756595,7.949212,-0.517376,50.05,70.0,7.938678018747765,-0.5265432491544629
0.086069,0.562113,-0.700002,0.881583,50.05,70.0,-0.7190820956139565,0.8628539364117661
-0.561035,0.681021,-0.469231,0.128477,50.05,70.0,-0.45724886521117725,0.11447755451969627
-0.080098,-0.2089,1.516108,-0.605497,50.05,70.0,1.513830796188875,-0.6000960640578671
-0.990464,-0.728652,-0.843684,-0.930765,50.05,70.0,-0.8237182875965097,-0.9402474826790268
-0.45312,0.406722,-0.271179,0.09351,50.05,70.0,-0.26216498827932083,0.09777502051740387
-0.228722,-0.126258,-0.213416,-0.183486,50.05,70.0,-0.22929684073029186,-0.17383232792006195
-0.015801,0.433705,-0.120616,-0.122826,50.05,70.0,-0.13214095422252592,-0.10635414791775086
-0.717108,-0.427236,-0.462278,-0.363577,50.05,70.0,-0.4816705717661273,-0.3770715240354571
-0.563009,-0.493377,-0.420467,-0.225813,50.05,70.0,-0.43854725734373384,-0.2359502064074551
-0.193404,-0.53741,4.895822,-4.775555,50.05,70.0,4.914832777466151,-4.759677380307636
-0.252361,0.57094,2.046825,-0.29907,50.05,70.0,2.0268818944869316,-0.31286942434084536
-0.214209,-0.218399,-0.185179,0.047706,50.05,70.0,-0.1804535099341482,0.05972839171704425
-0.632854,-0.372725,0.211113,0.055235,50.05,70.0,0.2165665519770178,0.06508972315764201
-0.393729,0.594645,-0.47218,0.118664,50.05,70.0,-0.4609976665062922,0.10445547523000477
0.203804,-0.674407,-1.169721,-2.230297,50.05,70.0,-1.1499635894961904,-2.212156063493099
-0.755969,0.434919,0.611139,0.375916,50.05,70.0,0.6301930783264492,0.3559897387126719
-0.313512,0.795662,10.245834,-3.642676,50.05,70.0,10.257716476103308,-3.6312660942041286
0.691324,-0.922649,0.76758,-0.666658,50.05,70.0,0.7713905084697942,-0.6820023168012771
-0.956919,-0.931959,0.551988,-0.480795,50.05,70.0,0.5385374657622468,-0.49935600729192897
0.567538,0.611486,0.339939,-0.045858,50.05,70.0,0.3353932767401783,-0.04842884061080294
-0.746708,0.071491,-2.749646,0.148183,50.05,70.0,-2.7361467334400045,0.15576709935452535
-0.444771,0.73058,-0.608755,-0.275737,50.05,70.0,-0.6283870660765672,-0.2956413933356642
0.854477,-0.806902,-0.798741,-0.792545,50.05,70.0,-0.7841026425688753,-0.8057128942034805
0.397137,0.680024,-0.465938,-0.050843,50.05,70.0,-0.4709677143061064,-0.0646053823633559
-0.834899,-0.147286,0.268176,0.391655,50.05,70.0,0.28669329396433774,0.39621292105898503
0.557306,0.647824,-0.483015,0.080103,50.05,70.0,-0.4752171472588429,0.06515315699062887
-0.013714,-0.484798,-0.02317,-0.377553,50.05,70.0,-0.042173692188694614,-0.3576870621844604
-0.001738,0.783764,-0.525965,-34.748022,50.05,70.0,-0.5096674937093798,-34.765459604326885
0.728434,0.796375,0.741145,0.789391,50.05,70.0,0.7267233651591843,0.7724899432418575
0.666373,-0.268389,0.618687,-0.422118,50.05,70.0,0.6015307051372456,-0.44209481288574515
-0.809481,-0.951604,0.84135,-0.752328,50.05,70.0,0.8529714738821862,-0.7620153312167989
0.38983,-0.127105,0.485682,-0.236503,50.05,70.0,0.46717077773675286,-0.251628669551468
-0.249885,0.186124,0.197597,-0.162224,50.05,70.0,0.18309582083638537,-0.15121653324226542
0.192835,0.98373,-0.895457,-0.723213,50.05,70.0,-0.8863196170992381,-0.7278718821333765
-0.451777,0.989835,0.967524,-33.156478,50.05,70.0,0.9543059509253617,-33.153979921056404
0.16357,-0.879379,-0.039229,0.281448,50.05,70.0,-0.019495910919789968,0.3010645032765316
0.278266,0.821534,-5.423412,0.112484,50.05,70.0,-5.412747300042608,0.10444725288806098
-0.481611,-0.434436,0.655573,-0.303891,50.05,70.0,0.6355993535287654,-0.32370558567367735
0.43935,0.154407,0.437101,0.144912,50.05,70.0,0.45035712077473605,0.1333775890037058
-0.88708,0.84322,-0.760884,0.73316,50.05,70.0,-0.7708945389032196,0.7173948883495208
-9.7e-05,0.372593,-2.435413,1.062524,50.05,70.0,-2.451917102987995,1.0810274566846005
0.163871,0.184908,0.673838,3.58147,50.05,70.0,0.6576608567873331,3.56198577329737
-0.249782,-0.08658,0.154375,-0.011093,50.05,70.0,0.1532662686813616,0.0032390830970266925
0.845754,0.589549,-0.177955,-0.051328,50.05,70.0,-0.18303164073016748,-0.03873626296433153
0.549639,-0.215333,-0.051935,0.070595,50.05,70.0,-0.045021181605500726,0.08992446956549874
0.893911,-0.038491,-1.281766,0.028449,50.05,70.0,-1.2789306840792374,0.048291341682728486
-0.920991,0.896895,0.663757,0.753462,50.05,70.0,0.6520434227233647,0.7337751506525025
0.109909,-0.75893,-17.595443,12.065484,50.05,70.0,-17.607341294959095,12.085482407200587
0.671498,-0.131776,-0.95931,-0.028186,50.05,70.0,-0.962119279100851,-0.02650476596742323
-0.753143,-0.067002,1.658141,0.142057,50.05,70.0,1.6711819975536135,0.13359754712357583
-0.108027,0.383957,0.549184,-0.149693,50.05,70.0,0.5355737036999262,-0.16814775025924464
-0.831036,0.785861,0.876848,0.783229,50.05,70.0,0.8628600761578518,0.7767831733733963
-0.034277,-0.097045,0.04633,-0.040975,50.05,70.0,0.04226110448616674,-0.021509221862817073
0.956918,0.912581,-0.77325,0.952012,50.05,70.0,-0.7932272790422081,0.9370374679247909
-0.255101,0.509736,-2.607899,-1.796758,50.05,70.0,-2.616435662323946,-1.7789550210511043
-0.871018,0.796829,0.602801,0.131971,50.05,70.0,0.6150610459330976,0.11213356538567427
0.301826,0.78695,0.434781,1.600184,50.05,70.0,0.4545654793582956,1.5888398912066746
0.276484,0.869001,2.044076,-1.681003,50.05,70.0,2.027036321205017,-1.6950000973052397
-0.696747,-0.231168,-0.394173,-0.618406,50.05,70.0,-0.3951638472932744,-0.6261956318720181
0.759962,0.677089,0.75199,0.663435,50.05,70.0,0.7484963687999253,0.6471383640464543
-0.157852,0.981167,24.962054,-16.88833,50.05,70.0,24.954610492861942,-16.875182045052373
0.476035,0.718923,-0.749152,-0.015507,50.05,70.0,-0.7507011467492353,-0.03196650788473842
0.941029,-0.120916,4.689657,0.114192,50.05,70.0,4.700465800497671,0.11192369321364479
-0.229814,-0.491647,-13.519371,-9.28494,50.05,70.0,-13.532242956073393,-9.283888226440002
0.884391,-0.037779,-4.716799,0.163296,50.05,70.0,-4.702224202271073,0.1637369662260392
-0.95128,-0.157617,0.402332,-0.008099,50.05,70.0,0.4015223213335992,-0.01663341431753694
0.934517,0.422035,-0.380606,0.586228,50.05,70.0,-0.3764279482464153,0.5797048926460328
-0.853466,-0.200532,-0.851997,-0.220112,50.05,70.0,-0.869826224682697,-0.22885457864677994
-0.340747,-0.938106,-8.688827,19.079801,50.05,70.0,-8.670561723755887,19.09697404273989
-0.75057,-0.823448,0.63865,-0.485524,50.05,70.0,0.6255531734295948,-0.5054973211190851
0.314294,0.340633,-0.062232,-0.044107,50.05,70.0,-0.06660703393919937,-0.025067418775663083
-0.98621,0.765372,-3.583738,-2.316709,50.05,70.0,-3.5670966403215854,-2.3047662076346525
-0.390752,0.625869,0.149251,0.588748,50.05,70.0,0.15318228663846364,0.6034327293818348
0.982101,0.177313,-1.271366,-0.019254,50.05,70.0,-1.273288427304619,0.0006917891000916762
0.092572,-0.150372,-0.27236,-0.405388,50.05,70.0,-0.2903151567911547,-0.4012384365681806
0.691049,0.467416,0.609044,0.519944,50.05,70.0,0.6193588256092324,0.5000368050215543
-0.134117,-0.11247,-5.168094,10.439367,50.05,70.0,-5.149379985231346,10.454563807646034
-0.285068,0.856703,-9.953488,-2.142544,50.05,70.0,-9.934282745478908,-2.1249736124849403
0.599605,-0.430619,-0.414481,-0.165076,50.05,70.0,-0.4291771116170592,-0.17469273322424506
0.586511,-0.514165,-0.247884,-0.026398,50.05,70.0,-0.25051614185607674,-0.019891104310060644
0.436752,0.498402,0.313544,-0.202498,50.05,70.0,0.2965809289754793,-0.2024364735611477
0.649163,0.486065,0.500814,0.280567,50.05,70.0,0.5205325525211033,0.2644955448994817
-0.706875,-0.44033,-0.458238,-0.348198,50.05,70.0,-0.47794903964675345,-0.3613916117327916
-0.628773,0.210719,0.309941,0.112004,50.05,70.0,0.3205650628583373,0.11242579526208832
-0.445545,-0.2719,0.104708,0.024614,50.05,70.0,0.10716319121751834,0.04193509580175396
0.182465,0.690173,1.141283,-0.823786,50.05,70.0,1.1578632254032775,-0.8070214353343936
-0.255236,0.240339,-0.252368,0.08355,50.05,70.0,-0.24425390054931803,0.08963129090903109
-0.620371,-0.567237,-0.651782,-0.435499,50.05,70.0,-0.6682126954107444,-0.4553615241883019
0.440372,-0.663347,-0.740954,-0.376797,50.05,70.0,-0.7599811199549454,-0.3937082614910584
-0.880857,-0.564273,-0.518437,-0.096115,50.05,70.0,-0.5276827824251222,-0.11317167968761327
0.259032,-0.451376,0.82968,-1.332549,50.05,70.0,0.8222697692847105,-1.3432402329374857
-0.269688,-0.653316,-19.692454,3.24931,50.05,70.0,-19.702712466128386,3.239758393621022
-0.284428,-0.378314,-0.072731,0.084358,50.05,70.0,-0.06454311543725086,0.10305006025789004
-0.329711,0.555533,0.317222,0.150576,50.05,70.0,0.33089686388324596,0.15026973850638378
0.835368,0.034482,0.705305,-0.013472,50.05,70.0,0.7039588185596143,-0.032008476769519276
-0.457474,-0.761065,-0.288162,-0.218929,50.05,70.0,-0.3059373117265699,-0.21633658830443137
0.774462,0.389179,-0.626027,0.380815,50.05,70.0,-0.6071275034118565,0.36081631276389636
0.938863,-0.536793,0.850227,-0.41826,50.05,70.0,0.8328756239120086,-0.42716142779759614
0.125013,-0.898872,-19.681635,13.731317,50.05,70.0,-19.690486234458326,13.720829284563068
0.662755,0.924025,0.760574,0.32585,50.05,70.0,0.7805398414087306,0.3100658315076123
0.085593,0.560386,11.820984,21.546743,50.05,70.0,11.836890757568032,21.53007251882279
0.41514,-0.734023,1.222598,0.695764,50.05,70.0,1.215980562369518,0.7154750341116966
-0.726877,-0.629034,0.687977,-0.582986,50.05,70.0,0.6834824640414598,-0.6021027948420651
-0.176321,0.573463,-0.276605,22.225745,50.05,70.0,-0.29504319965415415,22.229478397224657
0.187165,-0.314384,-9.527992,0.055302,50.05,70.0,-9.522532002222494,0.03790669769767438
0.146311,-0.951296,16.234135,-1.781206,50.05,70.0,16.22421913589971,-1.763758280925226
-0.431101,0.478048,0.371895,0.105432,50.05,70.0,0.38195661867410097,0.09973828354916194
0.549656,0.076324,-0.567831,0.01811,50.05,70.0,-0.5660224738084115,-0.0009822655113811696
0.781124,0.349446,0.709176,0.430121,50.05,70.0,0.725907349725363,0.4117333407473718
-0.865175,-0.999236,-0.472141,-0.209063,50.05,70.0,-0.4894426518829197,-0.2232687797903707
-0.157053,0.405738,-6.381306,28.102713,50.05,70.0,-6.366173911017195,28.120353973842786
-0.755963,0.528084,0.617692,0.556427,50.05,70.0,0.6247273320241685,0.5364552241479212
-0.487682,-0.478583,0.499816,-0.268278,50.05,70.0,0.48033996864877615,-0.2842898536441615
0.462494,-0.861455,0.946581,-0.561688,50.05,70.0,0.9400405208624459,-0.5612777083915463
-0.466765,-0.912847,-2.384297,5.811106,50.05,70.0,-2.398379585043357,5.827089370603674
-0.226872,0.955902,-15.997156,24.265379,50.05,70.0,-15.978550083583311,24.262888825924566
-0.162475,-0.719778,0.888116,-2.698135,50.05,70.0,0.8721519614953953,-2.7035044888391524
0.687722,0.54206,0.66985,0.549097,50.05,70.0,0.6775666062599438,0.5295266684023613
0.400881,-0.399598,-0.596528,-0.184098,50.05,70.0,-0.6124459675277854,-0.20384587206470228
-0.051762,0.042292,0.050887,0.043723,50.05,70.0,0.05522455592477877,0.06307911319771435
0.80431,0.03262,-1.884417,-0.098594,50.05,70.0,-1.8938818867447649,-0.11859392747966677
0.247302,0.400864,8.439207,26.6398,50.05,70.0,8.45819994764009,26.635523949926732
-0.671346,0.693158,-0.587907,0.572597,50.05,70.0,-0.58240665481937,0.5530038857860392
-0.085705,-0.445571,-0.227951,1.186834,50.05,70.0,-0.2347904529559727,1.1951903421325925
-0.711397,-0.453566,-0.532546,-0.347873,50.05,70.0,-0.5522625182494902,-0.36562339103729086
0.9177,-0.212045,5.850582,-0.305171,50.05,70.0,5.830602193829369,-0.316335090244288
0.163355,-0.492438,4.198462,-3.028235,50.05,70.0,4.187723493803462,-3.0390605849313967
-0.404706,0.113332,0.494269,-0.04906,50.05,70.0,0.48941205289866674,-0.06473335704873455
0.767686,0.504879,0.251178,0.033041,50.05,70.0,0.25446709086601116,0.03923554811448502
-0.506937,-0.086758,-0.455813,-0.118177,50.05,70.0,-0.46695492374879755,-0.13118739645016356
-0.141352,0.298873,1.325457,-0.101013,50.05,70.0,1.3157797134871458,-0.0821854089586746
-0.844894,-0.128485,1.120307,0.561901,50.05,70.0,1.1268273465903422,0.5774316791743036
0.556873,-0.629055,-0.142854,0.043368,50.05,70.0,-0.13855110594605297,0.05847943281377297
-0.533751,-0.757322,-3.365455,-0.759421,50.05,70.0,-3.3532636904276214,-0.7681470370663768
-0.307899,-0.865909,-0.603351,-0.164436,50.05,70.0,-0.618003626668655,-0.1842803578929858
0.666578,-0.817336,0.666006,-0.815483,50.05,70.0,0.6821077426090334,-0.8351289631411257
-0.958724,0.726428,-0.543929,-0.077413,50.05,70.0,-0.5514784434683351,-0.09565886065739508
-0.917198,0.651767,4.111808,0.892928,50.05,70.0,4.0924186624475265,0.8901631282884026
0.241245,0.603733,5.508181,21.792342,50.05,70.0,5.524945639439731,21.777484331825168
0.947468,0.092476,7.652107,-0.006928,50.05,70.0,7.6514143385435585,0.010001965838982472
0.250074,0.997909,18.052197,-10.280008,50.05,70.0,18.03407005379925,-10.293279604262338
-0.148334,0.95192,-0.090749,0.353782,50.05,70.0,-0.07114020821498065,0.3717582369169183
0.919548,0.83643,0.832302,0.80227,50.05,70.0,0.8170185510990315,0.7918012724149849
-0.121959,0.228772,-0.05495,0.263554,50.05,70.0,-0.03558681478681778,0.28280386108571964
0.969956,0.052438,-0.965567,-0.096798,50.05,70.0,-0.9748732920022486,-0.09449420498949912
-0.668762,0.118629,-0.409674,0.426499,50.05,70.0,-0.39274696845374074,0.417306486423111
-0.199036,0.801214,-6.406586,-27.928612,50.05,70.0,-6.426337466755188,-27.912299682144475
-0.002905,-0.832388,1.081159,39.778314,50.05,70.0,1.0646473599790145,39.791097207279556
0.048552,0.015929,-0.045459,0.015748,50.05,70.0,-0.04388582678569429,0.0352335902257198
-0.279982,0.337951,0.744712,-0.005767,50.05,70.0,0.7441353799135747,-0.022474657578844374
-0.055359,-0.424487,-0.652157,0.114416,50.05,70.0,-0.6413293593166404,0.09455790003938701
-0.356094,-0.866029,-0.679283,0.241591,50.05,70.0,-0.6605851575800599,0.2222368381455884
0.651257,-0.323934,0.547725,-0.301904,50.05,70.0,0.5277625361350297,-0.3203020256216683
-0.35161,0.482858,-0.022808,-0.053256,50.05,70.0,-0.0280708874331457,-0.03338591033276255
-0.611901,-0.21455,0.983735,-0.390101,50.05,70.0,0.9651595468952399,-0.3860044783429198
0.064391,0.223681,0.020365,-0.068243,50.05,70.0,0.013672354147467052,-0.048346593751972616
-0.594221,0.933,-0.88524,0.641381,50.05,70.0,-0.8865453184494387,0.6357350345765022
0.931112,-0.795564,0.140303,0.120205,50.05,70.0,0.15161276291276923,0.1354823064023878
0.951181,0.495171,-0.270695,-0.167119,50.05,70.0,-0.28552891462412755,-0.16280670534142758
0.334677,0.917845,1.174552,0.296512,50.05,70.0,1.1944741940068433,0.31485102416930855
0.227043,-0.08497,0.599769,0.017614,50.05,70.0,0.6015281238844474,-0.0021825768538015836
-0.093776,-0.091092,-0.085507,-0.018047,50.05,70.0,-0.08730925191212686,0.00015281147246848717
-0.977129,-0.601894,-4.479247,-1.261873,50.05,70.0,-4.479770534048653,-1.2802543668142519
-0.040478,-0.317925,18.358819,0.450396,50.05,70.0,18.37435555777498,0.4349444813398797
0.638121,0.899668,-0.730805,0.757611,50.05,70.0,-0.7428523271190949,0.7401799097813848
0.721323,-0.732539,-0.666679,-0.638015,50.05,70.0,-0.6657097328924653,-0.65764824502307
0.221631,0.955119,-1.446993,1.500449,50.05,70.0,-1.4282174838272217,1.5120536907862019
0.689506,0.531502,0.601573,0.440468,50.05,70.0,0.6177153419792301,0.4206465645082085
0.948226,0.831833,0.858539,0.874627,50.05,70.0,0.8396789361785071,0.8664773797831061
0.621649,0.049901,-0.769332,-0.081859,50.05,70.0,-0.77729125317597,-0.09709035814565647
0.686604,-0.242917,-0.914844,1.400692,50.05,70.0,-0.901652176745446,1.3979374044634691
-0.702825,-0.383616,-0.521759,-0.494777,50.05,70.0,-0.5341427513246829,-0.5120047877731524
0.563194,-0.40522,-0.303088,-0.032189,50.05,70.0,-0.3062930213024123,-0.03108243880967757
-0.538062,0.792068,-0.499561,0.562123,50.05,70.0,-0.49306164449840867,0.5461264391943744
0.292039,0.298833,-2.241026,0.68285,50.05,70.0,-2.2464118313009256,0.6870105070462681
0.484731,0.870734,0.095273,-0.496952,50.05,70.0,0.08306076796637007,-0.4791786474727892
0.427395,-0.764755,-1.252823,18.333242,50.05,70.0,-1.2634471144706598,18.353238363344055
0.755761,0.074614,8.031506,0.772254,50.05,70.0,8.018323158703287,0.7567425459443866
0.038454,0.297903,-0.037173,-0.334109,50.05,70.0,-0.057073584493311874,-0.31445346461660284
0.85364,-0.87203,0.859881,-0.864873,50.05,70.0,0.8783941702682018,-0.8728998843966743
-0.212673,-0.402337,-0.015843,0.290193,50.05,70.0,0.0040135762794487675,0.3101302826440778
-0.084885,-0.656933,18.752624,16.778082,50.05,70.0,18.76868733243317,16.795778671831837
0.931434,0.603973,-0.827921,0.5816,50.05,70.0,-0.8232915181838018,0.5707605241942673
0.975825,0.696638,0.434174,-0.018753,50.05,70.0,0.43230144669289444,-0.030047065539653
0.399093,-0.440788,2.504872,-0.922597,50.05,70.0,2.5247732698243355,-0.9026146463216387
-0.326962,0.74847,-5.442733,9.419104,50.05,70.0,-5.442165680031055,9.409338230612121
-0.463773,-0.631962,-0.422491,-0.38731,50.05,70.0,-0.44116808945538594,-0.3976211588432771
0.606867,-0.382601,-0.591658,-0.390265,50.05,70.0,-0.6102273682018704,-0.4099299411111358
-0.374727,-0.030196,1.588674,0.344636,50.05,70.0,1.6084422411510864,0.3428506125220821
0.490328,0.937071,-4.721384,-0.416196,50.05,70.0,-4.738837096556905,-0.41529680125381585
-0.640092,-0.034074,-1.589189,0.022811,50.05,70.0,-1.5869128424154724,0.020974324110628054
-0.676531,-0.452775,0.491558,-0.213146,50.05,70.0,0.47405515233791384,-0.22864952041103448
0.218646,0.785056,28.39941,0.678227,50.05,70.0,28.39447078985774,0.6620121924098415
0.430847,-0.758634,0.012755,-0.489776,50.05,70.0,-1.7539219054084343e-05,-0.4698166587226791
-0.353655,0.126333,0.276057,-0.026859,50.05,70.0,0.2733791661564131,-0.023071780093126437
-0.718879,-0.193345,-1.338521,0.116244,50.05,70.0,-1.3275401197373549,0.13459103968470684
0.451968,0.228665,-0.490894,0.188004,50.05,70.0,-0.4747426020799179,0.1725425128434356
-0.82665,0.500868,-0.747077,0.454092,50.05,70.0,-0.7317758237661494,0.43751550409625073
0.084686,-0.688355,-1.784975,1.137646,50.05,70.0,-1.7961844348329365,1.1200934183831244
0.819478,0.968319,-0.821823,0.923275,50.05,70.0,-0.841730883954067,0.9119281685000424
0.529086,0.340937,0.454601,0.239849,50.05,70.0,0.4732363048049162,0.22693089198026647
0.124221,-0.215877,-0.049067,-0.048802,50.05,70.0,-0.053898915402580384,-0.02940087971662958
-0.249887,0.154412,0.129822,0.043079,50.05,70.0,0.13409666634645384,0.05901144198180174
-0.798282,-0.729036,-0.266393,0.043279,50.05,70.0,-0.2620987979532203,0.04801034575388947
-0.902111,0.216989,0.360923,-0.068823,50.05,70.0,0.3541757261372217,-0.07345687932119549
0.940947,0.495836,0.528956,0.35645,50.05,70.0,0.5485105369777915,0.3388678760636427
-0.481566,0.312497,0.508785,0.190442,50.05,70.0,0.5250789807394026,0.17390899378568353
0.142775,-0.384854,-3.553438,-0.49689,50.05,70.0,-3.5656551414141116,-0.4875051919200153
-0.23579,-0.917176,17.441017,-4.307848,50.05,70.0,17.432283333764065,-4.293344520462779
-0.973272,0.216675,0.856315,-1.381468,50.05,70.0,0.8446267689792826,-1.3898202108907258
-0.34528,0.875288,15.537742,-0.65527,50.05,70.0,15.540428997225643,-0.6684530314155451
0.970821,0.584691,-0.358807,0.268729,50.05,70.0,-0.3393207624605872,0.2643012182805808
0.905472,0.260251,2.621206,-0.29646,50.05,70.0,2.6012842649002725,-0.27930232492586243
0.042724,0.056192,-0.024848,0.047041,50.05,70.0,-0.02018715307883239,0.06688684266941816
0.420962,-0.883574,0.697436,-0.445006,50.05,70.0,0.6815657097950975,-0.46382353303378965
-0.221496,-0.680229,-2.027233,0.990397,50.05,70.0,-2.0466616784557323,0.9752478594445904
-0.600627,-0.732499,-0.402573,-0.724418,50.05,70.0,-0.3933285947569465,-0.7329742037573966
0.88562,0.621065,0.001758,-0.121263,50.05,70.0,-0.00963886348893676,-0.10126377263602522
0.245041,0.408694,-0.349051,0.623585,50.05,70.0,-0.34857769111903775,0.6201134989350277
0.920648,-0.670799,0.80479,-0.535111,50.05,70.0,0.7958029992595722,-0.5478176495400437
-0.113112,0.93248,0.263171,0.738829,50.05,70.0,0.25267377076086295,0.7438727726458642
0.193675,-0.897625,0.8895,-0.405855,50.05,70.0,0.8715654629902371,-0.41109104244674993
-0.386571,0.90139,-0.33061,0.113891,50.05,70.0,-0.31982653734833766,0.11224778091162349
-0.336842,0.692637,-0.277033,0.243794,50.05,70.0,-0.2582581019376452,0.2474853410164282
-0.852945,0.556471,0.510632,0.343857,50.05,70.0,0.5304119159694752,0.32722076662877136
0.605784,-0.587049,0.733963,-0.489105,50.05,70.0,0.721138898206307,-0.5063790873988568
-0.531459,-0.233835,0.096134,0.045152,50.05,70.0,0.1006109428229737,0.06288570663337632
-0.062532,-0.967839,15.36953,47.697368,50.05,70.0,15.36411442959368,47.6997894451041
-0.465859,0.306827,0.481705,0.163493,50.05,70.0,0.4962932810313232,0.14863049651409782
0.837445,0.935393,-0.528101,0.339951,50.05,70.0,-0.5082670730481818,0.3224097881200142
-0.845028,-0.387269,0.222821,-0.89338,50.05,70.0,0.24222137207423122,-0.8845603812506498
-0.827238,0.607695,-0.936123,0.467915,50.05,70.0,-0.9217477931482476,0.46727962731544315
-0.465626,0.224754,0.233759,0.018222,50.05,70.0,0.23557868002269927,0.02604721810510064
-0.556584,-0.506684,0.524009,-0.197083,50.05,70.0,0.507338970862871,-0.21442398284683678
0.162914,0.088383,0.330434,-0.124236,50.05,70.0,0.3187940973524667,-0.12586167795869324
-0.544807,-0.57516,0.676432,-0.392398,50.05,70.0,0.6579429083937969,-0.4118220591759878
-0.715173,0.081294,0.098482,0.043092,50.05,70.0,0.10275793629708221,0.060715921779601265
0.315281,0.93432,0.090564,1.681926,50.05,70.0,0.10755517219041225,1.6999103384163365
-0.884731,0.326439,0.425324,-0.022495,50.05,70.0,0.4230792399312422,-0.03304786323189503
0.461155,0.640113,-0.293997,0.144439,50.05,70.0,-0.2807763340848694,0.14645181314481714
0.379811,-0.51014,1.130898,-0.206301,50.05,70.0,1.1137365435928768,-0.19012509053383195
0.073488,-0.890418,-9.946553,-4.643078,50.05,70.0,-9.927742030949476,-4.625849397577236
0.740424,0.310168,-4.484619,-0.657931,50.05,70.0,-4.4816685608537785,-0.6760940524129933
-0.998401,-0.118613,4.997493,0.164785,50.05,70.0,5.012169358184364,0.18457431910326882
0.471691,-0.28775,-0.530325,-0.240653,50.05,70.0,-0.5489893442812962,-0.25829996162413127
-0.21888,-0.714316,-1.665794,-1.009605,50.05,70.0,-1.6469099797002216,-1.0187515620227836
0.496465,0.084204,-0.59548,-0.744293,50.05,70.0,-0.5845216569026594,-0.7640240128476791
-0.779678,-0.048945,0.087765,-0.015293,50.05,70.0,0.08623718984078556,0.0028120303482988603
-0.616454,-0.744404,-0.585437,-0.359581,50.05,70.0,-0.6049234296359675,-0.37912305196769636
0.801469,0.293599,-0.19978,-0.026865,50.05,70.0,-0.20245842843996448,-0.016040448062362003
0.519471,0.74712,-0.567264,0.632631,50.05,70.0,-0.5676952135120314,0.613555699177959
0.848052,-0.787522,-0.721621,-0.641912,50.05,70.0,-0.720262699427571,-0.659774847461616
0.114143,0.403961,0.876473,0.556635,50.05,70.0,0.8834888575979647,0.5501536857047795
-0.62995,0.42619,0.141109,-0.0837,50.05,70.0,0.1329811927713542,-0.06847483479532768
0.970599,0.854753,0.618765,0.307555,50.05,70.0,0.6387540969105557,0.287577813148977
-0.162828,-0.657832,-0.248907,-0.300055,50.05,70.0,-0.2688572880323298,-0.2936449234241576
-0.189049,0.649583,-0.089641,0.360958,50.05,70.0,-0.07018603670002145,0.3789825282887197
-0.461813,0.310963,-0.576415,0.217666,50.05,70.0,-0.5586979334422162,0.19833572264816324
0.358551,0.162899,0.290608,0.061023,50.05,70.0,0.2966160573124575,0.06337268739408265
-0.149132,-0.453602,0.163701,0.295574,50.05,70.0,0.1836147091003704,0.309240270150106
0.314522,0.170623,-0.24521,-0.168448,50.05,70.0,-0.260132727345811,-0.16168884118514898
-0.338827,-0.658105,-8.730144,-1.102903,50.05,70.0,-8.716240399543334,-1.083992397947986
-0.775693,0.928842,0.679094,0.405307,50.05,70.0,0.6970527232821901,0.38594808259910146
-0.960885,0.401149,0.308453,-0.031851,50.05,70.0,0.3052813464371325,-0.031280450879432736
0.119065,-0.868248,0.031473,-0.097242,50.05,70.0,0.022127430508238063,-0.07748912681808673
-0.646464,0.879078,0.758814,0.766963,50.05,70.0,0.7460336180999075,0.751071357983333
0.655881,-0.601043,-0.68318,-0.483002,50.05,70.0,-0.6964663845391563,-0.50225426109406
0.268661,-0.622956,15.615489,3.323893,50.05,70.0,15.599680509384743,3.3059930554528383
-0.016782,-0.056533,-0.013455,0.053791,50.05,70.0,-0.008140516987065055,0.07374575781117726
-0.152103,-0.397155,-2.404795,1.251742,50.05,70.0,-2.405284457272708,1.2688714909959502
-0.977473,-0.390277,1.304485,0.198919,50.05,70.0,1.32125576747433,0.21834936842197786
0.611411,-0.01422,1.535566,0.052175,50.05,70.0,1.5407245208920295,0.055679841328486274
-0.99945,0.250878,12.54465,-1.524933,50.05,70.0,12.525173560805168,-1.5050508303899106
0.507114,-0.930691,-7.885891,10.264926,50.05,70.0,-7.8684522315441905,10.261748583827831
-0.122965,-0.666637,12.388793,31.44845,50.05,70.0,12.39203103096375,31.4610710348286
-0.176332,0.39499,-16.667022,3.492371,50.05,70.0,-16.68668769622457,3.4907148051475527
0.599444,0.861849,0.480802,0.452319,50.05,70.0,0.496216747677578,0.437517072260765
-0.911297,-0.175378,-16.226945,3.058673,50.05,70.0,-16.21888855467392,3.0757580613217033
0.423614,-0.32738,0.696214,0.392608,50.05,70.0,0.7146950742797171,0.3737494233003671
-0.281347,-0.598914,-0.023404,-1.529082,50.05,70.0,-0.04297055347915857,-1.5092187806112412
0.044325,0.968071,-12.211984,-45.941728,50.05,70.0,-12.204707402257245,-45.94572366575957
0.363876,-0.332989,0.332387,0.150341,50.05,70.0,0.34604470596340225,0.1485207488924727
-0.539462,-0.733387,-0.52296,-0.751125,50.05,70.0,-0.5114366420293548,-0.7684134810081397
-0.039172,-0.36247,-0.922142,-0.519805,50.05,70.0,-0.932468731863988,-0.5218350773524839
-0.037121,0.110918,-10.026965,8.817097,50.05,70.0,-10.024904903444511,8.836926529009768
0.19211,0.788384,1.827562,-0.128196,50.05,70.0,1.8156023758338786,-0.1473781297571753
0.368303,0.063789,-0.340281,-0.245773,50.05,70.0,-0.35912317670248217,-0.24837775311449414
0.099302,0.96613,-18.320459,-19.035065,50.05,70.0,-18.336462001590927,-19.05265383625749
-0.246319,0.112853,0.170322,-0.097085,50.05,70.0,0.16099031391627433,-0.0839095454083143
0.719706,0.092726,-0.381692,-0.020675,50.05,70.0,-0.3837558196149492,-0.02730067202004245
0.450565,0.644183,-4.160799,-2.06581,50.05,70.0,-4.145079494085031,-2.073296017911846
0.784141,-0.935775,0.448446,-0.217661,50.05,70.0,0.4307291654304468,-0.23010318185157014
0.423539,0.421324,0.636471,-0.02381,50.05,70.0,0.6340956202958681,-0.04379338661169989
-0.805991,-0.289038,-0.26863,-0.929379,50.05,70.0,-0.2486728792839587,-0.9248652959665125
0.143933,-0.923381,2.394405,3.058129,50.05,70.0,2.4025112065975205,3.074699302207576
0.731248,0.079682,0.628975,-0.022525,50.05,70.0,0.626727258912449,-0.04252489226211716
-0.788124,-0.001345,-0.364323,-0.009708,50.05,70.0,-0.3652934188228151,-0.014671941977908144
-0.608761,0.558377,0.167007,-0.070738,50.05,70.0,0.1600797649912624,-0.05731496526258318
0.63448,-0.29055,0.480286,-0.451142,50.05,70.0,0.4647965267832087,-0.46590917747224314
0.733934,-0.76475,0.087529,0.139858,50.05,70.0,0.10040248973910564,0.15797304481692984
0.841992,-0.642036,0.380213,-0.147718,50.05,70.0,0.3667480799794087,-0.15420394385849678
-0.702106,-0.294944,0.804507,-0.363678,50.05,70.0,0.7851169009857131,-0.3764064911677983
0.883062,-0.379715,-12.193845,-0.221249,50.05,70.0,-12.211725453418579,-0.22700314005651606
0.124908,-0.670887,1.239145,-3.2894,50.05,70.0,1.2526165251162673,-3.269476444305857
0.402915,-0.210605,-3.245255,-0.09967,50.05,70.0,-3.2548145375083246,-0.11704313618680835
0.357323,-0.466439,0.467327,-0.204982,50.05,70.0,0.450233650657745,-0.21884483517980965
0.552009,-0.387848,-0.21709,-0.001323,50.05,70.0,-0.21722229903513326,0.008007294362463176
-0.560612,-0.204058,-0.431659,-0.100311,50.05,70.0,-0.44127479198613273,-0.11139661660842629
0.396952,-0.432914,-2.989316,-0.26093,50.05,70.0,-3.008611832664761,-0.2754076470925796
0.009867,-0.164189,0.299599,0.437249,50.05,70.0,0.3159292899773747,0.4387037407118648
0.467334,0.479144,-0.560164,0.201121,50.05,70.0,-0.5432742770885304,0.18227106571708263
0.969924,-0.480897,0.907346,-0.56512,50.05,70.0,0.901130797402585,-0.5686151403043275
-0.442873,0.638343,-8.843162,8.374932,50.05,70.0,-8.860348572897827,8.394389190765937
0.629074,0.845053,0.5927,0.673392,50.05,70.0,0.588230711316275,0.6537083325120253
0.804383,-0.734805,0.478652,-0.184528,50.05,70.0,0.4627080357823767,-0.1991844875844679
0.133556,0.683057,22.876011,-6.095052,50.05,70.0,22.892170020717597,-6.089369822869743
0.137931,0.205379,-0.027526,0.085439,50.05,70.0,-0.019239609662581016,0.10524987864227861
-0.20345,0.611037,1.246593,-1.649512,50.05,70.0,1.2281221462426815,-1.6295372154922414
-0.307138,-0.062611,0.230405,0.071884,50.05,70.0,0.23743962707790534,0.08001676515283479
-0.298118,-0.469861,2.192885,-0.549807,50.05,70.0,2.1852339446799367,-0.5504298850112662
-0.952208,0.239921,-0.151082,1.545716,50.05,70.0,-0.13123904972807277,1.5602758102725038
0.356981,-0.213765,0.030431,0.034829,50.05,70.0,0.03389632265733431,0.054597934861438144
-0.748865,-0.178623,-0.485235,-0.201587,50.05,70.0,-0.5021496349493764,-0.21668338708789472
-0.11959,0.044079,-0.122789,-0.000996,50.05,70.0,-0.12288859958831387,0.01535163366968657
0.842635,0.16499,-6.900508,1.108003,50.05,70.0,-6.914040513826007,1.0880332194995483
0.989576,-0.197001,-11.989675,-0.223543,50.05,70.0,-12.007657051176812,-0.24288045929076785
-0.999572,0.194531,3.197067,-0.232304,50.05,70.0,3.1787188190893603,-0.25153956909568714
-0.520569,0.793324,0.740864,0.673505,50.05,70.0,0.7363836977836663,0.6565889353415533
-0.610527,0.872801,0.919068,0.687012,50.05,70.0,0.913282538740364,0.6846763621494975
-0.826703,-0.389742,-0.615734,-0.240353,50.05,70.0,-0.6343875439063292,-0.26031342045804695
-0.389454,0.448401,0.078107,-0.655505,50.05,70.0,0.08081728231349748,-0.6370108894660224
0.269066,0.18777,0.681618,-1.090861,50.05,70.0,0.6963615051029594,-1.110154985004692
-0.150482,0.85179,1.161753,0.773765,50.05,70.0,1.148456906021018,0.7915561537600403
0.0349,0.570324,5.538747,-9.976134,50.05,70.0,5.546254706319803,-9.992856685961836
-0.562673,-0.847998,-0.558262,-0.651835,50.05,70.0,-0.5559157681519387,-0.6706205150805558
-0.303758,0.738438,0.217149,-0.208321,50.05,70.0,0.19988468800759637,-0.19899592467271568
0.929999,0.496768,-0.43722,0.87309,50.05,70.0,-0.4560283585447968,0.8615458694422153
-0.822254,0.380526,0.246745,-0.155326,50.05,70.0,0.23272740696842326,-0.1487115070883935
-0.504365,-0.854896,-0.320274,-0.428274,50.05,70.0,-0.3371058252839415,-0.4288853782061358
-0.236486,-0.618803,0.026805,0.043074,50.05,70.0,0.031079177899095194,0.06289464171498475
-0.223365,-0.103226,-0.3535,0.103047,50.05,70.0,-0.343645212915523,0.09913824724844836
-0.924626,-0.190797,0.713625,-0.257793,50.05,70.0,0.6944140454096726,-0.27600111690666634
-0.732454,-0.36142,0.49909,-0.096552,50.05,70.0,0.48980548960806336,-0.11252024567726718
-0.391413,-0.478121,-1.030708,-0.388151,50.05,70.0,-1.0493548457843331,-0.37961138860809396
0.220586,-0.608975,21.544804,16.742351,50.05,70.0,21.562729046508668,16.754627971101648
0.9546,-0.044675,10.123102,0.064778,50.05,70.0,10.12946713394113,0.08356526536413018
-0.850839,-0.057712,-0.526765,-0.017702,50.05,70.0,-0.5285328896081051,-0.03517864225723067
0.036507,-0.4187,0.062827,-1.644244,50.05,70.0,0.04416055122905402,-1.625222719711531
0.911714,-0.822823,0.727957,-0.581839,50.05,70.0,0.7233507723853214,-0.599407955258305
0.806246,0.58404,-0.759759,0.485321,50.05,70.0,-0.7466468381208745,0.46948691147515603
-0.047329,0.545727,-1.437469,-0.402834,50.05,70.0,-1.455535190731952,-0.39046707599038655
0.04005,-0.878531,-9.917681,43.930465,50.05,70.0,-9.922806388398094,43.9460531413958
0.524152,-0.571901,0.6031,-0.322166,50.05,70.0,0.5831160248094912,-0.34200721697346287
0.061272,-0.201003,0.072084,-0.366799,50.05,70.0,0.052772745618928,-0.3480840242808358
-0.258888,0.861647,0.416948,-0.668183,50.05,70.0,0.4209081027919055,-0.6780153052178692
-0.300773,0.913182,-3.089511,1.435627,50.05,70.0,-3.0739074477580868,1.4163013012030492
-0.151744,-0.361114,2.723069,-0.819239,50.05,70.0,2.73939067975429,-0.8092697914448457
0.752406,-0.319166,-0.325468,-0.141679,50.05,70.0,-0.33848031522326566,-0.1428092709581072
-0.226244,-0.47897,-14.11478,-16.489557,50.05,70.0,-14.128650579391191,-16.487322977864384
-0.040749,-0.871134,-4.345711,-22.717859,50.05,70.0,-4.355158077780372,-22.73717339941767
0.846811,0.346532,1.399134,-0.517227,50.05,70.0,1.3885873559001225,-0.5020922013996302
0.164872,-0.990386,-1.294483,-0.365261,50.05,70.0,-1.313833697200459,-0.34561801153763694
0.584128,-0.567613,-0.604151,-0.337632,50.05,70.0,-0.6240134157174265,-0.35748616020393253
0.132256,0.827107,-14.678958,-1.866815,50.05,70.0,-14.680769572852657,-1.875200332383444
-0.815389,-0.239805,0.823462,1.768303,50.05,70.0,0.8344770071876285,1.75709151679525
-0.39646,0.69277,-0.657998,0.170518,50.05,70.0,-0.6429382552050718,0.15073781388870558
-0.606714,0.95397,-0.842493,0.750115,50.05,70.0,-0.8539336609172118,0.7405278235253957
-0.621903,-0.329986,-0.390818,-0.217319,50.05,70.0,-0.40851894030071817,-0.22479854339572158
-0.072184,0.804315,11.113751,-9.359321,50.05,70.0,11.107321537068993,-9.348179100131931
0.118679,0.63682,-0.305451,-0.585835,50.05,70.0,-0.3096674765653136,-0.5849644485970197
-0.963013,0.645505,14.096564,-16.06339,50.05,70.0,14.116139757438408,-16.059357539282207
-0.998299,-0.410492,1.38292,-0.051546,50.05,70.0,1.3778222762765824,-0.035402135176884224
0.857029,0.085029,-0.796267,0.017356,50.05,70.0,-0.7945335775801681,0.004002906726854459
-0.910287,0.800784,-0.598075,0.90462,50.05,70.0,-0.6177177653851849,0.8848482323782608
0.776799,-0.334218,-0.37322,0.125136,50.05,70.0,-0.3615070281491051,0.11931539216226507
0.802508,-0.249778,-0.687587,-0.254084,50.05,70.0,-0.7066915041861553,-0.2732122201363253
-0.022529,-0.648988,0.2304,0.282325,50.05,70.0,0.2501471793425062,0.2904582219449209
0.463506,0.142319,0.448986,0.158002,50.05,70.0,0.4631932062167049,0.14551758530076078
-0.048262,0.855892,10.622434,-46.606132,50.05,70.0,10.611932493228336,-46.62526859452039
0.974648,0.907851,-0.765588,0.961106,50.05,70.0,-0.7855013102031457,0.9456346817055759
0.25868,-0.363431,4.163408,1.403705,50.05,70.0,4.176824782230481,1.395977691420116
-0.177927,-0.424913,-3.535399,9.947246,50.05,70.0,-3.545496764300095,9.955001848749582
0.488617,0.18501,-0.010266,-0.068992,50.05,70.0,-0.017029180679182795,-0.04901834190450208
-0.536981,0.958355,-1.14404,0.651534,50.05,70.0,-1.1463563370379923,0.66844731168015
-0.929483,0.17092,0.559392,-0.031823,50.05,70.0,0.5562231110361697,-0.05064699248886193
0.659547,-0.997405,-0.936168,-0.469762,50.05,70.0,-0.9504141815479239,-0.47039287493988896
0.60817,-0.495205,-0.580625,-0.411868,50.05,70.0,-0.5982853461558972,-0.43130202154167385
-0.902574,0.437171,-0.255246,-0.151733,50.05,70.0,-0.2690050635083444,-0.14592650233310278
-0.460432,-0.485902,0.555013,-0.311409,50.05,70.0,0.5350148909600877,-0.33008054753023364
-0.562505,-0.025387,-0.887875,-0.022321,50.05,70.0,-0.8901024691658735,-0.02771370014728583
-0.674313,0.820309,-0.488434,0.408919,50.05,70.0,-0.4706371701457081,0.3936147200687809
0.934678,-0.86799,0.575804,-0.2057,50.05,70.0,0.5586734840650089,-0.22501450803225292
-0.315868,-0.790458,8.513976,-6.608093,50.05,70.0,8.494004875222393,-6.60493864246197
0.771233,0.111055,-6.066147,1.17412,50.05,70.0,-6.074166580645531,1.1834548663501814
0.495207,0.939452,-6.159854,0.505992,50.05,70.0,-6.148369902054416,0.5223083314835167
-0.631114,0.87271,0.867397,0.782056,50.05,70.0,0.8534931545772149,0.7747230318796997
-0.354676,0.961728,-10.864151,-23.122335,50.05,70.0,-10.875889460686897,-23.134551726287995
-0.238927,0.348545,-3.962088,0.11999,50.05,70.0,-3.95079597588183,0.13144591064831102
-0.009763,-0.090014,0.011334,-0.043895,50.05,70.0,0.006979655062625251,-0.02392710629520255
-0.859084,-0.622343,-0.720331,-0.258065,50.05,70.0,-0.7395495015548956,-0.2759854963442649
0.280403,0.737478,16.774657,0.662272,50.05,70.0,16.771277939106877,0.650633729002111
0.79273,-0.583982,-0.561736,-0.276037,50.05,70.0,-0.5813737719424796,-0.2949388901375323
-0.992141,-0.912989,-0.959455,-0.058064,50.05,70.0,-0.9651801769699802,-0.05636831773254428
-0.598857,-0.990778,-0.258365,-0.065118,50.05,70.0,-0.2647623568835491,-0.05961066218909918
-0.001105,-0.567161,0.110339,0.032658,50.05,70.0,0.11359030632559654,0.04969074685937715
-0.275524,-0.732296,-22.159675,7.769486,50.05,70.0,-22.141433487242207,7.7561759895461035
0.306777,-0.002528,-0.076159,0.000333,50.05,70.0,-0.07612570001538585,0.018900389207295427
-0.489257,-0.941838,-0.743014,-0.083588,50.05,70.0,-0.7511315725197408,-0.1003883880254881
0.528672,-0.603761,-0.608313,-0.204125,50.05,70.0,-0.6253616991844051,-0.22402502808290448
0.594063,0.423894,0.546556,0.344492,50.05,70.0,0.5663264218693943,0.32614013072828874
0.390152,-0.722637,-0.770066,2.548458,50.05,70.0,-0.7665657318535625,2.5332743137700624
0.643566,0.418945,-0.466361,0.211099,50.05,70.0,-0.44895811462314944,0.1973059556562612
-0.793165,-0.731544,-0.233166,0.067528,50.05,70.0,-0.2265407747099791,0.07540775622047739
0.938505,-0.538616,0.831347,-0.406864,50.05,70.0,0.813457347801933,-0.4174139801139256
-0.521655,0.536486,0.637189,0.361598,50.05,70.0,0.6566290244071428,0.3416176680818632
0.718787,0.647136,-0.69727,0.645225,50.05,70.0,-0.6989586341665546,0.6264018502092425
0.416455,-0.638539,-0.563418,0.237751,50.05,70.0,-0.5448598893733945,0.21879481167431347
0.071986,-0.12736,-0.566199,-0.12693,50.05,70.0,-0.5780569140587135,-0.14597302160850958
-0.537373,0.365797,-0.552859,0.348742,50.05,70.0,-0.5331572471604807,0.3301487280182189
-0.048401,0.516559,-13.593609,22.652883,50.05,70.0,-13.590282935949665,22.661107598513755
-0.196379,-0.545374,14.268265,-0.172449,50.05,70.0,14.25307889251982,-0.18463995993838808
-0.100352,-0.621762,-1.186173,-3.616162,50.05,70.0,-1.1722683124970965,-3.597390508867828
0.045442,-0.248878,-2.304165,-1.448375,50.05,70.0,-2.3205337875584746,-1.4383464012721536
-0.890714,-0.22788,3.689699,0.646091,50.05,70.0,3.6879240911584494,0.6645039466684263
0.017651,0.653385,0.656448,0.433657,50.05,70.0,0.6729830202519153,0.4138544908798808
-0.56076,-0.694894,0.514539,-0.352277,50.05,70.0,0.494901142223946,-0.369126906499364
0.917422,-0.893967,-0.509661,-0.302185,50.05,70.0,-0.5296251649486517,-0.31876714138809764
-0.898419,0.269297,-0.344758,-0.107747,50.05,70.0,-0.35501901158187965,-0.11079495031793055
0.078775,-0.034502,0.082118,-0.037854,50.05,70.0,0.07835516036745832,-0.019516290325962717
0.127404,-0.713612,0.111225,-0.090288,50.05,70.0,0.1024997654696338,-0.07330185817290832
0.326679,0.500157,5.348558,1.241052,50.05,70.0,5.34700107067762,1.2402671526893234
0.135667,0.152069,0.550288,-0.346633,50.05,70.0,0.5305510571702456,-0.3651300202390908
-0.184658,0.458303,-0.050455,0.23022,50.05,70.0,-0.032190745517345014,0.24958694141652515
0.690625,-0.662218,-0.72676,-0.62088,50.05,70.0,-0.7275036815891393,-0.6385058375112022
0.097791,-0.426462,0.5354,0.83604,50.05,70.0,0.5181660319659342,0.818159916902726
0.452353,0.689834,-0.50211,0.390611,50.05,70.0,-0.4835535104135107,0.3744627440937469
0.035881,-0.94692,-8.891237,50.698831,50.05,70.0,-8.874684646591913,50.71662701601233
-0.877803,0.763232,0.902535,0.75903,50.05,70.0,0.8903747096724024,0.7550622199118596
-0.35882,-0.690141,-3.661777,0.749997,50.05,70.0,-3.6732079802057536,0.7671442708687282
0.800202,0.998925,-0.700737,0.688627,50.05,70.0,-0.7066768662877048,0.6699238460829715
0.930166,-0.706776,0.65947,-0.3675,50.05,70.0,0.6401771021459287,-0.3872578865644553
-0.792097,-0.77059,-0.745857,-0.692238,50.05,70.0,-0.7395733135584506,-0.7088824470796737
0.691573,-0.727762,0.268783,0.070965,50.05,70.0,0.275731525435572,0.07546379744985819
0.508299,0.987106,0.270376,1.00746,50.05,70.0,0.25142241730236276,1.0118034388246477
0.286348,0.654136,-1.347115,0.861519,50.05,70.0,-1.3654986710650683,0.8795071019653659
0.063408,-0.296485,0.035884,0.20623,50.05,70.0,0.05304180927681858,0.22590894728904765
0.970282,-0.47167,-0.152286,0.056577,50.05,70.0,-0.14670345720853814,0.07105400224603405
0.638544,0.00562,-0.163811,-0.00211,50.05,70.0,-0.1640219960858839,0.01154823670747189
0.456067,-0.880252,-8.295442,-6.734985,50.05,70.0,-8.310889783487605,-6.7510685550744505
-0.391089,0.968328,1.256665,-1.053579,50.05,70.0,1.273657673756483,-1.0335790001951408
0.682733,0.690794,0.374657,0.12174,50.05,70.0,0.3860930286780895,0.11578206381242793
0.167906,0.003513,-0.162905,-0.001011,50.05,70.0,-0.16300609956943207,0.012713279714570938
-0.963482,0.761158,-0.672469,2.52402,50.05,70.0,-0.671394929240924,2.5045053402223734
0.781623,0.743086,-0.065123,-0.14111,50.05,70.0,-0.07809205235705687,-0.12216091655377401
-0.955072,0.107923,0.278566,0.089189,50.05,70.0,0.2871922131009589,0.09272956776062889
-0.146268,-0.321947,-0.352012,-0.61165,50.05,70.0,-0.35367692408219753,-0.6154127153562667
-0.969892,-0.967829,-0.752125,-0.814505,50.05,70.0,-0.7360814603848337,-0.8307938063258951
-0.298406,0.689342,-5.202074,-14.774541,50.05,70.0,-5.1820944971453535,-14.761761461012245
-0.231081,0.213616,0.248078,-0.061531,50.05,70.0,0.2420215084498666,-0.055042451920248314
0.242784,0.463482,-5.506073,14.049943,50.05,70.0,-5.487945047635003,14.035227268395765
-0.26063,-0.402823,22.046477,-24.378008,50.05,70.0,22.03466062145542,-24.3972475597273
-0.239727,0.913956,1.016788,3.369581,50.05,70.0,0.9986158167560365,3.3768422210884794
0.853866,0.926013,-0.434669,0.186684,50.05,70.0,-0.4185958031782339,0.1753491170399662
-0.502541,-0.20674,0.425662,-0.164796,50.05,70.0,0.4109848945570013,-0.17537756010317027
-0.679664,0.890177,-0.241152,-0.10362,50.05,70.0,-0.25105660771052063,-0.09648033544072676
-0.802952,0.791687,0.790855,0.694515,50.05,70.0,0.78435555573612,0.6807639366856735
-0.123455,-0.909166,-20.287909,-23.076531,50.05,70.0,-20.30301711580931,-23.06423367682979
-0.354821,0.515393,0.568328,0.091585,50.05,70.0,0.5771697568726143,0.07247799040248501
0.205406,0.259354,-0.161108,0.203958,50.05,70.0,-0.14406803807377147,0.21781243770875852
0.966601,-0.342015,0.865729,1.008354,50.05,70.0,0.8468041452287564,1.000866104723911
-0.24571,0.359699,-2.767963,-1.281628,50.05,70.0,-2.7704555955915877,-1.2757682122749614
-0.537337,0.984127,-0.142808,-0.099943,50.05,70.0,-0.1523915081621356,-0.08482855428224063
0.226089,-0.129356,2.420209,-10.384114,50.05,70.0,2.4002800080328908,-10.36624048989355
-0.084056,-0.737015,17.603845,19.544243,50.05,70.0,17.59732928427824,19.564213162288766
0.989123,0.185187,0.303552,0.099328,50.05,70.0,0.3130814832097149,0.10038822932804578
0.431263,0.242962,0.268247,-0.104814,50.05,70.0,0.25823883926450913,-0.1002629923948929
-0.543777,0.737254,-0.471016,0.759129,50.05,70.0,-0.48318414870398124,0.745002634427348
-0.972458,-0.09848,0.555667,0.062836,50.05,70.0,0.5618477342824795,0.044141114554414024
0.843404,-0.904956,0.663675,-0.517625,50.05,70.0,0.6531621931965912,-0.5373132930787262
0.410896,-0.065728,0.589902,0.153983,50.05,70.0,0.6038234842741146,0.13435082443896734
-0.695519,0.406201,0.362722,0.133606,50.05,70.0,0.3751108130872335,0.12879730580924753
-0.983408,-0.137604,-0.621919,0.097413,50.05,70.0,-0.6125583156417618,0.07742323762482527
-0.707683,-0.024966,0.690483,0.022982,50.05,70.0,0.6927761456479694,0.003940352319401735
0.392382,0.761508,-0.457732,0.33728,50.05,70.0,-0.4378654933237972,0.32412445868420536
0.670669,-0.069772,6.491119,0.511227,50.05,70.0,6.502170617516354,0.5213571229473306
-0.663122,0.90349,-0.63948,0.324079,50.05,70.0,-0.6195045952411342,0.3041101365167555
0.95473,0.145315,-3.823209,0.711957,50.05,70.0,-3.8313311847851304,0.7312510285519895
0.316114,0.934755,0.080255,-0.74252,50.05,70.0,0.0910645972144139,-0.7241087252579764
0.433723,-0.424793,0.733938,0.416025,50.05,70.0,0.7513994407484706,0.3987496527391723
0.509151,-0.704225,0.479278,-0.142829,50.05,70.0,0.46617856855163564,-0.1575280098773329
0.08905,0.662914,-9.214437,-0.451946,50.05,70.0,-9.229875486660964,-0.46186783078194
-0.411801,0.864055,-0.573849,0.591672,50.05,70.0,-0.5702048188340254,0.5724091590394655
0.168115,-0.493451,-3.561092,-25.494345,50.05,70.0,-3.5805318887878954,-25.48429132638509
0.561264,-0.830259,-1.98624,5.251307,50.05,70.0,-1.9682050631933214,5.233817288067779
-0.171229,0.161948,0.794849,0.427506,50.05,70.0,0.8117221819115497,0.41404767722222735
-0.137026,0.995872,-2.540049,-1.845142,50.05,70.0,-2.544004115682728,-1.82532095599561
-0.372186,0.673527,-9.829851,-0.897339,50.05,70.0,-9.810358219181847,-0.8885574998975592
-0.037826,0.261043,0.077111,0.070978,50.05,70.0,0.08406074444038601,0.089509797092489
-0.646767,-0.20753,0.62774,0.077307,50.05,70.0,0.635279626586643,0.05730708367438956
0.038158,-0.679308,0.079077,-0.079244,50.05,70.0,0.07135832084073575,-0.060787033103829914
0.871119,0.900899,0.65812,0.384262,50.05,70.0,0.6769039290301566,0.3644836213787586
-0.598671,0.141961,0.513374,0.089395,50.05,70.0,0.5220187939135809,0.07260813798460214
-0.055267,-0.868793,-4.41959,-13.186808,50.05,70.0,-4.420377910558044,-13.206694042939615
0.199282,-0.662504,28.257195,26.550434,50.05,70.0,28.27161547361264,26.530507390393137
-0.71012,-0.98355,1.009333,-0.556406,50.05,70.0,1.002295702230362,-0.5498442930153484
-0.520389,-0.17651,-0.435081,-0.222984,50.05,70.0,-0.4530385114143553,-0.2343528033121658
-0.59894,-0.392183,0.554875,-0.326448,50.05,70.0,0.5349127413736984,-0.34511459749851436
0.579475,-0.767364,0.624845,-0.51809,50.05,70.0,0.614371779446019,-0.5380869837219071
0.914553,0.900639,-0.461463,0.244681,50.05,70.0,-0.44265771952282457,0.23124674039235146
-0.963045,0.094403,-0.763746,0.081964,50.05,70.0,-0.7557771152044053,0.06637660906237519
0.636811,0.88514,-0.837626,0.754216,50.05,70.0,-0.8494006088467994,0.7442045670978481
0.549339,0.74724,0.579654,0.499667,50.05,70.0,0.5916501043611601,0.4802561437794694
0.859648,0.107089,2.521892,0.449317,50.05,70.0,2.5374962773722385,0.46929843592103726
-0.161104,0.330069,-0.772936,-0.13206,50.05,70.0,-0.7852030764409813,-0.14705532800963048
-0.532453,-0.932067,0.95613,-0.589094,50.05,70.0,0.9522326442137575,-0.5877298395833145
0.754215,0.0952,-0.694682,-0.122652,50.05,70.0,-0.7061927292761065,-0.14156103766297715
0.033771,-0.412175,2.295516,-5.352079,50.05,70.0,2.275548318981878,-5.342807853954913
0.582924,-0.799137,-0.564466,-0.676373,50.05,70.0,-0.559706656839622,-0.695362342090913
0.899168,0.311388,-0.444265,0.563024,50.05,70.0,-0.4378509199929419,0.550911856213673
-0.504317,-0.055808,0.397572,-0.158591,50.05,70.0,0.383323399382211,-0.16669255143067352
0.034759,0.195804,-0.074076,7.02789,50.05,70.0,-0.08506875930283309,7.046533797288624
0.872404,0.497248,0.397422,0.094614,50.05,70.0,0.4065344252304405,0.08652616508140511
-0.753784,-0.841393,0.78882,-0.830444,50.05,70.0,0.8057633067773872,-0.8443421172198117
0.712867,-0.839792,-0.530338,-0.344095,50.05,70.0,-0.550114380907312,-0.36174257336340354
-0.377352,-0.149005,7.38973,1.201734,50.05,70.0,7.384308391510119,1.2163614796141613
-0.328993,0.614794,0.167002,1.159796,50.05,70.0,0.15769189665043232,1.1732194053932234
0.836229,0.495186,0.727945,0.356309,50.05,70.0,0.7475024914459713,0.3387394713672503
0.598301,-0.363299,0.564627,-0.348977,50.05,70.0,0.5449293040124367,-0.36797138918919675
0.036716,-0.913926,-0.392123,-0.125806,50.05,70.0,-0.40389021388437973,-0.13340641396157002
-0.362151,-0.669859,0.534847,-0.534379,50.05,70.0,0.5257946659557627,-0.5522342371358508
-0.326276,0.277229,-1.118292,0.419844,50.05,70.0,-1.1010199423203548,0.4352469329098701
-0.620344,-0.122418,0.394803,-0.060271,50.05,70.0,0.3888667116816643,-0.06811861828748106
0.522099,0.920745,-8.643278,-10.919043,50.05,70.0,-8.624724479341252,-10.904627923488281
0.958041,-0.205568,-3.731697,0.221651,50.05,70.0,-3.7137985722397,0.24128702837961047
-0.976654,-0.623568,-2.721312,1.031914,50.05,70.0,-2.739345393645412,1.0420351384235649
-0.31464,-0.162794,-0.337344,-0.094993,50.05,70.0,-0.3464901464330717,-0.09730628422916422
-0.078994,0.345762,-0.081065,0.591284,50.05,70.0,-0.07738267523484496,0.6096634858506162
-0.780788,-0.698056,0.76159,-0.613365,50.05,70.0,0.7600960397597979,-0.6290865699496703
-0.224158,0.579972,0.267903,-0.240118,50.05,70.0,0.24925794570382867,-0.23553350158223035
-0.417285,0.685328,10.93327,1.714481,50.05,70.0,10.948326888051533,1.7083508560174887
0.308574,0.201106,-6.395891,-3.942136,50.05,70.0,-6.411062509497185,-3.9252284886142177
-0.015726,-0.303948,11.602521,-25.181368,50.05,70.0,11.597706090241257,-25.17923488321545
-0.461107,0.177602,-0.352218,0.092993,50.05,70.0,-0.34325016965167626,0.08921005449680924
0.951369,-0.334586,1.231077,-0.800637,50.05,70.0,1.2462546101627285,-0.7808001070026229
0.609596,-0.523082,0.62468,-0.437795,50.05,70.0,0.608381292778541,-0.45779169036483836
0.553282,-0.994577,0.674809,-0.588644,50.05,70.0,0.670867516787836,-0.6081060877577901
0.141748,0.365688,-7.151176,2.504709,50.05,70.0,-7.15203225049919,2.497431298887054
0.111463,-0.648189,2.75439,29.079753,50.05,70.0,2.7698746678522213,29.08689603871925
-0.119734,-0.364392,1.21494,0.570916,50.05,70.0,1.2206017669401799,0.5904829109074373
-0.333213,-0.305651,-5.753688,0.282188,50.05,70.0,-5.733942996741125,0.264580140387804
0.915278,-0.921108,-0.821849,-0.919671,50.05,70.0,-0.8019788966333237,-0.93101569034941
0.938346,0.778426,-0.735144,0.594124,50.05,70.0,-0.7317411819710096,0.5769097356745228
-0.990809,-0.524016,-0.485866,-0.843379,50.05,70.0,-0.4682713210767116,-0.8585167012394527
0.867062,0.710479,0.69061,0.475731,50.05,70.0,0.7044309557305788,0.4566932403475273
-0.98221,-0.003424,0.68834,-0.010679,50.05,70.0,0.6872726073627847,-0.029785095211760933
0.458397,0.271755,-0.430802,0.133278,50.05,70.0,-0.41843895298805384,0.12226381560279523
-0.609031,0.018613,0.440927,0.008259,50.05,70.0,0.44175266528863083,-0.003585843264595724
0.82509,-0.713742,-0.320881,-0.043258,50.05,70.0,-0.32517315099968125,-0.04393004692978628
0.138411,0.271516,-23.378497,15.082911,50.05,70.0,-23.378170388242086,15.067032475398364
-0.62363,0.657882,-0.270266,-0.033271,50.05,70.0,-0.27357777553334606,-0.02891682436581433
-0.969773,-0.968113,-0.753027,-0.819659,50.05,70.0,-0.736681083053306,-0.8358953025359014
0.921842,-0.594784,-1.196305,-0.458391,50.05,70.0,-1.2113258242660434,-0.43929410963438603
-0.535874,-0.429553,0.599389,-0.384665,50.05,70.0,0.5806189473197545,-0.4044561351167533
0.504482,0.833371,0.971026,0.571931,50.05,70.0,0.976590346422604,0.5747761357701598
0.463177,0.621833,0.718864,0.189599,50.05,70.0,0.7351089519200324,0.17161385093627468
-0.857885,-0.470225,-0.154558,0.116192,50.05,70.0,-0.1435814662343392,0.13051131321344997
0.931093,0.881598,0.359392,-0.021686,50.05,70.0,0.3572276468978354,-0.02617081105201078
-0.98258,-0.22437,0.268918,0.008211,50.05,70.0,0.269738869356981,0.012696642395250425
-0.983265,0.269302,-11.306598,-5.539929,50.05,70.0,-11.317469473535912,-5.519931457872689
0.160607,-0.675389,0.402723,0.019378,50.05,70.0,0.40465776951764265,0.010808240621330784
0.736653,0.932168,0.927234,0.808368,50.05,70.0,0.911564387226839,0.8068450959017739
0.940914,-0.062591,-0.450773,0.060223,50.05,70.0,-0.4448412955414607,0.04759947647504141
0.034174,0.361548,-0.508584,-0.215432,50.05,70.0,-0.5261963135874608,-0.2319536872758333
0.538562,-0.392778,-0.450037,-0.277287,50.05,70.0,-0.4696980706374568,-0.28985335111027444
0.588347,0.355368,-0.560972,0.340267,50.05,70.0,-0.541142161611622,0.3213902150153205
0.67145,-0.940474,0.783767,-0.879758,50.05,70.0,0.8027915900917474,-0.894015004668908
-0.552791,-0.764945,0.655625,0.029471,50.05,70.0,0.6585614462657151,0.009657121421099365
-0.426159,-0.454685,-0.332593,0.193065,50.05,70.0,-0.3161483213304629,0.19122423535690355
0.116241,-0.334332,-2.127005,15.53859,50.05,70.0,-2.112020828862937,15.53153423486815
0.874529,0.205339,-0.408855,0.594992,50.05,70.0,-0.4055377481833617,0.5858722997277017
-0.86002,-0.357086,0.579656,-0.287492,50.05,70.0,0.5598335225183383,-0.3069029044053056
0.451173,0.860522,-0.05428,0.451469,50.05,70.0,-0.03881123369871378,0.47073693055962373
0.792801,0.60608,-0.743321,0.605766,50.05,70.0,-0.741070523304028,0.5889822882410144
0.380849,0.921094,-1.308018,-0.15332,50.05,70.0,-1.3218918064679133,-0.13397637818620278
0.822903,0.529809,0.763993,0.438825,50.05,70.0,0.7802317975030997,0.42325309708945286
0.49485,0.943091,3.987653,-12.79948,50.05,70.0,3.969272917982814,-12.790207409060457
0.535594,-0.279417,-0.408784,-0.147797,50.05,70.0,-0.4222547603767126,-0.1569103807868561
-0.160852,0.556371,1.905079,1.75748,50.05,70.0,1.9169808052868684,1.7375811525054061
0.925447,-0.013239,-9.79904,0.73683,50.05,70.0,-9.809366555325008,0.7427502217154096
-0.505345,0.665541,-0.402838,0.311674,50.05,70.0,-0.3828395441161066,0.30309385124249616
-0.253938,0.056938,-0.077511,0.02019,50.05,70.0,-0.0754954274917633,0.03870671710085538
0.96095,0.694386,0.688561,0.253076,50.05,70.0,0.7076354369962397,0.2339764497143458
0.540519,0.501249,0.661439,0.358889,50.05,70.0,0.6809408941310914,0.339162615207927
0.491931,-0.121185,-0.058175,0.080837,50.05,70.0,-0.05030960877717065,0.09999686601039896
-0.748979,-0.093579,1.383422,-0.268843,50.05,70.0,1.3639331983126934,-0.2527288184211167
-0.785593,0.533845,-0.67058,0.485606,50.05,70.0,-0.6574893718145975,0.4660508490060574
0.328356,0.67734,3.642518,-7.019176,50.05,70.0,3.6527725870900403,-7.003097919979326
0.055865,0.926303,-10.441414,-17.58983,50.05,70.0,-10.441105126269148,-17.59707705981591
0.381505,-0.050049,-0.512188,-0.11239,50.05,70.0,-0.5228447466884574,-0.12911209604005014
0.821652,-0.494997,-0.237168,-0.062438,50.05,70.0,-0.2433108702749758,-0.05492762679737374
0.591555,0.271915,0.305244,0.111948,50.05,70.0,0.3158633178728082,0.11283923131409182
0.069294,0.617396,-11.782925,18.250977,50.05,70.0,-11.785888013432388,18.236697474449468
0.567241,-0.382895,0.459478,-0.218063,50.05,70.0,0.4417425489330027,-0.2313495492703522
0.676864,0.046343,-0.79895,0.011832,50.05,70.0,-0.797767490060616,-0.001320156154131922
0.890842,0.38356,-0.791018,0.291094,50.05,70.0,-0.7711508542699412,0.27735477723611796
0.48764,-0.23465,0.489336,-0.229744,50.05,70.0,0.47109119342514305,-0.24510619268462794
0.235797,-0.962768,26.536044,14.918724,50.05,70.0,26.521632882063617,14.933583011401105
0.762942,0.768968,0.701274,0.603478,50.05,70.0,0.7037516713717837,0.5847939357189722
0.038304,-0.225866,0.394839,0.342883,50.05,70.0,0.4146330910610747,0.3350320705495351
-0.136902,-0.920278,20.379521,5.405234,50.05,70.0,20.398489081020877,5.409288819933545
0.879285,0.146614,0.104425,-0.052444,50.05,70.0,0.09924049395232483,-0.0351087729838574
0.1463,0.865677,0.893423,-0.526551,50.05,70.0,0.883679750282197,-0.5314074422855793
-0.573815,-0.108017,0.534859,-0.03818,50.05,70.0,0.5310641475563811,-0.05603577773836084
0.557671,0.78171,-0.70536,0.151778,50.05,70.0,-0.6915976709421233,0.13324358916175577
0.201592,0.164051,-0.170158,0.1584,50.05,70.0,-0.1559228091719124,0.17158778856957854
-0.795444,0.975017,0.733456,0.532619,50.05,70.0,0.7426649216255324,0.5153194153943691
-0.885118,-0.173846,0.664072,0.319839,50.05,70.0,0.6840639356956019,0.3001577274652903
0.17276,-0.4275,-0.087521,-0.264417,50.05,70.0,-0.10690560879899128,-0.24630161615148574
-0.991059,-0.73238,0.393557,-0.610692,50.05,70.0,0.3917966279036859,-0.618424859304216
0.893773,-0.360951,-2.109531,8.917935,50.05,70.0,-2.0981166749424114,8.909273179551645
-0.496547,0.528744,0.686476,0.419175,50.05,70.0,0.7037816901382303,0.40001463129873055
0.600561,-0.371097,0.524061,-0.271226,50.05,70.0,0.5045200494372293,-0.2885695730183361
0.970874,-0.527548,0.925319,-0.541886,50.05,70.0,0.916942287918566,-0.5435997753963281
-0.500144,0.083158,0.252704,-0.07618,50.05,70.0,0.2452688776550122,-0.07013072674596581
-0.355512,0.909466,-5.291029,-8.215072,50.05,70.0,-5.286378841124942,-8.210155076652718
-0.600614,-0.518667,-0.663744,-0.471602,50.05,70.0,-0.6778604371451399,-0.49128907845246167
0.761068,-0.730322,-0.726823,-0.680677,50.05,70.0,-0.7216467551272665,-0.6982998594309573
-0.516054,0.675155,-0.440668,0.454119,50.05,70.0,-0.4253685625986935,0.4422950358463019
-0.676463,0.682206,-0.358993,0.161994,50.05,70.0,-0.34450767021817547,0.15754808174660997
-0.171317,0.66888,-4.056822,-0.309001,50.05,70.0,-4.076815348443348,-0.30628457695260664
-0.127022,-0.853864,6.13004,-3.659439,50.05,70.0,6.140533970277032,-3.645021419718033
-0.892453,0.536577,-0.852041,0.432199,50.05,70.0,-0.8354243974265155,0.4234603789197111
0.242362,-0.62857,5.716622,0.202963,50.05,70.0,5.733609658550899,0.1839088757516757
-0.384263,-0.300057,0.067516,0.055559,50.05,70.0,0.07300071702432165,0.07443017885861478
0.935628,-0.904639,-0.77025,-0.855302,50.05,70.0,-0.75212001438913,-0.8704737036929506
-0.267846,0.317959,-0.156796,-0.051589,50.05,70.0,-0.16189788158112506,-0.037426822745128666
-0.058484,-0.948003,13.611403,42.604873,50.05,70.0,13.600045276906293,42.61468490883812
0.92005,-0.721391,0.416321,-0.093511,50.05,70.0,0.40730689901191525,-0.10328865704563796
-0.414494,-0.399861,0.401913,0.005465,50.05,70.0,0.4024594319946557,-0.003031501949690099
-0.47114,-0.452841,0.650117,-0.321553,50.05,70.0,0.630130665271538,-0.3414343242364489
-0.897817,0.393426,3.338026,1.710028,50.05,70.0,3.353372227718597,1.6989235644926166
0.309214,0.965447,0.705299,0.161235,50.05,70.0,0.7197318910182902,0.14269829794096137
0.26886,0.722567,2.945001,1.893754,50.05,70.0,2.9441214429805016,1.8826627344150164
0.17844,-0.960665,-0.193804,1.286837,50.05,70.0,-0.19079546950033124,1.2981591529514644
0.10249,0.548287,2.496397,-0.198933,50.05,70.0,2.4796254697871998,-0.1790041670727439
-0.932012,-0.322273,6.568233,1.766483,50.05,70.0,6.579399458961372,1.7693838883125463
-0.445799,-0.53821,0.307653,-0.373256,50.05,70.0,0.28851977185331396,-0.3726054882163215
0.303392,-0.883062,7.178685,-0.617054,50.05,70.0,7.177559142397242,-0.6217087301926366
0.384849,0.163881,-0.317255,0.09199,50.05,70.0,-0.30837693392428545,0.09168043889749936
0.347978,0.471572,-13.98663,12.391321,50.05,70.0,-14.00198404983718,12.404993013409765
-0.294087,-0.720097,-1.196211,-1.93918,50.05,70.0,-1.1908547468537343,-1.9200859045394707
-0.672292,0.783245,-0.531219,0.297747,50.05,70.0,-0.511286302832383,0.28005814341388924
0.00629,-0.280848,-0.038489,0.076943,50.05,70.0,-0.030983100321092607,0.096573790807153
-0.218579,0.340188,-8.027292,10.336298,50.05,70.0,-8.007531117675066,10.321055981478498
-0.453819,0.669437,0.594036,0.480441,50.05,70.0,0.6075127117333436,0.4607341042495032
-0.764978,-0.984007,0.932054,-0.912134,50.05,70.0,0.9518242547197564,-0.9131759077538554
-0.205148,0.080086,-0.930226,0.056605,50.05,70.0,-0.9246407685516251,0.055380586529503915
0.001564,0.291381,-1.160571,-0.442778,50.05,70.0,-1.1765758878988928,-0.4250411530916367
-0.767544,-0.106175,-0.063702,-0.017543,50.05,70.0,-0.0654540512909097,0.0014510613677149939
-0.476375,-0.438042,0.264609,-0.070327,50.05,70.0,0.2577203355432945,-0.06542250863625512
-0.179715,-0.468278,0.113881,0.083571,50.05,70.0,0.12199701881453699,0.10041543814370657
-0.354089,0.832908,4.709472,-1.069052,50.05,70.0,4.725598654685919,-1.069343687696942
0.6902,0.18448,1.502351,1.175886,50.05,70.0,1.4944935108941513,1.1825977086655362
0.559428,0.309052,0.526659,0.301584,50.05,70.0,0.5466194786982618,0.2841125142114213
0.231775,-0.565161,0.75863,-0.237158,50.05,70.0,0.7400940788686199,-0.25306080697343286
-0.660423,0.27386,0.362506,0.23921,50.05,70.0,0.3811180101099717,0.2344222749803692
0.770979,-0.151703,-2.441895,-0.367856,50.05,70.0,-2.4611784848052394,-0.3491162818544155
0.33429,0.411033,-6.144233,1.570412,50.05,70.0,-6.12423303692676,1.585776127777834
0.236132,0.672578,0.924575,0.52886,50.05,70.0,0.9341159572896116,0.5270721102792486
0.021143,-0.641207,-27.714221,-4.467081,50.05,70.0,-27.70747106352967,-4.448232774764816
-0.768805,0.692363,0.768029,0.567557,50.05,70.0,0.7740121129205418,0.5522415202086762
0.549376,-0.632552,-0.580996,-0.441641,50.05,70.0,-0.597068811833531,-0.46108375163667475
0.703207,0.806451,0.723243,0.794885,50.05,70.0,0.7084462021883764,0.7770956925258212
0.027251,0.002565,0.029377,-0.001585,50.05,70.0,0.029218501659110052,0.01819963559671295
-0.892773,-0.83441,-0.839529,-0.761524,50.05,70.0,-0.827171655138288,-0.7713702404177744
0.067568,-0.381823,-9.420251,-1.18822,50.05,70.0,-9.413541954025929,-1.2082148768752832
0.707003,0.593458,0.475394,0.223314,50.05,70.0,0.4933660151905069,0.20888112735156364
0.252745,-0.119319,-0.180061,-0.015947,50.05,70.0,-0.18165401077428178,-0.003519579506914023
0.600639,0.932119,0.619391,0.178586,50.05,70.0,0.6349692517317355,0.15860592189295272
0.117204,-0.151717,-0.868536,0.243765,50.05,70.0,-0.8497621015122379,0.23653811817779424
0.085224,0.352463,-1.88909,-0.790596,50.05,70.0,-1.874585138995789,-0.8105917268201164
-0.147641,0.59078,20.229671,22.557224,50.05,70.0,20.22354667999824,22.5735318427064
-0.76342,-0.798353,-0.498756,-0.260989,50.05,70.0,-0.518053383616031,-0.27693711290762213
0.083328,0.501614,-0.017767,-0.13453,50.05,70.0,-0.03022821863168539,-0.11460886468735547
0.620557,-0.299272,0.490137,-0.321945,50.05,70.0,0.47015215250226905,-0.3373583588425646
0.133093,0.899827,1.04191,-0.883535,50.05,70.0,1.061047705209666,-0.8739963565953236
-0.613924,-0.220281,-0.567771,-0.281153,50.05,70.0,-0.587499264187265,-0.30024347756362146
-0.255847,-0.013363,-0.043274,0.00416,50.05,70.0,-0.04285802999572446,0.02369366382956337
-0.590431,0.631099,0.522319,0.17639,50.05,70.0,0.5377585971495186,0.15913383486598043
0.887333,-0.593909,0.956952,-0.486695,50.05,70.0,0.9439438976537575,-0.48524884276979285
0.179094,0.025883,0.17921,0.02259,50.05,70.0,0.1814641997880159,0.035083985043783655
-0.992044,0.72111,-0.400731,-1.868502,50.05,70.0,-0.4023745038733902,-1.876891350631751
-0.29792,0.866865,12.249058,5.523715,50.05,70.0,12.261253217958114,5.523399678164682
-0.60546,0.035407,4.43411,0.131639,50.05,70.0,4.446343798359903,0.11195998641640197
-0.911174,-0.098698,-0.385823,-0.107945,50.05,70.0,-0.3961010020465589,-0.11495900375389466
-0.813529,-0.988768,0.813936,-0.752964,50.05,70.0,0.8256091759546559,-0.7649513221819836
-0.220742,-0.009071,-0.210817,-0.01057,50.05,70.0,-0.21187350801363353,-0.000689530353281783
-0.449338,-0.025285,-0.26592,-0.125714,50.05,70.0,-0.2776797735325647,-0.12093671012607102
-0.956691,0.892522,-0.057733,-0.151532,50.05,70.0,-0.07147746888530042,-0.13235950464566298
0.612319,-0.758138,0.2198,0.111544,50.05,70.0,0.2303850615456573,0.12063374203678126
-0.021342,-0.693671,9.262491,-3.875195,50.05,70.0,9.25244219075676,-3.888964170271245
-0.535025,-0.164993,0.108162,0.040605,50.05,70.0,0.1121946623739595,0.05775083899769613
0.96021,0.250552,-0.670037,-0.522067,50.05,70.0,-0.6801693610705843,-0.5416334676995035
-0.964175,-0.893777,0.451078,-1.049661,50.05,70.0,0.468274024880501,-1.0623081658417621
0.285974,0.364537,-4.787882,-5.446263,50.05,70.0,-4.805160570289566,-5.438891695871065
0.772269,-0.468825,0.567216,-0.409419,50.05,70.0,0.5494420392263208,-0.4284928576171637
0.460963,-0.599879,0.438391,-0.19933,50.05,70.0,0.42159787492461864,-0.2109695557891917
-0.159875,0.976156,-0.789453,0.62882,50.05,70.0,-0.7895031468756603,0.6149674713899438
0.257274,-0.002431,-0.399258,0.004048,50.05,70.0,-0.3988532276376666,-0.004207409737848251
-0.859369,0.59177,-0.731894,0.142824,50.05,70.0,-0.7187949463824883,0.12544656143507354
-0.129349,0.038113,0.131845,0.023876,50.05,70.0,0.13422693285930878,0.039685343195310974
0.567858,-0.011798,-1.032242,-0.108013,50.05,70.0,-1.0425258348326252,-0.09933492754827648
-0.286254,0.927839,-0.159665,0.282272,50.05,70.0,-0.1399186614011918,0.29623014605777825
0.19586,-0.177318,0.050234,0.051064,50.05,70.0,0.05528510095937498,0.07043644591944653
-0.184516,0.844437,2.987407,-2.354396,50.05,70.0,3.001675734578672,-2.3687412832073695
0.457625,-0.689166,0.098573,0.218354,50.05,70.0,0.11632188248530115,0.23597361792188515
-0.815388,-0.220051,-0.070325,0.294066,50.05,70.0,-0.05042584995809268,0.3128422852778046
-0.395083,-0.159396,-0.469647,-0.331295,50.05,70.0,-0.4895736365451404,-0.3453241246480696
-0.973781,-0.341523,-0.191018,0.013226,50.05,70.0,-0.18969636378319746,0.0247767057457349
0.031083,0.410625,-2.900334,15.344013,50.05,70.0,-2.88095059146856,15.336883299082366
-0.617639,-0.651557,-0.755118,-0.55462,50.05,70.0,-0.7623221936281539,-0.5707333208652597
-0.716452,0.596064,-0.656026,0.585341,50.05,70.0,-0.6517612466567227,0.5655326191966883
0.04391,0.002039,-0.046878,0.000807,50.05,70.0,-0.0467973002189823,0.020260123892174187
0.261708,0.526675,2.494322,-7.227482,50.05,70.0,2.51432117290936,-7.207571728566489
-0.179683,0.066075,-0.12511,0.047679,50.05,70.0,-0.12038713353034111,0.06389182386726312
0.519935,0.541887,-0.606442,0.363703,50.05,70.0,-0.5870525138165099,0.3438225264042848
-0.513393,-0.599618,0.546569,-0.359695,50.05,70.0,0.5270851403692735,-0.37804738600908183
0.216834,0.327268,0.058295,0.107077,50.05,70.0,0.06849844410114382,0.1262334210748826
0.399183,-0.923756,0.327377,0.411966,50.05,70.0,0.34503274449979604,0.41064518851358844
0.43174,0.261703,-0.55608,0.188244,50.05,70.0,-0.5399144591873501,0.1695344796594336
0.443199,0.838269,0.169944,-0.127803,50.05,70.0,0.15801589825076637,-0.11459913042951332
0.779708,0.557628,0.735684,0.559148,50.05,70.0,0.7424639793115189,0.5419612892540366
0.046532,0.067925,-0.048634,0.090497,50.05,70.0,-0.03988996400293421,0.10990859156706514
-0.377495,-0.554236,0.112529,-0.163506,50.05,70.0,0.09793982970528688,-0.1465890567709821
0.951804,0.964755,0.370089,-0.028381,50.05,70.0,0.3672604155645314,-0.0339013597397768
0.643085,0.336716,0.465756,0.195197,50.05,70.0,0.4823210847416424,0.18144782921198993
-0.814679,-0.302932,-6.388839,1.574437,50.05,70.0,-6.368842313533847,1.5917106225152868
0.616469,0.997446,0.376327,0.054757,50.05,70.0,0.3817345478039307,0.04863985548575524
0.078297,-0.062322,-0.083749,-0.005487,50.05,70.0,-0.08429763117007527,0.012784999209554091
0.556594,0.6832,0.555637,0.410214,50.05,70.0,0.5733743702595441,0.3915201807282864
0.54036,-0.165946,-0.12257,0.087605,50.05,70.0,-0.11408696498043984,0.10396524038002326
0.939883,0.607433,-1.096707,0.445836,50.05,70.0,-1.0808873560733976,0.45977515042036615
-0.879338,0.96298,-3.222057,0.367772,50.05,70.0,-3.202771288629822,0.34936891225384414
0.799543,-0.083183,0.714116,0.131088,50.05,70.0,0.7263061625087981,0.11290025141479976
-0.051694,-0.820583,-0.270556,-0.292043,50.05,70.0,-0.2904338422588668,-0.28771713333265836
0.4557,0.952303,0.247539,0.115317,50.05,70.0,0.25844228453617035,0.12185650903604146
-0.640431,0.283857,-0.174571,-0.04359,50.05,70.0,-0.17889557152312305,-0.03073716473815208
0.784673,-0.006373,0.78284,-0.004869,50.05,70.0,0.7823531480944776,-0.019190863313668198
0.884468,-0.753581,-0.412808,-0.127384,50.05,70.0,-0.42470244315437766,-0.1368537081356146
0.558226,0.097281,-0.175065,-0.065951,50.05,70.0,-0.18154122476595363,-0.05313605254646313
-0.999937,0.066953,6.066367,-0.327134,50.05,70.0,6.046409071176606,-0.3177796826591034
-0.716418,-0.837636,0.621791,-0.489699,50.05,70.0,0.6090125364508423,-0.5096883487812196
-0.144815,0.091942,-0.015659,0.047218,50.05,70.0,-0.010980942247715963,0.06715673023852864
-0.732046,0.498439,-0.606813,0.570076,50.05,70.0,-0.6010707193510976,0.5501915106021397
-0.730879,0.120415,0.161219,0.055503,50.05,70.0,0.16669833149958327,0.06934943020193372
-0.186882,-0.92878,-27.660541,4.485263,50.05,70.0,-27.668972226425204,4.505210274567295
-0.004829,0.843705,-9.354893,-9.330981,50.05,70.0,-9.363932618709212,-9.349772395818805
0.146684,-0.682218,-4.202825,-0.618916,50.05,70.0,-4.203764906753809,-0.6301058397757361
-0.032043,-0.546768,0.938736,-1.069685,50.05,70.0,0.9548251344197346,-1.070059157779314
0.47833,-0.711164,0.55224,-0.574125,50.05,70.0,0.5468867218393308,-0.5926953784147424
-0.531444,0.027926,-0.420541,-0.179621,50.05,70.0,-0.4361839510593956,-0.18976458472208932
-0.649669,-0.992233,1.084408,-0.436699,50.05,70.0,1.0680460189404464,-0.423667618441697
-0.453547,-0.760151,-0.393038,-0.474678,50.05,70.0,-0.4069348756148208,-0.48236296961120056
0.146391,0.389627,-1.526351,0.65808,50.05,70.0,-1.5293161753019102,0.6624880409344326
0.464292,-0.639679,0.550819,0.244891,50.05,70.0,0.5696314194781202,0.22637384947574304
0.911359,-0.781821,-0.808754,-0.695387,50.05,70.0,-0.8021721506783839,-0.707785058442166
-0.065646,0.69172,-0.751376,2.526728,50.05,70.0,-0.7500316267423681,2.5103958474755355
-0.257775,-0.428838,-5.233153,-0.600479,50.05,70.0,-5.235927971471269,-0.5902345156137049
0.51558,-0.649317,-0.445807,-0.398785,50.05,70.0,-0.46404317448528554,-0.41101948934360744
0.928729,-0.855305,0.854119,-0.674946,50.05,70.0,0.8587396225061827,-0.6834972377103585
0.890303,-0.682804,0.507346,-0.169527,50.05,70.0,0.4923516510916775,-0.1859786041460743
0.115419,-0.152883,0.181571,0.037496,50.05,70.0,0.18529867294517458,0.049804756435651826
0.494272,-0.775741,0.435378,-0.645998,50.05,70.0,0.4371436453446408,-0.6573912256886154
0.121051,0.497849,-0.505872,-0.327496,50.05,70.0,-0.5258275493525449,-0.34386333922901363
-0.646576,-0.995651,0.951744,-0.329583,50.05,70.0,0.931803443428199,-0.3286567110803488
0.09411,-0.299922,-4.571473,2.495595,50.05,70.0,-4.573238610838874,2.4826407235837245
-0.78394,0.312995,1.24629,-0.059705,50.05,70.0,1.2404077847123935,-0.03973175945072466
0.499725,0.876099,4.349331,6.15279,50.05,70.0,4.337195825784432,6.133384799257614
0.593618,0.941791,0.92106,0.531831,50.05,70.0,0.9303387997555348,0.52969331171813
0.686233,-0.477919,0.57284,-0.364008,50.05,70.0,0.5534580147437446,-0.3832434545130862
-0.386354,0.546772,-1.377388,0.325788,50.05,70.0,-1.3574217973442089,0.3422521948636487
-0.402805,0.050819,0.348355,-0.118652,50.05,70.0,0.33717366143320116,-0.12205493666588452
0.122803,-0.054153,0.080689,-0.033779,50.05,70.0,0.07732713650333474,-0.015384720302296644
-0.14649,-0.051619,0.119389,0.046332,50.05,70.0,0.12398086989802462,0.06287313487093431
0.434093,-0.195331,0.34883,-0.122115,50.05,70.0,0.3373632267403475,-0.125564734413774
-0.936074,-0.603181,0.129644,0.777917,50.05,70.0,0.11604063181010069,0.7938601953725358
0.330755,-0.99233,-0.646679,0.030247,50.05,70.0,-0.6436658169903788,0.010331217536659582
-0.095769,0.402688,4.036374,-25.458098,50.05,70.0,4.016405337847462,-25.45337343793238
-0.029576,0.915145,0.982725,1.359154,50.05,70.0,0.9925336278033525,1.3631516112048634
0.849332,0.716335,0.584678,0.326486,50.05,70.0,0.6046400249269126,0.3069602378589295
-0.55455,-0.323091,-0.083241,0.076389,50.05,70.0,-0.07578647961220307,0.09468159624720572
-0.189075,0.211979,1.47222,1.867186,50.05,70.0,1.4739946222637679,1.876649329820017
0.734301,-0.605022,0.538293,-0.350942,50.05,70.0,0.5186302900669051,-0.3689498314020874
-0.604926,-0.984413,-0.359106,-0.281763,50.05,70.0,-0.3788441936878764,-0.2862199348086426
0.966924,-0.906273,-0.806301,-0.970295,50.05,70.0,-0.7864941375545795,-0.9828846027456775
0.272743,-0.008613,0.127688,-0.002396,50.05,70.0,0.12744840573120683,0.013664528128100614
-0.75741,0.206734,-0.532363,0.540957,50.05,70.0,-0.5239020196228247,0.5232150484841034
0.577279,0.332479,0.505142,0.289928,50.05,70.0,0.524995390914275,0.2736027225141748
-0.025873,-0.852712,13.1146,-24.914087,50.05,70.0,13.132362700483544,-24.93250474657747
0.462455,0.485091,0.417618,0.318434,50.05,70.0,0.4376134318348489,0.3085434056242645
0.917152,0.576381,0.837399,0.453285,50.05,70.0,0.8527520191374578,0.4432539222714979
-0.760987,0.088181,1.091866,0.024583,50.05,70.0,1.0943181146350693,0.03817094704897815
0.059222,-0.662964,-8.702033,9.626122,50.05,70.0,-8.718934657883532,9.643934012815087
-0.442948,-0.632049,0.42082,-0.356499,50.05,70.0,0.40126649202801923,-0.3666666201972404
-0.847773,-0.522056,-0.261232,-0.055061,50.05,70.0,-0.26666880928013026,-0.0498298345489116
-0.202331,-0.578316,0.011705,0.113651,50.05,70.0,0.022468242213631258,0.13361675801915723
0.240513,0.306864,-0.296746,-0.142943,50.05,70.0,-0.3098540437700009,-0.14120387266448306
-0.540641,-0.54581,-0.699466,-0.385683,50.05,70.0,-0.7182006609870808,-0.4044307987888972
0.576295,-0.213186,0.477942,-0.22539,50.05,70.0,0.4598798665532344,-0.2399980856656085
0.988516,-0.019522,-0.229876,0.001412,50.05,70.0,-0.22973480117298312,0.009593065519591578
-0.112243,-0.469385,1.028481,1.917802,50.05,70.0,1.025211104959384,1.9261397072731472
-0.946991,-0.070401,-2.770469,0.273178,50.05,70.0,-2.7508873990197533,0.278797731411856
0.771999,0.990973,-0.848768,0.918273,50.05,70.0,-0.8686217106485109,0.909241157480159
-0.714544,0.663031,-0.414684,0.160485,50.05,70.0,-0.4003031301247251,0.15085047248570013
-0.439806,0.177458,-0.278391,0.03005,50.05,70.0,-0.27539729358858867,0.033607790003606995
0.529938,0.662989,0.472599,0.427656,50.05,70.0,0.4894641239779533,0.4134180183994906
0.856541,-0.121999,-8.206343,0.769486,50.05,70.0,-8.219316426699516,0.7498497421752719
-0.43337,0.346928,-0.377988,0.297544,50.05,70.0,-0.3580569770755909,0.2912689282068567
0.819759,-0.304523,2.024935,8.881828,50.05,70.0,2.0332149797629566,8.86652982975242
-0.120725,0.977964,-0.518991,6.756866,50.05,70.0,-0.5050225750452276,6.7397804568954705
0.638503,-0.673411,-0.623222,-0.51648,50.05,70.0,-0.6338320399301406,-0.5364735066950491
-0.025508,-0.709216,-0.508372,-0.801727,50.05,70.0,-0.4931236315361898,-0.8182367308110226
0.206165,-0.982725,-0.343956,0.20643,50.05,70.0,-0.3267879226515796,0.20346133718145498
-0.654191,-0.994198,0.98234,-0.380192,50.05,70.0,0.963420214126083,-0.37623211925905803
0.507342,0.888749,-0.280085,0.230423,50.05,70.0,-0.2618124830188919,0.23381396622854891
-0.788519,-0.646089,-0.754012,-0.66065,50.05,70.0,-0.7507929167069596,-0.6768285902749553
-0.82165,0.527727,-0.607946,0.523451,50.05,70.0,-0.5979332049886491,0.5035546703151714
-0.500525,-0.330457,-0.101693,0.055107,50.05,70.0,-0.09625176408898958,0.07257685662468863
0.005558,-0.584809,-0.211891,0.385762,50.05,70.0,-0.19315910582641196,0.3955489488594251
-0.879924,-0.87652,-0.78795,-0.600983,50.05,70.0,-0.790675050199987,-0.6149435472917244
0.335382,0.771226,0.788558,-0.256832,50.05,70.0,0.769373993947731,-0.27074894572798847
-0.005151,-0.577872,1.952106,12.74585,50.05,70.0,1.9677401232435017,12.726966744094389
-0.288372,-0.668272,0.066683,0.059059,50.05,70.0,0.07250344188201432,0.0779576044452672
0.344769,0.539325,0.209844,0.169458,50.05,70.0,0.22483378188533282,0.1794229497315596
0.443266,-0.022243,1.349884,-0.037433,50.05,70.0,1.3461625168450204,-0.019567655599328576
0.155511,-0.329882,7.442804,-6.976151,50.05,70.0,7.449156729087442,-6.9584583574526615
-0.32886,0.846624,0.650886,0.926611,50.05,70.0,0.6309489058005856,0.9067381876325898
-0.795802,0.953706,0.915727,0.92138,50.05,70.0,0.8958381760958335,0.9187128895129753
0.939121,-0.19574,0.324101,0.160726,50.05,70.0,0.3384986080888149,0.15973223591116736
0.189963,0.70519,-7.631592,0.904237,50.05,70.0,-7.651227522820519,0.9221682652310169
0.131429,0.9276,-0.124529,-0.047074,50.05,70.0,-0.12919305599744796,-0.030827224530009665
0.177474,0.797662,-1.399237,4.089316,50.05,70.0,-1.379243878555251,4.1044440633182555
0.307646,0.603402,0.887153,2.837665,50.05,70.0,0.9071268342375352,2.832202809243303
-0.618286,0.468287,0.466115,0.221342,50.05,70.0,0.4839996180873486,0.2075667799478564
0.502774,0.121991,-0.065261,-0.077279,50.05,70.0,-0.07279803309436149,-0.05833433556737556
0.299711,-0.749274,-6.755003,-1.897183,50.05,70.0,-6.753781020787073,-1.9113660033173736
0.952548,-0.52243,-0.560914,-0.349824,50.05,70.0,-0.5805968484476666,-0.36869886784187106
-0.478156,-0.362948,-0.437894,-0.202755,50.05,70.0,-0.45487067160276345,-0.21435410361974216
-0.066459,-0.978223,0.047599,0.844788,50.05,70.0,0.029937765059911112,0.8642242523179575
-0.998511,0.023939,-2.645456,0.280027,50.05,70.0,-2.6257465466685446,0.29581568690516263
0.345356,0.389923,1.608383,-0.547557,50.05,70.0,1.6005245481579928,-0.5512935809959996
-0.57199,0.571695,0.567929,0.258332,50.05,70.0,0.5871548752161829,0.23923681786932557
0.474855,0.891349,-0.285462,0.204644,50.05,70.0,-0.268386223201888,0.20750388952351004
0.899338,-0.823535,0.60563,-0.3851,50.05,70.0,0.5868750110402091,-0.4049714455986293
0.849166,-0.059459,0.745649,0.158308,50.05,70.0,0.7598777270287707,0.14165202952970554
0.675054,-0.373924,-0.189061,0.001964,50.05,70.0,-0.1888646031565387,0.013673913004257736
-0.548665,0.590352,-0.552824,0.382302,50.05,70.0,-0.5339736715067941,0.3637100177363277
0.041768,-0.013144,0.02734,-0.006069,50.05,70.0,0.02673319313655618,0.013744421918679276
-0.911787,-0.399264,-0.40577,-0.004172,50.05,70.0,-0.40618716974395147,-0.013016065124037603
-0.431865,-0.3551,-0.439715,-0.460415,50.05,70.0,-0.45460142170123485,-0.4721619682551476
-0.170771,-0.149849,-0.162805,0.050102,50.05,70.0,-0.1578470385521342,0.06383355199602321
-0.516995,0.861709,-0.414207,0.248029,50.05,70.0,-0.39529037830063873,0.2384363003922042
0.750309,0.43813,-0.518818,0.244258,50.05,70.0,-0.500027162443373,0.22718145613415247
-0.356973,0.351603,0.67814,-0.015838,50.05,70.0,0.6765578548308131,-0.03522065763368494
-0.60761,-0.100442,0.343177,0.036888,50.05,70.0,0.34684492120827287,0.03399639656395027
-0.134286,-0.947494,0.389182,-0.142489,50.05,70.0,0.37610827968754773,-0.14981656601006324
-0.533445,0.384791,0.560781,0.308142,50.05,70.0,0.5807719488121823,0.28927153435812963
-0.824182,-0.034699,-0.479158,-0.021397,50.05,70.0,-0.48129362057575426,-0.0360878697828226
0.810855,0.044058,0.151259,-0.2285,50.05,70.0,0.13306550716379806,-0.2139523303211977
0.481714,0.168352,0.248404,0.042415,50.05,70.0,0.2526137772752584,0.0488727027881998
-0.505462,0.693515,-0.535528,0.688009,50.05,70.0,-0.5414088264677024,0.6701231854139921
-0.093492,0.672694,-0.647954,0.673522,50.05,70.0,-0.6524359589957873,0.6536183105164367
-0.030091,0.26804,-1.366035,-0.85881,50.05,70.0,-1.347759700429757,-0.8417281178792614
0.956421,0.575212,-0.281085,0.112288,50.05,70.0,-0.27043688611749317,0.11558037206449062
-0.408508,0.204844,0.492875,0.218995,50.05,70.0,0.5106533359479178,0.2034086154652411
0.812645,0.120952,0.951764,0.000223,50.05,70.0,0.9517862999953794,0.001151286768837024
0.832304,0.533654,0.660875,0.457542,50.05,70.0,0.675951744437282,0.4378063963155263
-0.875478,-0.157765,1.540853,0.576011,50.05,70.0,1.546024324408156,0.5789941588469437
0.43875,0.073699,-0.311285,-0.059276,50.05,70.0,-0.31712619919637025,-0.05898858335794145
0.654129,-0.058401,0.321407,-0.061896,50.05,70.0,0.3153157323646901,-0.06262061484076054
0.44938,0.729047,0.360751,0.049693,50.05,70.0,0.36566932775603234,0.0450758543564435
-0.902323,0.649261,0.436309,0.389518,50.05,70.0,0.4549059830439934,0.3780483810399536
0.124844,0.25366,1.500682,0.53608,50.05,70.0,1.5095823294239823,0.5429486945752001
-0.730705,-0.960349,0.394443,0.054974,50.05,70.0,0.39987143638772404,0.04715950730910743
-0.591905,-0.143601,0.287318,-0.24223,50.05,70.0,0.26859757289801417,-0.2395539236627187
0.494379,-0.97674,0.549278,-0.261991,50.05,70.0,0.5299545330523399,-0.28044937125299546
-0.076816,0.95963,9.992215,26.282111,50.05,70.0,9.98199519419108,26.301191494431883
0.507349,-0.98739,0.182976,0.266486,50.05,70.0,0.20241050013789919,0.2786837135710431
0.928516,-0.43626,-0.091633,-0.781194,50.05,70.0,-0.07779124613938943,-0.7632566873352028
-0.224662,0.102026,-0.315191,0.152766,50.05,70.0,-0.30135714985218265,0.15266282699350447
0.747557,0.197639,3.003574,0.090649,50.05,70.0,3.012331703794667,0.07522526713749467
-0.281433,-0.03989,-0.255731,0.015509,50.05,70.0,-0.25418165385170877,0.021269069624761903
-0.430152,0.427359,0.526664,0.338318,50.05,70.0,0.5465182662159803,0.3208462708714678
0.618887,-0.371206,-0.582494,-0.38289,50.05,70.0,-0.6013245984564577,-0.4023673207101646
-0.86693,-0.494035,-0.741009,-0.561194,50.05,70.0,-0.747596142931479,-0.5781023245361955
0.746888,0.94188,0.791028,0.625978,50.05,70.0,0.791262047729489,0.6122395039474465
0.176264,0.475414,1.410588,1.724919,50.05,70.0,1.4249376709777553,1.7392806282996176
0.288517,-0.889212,-0.005576,0.144528,50.05,70.0,0.0076513427793706,0.16452022755947576
-0.979543,0.814468,0.874523,0.890103,50.05,70.0,0.8552048696475982,0.8834375199484455
0.759105,0.283833,0.016405,-0.056517,50.05,70.0,0.01082821898458913,-0.03658424329192739
0.379032,0.390067,1.11452,0.128025,50.05,70.0,1.1264659139733255,0.1431846044624942
-0.139382,-0.589919,-17.521538,-27.903565,50.05,70.0,-17.5407421723937,-27.884825342548268
-0.767689,-0.557346,-0.617952,-0.55846,50.05,70.0,-0.6247966651962404,-0.5784331397746367
0.677605,0.508678,-0.627868,0.517969,50.05,70.0,-0.6173844730501241,0.4979690507444605
-0.649133,0.029568,1.302599,0.068886,50.05,70.0,1.3093522041865762,0.08836019526266149
0.942509,0.741378,-0.710979,0.685472,50.05,70.0,-0.7166168752274314,0.6671560104339288
0.334065,0.625951,-3.843438,-1.671218,50.05,70.0,-3.860969396152088,-1.652554394216847
0.352577,-0.240606,-0.947584,0.1323,50.05,70.0,-0.9352979769976004,0.13281056492091362
0.140541,0.074229,0.172673,-0.058941,50.05,70.0,0.1668638483831013,-0.045943327221841954
-0.438007,0.410534,0.422393,0.321589,50.05,70.0,0.44237920134777303,0.3112862395704808
-0.151372,-0.111899,9.365818,-7.035644,50.05,70.0,9.377450107847707,-7.054781206562931
-0.691442,0.929711,-0.744515,0.756842,50.05,70.0,-0.7565008551174961,0.7401235220588062
-0.351605,0.570294,-0.016274,-0.284491,50.05,70.0,-0.03605435173393878,-0.2645571742448457
0.928268,-0.59189,0.242982,-1.084971,50.05,70.0,0.25811704273721,-1.0780025742039003
0.103665,0.299257,0.056615,0.188508,50.05,70.0,0.07279607110716717,0.20771202204688646
-0.382191,0.515452,-0.410556,-0.24046,50.05,70.0,-0.4292134008565085,-0.2497307554781616
-0.792271,0.303882,-0.564746,0.275213,50.05,70.0,-0.5451240061196733,0.2562148882578345
-0.659786,0.98038,0.930403,0.662971,50.05,70.0,0.9269550647601014,0.6617642538060131
-0.745614,0.462692,0.272947,0.064071,50.05,70.0,0.2792450703872167,0.06816312297431827
0.466662,-0.811583,-0.786678,-0.36914,50.05,70.0,-0.805927027008184,-0.383191348571316
-0.283216,-0.010173,-0.310411,-0.018948,50.05,70.0,-0.3123029667559837,-0.01857319540589534
-0.972992,0.917756,0.958325,0.719312,50.05,70.0,0.9495363403575114,0.7208950626754093
0.720999,-0.164618,0.139894,0.016671,50.05,70.0,0.14155917015318964,0.03197467030441314
-0.737137,0.946722,0.769956,0.505717,50.05,70.0,0.7814626016523026,0.490526156434219
-0.442158,0.643962,-0.483318,-0.318519,50.05,70.0,-0.503313248366627,-0.3334889532454818
-0.930066,0.386879,0.427671,0.848702,50.05,70.0,0.4098294915542354,0.8379504982551403
0.272153,0.076316,-0.20662,0.00794,50.05,70.0,-0.20582620855280775,0.01818317497315064
0.649547,0.936151,0.967196,0.623821,50.05,70.0,0.9676457151664737,0.6262865324608639
-0.101852,0.174746,0.365036,0.458644,50.05,70.0,0.3800401077923952,0.45361102072108483
0.960151,-0.736102,-0.921698,-0.750063,50.05,70.0,-0.9102616046684191,-0.7521372429941062
0.329949,-0.545536,-0.042645,-0.18835,50.05,70.0,-0.05881677984698155,-0.16880292906698954
-0.818857,-0.535549,-0.554334,-0.548839,50.05,70.0,-0.5620744021326539,-0.5674861062494547
-0.974433,0.710498,5.649938,-1.060135,50.05,70.0,5.666575860999489,-1.0801289270980072
-0.656163,-0.13917,3.265756,5.459952,50.05,70.0,3.282305253787865,5.4436839272954485
0.976119,-0.363749,21.279047,8.383842,50.05,70.0,21.261421951529147,8.402112614650743
0.47408,-0.141685,-0.470655,-0.12938,50.05,70.0,-0.4827093128398975,-0.14348078758647181
0.703801,0.790363,0.62882,0.494507,50.05,70.0,0.6412249415977967,0.47450706286782723
-0.373322,-0.422439,0.311899,0.372161,50.05,70.0,0.3310638279070871,0.3723870217245776
0.072919,-0.456057,-1.13191,1.411797,50.05,70.0,-1.1179042566215964,1.4280322168428345
-0.953454,-0.693989,0.522099,-0.784281,50.05,70.0,0.5361619200268232,-0.8015260330073161
0.133558,0.71527,2.662934,-6.032208,50.05,70.0,2.6819442823450275,-6.0175510597015265
-0.452533,0.276885,-0.380534,0.068545,50.05,70.0,-0.3738129028549862,0.06202869934506374
-0.399507,-0.519014,4.286769,1.671117,50.05,70.0,4.3043052547912515,1.6541433133423358
0.928873,-0.42697,-4.380707,0.871563,50.05,70.0,-4.3994628896808115,0.8516397122954444
-0.090943,-0.485854,-32.415066,9.494265,50.05,70.0,-32.421875747510434,9.49985567257326
0.243752,0.734472,-11.660592,10.796365,50.05,70.0,-11.671464497648554,10.792715641999141
0.274769,0.0396,-0.22128,0.038873,50.05,70.0,-0.2174171293866326,0.0478306628728338
-0.450058,-0.130533,-0.314913,-0.050279,50.05,70.0,-0.31988810701834636,-0.05035437328568192
0.126405,0.494944,-6.435639,-15.158516,50.05,70.0,-6.44332327978041,-15.144050572929256
0.528369,0.303809,0.486781,0.253846,50.05,70.0,0.505878448723909,0.23864865774662591
0.112226,0.17527,-4.955238,-0.36796,50.05,70.0,-4.974518723392951,-0.34921787662510534
-0.243088,0.422393,-2.866598,-1.135749,50.05,70.0,-2.8552319672263993,-1.1396404785840546
-0.843957,-0.383755,-0.400007,-0.146889,50.05,70.0,-0.413410506726242,-0.1552125732340437
0.228322,-0.599708,4.654937,17.197771,50.05,70.0,4.636554502698086,17.192104490545866
0.703746,-0.136389,6.77664,-0.433794,50.05,70.0,6.7601126908085085,-0.44941664413663845
-0.288967,-0.671061,-15.193235,-3.052451,50.05,70.0,-15.201856941249678,-3.0355909051136196
-0.523803,0.444292,-0.329799,0.034945,50.05,70.0,-0.3263222533756931,0.03338262000670496
-0.786543,0.564827,-0.04805,-0.127106,50.05,70.0,-0.05992208238046376,-0.10768042962316539
-0.953025,0.51067,-0.859102,0.588374,50.05,70.0,-0.8551340498957901,0.5802758259350925
0.822887,0.261881,0.526436,-0.097337,50.05,70.0,0.5170820325160507,-0.11479762172489803
-0.569789,-0.449509,0.524178,-0.259863,50.05,70.0,0.5049105055465775,-0.27721239661726194
-0.893023,0.966977,-1.26261,0.658205,50.05,70.0,-1.265587536579502,0.6781960816641123
-0.009637,0.030979,-0.008927,0.034336,50.05,70.0,-0.005510242161071013,0.05431608047519072
0.67073,0.953604,0.945623,0.792376,50.05,70.0,0.9309961633329106,0.792690507428581
-0.781945,-0.14458,6.827869,0.582926,50.05,70.0,6.832369382287066,0.5646493617741716
0.04598,0.789279,0.549284,1.26324,50.05,70.0,0.5499441739128691,1.244781397758173
-0.580681,0.488772,0.429509,0.134806,50.05,70.0,0.44199179474241873,0.12389997136911277
0.7841,0.373234,0.69656,0.315381,50.05,70.0,0.716559626842277,0.29653397311874263
0.952224,0.027427,-0.551388,-0.003652,50.05,70.0,-0.5517531797057117,-0.022190576517592694
0.973862,-0.308429,-0.744121,-0.462708,50.05,70.0,-0.7588533151175225,-0.4794480699933585
0.237372,-0.492547,0.977192,2.176949,50.05,70.0,0.9573147056318648,2.180403016108021
-0.234605,-0.99999,0.379099,-1.773184,50.05,70.0,0.3684946349368925,-1.7795644643761797
-0.823907,0.600233,-1.017056,0.491316,50.05,70.0,-1.0044023437870662,0.4986021858733103
0.119749,0.627968,-2.945597,1.10211,50.05,70.0,-2.959557494686111,1.0909691880990815
0.262842,-0.418308,10.451554,-8.513715,50.05,70.0,10.47130778388218,-8.521897432236146
-0.496135,-0.54387,-0.230703,0.027903,50.05,70.0,-0.22792174313014224,0.036008531175325875
-0.830869,-0.409841,-0.352526,-0.141122,50.05,70.0,-0.3654959658397336,-0.14493518502630368
-0.203256,-0.131628,-0.249198,0.006276,50.05,70.0,-0.24857050299500913,0.01265850490632238
-0.279712,0.872487,-0.13087,-1.06702,50.05,70.0,-0.11462399459950402,-1.0511511257189887
-0.113211,-0.74565,0.17453,-0.293547,50.05,70.0,0.15463612238810914,-0.2806910237243672
-0.138858,0.20919,-0.226364,-0.067456,50.05,70.0,-0.2329824313795566,-0.05895573855959146
-0.147858,0.950344,-1.237146,-7.871332,50.05,70.0,-1.2570707883869148,-7.851426900223428
0.434425,-0.613972,-0.292475,-0.198946,50.05,70.0,-0.30924723839636603,-0.19678181934330324
0.974464,-0.178869,2.497299,-0.130777,50.05,70.0,2.485133507671763,-0.11084076722336275
-0.244964,0.897496,0.638567,-0.54901,50.05,70.0,0.6308423681134493,-0.568983747964433
0.210042,0.176652,-0.159652,-0.035288,50.05,70.0,-0.16316251925608538,-0.021328922927177224
0.985529,-0.211625,3.59027,-0.288976,50.05,70.0,3.5704283398421053,-0.276515713658795
-0.781314,0.455893,-0.675184,0.441241,50.05,70.0,-0.6590874157300962,0.42178758512044806
0.192357,0.951558,2.033412,1.934825,50.05,70.0,2.0284765751048432,1.9200864422852715
0.842403,0.270088,1.817815,0.761206,50.05,70.0,1.8054826745295314,0.7423224207103782
-0.632223,0.235934,-0.430346,0.073891,50.05,70.0,-0.423123854802353,0.06291490638854051
-0.658825,-0.879909,0.689044,-0.870413,50.05,70.0,0.7077596528924183,-0.8894981650466941
-0.625074,0.38144,-0.465891,0.294649,50.05,70.0,-0.4459860871715036,0.28089002832600096
0.859017,-0.493713,0.758797,-0.362733,50.05,70.0,0.7393839582414836,-0.37862567412568454
0.167932,0.432366,8.468747,10.177429,50.05,70.0,8.480394749289704,10.176074720608195
0.781157,0.910393,0.942959,0.835216,50.05,70.0,0.9257669895891874,0.8352641203458786
0.974252,0.256627,3.919873,0.880455,50.05,70.0,3.9008270241400216,0.8950913799011713
-0.867498,-0.035287,0.502952,0.009395,50.05,70.0,0.5038911545134102,-0.006802789552601059
0.924758,0.403907,-1.531385,-0.546994,50.05,70.0,-1.539295192515879,-0.5430783244056673
0.462034,-0.587991,0.613622,-0.220276,50.05,70.0,0.5957853505219438,-0.24022202728914466
-0.358882,0.266447,-0.006522,-0.064349,50.05,70.0,-0.012846449932972695,-0.04435963317866233
0.182287,-0.30263,0.137981,-0.199796,50.05,70.0,0.12116261122363389,-0.18436987034901842
-0.305422,0.765132,0.511077,-0.092267,50.05,70.0,0.5021741211782651,-0.10892789225057332
-0.430818,-0.758824,-3.940986,2.495024,50.05,70.0,-3.942808480627513,2.508142723902086
0.44752,-0.524588,-0.482732,-0.372191,50.05,70.0,-0.5018959698098776,-0.38712202919002137
-0.748587,0.490135,-0.596173,0.573847,50.05,70.0,-0.5907929413763945,0.5541047781287504
-0.304376,0.354192,-0.993292,-0.229422,50.05,70.0,-1.0115235920290895,-0.22439507280602927
0.909633,0.19833,6.265193,-1.206441,50.05,70.0,6.270160073440558,-1.1865218762125413
-0.659494,-0.107555,-0.829368,-0.034048,50.05,70.0,-0.8327563776907266,-0.0447655879576199
0.316358,-0.968939,-4.557315,1.696889,50.05,70.0,-4.541159911361761,1.682889394136299
-0.951039,-0.110366,3.165738,0.169989,50.05,70.0,3.1807628820986196,0.15013457250014234
-0.929101,0.602302,-1.515388,0.368219,50.05,70.0,-1.4961141762430588,0.37368922579264513
0.889256,-0.279049,-1.155769,1.419648,50.05,70.0,-1.1412137378082405,1.4371578689652458
0.023279,-0.755723,0.003633,-0.030162,50.05,70.0,0.0006282202412805633,-0.010165299581519023
0.560465,-0.273097,0.412163,-0.115148,50.05,70.0,0.401273887119424,-0.12456084728143088
0.051572,0.769965,0.172116,1.021965,50.05,70.0,0.15367487147247383,1.0350049561952448
0.802277,-0.125193,-0.061843,-0.960943,50.05,70.0,-0.04192818040603463,-0.9418915450507027
-0.115235,-0.7588,16.426374,2.691557,50.05,70.0,16.441933224026034,2.7095619296932925
0.843081,-0.3417,11.899798,-5.567671,50.05,70.0,11.891352041632699,-5.587306270258888
-0.944393,-0.414898,0.264407,-0.731831,50.05,70.0,0.27430226442262956,-0.7269069279218152
0.817337,0.989388,-0.742661,0.789176,50.05,70.0,-0.7570677302357034,0.7723564859133799
0.638626,-0.62115,-0.194017,0.070748,50.05,70.0,-0.1870888268988943,0.08205258827665321
0.33945,-0.859209,-0.479126,-0.067283,50.05,70.0,-0.4857281036176244,-0.08197169819762731
-0.721641,-0.626662,0.615969,-0.444401,50.05,70.0,0.6000619651072254,-0.4643628843855852
-0.300516,-0.766756,0.578748,0.597905,50.05,70.0,0.5817776449529493,0.5785161710113479
-0.871142,0.709474,-0.880657,0.626346,50.05,70.0,-0.8804597501260533,0.6202618959091928
0.121426,0.802678,-22.033581,-14.959067,50.05,70.0,-22.022240515003737,-14.978618558256173
0.617099,-0.415355,-0.083756,0.088994,50.05,70.0,-0.07514738396425509,0.10726571456841862
-0.863414,0.593331,-0.568257,0.211613,50.05,70.0,-0.5508288423538038,0.19250808947874087
0.109055,0.891282,8.457262,2.234284,50.05,70.0,8.437570421172948,2.2317867186858362
-0.230743,-0.090916,0.202681,-0.081503,50.05,70.0,0.1947544189133037,-0.07092351637370042
-0.025727,-0.386608,1.54858,0.264198,50.05,70.0,1.5679592063811294,0.26641506666191334
0.282575,-0.766675,-5.656419,0.800433,50.05,70.0,-5.67158331717981,0.7804336023464546
0.491022,0.598424,-0.651168,0.297224,50.05,70.0,-0.6312396579717229,0.27735438265119633
-0.283457,-0.059161,-0.310878,0.003038,50.05,70.0,-0.3105742116828031,0.003366111815926262
-0.310764,0.993108,2.665324,-1.130138,50.05,70.0,2.6771471839704324,-1.1156447163782663
-0.842052,-0.360428,-0.492973,-1.299614,50.05,70.0,-0.49723769548980373,-1.315206523609107
0.289898,0.320434,9.208236,-1.870613,50.05,70.0,9.20680296980767,-1.8799917340790202
-0.46116,-0.71019,0.768603,-0.384864,50.05,70.0,0.7498398275243284,-0.4001425022642872
-0.169166,0.820085,12.409143,2.314847,50.05,70.0,12.39239908277677,2.328978667868608
-0.826769,0.492574,-0.431134,0.045545,50.05,70.0,-0.4266187631113107,0.03450311884502589
0.699021,0.452338,0.460653,0.283098,50.05,70.0,0.4804122838731678,0.26972385613702404
0.443726,-0.301405,0.587922,-0.226635,50.05,70.0,0.5698067545304634,-0.24622841518717437
0.288119,0.410148,12.536131,-1.388905,50.05,70.0,12.523847507032526,-1.3691331733852388
-0.635316,0.250607,0.086429,-0.03912,50.05,70.0,0.08254189742698283,-0.020958610571937927
-0.055142,-0.779684,-0.893477,0.601122,50.05,70.0,-0.8907657208275971,0.5962707962738719
-0.155853,0.57736,21.984877,21.014267,50.05,70.0,21.965172176057827,20.994276832357915
-0.313105,-0.359333,-0.35088,-0.787598,50.05,70.0,-0.3365831710383234,-0.7912494770885348
0.693136,-0.463014,0.603646,-0.501103,50.05,70.0,0.5917651048369582,-0.5209510094574517
0.117663,-0.44398,-4.778652,4.434185,50.05,70.0,-4.782228192119462,4.440690737725784
0.023574,0.209185,0.002772,-0.126749,50.05,70.0,-0.009071333650146354,-0.10675092096524832
-0.234418,0.142407,0.757101,-0.104272,50.05,70.0,0.7471398017590082,-0.12026706379580503
-0.560438,0.715569,0.774649,0.511469,50.05,70.0,0.7856804397163017,0.4965875702811333
0.568819,0.132531,0.640683,-0.103032,50.05,70.0,0.6308295182086673,-0.12299379214637865
-0.558419,0.653727,-0.349226,0.189012,50.05,70.0,-0.3330153584619673,0.1855232659048905
-0.808207,0.473223,0.641992,0.24317,50.05,70.0,0.6607453028751543,0.22321672273742535
-0.547448,-0.9567,-1.046675,-0.557465,50.05,70.0,-1.0536130718009051,-0.5475102883420648
0.741958,0.08835,-1.7735,0.183002,50.05,70.0,-1.7576486263051805,0.16602804239936125
0.906674,0.46742,-0.584288,0.112463,50.05,70.0,-0.5736250766324318,0.09294571751150708
-0.069785,-0.871852,12.021832,-15.651378,50.05,70.0,12.016248663280075,-15.669648741888182
0.79068,0.960787,-0.699908,0.637949,50.05,70.0,-0.7008706748101337,0.6192166410301454
-0.053703,-0.586107,22.396812,-7.184132,50.05,70.0,22.416382339143887,-7.175297495012909
-0.706744,-0.246192,1.338335,2.303919,50.05,70.0,1.3210187128343513,2.3222734359825763
0.253208,-0.325993,-13.679795,0.845164,50.05,70.0,-13.697473847774717,0.8602519128929182
-0.96376,0.088643,1.611792,-0.121022,50.05,70.0,1.600414949039031,-0.12509291957753568
-0.171729,-0.257582,0.189899,1.230682,50.05,70.0,0.1873107731497871,1.2423238758020896
0.825867,0.346308,0.339949,-0.126916,50.05,70.0,0.3280922133613004,-0.12948783231165087
0.402392,-0.992809,0.889132,-2.216452,50.05,70.0,0.9090569029161426,-2.2217235500369883
-0.140886,0.133366,-0.029599,0.626646,50.05,70.0,-0.02943174887764268,0.6464273742749869
-0.520526,-0.487965,-0.604018,-0.268402,50.05,70.0,-0.6234968473608525,-0.2882545525815755
0.767634,-0.379251,-0.343203,-0.195901,50.05,70.0,-0.35980743085192546,-0.1987951760936408
-0.067788,0.691204,-12.664507,6.602949,50.05,70.0,-12.64451485188797,6.620589234408287
-0.929455,0.649597,6.298566,2.454118,50.05,70.0,6.292736266900869,2.474058887713916
-0.226255,-0.664689,-0.144392,-0.042264,50.05,70.0,-0.1485870143733678,-0.027253762161133496
0.567538,0.61457,-0.162567,-0.024524,50.05,70.0,-0.1650132590412591,-0.010775153785244284
-0.92082,-0.220012,0.689722,-0.294857,50.05,70.0,0.6698150720855061,-0.3139217843338243
0.263381,0.640871,22.170635,-3.232543,50.05,70.0,22.17941978581683,-3.2450153880541848
-0.875604,-0.271323,15.406575,9.016075,50.05,70.0,15.424381676686853,9.014798767969129
-0.130165,0.322808,-1.500853,1.006306,50.05,70.0,-1.5198431054871817,1.0131586321476036
-0.565898,0.952532,-0.937327,0.791174,50.05,70.0,-0.9518715952673324,0.790658977329679
-0.792643,0.048171,-0.809799,0.027946,50.05,70.0,-0.8070134849751568,0.015630109326219825
-0.392302,0.579086,10.995474,-1.45511,50.05,70.0,10.97872757754134,-1.4551200287560073
0.700138,-0.783378,0.402703,-0.163682,50.05,70.0,0.3881017965148066,-0.1722499522408503
-0.23848,-0.137859,0.659281,0.051046,50.05,70.0,0.6643303592903707,0.031285190332839205
-0.997785,0.221085,4.994726,0.361703,50.05,70.0,5.014163554482255,0.3814503698178235
-0.221033,-0.894807,-0.870048,-0.207089,50.05,70.0,-0.8872497891073691,-0.21417469284443622
0.981809,-0.73735,-0.877205,-0.576791,50.05,70.0,-0.8823009377755593,-0.5832030213086161
-0.639946,0.420291,0.057524,-0.10866,50.05,70.0,0.04718472748607127,-0.08948156545542153
-0.163094,0.887476,-0.187608,0.370977,50.05,70.0,-0.16840965039133038,0.38280439410059985
-0.182682,-0.343757,-9.281932,4.830132,50.05,70.0,-9.298565097246435,4.815020040575751
0.469598,0.527101,-0.180884,0.041042,50.05,70.0,-0.1768085448355728,0.053404832052059786
0.979285,0.837796,0.802988,0.665948,50.05,70.0,0.7992472148353326,0.653102710685108
0.842674,0.82516,-0.694058,0.692252,50.05,70.0,-0.7003430155329567,0.6733227268689868
0.465081,0.623137,0.555645,0.498958,50.05,70.0,0.5676977592196486,0.4802638963741264
-0.943644,0.176541,3.113953,0.724491,50.05,70.0,3.1047021219872963,0.7046816838371878
-0.875284,-0.899209,0.094647,0.15246,50.05,70.0,0.1084587348853798,0.17026197076780475
0.98607,0.883227,-0.694328,0.806058,50.05,70.0,-0.7098530236522784,0.7871374599961224
0.388456,0.777499,0.489061,0.267045,50.05,70.0,0.5085086230636392,0.2517004305865287
-0.579637,0.037276,-0.068714,-0.021555,50.05,70.0,-0.07086532957216987,-0.0027238377702456275
0.495733,-0.216391,-0.468238,-0.211909,50.05,70.0,-0.4856806591051144,-0.22583735613742623
-0.879774,-0.355364,-0.837097,-0.553877,50.05,70.0,-0.8443704560979206,-0.563934193100118
-0.607696,0.447297,-0.437016,0.195051,50.05,70.0,-0.42045910081782595,0.1835235340479118
-0.286254,0.928919,-0.188556,-0.084453,50.05,70.0,-0.19675255103580094,-0.07270218525307447
0.348075,0.096216,0.232397,-0.031772,50.05,70.0,0.22923314671539982,-0.023821622206261474
-0.890798,0.366316,-1.653916,0.943689,50.05,70.0,-1.673915633247385,0.9356142513462182
0.673993,-0.197009,-0.233212,0.113565,50.05,70.0,-0.22245600721682401,0.12144052808003833
0.867943,-0.477147,0.633128,-0.191225,50.05,70.0,0.6167887393282455,-0.21121921752996908
0.592537,0.76389,0.117034,-0.121861,50.05,70.0,0.10558804667161417,-0.10518863600109292
0.705678,0.331695,0.586913,0.394809,50.05,70.0,0.6053088208583141,0.3752360758304988
0.802034,-0.211669,-0.393061,-0.060173,50.05,70.0,-0.3989879292412717,-0.06786009298872171
0.480988,-0.032942,-0.137419,0.003896,50.05,70.0,-0.13702942463981047,0.019357837972614526
0.345898,-0.492576,-0.258707,0.314905,50.05,70.0,-0.23870713902987764,0.32037945197395995
-0.731861,-0.384897,0.526297,-0.525754,50.05,70.0,0.5164842249142942,-0.5432078389711106
-0.963658,-0.194549,0.048243,0.045844,50.05,70.0,0.05278735988946669,0.06526496898550732
0.220553,0.837106,23.390605,-12.557806,50.05,70.0,23.391461199694547,-12.572919701510806
-0.763894,-0.766959,-0.741117,-0.720829,50.05,70.0,-0.7321923261037043,-0.737731553704359
-0.272576,0.808293,-3.450394,0.584854,50.05,70.0,-3.4460816794296973,0.5843182721908906
0.981136,-0.048457,15.831279,-0.432407,50.05,70.0,15.814673982153517,-0.44872423216045865
-0.417487,-0.705243,0.547344,-0.462371,50.05,70.0,0.532588914110306,-0.4807540513317547
0.981843,-0.158997,14.583424,3.184953,50.05,70.0,14.579121853385146,3.169159153142086
-0.260478,0.142391,0.349947,-0.114845,50.05,70.0,0.33908331493212013,-0.11840470586235916
-0.835645,-0.679213,0.831367,-0.660691,50.05,70.0,0.834590129769088,-0.6712392809498826
0.463269,0.159292,-0.456636,0.16598,50.05,70.0,-0.44187872240311177,0.15290720791264695
-0.785555,-0.827101,0.823233,-0.814149,50.05,70.0,0.8392552579366934,-0.8253794394381394
0.914909,0.874319,0.767616,0.588831,50.05,70.0,0.771539148225447,0.5734889924477036
0.673737,-0.497693,-0.275695,-0.024346,50.05,70.0,-0.27812359172457823,-0.020523241263308085
-0.725095,-0.668957,-0.559633,-0.372909,50.05,70.0,-0.5787763040740321,-0.3917411210284246
0.841243,0.773726,0.398638,0.058299,50.05,70.0,0.4043856895921992,0.05010010161326876
0.005281,0.75055,7.700582,-0.162258,50.05,70.0,7.6860784795108215,-0.14837845880885034
0.493738,0.261767,0.504419,0.240793,50.05,70.0,0.5230883700862132,0.2245095953022907
-0.481646,0.973453,18.35094,-3.415961,50.05,70.0,18.370545474644448,-3.4319006560508742
0.81645,0.078151,-3.829064,0.177803,50.05,70.0,-3.8135349720037257,0.1969345942997438
-0.521461,-0.194894,-0.442019,-0.224232,50.05,70.0,-0.4600311045622667,-0.23616465526586752
0.423702,-0.834892,5.522951,3.781548,50.05,70.0,5.524114025094949,3.7657429928841073
-0.025148,-0.663972,6.362749,27.139262,50.05,70.0,6.351327317854404,27.157700166634253
0.624483,-0.319755,-0.552356,-0.285447,50.05,70.0,-0.5721502551831553,-0.3040216821979414
-0.119291,-0.924677,0.678263,0.320945,50.05,70.0,0.6982514895556009,0.30156537846080567
0.962045,-0.908794,-0.812422,-0.967906,50.05,70.0,-0.7925834307543053,-0.9800141694789336
-0.103916,-0.516293,4.114994,0.243319,50.05,70.0,4.133752476016969,0.24023895155478922
0.665033,-0.797579,0.390299,-0.158589,50.05,70.0,0.37605053973155383,-0.16602038423852514
-0.906413,-0.077813,7.444195,0.738529,50.05,70.0,7.4337233181907,0.7562860749962592
0.195172,0.251332,0.088725,-0.134084,50.05,70.0,0.07629869725288824,-0.11601996616907936
0.143412,0.330729,-3.282845,31.264007,50.05,70.0,-3.296617595459393,31.248791133986085
0.568376,0.688182,0.075418,-0.157133,50.05,70.0,0.06127209124036373,-0.13853819838781206
0.275953,-0.061481,-0.99208,0.015993,50.05,70.0,-0.9904824038827897,0.020902526467074377
0.690109,0.670203,-0.650121,0.540584,50.05,70.0,-0.6416262365734802,0.5207027192782
0.102027,0.768892,7.700955,-7.686177,50.05,70.0,7.68759120205772,-7.672324338823623
0.769649,-0.501324,-0.353274,-0.041975,50.05,70.0,-0.35744075288706967,-0.04586158607616255
0.24037,-0.106663,0.163016,-0.04129,50.05,70.0,0.15891626832330147,-0.02757379653571735
-0.689899,0.862511,0.774544,0.781533,50.05,70.0,0.7606777965597374,0.7666445572821942
0.214012,0.895072,0.185587,-1.251466,50.05,70.0,0.18610404853154097,-1.2394762389672018
-0.521201,0.173551,-0.42049,0.219414,50.05,70.0,-0.4026925100026606,0.2092748109947242
0.87091,-0.612202,0.667308,-0.472505,50.05,70.0,0.6532556740811692,-0.49212615741386584
0.718988,0.024934,0.688171,0.094914,50.05,70.0,0.6973101201807901,0.07580291558535639
-0.926485,0.573678,-0.813799,0.57604,50.05,70.0,-0.8086304770274494,0.5640417141233932
-0.200277,-0.049831,0.148292,-0.01504,50.05,70.0,0.14678941712927118,-0.0002903337666258672
0.495772,0.445798,0.408799,0.156312,50.05,70.0,0.4228867517623933,0.14719728401486842
0.532481,-0.589053,-0.681449,-0.296918,50.05,70.0,-0.7013747307038475,-0.3162164287994441
-0.220034,-0.116746,0.193054,-0.097,50.05,70.0,0.18372983281102656,-0.08561610195294897
-0.149499,-0.626103,-2.689413,6.156895,50.05,70.0,-2.701219340356283,6.169627316012464
-0.908231,-0.634886,0.655286,-0.116454,50.05,70.0,0.6442875741315837,-0.13627246419387903
-0.524872,0.477092,0.662995,0.351632,50.05,70.0,0.682644974314711,0.33193186205963154
0.493234,-0.219075,-0.467258,-0.210977,50.05,70.0,-0.4846548700151726,-0.22483486082598444
0.014215,0.911794,-0.135987,-0.29724,50.05,70.0,-0.1559154772847842,-0.28168772822690324
0.525895,0.713277,-0.577684,0.704443,50.05,70.0,-0.5851139669729274,0.6850805476086743
0.049213,-0.870094,0.908102,0.429963,50.05,70.0,0.924842000752892,0.4265423211246596
0.323751,-0.72337,0.323723,0.046179,50.05,70.0,0.3282999772706907,0.045222990972221856
0.320181,-0.71919,0.168299,-0.061608,50.05,70.0,0.16223517044229738,-0.04828102322212548
0.577717,-0.31197,-0.521908,-0.292623,50.05,70.0,-0.5417921593171701,-0.30985835137493134
0.712011,0.76451,-0.583111,0.474895,50.05,70.0,-0.569229738349301,0.4554037584959923
-0.880258,-0.488966,-0.459124,-0.335325,50.05,70.0,-0.4790121074081456,-0.34858506903702313
-0.043251,-0.917427,2.295787,1.232828,50.05,70.0,2.293411713487979,1.2421231499408687
0.812244,-0.619165,0.559516,-0.236727,50.05,70.0,0.5409963087482326,-0.2555551782224488
-0.300072,0.696548,-0.301165,-5.420191,50.05,70.0,-0.31960627231645167,-5.418892487476924
0.879009,-0.499228,-0.53978,-0.136152,50.05,70.0,-0.5523676759526484,-0.1542240295456004
-0.526271,0.967947,-0.798707,-0.331861,50.05,70.0,-0.8186287132744817,-0.34503145310085154
0.286773,-0.198886,1.056316,0.043843,50.05,70.0,1.060665269528451,0.05462201581705224
-0.680762,0.438901,0.563635,0.421333,50.05,70.0,0.5808315083900852,0.40236990406116463
0.601553,0.307397,-0.233276,-0.035021,50.05,70.0,-0.2367602306584044,-0.027151355243135687
0.415825,0.77279,0.4641,-0.253917,50.05,70.0,0.4450004436644033,-0.2675454382216386
0.284594,-0.836813,-0.06522,-0.036814,50.05,70.0,-0.06888064646798109,-0.017868021730148505
-0.316059,-0.002525,0.043625,0.000493,50.05,70.0,0.0436742999500737,0.020019098283797908
-0.441626,-0.402859,0.330426,0.036686,50.05,70.0,0.33407406195087336,0.03506111939539843
-0.857337,0.740942,0.129051,-0.109914,50.05,70.0,0.11860458809849926,-0.09393507129275878
-0.98453,-0.990498,-0.788699,-1.062485,50.05,70.0,-0.772192694476608,-1.076391815794454
0.703686,0.84803,-0.64218,0.392984,50.05,70.0,-0.6237133314472051,0.3730320158576663
0.841492,0.95991,-0.816241,0.925888,50.05,70.0,-0.8361722341089336,0.9140859793299089
-0.799522,0.436496,-0.730337,0.458071,50.05,70.0,-0.7152950667991804,0.440617011549836
0.193602,-0.132751,0.437084,1.504832,50.05,70.0,0.45600600253492496,1.493298977845915
0.845855,0.291863,-0.412487,0.698177,50.05,70.0,-0.41933165942362904,0.688735577782729
-0.666062,-0.501703,0.442473,-0.219141,50.05,70.0,0.42468798098679894,-0.23111005864399575
-0.115894,0.163318,-0.21229,0.257331,50.05,70.0,-0.1930919455758222,0.26708313305855375
0.891627,-0.428632,-0.845254,-0.373661,50.05,70.0,-0.8643753952205387,-0.38300496002566536
-0.025525,-0.997696,0.439083,0.393437,50.05,70.0,0.4575322260350939,0.38174124023117434
-0.276706,-0.594901,-9.399054,-2.439121,50.05,70.0,-9.391807417417695,-2.4589557973953884
-0.498054,-0.794569,0.168006,0.25933,50.05,70.0,0.18725913318513215,0.27267880972494707
-0.328267,0.824196,4.299221,0.297996,50.05,70.0,4.3191557227534965,0.28039703981128994
0.258017,0.488392,2.565984,-25.09367,50.05,70.0,2.5698663183301442,-25.0743605717064
0.398206,0.64115,-5.865925,1.333288,50.05,70.0,-5.85844617964769,1.3234285106806671
-0.188,0.286885,-0.680271,-0.401596,50.05,70.0,-0.6983899531651432,-0.42092502093918965
-0.322436,0.819324,0.211634,-0.176711,50.05,70.0,0.19617401847715776,-0.16690164654178893
0.37095,0.557183,0.225656,0.167002,50.05,70.0,0.24048206446934528,0.17556629530027695
0.580239,0.070339,0.978282,-0.117309,50.05,70.0,0.9672122638413252,-0.11374767351776727
0.189974,0.88911,-6.587896,-0.833177,50.05,70.0,-6.570809067333902,-0.8322324941761964
-0.73055,-0.347328,-0.357028,-0.282395,50.05,70.0,-0.3767762876334113,-0.28664912333220066
0.455574,0.827741,-0.212639,0.01775,50.05,70.0,-0.21086632923223317,0.02747164831258531
-0.151475,0.151883,-0.167133,-0.370919,50.05,70.0,-0.18633297444141808,-0.35750530855779783
0.70256,-0.066176,0.735335,0.107334,50.05,70.0,0.7455605395284827,0.09012946714442562
-0.214171,0.420812,0.860982,-0.394662,50.05,70.0,0.8425804157060746,-0.4025879196832301
0.584455,0.93636,0.625048,0.214037,50.05,70.0,0.642593786244909,0.19403967403320505
-0.602854,-0.174006,0.806667,-0.312152,50.05,70.0,0.7866680072701003,-0.3247131428742761
-0.523612,-0.352422,0.453328,-0.195434,50.05,70.0,0.4367496465378837,-0.2082546639574873
0.840917,-0.710431,0.277869,0.050007,50.05,70.0,0.2828177574207548,0.053616145261769985
-0.205929,0.944339,-0.523539,0.244164,50.05,70.0,-0.5047513833985143,0.2268464814777853
-0.495904,-0.65897,0.710757,-0.458969,50.05,70.0,0.6957744011663637,-0.47729389459542765
0.685637,-0.506378,-0.635259,-0.52737,50.05,70.0,-0.644930644025931,-0.5473579586800085
-0.698872,0.066282,1.890569,0.023362,50.05,70.0,1.8928998908802148,0.0033698770697888486
-0.005048,-0.838649,1.599093,17.919312,50.05,70.0,1.6190555947438745,17.916491763733028
0.828136,0.480058,0.479023,0.114592,50.05,70.0,0.4898654341592615,0.09991029414502015
0.328986,-0.728573,10.198539,0.861718,50.05,70.0,10.180147500831334,0.8766586075138114
0.867407,0.51464,0.827789,0.492606,50.05,70.0,0.840342494670307,0.48175543333676935
-0.453918,0.993201,-0.282177,0.1836,50.05,70.0,-0.2662892322134374,0.18678461330761248
0.734633,0.979296,-0.724259,0.631655,50.05,70.0,-0.7245926314527249,0.6139123533257258
-0.973103,-0.941289,-0.397735,0.052096,50.05,70.0,-0.3925841122110366,0.04397954845978331
-0.239045,0.369569,-1.219606,-0.047454,50.05,70.0,-1.2243069998252651,-0.02779584658882679
-0.654873,-0.451784,0.589705,-0.440371,50.05,70.0,0.5735569331230923,-0.45999940523575417
0.868558,-0.145995,0.239983,-0.103234,50.05,70.0,0.23011194491653109,-0.09598526047020264
0.260548,-0.964178,-9.962894,-6.942668,50.05,70.0,-9.959790179651089,-6.92466787486345
-0.939577,0.526838,-0.319464,-0.044336,50.05,70.0,-0.323861376441179,-0.044866411267812906
0.562191,0.751697,0.578058,0.673848,50.05,70.0,0.5735442761003244,0.6544762136386115
-0.222698,-0.888196,0.084823,0.018636,50.05,70.0,0.08668390438215147,0.03686406560048221
0.095027,-0.876198,-21.054457,33.681523,50.05,70.0,-21.073362185902482,33.68210154137958
-0.266411,0.434447,10.136873,-8.160256,50.05,70.0,10.136084714307907,-8.14198511949848
-0.256589,-0.483978,0.287334,1.281693,50.05,70.0,0.2898330447813806,1.2843674907161757
-0.217436,-0.445339,-0.060922,0.150829,50.05,70.0,-0.04722868507835321,0.1699082798872606
-0.819375,0.762327,-0.032309,-0.147593,50.05,70.0,-0.045764674659197216,-0.1278534008284707
0.422007,0.66396,-0.654382,0.599278,50.05,70.0,-0.6514881409266788,0.5794475859028759
-0.820549,-0.964914,0.91584,-0.929099,50.05,70.0,0.9357952686379577,-0.931754910990532
0.694759,0.821572,0.659909,0.723324,50.05,70.0,0.6507617446805698,0.7035729711603854
0.153123,-0.456742,2.729045,1.187223,50.05,70.0,2.7222421146732447,1.1966697687637446
-0.457809,-0.402594,0.633199,-0.270181,50.05,70.0,0.6136805768143891,-0.2901750455503825
-0.398592,0.87115,-0.542173,-0.986512,50.05,70.0,-0.5226557977297357,-1.0046852434305262
-0.587633,-0.34114,0.347225,-0.119295,50.05,70.0,0.3359904067327343,-0.12258653062790602
0.460977,-0.351845,-0.605245,-0.243111,50.05,70.0,-0.6239962515729554,-0.2629780506029018
0.535707,-0.379973,-0.317595,-0.037805,50.05,70.0,-0.32135302702463947,-0.03814855656587307
-0.202745,0.456857,-2.910009,7.943876,50.05,70.0,-2.8919954657512648,7.935851055976929
0.395164,-0.470253,-0.204825,-0.014542,50.05,70.0,-0.20627791900811568,-0.004145068741276046
0.451258,0.299807,0.294291,-0.000999,50.05,70.0,0.2941911004154174,0.0009845602491040017
0.855116,-0.063958,-0.042455,-0.025924,50.05,70.0,-0.045040146794991326,-0.006372917241968996
-0.94259,-0.118412,0.433718,0.033649,50.05,70.0,0.4370670477629225,0.022392597190286252
-0.144813,0.12882,0.328183,0.424495,50.05,70.0,0.34521591800485907,0.42309377541161614
-0.925989,0.910717,0.802368,0.898193,50.05,70.0,0.7828562858938057,0.8853002505300437
0.428543,0.519638,-3.14577,-0.530985,50.05,70.0,-3.1551236608368196,-0.5509806376028391
-0.451196,0.745452,0.032674,-0.08265,50.05,70.0,0.02464224279484508,-0.06291630447759736
0.805717,-0.311631,-0.255366,0.180867,50.05,70.0,-0.23964571559632264,0.18666201348475556
0.41961,0.379571,1.501381,-0.108475,50.05,70.0,1.4910575680433436,-0.10167199568240508
-0.542098,0.961943,-1.108754,0.604958,50.05,70.0,-1.1064232550468047,0.6197352536755883
-0.617885,-0.79994,0.339108,-0.005731,50.05,70.0,0.33853497842637714,-0.008219408048885789
-0.584133,0.483824,-0.062316,-0.093525,50.05,70.0,-0.07133135070809998,-0.0744879922252368
-0.375816,-0.337686,-0.438729,0.106259,50.05,70.0,-0.42859599495694206,0.09459197452755114
0.507076,0.433761,-0.364487,0.097256,50.05,70.0,-0.3551401927768704,0.09227617285606309
0.219411,-0.352432,18.301617,6.132238,50.05,70.0,18.28791506457065,6.113831595970728
0.681055,0.498709,-0.516236,0.346131,50.05,70.0,-0.4964910042110403,0.32919028314016696
-0.200241,0.556744,-4.218828,-1.198987,50.05,70.0,-4.213142496883588,-1.211466008942026
-0.799495,0.88069,-0.752388,0.856552,50.05,70.0,-0.7705704070870799,0.840278468258153
-0.247694,-0.997085,-0.300295,0.292461,50.05,70.0,-0.28041258827388227,0.29384631640294334
-0.007257,0.029189,0.005793,-0.025351,50.05,70.0,0.003264683052065228,-0.0053593891257058025
0.581517,-0.437465,0.30558,-0.076096,50.05,70.0,0.2981526762861819,-0.07523833655092942
-0.470024,0.310128,0.513088,0.209349,50.05,70.0,0.5304039807902349,0.1925777021608796
0.321629,-0.384722,-0.329645,-0.100121,50.05,70.0,-0.3392441277656179,-0.10166802659340547
-0.029912,-0.728512,-9.157386,11.296918,50.05,70.0,-9.158666678469912,11.29228377339897
-0.102001,-0.326342,-0.186805,0.369123,50.05,70.0,-0.16755551158916548,0.38101505256203266
-0.833881,0.959873,0.508043,0.427234,50.05,70.0,0.5249307694183665,0.4107428609957786
0.58999,-0.03713,0.208029,-0.023726,50.05,70.0,0.20566196104921253,-0.01360409593402748
-0.043951,-0.677642,-9.694029,24.346283,50.05,70.0,-9.67981210543986,24.341829819289753
0.870268,0.599492,0.859914,0.578764,50.05,70.0,0.8648189048748092,0.5707401382726649
-0.334305,-0.665077,-8.327509,-31.370222,50.05,70.0,-8.322978222841096,-31.38420139424697
0.047265,0.378663,0.02141,-0.167341,50.05,70.0,0.0065612041672298595,-0.14745548762947758
0.195574,-0.983319,14.238492,9.415888,50.05,70.0,14.239380703361663,9.406183415665746
-0.646383,0.239394,0.58131,0.255297,50.05,70.0,0.6004500428031596,0.2358469118228241
-0.498086,0.671218,0.064266,-0.156422,50.05,70.0,0.050170442397639986,-0.13744567589741954
-0.83461,0.716113,-0.795103,0.684159,50.05,70.0,-0.8006147794281847,0.670719476927592
-0.282688,0.8623,2.928412,1.220734,50.05,70.0,2.924840946191185,1.2110597230922135
0.682065,-0.530263,0.472679,-0.24482,50.05,70.0,0.45386899186374935,-0.2590635987155687
-0.135844,0.872815,23.308358,-18.544623,50.05,70.0,23.328336722418793,-18.563712737067544
-0.590127,-0.265482,0.1042,0.052409,50.05,70.0,0.10938112560923027,0.06975543731426131
0.048225,0.524588,-3.370491,-0.223778,50.05,70.0,-3.3884833256050726,-0.23204817933741054
0.757118,0.886054,0.546003,0.135332,50.05,70.0,0.5585268485737611,0.11700218371424344
-0.085823,-0.425548,-0.868267,7.503274,50.05,70.0,-0.8719015288423833,7.496022042286746
-0.193344,0.467183,-0.278179,-0.284762,50.05,70.0,-0.297963338896642,-0.28118335012912116
-0.061875,0.070097,-0.030762,0.066436,50.05,70.0,-0.024239907418410298,0.0861998908697511
0.116724,-0.215805,-1.269245,-1.198761,50.05,70.0,-1.2635378329322517,-1.1788007268698697
0.968303,0.274212,-1.150503,-0.10417,50.05,70.0,-1.160455352091194,-0.08692063971845296
0.681328,-0.918701,0.685051,-0.419778,50.05,70.0,0.6677756157214033,-0.43897873770499757
-0.616074,-0.34774,-0.517448,-0.319278,50.05,70.0,-0.5374414499964711,-0.33628282754042516
-0.47045,-0.853254,7.550661,-5.017482,50.05,70.0,7.551567314099395,-4.997511361795467
-0.637405,-0.868864,0.648701,-0.564456,50.05,70.0,0.6424227193439456,-0.5843522285983932
-0.99186,-0.187709,0.972105,-0.348204,50.05,70.0,0.9523940619860528,-0.3452521035191785
-0.817737,0.300972,-4.127786,-0.553037,50.05,70.0,-4.135137639963309,-0.5573738286862264
0.437146,-0.888832,-0.168747,-0.112897,50.05,70.0,-0.1794466156379673,-0.09960346130736365
-0.60135,-0.886632,0.738881,-0.741141,50.05,70.0,0.7495743180614358,-0.758162023500294
0.383692,0.712645,-7.151386,7.963264,50.05,70.0,-7.1342981095900475,7.956005863216373
-0.567632,-0.193524,-0.402431,0.011785,50.05,70.0,-0.40125318187084513,0.0032416333322132247
-0.564862,0.357469,0.336276,0.088924,50.05,70.0,0.3448782971435451,0.08671683144707334
-0.010196,0.634515,2.195117,-35.473397,50.05,70.0,2.175293629211674,-35.47379675912798
0.29768,-0.885909,-11.862099,-1.488825,50.05,70.0,-11.880442559208527,-1.5074000324242653
0.531266,0.985907,1.110991,0.474985,50.05,70.0,1.1248657810177518,0.4899120677852214
0.143528,0.270338,0.282766,0.331876,50.05,70.0,0.3026875806287139,0.3350024510627033
-0.421589,0.355182,1.157518,0.275496,50.05,70.0,1.1771454503680723,0.2930897152834809
-0.461853,-0.357033,-0.593507,-0.211248,50.05,70.0,-0.6109172232229843,-0.23094580343664595
-0.654743,-0.262561,-0.514481,-0.129664,50.05,70.0,-0.5265579626308948,-0.146510781309673
-0.855191,0.797151,0.767721,0.400926,50.05,70.0,0.7858682185522965,0.38559073059618787
-0.28995,0.81854,-0.509889,-0.289494,50.05,70.0,-0.5297370988445947,-0.30608887785898686
-0.800141,0.035064,4.475169,0.277859,50.05,70.0,4.494840476044212,0.2593207519924246
-0.683747,0.259524,-0.663378,0.015492,50.05,70.0,-0.6618303487486216,-0.004201494498875047
-0.187074,-0.153072,8.425465,-9.122684,50.05,70.0,8.405501381858027,-9.12829132850552
-0.679712,0.074278,1.629017,0.522806,50.05,70.0,1.63908557763943,0.5170658131086953
0.382634,0.936848,-0.442844,-0.010157,50.05,70.0,-0.4438592634549072,-0.022155760994612722
-0.399708,0.106334,-0.510347,0.026229,50.05,70.0,-0.5077316120847374,0.009608602666483626
-0.849996,0.114152,6.508495,1.094006,50.05,70.0,6.493965817107387,1.1026015774290472
0.558673,-0.390954,0.519274,-0.290607,50.05,70.0,0.49941251711333395,-0.3077072368387263
-0.767801,-0.433593,0.412913,-0.340602,50.05,70.0,0.3930875500635505,-0.3500809552476073
0.597502,0.222367,-0.436694,0.286928,50.05,70.0,-0.416879099232132,0.2754268623829198
-0.679859,-0.391326,-0.427224,-0.312344,50.05,70.0,-0.44722317620857444,-0.32305778317318923
0.980933,0.547354,0.808702,0.42525,50.05,70.0,0.8256952258551827,0.41284786164867204
-0.619969,0.181394,-0.287042,0.605636,50.05,70.0,-0.28477860634301455,0.6083394255968194
0.685861,-0.727651,0.488943,-0.143186,50.05,70.0,0.47581661260422986,-0.15852299853122162
0.376,-0.572056,0.166341,0.048951,50.05,70.0,0.1711873726773322,0.06242333213505998
-0.548353,-0.161082,-0.111912,0.047898,50.05,70.0,-0.10716785573663581,0.06484777501837333
0.702479,0.561658,-0.601035,0.457401,50.05,70.0,-0.5859489947470845,0.43758680933793576
-0.208415,-0.837907,5.667227,1.423492,50.05,70.0,5.682043190135821,1.4035301816266526
-0.708575,0.987693,1.021884,0.868717,50.05,70.0,1.0032288164435403,0.8764506403594414
0.158843,-0.318389,-2.602316,1.563052,50.05,70.0,-2.5823309917760575,1.5811024102782278
0.841038,-0.674072,-0.794202,-0.682416,50.05,70.0,-0.7888579780943676,-0.6959221120770835
0.874243,-0.595669,0.904887,-0.556754,50.05,70.0,0.8978822874348249,-0.5604909860230177
0.599221,-0.885934,-0.759799,-0.568064,50.05,70.0,-0.7657337155885258,-0.5838956445908551
0.114246,0.126404,-1.711087,-0.264638,50.05,70.0,-1.730477036991993,-0.27754457204229216
0.46954,-0.443291,0.630399,-0.292708,50.05,70.0,0.6105139289551839,-0.31270691792164923
-0.391067,-0.666103,0.661684,0.494258,50.05,70.0,0.6741084637006594,0.47453566874630254
0.812817,-0.984607,-0.849179,-0.862387,50.05,70.0,-0.8307613177838878,-0.8713821530480127
-0.284431,-0.438828,1.718773,-0.869204,50.05,70.0,1.737445684588218,-0.8826880355303794
0.620112,0.215181,-0.840097,0.128733,50.05,70.0,-0.8280943779018662,0.11893623901106296
0.552548,0.678203,0.556597,0.644121,50.05,70.0,0.5550183967926218,0.6253932719178886
0.550098,-0.510038,-0.440866,-0.117248,50.05,70.0,-0.4519306552104193,-0.1290879275775778
-0.207528,0.06937,0.243737,0.04337,50.05,70.0,0.24804008937016817,0.05026760728986667
-0.106609,0.225144,-0.078026,0.212902,50.05,70.0,-0.06053497167848007,0.2313991925509601
-0.002375,0.077072,0.216786,0.371511,50.05,70.0,0.23596931409505634,0.3808681727821976
-0.648804,-0.441337,-0.463079,-0.194216,50.05,70.0,-0.4795889151128023,-0.20776953490787303
0.443698,-0.766651,-0.83766,-0.504813,50.05,70.0,-0.8492404239463935,-0.5148214893941176
0.892765,0.696165,0.735272,0.524738,50.05,70.0,0.7451731785776754,0.507530255553209
0.448942,-0.630589,-0.826599,1.029996,50.05,70.0,-0.844714502336478,1.0190456615316799
-0.302933,0.60606,2.166705,-0.106632,50.05,70.0,2.156539854340293,-0.10985881966517047
0.052188,-0.876782,-11.813026,30.946254,50.05,70.0,-11.827278459302901,30.93003626389456
-0.066997,-0.023831,-0.051303,-0.024606,50.05,70.0,-0.05375739726640129,-0.005260399329231991
-0.532518,-0.028979,0.430551,-0.09597,50.05,70.0,0.421318077577829,-0.10696322483008777
0.94398,-0.524337,0.936631,-0.49884,50.05,70.0,0.9245688263050239,-0.4994245963308914
-0.534119,-0.937101,0.654606,-0.464575,50.05,70.0,0.6400005923020399,-0.48440249080687303
0.139205,-0.384367,26.625785,21.206208,50.05,70.0,26.611675257739563,21.213788876123925
-0.06409,0.844331,-0.664265,-0.587136,50.05,70.0,-0.6683542123704724,-0.6068138315091008
0.67816,-0.172981,0.155208,0.218655,50.05,70.0,0.1729707359301756,0.2329288588621978
0.713716,-0.583246,0.188241,0.079575,50.05,70.0,0.19599020419872323,0.0913512897912436
-0.616319,-0.471673,0.416493,-0.155363,50.05,70.0,0.4024727680739857,-0.16515565783849023
0.585919,-0.454467,-0.528273,-0.359752,50.05,70.0,-0.547755572254189,-0.37730146792411096
-0.234119,-0.843739,-0.039833,2.1087,50.05,70.0,-0.05782385844478426,2.1283046425009946
-0.717993,0.686759,-0.694002,0.629081,50.05,70.0,-0.694078246743509,0.610149919872863
0.354733,0.004437,4.313479,-0.940129,50.05,70.0,4.333477620805099,-0.9583600390402991
0.578874,-0.87152,0.308929,-0.148406,50.05,70.0,0.2954132877512657,-0.14788303307766487
0.368549,0.205472,-0.419289,-0.327821,50.05,70.0,-0.43924235739237316,-0.33785648423279335
-0.629364,0.280215,0.429478,0.343587,50.05,70.0,0.4492618924211824,0.33268357004420557
-0.431106,0.403823,-0.504659,-0.000487,50.05,70.0,-0.5047076999518745,-0.016784328000034637
-0.954726,-0.084551,2.657219,0.24868,50.05,70.0,2.676156656761255,0.26371974872935194
0.943273,-0.415034,-0.75991,-0.308802,50.05,70.0,-0.779902825355972,-0.3246268593574114
0.525902,0.829624,-0.32836,-3.445676,50.05,70.0,-0.3083853756678116,-3.4470948805430064
-0.510028,-0.041375,0.228311,0.051911,50.05,70.0,0.2334440096582378,0.06023462149128878
0.616612,-0.605619,-0.655016,-0.430229,50.05,70.0,-0.6717414303562181,-0.45005107571986414
-0.632555,0.646075,-0.644614,0.423392,50.05,70.0,-0.6275235311460651,0.4034583488625296
0.580598,0.108399,11.006992,2.515706,50.05,70.0,11.007235181720285,2.51684715115277
-0.143398,-0.093606,0.289843,-0.28128,50.05,70.0,0.2701126533932905,-0.2788543597628622
0.76353,0.64187,-0.349544,0.086702,50.05,70.0,-0.3411428260456586,0.0831819578732514
-0.094256,-0.15676,-0.351405,1.161226,50.05,70.0,-0.360588304992868,1.1575229179637732
-0.664682,0.687579,-0.333844,0.150818,50.05,70.0,-0.3201514868419825,0.14885270316927407
0.141165,0.553612,-0.652796,-17.7568,50.05,70.0,-0.6674108051243727,-17.776650400248002
0.555712,-0.152732,-0.172471,0.035039,50.05,70.0,-0.16898499688085533,0.04805201882723395
-0.963129,0.69472,2.204884,1.241576,50.05,70.0,2.203379316946372,1.2421528342460435
0.155704,0.918108,-0.670374,0.463926,50.05,70.0,-0.6557243323084191,0.44436653876991156
0.642446,-0.411033,-0.612816,-0.419085,50.05,70.0,-0.6301261999156054,-0.4390249479614815
-0.239153,0.553836,1.902806,0.843481,50.05,70.0,1.885206473609048,0.82356060639912
0.315202,-0.397744,-11.328002,-2.357418,50.05,70.0,-11.313946643674512,-2.3375013760454553
-0.879349,0.789391,0.60175,0.111005,50.05,70.0,0.6122892909509927,0.09118121233987994
-0.708598,0.590771,-0.661257,0.567188,50.05,70.0,-0.6552386871430634,0.547458623170356
-0.91162,0.402091,-0.11911,0.00244,50.05,70.0,-0.11886600605278161,0.01899680187565402
-0.059053,-0.497284,20.78002,-15.660684,50.05,70.0,20.775335985629923,-15.680168474490328
0.140149,-0.510424,17.831421,9.100657,50.05,70.0,17.851396196284703,9.10804355695643
-0.703759,-0.082452,0.072428,0.075752,50.05,70.0,0.079823372807927,0.09445481628756797
0.229335,0.435042,-0.115461,-0.096481,50.05,70.0,-0.12473922121607656,-0.07972226929971424
-0.251186,0.318216,0.622158,0.392531,50.05,70.0,0.6406420163323717,0.37254048728451544
0.249775,-0.026386,0.343148,-0.033659,50.05,70.0,0.33979796636110027,-0.036547733875702614
0.537812,-0.99677,1.042415,-0.707385,50.05,70.0,1.0501172984429115,-0.6978020005746683
-0.705643,0.253028,-0.475587,0.158495,50.05,70.0,-0.4613451377576483,0.14404877336431499
0.649194,0.996501,-0.605811,0.39726,50.05,70.0,-0.587512737430754,0.37738651362848497
0.187668,0.138783,0.044945,0.056021,50.05,70.0,0.05047413115723081,0.07551810848916708
0.532831,-0.710057,-0.468919,-0.584333,50.05,70.0,-0.47328218039665265,-0.5983101463502362
0.072587,-0.02203,0.067099,0.0237,50.05,70.0,0.06946345720434771,0.04258494906396271
-0.260701,0.401762,-0.305832,0.663831,50.05,70.0,-0.3093646154756195,0.6646634859565592
0.415437,0.245833,0.877975,0.033912,50.05,70.0,0.8813499735081339,0.02757296153442326
-0.284584,0.992636,2.125475,-3.947635,50.05,70.0,2.1099509632347466,-3.954833719862924
-0.766579,0.10449,-5.627031,0.359043,50.05,70.0,-5.607532527198866,0.3392363951259757
0.165752,-0.201444,17.865229,-7.20375,50.05,70.0,17.885109074020438,-7.199595559184237
0.334737,-0.082633,1.371493,0.00275,50.05,70.0,1.3717679913347174,0.019541676255734792
-0.818957,-0.218062,-2.287832,-0.563117,50.05,70.0,-2.294237270544883,-0.5545333820163169
-0.968128,0.678333,-4.303262,-1.795061,50.05,70.0,-4.3119518180554985,-1.812848330716726
0.738476,-0.439868,-0.087816,0.121347,50.05,70.0,-0.07641223478736713,0.13944986289163336
-0.869758,-0.015343,7.150764,0.064545,50.05,70.0,7.157107041120064,0.05722893886894135
0.137247,0.716988,24.945665,-6.957095,50.05,70.0,24.950184733799727,-6.945224765690663
0.425032,-0.486256,0.387264,-0.43784,50.05,70.0,0.37096790117444556,-0.44498876842189555
-0.504989,0.647454,0.608199,0.493366,50.05,70.0,0.620693240022718,0.4734671135644187
-0.239403,0.361641,0.22745,0.154783,50.05,70.0,0.24142881033630306,0.16318483327789998
0.098983,-0.388578,-12.628393,13.86506,50.05,70.0,-12.62421868467682,13.884105988385102
-0.822513,0.018671,4.890173,0.093912,50.05,70.0,4.899222879030111,0.10943983182589803
-0.196755,-0.857904,2.768083,1.412635,50.05,70.0,2.782148441832991,1.4184833132826422
-0.797211,-0.717696,0.581006,-0.381312,50.05,70.0,0.5621228207587431,-0.400754986023382
-0.308763,0.614908,-4.542645,3.194734,50.05,70.0,-4.547896825289748,3.1797253010665543
0.760451,0.90193,0.900417,0.685648,50.05,70.0,0.8947622407147334,0.6814728561515211
0.745237,-0.807264,0.610301,-0.443379,50.05,70.0,0.5943322247165852,-0.4632978970201699
0.320775,-0.732539,-2.180658,1.081114,50.05,70.0,-2.196042345581551,1.079270932896591
0.21537,-0.275111,-0.097038,0.095005,50.05,70.0,-0.08789078641291849,0.11269672707104766
0.205248,-0.388604,2.983816,4.346387,50.05,70.0,2.988942409587173,4.332294236982502
0.734436,-0.335516,0.701675,-0.299239,50.05,70.0,0.6817306277733757,-0.31790872140930737
0.985956,0.958128,0.69239,0.378626,50.05,70.0,0.7113599747682724,0.35964354103506746
-0.75052,0.002766,-1.129843,0.007245,50.05,70.0,-1.1291186584438666,0.023358641203954623
0.495513,0.083286,0.404393,-0.00785,50.05,70.0,0.4036082015414021,-0.01657035130471056
-0.209083,-0.062909,0.122705,-0.022013,50.05,70.0,0.12050814184496819,-0.005660528561671829
0.69263,-0.968086,0.120232,0.108098,50.05,70.0,0.13052312414336278,0.12459160149003384
-0.627468,0.140284,2.521323,-0.57342,50.05,70.0,2.515901827618804,-0.5534361939199255
-0.24779,-0.603056,1.347608,-0.73163,50.05,70.0,1.3574857919691206,-0.7136635024855066
0.438616,-0.182925,0.266067,-0.031269,50.05,70.0,0.2629528233047867,-0.026505985892965652
-0.425553,-0.274582,0.236266,0.257549,50.05,70.0,0.2554701542845661,0.2651428952364802
-0.895058,0.754881,0.81717,0.8145,50.05,70.0,0.8011267589330147,0.8027731072821673
-0.718273,-0.0072,-0.322883,-0.012399,50.05,70.0,-0.32412210591813106,-0.013271096862440794
0.987841,0.645187,4.120078,1.203836,50.05,70.0,4.114859016636843,1.2002546656992585
-0.341549,-0.415364,-0.055871,0.042872,50.05,70.0,-0.05161655760484754,0.06209666975560396
0.969039,0.632362,0.359481,0.592951,50.05,70.0,0.3629993485771067,0.5884575160412922
0.110318,0.109257,-0.177304,-0.077807,50.05,70.0,-0.18488991401996918,-0.06516475160829881
0.288239,0.430823,0.477474,0.024306,50.05,70.0,0.47989862127584026,0.009729919404396114
0.84313,0.477533,-0.171928,-0.026666,50.05,70.0,-0.17458670637748003,-0.013611795015942925
-0.094881,-0.672191,0.131605,-0.0218,50.05,70.0,0.12942931419968537,-0.005975968084768506
0.478547,0.932731,-1.299723,-0.205312,50.05,70.0,-1.3168334588678616,-0.18577430739681955
0.410414,-0.178903,0.169436,-0.005673,50.05,70.0,0.1688687760693382,0.007568982591924533
-0.817447,-0.828631,0.774884,-0.648347,50.05,70.0,0.7768835010181196,-0.6632127190994007
-0.808066,0.836802,-0.079688,-0.140102,50.05,70.0,-0.09258015345911576,-0.12166865268752605
0.127647,-0.638187,-0.653131,-1.172732,50.05,70.0,-0.6449844605925903,-1.192578282655126
-0.000901,0.859583,-0.934677,-34.830995,50.05,70.0,-0.915089361018193,-34.83177488183219
-0.981137,0.035606,7.057366,0.191304,50.05,70.0,7.073709815248282,0.176391323502433
0.432439,0.001304,-1.619307,0.078079,50.05,70.0,-1.6116959255093428,0.07327535939510918
-0.08536,-0.644807,0.164081,-0.269113,50.05,70.0,0.14458615058983806,-0.2554744992543199
0.729494,0.610349,0.54141,0.340869,50.05,70.0,0.5612319124413722,0.32272774644032326
0.13978,-0.725485,3.909193,29.384814,50.05,70.0,3.922542083638469,29.400157011725497
0.770996,0.130297,0.07308,-0.091516,50.05,70.0,0.06424443275860313,-0.07283638186558421
-0.096128,0.382003,-8.120791,-2.433715,50.05,70.0,-8.11304325951659,-2.4531571099041516
0.317686,-0.658323,-2.316168,-0.570885,50.05,70.0,-2.3218327400630496,-0.5598365821899368
-0.441455,0.470404,0.152606,0.924315,50.05,70.0,0.13268841512594412,0.9387699050927076
0.084673,-0.899542,-19.450841,37.904067,50.05,70.0,-19.43374904443935,37.884249423888086
-0.596197,-0.285696,0.549834,-0.331303,50.05,70.0,0.5299074319299099,-0.3497827056333899
0.313926,0.149802,0.262432,-0.146477,50.05,70.0,0.24905910044765933,-0.14136175053704633
-0.270463,0.332199,-0.284228,-0.242848,50.05,70.0,-0.3029700877855445,-0.23986603380940688
-0.735407,0.020197,0.548435,0.019113,50.05,70.0,0.550343392116373,0.0006872477162939844
-0.551386,0.850905,-0.220136,-0.994736,50.05,70.0,-0.2008148544632953,-0.9856762000880795
-0.833495,-0.55191,0.707338,-0.364632,50.05,70.0,0.6879715013297204,-0.38309118200588144
0.047117,-0.112924,-0.20713,0.106564,50.05,70.0,-0.19697071112362982,0.1167633382864256
0.088417,0.017517,-0.039507,-0.006602,50.05,70.0,-0.040167080107599284,0.013009066393893938
0.414918,-0.472774,0.566974,-0.051223,50.05,70.0,0.5619075160762674,-0.07028956472840739
0.093273,-0.358711,1.349609,-3.907494,50.05,70.0,1.3369104592018752,-3.8896163105250574
-0.848142,-0.729056,-0.846885,-0.729845,50.05,70.0,-0.8371628095232069,-0.7390444456120788
0.756346,-0.092085,2.753626,0.018319,50.05,70.0,2.75545533957614,0.02553334756620634
0.324686,-0.995921,0.279333,0.55583,50.05,70.0,0.28642418503612493,0.5592950533290416
-0.443807,0.933606,-2.958004,-0.468587,50.05,70.0,-2.972332404462609,-0.48073610426975916
-0.884277,-0.041098,-0.883805,0.012585,50.05,70.0,-0.882547330352384,0.006801517706842803
-0.73094,-0.915155,-0.779492,-0.870607,50.05,70.0,-0.7607695159113488,-0.8851605377330978
0.996066,0.886198,-0.728458,0.917261,50.05,70.0,-0.7482992387873517,0.8997160395428305
0.327015,0.148385,0.3098,-0.062645,50.05,70.0,0.3036374335903281,-0.062209107979935244
-0.094933,0.468254,-11.794044,-7.076727,50.05,70.0,-11.779337910683664,-7.091762581547625
-0.05365,0.311405,8.849049,-0.879873,50.05,70.0,8.868077134513507,-0.8605604410896047
-0.216275,-0.939053,0.347008,0.197753,50.05,70.0,0.3637149541846236,0.1944828754110033
-0.666963,0.355259,-0.330433,0.148407,50.05,70.0,-0.3169172140416113,0.146781421710426
0.83781,-0.928858,-0.514269,-0.210651,50.05,70.0,-0.5316497644262729,-0.22748634615063473
0.676272,0.095647,-0.608132,-0.182627,50.05,70.0,-0.6239604789951169,-0.2025252124509715
-0.462212,-0.402449,0.746303,-0.26565,50.05,70.0,0.7268884088406006,-0.28226967760050903
0.033108,0.451152,0.264169,-0.615011,50.05,70.0,0.2628392286423593,-0.6100638640222309
0.519605,-0.993251,1.096596,-0.699834,50.05,70.0,1.1035961169580226,-0.6859028116738207
0.438245,-0.418898,-13.601186,-1.025313,50.05,70.0,-13.582877035392105,-1.0164038007266913
-0.419768,0.960746,6.315551,-2.734592,50.05,70.0,6.297667461796845,-2.714853313487446
-0.733674,-0.852217,0.7652,-0.841577,50.05,70.0,0.7827082868946964,-0.8570728773399726
0.791653,-0.686954,-0.542376,-0.30131,50.05,70.0,-0.5623347382904832,-0.31949170996952225
0.370088,0.06198,-0.253219,0.02174,50.05,70.0,-0.25104927868977733,0.027740165465861333
-0.294106,0.964312,-26.647941,-16.79208,50.05,70.0,-26.663131748163206,-16.786591671499647
-0.802061,-0.245767,-0.285981,-0.224117,50.05,70.0,-0.30398810324749215,-0.2213084866970684
-0.601629,0.41307,-0.555553,0.355032,50.05,70.0,-0.5359691935693498,0.3363411682527027
0.471191,-0.686916,0.309829,-0.155485,50.05,70.0,0.2958000702545346,-0.15505200729566887
-0.994662,0.721168,-0.23267,0.04512,50.05,70.0,-0.228196176031965,0.053045320078892774
0.678686,0.67822,-0.622579,0.475148,50.05,70.0,-0.6087159632799582,0.4551562349880283
0.849065,0.233469,4.940497,-1.094403,50.05,70.0,4.954998872063074,-1.076225821888672
-0.084221,0.504409,-2.107916,0.392063,50.05,70.0,-2.089414161048356,0.38325589547598843
-0.39814,0.466062,-0.295893,0.067265,50.05,70.0,-0.28929259550859254,0.06908908815428957
-0.898036,0.709256,-0.096827,-0.180687,50.05,70.0,-0.11253615028697603,-0.16298544223357547
0.473899,0.827288,-0.720861,0.349712,50.05,70.0,-0.7011761679818217,0.3318150987620019
0.223058,0.938762,-0.356561,-0.913503,50.05,70.0,-0.3367705178620878,-0.9177114804494731
-0.231014,-0.649213,-0.440669,-38.69452,50.05,70.0,-0.4213653272384934,-38.70634404480618
0.683401,-0.083203,-8.440449,-1.622631,50.05,70.0,-8.459781043189,-1.6267856402906178
-0.396461,0.676773,-0.599244,0.711265,50.05,70.0,-0.6073028996355668,0.6914759601691135
0.530047,0.496692,0.442774,0.15947,50.05,70.0,0.4570841460293112,0.14747684006540973
-0.102773,0.693781,0.914362,-0.695053,50.05,70.0,0.9209123006149935,-0.6978553281372384
0.375239,0.645119,0.697215,0.351689,50.05,70.0,0.7168639117813526,0.33286399209530043
0.519198,0.154967,-0.047136,-0.041056,50.05,70.0,-0.051212825779940574,-0.021608884334612208
0.524708,0.767259,0.589753,0.734758,50.05,70.0,0.5796044398948488,0.7151286743513906
-0.685363,-0.90366,-0.212984,0.128471,50.05,70.0,-0.20100234561806926,0.13816248386596647
0.191635,0.809447,0.245497,-0.294595,50.05,70.0,0.22559261383910192,-0.2878628594620267
0.382517,0.971443,-4.298888,2.046342,50.05,70.0,-4.313331368298282,2.0287588840289663
-0.958293,-0.035808,2.848329,0.199153,50.05,70.0,2.8651125053081588,0.19706723824038766
0.176974,0.40889,-0.017017,-1.018115,50.05,70.0,0.0015697189953339935,-0.998187350908004
0.214047,-0.517246,20.905969,-18.66546,50.05,70.0,20.921886841690597,-18.678549815303086
0.651311,0.577195,0.349406,0.056307,50.05,70.0,0.3549626108500923,0.05280054328922082
0.909316,0.879655,0.730715,0.515623,50.05,70.0,0.7413975887932114,0.49818749885887276
0.364289,0.605166,0.567161,-0.015168,50.05,70.0,0.565645653613075,-0.034240202594246
-0.974895,0.940792,-0.925724,0.965156,50.05,70.0,-0.9455955624709316,0.9634825791289792
-0.11072,-0.878832,12.496065,0.395163,50.05,70.0,12.514446900788247,0.4139399528772765
-0.528849,-0.366362,-0.492772,-0.254655,50.05,70.0,-0.511893321033735,-0.2702349282087973
0.552261,-0.154878,-0.430765,-0.115223,50.05,70.0,-0.44166040303704984,-0.12623409582923634
0.967483,0.490504,0.912985,0.715408,50.05,70.0,0.9045486791151003,0.7124693977646975
-0.092696,0.055112,0.098399,-0.008416,50.05,70.0,0.09755764835190052,0.009211844094663822
0.275384,0.386936,0.135204,-0.059046,50.05,70.0,0.12938480186151263,-0.04344461700287623
-0.761901,0.733205,0.263367,-0.053168,50.05,70.0,0.25811260293293314,-0.04814319626376312
0.969623,0.452734,2.277084,0.514782,50.05,70.0,2.287837592506814,0.5223829141726515
-0.903876,0.555441,-0.764513,0.390807,50.05,70.0,-0.7459638304577658,0.3752677810674673
-0.699226,0.104983,10.419334,0.831811,50.05,70.0,10.402318456835252,0.8266618280158534
0.45095,-0.878933,-16.853399,5.280588,50.05,70.0,-16.834295805423096,5.263600608722225
-0.225449,0.871924,-1.579736,-2.281182,50.05,70.0,-1.5613962609394068,-2.2820756696674835
0.430515,-0.330476,0.940337,-0.224299,50.05,70.0,0.922321984373645,-0.22451307551968172
-0.314243,0.518092,7.937331,16.387272,50.05,70.0,7.9423749599856,16.379176242656367
-0.424599,-0.23821,0.358972,-0.105336,50.05,70.0,0.3489186791819949,-0.10977987077247221
0.400527,-0.339046,8.903144,-0.078437,50.05,70.0,8.895499831354824,-0.0612155669009862
-0.342259,-0.347932,-0.303386,0.050859,50.05,70.0,-0.2983547371323741,0.051935805619747324
0.301893,-0.089386,0.489815,-0.048749,50.05,70.0,0.48498822776501554,-0.0641418198453485
-0.317121,0.14753,1.489338,0.07697,50.05,70.0,1.4968464022551617,0.08489247940390657
-0.462706,-0.707824,0.000467,0.155782,50.05,70.0,0.014517082116286429,0.1757819454777748
-0.39382,-0.939182,-6.50605,7.043358,50.05,70.0,-6.518300812699829,7.0521736970363245
-0.834992,0.283339,0.257652,0.182425,50.05,70.0,0.27346812331750636,0.1880008461543837
0.073877,-0.353803,-10.363642,-10.916289,50.05,70.0,-10.345193065588543,-10.915927643978762
-0.372767,0.897687,-17.723502,2.17371,50.05,70.0,-17.74334086514012,2.1895963175096917
-0.573618,-0.790857,1.957636,5.274147,50.05,70.0,1.976538609617709,5.255453140814822
0.059949,-0.436109,0.849493,-2.739899,50.05,70.0,0.831378183546959,-2.7488660970435683
0.308107,0.361025,0.03814,0.292931,50.05,70.0,0.05802744591636195,0.3125684358662111
-0.258074,0.553332,2.361945,-1.156131,50.05,70.0,2.3715778910988496,-1.1415881432655615
-0.148061,-0.46801,0.008705,0.275958,50.05,70.0,0.028341273682964192,0.2959390587342682
0.148547,0.627032,0.035057,-0.053523,50.05,70.0,0.029768358266674056,-0.033829462438116305
0.521744,0.943778,0.257894,0.219889,50.05,70.0,0.275713109539398,0.2254416015739024
0.075387,-0.967707,-17.286606,43.572048,50.05,70.0,-17.304341745966735,43.57283243926095
-0.247803,-0.831711,3.595237,1.186167,50.05,70.0,3.5883349065443912,1.199011927912566
-0.569403,0.051981,3.7982,0.065489,50.05,70.0,3.804632496703142,0.08528926905193758
-0.347808,0.39781,2.967078,1.462141,50.05,70.0,2.984198388892057,1.449283848173417
-0.006646,0.299373,-0.743219,0.06292,50.05,70.0,-0.7370302774419827,0.046130743203429594
-0.429841,-0.330993,-0.204739,-0.065504,50.05,70.0,-0.21117291698582608,-0.05509972306970176
-0.999807,0.248491,2.792244,-0.473433,50.05,70.0,2.7782578587110387,-0.4699321892504347
0.389725,0.101083,0.368662,-0.164849,50.05,70.0,0.3539812947513817,-0.1702320639307549
0.910257,0.697233,0.879026,0.69287,50.05,70.0,0.8726823453529126,0.6866307298144906
0.389469,-0.191148,-1.128664,-8.04235,50.05,70.0,-1.14042999281306,-8.02630647622907
-0.621969,0.559171,-0.541973,0.317113,50.05,70.0,-0.521975181097438,0.29894811629678675
-0.019682,-0.792696,7.006933,-6.750039,50.05,70.0,6.992484207670321,-6.767805186267081
-0.846446,-0.213789,0.542456,-0.075253,50.05,70.0,0.5351070134429072,-0.093438041391674
0.845917,-0.679142,-0.778468,-0.692704,50.05,70.0,-0.7721400903859091,-0.7073275848861404
-0.340752,0.974849,1.317911,1.195359,50.05,70.0,1.3118786195035599,1.2144276949710813
0.286151,-0.665841,-0.12301,-0.09063,50.05,70.0,-0.13176599559643923,-0.07429510804092493
-0.792473,0.903418,-0.502769,0.305302,50.05,70.0,-0.4827886095821075,0.2891149516863214
-0.250281,-0.464849,0.777313,0.244284,50.05,70.0,0.7961047277263007,0.22958186699090785
-0.724133,-0.508757,-0.601946,-0.575737,50.05,70.0,-0.6071437877697066,-0.5955633742050503
-0.672287,0.867207,0.782444,0.799156,50.05,70.0,0.7673632522259172,0.7848065237915021
-0.856319,-0.146952,0.612547,-0.010677,50.05,70.0,0.6114798070778031,-0.03061484692311537
0.180036,-0.132889,0.251958,0.198038,50.05,70.0,0.26868060429166274,0.2041583368121058
0.540332,-0.63592,-0.410435,-0.27584,50.05,70.0,-0.4300690300706078,-0.2851000322485245
0.095705,0.507835,0.179292,0.205266,50.05,70.0,0.19640007669676374,0.21775358089718874
-0.81976,0.290373,-0.232866,0.235305,50.05,70.0,-0.21440046562569332,0.24321232081534883
0.300404,0.887614,-1.210896,-0.336043,50.05,70.0,-1.230776394941434,-0.316563785205164
0.122058,-0.569754,0.684631,0.178966,50.05,70.0,0.7002330546339611,0.1597535499540313
0.147299,-0.34745,14.694795,2.992615,50.05,70.0,14.708352793466899,2.98569222380539
0.406427,0.814823,2.207061,1.362445,50.05,70.0,2.2171550909681788,1.3632394052115402
0.729435,-0.377558,-0.530218,-0.501229,50.05,70.0,-0.5420887569628843,-0.5188709237072512
0.387858,0.725905,0.262658,0.24601,50.05,70.0,0.2815081102527987,0.2511033978856073
0.282144,-0.012547,-0.066637,0.004182,50.05,70.0,-0.06621883047413235,0.023082109395974916
-0.8763,0.034187,1.914051,-0.074393,50.05,70.0,1.9067820648823788,-0.094181737294567
0.582205,-0.885039,-0.706167,-0.274047,50.05,70.0,-0.7257660981004981,-0.29255093690960726
-0.856324,-0.229833,0.51948,-0.672949,50.05,70.0,0.5239060980100496,-0.6900599111005986
-0.80514,0.006749,-0.473702,-0.00032,50.05,70.0,-0.4737339999863467,-0.014635226363121914
-0.564565,-0.640964,0.735944,-0.443177,50.05,70.0,0.7199630709278213,-0.46035039950984097
-0.682079,0.305349,-0.746194,0.393694,50.05,70.0,-0.7277547116957245,0.3770682612362177
0.002888,0.541435,2.302918,2.462508,50.05,70.0,2.297895726702779,2.4724285142732176
-0.097364,-0.399387,8.875236,0.802978,50.05,70.0,8.85990698010807,0.8214465175375913
-0.497322,-0.492769,-0.648229,-0.327823,50.05,70.0,-0.6681823437402629,-0.34772397512735154
0.028648,-0.506165,1.698315,1.06172,50.05,70.0,1.6817656179071785,1.0498147327423875
0.881379,-0.657154,-0.805617,-0.657964,50.05,70.0,-0.8026632969999793,-0.6706066769493113
-0.794356,-0.749299,-0.755776,-0.673524,50.05,70.0,-0.7512938460911116,-0.6895982557830109
0.528562,-0.450565,0.637477,-0.325388,50.05,70.0,0.6175085128414376,-0.3453670342741406
-0.64088,0.724805,-0.581078,0.560674,50.05,70.0,-0.5744417807066714,0.5412293278272537
-0.198779,-0.873183,2.166831,1.42851,50.05,70.0,2.1819795582355406,1.4252956158982641
0.40645,-0.793232,0.102063,0.029968,50.05,70.0,0.10504859854377993,0.04741981377032979
0.141866,0.336978,0.085731,-0.2034,50.05,70.0,0.06872031816064939,-0.18520948762871314
-0.413535,-0.290846,-0.406438,-0.062538,50.05,70.0,-0.41259038613880317,-0.07144192959543477
-0.241805,-0.018167,-0.155405,-0.01355,50.05,70.0,-0.15675896364875985,0.0007100529037171645
0.668721,-0.801809,0.547498,-0.493438,50.05,70.0,0.5350093829445606,-0.5118271119678769
0.002433,0.899001,-2.162244,-34.045778,50.05,70.0,-2.173252725439101,-34.04944423602127
-0.48441,0.5147,0.666575,0.35022,50.05,70.0,0.6862507856188166,0.33058477509504364
0.566155,-0.634568,-0.760003,-0.498832,50.05,70.0,-0.7720658118125433,-0.5146511706791413
0.821117,0.520191,0.707602,0.339634,50.05,70.0,0.727439978705055,0.32118499538099177
0.843087,-0.238861,-24.216767,-12.123365,50.05,70.0,-24.200775771904347,-12.126007606401851
-0.537857,0.239036,0.442531,0.182887,50.05,70.0,0.45837535857430345,0.17091329514316023
-0.519929,-0.449113,-0.648057,-0.369816,50.05,70.0,-0.6672875667830995,-0.3897186772411796
-0.237666,-0.454892,-16.429878,-23.069718,50.05,70.0,-16.44542369118845,-23.05186838310398
0.62183,-0.904436,-0.594675,-0.787176,50.05,70.0,-0.5804077127350379,-0.8068936948564069
-0.856989,0.590637,-0.850293,0.399135,50.05,70.0,-0.83207122496385,0.3902394829545796
0.830613,0.117892,-0.860784,-0.104632,50.05,70.0,-0.87077639922133,-0.11257609462778789
-0.59361,-0.804642,0.4538,-0.341313,50.05,70.0,0.43398404834984444,-0.3541698548416877
0.381966,-0.294415,0.415196,0.05765,50.05,70.0,0.42088149722628776,0.04797063643474056
-0.228734,-0.333704,0.252247,0.20337,50.05,70.0,0.26925610388823734,0.20946281687771118
-0.556413,0.359035,-0.281552,0.04684,50.05,70.0,-0.27691070200774826,0.050086300245250015
0.302496,0.044369,0.472406,0.048895,50.05,70.0,0.47724693938578133,0.03467057906514105
-0.295202,0.542025,-2.501827,27.263662,50.05,70.0,-2.5206756119080307,27.283629249786532
-0.181589,0.032057,-0.151203,-0.022041,50.05,70.0,-0.15340264119058225,-0.007489487996766221
0.777739,-0.535126,-0.338963,-0.157778,50.05,70.0,-0.3531544313332916,-0.1602520200670759
0.135433,0.214137,0.653157,-0.196723,50.05,70.0,0.6365068884788916,-0.21656896075213924
0.998785,0.573176,1.779302,0.784884,50.05,70.0,1.7651962679120872,0.7676103724107333
-0.627054,-0.890929,0.672102,-0.873794,50.05,70.0,0.6909341794359526,-0.893316662888514
0.15568,0.510354,0.163327,-7.865936,50.05,70.0,0.1433627160813822,-7.852242447082138
-0.476316,0.55168,-0.610729,0.351039,50.05,70.0,-0.5910680663021775,0.33111629805476117
0.088974,-0.619234,0.177433,-0.070547,50.05,70.0,0.17052368587706998,-0.05791475014668812
0.541594,0.577751,-0.718829,0.460242,50.05,70.0,-0.7039310305501147,0.4422553202425743
0.268903,-0.553353,0.069149,1.0143,50.05,70.0,0.050424807625860255,1.0331164646989015
-0.208477,0.132534,0.169413,0.065992,50.05,70.0,0.17589310372883807,0.07923570616177428
-0.504605,-0.892442,-8.609413,15.627131,50.05,70.0,-8.60154804385513,15.639003632449826
0.733989,0.15153,-1.215649,-0.214157,50.05,70.0,-1.2332005426295867,-0.1945755373145379
0.760077,0.606665,-0.538873,0.258203,50.05,70.0,-0.519650683061843,0.24017000968856056
0.220739,-0.037856,-0.131005,-0.003763,50.05,70.0,-0.131381277798428,0.012097653977455006
-0.25124,-0.584227,-1.103401,-1.416359,50.05,70.0,-1.1177287352312688,-1.4019477110250598
0.8905,0.635123,-0.678838,0.501097,50.05,70.0,-0.6669566221831111,0.4817316687918599
0.5084,0.678619,-0.505986,0.586672,50.05,70.0,-0.5018513788848764,0.5702981118955773
-0.4515,-0.367578,-0.563377,-0.094203,50.05,70.0,-0.5724528198749768,-0.11315788069389239
0.116421,0.686537,0.568983,0.021459,50.05,70.0,0.5711247850249196,0.0023327392934651275
0.619223,-0.718768,0.438445,-0.375119,50.05,70.0,0.41936685219402153,-0.3867629466701518
-0.330199,0.337814,-0.199495,-0.076559,50.05,70.0,-0.20696529269741737,-0.06571049409068959
-0.368333,-0.576244,0.294213,-0.092084,50.05,70.0,0.2853265118030561,-0.09009267835822768
-0.930594,-0.491417,0.810627,-0.568684,50.05,70.0,0.8047515203294139,-0.5809345466342766
0.752981,-0.646024,-0.323373,-0.046091,50.05,70.0,-0.32794141036262214,-0.04701204759005569
0.270692,-0.480107,0.849738,1.447622,50.05,70.0,0.8660634048008907,1.4386768091425515
0.845504,0.385756,-0.103119,-0.052916,50.05,70.0,-0.10834907812421349,-0.035516009799450105
-0.605582,-0.013255,0.831496,-0.005584,50.05,70.0,0.8309376725450961,-0.016121318808190677
-0.768749,-0.370257,0.128169,0.110606,50.05,70.0,0.13867435949824283,0.126637816828764
-0.906662,-0.271902,-0.335982,-0.003602,50.05,70.0,-0.3363421805278978,-0.005779945758207956
0.146808,-0.595989,5.004528,-5.694553,50.05,70.0,5.008470629556191,-5.674674100397053
-0.793084,0.630338,-0.861143,0.566198,50.05,70.0,-0.855030349834881,0.5582868646604999
0.092096,-0.14529,-0.054675,0.059648,50.05,70.0,-0.048798232847861056,0.07890530381009701
0.105101,0.429002,-0.570916,-0.09599,50.05,70.0,-0.5801506965043628,-0.11517187673599971
0.244718,0.974893,0.012221,-0.093142,50.05,70.0,0.0032398539664213032,-0.07317932659384634
-0.976433,-0.912367,0.386396,-0.596981,50.05,70.0,0.3832750540028879,-0.6040486356445355
-0.147805,-0.163852,-0.070915,-0.031553,50.05,70.0,-0.07405722715115755,-0.012797117399221396
0.144363,0.307605,-0.73059,0.942275,50.05,70.0,-0.7505899897184386,0.9248333784350363
-0.086304,-0.517404,-1.282163,-0.697166,50.05,70.0,-1.2754134227121854,-0.6773286723861316
-0.006337,-0.498752,-0.215799,0.483024,50.05,70.0,-0.20251425992895983,0.49246828987187513
-0.523573,0.302457,-0.523502,0.296677,50.05,70.0,-0.5035783587621526,0.27936133273173114
-0.603122,-0.679491,0.557501,-0.370801,50.05,70.0,0.5382977248488282,-0.3895602644272025
-0.197491,0.775697,-6.070226,-1.159693,50.05,70.0,-6.060906781920301,-1.1499993562030315
-0.867029,-0.153664,0.597677,0.510425,50.05,70.0,0.6087953719162348,0.4906592670750606
-0.630315,0.299677,0.516559,0.379193,50.05,70.0,0.5355109370819621,0.3622351366346758
0.663889,-0.013882,1.112354,0.027578,50.05,70.0,1.1151030689962547,0.04259543489246602
0.679301,-0.982348,-0.909432,-0.241296,50.05,70.0,-0.9281193515900987,-0.24458556394273878
-0.315944,-0.064168,0.21021,0.018267,50.05,70.0,0.2120341613121951,0.028200199587723934
-0.477636,0.367289,0.519703,0.191528,50.05,70.0,0.5360597156221333,0.17440555421405857
-0.979163,-0.797368,-0.696415,-0.876152,50.05,70.0,-0.6775047354234616,-0.8950038739912621
0.637148,0.5496,-0.334801,0.06516,50.05,70.0,-0.32839966391643083,0.06309948919097277
-0.871887,0.188864,-0.327365,-0.077485,50.05,70.0,-0.33492111032966565,-0.07880461410370872
0.23103,0.919442,9.713037,0.149144,50.05,70.0,9.726607017959388,0.1465612106667278
-0.946652,-0.376232,-12.674028,2.568165,50.05,70.0,-12.668607564328887,2.5853367634855506
0.668216,0.7104,0.64551,0.652223,50.05,70.0,0.6431252404991658,0.6322968411715749
-0.307261,-0.140183,0.414642,-0.243856,50.05,70.0,0.39586496624022893,-0.2534868467508006
-0.056283,0.05252,-0.026406,-0.053913,50.05,70.0,-0.03173224342252012,-0.034087066129539836
0.701072,0.914612,0.829418,0.471575,50.05,70.0,0.843536349667809,0.4608616338499627
-0.110703,-0.583496,-0.39888,1.297502,50.05,70.0,-0.3948218810674886,1.2892810345518786
-0.818876,-0.843924,0.363483,-0.018125,50.05,70.0,0.36167297995877573,-0.023007526832696697
0.173639,0.349593,1.580533,0.332841,50.05,70.0,1.600445811619894,0.33186771724388636
-0.388662,-0.233858,-1.704122,-0.627763,50.05,70.0,-1.7041775530003604,-0.6401297940526045
-0.45374,-0.015717,0.356932,0.003929,50.05,70.0,0.3573248747287651,-0.00031574252687554573
-0.153494,0.221332,-0.364756,-3.076131,50.05,70.0,-0.3711859073011757,-3.081136875435279
-0.065684,0.041505,0.061407,0.030692,50.05,70.0,0.06446416758142558,0.04975667762662432
-0.417214,-0.119006,0.422262,-0.241182,50.05,70.0,0.40357871338600476,-0.2514735301154228
-0.13738,-0.951401,2.317027,1.52062,50.05,70.0,2.336400878508913,1.5317399189467213
-0.200471,0.67798,-23.65094,6.997228,50.05,70.0,-23.659252335406833,7.005836715150593
0.809625,-0.628201,0.703635,-0.493521,50.05,70.0,0.691152866984564,-0.5121195377444197
-0.170376,0.494519,-0.862857,-0.127483,50.05,70.0,-0.8747594006168278,-0.1352364258737106
-0.61792,0.623304,0.235672,-0.059565,50.05,70.0,0.22980316695123224,-0.051916186694401775
-0.129892,0.90521,-0.097164,-0.024418,50.05,70.0,-0.09959973828739781,-0.006732152782621573
-0.138638,-0.08648,0.090142,-0.01761,50.05,70.0,0.08838327456564178,0.00039276099783443555
0.528799,-0.472186,0.425141,-0.215613,50.05,70.0,0.4075201172810863,-0.2261503135864542
-0.037033,-0.421763,0.204371,-1.769726,50.05,70.0,0.19347504416046585,-1.759290312173599
-0.577218,0.69661,0.758528,0.605162,50.05,70.0,0.7608384827432894,0.5892530095554094
-0.070364,-0.603472,13.779722,8.396501,50.05,70.0,13.761534321936068,8.416034413133671
-0.556609,-0.921043,0.889703,-0.742364,50.05,70.0,0.9004994687590192,-0.7475804477850516
0.026258,-0.679795,-1.185159,0.124103,50.05,70.0,-1.1735299153825713,0.142839259264251
0.682608,0.596222,-0.465207,0.201652,50.05,70.0,-0.44828889749007844,0.18794275063918997
0.709666,-0.648866,-0.719268,-0.639262,50.05,70.0,-0.7181741990669824,-0.6572294406247764
0.501712,0.265409,-0.188075,-0.019259,50.05,70.0,-0.18999792498882878,-0.007469297014378519
0.734586,0.192448,0.451546,0.230028,50.05,70.0,0.46980242239113945,0.21734461397733756
0.480753,0.010828,1.75163,0.133908,50.05,70.0,1.764042507267653,0.11818977610507324
-0.006008,-0.982946,-13.272085,1.274906,50.05,70.0,-13.270260645639503,1.256384934337717
-0.373548,-0.223409,-0.772224,0.194388,50.05,70.0,-0.7557043831705692,0.17934565388631357
-0.832347,0.751955,-0.321543,-0.012017,50.05,70.0,-0.32274397706617236,-0.012755205743117653
0.106176,0.503955,-12.454125,1.77458,50.05,70.0,-12.443639253721857,1.7915120427498235
-0.022792,0.93287,-14.159613,-20.189026,50.05,70.0,-14.167661514914384,-20.19126589681038
0.751343,-0.174167,0.26128,-0.163283,50.05,70.0,0.24670609252965284,-0.1580564676004196
0.779264,-0.904972,0.826974,-0.88177,50.05,70.0,0.8460596933720127,-0.8926889394402124
0.134782,-0.718894,-0.491962,0.366774,50.05,70.0,-0.4726500953438059,0.3512449887260556
-0.451286,-0.770453,-0.031518,0.166978,50.05,70.0,-0.01669354644604569,0.1867301674585177
0.988456,0.982303,0.971878,0.921047,50.05,70.0,0.9519927099340277,0.9239764431967358
-0.441743,-0.372177,-0.545431,-0.452055,50.05,70.0,-0.5608625550813174,-0.47036185816394915
0.815184,0.79614,-0.430201,0.160388,50.05,70.0,-0.4158268729770487,0.14942403055598005
0.717375,0.920621,0.948073,0.722495,50.05,70.0,0.9389995443787682,0.7230544474096742
0.879467,-0.80057,-0.775379,-0.700105,50.05,70.0,-0.768353503618289,-0.7149375593975912
0.828246,0.322495,-0.264881,0.016926,50.05,70.0,-0.2631904197435997,0.021804117352780168
0.165844,-0.657254,1.164002,-0.279751,50.05,70.0,1.144297252855711,-0.261858233779436
-0.470436,-0.618932,0.155248,0.111674,50.05,70.0,0.1658440893409465,0.1259450567419606
-0.396028,-0.045517,-0.14208,5e-06,50.05,70.0,-0.14207950000000005,0.015167021636402064
0.99309,0.86338,-0.480355,0.325467,50.05,70.0,-0.46038695770126065,0.3106951699913616
0.820302,0.816782,-0.758733,0.806577,50.05,70.0,-0.7742906903351359,0.7906804413173327
-0.353231,-0.754441,-0.705442,-0.55811,50.05,70.0,-0.7123195412244513,-0.5766413281198779
0.103955,-0.834431,1.260658,0.064697,50.05,70.0,1.26701545458226,0.08469295814941127
-0.290128,-0.184892,0.477292,0.650258,50.05,70.0,0.47510245057134354,0.6356943873845335
0.521357,0.447829,-0.530285,0.267966,50.05,70.0,-0.5108160872069735,0.2503209211181859
0.658926,0.570029,0.516971,0.260946,50.05,70.0,0.5362672534276653,0.2439663297459593
0.473499,0.099099,0.543592,-0.041472,50.05,70.0,0.5394744565042031,-0.059704033329275166
-0.445728,0.644166,-0.854972,1.124137,50.05,70.0,-0.867273803134072,1.1156629498428994
0.506274,0.946594,-0.034892,-5.291216,50.05,70.0,-0.0542827660066065,-5.2715195917255695
-0.58782,0.50704,0.381159,0.132364,50.05,70.0,0.39345007243194313,0.1257886416633033
-0.173988,-0.215989,-0.011931,-0.051664,50.05,70.0,-0.01704013309401221,-0.031699576637767596
-0.128121,0.663711,-4.114438,5.994043,50.05,70.0,-4.134281741847603,5.991017900104081
0.991655,0.743104,-0.80778,0.552008,50.05,70.0,-0.8003327616756253,0.5395336611943371
-0.645883,0.639781,-0.632701,0.420963,50.05,70.0,-0.6154856292870541,0.4009678013171343
0.797591,-0.889836,0.824259,-0.81432,50.05,70.0,0.8402914866559162,-0.8254653944522152
0.53259,-0.766214,-0.798926,-0.07913,50.05,70.0,-0.8066341611048422,-0.09228396412451784
0.246202,-0.081154,0.143643,-0.050766,50.05,70.0,0.13862073859625249,-0.03570636935110909
0.052728,0.191163,0.217767,-0.927524,50.05,70.0,0.23771112203468375,-0.9182536405370266
0.875857,0.526677,-0.894408,0.502638,50.05,70.0,-0.8826509338590891,0.49787716820308403
-0.143666,-0.597024,-5.538183,-11.030351,50.05,70.0,-5.518484593878472,-11.047042682712481
-0.184373,-0.750206,0.356217,0.398446,50.05,70.0,0.37446706813773933,0.39427115555049386
-0.718567,-0.949443,-0.532623,-0.511214,50.05,70.0,-0.5436757009900735,-0.5289679376511132
0.716158,0.462695,0.239198,-0.025388,50.05,70.0,0.2366660127792118,-0.01806615384351299
0.521243,0.532951,-0.629843,0.2488,50.05,70.0,-0.6109014877027821,0.22880058099883493
-0.691699,0.615847,-0.606227,0.451305,50.05,70.0,-0.5907478434066581,0.4314268849313095
0.545721,-0.060879,2.502137,-0.335948,50.05,70.0,2.4822555698969064,-0.31597900086437364
0.810153,0.237917,6.734171,9.678483,50.05,70.0,6.715077742782444,9.665842986321179
0.675998,-0.505022,-0.592271,-0.459299,50.05,70.0,-0.6072317184870176,-0.47897502235968703
0.10133,-0.946259,-17.522692,20.393988,50.05,70.0,-17.502865516914454,20.412767663189108
0.222258,-0.507222,26.015822,-19.285778,50.05,70.0,25.999432638809743,-19.29163077293776
-0.886404,0.205465,-0.324392,0.12562,50.05,70.0,-0.31263983113611565,0.12459717291828573
-0.754648,0.623302,0.588506,0.502096,50.05,70.0,0.6003068689556912,0.48249095261508335
-0.161104,0.332511,2.909911,1.869918,50.05,70.0,2.9114133427665103,1.8619020334440524
0.507337,0.816794,-0.826738,0.657409,50.05,70.0,-0.8296368002871367,0.6464702956204598
-0.146944,0.318579,-0.489314,0.461706,50.05,70.0,-0.4745141036458197,0.4463452161086813
0.349037,0.265746,-0.285687,-0.170576,50.05,70.0,-0.30075056076529805,-0.16773838106001315
0.388715,-0.858659,-0.435088,-0.405594,50.05,70.0,-0.4530340731879762,-0.4169633792124269
0.523351,-0.035964,0.369407,-0.178299,50.05,70.0,0.35384676300462387,-0.1837537771727348
-0.446409,-0.79462,-1.120892,-0.243754,50.05,70.0,-1.1396655192355212,-0.22818652790458246
0.821258,0.875834,0.848183,0.669075,50.05,70.0,0.8441355029567108,0.6599910010580555
0.138865,-0.104144,-0.337138,-1.311086,50.05,70.0,-0.34251588265002686,-1.313378821265235
-0.35195,0.78429,0.144527,-0.259227,50.05,70.0,0.12527665783793815,-0.2442256871487158
-0.432355,-0.584168,-2.610274,-0.301805,50.05,70.0,-2.6302358551632685,-0.2841114952894451
-0.104265,-0.388293,-0.279078,-1.624697,50.05,70.0,-0.2983560649079837,-1.6212068351202353
-0.032807,0.618863,-1.055711,5.582304,50.05,70.0,-1.0486128732265383,5.593032005173738
-0.761993,-0.811768,0.46334,-0.169575,50.05,70.0,0.44834247508477726,-0.18314771625563292
0.621017,-0.571499,0.698799,-0.469306,50.05,70.0,0.6845208504222329,-0.4880769248727652
0.808181,-0.893827,0.841684,-0.878068,50.05,70.0,0.8606557777044889,-0.8877260972257978
-0.556362,-0.784525,0.891558,-0.194435,50.05,70.0,0.8750357342452479,-0.19947214672799102
0.482652,-0.065223,0.187207,0.012365,50.05,70.0,0.18844271243189606,0.02422470696840707
-0.211265,-0.739185,8.592612,1.287721,50.05,70.0,8.59570789494057,1.298201316585807
0.522171,0.124409,-0.079773,-0.044496,50.05,70.0,-0.08418598350349848,-0.02606595219080655
0.943706,0.870565,0.565299,0.232255,50.05,70.0,0.5836452304268976,0.21323967760619988
-0.420965,0.846477,-0.057433,0.025628,50.05,70.0,-0.05487720771360527,0.04480901396353408
0.73238,-0.888999,0.096493,0.166671,50.05,70.0,0.1112968284390851,0.18438807886950648
0.599001,-0.584206,0.730694,-0.479594,50.05,70.0,0.7171548260598406,-0.4970305298483861
-0.752164,0.387454,0.62748,0.43092,50.05,70.0,0.6441674420008657,0.41092017578318374
-0.063799,-0.273658,-0.373348,0.159485,50.05,70.0,-0.3590368061030554,0.1536521474184152
0.635025,0.870951,-0.750743,0.434478,50.05,70.0,-0.734254305767617,0.41810939300862154
0.079508,0.291779,-0.137616,0.287069,50.05,70.0,-0.11779919027856672,0.3025183348815173
-0.065479,-0.510525,-15.614086,-18.188457,50.05,70.0,-15.617349381991229,-18.206293920772367
-0.392345,-0.149471,0.643664,-0.007876,50.05,70.0,0.6428766035505151,-0.027817158018943057
-0.15256,-0.082821,-0.2819,-0.031509,50.05,70.0,-0.285037881719219,-0.0282970431685653
0.020739,0.56001,0.381533,0.274908,50.05,70.0,0.4011490692260431,0.2682973322186764
0.091559,0.837762,15.674419,-26.827493,50.05,70.0,15.658138842438719,-26.847212354338993
0.262474,-0.597226,12.628874,1.404591,50.05,70.0,12.642356356382722,1.423622254870598
0.420126,-0.945743,12.079736,7.128735,50.05,70.0,12.062039150274872,7.113547178031351
0.889978,-0.143778,-0.264193,-0.069349,50.05,70.0,-0.2709897667634128,-0.06440418947655477
-0.480863,0.14387,0.467778,0.140318,50.05,70.0,0.4806866594295975,0.12642269195590763
0.02632,0.360079,1.421076,-0.473707,50.05,70.0,1.4071094579364818,-0.46009470149892373
-0.154557,0.364172,-0.116263,-0.353869,50.05,70.0,-0.13587007759363903,-0.3371541744913992
0.635394,-0.931566,0.712861,-0.358818,50.05,70.0,0.6933575323966614,-0.37705759190705
-0.829119,0.989477,-0.871874,0.51193,50.05,70.0,-0.8608810428230974,0.5050153562336835
0.131787,0.947299,-0.76156,1.425346,50.05,70.0,-0.7466199122491146,1.4096225758471566
-0.743549,-0.83514,0.73987,-0.724617,50.05,70.0,0.7491320472905086,-0.7415858849203324
-0.191484,-0.279339,-5.656836,10.547659,50.05,70.0,-5.644435413003746,10.527659969452504
-0.846367,-0.882884,-0.814323,-0.816123,50.05,70.0,-0.798183377876351,-0.8280793213762001
-0.627058,-0.971682,-0.526559,-0.694473,50.05,70.0,-0.520063527918375,-0.7119396166965782
0.948782,0.17464,2.094822,-0.037801,50.05,70.0,2.0910643658512744,-0.04776400683065515
-0.828378,-0.540675,0.145157,0.143048,50.05,70.0,0.1582729724038302,0.15800757260150244
0.868089,-0.025584,0.019658,-0.003754,50.05,70.0,0.019282622042655476,0.016149468511836167
0.015446,-0.402564,-3.121778,1.998631,50.05,70.0,-3.1325432993276743,1.9787290748635815
0.107602,0.472211,1.151128,0.350765,50.05,70.0,1.1707939391843531,0.36804590797807457
0.453396,0.232093,0.334905,0.108816,50.05,70.0,0.34525762308226915,0.10674514481142616
0.780359,-0.509592,-0.60796,-0.592193,50.05,70.0,-0.6115529410229318,-0.612089471997309
-0.712606,-0.767815,0.210388,0.103952,50.05,70.0,0.2203214369386493,0.11386974623121471
-0.669809,0.523981,0.113843,-0.103403,50.05,70.0,0.10395725024431943,-0.08655651346246365
0.542532,0.341859,-0.514245,0.281587,50.05,70.0,-0.4945096523752451,0.2647529495878534
-0.372086,0.354772,0.186454,-0.039082,50.05,70.0,0.18257062503580818,-0.027161744674088828
0.646747,-0.114853,0.253153,0.139922,50.05,70.0,0.26603138699598916,0.14592846112059507
-0.342727,-0.215124,-0.795069,-0.067934,50.05,70.0,-0.8017325192989693,-0.08137604082566155
0.412647,-0.648942,-0.886397,-0.413526,50.05,70.0,-0.9039789235625916,-0.41906087747097176
-0.768133,-0.003792,-6.409457,0.45909,50.05,70.0,-6.394482419227087,0.4752345286195374
0.25985,-0.708756,26.83308,11.06245,50.05,70.0,26.814187711262846,11.050382728781603
-0.069052,-0.555072,-10.13908,-15.827045,50.05,70.0,-10.127863057218743,-15.80886499758635
0.910922,-0.140987,0.726536,0.078719,50.05,70.0,0.7342062199850308,0.06108258792519823
0.426012,-0.015161,0.355006,-0.032823,50.05,70.0,0.3517384142692661,-0.0368793363907769
-0.811423,0.406754,0.724341,0.358019,50.05,70.0,0.7438620051919614,0.3402801392410197
0.316839,-0.890122,-2.143307,1.002057,50.05,70.0,-2.162426122857515,0.9965483555347723
-0.280001,0.017101,-0.217117,-0.035006,50.05,70.0,-0.22059975358622821,-0.025678093908828026
-0.578522,0.779724,0.841744,0.56107,50.05,70.0,0.8483428498118541,0.5514171572456826
0.823098,-0.191694,1.065625,0.680685,50.05,70.0,1.060447982389289,0.6922361905446583
0.200454,-0.96502,3.16811,-1.298717,50.05,70.0,3.163932984097615,-1.3185414649587615
0.910457,0.047404,-0.413816,-0.0875,50.05,70.0,-0.4222895251440788,-0.09705837229475289
0.718137,-0.265718,-0.319237,0.021284,50.05,70.0,-0.3171126151574634,0.02077628108464314
0.070802,-0.031648,-0.061043,0.03305,50.05,70.0,-0.05775302139112273,0.05212564734979534
0.087536,-0.78019,-9.521576,1.628534,50.05,70.0,-9.502403637684296,1.6108310944605964
-0.658014,0.764286,0.623633,0.702153,50.05,70.0,0.6164161267175313,0.682158488298497
-0.643661,-0.012848,0.320864,-0.002987,50.05,70.0,0.32056531110425895,-0.0036573478873816647
0.070308,-0.337164,4.781554,-6.420272,50.05,70.0,4.768893827301482,-6.4134925391682875
-0.707073,0.228579,-1.240694,0.625719,50.05,70.0,-1.240434054247511,0.6456554883409309
-0.268314,0.451065,0.500093,0.249196,50.05,70.0,0.5190471871779541,0.2331675636305945
-0.949295,-0.794556,-0.685291,-0.690228,50.05,70.0,-0.6791984494400692,-0.7094220069179533
-0.102257,-0.627558,5.818221,-3.513225,50.05,70.0,5.837400878344883,-3.5269165686142503
0.628511,-0.613099,-0.724365,-0.482222,50.05,70.0,-0.7377095843682983,-0.49995975212208715
-0.349512,-0.255467,-0.5536,-0.125123,50.05,70.0,-0.5653119180915662,-0.14374344345156898
0.366427,0.542179,-0.369695,-0.054409,50.05,70.0,-0.37506903578119183,-0.0598914796449692
0.399172,0.880773,3.085595,0.747664,50.05,70.0,3.07435623166156,0.728442826390736
-0.856056,0.263176,0.704887,-0.627055,50.05,70.0,0.7047606477687188,-0.6456071320244834
-0.802496,0.443747,0.215124,-0.090105,50.05,70.0,0.20641523582250876,-0.08060126388104552
0.055071,-0.428707,2.462741,0.881908,50.05,70.0,2.4436511863617913,0.9012729899328762
0.721364,-0.039107,4.802091,0.429983,50.05,70.0,4.8188299062635345,0.4386554694793594
0.732736,-0.902124,0.698476,-0.492825,50.05,70.0,0.685939561470281,-0.511607048847044
0.008495,0.774271,0.520621,1.752323,50.05,70.0,0.5329332499067433,1.7351532949616626
-0.829947,-0.921081,0.243131,0.096046,50.05,70.0,0.2523706634431573,0.10300045752674195
-0.606707,-0.929949,-0.516435,-0.047924,50.05,70.0,-0.5211816700168689,-0.06487528603415521
0.34657,0.808153,-2.674556,-25.000227,50.05,70.0,-2.6622530798677997,-24.986385107627726
0.626573,0.80798,0.155293,-0.143902,50.05,70.0,0.14211267583960385,-0.12963409632563558
-0.278669,0.402568,1.16925,-1.309995,50.05,70.0,1.1639772786620057,-1.2918739442813634
-0.041532,-0.030204,0.029795,0.031998,50.05,70.0,0.03298116668666893,0.051776474651624896
0.366734,-0.307679,0.129138,-0.61696,50.05,70.0,0.1280027574275316,-0.600986305003448
0.840659,0.963043,-0.820071,0.935811,50.05,70.0,-0.8400598894863655,0.924320331561123
-0.136744,-0.256245,7.721083,-19.492992,50.05,70.0,7.722593315615465,-19.48065879559287
-0.709933,0.153447,12.900285,1.575904,50.05,70.0,12.92027847827308,1.5739316987915852
0.982006,0.571154,-0.612543,0.49769,50.05,70.0,-0.6003892954252993,0.4777521845912519
-0.618462,-0.497015,-0.261434,0.009313,50.05,70.0,-0.2605030365196922,0.014524665994981357
0.676376,-0.156114,6.781155,-0.526752,50.05,70.0,6.771429308757821,-0.5426525405679141
0.185828,-0.796788,0.170257,-0.010827,50.05,70.0,0.1691748287489662,0.0023533441187959525
0.382277,0.931111,0.930744,1.053746,50.05,70.0,0.913760139300445,1.0525732934148686
-0.815271,-0.26097,6.503692,2.550259,50.05,70.0,6.507369444178151,2.5592857365259527
-0.119031,-0.546355,-8.30401,5.329085,50.05,70.0,-8.284043761188324,5.3135253180976525
-0.590058,0.887812,0.965816,0.711305,50.05,70.0,0.9577534396288238,0.7136335274719465
-0.543314,0.524867,0.615924,0.321829,50.05,70.0,0.6359092955948169,0.3018673938076001
-0.559442,-0.533841,-0.664341,-0.37013,50.05,70.0,-0.683562917325162,-0.3898064714649874
-0.260126,0.069097,-0.314286,-0.063554,50.05,70.0,-0.3205349797046906,-0.06356667346325391
-0.688666,-0.414453,-0.021686,0.121546,50.05,70.0,-0.01026589230531694,0.1414285444963453
0.283271,0.936236,9.915897,2.820159,50.05,70.0,9.935883772277329,2.835634751951065
-0.686688,0.837598,0.729997,0.50901,50.05,70.0,0.7412327126660598,0.49153943601229205
-0.485489,0.380752,-0.421107,0.167552,50.05,70.0,-0.40624407727337175,0.15735967578442675
-0.698182,-0.345464,0.44328,-0.338706,50.05,70.0,0.4234304465480759,-0.35073961448114965
-0.211353,-0.217445,-15.195608,-1.549686,50.05,70.0,-15.215496691924885,-1.5329547339957386
-0.598329,-0.120058,1.916441,0.241111,50.05,70.0,1.935121751850706,0.22135832130728894
0.189488,0.729228,-0.387376,-0.613224,50.05,70.0,-0.3888840204752015,-0.620383227391555
0.130003,0.965277,3.472355,1.075201,50.05,70.0,3.456599599420781,1.0768594017439994
-0.593072,0.247274,-0.374799,0.194021,50.05,70.0,-0.3583000986951614,0.18804951002255368
-0.06457,0.776393,1.972741,0.33584,50.05,70.0,1.9926236014699352,0.3177358368265372
0.844648,-0.009051,-0.880445,0.039957,50.05,70.0,-0.8764758277621859,0.03385270407267122
-0.11318,-0.214208,0.022505,-1.624513,50.05,70.0,0.0032220442003548858,-1.6046394852100474
-0.196892,0.832988,4.27837,2.078109,50.05,70.0,4.261920291207525,2.0615943706775948
0.0307,-0.023167,0.033004,0.007723,50.05,70.0,0.03377610808254161,0.02745130140204889
0.639014,-0.096352,3.560649,-0.490571,50.05,70.0,3.547937738086494,-0.4805556470564238
0.604199,0.764273,-0.297476,-0.079755,50.05,70.0,-0.30524179501375553,-0.078088607572598
-0.858558,0.222566,-3.982439,1.135072,50.05,70.0,-3.9938606724843693,1.1448033633507524
0.659371,0.047514,-1.523111,-0.047249,50.05,70.0,-1.5277920717019677,-0.04252551874650648
0.570122,0.047241,-0.907862,0.03617,50.05,70.0,-0.9042646844842087,0.0327256772299366
-0.019386,0.183669,-0.035062,0.071835,50.05,70.0,-0.028031960028003518,0.09152845036134068
0.929994,0.407907,-0.240797,-0.176499,50.05,70.0,-0.25624352340842566,-0.16932618577216235
-0.3023,-0.762302,0.759401,-0.291722,50.05,70.0,0.7395267257731838,-0.307577933521215
-0.017962,0.10589,-0.013622,-0.134574,50.05,70.0,-0.02608665989262823,-0.11462037179038773
-0.299087,-0.763376,0.312859,0.136233,50.05,70.0,0.3254529693864829,0.1363630256199225
-0.053361,-0.834618,13.158097,41.498906,50.05,70.0,13.16107419080909,41.47923981351944
0.572233,-0.473385,0.543585,-0.251778,50.05,70.0,0.5245499940328654,-0.2700097455658243
-0.185943,0.85804,-0.893893,1.757735,50.05,70.0,-0.8820116976826665,1.7529241644114466
-0.923156,0.518475,-0.922532,0.519143,50.05,70.0,-0.9121486320743559,0.5171517250532488
0.004591,-0.839082,-3.388473,0.920497,50.05,70.0,-3.4083523326848972,0.9138952816121957
-0.450607,0.654026,-0.413741,0.43906,50.05,70.0,-0.39751593161877935,0.42950821640806425
0.222396,-0.193466,0.0523,0.01091,50.05,70.0,0.05339045899859465,0.030230065405255226
0.419131,0.340497,0.407929,0.207402,50.05,70.0,0.4251467355188471,0.19836481002032552
0.735753,-0.201698,0.24054,0.603676,50.05,70.0,0.24299802268494725,0.6108727986241781
0.056906,0.41467,-0.518139,-1.117447,50.05,70.0,-0.5053166992558481,-1.1344880997316142
-0.643227,-0.71097,-0.570427,-0.536832,50.05,70.0,-0.5792599233848047,-0.5559999763947825
0.722041,-0.661241,-0.437254,-0.164184,50.05,70.0,-0.4518894632745633,-0.17573090682484682
0.52761,-0.463191,0.639824,-0.341091,50.05,70.0,0.6200050557447767,-0.3610579151698925
-0.850817,0.325279,-0.270604,0.137844,50.05,70.0,-0.2578852916648666,0.14216518016636048
0.969708,-0.116653,0.803696,-0.205277,50.05,70.0,0.7865873535712885,-0.21806794193820286
-0.58543,0.674707,-0.407583,0.071902,50.05,70.0,-0.4005466879688136,0.06289568981208653
-0.207011,0.759379,-1.917023,0.285928,50.05,70.0,-1.8972219204639722,0.26618452938362797
0.876456,0.594643,0.867722,0.573178,50.05,70.0,0.8731664624277227,0.5658752782345196
0.171606,0.179133,2.152036,1.56692,50.05,70.0,2.1720322436402357,1.562255471645717
0.683736,-0.451724,-0.417138,-0.123789,50.05,70.0,-0.42874152391143017,-0.13363784621632702
-0.117927,-0.002431,0.095479,-0.001712,50.05,70.0,0.09530780209073239,0.01605189693175775
-0.850227,0.227906,0.420674,-0.276715,50.05,70.0,0.40102349558888184,-0.2868700449583717
0.417668,-0.258533,0.662899,0.074734,50.05,70.0,0.6701996926072814,0.05503220818549599
0.839991,-0.267468,0.024104,0.09333,50.05,70.0,0.03310193991888585,0.11318492502562313
0.661858,-0.158171,-0.103842,-0.089427,50.05,70.0,-0.11248967943091923,-0.0720627711171449
-0.385938,-0.456016,-11.464568,-9.805719,50.05,70.0,-11.445672630450291,-9.791419000211203
-0.254089,-0.47724,21.136501,-21.674166,50.05,70.0,21.11650299273642,-21.665662574554187
-0.97485,-0.308941,0.549915,-0.44083,50.05,70.0,0.5337940566192266,-0.45931280178479333
-0.372198,0.469775,1.696235,-0.090243,50.05,70.0,1.687513814879641,-0.10198049206120315
-0.492602,0.832085,-3.080168,0.880288,50.05,70.0,-3.0992088729289695,0.8612238559984973
0.855699,-0.269789,0.758096,-0.523957,50.05,70.0,0.7481270391672111,-0.5398921333692386
-0.345299,0.561154,-0.052714,0.240707,50.05,70.0,-0.03404771611035008,0.26001632088496957
-0.69292,0.098269,-0.80086,-0.113732,50.05,70.0,-0.8116300683456658,-0.12673966674472661
-0.393524,0.048876,-0.138073,-0.004493,50.05,70.0,-0.13852226220911565,0.010927272551122597
-0.541097,-0.220613,-0.25251,0.013342,50.05,70.0,-0.2511767893613294,0.019409761727034184
0.148957,-0.482711,-0.631404,1.912982,50.05,70.0,-0.6341974772157144,1.8929843799829684
-0.924953,0.313385,4.546201,2.231351,50.05,70.0,4.5264602302741235,2.21657969275817
-0.934969,-0.019561,0.385706,-0.021633,50.05,70.0,0.38354691584806117,-0.02863604564720834
-0.769752,0.777958,-0.59249,0.431815,50.05,70.0,-0.575852057465211,0.41213506356904417
-0.861319,-0.185284,0.820993,0.064952,50.05,70.0,0.827374626809775,0.053536917353478174
-0.06915,-0.208189,-0.101647,0.09803,50.05,70.0,-0.09223183534390177,0.1155020956128347
0.973159,-0.119563,0.826345,0.050252,50.05,70.0,0.8313174918438722,0.03928041578521011
0.510547,0.757884,0.501167,-0.077247,50.05,70.0,0.49363293107770334,-0.09333944084744149
-0.246596,-0.545261,3.144641,4.114955,50.05,70.0,3.164403009636278,4.094957323058987
-0.204117,-0.594148,17.022617,16.110234,50.05,70.0,17.004526717352018,16.09106959925627
0.147746,-0.825714,-17.361802,3.165553,50.05,70.0,-17.364192307256108,3.1736206790006256
0.217704,0.955457,-0.513181,-1.255078,50.05,70.0,-0.5130250954353901,-1.271854362681814
0.363624,-0.572095,0.363216,-8.010263,50.05,70.0,0.34901753119692036,-8.015119630339798
0.806817,0.177478,2.73008,-0.231174,50.05,70.0,2.7117770795538894,-0.2218185840111823
0.868773,-0.540011,-0.772665,-0.587717,50.05,70.0,-0.7766973225706655,-0.6027302463789906
0.03336,0.676813,0.058055,-0.139071,50.05,70.0,0.04524183883525462,-0.11990769595163624
-0.808594,-0.034059,0.796427,-0.042737,50.05,70.0,0.7921857495950033,-0.05607817746348947
-0.430626,0.464529,-0.405859,0.291778,50.05,70.0,-0.3859840996258259,0.2829259532095748
-0.662131,-0.427799,-0.581939,-0.359365,50.05,70.0,-0.6014302817564923,-0.37882964039539757
-0.022554,0.939001,1.244434,-0.903413,50.05,70.0,1.264053696830143,-0.8834502171287487
-0.211813,0.055737,0.215369,-0.055103,50.05,70.0,0.20992814900199072,-0.04562082818734113
0.774193,-0.142554,2.44235,0.791563,50.05,70.0,2.4277787315299824,0.8103185658426059
0.087243,0.291075,-14.311273,7.310265,50.05,70.0,-14.32951015317608,7.294971584453252
0.104525,0.756581,-20.822438,-19.509656,50.05,70.0,-20.81927320396694,-19.527754163280242
-0.150741,0.49172,0.171104,-0.112046,50.05,70.0,0.16047637894910355,-0.09892947911681296
0.333126,0.845329,-1.199127,-2.83679,50.05,70.0,-1.2191051174455998,-2.8176111701056397
-0.551168,0.52404,0.46441,0.186929,50.05,70.0,0.4804977644375047,0.17327788954304263
-0.466461,0.182745,0.342254,0.089558,50.05,70.0,0.3509134897085553,0.08675775724486037
-0.603768,0.469076,-0.372687,0.135114,50.05,70.0,-0.36018015563697636,0.12934440561750823
-0.234582,-0.626844,4.735963,-1.431632,50.05,70.0,4.7206124543966475,-1.429280052953429
0.634756,0.350785,-0.479264,0.346675,50.05,70.0,-0.45952773656138074,0.33197693952774954
-0.359261,-0.095686,0.432468,-0.031089,50.05,70.0,0.42937160501755467,-0.04224186120762001
-0.201072,0.574904,-0.129362,-0.023297,50.05,70.0,-0.13168643505170147,-0.007336794212032333
0.415836,0.950167,-0.977962,0.421639,50.05,70.0,-0.9607811357285304,0.4251688333455632
-0.542976,0.202209,0.266275,-0.023825,50.05,70.0,0.26389813091967856,-0.019082190011990185
0.530531,0.634143,0.487739,0.607933,50.05,70.0,0.4897740250665435,0.5926735548150815
0.049373,-0.183677,5.101347,0.150602,50.05,70.0,5.1150237610467535,0.16921951409439875
0.932606,0.314684,-0.564128,-0.035884,50.05,70.0,-0.5676971782800645,-0.05486270628851679
0.895264,0.700586,0.82137,0.639492,50.05,70.0,0.8202532342175927,0.6281078938775644
0.756342,-0.153366,0.359636,-0.096005,50.05,70.0,0.35039997299459513,-0.10051358633382734
0.383805,0.614406,0.030993,0.09821,50.05,70.0,0.04042404156139933,0.11797033866945114
0.32566,-0.633863,0.929376,-0.37004,50.05,70.0,0.910151598685984,-0.37134924271882874
0.665294,-0.400443,-0.431174,-0.118008,50.05,70.0,-0.442301885201897,-0.1290532160614615
-0.241673,0.193988,0.148211,0.063647,50.05,70.0,0.15446881342000796,0.07840213548295674
0.350691,0.064931,0.448671,-0.008846,50.05,70.0,0.44778668839457253,-0.021305789912104574
-0.703178,-0.310275,-0.059126,0.088678,50.05,70.0,-0.05054591760274772,0.10781037572700347
-0.794558,-0.136348,-2.699542,-1.519784,50.05,70.0,-2.7188949549392714,-1.5078488046374625
0.393837,-0.788272,-6.908691,-5.974453,50.05,70.0,-6.888698362517004,-5.994451022018344
-0.493073,0.916401,0.263033,-0.368781,50.05,70.0,0.2437742588006659,-0.36372387459816735
-0.041683,-0.559921,0.350388,-7.551606,50.05,70.0,0.3492103184948896,-7.555209093035313
-0.592528,-0.615972,0.692499,-0.468166,50.05,70.0,0.6781412554380147,-0.48714502367333445
-0.641482,0.608894,0.44033,0.142336,50.05,70.0,0.45339213797012573,0.13053931330761254
-0.314541,-0.487544,1.326194,-0.54394,50.05,70.0,1.3180042423447662,-0.5251373993764883
-0.152367,-0.823812,20.593228,0.318891,50.05,70.0,20.6132224029329,0.30367715690958613
0.197251,-0.805353,1.124186,1.623807,50.05,70.0,1.1434875704490077,1.6395791491343974
0.427594,0.574162,-0.67144,0.252923,50.05,70.0,-0.6523701691457267,0.23338606723536695
-0.06691,-0.56041,-1.32929,-7.768955,50.05,70.0,-1.3475096763234005,-7.750260164578632
-0.807664,-0.412203,0.493691,-0.429302,50.05,70.0,0.47691492063154356,-0.44493938743716754
0.097548,-0.509682,0.318939,0.351864,50.05,70.0,0.33858463964608276,0.35138607203341693
-0.231704,-0.252494,10.85397,23.577279,50.05,70.0,10.834028754850626,23.564272359399883
0.337153,0.533374,-2.846155,2.381341,50.05,70.0,-2.8584120531128465,2.37947157175106
0.421751,0.363793,0.307067,0.68794,50.05,70.0,0.30119276885183277,0.6886490779025086
0.267907,0.713227,3.875044,1.743199,50.05,70.0,3.8880622066470463,1.7604988181216499
-0.785625,-0.005956,-1.516703,0.024147,50.05,70.0,-1.5142941622153037,0.029490622717527056
-0.095968,-0.932942,-0.143583,0.901533,50.05,70.0,-0.16316534271504365,0.9165965782210422
0.038966,0.904405,-8.872231,-28.059816,50.05,70.0,-8.88979981602538,-28.04123424646662
0.328505,-0.811319,0.358358,-0.353457,50.05,70.0,0.33874283744931394,-0.3578409847665828
0.1644,-0.9267,0.191602,-0.486125,50.05,70.0,0.17855065405349405,-0.474622019187609
0.953137,-0.633374,-0.755912,-0.630383,50.05,70.0,-0.7557055567379585,-0.6464491598300982
0.883279,-0.724456,0.83573,-0.673096,50.05,70.0,0.8401704323218079,-0.6832711163746644
0.059634,0.261212,0.140275,-0.168573,50.05,70.0,0.12534395315492447,-0.1532938866954222
0.195129,-0.468975,3.484369,-13.820546,50.05,70.0,3.4846151613639806,-13.817694046735387
-0.068457,-0.560704,-3.560865,-0.909328,50.05,70.0,-3.541139098861851,-0.8992939563352416
0.244834,0.92272,0.925398,0.121232,50.05,70.0,0.936792315916302,0.11952609568059462
0.14828,0.140221,0.004045,0.097277,50.05,70.0,0.013393663734305379,0.11727290963318344
0.697028,0.946195,0.936291,0.802651,50.05,70.0,0.9209830038888708,0.8020324190578204
0.706656,0.771688,-0.444327,0.2065,50.05,70.0,-0.42715533288195184,0.19438292306054333
-0.23557,0.772081,-7.898402,-21.44796,50.05,70.0,-7.906660253350721,-21.452365606203916
0.361605,-0.501706,5.804197,1.360093,50.05,70.0,5.814087351350745,1.345413650207103
-0.176893,0.957798,16.151766,-0.343248,50.05,70.0,16.1319771659787,-0.3311726741414698
-0.296254,0.852239,0.848457,0.429949,50.05,70.0,0.8651977667958403,0.420889420229116
-0.413373,0.434406,-0.434112,-0.037496,50.05,70.0,-0.43783967294517456,-0.04878494817417049
-0.942445,0.333496,0.739755,0.261446,50.05,70.0,0.7590643400243624,0.2444710311103857
-0.934241,0.209,1.99521,-0.051569,50.05,70.0,1.9901100522768564,-0.06860617907700597
0.656542,0.492992,0.642022,0.494508,50.05,70.0,0.6544268631569914,0.4745549279041978
-0.285891,-0.966638,2.751437,-34.725408,50.05,70.0,2.766322438613307,-34.71798992602518
-0.281778,0.157843,0.419247,0.047488,50.05,70.0,0.4239513045004806,0.037456148982734166
0.873701,0.287222,-0.811748,4.941349,50.05,70.0,-0.8200125635986854,4.92918725471173
-0.664018,-0.149076,-13.792305,0.086253,50.05,70.0,-13.783944593794953,0.1060177988723552
0.485265,-0.149337,0.040718,0.045643,50.05,70.0,0.04524278333498596,0.06522994081768907
0.096284,0.248299,-21.283791,-14.959832,50.05,70.0,-21.27251361094323,-14.94137357152539
-0.834771,0.006217,-0.95053,0.010933,50.05,70.0,-0.9494372444298305,0.011738002872977394
0.495092,-0.99172,-0.920489,1.262071,50.05,70.0,-0.919945672995976,1.2598765476074658
0.156586,-0.251752,-8.904792,-16.973636,50.05,70.0,-8.903888740283104,-16.956498948699107
0.807972,-0.419638,0.769281,-0.494821,50.05,70.0,0.7569007040447049,-0.5100556628845224
-0.856072,-0.004595,1.976294,0.40415,50.05,70.0,1.99430334503891,0.38619967689601725
0.76362,0.163253,-0.371718,-0.102709,50.05,70.0,-0.38154336104435504,-0.10838574663383085
-0.200543,-0.526968,-5.651102,0.354199,50.05,70.0,-5.6315014582354666,0.3342025432808229
-0.748237,0.376394,-0.733909,0.398745,50.05,70.0,-0.7156711834186105,0.3814681916374524
0.055313,-0.349353,-9.190466,4.038067,50.05,70.0,-9.170992750747438,4.030292699601017
0.425753,-0.365808,-3.615904,-1.048473,50.05,70.0,-3.5986476161369865,-1.0341152867420238
-0.141701,0.430567,-0.251033,0.744483,50.05,70.0,-0.26200723226940403,0.7506913334535181
0.543103,-0.06633,-0.321399,-0.145513,50.05,70.0,-0.33470006320236007,-0.14623681536542016
-0.815844,0.103126,0.369202,-0.112162,50.05,70.0,0.3585645539953972,-0.11759705150464583
-0.75917,0.624905,0.471933,0.322928,50.05,70.0,0.4919137804022624,0.3087368692213647
0.781016,0.537438,-0.19652,-0.013588,50.05,70.0,-0.19787775490651463,-0.0024907725339881302
0.716887,0.722938,-0.238675,-0.044779,50.05,70.0,-0.2431155815730686,-0.03740850967545546
0.412503,0.938329,-4.269549,2.035141,50.05,70.0,-4.283195335426229,2.0191398296721275
0.499463,0.476271,0.515104,0.270609,50.05,70.0,0.5346317141739224,0.25372872402098673
0.67988,0.74176,-0.418599,0.18139,50.05,70.0,-0.40284643708240303,0.1714142602783171
0.755069,0.436553,-0.627926,0.52433,50.05,70.0,-0.6179893925857585,0.5043300385200787
-0.861724,-0.995571,-0.196477,0.114595,50.05,70.0,-0.1856343137519648,0.12569580456362736
-0.569334,-0.802614,-0.689068,-1.099055,50.05,70.0,-0.6748903819601042,-1.1181394473486634
0.470563,0.747924,-1.00522,0.783041,50.05,70.0,-1.0191944806614366,0.7892128131261861
0.357461,-0.149897,0.285686,0.067992,50.05,70.0,0.2923549876337483,0.07082971792832428
0.684997,0.742679,-0.503048,0.335247,50.05,70.0,-0.48315907018067755,0.3190435811215619
0.209236,0.636078,9.621549,23.822159,50.05,70.0,9.616219656084384,23.811082666298994
0.564431,0.397128,0.493234,0.289481,50.05,70.0,0.5130819388845373,0.27387214467370125
0.535142,0.137567,-0.400487,0.070712,50.05,70.0,-0.39356220411246223,0.06234480520240124
0.086989,0.026064,0.082184,0.027767,50.05,70.0,0.08495178837147814,0.04610207428322173
0.060726,0.613829,0.24558,0.089798,50.05,70.0,0.2542611172167665,0.09652232430319821
0.625267,0.854623,0.480365,0.453597,50.05,70.0,0.49569800537718467,0.43882449585658334
-0.3513,-0.306455,-2.160622,0.483301,50.05,70.0,-2.1473579790244584,0.4794754348018152
-0.594084,-0.769507,0.924747,-0.452002,50.05,70.0,0.9093120739449325,-0.45377275792537386
0.901124,-0.808391,-0.309022,0.016542,50.05,70.0,-0.3073696854032759,0.017055670046046974
-0.633392,0.579851,-0.078499,-0.109947,50.05,70.0,-0.08894822583164205,-0.09146784776087583
-0.444503,-0.758708,-0.490096,-0.699952,50.05,70.0,-0.48308483064031454,-0.7153627458472388
0.395598,0.809334,0.179587,-0.694954,50.05,70.0,0.18612794583779138,-0.6824894757630495
0.483371,0.011772,0.790302,0.190739,50.05,70.0,0.8066131853225873,0.17694783408937023
-0.145777,-0.07682,0.273847,-0.087506,50.05,70.0,0.26537293137152435,-0.08350201415540105
0.879144,-0.227264,-18.127125,-0.390001,50.05,70.0,-18.145704157281763,-0.40782727292253523
0.367476,0.170559,0.614308,-0.057144,50.05,70.0,0.6086710333050099,-0.07709494632256966
0.58547,-0.000934,0.480139,-0.131951,50.05,70.0,0.4678805342904503,-0.14670825968648288
0.295193,-0.697191,4.027221,1.723944,50.05,70.0,4.041638416300975,1.7295526996959703
0.313401,-0.663175,-0.151848,-0.157795,50.05,70.0,-0.16604062915875942,-0.14328781236687688
0.024745,-0.108123,-0.904302,-0.436618,50.05,70.0,-0.9206686378439408,-0.44041243968737803
0.779739,-0.920698,0.743822,-0.793886,50.05,70.0,0.7585514024816925,-0.8106424124863054
-0.170661,-0.303718,0.03369,-0.124912,50.05,70.0,0.02199519214916043,-0.10519508368975704
-0.594301,-0.421259,-0.541397,-0.343321,50.05,70.0,-0.5611847747036809,-0.3614617062270691
-0.104672,0.770694,-7.451368,-12.154072,50.05,70.0,-7.433727905235282,-12.13599636676812
-0.950347,-0.482057,0.874099,-0.520692,50.05,70.0,0.8638483308606918,-0.5273974410356301
0.074993,0.411545,12.199144,-0.959728,50.05,70.0,12.219069653723276,-0.9649726848673726
0.834166,-0.176443,3.03434,1.511979,50.05,70.0,3.0534813459017074,1.4947865224565222
0.516896,-0.523576,-0.695407,-0.375416,50.05,70.0,-0.7144762137697689,-0.3943012957475752
0.252681,0.816545,3.617655,-0.971114,50.05,70.0,3.6374503419527864,-0.9566349407595244
-0.32934,0.78767,3.938164,-0.088794,50.05,70.0,3.9295734407371286,-0.07546357989009495
0.376067,0.552546,-4.36048,-0.787945,50.05,70.0,-4.34615892732492,-0.8075897961766642
0.642577,-0.209914,0.178631,-0.021183,50.05,70.0,0.1765166582895353,-0.008643855266227227
-0.025465,0.017071,0.027797,-0.00471,50.05,70.0,0.027326043535089,0.015097142447541761
0.912905,-0.808825,0.342153,-0.024243,50.05,70.0,0.3397346323775274,-0.027033241885647062
0.078051,-0.194567,7.138306,-13.756825,50.05,70.0,7.144804139765859,-13.765285579199812
-0.080167,0.629134,13.19126,-8.671354,50.05,70.0,13.20297049382084,-8.691351060313027
-0.142794,0.060372,-0.100693,-0.051443,50.05,70.0,-0.10578076324591142,-0.03392467824996653
0.679093,-0.479482,0.62109,-0.457696,50.05,70.0,0.6060233787739612,-0.47768293850785065
-0.661197,-0.746338,0.483608,-0.366689,50.05,70.0,0.46429388666553034,-0.3816781684870196
0.297415,0.654923,-6.937035,0.695857,50.05,70.0,-6.943661213098606,0.6760197388799087
-0.701982,-0.213677,-15.034442,-5.221652,50.05,70.0,-15.05100185789295,-5.202160651071043
0.727063,-0.256384,0.297222,-0.100136,50.05,70.0,0.28762155632285763,-0.09844429724223541
0.95449,0.120558,-2.308379,0.341098,50.05,70.0,-2.288560149733373,0.35148894030579636
0.219335,0.364185,13.876745,7.216586,50.05,70.0,13.856765594915323,7.235868407689823
0.85148,0.826765,-0.624676,0.545772,50.05,70.0,-0.6166537197982357,0.525775316915821
-0.566174,0.319619,0.547758,0.325177,50.05,70.0,0.5677276600548852,0.3067776805337363
-0.164788,0.410434,0.853159,-0.348989,50.05,70.0,0.8334615119006817,-0.3576269215307889
0.158304,0.619693,5.65458,-28.263715,50.05,70.0,5.653518610612283,-28.28371497943982
-0.817719,0.591518,-0.22479,-0.083693,50.05,70.0,-0.23291716763398018,-0.07505052680175289
-0.354007,0.203149,-0.01235,0.05295,50.05,70.0,-0.007116640263156945,0.07291188148966479
0.326148,-0.43571,1.153435,-0.684937,50.05,70.0,1.1590215247764633,-0.6675411066654855
-0.975475,-0.803022,-0.691806,-0.793277,50.05,70.0,-0.6771178627675811,-0.8122777685084263
-0.393883,0.006246,-0.231322,-0.126469,50.05,70.0,-0.24314275921705025,-0.11842009617261057
0.974206,-0.511406,0.900303,-0.472183,50.05,70.0,0.886227779784068,-0.47636929199914385
0.803201,-0.607976,-0.535403,-0.42951,50.05,70.0,-0.5521677460799219,-0.4473902175128632
-0.247288,-0.176169,0.312886,0.101849,50.05,70.0,0.3226363637141125,0.10197632567580645
-0.878757,0.735642,0.451212,0.334774,50.05,70.0,0.4711058522066536,0.3221164563385316
-0.069007,0.192957,-0.218364,-0.996775,50.05,70.0,-0.1990965307152117,-0.987557581183724
-0.970363,-0.895503,0.490254,-1.008044,50.05,70.0,0.5091888592126771,-1.0234648118769674
-0.711679,0.811856,-0.228259,-0.048111,50.05,70.0,-0.23302383364732654,-0.03978265052496775
0.869687,0.837083,0.415707,0.061205,50.05,70.0,0.421732414208334,0.05148095120292219
0.848748,0.901755,0.806614,0.642072,50.05,70.0,0.8052397368061868,0.6295067332805526
-0.202393,0.378664,-2.599263,1.786133,50.05,70.0,-2.5897779820456126,1.8043127786454343
0.199487,0.785575,16.949599,-21.73239,50.05,70.0,16.930361415290598,-21.75233376640076
-0.843722,-0.43554,0.561974,-0.123415,50.05,70.0,0.5504009583222311,-0.14232465452423282
-0.114467,0.150811,0.111854,0.57755,50.05,70.0,0.1168765063661542,0.5945028530230468
0.687698,0.148472,-0.180027,0.02681,50.05,70.0,-0.17735402211699147,0.039240084269475305
-0.634485,0.208748,-0.478104,0.14112,50.05,70.0,-0.4651341864041368,0.12650085428368385
0.433104,-0.822077,0.400732,-0.312704,50.05,70.0,0.3807325294469803,-0.32109344140868
-0.653171,0.158871,0.325014,0.260406,50.05,70.0,0.3442959844460713,0.25932105935824035
0.14069,0.584615,-12.388674,18.869135,50.05,70.0,-12.38671921792657,18.881746801280226
-0.377083,0.373681,-0.378028,0.14912,50.05,70.0,-0.3644597451772848,0.1428411303146163
0.464944,0.307173,-0.21559,0.021124,50.05,70.0,-0.21348152531931308,0.030586707720662264
0.657164,0.960808,0.911363,0.750265,50.05,70.0,0.8999100388430182,0.7471660565386402
0.294977,-0.31457,0.43582,0.254679,50.05,70.0,0.4549420244592621,0.2432494750869533
-0.97843,-0.465514,0.617275,-0.260455,50.05,70.0,0.5979917149755895,-0.2804245178534794
0.09917,0.743676,-19.118709,-4.30893,50.05,70.0,-19.12734520052686,-4.304467269664355
0.967982,0.869509,-0.189703,-0.099494,50.05,70.0,-0.19924707445429218,-0.08783619260652777
-0.158257,0.180318,1.595693,-8.392579,50.05,70.0,1.613714052915731,-8.395062242274903
0.610423,-0.615483,-0.751037,-0.520788,50.05,70.0,-0.7612794247530957,-0.5371396959030831
-0.429508,-0.736141,0.615671,-1.002585,50.05,70.0,0.6347745589452697,-1.0225450233165814
-0.318121,-0.663621,1.204041,0.38262,50.05,70.0,1.2228806783874668,0.40193239016815857
0.526833,0.481627,-0.586855,0.279257,50.05,70.0,-0.5671587699338781,0.25968526885475574
0.701706,-0.423885,-0.577939,-0.504487,50.05,70.0,-0.5895459877377212,-0.5238558238082307
-0.232654,-0.210915,-0.538289,-0.039223,50.05,70.0,-0.5421862056487926,-0.057230657366295526
-0.842062,-0.54369,0.650444,-0.267638,50.05,70.0,0.6309826219055332,-0.2875157406669168
0.201051,-0.93379,27.156953,6.081967,50.05,70.0,27.14005806753517,6.066622343899413
-0.212649,0.012178,0.192167,0.000272,50.05,70.0,0.19219419999161516,0.011728715225123748
0.682527,-0.776648,-0.588813,-0.357013,50.05,70.0,-0.6083556431924285,-0.37662409522844587
0.877021,0.087935,0.253091,0.089837,50.05,70.0,0.2617756305069314,0.09584937462466814
-0.06983,0.367691,-0.367949,-1.563815,50.05,70.0,-0.3879368165062261,-1.5691293610260095
-0.210043,-0.185949,1.633628,-0.085104,50.05,70.0,1.6253721106776513,-0.09128432278115747
0.747579,0.552502,-0.485476,0.372795,50.05,70.0,-0.4663293982531788,0.3576828158973767
-0.095043,0.616629,-0.087515,-0.066262,50.05,70.0,-0.0940206413093069,-0.0481463618968185
-0.315871,-0.840562,1.234814,-0.38438,50.05,70.0,1.216034126126406,-0.3644989434191365
0.666313,0.725782,0.664552,0.64262,50.05,70.0,0.6631230715554193,0.6229473193406987
0.217062,0.163598,-0.280157,-0.881587,50.05,70.0,-0.26107678447330285,-0.878203129748547
-0.407825,-0.306923,1.020594,-0.287443,50.05,70.0,1.0007721745270426,-0.2798284851754728
-0.446593,0.106138,0.189074,0.013446,50.05,70.0,0.19041758732536823,0.025154859101309324
-0.142847,-0.831755,-3.405666,15.50723,50.05,70.0,-3.3887970748670364,15.502273596478082
0.686623,0.069841,3.745718,0.828324,50.05,70.0,3.728888284803565,0.8481778508024997
-0.189735,-0.883731,-13.549868,-2.89634,50.05,70.0,-13.568692665359086,-2.8922667388836665
-0.860234,0.039121,11.793921,-0.327364,50.05,70.0,11.773964575421557,-0.34239146789950586
-0.491058,0.789021,0.06762,-0.156095,50.05,70.0,0.053547659524408805,-0.13722726822098955
-0.916146,0.341803,0.880345,-0.235272,50.05,70.0,0.8618807335242784,-0.24138581799922953
0.682238,0.380755,-0.542247,0.460514,50.05,70.0,-0.5273671915593167,0.4423376680759315
-0.655544,0.272406,-0.614626,0.311578,50.05,70.0,-0.5946276657095912,0.2916248530445308
0.326442,0.508474,-0.175105,-0.130466,50.05,70.0,-0.18724579273121683,-0.11765412380988431
-0.08242,0.769589,-7.831422,-20.67395,50.05,70.0,-7.837386024220535,-20.671698817491055
0.488557,-0.815795,-0.629816,-0.214958,50.05,70.0,-0.6474058045453697,-0.2349574393990563
0.936822,-0.827826,0.932846,-0.822923,50.05,70.0,0.9493778094851504,-0.8238858073358133
0.726247,0.027669,-0.309574,0.080882,50.05,70.0,-0.301704471571821,0.0813404863687711
-0.965364,-0.874748,0.477923,-1.101446,50.05,70.0,0.4919309649500265,-1.1160527878710624
0.103635,-0.202397,-0.063675,-0.152669,50.05,70.0,-0.07750184325737997,-0.13367409329537278
0.308665,-0.27449,-0.082351,-0.655879,50.05,70.0,-0.0796036674463415,-0.6375506029714413
0.651573,0.989498,-0.023651,-0.155188,50.05,70.0,-0.037658746437703575,-0.1353276795602721
0.494289,-0.48543,0.475502,-0.122565,50.05,70.0,0.4639983864649527,-0.13700534700293301
-0.616236,0.921671,-0.793768,0.48701,50.05,70.0,-0.7807838407844979,0.47347191059711524
0.521418,-0.527746,-0.305533,-0.039615,50.05,70.0,-0.30946864671402,-0.03875264089821473
0.166167,0.773072,6.311938,2.488408,50.05,70.0,6.309457789147368,2.508201676388312
-0.976133,0.133873,-0.762833,-0.06793,50.05,70.0,-0.7694961421517706,-0.08357443366617412
-0.001993,0.502161,-9.204104,9.763761,50.05,70.0,-9.223950142735523,9.754749192846031
-0.175476,0.77034,-0.774523,0.168651,50.05,70.0,-0.7595867647424044,0.15376115517477967
-0.895899,0.627971,0.12634,-0.311387,50.05,70.0,0.1063419213330417,-0.2952465040978682
0.312617,0.162025,-1.227747,0.149654,50.05,70.0,-1.2141395616225295,0.1694457036564795
-0.846286,0.470969,-0.737959,0.336788,50.05,70.0,-0.7180868784009861,0.3197187449072833
-0.431239,0.170584,0.408099,0.159948,50.05,70.0,0.42244249845820997,0.15089564777184256
-0.999497,-0.552029,2.565593,8.444826,50.05,70.0,2.545943052323267,8.464145577289093
0.045429,-0.480695,10.033102,-14.947242,50.05,70.0,10.045396128084887,-14.927341861708623
0.960001,0.742476,-0.820712,0.786697,50.05,70.0,-0.8349456783780168,0.7752588551273898
0.800743,0.087813,-0.352955,0.045825,50.05,70.0,-0.34841249043448735,0.04196971072390218
-0.131859,-0.156426,-1.028162,-0.369655,50.05,70.0,-1.047396983314368,-0.3613462991146033
0.944508,0.346492,2.028765,0.188674,50.05,70.0,2.0449558219322674,0.1736253248920025
-0.501997,0.937762,-4.802986,-4.103867,50.05,70.0,-4.8228881041165,-4.095113969698274
0.965834,0.771946,-0.594062,0.271026,50.05,70.0,-0.5745253196355053,0.25131866092240657
0.101491,-0.247242,0.677625,-0.627557,50.05,70.0,0.6775488471122181,-0.646952290116441
0.606953,-0.9446,0.776601,-0.38515,50.05,70.0,0.7578477481887854,-0.3999003098883
0.115391,-0.619507,-0.198478,-0.473024,50.05,70.0,-0.21249334821853502,-0.4620901961337994
-0.051733,0.523739,-0.372013,0.979567,50.05,70.0,-0.39167008218202715,0.9738619728144816
0.482885,-0.15038,0.302656,-0.0917,50.05,70.0,0.2938039294143653,-0.09055030759707795
0.568817,0.110241,-0.048574,-0.098636,50.05,70.0,-0.05804258644712007,-0.07922296462306817
0.82196,0.68977,-0.756187,0.691735,50.05,70.0,-0.762422913710311,0.6756852333574941
0.956218,-0.84787,0.816389,-0.44715,50.05,70.0,0.8006500925868826,-0.4589400689645755
-0.143211,-0.939767,27.223564,16.953087,50.05,70.0,27.22471469713986,16.94277923865202
-0.664756,-0.547813,-0.663155,-0.539859,50.05,70.0,-0.6717153428966384,-0.559556371397194
0.901306,0.253503,0.540658,-0.262161,50.05,70.0,0.5213301558437896,-0.28027046652814436
0.632388,0.538843,-0.682684,0.496423,50.05,70.0,-0.6704299176251436,0.4771573624641031
0.329309,0.70205,0.385826,8.049325,50.05,70.0,0.39702092407372697,8.042310715300557
-0.639854,-0.019553,-0.396371,0.123398,50.05,70.0,-0.38479934484068784,0.11540639928668864
-0.631178,-0.213965,0.442794,-0.194164,50.05,70.0,0.4262870203684902,-0.20615876038739833
-0.113484,0.673952,0.277604,-0.301101,50.05,70.0,0.2576466144316937,-0.2974657929691121
-0.892445,0.683164,-4.730149,1.034129,50.05,70.0,-4.748085507425329,1.035902668783656
-0.054866,-0.140886,0.031216,-0.05172,50.05,70.0,0.026101452911483414,-0.031963115518177015
0.132708,0.430299,0.197695,1.480488,50.05,70.0,0.21569050949912394,1.4914872832336297
0.041188,0.241023,0.318671,0.938101,50.05,70.0,0.2986757888948499,0.9376498648014826
0.868301,-0.460359,0.57052,-0.349483,50.05,70.0,0.5508311315038257,-0.36865362884448044
0.739457,0.045909,0.384751,-0.061078,50.05,70.0,0.37873769694651926,-0.06799151198912856
-0.411301,-0.740458,-0.135003,0.109107,50.05,70.0,-0.12462548981217696,0.12472095155169734
-0.878864,0.936563,-0.384002,-0.157201,50.05,70.0,-0.39815271498481364,-0.16404418095177056
0.813481,0.175123,-0.543908,0.057687,50.05,70.0,-0.5382189555225755,0.03944199947310859
-0.710789,-0.231435,0.071605,0.11709,50.05,70.0,0.08265648993692057,0.13582181479091338
0.264323,0.477749,0.129225,1.149295,50.05,70.0,0.11899876766712664,1.1652634582632404
-0.478238,0.255087,0.445525,0.15924,50.05,70.0,0.4598190686494174,0.1470278310102052
-0.746014,-0.254806,-0.91538,0.171759,50.05,70.0,-0.9002388834853341,0.16905750347576465
-0.521506,-0.949309,-1.704062,-0.751123,50.05,70.0,-1.692538805496203,-0.7634850780305046
0.970152,-0.654319,0.916727,-0.647475,50.05,70.0,0.9186397191650406,-0.6500429707347467
0.854035,-0.229055,1.604626,6.627379,50.05,70.0,1.624400906788184,6.6240121413931226
0.272676,0.86151,9.647791,-0.665303,50.05,70.0,9.651468404088902,-0.674105378849033
-0.604809,0.977579,0.392008,-0.007552,50.05,70.0,0.391252979450115,-0.0151417754589083
0.175034,-0.208052,-0.831236,-0.864112,50.05,70.0,-0.8127517568779399,-0.8746714085563051
-0.725685,-0.589866,-0.665569,-0.617011,50.05,70.0,-0.6666991507581875,-0.6366651023020999
0.12101,-0.178427,-0.179174,0.090907,50.05,70.0,-0.17039310850137132,0.1034037959569705
-0.826849,-0.851542,-0.503509,-0.274711,50.05,70.0,-0.5231212182323701,-0.29094139933902946
0.13621,-0.716906,24.254134,-5.191078,50.05,70.0,24.239474993785976,-5.197357043690964
0.952769,-0.812293,0.930963,-0.77846,50.05,70.0,0.9446061229389952,-0.7796108435660778
-0.20046,0.873671,-0.243598,1.837046,50.05,70.0,-0.23885272961429502,1.8439566528113975
-0.21952,0.527275,-1.104354,-0.884397,50.05,70.0,-1.0851914344353366,-0.8699197950071675
-0.082477,-0.193477,8.164435,0.309045,50.05,70.0,8.184428461428764,0.289048433324232
0.237575,0.926888,-8.618074,6.615842,50.05,70.0,-8.598159477749137,6.628400266493875
0.203489,0.032541,0.12566,-0.022525,50.05,70.0,0.12341225891244902,-0.006344442273624518
0.922532,0.999465,0.898318,0.785462,50.05,70.0,0.8841713511672752,0.7810818144747637
0.015766,0.985328,-4.692036,-16.782585,50.05,70.0,-4.707827015581898,-16.78461678690032
0.404018,0.332959,1.07299,0.219607,50.05,70.0,1.0907962864736185,0.23175146410154343
0.046416,0.11581,-0.589357,-0.457047,50.05,70.0,-0.604466222757102,-0.4766686984339757
0.415084,0.321459,-0.456148,0.210728,50.05,70.0,-0.4387634273258043,0.19769217892212654
0.766698,-0.101738,1.018398,1.549438,50.05,70.0,1.0382840638125619,1.5568489984185343
0.091158,0.092183,-0.083408,-0.09299,50.05,70.0,-0.09237556219613688,-0.07470416181132486
-0.683278,0.153153,1.098566,0.280948,50.05,70.0,1.118290886018091,0.2950198575522395
0.03682,0.841262,-10.177094,-1.346259,50.05,70.0,-10.1857592527276,-1.3299812861038378
-0.908555,-0.086672,-1.945041,0.44414,50.05,70.0,-1.9291181581895525,0.42503579593402036
-0.69579,-0.145506,4.498001,10.152623,50.05,70.0,4.507547931152559,10.135060395058852
0.480537,0.385482,0.341862,0.083517,50.05,70.0,0.34997308312674774,0.08075557647037568
0.796692,0.008496,1.004765,-0.012403,50.05,70.0,1.0035254948505465,-0.006274482177570826
0.795042,0.271343,0.803467,-0.046148,50.05,70.0,0.7988930405163702,-0.058956537968648165
0.455444,0.650743,-0.487008,0.524388,50.05,70.0,-0.47707642652002297,0.5091759107581267
-0.965701,-0.535749,-0.602918,-0.33586,50.05,70.0,-0.6228003849875567,-0.35569891994859837
-0.335436,0.333531,-5.948663,-3.117055,50.05,70.0,-5.951110614142852,-3.1190877878359724
-0.339359,0.396276,-1.922084,-0.230001,50.05,70.0,-1.9403393196537262,-0.2496573589431453
0.217082,0.489519,-0.473049,-0.082493,50.05,70.0,-0.4810663763500775,-0.09676254821411182
-0.648175,0.121115,0.063114,0.080443,50.05,70.0,0.07094315070911031,0.09945539258156297
-0.420499,0.664973,-5.42586,-4.643143,50.05,70.0,-5.407046824155908,-4.651403305565797
0.193508,0.294242,-0.236562,-0.829739,50.05,70.0,-0.21965625713038542,-0.822172496380361
-0.671108,0.689365,-0.521298,0.454205,50.05,70.0,-0.5060041029606981,0.43700067424541456
0.161223,-0.323216,0.171494,-0.159088,50.05,70.0,0.15721056677759687,-0.14600094560579313
-0.284836,0.759995,-12.856756,-15.307061,50.05,70.0,-12.874904216007016,-15.304689206796526
-0.770087,-0.854649,0.673619,-0.561134,50.05,70.0,0.6670261921325238,-0.5806231564815209
-0.081294,-0.313247,0.397769,0.039578,50.05,70.0,0.40170101899205124,0.031458441140694515
-0.734495,-0.657885,-0.309676,-0.009653,50.05,70.0,-0.31064092526428017,-0.009204711009886452
0.922595,0.058326,5.423235,0.072382,50.05,70.0,5.430316223051117,0.06436146411894199
0.289275,-0.148211,-0.141916,0.070795,50.05,70.0,-0.13498341809681025,0.08596771158557544
-0.985033,0.543578,-0.086149,0.092799,50.05,70.0,-0.0771985143107137,0.11097209857412918
-0.089429,0.970116,-4.193634,5.402759,50.05,70.0,-4.174588899946735,5.39234248868765
0.738088,-0.950609,0.402918,-0.24698,50.05,70.0,0.38403569508629204,-0.25556737447855227
-0.892638,-0.571666,-4.012398,1.555015,50.05,70.0,-3.9924602302703267,1.562029819898751
0.009801,0.71772,-0.468526,-1.963586,50.05,70.0,-0.4608639625742817,-1.9775350096224151
0.715844,-0.808396,0.7092,-0.740124,50.05,70.0,0.7198072372211993,-0.7585107150474584
-0.705222,-0.673969,-0.322635,-0.054669,50.05,70.0,-0.3280340750418865,-0.0555163197866812
0.60985,-0.249619,0.014392,0.115259,50.05,70.0,0.025290421767986376,0.13520723992529846
0.657893,-0.798078,0.337382,-0.071352,50.05,70.0,0.33039719832287373,-0.0736690586832008
0.707883,-0.608599,0.713028,-0.598332,50.05,70.0,0.7100405691609571,-0.6165647346153842
-0.72819,-0.688219,-0.720176,-0.654696,50.05,70.0,-0.7175458933718806,-0.6726233730233894
-0.902923,0.569273,-0.56379,0.27651,50.05,70.0,-0.5441433215656295,0.2575419837189495
-0.232471,0.867729,-1.844934,-0.788043,50.05,70.0,-1.8306060882008308,-0.8076439024727177
-0.085416,0.410691,0.148995,0.818518,50.05,70.0,0.13271509520635522,0.8332200970289377
0.486146,0.648856,-0.105883,-0.921817,50.05,70.0,-0.08598962225284927,-0.9045549468026914
-0.675441,-0.141231,3.209526,1.497411,50.05,70.0,3.2281946863451427,1.4785536849253844
0.338472,0.691923,0.799961,-0.284542,50.05,70.0,0.7801798951399923,-0.29761782369843726
-0.847889,-0.466847,-0.420209,-0.009219,50.05,70.0,-0.4211305735669936,-0.019333957651431387
-0.290382,-0.456039,29.9188,2.511975,50.05,70.0,29.91867008862638,2.519176512498175
-0.648069,-0.089495,-4.366129,0.95681,50.05,70.0,-4.386077668955019,0.9370670614096362
-0.14677,-0.756582,-14.860845,18.852704,50.05,70.0,-14.860530205153177,18.861882726722158
0.125071,0.064335,0.041841,0.044164,50.05,70.0,0.04622159571061692,0.06372792662514182
-0.718583,0.782238,-0.723801,0.778647,50.05,70.0,-0.737457790535556,0.7608832624729723
-0.925371,-0.710171,-0.22681,0.096332,50.05,70.0,-0.21754498099604272,0.10479186898875134
0.16012,-0.859016,1.449037,-0.370355,50.05,70.0,1.4298213096752879,-0.3589173858204147
0.511557,-0.261775,-0.499333,-0.25185,50.05,70.0,-0.5183702142231068,-0.26783286518801036
0.347768,0.941144,-2.693774,5.645522,50.05,70.0,-2.6928398623297145,5.657915003854071
-0.201092,0.252693,0.105274,-0.322002,50.05,70.0,0.08528937515129778,-0.3047092706408358
-0.994902,0.679052,-1.734653,-0.441486,50.05,70.0,-1.7507350312874106,-0.4560991347825663
0.831093,0.175045,2.261596,1.095093,50.05,70.0,2.247141731019097,1.1012399758437974
-0.01917,-0.192706,-13.223676,31.77731,50.05,70.0,-13.204230945703598,31.757519691988882
-0.81102,-0.816706,0.851268,-0.802082,50.05,70.0,0.8665393159250132,-0.8108900866009724
-0.37392,-0.465846,-6.773921,0.473883,50.05,70.0,-6.759967061049168,0.45843155935424884
0.523226,-0.142713,-0.274845,-0.063758,50.05,70.0,-0.2811133551152417,-0.05985184316786048
-0.577448,0.83112,-2.717896,0.427943,50.05,70.0,-2.7010463199712302,0.43835727786102346
0.626846,-0.605736,-0.733265,-0.519411,50.05,70.0,-0.7436254534015165,-0.5367201612417212
-0.608666,0.143795,0.314129,0.156358,50.05,70.0,0.32822001654130806,0.15636102653588638
0.770376,-0.298011,0.253543,-0.041246,50.05,70.0,0.24944757498752546,-0.035276749939860436
-0.674241,0.025601,1.12545,0.119559,50.05,70.0,1.1367064247437302,0.13540855660583967
0.280203,-0.625951,1.506654,0.455274,50.05,70.0,1.521878793336298,0.4615788397816108
-0.360951,-0.504828,-0.473027,-0.025238,50.05,70.0,-0.4755441072010925,-0.03950600663567437
-0.638236,-0.82987,-0.635106,-0.811358,50.05,70.0,-0.619252341771566,-0.8313464836705715
0.377063,-0.696864,0.683265,1.274532,50.05,70.0,0.6850521071140001,1.2552820431266696
-0.186367,-0.273348,-0.251226,-0.517305,50.05,70.0,-0.2617660159562619,-0.5111150160257761
-0.155712,0.948891,-9.982328,-11.423923,50.05,70.0,-9.993136585698286,-11.405162035776131
0.004382,-0.345812,-2.610666,4.993774,50.05,70.0,-2.613928775717535,5.011449195390198
-0.061189,-0.400268,0.038246,-0.01795,50.05,70.0,0.03645340883582706,0.0016854239179602548
0.692385,0.921536,0.912902,0.602155,50.05,70.0,0.9155108970667465,0.5992081880989129
0.25235,-0.752512,0.589612,-0.123837,50.05,70.0,0.5780045668660094,-0.14346361871855345
0.537525,0.174924,0.651106,0.243611,50.05,70.0,0.6698745837889258,0.2237406768123051
-0.050207,0.172817,-0.014143,0.088838,50.05,70.0,-0.00554846750939629,0.108788014722704
0.540606,-0.029741,3.790338,0.2715,50.05,70.0,3.809884769009804,0.29139577694654456
0.134765,0.997791,3.516217,0.522034,50.05,70.0,3.526352206095633,0.527988819002771
-0.119217,0.316883,-11.855538,-27.185237,50.05,70.0,-11.84067586826835,-27.20355886403083
-0.146319,0.808308,-0.021602,0.173472,50.05,70.0,-0.006349521332274028,0.19335545177098107
-0.764288,0.612716,0.647682,0.598439,50.05,70.0,0.6506588504538129,0.5785326627882416
-0.087567,0.266248,4.20766,3.698077,50.05,70.0,4.200630036392121,3.6864897268515184
0.834542,0.145416,5.778523,1.487485,50.05,70.0,5.796812751857821,1.4711874803019203
0.006798,0.253901,-0.088921,-0.173352,50.05,70.0,-0.10416571381723122,-0.15529638748320967
-0.682156,-0.988694,1.125788,-0.475473,50.05,70.0,1.1119484073002217,-0.45960285139358453
-0.981155,-0.264958,30.211926,0.201148,50.05,70.0,30.228817168816533,0.2204593378699472
0.855223,-0.26549,1.097989,-0.189789,50.05,70.0,1.0817329724686406,-0.175758202763382
-0.085026,0.962207,15.814279,-23.839623,50.05,70.0,15.817906920400135,-23.85686315860646
-0.179097,-0.091092,0.010657,-0.022482,50.05,70.0,0.008413531721741786,-0.0025103861949068926
-0.980807,-0.424655,0.177775,0.065938,50.05,70.0,0.18424999479405607,0.07854371667611011
0.82502,0.116513,-0.502389,0.117964,50.05,70.0,-0.49126477110843386,0.10179929917618173
0.237519,-0.01115,-0.230871,-0.009955,50.05,70.0,-0.23186608898397776,-0.0018648301439161685
0.610353,0.201044,-0.314664,-0.032375,50.05,70.0,-0.3178873795326904,-0.032425473410525124
0.95232,-0.350542,-0.154531,-0.015832,50.05,70.0,-0.1561125470488089,-0.0015108019511975
0.44353,0.405807,-0.476153,0.244415,50.05,70.0,-0.45735679201946267,0.2299296885152248
0.394513,0.582941,0.57374,0.234097,50.05,70.0,0.5921587942600766,0.2148370939270606
-0.50532,-0.90919,-0.312406,-0.9968,50.05,70.0,-0.29313920127404736,-0.9966246757096899
-0.753606,0.138936,1.534272,0.051035,50.05,70.0,1.539320294916955,0.0546671646658051
-0.908181,0.200532,2.649148,1.496832,50.05,70.0,2.6677958366136463,1.5123913818004826
0.344786,0.811605,-1.197062,0.627135,50.05,70.0,-1.1969436476189632,0.6462542444393654
0.642916,-0.513084,0.250878,0.007424,50.05,70.0,0.25162022952027846,0.013647065896810247
0.5936,0.642307,-0.13017,-0.124546,50.05,70.0,-0.14183509761533894,-0.10863461794838264
-0.738768,-0.471178,0.532591,-0.426866,50.05,70.0,0.515683544265628,-0.44461846405322136
0.907698,-0.324335,-0.142622,-0.45205,50.05,70.0,-0.15805387314400726,-0.4369233798248496
0.904971,-0.158465,-0.493233,0.04457,50.05,70.0,-0.4888127991847638,0.028961207196619293
0.685547,-0.010419,0.602725,-0.024219,50.05,70.0,0.6003090147848205,-0.044055466144581286
0.895154,0.857883,0.891932,0.857245,50.05,70.0,0.8737208363480048,0.8522440564456699
0.4472,0.084734,0.436534,0.184149,50.05,70.0,0.4524550547044386,0.1726609558767619
0.127544,-0.366108,-0.548961,0.270654,50.05,70.0,-0.5294323141646867,0.25220785627645476
0.823157,0.805339,-0.698046,0.662256,50.05,70.0,-0.7014234838837524,0.643459218169882
-0.674563,0.619396,-0.69069,0.570166,50.05,70.0,-0.6849563409999029,0.5511306934400179
0.185363,-0.603153,-0.066931,-0.240397,50.05,70.0,-0.08558613058832515,-0.22150652642420438
0.80472,0.93612,0.331993,-0.024174,50.05,70.0,0.3295814818922386,-0.025955011120845084
-0.637457,0.254677,-0.505863,0.309018,50.05,70.0,-0.48586960778848354,0.29265117801397694
0.354322,-0.916531,1.553051,0.31182,50.05,70.0,1.5730496319749911,0.3135922052860045
-0.12871,0.763589,-25.385141,-10.275312,50.05,70.0,-25.40306454614602,-10.269233735863386
-0.364213,0.678687,-6.463301,-1.637765,50.05,70.0,-6.482190235889381,-1.625341865244065
0.696738,0.067472,4.667582,0.37827,50.05,70.0,4.686563222110391,0.373826690270844
-0.004339,-0.918008,-0.409531,-0.125492,50.05,70.0,-0.42127280939631767,-0.1346718112160968
-0.968307,-0.340705,0.033487,-0.762648,50.05,70.0,0.04593252739319698,-0.7429276904606223
-0.226376,-0.704116,13.921101,-22.987055,50.05,70.0,13.901810420486488,-22.969412736827472
-0.075447,-0.042709,0.080091,-0.047365,50.05,70.0,0.07539865129112196,-0.028947325733561523
0.193203,-0.837806,8.23101,-1.100216,50.05,70.0,8.245105491017837,-1.1192359789820623
-0.997229,-0.4334,-0.393727,-0.620458,50.05,70.0,-0.39451285071824804,-0.6282065344100267
-0.158984,-0.045942,0.12426,-0.023871,50.05,70.0,0.1218785635827688,-0.007608551531212156
-0.14376,-0.182553,0.145258,0.07419,50.05,70.0,0.15250801959262222,0.08914286709387059
-0.161797,0.678781,-0.34867,-0.537527,50.05,70.0,-0.3574405155216487,-0.5409609731220494
0.268507,0.801464,31.289474,-2.055264,50.05,70.0,31.304519944628208,-2.0391301520949288
0.212518,-0.212014,-11.309945,24.208423,50.05,70.0,-11.29002738584755,24.228422988822533
0.675982,-0.767315,-0.711308,-0.706772,50.05,70.0,-0.703662309493685,-0.7250747509724658
-0.256102,-0.303027,-0.371415,0.315573,50.05,70.0,-0.3514154996593283,0.3099253137048957
-0.978263,0.331583,-0.341662,0.191657,50.05,70.0,-0.32529786445412046,0.18891538629396654
0.915425,-0.447803,0.782418,-0.621993,50.05,70.0,0.7817855523809624,-0.6363442872094885
-0.22677,0.683557,-0.370837,1.134233,50.05,70.0,-0.3823274446125978,1.128640784831308
0.541182,-0.356114,0.033152,0.093384,50.05,70.0,0.04215476222529102,0.11310986477418408
0.787044,-0.155816,0.889008,0.126638,50.05,70.0,0.9008423872745336,0.12135448946300928
-0.796656,0.605342,0.115223,-0.064163,50.05,70.0,0.1089161983415054,-0.04739129189795371
-0.023242,-0.634712,6.591573,34.376833,50.05,70.0,6.60728210012298,34.377410077150046
0.391703,-0.650778,-1.000688,-0.035317,50.05,70.0,-1.0042013741960978,-0.029577815998172146
0.372603,0.339088,0.201163,0.18629,50.05,70.0,0.21721271914303034,0.1969980008948335
-0.947091,0.242171,0.698748,-0.014373,50.05,70.0,0.6973119368552788,-0.03314568454538028
0.172573,0.438665,-10.817197,24.601035,50.05,70.0,-10.82648685102067,24.58546984578374
0.647812,-0.215493,0.679493,-0.300783,50.05,70.0,0.6595377144472829,-0.32013185764299185
0.207948,0.981845,1.968211,1.001533,50.05,70.0,1.9490765628805482,0.9832409862984604
-0.133937,0.923519,-3.127847,10.828674,50.05,70.0,-3.1412779436326606,10.808721217157613
-0.409367,-0.237922,-0.615382,0.122682,50.05,70.0,-0.603868817525045,0.10272382387165116
-0.758519,-0.429417,0.198308,0.091871,50.05,70.0,0.20717540121595876,0.10281903460894265
0.796153,0.939268,0.330754,-0.023554,50.05,70.0,0.3284040410358472,-0.0252115699758719
0.279991,-0.198438,0.190533,0.117041,50.05,70.0,0.20158040563407095,0.1286312654817746
0.847971,-0.155039,-15.353236,-0.663464,50.05,70.0,-15.349739513424218,-0.6594349614474838
0.253345,-0.025197,0.190313,0.003692,50.05,70.0,0.19068217903154483,0.01530018764764586
0.515199,0.941262,-0.614327,-0.706914,50.05,70.0,-0.6066681899876499,-0.7268650792237474
-0.205947,0.654873,17.508798,13.534647,50.05,70.0,17.48896416121519,13.552903847275106
0.447464,0.522583,-0.475802,0.017267,50.05,70.0,-0.47407744426061227,0.002805913001745493
-0.948143,0.564579,2.431195,1.259531,50.05,70.0,2.4314843837580185,1.277870261109545
0.876663,0.074106,2.40675,-0.147305,50.05,70.0,2.3933156466533725,-0.13007541397231095
-0.495466,0.704485,0.499391,0.445025,50.05,70.0,0.5152601338857613,0.42903864886849336
0.276687,0.27222,-0.01153,-0.076566,50.05,70.0,-0.019000942029842472,-0.05659922602118485
-0.804951,-0.812865,0.831328,-0.776885,50.05,70.0,0.8448555360594641,-0.7874365942220476
0.183327,-0.817394,4.468877,0.159375,50.05,70.0,4.48318050766528,0.1406098393581547
0.054731,-0.137918,-0.707004,1.3454,50.05,70.0,-0.6984162458547434,1.3269279881460456
0.009518,-0.031963,-0.007852,0.000814,50.05,70.0,-0.00777060022473029,0.02079858850369197
0.7999,-0.07754,1.290655,-0.110671,50.05,70.0,1.2801441099670223,-0.09095960822993776
0.785416,0.479456,0.372241,0.235547,50.05,70.0,0.39071581693402246,0.22982012380378342
0.220933,-0.780396,-3.073055,0.976666,50.05,70.0,-3.0927635025329514,0.9578289048518686
-0.11921,0.440555,-0.859688,0.641317,50.05,70.0,-0.860986932028112,0.6332724419466145
0.413809,0.88361,0.328589,1.067726,50.05,70.0,0.31238427243990174,1.0662842780932533
0.825097,-0.599399,-0.289449,-0.077145,50.05,70.0,-0.2969736193370139,-0.07468025534222483
-0.094504,-0.334726,0.305743,-26.346008,50.05,70.0,0.31004611770604945,-26.345166621839496
0.254798,0.387221,-0.141077,-0.12337,50.05,70.0,-0.15264637129960515,-0.10814275995402162
0.02394,0.35373,-13.696461,20.860593,50.05,70.0,-13.708250478498469,20.876721282717842
-0.864644,-0.074295,-0.114413,-0.019239,50.05,70.0,-0.11633393424478143,-0.002423303185067116
-0.672664,0.535799,-0.630886,0.510913,50.05,70.0,-0.6198082254934888,0.4909146479519968
-0.822322,-0.762922,-0.64962,-0.494817,50.05,70.0,-0.662000610104548,-0.5147036690461788
-0.438288,-0.303679,0.305919,-0.227884,50.05,70.0,0.28775117723029964,-0.22706020658193035
0.06194,-0.977723,1.560385,-12.300606,50.05,70.0,1.5798023407238935,-12.299565337483186
-0.598406,0.584256,-0.705117,0.471837,50.05,70.0,-0.6910172197460808,0.4532934720879638
-0.41749,-0.754283,0.22363,0.828432,50.05,70.0,0.20679445224124088,0.8371789377116703
0.766063,-0.781946,0.767041,-0.768518,50.05,70.0,0.77994060358639,-0.7838968319037127
-0.162205,-0.177119,-2.144389,23.179149,50.05,70.0,-2.1376592728404633,23.173744450518317
-0.833906,0.539222,0.741686,0.507543,50.05,70.0,0.7530427717190448,0.4906709313789806
0.696953,-0.311987,0.048849,0.128179,50.05,70.0,0.06080726155571271,0.14758540356958402
0.428759,0.148882,0.419661,0.128776,50.05,70.0,0.43166706139781114,0.11870835519587145
0.251922,0.04546,-0.186553,0.002835,50.05,70.0,-0.18626950949387663,0.014747304413776054
0.044893,0.511702,0.976696,1.47508,50.05,70.0,0.9944489800448457,1.4784851508095207
0.173494,-0.090998,0.084769,-0.082456,50.05,70.0,0.07675501348832289,-0.06422571288646184
0.604408,0.291258,-0.417157,0.264802,50.05,70.0,-0.3977629501499024,0.254951500172453
-0.82818,0.783434,0.849168,0.761995,50.05,70.0,0.8367736555368176,0.7529988644998962
-0.824077,-0.265877,0.631194,-0.482453,50.05,70.0,0.6178666306204411,-0.5024509329547087
-0.596722,0.891717,0.864021,0.742368,50.05,70.0,0.8532241945318322,0.7347220020840354
-0.91927,-0.173855,0.486504,0.269856,50.05,70.0,0.5060153084023619,0.25467667948946493
0.022321,-0.846864,-0.337466,-0.325989,50.05,70.0,-0.3574310245433587,-0.328314401916166
0.763438,-0.905216,0.816679,-0.836961,50.05,70.0,0.8339595185925764,-0.8487276313685372
0.041935,0.80557,-8.37798,-13.349622,50.05,70.0,-8.363990476267183,-13.359587374517858
-0.78816,-0.608844,0.570258,-0.532566,50.05,70.0,0.5610443739531997,-0.5517291457431879
-0.834952,0.962057,0.431059,0.268776,50.05,70.0,0.4505462954551804,0.2577403729850377
-0.70606,-0.749052,0.751163,-0.710568,50.05,70.0,0.7591580596992226,-0.7269124374750351
0.683973,-0.46195,0.489027,-0.331616,50.05,70.0,0.46910313604117776,-0.3469583885205082
0.004939,-0.98765,-0.880011,30.381456,50.05,70.0,-0.8620896277470246,30.37531038937201
0.565925,-0.493203,0.51495,-0.320568,50.05,70.0,0.4949602670913614,-0.3374400116252062
0.745429,0.428189,0.579762,0.511908,50.05,70.0,0.5907567949825849,0.49249454457943653
0.568545,-0.469922,-0.37712,-0.183897,50.05,70.0,-0.3930257903432554,-0.19008959596904632
0.014508,-0.168096,-1.008475,1.054388,50.05,70.0,-1.0254248703558522,1.0608685960465463
0.808713,0.043918,-3.062939,-0.0448,50.05,70.0,-3.0673816291326794,-0.06327323129438298
0.123848,-0.484157,3.329509,-6.425195,50.05,70.0,3.3164715895283323,-6.436997514982009
0.767909,0.25097,-0.751235,0.31977,50.05,70.0,-0.7312428695696644,0.3034297131108986
0.055358,0.400711,-0.356546,1.045072,50.05,70.0,-0.3739718054753346,1.040864985977683
0.744293,-0.66294,0.574782,-0.366375,50.05,70.0,0.5554597577985849,-0.38566272834361587
-0.030358,-0.222934,0.054417,0.075414,50.05,70.0,0.06178095787535092,0.09467825333719253
-0.846398,0.595598,-0.209427,-0.094348,50.05,70.0,-0.21851573855677284,-0.08434691660105816
0.220891,0.512069,0.10526,-0.169993,50.05,70.0,0.09023485389459936,-0.1526995673259647
0.338591,0.697008,-0.613581,-1.180491,50.05,70.0,-0.6061490283822293,-1.200436725862214
0.607282,0.594279,0.62892,0.321374,50.05,70.0,0.6489069883121266,0.3013740904412561
0.038816,0.379117,3.040074,2.295124,50.05,70.0,3.0223345237439667,2.2776456621857086
-0.180368,0.553,19.135408,9.670232,50.05,70.0,19.11657654223998,9.673053277126968
0.278233,0.265408,-3.5744,1.263903,50.05,70.0,-3.5736735659651138,1.2750840136357802
0.706239,-0.23742,0.145113,-0.100341,50.05,70.0,0.1354945776140714,-0.08537850738017733
-0.321724,0.780051,-0.639116,0.522975,50.05,70.0,-0.6290620281731013,0.5030041392571711
0.311058,-0.053119,0.618861,-0.181207,50.05,70.0,0.6031197192361069,-0.2011846429447378
-0.769148,0.928587,0.596649,0.266846,50.05,70.0,0.6160919688060273,0.24709621631130121
0.756072,-0.705714,-0.500331,-0.285961,50.05,70.0,-0.5201325435369969,-0.3020036597863465
-0.938348,-0.822144,-0.972766,-0.774892,50.05,70.0,-0.9593859287233514,-0.7718747436931617
0.220724,-0.287314,2.202734,0.454515,50.05,70.0,2.218007902505862,0.4548768944972777
-0.886699,-0.748267,0.620792,-0.362912,50.05,70.0,0.6013832707529885,-0.3828978395051503
-0.123805,-0.787803,0.123996,-0.141566,50.05,70.0,0.11099226815334506,-0.12528819845594064
-0.596705,-0.821478,-0.566266,-0.370849,50.05,70.0,-0.5854679332960497,-0.389894068245828
-0.585486,-0.261218,-0.525496,-0.271422,50.05,70.0,-0.5450411163984802,-0.2888365885728759
-0.284944,0.941319,3.938412,2.867465,50.05,70.0,3.9580127032830785,2.8807769218072123
0.74178,-0.90821,0.791052,-0.754645,50.05,70.0,0.8028612590650998,-0.7683817518052359
-0.28165,0.301658,-11.108371,13.355286,50.05,70.0,-11.122759641152262,13.365977141355614
-0.032296,-0.791712,-0.124069,1.298391,50.05,70.0,-0.11992387072149656,1.3146645590220039
-0.302581,0.518131,0.385968,-0.295393,50.05,70.0,0.3660559786011577,-0.3024205809822732
0.223502,0.406026,-7.278961,23.26925,50.05,70.0,-7.281103318283411,23.274516929333057
0.077258,0.478379,2.491518,1.354488,50.05,70.0,2.500917362970109,1.3743697844209999
0.112671,-0.337712,0.593423,-0.159492,50.05,70.0,0.5791113171257085,-0.17918834698644448
0.066561,0.697817,0.270123,0.053993,50.05,70.0,0.27545695409088183,0.05836113151697809
0.218246,0.066243,-0.179191,-0.069491,50.05,70.0,-0.18600111992007584,-0.05699553136825082
-0.65567,0.161947,0.562238,0.159037,50.05,70.0,0.5765178629080006,0.14011876420495198
-0.153509,-0.022709,-0.13045,-0.015934,50.05,70.0,-0.13204171490121416,-3.9597696024139956e-05
0.323006,0.756349,0.742008,0.465164,50.05,70.0,0.7565731063999882,0.4483092435667168
-0.045628,-0.867003,0.13897,-1.841705,50.05,70.0,0.1346785725278628,-1.8263420049806594
0.277272,0.103376,0.075868,-0.043532,50.05,70.0,0.07154909144670682,-0.02495381518389201
-0.560073,0.857453,0.003617,0.747382,50.05,70.0,-0.007598430724469835,0.7673787294168931
-0.784256,-0.989981,0.881586,-0.892676,50.05,70.0,0.90096914256106,-0.8986715416274971
-0.61169,-0.666903,-0.425071,-0.101166,50.05,70.0,-0.43476167336813737,-0.11169736330123986
-0.64547,-0.4174,0.175899,0.074923,50.05,70.0,0.18321728513030178,0.08767380572142294
0.758679,-0.874884,-0.302951,-0.013512,50.05,70.0,-0.30430117234212706,-0.012391760055612754
-0.18348,0.246698,1.008964,2.655015,50.05,70.0,1.0219810135934206,2.661541838322004
0.254149,-0.519842,-0.751515,-0.732629,50.05,70.0,-0.7415504661078935,-0.7489531255952758
-0.98375,0.108559,-0.939392,-0.062208,50.05,70.0,-0.9455129779640378,-0.06251656736476689
0.552003,-0.47937,-0.538019,-0.349165,50.05,70.0,-0.557713430925236,-0.36716089330133095
-0.763506,-0.252696,0.445186,-0.060075,50.05,70.0,0.439268431258848,-0.07226030494290121
0.942309,-0.612989,-0.710191,0.283748,50.05,70.0,-0.690421766119639,0.2654005037796665
-0.498858,-0.303931,0.496026,-0.251366,50.05,70.0,0.47700367760223444,-0.2671478921843129
-0.176665,0.786974,-0.10018,-9.651887,50.05,70.0,-0.08204471630721417,-9.63434398552914
0.671199,0.845808,0.295404,0.043171,50.05,70.0,0.2996876533006982,0.04504377884777508
-0.497928,-0.670415,0.609735,-0.561213,50.05,70.0,0.6031496510885357,-0.5811267251958139
0.342813,-0.335307,0.488435,0.270354,50.05,70.0,0.507957189420779,0.2550496556913721
0.490322,0.844298,-0.594075,0.498657,50.05,70.0,-0.5819982341963459,0.4789494393837531
0.110967,-0.979563,0.144954,-0.378862,50.05,70.0,0.12599151446629978,-0.3638889615336235
0.484805,0.124393,-0.92394,0.53604,50.05,70.0,-0.9150360886645119,0.5341888736320928
0.676451,-0.881825,-0.652854,-0.854311,50.05,70.0,-0.6347660775307139,-0.8741606913374614
-0.831507,0.861772,-0.762129,0.880142,50.05,70.0,-0.7811654008071515,0.8644538041312371
-0.203243,0.092707,0.113466,-0.039555,50.05,70.0,0.10953623614619698,-0.02268822419783333
0.119447,-0.456558,0.133887,0.251483,50.05,70.0,0.15291293249447224,0.26716644795674255
0.63417,0.494443,0.466543,0.212798,50.05,70.0,0.4840289826558389,0.1989917820075212
0.107259,0.696069,1.247045,-1.148149,50.05,70.0,1.2573695506272837,-1.12817199750192
0.830386,0.302521,0.662891,0.287146,50.05,70.0,0.6827088480416199,0.26744407056754477
0.471595,0.089577,0.408698,0.112079,50.05,70.0,0.41932841644483737,0.10297327533917994
-0.474647,0.611812,-0.571546,0.25728,50.05,70.0,-0.5523493758998747,0.2380803838936399
0.730013,-0.678197,0.704297,-0.600187,50.05,70.0,0.701493113929498,-0.6187610912223042
-0.463616,0.002597,-0.734308,-0.011557,50.05,70.0,-0.7354630569398609,-0.028813673749278
-0.353661,0.014588,0.311202,0.058352,50.05,70.0,0.3169547658114471,0.05864771575996453
-0.815418,-0.726135,-0.590305,-0.344011,50.05,70.0,-0.6100826317744099,-0.363650829117755
-0.154615,-0.621951,-13.675869,-2.093,50.05,70.0,-13.6586186678652,-2.078172687918439
0.874088,0.797837,-0.772522,0.815202,50.05,70.0,-0.7886070590223799,0.8001793096485886
-0.745742,0.317563,0.253315,0.145978,50.05,70.0,0.26665075323570087,0.1519690069836383
-0.72569,-0.674344,-0.666753,-0.562327,50.05,70.0,-0.6732330593321438,-0.5819588330283134
0.302125,-0.182275,0.131559,0.048083,50.05,70.0,0.13632111422411922,0.06390984465160483
0.503627,0.458898,-0.58379,0.283285,50.05,70.0,-0.5640278321969244,0.26377865325880984
0.690753,-0.516494,-0.304069,-0.023084,50.05,70.0,-0.306372278081403,-0.022075401461619473
-0.712985,0.862303,0.686131,0.597168,50.05,70.0,0.6892334737183828,0.5779977684327487
0.724422,-0.647754,-0.695457,-0.599028,50.05,70.0,-0.6983755937211432,-0.6179116492229558
-0.79984,-0.912671,-0.699702,-0.679752,50.05,70.0,-0.6946151584776945,-0.6984915662918622
0.746162,0.741635,-0.687272,0.668083,50.05,70.0,-0.6912223002874832,0.6489456048380903
0.653688,0.540436,-0.316376,0.049867,50.05,70.0,-0.3114408084432506,0.049645331074553385
-0.890733,-0.555993,-0.964344,-0.509483,50.05,70.0,-0.9755405508021467,-0.5073007332162162
-0.57258,0.655857,-0.566289,0.461154,50.05,70.0,-0.551452031848885,0.4421082296699616
0.991109,-0.428555,0.776901,-0.331056,50.05,70.0,0.7569723324673326,-0.34578603339543623
-0.727506,0.807543,0.041119,-0.156833,50.05,70.0,0.026994314688776597,-0.13725420622479037
0.377191,-0.553221,-16.700238,-12.281151,50.05,70.0,-16.680447010786143,-12.286079401512335
0.013805,0.024401,-0.015301,0.009454,50.05,70.0,-0.014355952035962587,0.029395498392334893
0.115422,-0.104782,0.170691,-0.085418,50.05,70.0,0.16240652098439545,-0.07227032923728828
0.925518,-0.825431,0.860961,-0.767562,50.05,70.0,0.8737873990442614,-0.7754898476974343
0.984761,0.88529,-0.705382,0.830885,50.05,70.0,-0.7223486971937942,0.8123514159267406
-0.923416,0.14056,0.317836,0.029205,50.05,70.0,0.3207461319436555,0.02883734724533435
0.396659,0.655789,-2.62773,0.205137,50.05,70.0,-2.610628608566857,0.2219503751919047
-0.161402,-0.683237,-0.117266,-0.154765,50.05,70.0,-0.131243522956041,-0.13810546152902975
0.832748,-0.010884,-1.023053,0.01194,50.05,70.0,-1.0218597091275285,0.019781314352176595
-0.92619,-0.483,0.742485,-0.343781,50.05,70.0,0.7227039610872549,-0.3606100304556165
0.223621,0.406195,4.317701,7.35115,50.05,70.0,4.301510273840853,7.33274943359706
0.926698,-0.980638,0.607027,-0.296929,50.05,70.0,0.5871011746167386,-0.31681577467461774
0.409586,-0.080382,-0.215286,-0.001729,50.05,70.0,-0.21545889784636493,0.007760478866860064
-0.972107,-0.203706,-11.429384,-0.672646,50.05,70.0,-11.424987455759478,-0.656119575680503
0.316207,0.49009,0.179694,-0.123663,50.05,70.0,0.16810074097715616,-0.11120684539176882
0.93836,-0.979113,0.686922,-0.44514,50.05,70.0,0.6710598679444045,-0.46428753395594896
0.049868,0.128866,0.059497,-0.020078,50.05,70.0,0.05749257078661764,-0.0009564659939137916
-0.151851,-0.160506,0.20644,-0.095451,50.05,70.0,0.19725314724443113,-0.08519236914291885
0.373382,-0.561213,1.302431,-1.155395,50.05,70.0,1.3121283263132821,-1.1359169846989259
-0.312675,0.874408,-0.101061,0.443666,50.05,70.0,-0.08510952073421982,0.4611665374490528
0.176885,0.912973,4.242544,-0.061128,50.05,70.0,4.236525928485656,-0.07536835621144133
0.344297,0.592681,4.802917,2.040628,50.05,70.0,4.78887471944368,2.049374825682658
-0.817605,0.51297,-0.675555,0.380337,50.05,70.0,-0.6566399199670818,0.3608922327886204
-0.51164,0.865801,-0.194523,-0.117493,50.05,70.0,-0.2056080560579547,-0.10623018950686379
-0.479964,-0.751253,0.663259,-0.23627,50.05,70.0,0.6447566116356478,-0.25596556638388207
-0.305639,-0.879295,-1.55228,-1.375164,50.05,70.0,-1.563450967256058,-1.3733150113551638
-0.317245,0.066843,0.406904,-0.106025,50.05,70.0,0.396791176237222,-0.11497063256197483
-0.572911,-0.916361,0.62762,-0.724532,50.05,70.0,0.6368745128634496,-0.744531878013833
0.716707,-0.305852,1.908172,-0.726056,50.05,70.0,1.9175613457130276,-0.745921400847647
-0.448433,-0.81015,-0.153426,0.179831,50.05,70.0,-0.1377699726078136,0.1942291123665175
-0.184291,0.620927,15.373591,22.211754,50.05,70.0,15.355739472668924,22.213771861042993
-0.087311,0.569374,5.482729,-39.052677,50.05,70.0,5.47341119462567,-39.06571530498123
-0.53263,0.086087,1.62547,-0.201249,50.05,70.0,1.608573425157311,-0.20664852501084965
0.856933,0.467444,-0.717018,0.346132,50.05,70.0,-0.6972730201291555,0.3280668704960184
0.333508,-0.729629,-13.052729,1.768709,50.05,70.0,-13.041747903087757,1.7535391649028889
-0.867067,-0.797915,0.867806,-0.694698,50.05,70.0,0.8743227482819488,-0.7019929011067159
-0.557959,0.380764,0.083415,-0.080464,50.05,70.0,0.07558391692208685,-0.06217844536167408
-0.49767,-0.347332,0.347493,-0.152664,50.05,70.0,0.33366651801069974,-0.15598196222854757
0.397001,0.398935,0.392814,-0.032466,50.05,70.0,0.3895816397671579,-0.040130284449913574
0.898293,-0.385704,1.712357,0.700704,50.05,70.0,1.7052754524949651,0.6877006728742867
-0.527444,-0.756726,0.444962,-0.383648,50.05,70.0,0.4261570759712414,-0.39581553485455473
-0.296079,-0.202729,-0.382051,0.126348,50.05,70.0,-0.3702400033349965,0.11968846590114737
0.730154,-0.305274,-0.220556,0.103868,50.05,70.0,-0.21062985461987516,0.1128903363074172
-0.732402,0.513865,-0.354296,0.152451,50.05,70.0,-0.3404849160532224,0.14846421340857138
0.531737,0.909903,0.224654,0.436294,50.05,70.0,0.24103923812848024,0.44494873587447814
0.73404,-0.986677,-1.185535,-0.506685,50.05,70.0,-1.1969622924027739,-0.487935620222395
0.91208,-0.668887,0.575525,-0.258683,50.05,70.0,0.5562894834515395,-0.27799024735315425
0.021366,-0.906276,-4.091064,33.169442,50.05,70.0,-4.078845940398084,33.16874278747994
0.220604,-0.313358,2.54718,-31.576584,50.05,70.0,2.532787149820248,-31.556870714451865
-0.600067,0.679555,0.639068,0.499662,50.05,70.0,0.6510645044304358,0.479690880818936
-0.718056,-0.37362,0.524826,-0.41377,50.05,70.0,0.5072557196430032,-0.4311515428359086
0.562893,0.550544,0.405578,0.072973,50.05,70.0,0.4127144636903367,0.06414615971412527
0.9898,-0.438982,-0.352515,-2.092941,50.05,70.0,-0.3352676541854296,-2.0967531051986303
0.026312,0.22451,0.04613,0.16686,50.05,70.0,0.060946530115407446,0.18633036007876988
-0.652123,-0.231219,0.722737,-0.25059,50.05,70.0,0.7037387862058171,-0.26840237484579177
-0.102191,0.474348,-0.273372,-0.244183,50.05,70.0,-0.2921602679802874,-0.24013248711984492
0.359855,0.082634,-0.27002,-0.050507,50.05,70.0,-0.2750171870935311,-0.04612881772675224
0.837162,0.174957,-0.069795,-1.118894,50.05,70.0,-0.0570840831401096,-1.1000995262085143
0.506107,0.141874,0.384052,0.229945,50.05,70.0,0.4023050314340362,0.2230971210518671
0.478119,-0.261064,-0.474432,-0.186976,50.05,70.0,-0.49052255628215724,-0.20134211007754338
0.295535,-0.945326,1.290523,0.070806,50.05,70.0,1.2974566136952077,0.09051962185063613
-0.093807,-0.621313,0.313429,0.62457,50.05,70.0,0.3138038311253422,0.6246430263736308
-0.3992,0.648737,0.21122,0.291608,50.05,70.0,0.23109299475520426,0.30145341083499333
-0.669616,-0.232725,-0.486713,-0.107183,50.05,70.0,-0.4969255594337766,-0.12237592084169785
0.591166,-0.278991,0.165776,0.004834,50.05,70.0,0.1662593529352224,0.018348036395041754
0.994484,0.294559,-12.059433,-0.191744,50.05,70.0,-12.075802135836753,-0.2081723470521416
0.647317,-0.543627,-0.243149,0.011101,50.05,70.0,-0.24203946991247982,0.018053769823338547
-0.730869,0.291233,-0.515283,0.252802,50.05,70.0,-0.4962168198147431,0.23591213062891678
0.756882,0.912982,0.952691,0.807852,50.05,70.0,0.937053504418564,0.808872876560786
0.492951,-0.978571,1.797425,-0.596771,50.05,70.0,1.794283312985862,-0.6148859773396652
-0.850115,0.113576,-4.339318,0.543534,50.05,70.0,-4.331091219233209,0.5243953922220294
0.869267,-0.223414,0.376758,0.192266,50.05,70.0,0.39315707250247434,0.1861078351860666
-0.914523,-0.394821,0.532372,-0.657285,50.05,70.0,0.5352585306692677,-0.6750273669216824
0.250293,0.67757,-23.570855,-2.418535,50.05,70.0,-23.56173143844423,-2.4176442849011512
-0.078785,-0.138586,0.177172,0.033456,50.05,70.0,0.18050201871935267,0.04610847400982165
0.782873,-0.253694,-0.157607,-0.099002,50.05,70.0,-0.16710780901868594,-0.08489720399835737
0.167003,0.819621,0.621934,0.347902,50.05,70.0,0.6416500315049232,0.32791218969275593
-0.637032,-0.590801,0.588829,-0.360715,50.05,70.0,0.5693684167612845,-0.3803264091587492
0.412579,0.222386,-0.168266,-0.064814,50.05,70.0,-0.17463454665446804,-0.05148456279107366
-0.358712,-0.869728,-0.677015,1.160566,50.05,70.0,-0.6862568860410188,1.141155913518734
0.489724,0.796867,0.433554,0.404226,50.05,70.0,0.4515600383176918,0.39298315687518026
0.950851,0.952646,-0.496464,0.306805,50.05,70.0,-0.4764775197812639,0.2909962405833305
-0.885357,-0.192859,0.337989,0.161894,50.05,70.0,0.3524674327698331,0.1595166608116808
0.624717,-0.383764,0.043417,0.092155,50.05,70.0,0.05230984828516853,0.11168558883147635
0.075895,-0.42967,-1.744819,-0.724767,50.05,70.0,-1.735543660743676,-0.7400550406707327
0.534491,-0.806358,0.589647,-0.260309,50.05,70.0,0.5703675935815102,-0.2799362915617828
-0.463683,0.879826,20.596092,-11.730648,50.05,70.0,20.578874158467134,-11.746046182779924
-0.764748,0.875066,-0.72233,0.733335,50.05,70.0,-0.7323556851858927,0.7155041536934673
-0.763343,0.485986,-0.507213,0.465024,50.05,70.0,-0.49263830288652044,0.44857996252409577
-0.039486,0.357407,-10.419294,-3.046583,50.05,70.0,-10.42844162741964,-3.0517283067238683
0.941806,0.935456,-0.754606,0.879906,50.05,70.0,-0.77363515044683,0.863762402623544
0.211407,-0.890474,-3.09591,-32.866205,50.05,70.0,-3.112387416268732,-32.88568553816777
-0.198427,-0.962897,1.293582,-3.905301,50.05,70.0,1.2810536442419145,-3.885641262896389
0.587149,0.211561,-0.515096,0.244309,50.05,70.0,-0.49630341664081395,0.22742915309165787
-0.286109,-0.631742,0.120301,-0.012512,50.05,70.0,0.11905061598838881,0.003977697872105853
0.308959,0.674249,5.272259,-8.725222,50.05,70.0,5.2792330649462125,-8.718509991370412
0.099621,0.324407,-0.205591,0.175821,50.05,70.0,-0.19018763359978985,0.1861524188737722
0.311106,0.763062,-1.272751,-0.219582,50.05,70.0,-1.290556147968342,-0.1996468796455653
0.780626,-0.014783,0.151509,0.030021,50.05,70.0,0.15449983905225628,0.044551502537769
-0.456271,-0.541593,-0.202597,-0.134923,50.05,70.0,-0.21508893396492473,-0.12433638874851104
-0.560643,-0.727298,-0.470507,-0.029731,50.05,70.0,-0.47346916201212214,-0.04382128803792421
0.306588,0.817665,18.855978,3.33082,50.05,70.0,18.83975475514594,3.3508096901129627
0.496647,-0.850614,1.934794,-0.39316,50.05,70.0,1.91633409698245,-0.4125422399625775
-0.268027,-0.735718,0.035043,-0.171846,50.05,70.0,0.019896200771359656,-0.15215221834207704
0.790413,0.478594,0.475397,0.36695,50.05,70.0,0.49470432030449907,0.35251691967376586
-0.271124,-0.77655,-1.276995,1.085034,50.05,70.0,-1.2921259236642797,1.1049304780145093
0.528103,-0.174127,0.326234,-0.165111,50.05,70.0,0.31153551463572743,-0.16631774006158842
-0.548638,-0.965877,-1.084238,-0.644119,50.05,70.0,-1.0826595961687304,-0.6311005191659494
0.497431,0.319835,0.249841,-0.007893,50.05,70.0,0.24905190487135803,-0.0015714658911523544
-0.532006,0.568632,-0.275081,-0.042769,50.05,70.0,-0.2793253775702195,-0.03888599139287182
0.991918,-0.831272,0.786045,-0.086499,50.05,70.0,0.7776622525578637,-0.1005953234857902
0.816405,-0.685046,-0.754165,-0.6463,50.05,70.0,-0.7523692745956725,-0.6624695905854799
0.43959,0.196507,-0.373951,0.097989,50.05,70.0,-0.3645394528169572,0.09209849541736984
0.697438,-0.164815,-2.358019,-0.834461,50.05,70.0,-2.3408656899799816,-0.8201904422965015
-0.049162,-0.266767,-1.860723,-0.826647,50.05,70.0,-1.843984480209773,-0.8465003748781768
0.452753,-0.588066,-3.259208,-0.758336,50.05,70.0,-3.2471028812302127,-0.7749761834591278
0.368268,-0.513265,-0.128948,0.110503,50.05,70.0,-0.11845140654425942,0.12648812103051263
-0.444894,0.674514,-1.648279,1.30081,50.05,70.0,-1.6438975321418168,1.2932541051052897
0.562154,0.118904,0.034272,-0.012276,50.05,70.0,0.03304517068620773,0.007431075350342124
0.420979,-0.600916,9.391946,-0.760376,50.05,70.0,9.404212876561806,-0.7801071202267165
0.397261,0.761588,-6.058429,-1.560399,50.05,70.0,-6.078401979985083,-1.551753488457472
0.007538,0.689047,-2.257899,-34.363661,50.05,70.0,-2.274388693578672,-34.35786685967331
0.815594,-0.315575,0.547846,-0.592307,50.05,70.0,0.5442642740950213,-0.6107097672694732
0.123156,-0.122313,0.164536,0.135404,50.05,70.0,0.17706546137562862,0.14900918577636457
0.289278,-0.109768,0.305121,0.012578,50.05,70.0,0.3063779710322331,0.013481518926446862
-0.871418,0.07692,1.726512,-0.084383,50.05,70.0,1.718321834607258,-0.09842836100046747
0.800019,-0.077214,2.449785,1.253002,50.05,70.0,2.4494215138696225,1.2720027168937875
0.265612,0.132545,-0.164388,-0.060507,50.05,70.0,-0.17034682065056594,-0.04689096997071585
-0.309149,0.132279,-0.190207,0.030569,50.05,70.0,-0.18716198844764148,0.04218581786020057
-0.778695,0.479924,0.253863,-0.096753,50.05,70.0,0.24456069138744035,-0.09081429905101929
0.089064,0.893384,-5.14796,-1.578504,50.05,70.0,-5.167945149781547,-1.562077411913444
-0.887016,-0.070417,1.08224,0.104213,50.05,70.0,1.0921960816661695,0.11707915699473861
0.4972,0.436156,-0.67059,0.317157,50.05,70.0,-0.6505922465611846,0.2976020587688479
0.471383,0.539599,0.428899,0.522276,50.05,70.0,0.4390133361758761,0.5114211546583235
-0.963046,0.082507,-1.459503,-0.08535,50.05,70.0,-1.4677812893469258,-0.07478621548228735
0.699373,0.36505,-0.430497,0.353109,50.05,70.0,-0.4108750732542552,0.34212028666385047
-0.598861,0.941039,-0.959538,0.762461,50.05,70.0,-0.9719688836396704,0.76416495223576
0.041685,0.599272,-0.257062,-0.533785,50.05,70.0,-0.26616726132898355,-0.5281525174559236
-0.035473,-0.200468,-4.577217,-9.066059,50.05,70.0,-4.596722658363606,-9.07857036834039
0.734345,0.144775,-0.264832,0.548247,50.05,70.0,-0.2570370452366777,0.5531298692209919
-0.75867,-0.972126,0.887489,-0.749255,50.05,70.0,0.8988590155364847,-0.7546848604368144
-0.515837,0.32614,0.526074,0.303222,50.05,70.0,0.5460441015089194,0.2857790603238751
-0.56137,-0.946201,-0.66098,-0.09032,50.05,70.0,-0.6697081138420905,-0.1100538992885949
-0.802075,-0.480401,0.678545,-0.447323,50.05,70.0,0.6628167729659805,-0.46669563307223255
-0.104518,-0.634489,-0.941808,-0.69048,50.05,70.0,-0.9356914519994195,-0.6905469794824903
0.140236,0.951307,-0.397723,-0.324516,50.05,70.0,-0.4176961905036116,-0.3326313547833537
0.608932,0.323574,-0.356633,0.17417,50.05,70.0,-0.34133546473178306,0.16995448102984667
0.314474,-0.628027,-0.023539,-0.082643,50.05,70.0,-0.031570116125884735,-0.06278136130320118
0.756045,0.841186,-0.757866,0.770835,50.05,70.0,-0.7709417989706663,0.7548859782648172
-0.187055,0.163333,-0.246561,0.291708,50.05,70.0,-0.2266868825534851,0.29833985469214613
-0.870013,-0.313757,-0.037698,0.158636,50.05,70.0,-0.023446241898722305,0.17828176584813193
0.690168,-0.349278,0.455771,-0.185055,50.05,70.0,0.43979527524976425,-0.1980622063083481
-0.317723,0.026078,0.25542,0.019895,50.05,70.0,0.2574062205145152,0.02568484492192019
0.292777,0.709248,-3.896366,-0.084187,50.05,70.0,-3.904538280257144,-0.06805328682533576
0.32307,-0.168965,0.226397,-0.013829,50.05,70.0,0.225015201684575,-0.005331725793087024
0.197289,-0.166581,-0.020361,0.062906,50.05,70.0,-0.01417360874546526,0.0828024469037009
0.278787,-0.430652,-0.155917,0.114896,50.05,70.0,-0.14504903325640825,0.12912010675488653
0.039557,0.835973,-8.600692,-25.460377,50.05,70.0,-8.62064661312383,-25.44921724172812
0.203206,-0.724717,-0.43552,-0.454112,50.05,70.0,-0.4508198882365192,-0.4655168935058098
-0.321991,0.304369,3.547504,0.063985,50.05,70.0,3.553793907341502,0.07284174048399233
-0.466923,0.420067,-0.201528,0.045038,50.05,70.0,-0.19706216862032191,0.05571515523094885
0.062609,0.262993,-0.32092,-1.103667,50.05,70.0,-0.3070714198991008,-1.104342944714583
0.128268,-0.204478,-5.028611,-11.963946,50.05,70.0,-5.026028836361447,-11.94394706372935
-0.661713,0.583657,0.706852,0.568063,50.05,70.0,0.7127868110844137,0.5495851664676962
-0.475063,-0.387372,-0.625064,-0.285405,50.05,70.0,-0.6448576538581352,-0.3054023520658832
-0.566226,-0.562679,0.708794,-0.428428,50.05,70.0,0.6919704974750445,-0.4468306521952563
-0.945796,4.1e-05,-2.179485,0.063017,50.05,70.0,-2.17328705424399,0.061057164397114574
0.694332,-0.362049,-0.520718,-0.481176,50.05,70.0,-0.5341403130731064,-0.49835067754981044
-0.962631,-0.936246,0.410218,-0.140961,50.05,70.0,0.3972602939407358,-0.15020179284533583
0.511001,0.402133,-0.597176,0.279309,50.05,70.0,-0.5774788677397027,0.2595509747928327
0.657217,-0.158914,-0.525228,-0.013477,50.05,70.0,-0.5265746803060514,-0.03087839370957468
-0.860763,-0.850351,-0.780509,-0.756374,50.05,70.0,-0.7685606424645963,-0.7708575918054994
0.153809,-0.937719,-24.212836,12.290088,50.05,70.0,-24.232478410522493,12.287835532376482
-0.247389,0.13393,0.16192,0.079564,50.05,70.0,0.16966819011193254,0.0933597618530779
0.955876,-0.587948,-2.395696,0.656499,50.05,70.0,-2.3985047315112493,0.6731412481908976
0.359907,0.959986,0.371317,0.427813,50.05,70.0,0.3881736798465055,0.42217471553584957
0.486288,-0.957214,-2.84834,-1.276693,50.05,70.0,-2.8503422341651925,-1.2787798557583006
0.103196,0.414722,4.09613,-5.184497,50.05,70.0,4.0819265419256405,-5.185702224393822
0.240824,-0.465497,1.606493,0.097868,50.05,70.0,1.6158938689204887,0.0943172552534434
0.388025,-0.459639,0.423046,-0.080537,50.05,70.0,0.4152082003119058,-0.09089567451794998
0.849213,0.728578,0.790594,0.650287,50.05,70.0,0.7884015680254673,0.6365169963018046
-0.785058,-0.474033,-0.503057,-0.517933,50.05,70.0,-0.513543592575106,-0.5341369464363525
0.933119,0.923487,-0.784703,0.947014,50.05,70.0,-0.8046978559340191,0.9328227944276412
-0.957761,0.909263,-2.781011,0.118774,50.05,70.0,-2.7698195482192514,0.12337466679426268
-0.023445,-0.04416,-0.01795,0.041209,50.05,70.0,-0.013858196654056295,0.06112850343051074
-0.204173,0.469082,0.595674,-0.440046,50.05,70.0,0.5795067794564184,-0.45978017460911436
-0.136268,-0.249149,-0.153261,0.151264,50.05,70.0,-0.13953601220416226,0.16567355965287991
0.548814,-0.086258,0.3268,-0.601509,50.05,70.0,0.32412706862419804,-0.6027722320322314
0.262776,0.469612,-0.322556,-0.431636,50.05,70.0,-0.33920386911459216,-0.43247542681373347
0.773396,0.473478,0.562234,0.210996,50.05,70.0,0.5796318072594222,0.19207789397830738
-0.262714,0.562326,0.707534,0.062247,50.05,70.0,0.7136586907092355,0.043795370858542314
-0.989879,-0.889325,-0.893361,-0.407189,50.05,70.0,-0.9112360977454688,-0.41205145649129493
-0.882791,0.928996,-0.382336,-0.170805,50.05,70.0,-0.39741461489064,-0.17749140097725782
-0.365567,-0.089849,-0.170433,-0.007059,50.05,70.0,-0.17113875344816756,0.006108101566687052
-0.088831,-0.980701,-2.527588,-1.551716,50.05,70.0,-2.5474970542920676,-1.531767199909429
-0.637331,0.372774,-0.454558,0.300759,50.05,70.0,-0.4346028749865046,0.28784417497387416
-0.784846,-0.914553,-0.733895,-0.775262,50.05,70.0,-0.720487451045448,-0.7925395135919925
-0.891607,0.757653,0.834349,0.804189,50.05,70.0,0.8189424787188633,0.7938952353485469
-0.125862,0.645441,0.438472,3.20827,50.05,70.0,0.4319270968836228,3.1966238582076647
-0.071748,0.129562,-0.223276,-0.123009,50.05,70.0,-0.2348159055301265,-0.11423024103828988
-0.457753,0.550235,0.482562,0.416076,50.05,70.0,0.5000209534654577,0.4011562867729665
-0.199036,0.796706,1.73711,1.185978,50.05,70.0,1.7301901707654486,1.1711982216936339
0.231329,-0.061054,-0.046198,0.021709,50.05,70.0,-0.0440313604195352,0.0411778044029753
-0.133924,-0.858,-1.234492,-0.530059,50.05,70.0,-1.2439274090801327,-0.5101814757294312
-0.400474,-0.759748,1.193962,0.071927,50.05,70.0,1.2010006521495233,0.09095296960831101
0.918564,0.300783,-0.196266,-0.105334,50.05,70.0,-0.20631914792136588,-0.09421565014138825
-0.739202,0.236774,0.517566,0.429912,50.05,70.0,0.5343087909430347,0.41290096398210935
-0.532573,-0.959973,-0.790806,-0.439572,50.05,70.0,-0.8070010788790981,-0.45332662095838405
-0.265146,-0.311044,0.081666,0.075636,50.05,70.0,0.08905059372782015,0.09399170442412173
0.280788,-0.796595,0.205603,0.261909,50.05,70.0,0.22492435059679525,0.27223939136190495
-0.369764,-0.623734,-0.612744,-0.213913,50.05,70.0,-0.6302838313449501,-0.23385238913696613
0.904651,0.461079,0.053329,-0.083918,50.05,70.0,0.0451812789533547,-0.06462479290904775
-0.64997,-0.046111,0.080692,0.026678,50.05,70.0,0.08335189572235184,0.045072161918909906
-0.98024,-0.896958,0.91133,-0.901231,50.05,70.0,0.9309061808257852,-0.9043332035642583
0.823701,-0.053932,0.780641,-0.04726,50.05,70.0,0.775958858859045,-0.06173448578079022
-0.430279,0.2994,-0.709456,0.506997,50.05,70.0,-0.6980543272171538,0.4886203729461219
0.020442,-0.43589,1.908014,1.432031,50.05,70.0,1.923390091588284,1.4121637753716338
-0.0032,0.225181,4.8174,-1.15374,50.05,70.0,4.827241737008034,-1.1437147863680448
0.619962,-0.30109,0.11958,0.096759,50.05,70.0,0.1288828397583985,0.1132893908673584
-0.424793,0.499853,0.906541,0.432337,50.05,70.0,0.9231499185583653,0.4287626269882804
-0.971117,0.429927,1.109853,1.017479,50.05,70.0,1.0912428916584853,1.0323300869801897
-0.213443,0.660721,-10.092188,0.716031,50.05,70.0,-10.100680766117232,0.7356501782085354
0.740541,0.279111,0.245061,0.069373,50.05,70.0,0.25186002387575124,0.07614618023988788
-0.984735,-0.442866,-0.849978,-0.643934,50.05,70.0,-0.8484180391387033,-0.6528577187208834
0.75458,0.228303,0.683136,0.846272,50.05,70.0,0.6654056141685181,0.827018547498778
-0.904702,0.676142,-0.421523,-0.504938,50.05,70.0,-0.43309323027915586,-0.5151660948580735
-0.075795,0.115392,0.061198,0.066408,50.05,70.0,0.06771744558337141,0.08547898389880343
-0.610303,0.636706,-0.592483,0.448763,50.05,70.0,-0.5768441291254569,0.4290831883113071
-0.884402,-0.14456,0.04391,-0.017771,50.05,70.0,0.04213523750697238,0.0017489110769612522
0.383892,0.06482,0.42073,0.102928,50.05,70.0,0.4305744302349318,0.09276813102220298
-0.56529,-0.833132,-0.943174,-0.565816,50.05,70.0,-0.9493230111061248,-0.5657463797482979
-0.457657,0.155063,-0.278417,0.056136,50.05,70.0,-0.2728768179536325,0.059691231442331225
0.150574,0.690443,-15.423693,-34.934058,50.05,70.0,-15.40465794124501,-34.937035786574654
0.27548,-0.007954,0.28998,-0.025533,50.05,70.0,0.28743363011390616,-0.02312095919872418
0.323069,-0.171266,-2.667505,0.114919,50.05,70.0,-2.656635102535816,0.12926113165839653
-0.474821,-0.314545,0.564837,-0.248195,50.05,70.0,0.5459149954753246,-0.26719595386221384
-0.564352,0.935781,-0.732507,0.474351,50.05,70.0,-0.7185866264153198,0.4570039887757242
-0.334444,-0.995144,1.470221,-3.093749,50.05,70.0,1.4654821354430696,-3.084110039293837
0.616979,-0.437861,-0.426181,-0.185531,50.05,70.0,-0.4421853163483428,-0.19615656537425075
0.878298,-0.445242,-0.955859,-0.394967,50.05,70.0,-0.9742486150641125,-0.3936298777147393
0.824663,0.116255,6.481295,0.819465,50.05,70.0,6.464960269375982,0.8304296249568087
-0.101592,0.545273,-1.976169,2.113241,50.05,70.0,-1.9943535698892838,2.0952851681325875
0.396411,0.477603,0.98191,-0.83738,50.05,70.0,0.9992115750970921,-0.8334622771175098
-0.92498,-0.140544,-2.440432,-0.588372,50.05,70.0,-2.4444001461283396,-0.5696838951851427
-0.126681,0.871751,23.901923,-22.546913,50.05,70.0,23.90902031614937,-22.52707942171565
-0.477404,0.278188,-0.51755,0.233615,50.05,70.0,-0.4991500429954,0.21660480546258504
-0.494126,-0.773024,-0.43593,-0.035898,50.05,70.0,-0.43950055579762914,-0.04733654998856975
-0.222729,0.600273,-2.598183,-0.734966,50.05,70.0,-2.588016522147964,-0.7167414700468491
0.785194,0.759943,0.729934,0.63277,50.05,70.0,0.7294888898244022,0.6152963702057628
0.360967,0.767809,15.258778,-3.598503,50.05,70.0,15.273896172683319,-3.5860030237308056
0.570993,0.679906,0.341441,-0.048176,50.05,70.0,0.3366698537660754,-0.05089572066324129
-0.81533,0.741575,-0.796916,0.694689,50.05,70.0,-0.8034318973921136,0.6813842931219577
-0.347054,-0.933458,-1.43344,1.362131,50.05,70.0,-1.423373028834338,1.3748120347589994
-0.632072,0.768938,0.619256,0.768817,50.05,70.0,0.6063335612785531,0.7488375288528435
-0.453693,0.78262,-0.183814,-0.026552,50.05,70.0,-0.18646140712443224,-0.014420803918869384
-0.509877,0.497828,-0.211745,-0.029107,50.05,70.0,-0.21464543589332483,-0.019307321251242376
0.999673,-0.503675,0.898121,-0.45845,50.05,70.0,0.8831040718939189,-0.46284940513594586
0.733546,0.714115,-0.132462,-0.113761,50.05,70.0,-0.14323451184008235,-0.09798952349817887
0.136929,-0.642227,-0.622354,-6.725305,50.05,70.0,-0.6383982780976162,-6.745296106752488
0.083072,0.190896,-1.270659,-0.773174,50.05,70.0,-1.2574071127247564,-0.7532231335595284
0.396074,0.822895,-5.379428,-17.502442,50.05,70.0,-5.370685775355971,-17.506289905552013
0.392331,-0.097937,-0.165447,0.031818,50.05,70.0,-0.1622786047211067,0.04535627115851307
-0.019998,-0.112624,0.043583,0.119719,50.05,70.0,0.05485264639857023,0.13924600673085866
-0.868709,-0.397919,-0.04538,-0.982433,50.05,70.0,-0.025777778974191937,-0.9629456310853378
0.170642,-0.01217,-0.125967,-0.007882,50.05,70.0,-0.12675499598395526,0.008280494123949936
-0.533904,0.679245,-0.676783,0.543544,50.05,70.0,-0.6685571307259088,0.5241283334369369
0.068048,-0.32193,7.225379,26.395345,50.05,70.0,7.225975582478273,26.3953165896839
-0.680332,-0.332743,0.507326,-0.441782,50.05,70.0,0.4912615832808124,-0.4582324667656118
-0.412695,-0.173077,-0.944085,-0.083343,50.05,70.0,-0.9521801752233986,-0.08318228133751139
-0.908832,-0.734408,0.592364,-0.347715,50.05,70.0,0.5726448371139033,-0.36739268738185893
0.799494,-0.899723,0.834203,-0.883567,50.05,70.0,0.8533416344564565,-0.8938732796177545
0.347793,-0.635059,7.420428,2.044499,50.05,70.0,7.406112726624018,2.061039833085197
0.570136,0.280889,-0.530016,0.306903,50.05,70.0,-0.5100291619028559,0.28927060088999024
0.909741,0.024958,-0.63327,-0.00635,50.05,70.0,-0.6339048933187627,-0.026343871051046297
-0.528968,-0.358987,0.332931,-0.118736,50.05,70.0,0.32174269779034853,-0.12061041853339018
0.505248,-0.29233,-0.045527,0.079494,50.05,70.0,-0.0377852637166692,0.0989780567675916
0.809295,-0.17921,-20.211229,2.283919,50.05,70.0,-20.229457841533172,2.30122367333169
0.022628,0.307646,-0.516921,-0.184937,50.05,70.0,-0.5328896229136755,-0.20191402762677116
0.603011,0.804825,-0.474547,0.473714,50.05,70.0,-0.4605809589901798,0.45933989142783543
0.688021,-0.429733,-0.529388,-0.42957,50.05,70.0,-0.5461494734918211,-0.4471726731457557
-0.516371,-0.648248,0.679764,-0.514067,50.05,70.0,0.6689501911705487,-0.5334089811585011
0.898495,-0.990688,0.560428,-0.194395,50.05,70.0,0.5439079885919544,-0.21325374114525866
-0.48725,0.787199,0.818766,0.693676,50.05,70.0,0.8123459588990755,0.6820787651429575
0.461948,-0.037278,-0.676596,0.026589,50.05,70.0,-0.6739449254796814,0.007168854714184058
-0.526491,-0.727117,0.776652,-0.298835,50.05,70.0,0.7567106795606365,-0.31358186522468573
-0.649143,-0.139654,-3.748962,-0.534942,50.05,70.0,-3.7579640952427904,-0.5150516168021554
0.832453,-0.956899,-0.859231,-0.89678,50.05,70.0,-0.8397508047628708,-0.904866377174362
-0.599088,-0.867257,-0.026595,0.1625,50.05,70.0,-0.01207482689478575,0.18232343689482758
0.01705,0.560703,1.445751,0.548552,50.05,70.0,1.4535178575995644,0.5602576209941532
-0.272367,0.327342,1.1039,0.79834,50.05,70.0,1.0888729750473387,0.8127858441433892
-0.367803,0.328615,0.527264,0.000447,50.05,70.0,0.5273086999627855,-0.017053850601244726
-0.972169,0.755387,-1.074857,0.654756,50.05,70.0,-1.0774930544024552,0.6670482717959852
-0.209616,0.982238,2.702266,-0.834379,50.05,70.0,2.7194150920726323,-0.822663484073026
0.470814,0.978311,-0.640878,1.207482,50.05,70.0,-0.6457441681249201,1.1875214221094939
0.478086,-0.805091,0.284502,-0.190495,50.05,70.0,0.2682049464474383,-0.18754013033249867
0.840805,-0.582482,-0.397168,-0.256181,50.05,70.0,-0.4163334989039816,-0.2642455979212772
0.218222,-0.337519,0.056552,0.347564,50.05,70.0,0.0762736788543265,0.3667697807444696
-0.69016,0.483375,0.528031,0.364695,50.05,70.0,0.5473959246406978,0.3471571518526694
0.086185,0.515512,-0.667003,-1.207698,50.05,70.0,-0.6621577856068755,-1.227325042899663
0.218583,-0.275402,0.040802,0.346281,50.05,70.0,0.06054460255565343,0.36586624072372187
-0.676371,0.23142,-0.067168,0.631422,50.05,70.0,-0.06747833447371601,0.6503046762074898
-0.52923,-0.768802,-0.748358,-0.210474,50.05,70.0,-0.765730000635199,-0.2269784833734726
0.749292,-0.644753,-0.482518,-0.263255,50.05,70.0,-0.5018736785588559,-0.278171782633175
-0.359438,0.924267,4.106468,-1.230215,50.05,70.0,4.109102527051877,-1.2324500764110105
0.155336,0.736372,2.326392,2.892955,50.05,70.0,2.3453282945662166,2.9048408508470183
0.205103,-0.830822,-5.155101,-0.207741,50.05,70.0,-5.172335958981137,-0.19173215629999485
0.367646,-0.976307,10.046118,13.625429,50.05,70.0,10.0294206351444,13.645416826399313
-0.787711,0.941693,0.904177,0.859316,50.05,70.0,0.8858812030332672,0.8555092880813658
-0.964614,-0.269723,-0.030855,-0.153623,50.05,70.0,-0.044750614821086936,-0.13386053606650697
0.760614,-0.360155,-0.591356,-0.138483,50.05,70.0,-0.6041239576664915,-0.1581424139020575
0.872738,0.113811,-2.085896,-2.390682,50.05,70.0,-2.0743901678482253,-2.4014087943611644
0.813726,0.295659,1.037623,0.251821,50.05,70.0,1.0566593250834,0.2609806794109864
-0.854558,-0.562932,0.759407,-0.513904,50.05,70.0,0.7485794828507462,-0.5297595678223588
0.80688,-0.768357,0.768009,-0.692504,50.05,70.0,0.7743179339057649,-0.7078207659343163
0.219609,0.963257,-0.069394,-0.2609,50.05,70.0,-0.08868904340146411,-0.24209185241051995
-0.545771,-0.772911,0.900419,-0.328914,50.05,70.0,0.8804734008685566,-0.33308894825476976
-0.31995,0.593477,-4.027777,-3.214282,50.05,70.0,-4.02066704160067,-3.2087266908484606
0.573548,-0.385383,0.576402,-0.383657,50.05,70.0,0.5575973824360927,-0.4029869437122984
0.862795,-0.998974,0.264142,0.108546,50.05,70.0,0.27447151235087625,0.1134957520287291
0.246266,0.98533,3.161357,-9.22262,50.05,70.0,3.1444119670780912,-9.242522422101523
0.444042,-0.982792,0.061378,0.274001,50.05,70.0,0.0809761811726994,0.29306655390373265
0.212034,-0.347416,4.74237,-0.629676,50.05,70.0,4.74250574588594,-0.6266891140895271
0.986736,0.078738,0.971342,0.007539,50.05,70.0,0.9720957214749624,0.010415410827099717
-0.647134,-0.387576,0.162182,0.033882,50.05,70.0,0.16555401649284138,0.04765878092454462
0.012977,0.111653,0.026712,0.055827,50.05,70.0,0.03222248464651094,0.0756488822763819
0.546347,0.448479,0.636678,0.374515,50.05,70.0,0.6557741868868262,0.3545324676384237
-0.4064,-0.356965,-0.177673,0.007418,50.05,70.0,-0.17693137006673457,0.02003163394070095
0.494246,0.800117,-0.448048,-0.009336,50.05,70.0,-0.4489812609810532,-0.02174699659932957
-0.43784,-0.776982,-0.628669,-0.539841,50.05,70.0,-0.637230969649073,-0.5598409692928284
-0.731825,0.216685,-0.31455,0.06272,50.05,70.0,-0.30838029893776275,0.06268092656075411
-0.180034,0.164147,5.025456,6.312138,50.05,70.0,5.028341167440053,6.3321377017505505
0.821594,0.523577,0.7707,0.441329,50.05,70.0,0.7867913598549339,0.4261866555101491
-0.247078,-0.635489,0.014613,-0.151933,50.05,70.0,0.0008394282721121849,-0.13198636119687535
-0.65725,-0.394176,0.603474,-0.433199,50.05,70.0,0.5869132575114873,-0.453044885657993
-0.914725,0.222231,-20.470165,-4.461928,50.05,70.0,-20.463902315794574,-4.466857934295484
-0.958632,0.277051,1.095014,0.191552,50.05,70.0,1.1113720965883918,0.20536924532818215
0.401691,-0.776958,-0.979122,0.040194,50.05,70.0,-0.9751296019647498,0.04383795238133665
-0.325417,0.710947,-0.653392,-0.187243,50.05,70.0,-0.6694983994687587,-0.20708603602938702
0.893137,0.948198,-0.802284,0.937394,50.05,70.0,-0.822277539102252,0.9244948299647359
0.358698,0.636204,0.593225,0.091854,50.05,70.0,0.6020908774082091,0.07216109982134886
0.685753,-0.548471,0.613811,-0.447381,50.05,70.0,0.5980863563055929,-0.4673284059554079
-0.153487,0.338524,12.718196,2.203817,50.05,70.0,12.698201527281384,2.218325744245862
-0.418845,0.4756,0.41508,0.009778,50.05,70.0,0.41605741051839257,0.00010878905516786136
-0.590139,-0.462393,-0.515573,-0.271366,50.05,70.0,-0.5351169280749527,-0.2882713830198697
0.557476,-0.505318,0.013856,0.096752,50.05,70.0,0.023158220087439223,0.11670402201067608
-0.880201,0.462361,-0.866399,0.444682,50.05,70.0,-0.850509013565599,0.43725627367466696
0.901049,-0.068092,-0.518551,-0.035898,50.05,70.0,-0.5221215557976291,-0.052960629792913966
-0.42962,-0.630388,0.530825,-0.449291,50.05,70.0,0.5152190964262252,-0.46696143632027587
-0.935137,-0.842173,-0.931549,-0.354612,50.05,70.0,-0.9511412868949798,-0.3557043358055868
-0.399197,0.696087,0.624891,0.12515,50.05,70.0,0.6366051066132894,0.10515293691982369
-0.865998,-0.820526,0.339371,0.015248,50.05,70.0,0.34089432326968744,0.01273349847187103
-0.575536,0.962795,-0.907133,0.720629,50.05,70.0,-0.9160397711075272,0.7171128894548808
-0.302439,0.914487,-0.267236,-0.096637,50.05,70.0,-0.2765280381480043,-0.09198760318621235
-0.221146,-0.800371,6.685649,-13.759525,50.05,70.0,6.691891203974882,-13.768071322547293
0.161152,0.478802,-0.698927,-0.661791,50.05,70.0,-0.6955953573527178,-0.6805575030637964
-0.774067,0.253326,3.64626,-0.131312,50.05,70.0,3.634052086872587,-0.11501418821547736
-0.345781,0.464321,-0.078423,0.143031,50.05,70.0,-0.0653083110345309,0.16151305786592837
-0.163946,0.56735,28.603263,10.132922,50.05,70.0,28.61103529215375,10.134397643090285
-0.556706,-0.558727,0.435047,-0.140994,50.05,70.0,0.42208678038205116,-0.15236000588423804
-0.518986,-0.604675,-0.562971,-0.394079,50.05,70.0,-0.5813953440767874,-0.4130208889589829
-0.774797,-0.013741,-0.18788,0.022945,50.05,70.0,-0.18559052999014877,0.03475044907400856
-0.937992,-0.828899,-0.94541,-0.745545,50.05,70.0,-0.9343471384200244,-0.7452517901119814
0.701977,0.133895,1.827757,-0.01254,50.05,70.0,1.82650382147812,-0.031727640025696786
0.376725,-0.38427,0.25638,0.03091,50.05,70.0,0.25945870956972633,0.0366078892614356
-0.433935,0.850224,-1.031054,-2.592511,50.05,70.0,-1.0387720220506298,-2.5839401139791423
-0.28928,0.062998,0.027049,0.004261,50.05,70.0,0.027475067766051738,0.0240783665367851
0.801596,0.425674,-0.405377,0.13882,50.05,70.0,-0.39258312136126466,0.13001120068204294
0.306792,0.260203,0.16261,-0.46808,50.05,70.0,0.14824626979462446,-0.45433427693064393
-0.765709,0.728828,0.430634,0.113794,50.05,70.0,0.44140929209270174,0.10279384239930103
-0.586399,0.392399,0.571821,0.371176,50.05,70.0,0.5910137624790589,0.35196870023614746
-0.946052,-0.288339,-0.213323,-0.337128,50.05,70.0,-0.2331912542031568,-0.32746618407236233
-0.121303,-0.742293,0.125106,-0.183439,50.05,70.0,0.10922801666358592,-0.16722594191869378
0.284083,0.583686,0.127712,0.796286,50.05,70.0,0.11282130910207096,0.8123450977481983
0.014445,0.775125,2.593092,-32.666737,50.05,70.0,2.593674577316661,-32.64830869555984
-0.475744,0.168472,-0.435865,0.177839,50.05,70.0,-0.4203337036176158,0.16640578259255595
-0.486165,-0.978691,6.134476,1.989034,50.05,70.0,6.124531593623709,2.0037554506653072
-0.853102,-0.089468,-0.941442,-0.119282,50.05,70.0,-0.9526755177264312,-0.11938557914466184
0.310369,0.365623,2.298668,-0.00965,50.05,70.0,2.2977033743864697,-0.00010072856449070029
-0.96806,-0.181459,-0.072394,-0.127364,50.05,70.0,-0.08428683523228324,-0.10865997944346287
0.215755,0.188311,5.645132,-4.034357,50.05,70.0,5.625746682089126,-4.054333313208821
0.950662,-0.222058,1.263294,1.068999,50.05,70.0,1.2471642111307597,1.0889879223150154
-0.136815,0.553036,0.821177,-0.418546,50.05,70.0,0.8038398649191938,-0.42994596919112393
0.867903,0.848518,0.72605,0.521466,50.05,70.0,0.736234131698109,0.5038067209868072
-0.966365,0.298119,-0.104022,1.285283,50.05,70.0,-0.10116719050405153,1.3026382903522458
0.493011,0.040985,-0.404007,-0.196115,50.05,70.0,-0.4206233504229424,-0.2048005974722804
0.840622,0.330109,-1.360932,0.280185,50.05,70.0,-1.3412198694402893,0.2975267098148026
0.139253,0.430138,-0.245633,0.001118,50.05,70.0,-0.24552120058225535,0.00783733260757612
-0.663402,0.201423,-0.49132,-0.07266,50.05,70.0,-0.49842721538112433,-0.08814847389893021
-0.685311,-0.021049,0.261066,-0.018382,50.05,70.0,0.2592303869236293,-0.013134814237031108
0.234155,-0.555947,-0.477272,0.205143,50.05,70.0,-0.4601702974665813,0.19058075822789022
0.192495,-0.736125,0.807089,1.055285,50.05,70.0,0.790186913234654,1.0427567237198156
-0.055014,-0.626259,1.980088,1.398606,50.05,70.0,1.9931223196823347,1.3808262049847022
0.466555,-0.618238,-0.573483,-0.474035,50.05,70.0,-0.5874260457479697,-0.4932879635566027
-0.729306,0.546041,0.644392,0.57025,50.05,70.0,0.6501176110803043,0.5503145543465714
-0.686746,-0.136863,-0.235975,-0.077387,50.05,70.0,-0.24352203575013737,-0.06976619205715687
-0.255491,-0.037914,-0.230864,-0.00057,50.05,70.0,-0.2309209999228363,0.0075208100250976654
0.773892,0.805806,0.337575,0.026199,50.05,70.0,0.3401874136474127,0.02386277235753066
-0.819643,0.25739,-0.407324,0.280518,50.05,70.0,-0.3876062672169883,0.27153482267754603
-0.044227,0.684452,10.204413,-31.116997,50.05,70.0,10.224355041849682,-31.102453277336146
-0.422985,0.885559,0.781869,0.559614,50.05,70.0,0.7886051202849192,0.545224529485217
-0.402483,-0.529968,-0.528295,-0.494459,50.05,70.0,-0.5407037063917063,-0.5120095229936187
0.833447,-0.260905,-12.519707,-16.027647,50.05,70.0,-12.499714629447938,-16.008188908184632
0.964358,-0.033418,-0.265825,0.019723,50.05,70.0,-0.2638558951886593,0.024509514337287274
0.343482,0.908274,-0.602602,-0.276796,50.05,70.0,-0.6222540104484443,-0.2966308926836046
-0.640173,0.607112,0.558348,0.295066,50.05,70.0,0.5782569310015473,0.276277535451783
-0.267308,-0.648814,-3.160833,1.190111,50.05,70.0,-3.167363605730923,1.1702034763788214
-0.617258,-0.262704,0.201684,0.060826,50.05,70.0,0.20767326429638536,0.07148996102527486
0.736916,-0.644901,-0.644631,-0.521946,50.05,70.0,-0.6547737914798897,-0.5418795127071733
-0.845797,0.684352,0.148938,-0.117241,50.05,70.0,0.13787392791506012,-0.10253503923363513
-0.099472,0.175961,1.860146,4.564748,50.05,70.0,1.845352444375981,4.544901681744094
-0.61855,0.025273,-1.515641,0.188074,50.05,70.0,-1.499485474666159,0.19351988614188367
0.763521,0.491791,0.597493,0.552703,50.05,70.0,0.6048756914006312,0.5329400834449997
-0.462881,0.355582,0.369746,-0.000759,50.05,70.0,0.3696701001821855,-0.0062463841079037265
0.260388,0.343034,0.14251,0.106931,50.05,70.0,0.1527008843283114,0.12206494472106146
-0.620192,0.426051,0.571405,0.366689,50.05,70.0,0.5907191133344697,0.34749333759246465
0.645901,-0.34061,-0.551303,-0.275798,50.05,70.0,-0.5709362298474192,-0.2943333853272746
-0.634101,0.658882,0.367951,0.125125,50.05,70.0,0.37966308021160694,0.1198104461640991
-0.172647,0.326631,-0.017255,0.050252,50.05,70.0,-0.012282508156127801,0.07017761240216344
-0.312346,0.408653,1.222227,1.494021,50.05,70.0,1.2407713947634418,1.5137257163957538
0.22994,0.593247,-0.001004,0.116423,50.05,70.0,0.009991836565215396,0.1364227479965292
0.694783,-0.776263,-0.418014,-0.079834,50.05,70.0,-0.42578707455272524,-0.08975899373022256
-0.646095,-0.921655,-0.533492,-0.156186,50.05,70.0,-0.5475708052912458,-0.17397978115861887
-0.26213,0.374668,-7.734827,20.502731,50.05,70.0,-7.716499713820247,20.513953977727407
-0.961843,0.305798,20.370423,17.732909,50.05,70.0,20.38330659958683,17.737850223658782
-0.445292,-0.01603,-0.168421,-0.023097,50.05,70.0,-0.17072556942699046,-0.009779122510806653
0.590128,0.285909,-0.220628,0.036446,50.05,70.0,-0.21700353804211112,0.04546190997554326
-0.734598,-0.394697,0.269539,-0.087477,50.05,70.0,0.2610675582834197,-0.08305189708704896
0.319726,-0.363565,0.070056,0.047275,50.05,70.0,0.07473959944402078,0.06606053329278272
-0.430701,-0.788003,-0.864644,0.058209,50.05,70.0,-0.8589049313272196,0.05062060667274653
0.030255,0.496437,1.17935,-0.823724,50.05,70.0,1.1959267573688954,-0.8051988312903747
-0.389667,0.870325,-1.627989,0.642065,50.05,70.0,-1.6293625648474512,0.6364233634776603
-0.439993,-0.964642,-2.527343,33.728798,50.05,70.0,-2.5441941413198688,33.74874853707572
-0.735095,-0.739345,0.743923,-0.662318,50.05,70.0,0.7473065946745745,-0.6790688962992971
-0.163823,0.618594,0.420764,1.460716,50.05,70.0,0.4378102904871137,1.4505532025418568
0.70834,-0.937411,0.741257,-0.908187,50.05,70.0,0.7609637547477457,-0.9250820656609623
0.92869,0.491647,0.420682,0.75342,50.05,70.0,0.4089718272630365,0.743264265847243
-0.885816,0.097902,-1.584975,0.228572,50.05,70.0,-1.5667785180271543,0.22715532005038908
-0.568889,0.683293,-0.046538,-0.129878,50.05,70.0,-0.05863201364108227,-0.1104170077312982
0.101846,-0.272607,0.053953,-0.089382,50.05,70.0,0.045309378391057094,-0.07010532896718377
0.291346,0.647153,17.436976,-0.059904,50.05,70.0,17.431074767777595,-0.04568171128871784
0.708801,0.823999,0.563319,0.48938,50.05,70.0,0.5761219870148158,0.470426970487168
0.953192,0.289668,-0.090776,0.378812,50.05,70.0,-0.07181192555931896,0.39678705324955726
0.450013,-0.632757,-0.459321,-0.454912,50.05,70.0,-0.47456924302164716,-0.46818681034388954
-0.743807,0.829193,0.837667,0.803879,50.05,70.0,0.8222802643736806,0.7938711166581505
0.241564,-0.026939,-0.260128,-0.025992,50.05,70.0,-0.262719889600805,-0.020654358067114787
-0.76375,-0.3426,0.724211,-0.369441,50.05,70.0,0.7049701655607649,-0.3871858614359265
-0.075019,-0.842261,0.576775,-0.52941,50.05,70.0,0.5672824169785147,-0.548749484149749
0.115202,0.193142,3.504897,0.935099,50.05,70.0,3.4849106101139795,0.939964200072469
0.131743,0.211433,-0.287554,-0.107919,50.05,70.0,-0.2978297715496216,-0.10526631330539514
-0.452542,0.130046,-0.396887,0.10895,50.05,70.0,-0.3865229141503303,0.10091112430390016
-0.311488,0.813931,-0.75584,0.418948,50.05,70.0,-0.7385229419304858,0.40287755315153473
-0.264902,-0.205879,-3.015181,0.748205,50.05,70.0,-3.0264644775544616,0.7320687364038907
-0.203197,0.863056,-5.053342,1.264116,50.05,70.0,-5.052594280435927,1.28393679195391
-0.616066,-0.224694,0.385764,-0.057256,50.05,70.0,0.38011628824897764,-0.06426447817082473
-0.433345,0.773622,0.869368,0.45048,50.05,70.0,0.8848992668158193,0.4433307588743137
0.259969,-0.702357,18.354736,-1.148525,50.05,70.0,18.3650283298251,-1.1642325196906318
-0.515532,-0.552252,-0.322376,-0.062715,50.05,70.0,-0.32854522544571424,-0.0635364423375228
0.293342,0.199065,-4.418415,-0.852657,50.05,70.0,-4.4003982704302285,-0.8725552250028691
-0.321144,0.53083,0.188209,0.165477,50.05,70.0,0.20293228099879576,0.17725587609876328
-0.337148,-0.44946,-8.124956,-15.734144,50.05,70.0,-8.12234539750716,-15.753679574754813
-0.073586,-0.763528,14.073339,14.822022,50.05,70.0,14.054132787636776,14.828296996451156
-0.621193,-0.382908,-0.012935,0.096845,50.05,70.0,-0.0036245480715288714,0.11680318602195157
0.466021,0.418331,-0.360049,-0.02142,50.05,70.0,-0.36218690741151865,-0.025968813610827254
0.883462,0.349006,-0.25374,0.110833,50.05,70.0,-0.24321533100561737,0.11678344506661101
-0.261736,-0.99513,12.222739,-24.715113,50.05,70.0,12.240121708537272,-24.718049579703738
0.853836,0.42176,0.73607,0.320557,50.05,70.0,0.7560597681204129,0.303390061761931
0.517769,0.142351,-0.299008,0.057325,50.05,70.0,-0.29335366940842145,0.058838677727850404
0.492336,0.69707,-0.20746,0.996577,50.05,70.0,-0.22673276947571586,1.00674793801291
-0.343327,-0.292936,-3.541561,-0.69149,50.05,70.0,-3.535348369617483,-0.6831699416260596
0.622837,0.023406,0.684367,-0.234413,50.05,70.0,0.6659359140550303,-0.25363276872579615
-0.618107,-0.52346,-0.351962,-0.111656,50.05,70.0,-0.3625565626823609,-0.1154138045235792
0.208554,-0.837896,-1.144749,-7.068703,50.05,70.0,-1.1305984148958776,-7.051751954412095
-0.514481,-0.875161,-0.82312,-0.296345,50.05,70.0,-0.8430407154265733,-0.30758478796376804
-0.829166,0.204883,1.869635,-2.494627,50.05,70.0,1.8714970118412255,-2.5145683485530546
-0.531474,-0.486251,0.337456,-0.118271,50.05,70.0,0.32630627127115736,-0.12059540869562756
-0.419275,-0.75069,-11.15825,7.163898,50.05,70.0,-11.177303823987492,7.178430250990321
-0.849914,-0.502114,-0.7236,-0.543596,50.05,70.0,-0.7318211291806024,-0.5613689641507335
0.965767,-0.347569,0.707318,-1.647203,50.05,70.0,0.6887598300160336,-1.665662951709659
0.410123,0.94505,0.238749,-1.09689,50.05,70.0,0.2530784879494876,-1.0895263893532274
-0.542518,-0.101308,0.313956,0.037753,50.05,70.0,0.3177089195205658,0.03777332653239865
-0.682458,-0.069589,0.479179,0.054897,50.05,70.0,0.48460002503981453,0.040204705318776256
0.423707,-0.751337,-2.396093,-0.991935,50.05,70.0,-2.3767013939594595,-0.9752707667122713
0.272278,0.178448,-0.30072,-0.141459,50.05,70.0,-0.31371560039816176,-0.14011608461808256
-0.826709,-0.496728,-0.583389,-0.20708,50.05,70.0,-0.6005903299610333,-0.22657745314567485
-0.511018,-0.676354,-0.346503,-0.222107,50.05,70.0,-0.3644217290278896,-0.22532729383116457
0.521762,-0.740365,0.063461,0.128727,50.05,70.0,0.07546314215173992,0.1477285945355778
0.677441,-0.248114,0.656984,-0.294498,50.05,70.0,0.6370805635343767,-0.31429292414672577
-0.045779,0.588456,-4.460992,3.46698,50.05,70.0,-4.480960490826021,3.4479567210524125
0.185439,0.678603,-1.743034,-19.81872,50.05,70.0,-1.7232117754233047,-19.83389234724232
-0.725564,-0.557843,0.613364,-0.503137,50.05,70.0,0.601647337891716,-0.5230811165468295
0.329248,-0.323783,22.089942,-1.23794,50.05,70.0,22.09180898394976,-1.2555491777796342
0.176103,-0.231555,1.388308,-0.100657,50.05,70.0,1.3786618838931404,-0.08483700145335274
0.26143,-0.146842,-0.080407,-0.007203,50.05,70.0,-0.08112714429561739,0.011202332421270021
0.030127,0.347926,-0.794475,0.670909,50.05,70.0,-0.7987019294641509,0.6574230352872643
-0.406343,0.586066,-0.39889,0.210675,50.05,70.0,-0.38150804831098095,0.20245312294857618
0.008491,0.707809,1.222204,-1.445551,50.05,70.0,1.2059991038121636,-1.4258466775008531
0.151156,0.478523,-8.057739,1.7073,50.05,70.0,-8.042219265526217,1.6902705507351476
0.536372,0.810671,-0.791478,0.364353,50.05,70.0,-0.7721045537283345,0.3506472414779943
0.94516,-0.694728,0.686059,-0.362765,50.05,70.0,0.6666467280518736,-0.3819372827108867
-0.292603,0.222902,-15.128448,-3.738676,50.05,70.0,-15.125337163673496,-3.719268490902768
0.309258,-0.297074,0.693778,0.052844,50.05,70.0,0.6990011283280475,0.03390570673175013
-0.925364,-0.587923,-4.762875,1.07769,50.05,70.0,-4.778475869670019,1.0826851555728605
0.780371,-0.303884,0.29312,0.122886,50.05,70.0,0.30464985735437927,0.12498604824690332
0.626618,-0.437527,0.321393,-0.071439,50.05,70.0,0.3144000467944629,-0.07216221575815479
0.490259,-0.221951,-0.467371,-0.210561,50.05,70.0,-0.48474730996203125,-0.22442700636998641
-0.334214,0.862552,8.601959,-1.090155,50.05,70.0,8.616750117677798,-1.0788903244857186
0.908132,0.981503,0.242494,-0.117316,50.05,70.0,0.23142368084754533,-0.11030185289644316
0.114824,-0.146249,0.204768,0.396912,50.05,70.0,0.223080281910053,0.40731380011642226
-0.002804,0.878033,-0.830603,-47.096806,50.05,70.0,-0.833303110117939,-47.107419113911014
-0.894,0.536674,-0.659682,0.301259,50.05,70.0,-0.6397235897893297,0.2815044132553334
-0.128251,0.486619,-4.603298,32.444178,50.05,70.0,-4.621486738469976,32.433801859281985
0.598976,0.988208,0.619726,0.331381,50.05,70.0,0.6396518987675245,0.3113994550570934
0.812319,0.646281,0.792938,0.645402,50.05,70.0,0.7912317296989898,0.6318029334692626
0.044893,0.521094,-6.403597,-4.551829,50.05,70.0,-6.389703090912489,-4.535345568582352
0.018839,0.635389,-4.934688,-33.460512,50.05,70.0,-4.920366689805494,-33.4425847500615
0.984567,-0.388057,23.238977,21.079326,50.05,70.0,23.219211476046596,21.05934539488404
-0.077156,-0.763027,15.262668,16.864162,50.05,70.0,15.272294954735427,16.876355967706118
-0.186417,0.88981,-4.389464,0.603301,50.05,70.0,-4.38696876594813,0.5833202063651534
-0.965247,-0.90579,0.475184,-0.985184,50.05,70.0,0.4947297748634261,-0.9996023271354846
0.380376,0.984561,4.207791,-8.116111,50.05,70.0,4.202646499578003,-8.127708948068236
-0.491146,-0.692902,-0.522827,-0.598245,50.05,70.0,-0.5258230329520397,-0.6155267904323867
0.40367,0.474045,5.669635,-0.7786,50.05,70.0,5.68328835648703,-0.7985454996637715
-0.720241,0.904351,-0.814845,0.8584,50.05,70.0,-0.8331036052084124,0.8464855645583629
-0.577475,0.374326,-0.542994,0.336852,50.05,70.0,-0.5231226019939552,0.31864463039866725
-0.707697,-0.265971,-1.637702,-0.911821,50.05,70.0,-1.6179365000957424,-0.9183874743467413
-0.182266,0.651217,-0.32713,-0.390105,50.05,70.0,-0.3457053048410816,-0.3914011644070311
0.998506,-0.104081,0.768412,0.053563,50.05,70.0,0.773704499244764,0.038272179381073676
0.707694,0.211578,-0.578524,0.760181,50.05,70.0,-0.590775469321217,0.7407976784015877
-0.005361,-0.108206,0.033471,-0.056429,50.05,70.0,0.02790267049721795,-0.03670842387769507
-0.616923,-0.628219,0.191173,0.070805,50.05,70.0,0.19810651989679995,0.08234304860949057
-0.474039,0.828339,1.012445,0.436515,50.05,70.0,1.0288175555566077,0.4433698752829427
-0.104421,0.998185,-0.668215,0.555824,50.05,70.0,-0.661123253946937,0.5362206142316593
0.501296,-0.71122,0.544514,-0.307906,50.05,70.0,0.5245237750355477,-0.326175740547398
0.530253,-0.037495,-0.126518,0.030194,50.05,70.0,-0.12351005660068741,0.04632397829863793
-0.171747,-0.556549,1.053318,-0.455967,50.05,70.0,1.0381382369851169,-0.44544171843394925
0.08236,0.223,-0.171349,-0.160503,50.05,70.0,-0.18573112075416384,-0.14740498429884483
-0.032647,-0.701278,0.230931,0.137339,50.05,70.0,0.2436106948466039,0.14542368228665825
-0.381803,-0.970974,-1.529541,-1.774629,50.05,70.0,-1.5400225734104582,-1.7705326620761017
0.847289,0.389332,3.218856,-0.998471,50.05,70.0,3.2380772965685436,-1.0169970623725992
-0.500991,-0.158611,-0.619865,0.108988,50.05,70.0,-0.609497664361321,0.089005862885744
0.226799,-0.185017,-1.161284,0.670654,50.05,70.0,-1.1654860020494155,0.6884236798708578
0.415923,0.415138,-0.790076,0.327839,50.05,70.0,-0.7701227655484518,0.3140314752957008
-0.77364,-0.571161,-0.53921,-0.486445,50.05,70.0,-0.5522370818664362,-0.5044925388599281
0.496825,0.136711,-0.507889,0.194204,50.05,70.0,-0.49137976220690527,0.17772157887975776
-0.294293,-0.184236,0.359008,0.044454,50.05,70.0,0.3634168869226171,0.04000661929024873
-0.454231,-0.266886,0.080534,0.049982,50.05,70.0,0.08548033512269401,0.06838235930380773
0.450298,0.153459,0.317171,0.060916,50.05,70.0,0.32316885066030204,0.06061483791830064
-0.809468,-0.736019,-0.715157,-0.561166,50.05,70.0,-0.7217467866420847,-0.5793102020021634
-0.270258,-0.2229,0.159809,0.050703,50.05,70.0,0.1648251630207907,0.06465082933205792
-0.273351,-0.207554,0.047606,0.007358,50.05,70.0,0.04834163402651323,0.0267940872778208
-0.357418,0.874728,1.286232,3.718954,50.05,70.0,1.2811912350602708,3.7387354341589525
-0.444286,0.888631,-0.268839,-1.440323,50.05,70.0,-0.2847319863152615,-1.4358296592132425
-0.785918,-0.931152,-0.428606,-0.176786,50.05,70.0,-0.44407073848930395,-0.18761622465256675
0.121651,0.592958,-0.575536,0.311884,50.05,70.0,-0.5555372941941554,0.29257646567194723
-0.158254,0.219763,-0.126359,0.386077,50.05,70.0,-0.10763816711333837,0.4022163738459494
-0.439124,-0.36466,-0.459232,-0.262468,50.05,70.0,-0.4785677134983654,-0.27573615215977204
-0.832843,0.410736,0.8206,0.257355,50.05,70.0,0.839798727085899,0.24590766935646996
-0.763822,0.441245,0.051098,-0.105205,50.05,70.0,0.041056006034695634,-0.08585420841449372
0.005006,0.135512,-0.036031,-0.317815,50.05,70.0,-0.05602765899408209,-0.29813868137228144
-0.446098,0.426586,-0.486803,0.49411,50.05,70.0,-0.4743669419236592,0.4789112276660167
-0.374138,-0.14557,-0.3618,0.02721,50.05,70.0,-0.35908738633957943,0.02249085193147482
-0.598625,0.902951,0.615958,0.47883,50.05,70.0,0.6295533070239231,0.45886818352387215
-0.109974,-0.340894,-2.186687,0.111695,50.05,70.0,-2.176089129665849,0.11045301388723527
0.58621,0.427058,0.577512,0.386314,50.05,70.0,0.5962244799694004,0.36695586296817534
-0.432596,-0.647337,0.072717,1.260223,50.05,70.0,0.07307557464362377,1.2789155581817
0.211491,0.530215,-0.288207,-1.618926,50.05,70.0,-0.3076306730478176,-1.616338050406512
-0.669897,-0.95118,-0.652219,-0.87572,50.05,70.0,-0.6333228447414435,-0.8955773617624414
-0.489004,-0.6829,-0.313539,-0.272138,50.05,70.0,-0.33309917488645335,-0.2720759735635329
0.499149,-0.810739,-6.289407,-1.643024,50.05,70.0,-6.308116904006842,-1.6230336765849849
-0.094447,0.633615,0.988925,1.13762,50.05,70.0,0.9777134120105626,1.1422230817792014
-0.837751,-0.077474,-0.111423,-0.074086,50.05,70.0,-0.11866332598559744,-0.05711031889752896
-0.112538,0.57848,12.627919,-37.962792,50.05,70.0,12.608552660489059,-37.943731600286334
0.517562,0.66198,0.601421,0.21834,50.05,70.0,0.6191692371603779,0.19852059683982
-0.098975,0.521501,-0.239303,0.638244,50.05,70.0,-0.24029513955878257,0.6455560740732068
0.860307,-0.817879,-0.672792,-0.546739,50.05,70.0,-0.680725606856734,-0.5662465618014887
-0.089405,-0.623336,2.481836,0.698943,50.05,70.0,2.474919416435091,0.7186964194630567
-0.399969,-0.276543,-0.689825,0.328123,50.05,70.0,-0.669873726672678,0.30906133102733335
0.147115,0.555249,-0.822587,-0.322121,50.05,70.0,-0.8425711547880748,-0.333404834796239
0.063694,0.497354,-21.50951,14.882784,50.05,70.0,-21.526167738444173,14.897642057829849
-0.977573,-0.077298,-0.467911,-0.136125,50.05,70.0,-0.4804965776824983,-0.15002987081542152
0.85195,0.724949,0.76994,0.612823,50.05,70.0,0.7714880032642382,0.5976311157499452
0.212714,-0.92375,-1.898026,1.739681,50.05,70.0,-1.8847427504465872,1.719723693692069
0.540746,0.320016,0.424477,0.17812,50.05,70.0,0.44002598509694396,0.16763918096749236
0.514126,0.917306,0.725409,0.159782,50.05,70.0,0.7397409250918273,0.14209272058143946
-0.838209,0.221175,0.431461,0.054659,50.05,70.0,0.4368591121618485,0.043589868949822634
-0.716053,-0.704298,-0.606129,-0.413478,50.05,70.0,-0.6237132109494589,-0.4333550323972325
0.862846,-0.151582,-11.891303,-0.293131,50.05,70.0,-11.911192554815115,-0.3125871139293943
0.368739,-0.604014,-1.554927,-0.828341,50.05,70.0,-1.5380963663895628,-0.8267557319882168
0.328426,-0.142929,0.183325,-0.073602,50.05,70.0,0.17612981228489288,-0.06143196286636694
-0.201026,-0.63864,-0.479004,0.08441,50.05,70.0,-0.47081137145460406,0.06972958442009225
0.385091,0.217784,0.618846,0.118901,50.05,70.0,0.6300479750467847,0.09892342801649734
0.291481,0.916362,7.523308,2.754868,50.05,70.0,7.5420059445364895,2.77479985763735
-0.698753,0.053538,1.386146,-0.171876,50.05,70.0,1.3709972418793281,-0.15592465368049188
-0.192958,0.953552,17.879166,0.226139,50.05,70.0,17.897260169989895,0.22892116054644251
0.352334,-0.328553,0.104603,0.08587,50.05,70.0,0.11292859773339145,0.10319634287997809
0.00766,0.746287,-12.093176,27.320987,50.05,70.0,-12.113146473009346,27.30670725268768
0.838585,0.099417,-2.664707,0.354569,50.05,70.0,-2.645113849742161,0.36910473219138745
0.896833,-0.926287,-0.814611,-0.881654,50.05,70.0,-0.7955287770694931,-0.8935872219488235
-0.099004,0.03805,-0.009658,-0.008081,50.05,70.0,-0.010465880138782876,0.011895685290206114
-0.491942,-0.069841,0.23099,0.018116,50.05,70.0,0.23279912373266398,0.026195285467188547
0.174646,-0.721125,8.370938,-1.850366,50.05,70.0,8.367496258501006,-1.8609356291015036
0.053173,-0.316575,-0.580108,-1.596311,50.05,70.0,-0.5999454709718023,-1.615732744364308
-0.684176,-0.942333,-0.707279,-0.912483,50.05,70.0,-0.6875035006815189,-0.9309444521010639
0.214125,0.807023,26.947461,-21.470875,50.05,70.0,26.937174424546807,-21.48965435495284
-0.365709,-0.468658,10.738278,3.563892,50.05,70.0,10.721131032650792,3.544694918970184
-0.736461,0.292829,0.340261,0.080889,50.05,70.0,0.34813117195765453,0.07828622986413675
-0.427629,0.836497,-0.709042,0.584851,50.05,70.0,-0.7047293864867141,0.5664580738018489
-0.991613,-0.031562,1.010626,-0.000454,50.05,70.0,1.0105806000389903,0.006229712004318112
-0.46457,-0.026308,-0.565859,-0.005622,50.05,70.0,-0.5664211259637993,-0.024654602752940007
-0.162197,-0.044008,-0.079047,0.029432,50.05,70.0,-0.07611441152533176,0.04789012217906674
0.360795,-0.125459,-0.477442,0.044956,50.05,70.0,-0.47298416195938503,0.03038211070245627
-0.581603,0.993187,0.784102,0.434371,50.05,70.0,0.8005967476130164,0.4201375094158654
0.4866,0.283714,-0.518264,0.247915,50.05,70.0,-0.49935108248766613,0.23086736044352726
0.383026,-0.48127,0.410217,0.036076,50.05,70.0,0.413805068421883,0.026835295840706912
-0.698333,-0.884964,0.581941,-0.524307,50.05,70.0,0.5720023966018218,-0.543771686359383
0.40715,0.967609,0.506453,0.181386,50.05,70.0,0.5222053164540955,0.16498534004128054
0.606864,-0.433253,-0.598871,-0.423873,50.05,70.0,-0.6159364356951673,-0.4436566020972974
0.312709,-0.307842,-1.186048,-1.177786,50.05,70.0,-1.17836558533488,-1.1590188259903003
0.106674,0.867511,-1.018909,-0.864058,50.05,70.0,-1.000426819700527,-0.856599563501294
0.256054,-0.50683,1.503866,-0.92869,50.05,70.0,1.5238184929893912,-0.9221211970106999
-0.288978,-0.859113,0.826074,-0.306094,50.05,70.0,0.8060902599226408,-0.3170882324075524
0.886224,0.75961,-0.399142,0.168639,50.05,70.0,-0.3842065628118662,0.16039415733693385
0.768087,-0.766354,0.719007,-0.667554,50.05,70.0,0.7229054286670673,-0.685532889364683
-0.104354,0.122631,-0.31543,-1.562478,50.05,70.0,-0.3354127038533808,-1.562605072609129
-0.93853,0.127841,6.286634,0.15385,50.05,70.0,6.300545932197752,0.1738470267031313
0.629307,0.762573,-0.542316,0.365302,50.05,70.0,-0.5229663394303018,0.3471227905062003
0.570389,0.531641,0.531933,0.255156,50.05,70.0,0.5510689479068718,0.23743393749847336
-0.708309,-0.545187,0.383147,-0.118063,50.05,70.0,0.3720145451676018,-0.12482577926941177
-0.965516,0.576203,5.161568,2.321664,50.05,70.0,5.145206559982454,2.3372769045083097
0.246037,-0.855836,27.559976,-0.560488,50.05,70.0,27.553322237345323,-0.5423103258112835
-0.039303,-0.563715,1.936222,-1.644636,50.05,70.0,1.9175696614154751,-1.6639825287306347
-0.355414,0.557997,-0.977768,0.524072,50.05,70.0,-0.9678090103897699,0.5275827362265443
0.256005,0.675189,4.165005,-2.498374,50.05,70.0,4.166493634323465,-2.506248359291004
-0.092444,0.295032,0.098018,-0.067423,50.05,70.0,0.09140268278278683,-0.04977719002586409
0.609035,0.059025,-2.007831,0.178744,50.05,70.0,-1.9922428444368636,0.16240134578168489
0.029768,0.318538,-0.23696,0.988891,50.05,70.0,-0.2564238662257772,0.9964206468860818
-0.329102,0.779479,-0.428165,0.368512,50.05,70.0,-0.4088990205880636,0.35771887622977055
0.698758,0.02471,-1.173337,0.033583,50.05,70.0,-1.1699944592283973,0.05187320764093806
-0.692236,-0.411541,0.106365,0.084824,50.05,70.0,0.11459537816222606,0.10206166071672398
-0.768315,0.935393,0.76393,0.540302,50.05,70.0,0.7724502848916764,0.5247261444446716
-0.853715,-0.394214,1.727137,-0.559943,50.05,70.0,1.7204318666017069,-0.5740327868863144
0.450854,-0.493951,0.229873,-0.146166,50.05,70.0,0.21652324200033204,-0.137984660728178
0.162741,-0.819943,4.969302,-0.70578,50.05,70.0,4.976855931603546,-0.6865937048754119
-0.776108,-0.04652,-0.074453,-0.124666,50.05,70.0,-0.08612784298543383,-0.10603588208341092
0.143903,0.579269,-5.774379,4.969215,50.05,70.0,-5.780034121521395,4.952680794890485
-0.232113,0.872667,-0.227119,0.071543,50.05,70.0,-0.22011630417514355,0.0799748594012803
0.913292,-0.293748,0.649398,-0.265465,50.05,70.0,0.6299878603869167,-0.2853540167897996
0.972866,0.967105,0.746142,0.486508,50.05,70.0,0.7591643009445819,0.46987937141186037
0.139453,-0.218548,0.122193,0.049312,50.05,70.0,0.12707438886518424,0.06569389638387899
0.869783,0.445229,0.38334,0.12548,50.05,70.0,0.3950808379495896,0.1186990607257484
0.97038,-0.827851,1.002939,-0.611624,50.05,70.0,1.0012714849564501,-0.6056695511271099
0.309414,0.325073,-0.229446,0.556663,50.05,70.0,-0.22243276453938274,0.5648832845324947
-0.504824,-0.580775,-0.752371,-0.376047,50.05,70.0,-0.7714210931485809,-0.3923215199233572
0.920571,0.031339,-0.88029,0.053872,50.05,70.0,-0.8749677086253866,0.04775294551257662
0.712405,-0.60931,0.691934,-0.568517,50.05,70.0,0.686042559268511,-0.5875137693153409
-0.675002,-0.75414,0.703068,-0.723386,50.05,70.0,0.7122207684171475,-0.7420053140868397
-0.826358,-0.601406,-0.653598,-0.165764,50.05,70.0,-0.6683406900830025,-0.1856044496964775
0.16943,-0.388936,-0.271585,0.825878,50.05,70.0,-0.28828130755642145,0.830103345660679
-0.845264,-0.360043,-0.396788,0.096836,50.05,70.0,-0.3874783446133508,0.08880619036541443
0.749971,0.767675,0.572543,0.355936,50.05,70.0,0.5921082602928752,0.3367087000057285
0.306308,0.116302,-0.258529,0.028817,50.05,70.0,-0.25565726057106686,0.0343085699980661
0.695007,0.987501,-0.645105,0.452443,50.05,70.0,-0.6296981559812433,0.4325134050416697
0.928525,-0.277369,-1.35351,0.096816,50.05,70.0,-1.344202114773781,0.11451541912144834
0.255513,0.401277,-1.235168,0.550553,50.05,70.0,-1.2275859231941852,0.5704378804576683
0.262536,0.438093,1.903774,0.527962,50.05,70.0,1.9133937840341595,0.5080504678201297
-0.972032,-0.940092,-0.233763,0.165062,50.05,70.0,-0.21906783800784935,0.17288684999161696
-0.118671,-0.49701,-4.632916,-3.206918,50.05,70.0,-4.62649900126999,-3.2146577981410873
0.75406,-0.512029,0.140248,0.103236,50.05,70.0,0.15011922902614758,0.11851685539092857
0.324256,-0.235579,0.54712,0.327574,50.05,70.0,0.567075028087682,0.3091997835946156
0.629876,0.319995,-0.534943,0.387398,50.05,70.0,-0.516269059700765,0.3695384398440402
0.149589,0.15021,11.557778,18.777963,50.05,70.0,11.550770628246168,18.784454721794997
0.577094,-0.78467,0.921266,-0.112528,50.05,70.0,0.9105975780452168,-0.11464520515962542
0.051563,0.614721,-1.498084,-11.835531,50.05,70.0,-1.5078929890363473,-11.828418893723741
-0.381288,-0.312364,-0.229181,0.045173,50.05,70.0,-0.22470201049075328,0.05341743547619619
0.100748,-0.729722,-2.053116,-1.937276,50.05,70.0,-2.0479434316803085,-1.9506133075646388
-0.431339,0.481293,-2.53814,-1.127899,50.05,70.0,-2.526136973040613,-1.1080533789443572
-0.904917,-0.938404,0.841632,-0.904214,50.05,70.0,0.8612670855962149,-0.9138766503979883
0.249054,-0.157821,6.185971,0.493144,50.05,70.0,6.19848256730855,0.5108274976464802
-0.504531,0.350245,-0.553918,0.310039,50.05,70.0,-0.5339222439965527,0.29140697427916434
0.567066,0.675798,0.611053,0.630107,50.05,70.0,0.6108741554553854,0.6101814783665587
0.145324,0.454156,-4.224998,-4.608194,50.05,70.0,-4.2076513128410005,-4.621149157890148
0.998263,-0.199605,-0.280052,0.070704,50.05,70.0,-0.2731279546348392,0.07409821840456883
-0.753766,-0.542316,0.521793,-0.380767,50.05,70.0,0.5028919336695619,-0.3979965145378655
-0.702097,-0.138009,-12.488528,-0.104604,50.05,70.0,-12.49851797363823,-0.08609984091129089
0.47879,-0.981795,0.151055,0.118646,50.05,70.0,0.16223584108824937,0.13320766122526828
0.977353,0.377758,-4.638242,-1.423348,50.05,70.0,-4.653048513597799,-1.4305940100682417
0.972519,-0.871961,-0.555877,-0.603624,50.05,70.0,-0.5583401831801877,-0.6223263368835728
0.952626,0.78509,-0.391098,0.02946,50.05,70.0,-0.38816264181789656,0.02195449568123916
-0.986042,-0.40419,28.885309,13.503932,50.05,70.0,28.865315042468605,13.523856848617788
0.776481,0.313062,0.672963,0.045503,50.05,70.0,0.6774741452225587,0.025999216550283148
-0.363088,-0.420208,-0.081154,-0.059252,50.05,70.0,-0.08699290379429422,-0.04087602539435245
-0.441856,-0.27674,-0.224774,-0.081359,50.05,70.0,-0.23268735827037546,-0.07271508392643199
0.831364,0.729773,0.657979,0.450062,50.05,70.0,0.6735365685136315,0.43028153305672506
-0.709529,0.947862,0.464725,0.069825,50.05,70.0,0.4715665145034207,0.056150885221331555
0.723556,0.797985,0.737384,0.7889,50.05,70.0,0.7229964275197245,0.7718008491466645
-0.258334,0.183541,-0.183865,0.011816,50.05,70.0,-0.18268408726529028,0.023943140993656152
0.780231,-0.654815,0.745477,-0.651039,50.05,70.0,0.7477441630996841,-0.6677044858205391
0.516588,0.302161,0.333931,0.074207,50.05,70.0,0.34118260393819305,0.07223304546088652
0.411731,-0.041329,-0.271078,0.052235,50.05,70.0,-0.2659136823522144,0.056509887647296406
-0.608359,-0.681534,0.631117,-0.450329,50.05,70.0,0.6155762240199588,-0.4703270421743625
-0.548709,-0.148661,0.511357,-0.07839,50.05,70.0,0.5037171747237225,-0.09506636568065621
-0.545416,-0.801298,-0.815941,-0.231303,50.05,70.0,-0.8342491169188897,-0.2431292272659266
0.590856,0.521576,0.580025,0.306846,50.05,70.0,0.6000116305272363,0.2874262387253989
0.128007,-0.590031,0.318257,0.448825,50.05,70.0,0.33389200535777264,0.4484152552048049
-0.650526,0.607733,0.108877,-0.111645,50.05,70.0,0.09828337031791022,-0.09453608087658323
0.171613,0.29454,0.172708,0.149274,50.05,70.0,0.18628756488648807,0.16226901246112396
0.33996,-0.295642,-6.384585,0.327909,50.05,70.0,-6.364632245188051,0.345393117112139
-0.863082,0.183252,-0.426862,0.065776,50.05,70.0,-0.4204023348409626,0.055092802192110824
-0.078066,-0.052183,-0.073543,0.055047,50.05,70.0,-0.06810753801245231,0.07371002404409338
0.956783,0.646268,0.423216,0.295274,50.05,70.0,0.4431269029191945,0.28490078707316135
-0.178565,0.854166,-0.023379,-0.176877,50.05,70.0,-0.03884950735508449,-0.15701348888364736
-0.02432,-0.743178,-2.830556,-0.265301,50.05,70.0,-2.849962179490326,-0.2656132484905466
-0.585596,-0.110745,0.36873,-0.029728,50.05,70.0,0.3657681346795644,-0.035117612681648445
0.704962,0.291577,-0.536451,0.141782,50.05,70.0,-0.5234308646096285,0.1238550730322271
0.542604,-0.461755,-0.328377,-0.012493,50.05,70.0,-0.32962548772282513,-0.013913576254385081
-0.716563,0.717954,0.661689,0.554543,50.05,70.0,0.6689003762035736,0.5348207517797577
0.657814,-0.118339,0.496526,0.036292,50.05,70.0,0.500135315877946,0.020479443582032894
-0.92775,-0.692822,-0.903191,-0.513868,50.05,70.0,-0.914021543784342,-0.5177714627674772
-0.253545,0.675433,-0.226219,2.110436,50.05,70.0,-0.24428501386129342,2.1189493844198566
-0.003902,0.424785,-3.669787,1.286572,50.05,70.0,-3.6668046705951696,1.3041176941418642
-0.637018,-0.360158,0.535709,-0.238811,50.05,70.0,0.5171116317737117,-0.25670490676454716
0.831196,-0.088769,2.574393,0.282043,50.05,70.0,2.5941356900125245,0.30111636588265034
0.060676,-0.219241,-7.989247,-8.742141,50.05,70.0,-7.983881688679068,-8.754659652637368
-0.783055,-0.798293,0.248221,0.070604,50.05,70.0,0.25513566290109146,0.07707901990079787
-0.905943,-0.182274,2.873943,1.742873,50.05,70.0,2.8869859377827134,1.738263845199243
0.514287,-0.386635,0.426839,-0.246462,50.05,70.0,0.4079738324842287,-0.2571432533552696
-0.174798,0.164986,0.109753,-0.062529,50.05,70.0,0.10360147022599167,-0.045465612190452656
0.915992,-0.915285,-0.793323,-0.861917,50.05,70.0,-0.7749236909357773,-0.8754878110189672
0.799189,-0.03401,-2.491209,0.131481,50.05,70.0,-2.4789877047987483,0.15135940599748593
0.401865,0.139054,0.118518,-0.023658,50.05,70.0,0.11615771339352411,-0.0070680616270634745
-0.924009,0.186733,2.888156,0.618967,50.05,70.0,2.8890908123582517,0.6129876008556521
0.42849,-0.372349,0.459067,-0.199188,50.05,70.0,0.4422815914350698,-0.2124438013854248
-0.075986,0.89567,0.791406,-3.308181,50.05,70.0,0.8062042695790422,-3.321892001193901
-0.467118,-0.859213,0.979488,0.969699,50.05,70.0,0.9596729626872726,0.9733789336463599
-0.796775,0.610572,-0.552409,0.117312,50.05,70.0,-0.5413390139851877,0.09873535349793625
-0.111609,0.191977,-2.697657,-0.182568,50.05,70.0,-2.713481871827337,-0.1704820808173975
0.563378,0.701285,-0.411205,0.276206,50.05,70.0,-0.391564033208602,0.2668777870257271
0.49311,-0.298603,0.421862,-0.206895,50.05,70.0,0.4046701157625816,-0.21715221177642116
-0.628397,0.532844,0.68396,0.507489,50.05,70.0,0.6953212162606452,0.4882580139247178
-0.483358,0.196159,0.452178,0.20482,50.05,70.0,0.4692629330875958,0.1920878115096938
0.841733,0.999021,-0.351458,0.089821,50.05,70.0,-0.34277481080293815,0.08611270973351616
0.537561,0.787228,-0.917737,0.546083,50.05,70.0,-0.9097432179609037,0.5436152255719955
0.940186,-0.289195,-0.318103,-0.020446,50.05,70.0,-0.32014404051731354,-0.020840347907484708
-0.507673,-0.452155,0.629267,-0.346372,50.05,70.0,0.6095258547514928,-0.36637177510192676
0.625667,-0.419614,-0.586173,-0.407974,50.05,70.0,-0.60401274852635,-0.4275315793843863
-0.459228,-0.24951,0.49511,-0.180917,50.05,70.0,0.47938662504553353,-0.19664245957172274
0.487087,0.476843,-0.052592,-0.0958,50.05,70.0,-0.06180983899753935,-0.07648750425492021
0.294997,0.017534,0.280629,0.074696,50.05,70.0,0.2879261546985485,0.07803334136069193
0.696073,0.890728,-0.53249,0.503909,50.05,70.0,-0.520835990351806,0.4861611899708077
0.458868,0.188629,0.314486,0.078878,50.05,70.0,0.32217090178690677,0.07884532655043157
0.282094,-0.839246,-5.84187,-2.29298,50.05,70.0,-5.824032530778388,-2.3048561091603386
0.787139,-0.555996,0.665666,-0.62554,50.05,70.0,0.6653881558659946,-0.6451923037701556
-0.63123,0.911673,-0.61353,0.235786,50.05,70.0,-0.5950460421273388,0.21584065025329582
0.484825,0.447356,-0.554176,0.183317,50.05,70.0,-0.5383054378203067,0.16467561195321592
0.714817,-0.072599,-0.270804,-0.06973,50.05,70.0,-0.2776365868442546,-0.06542834959712533
-0.175163,0.034591,0.105184,0.02501,50.05,70.0,0.10767848686225451,0.042307249190372466
-0.63346,-0.564161,-0.685565,-0.509092,50.05,70.0,-0.6967939280025761,-0.5282782888132205
0.150853,-0.611074,21.194351,17.285853,50.05,70.0,21.174363577780973,17.299166546545568
-0.328786,0.091173,-0.680534,-0.059214,50.05,70.0,-0.6863692692357312,-0.07853624905091895
0.343268,-0.687958,1.661393,0.783334,50.05,70.0,1.647397573376882,0.7745810008455769
-0.516901,0.450353,0.259241,0.031161,50.05,70.0,0.26234450796932873,0.03658407193801666
-0.920227,-0.259939,0.216628,0.1352,50.05,70.0,0.22914155422200164,0.14457113395316468
-0.801295,0.642056,-0.68709,0.451556,50.05,70.0,-0.6716267498447754,0.43241332534891175
-0.958214,-0.701975,0.563612,-0.885729,50.05,70.0,0.5828122806972884,-0.9046913648530309
-0.100868,0.712741,-0.527222,0.19247,50.05,70.0,-0.5108112584592783,0.17497118277800966
-0.96127,-0.062508,-2.283243,-0.027655,50.05,70.0,-2.285999695705679,-0.019488092064736784
-0.572482,0.297047,-0.548336,0.309752,50.05,70.0,-0.5283408558004834,0.2913300999043292
0.465283,0.007509,-0.278916,-0.1192,50.05,70.0,-0.2901427324521041,-0.1156938848443805
0.205158,0.097228,-0.20378,-0.011193,50.05,70.0,-0.2048987158017428,-0.0007069409349920106
0.118564,0.702799,-3.047909,2.324493,50.05,70.0,-3.064106108399237,2.3066473296529373
-0.055067,0.480705,2.316536,-47.777327,50.05,70.0,2.3140307318150946,-47.76624792570585
-0.784299,0.280867,0.529907,-0.052139,50.05,70.0,0.5247519573843056,-0.06976625212748885
0.53874,0.607649,0.57309,0.596565,50.05,70.0,0.5762520295989394,0.5773227142937039
0.756339,-0.209841,0.857269,-3.647987,50.05,70.0,0.8687201341607579,-3.6562524332688877
-0.792874,0.166401,0.227119,-0.074099,50.05,70.0,0.21987746220640436,-0.0656671405987197
0.706308,0.917752,0.909996,0.620534,50.05,70.0,0.9107742565307915,0.6173000809360296
0.655806,0.125607,5.725934,1.30079,50.05,70.0,5.730313516419513,1.2820394079083015
-0.92947,0.391123,-1.077801,-4.7662,50.05,70.0,-1.0585205499774089,-4.753676837240803
-0.393246,0.71394,-0.323845,0.373675,50.05,70.0,-0.3047240152212396,0.3727068050966009
-0.811719,-0.556213,0.3423,0.049709,50.05,70.0,0.3472198786059643,0.04690420262994539
-0.266908,0.084493,-0.270111,-0.030385,50.05,70.0,-0.27313782477484666,-0.02601569746145036
0.077241,0.197772,5.103285,-0.456028,50.05,70.0,5.088109209428166,-0.43748216097135806
-0.043185,0.189066,0.071258,0.064477,50.05,70.0,0.0775945918055939,0.08322094634407808
-0.375269,0.861287,-0.216537,0.084313,50.05,70.0,-0.20835322125361208,0.09369217222704938
-0.34442,-0.671427,1.111864,22.000595,50.05,70.0,1.1109197087033396,22.01558002789947
-0.671228,0.668612,0.709018,0.466121,50.05,70.0,0.7235173561321095,0.4477271313400788
-0.6326,-0.106196,-3.599123,-0.410351,50.05,70.0,-3.616854036398532,-0.3972106541725725
-0.831598,-0.675171,0.855374,-0.661454,50.05,70.0,0.8586724088038402,-0.6698916198471493
0.405921,0.319534,3.591407,1.027594,50.05,70.0,3.5731910197454084,1.040143021835462
0.40654,0.713359,-0.727365,-1.68449,50.05,70.0,-0.7442195301222002,-1.702087166283716
-0.570841,-0.127289,0.472787,-0.078175,50.05,70.0,0.46516704870187203,-0.09242617820570716
0.65416,0.467891,-0.564535,0.384092,50.05,70.0,-0.5457452402912629,0.3651004933599703
-0.160519,0.164544,0.129973,0.116443,50.05,70.0,0.14097050711365205,0.13236630982918537
-0.515552,-0.885092,1.604758,-0.741652,50.05,70.0,1.615494465857802,-0.7450318694887117
0.254288,-0.184078,0.244391,-0.163082,50.05,70.0,0.22983086513064693,-0.15624581696934328
0.206045,-0.994242,3.498862,-2.551297,50.05,70.0,3.4950825755815105,-2.547019297422005
-0.233424,0.837102,-8.381985,-2.506771,50.05,70.0,-8.381334802298849,-2.5163871571592717
-0.832265,0.118924,-0.544967,-0.052332,50.05,70.0,-0.5501406880862719,-0.07062012478151669
0.759329,0.040741,0.505049,0.025465,50.05,70.0,0.5075886250782184,0.00914509669574447
0.72655,-0.875909,-0.595369,-0.616089,50.05,70.0,-0.5965911911034281,-0.6358181954485015
0.600746,0.73259,0.565692,0.641166,50.05,70.0,0.5644081364606539,0.6221385348890308
0.648442,0.363864,-0.420272,0.126879,50.05,70.0,-0.4084181932509947,0.11675860795809999
-0.534627,0.520965,0.674778,0.380819,50.05,70.0,0.6936773657271457,0.36135619834573207
-0.148908,-0.701171,-11.827066,0.17087,50.05,70.0,-11.811983115705397,0.15387125792255038
-0.577575,0.698403,0.787511,0.588479,50.05,70.0,0.7914686582806255,0.5744870508440212
0.053425,-0.078456,0.054411,0.010216,50.05,70.0,0.055432155803887335,0.029480414572714258
-0.604216,0.940532,-0.950242,0.747768,50.05,70.0,-0.9614893694809099,0.7485442253868186
-0.483736,-0.144108,-0.458273,-0.099192,50.05,70.0,-0.4677905240441614,-0.11238824194206186
-0.025047,-0.962175,-1.43342,-2.710669,50.05,70.0,-1.4501072406116289,-2.697986418723155
0.727288,-0.476075,-0.586065,-0.54825,50.05,70.0,-0.5938596784859479,-0.5678053174806682
0.599995,0.114495,0.461218,0.073225,50.05,70.0,0.468377999152092,0.05980890034934549
0.323357,0.660734,-9.735567,35.072255,50.05,70.0,-9.74632448668309,35.071917993337124
0.955579,0.411378,-0.998229,-0.209508,50.05,70.0,-1.0155529315480576,-0.2040048019813957
0.027098,-0.571841,0.075795,-0.40268,50.05,70.0,0.05772220818809767,-0.38409911317696027
-0.932805,0.350907,-8.798531,-1.222763,50.05,70.0,-8.795159766001703,-1.2027640728409212
-0.306827,-0.836897,0.313395,-0.311334,50.05,70.0,0.2933969954979028,-0.3112575736501055
0.272252,-0.262599,-0.20919,0.043926,50.05,70.0,-0.20483262947809922,0.05394760043305146
0.492778,0.120945,4.228677,1.374444,50.05,70.0,4.239788173016409,1.3612107664763209
0.719448,-0.241251,-0.1062,0.018964,50.05,70.0,-0.10430644042523715,0.03621002211708625
-0.704224,0.107332,0.701306,0.253207,50.05,70.0,0.7203843719466749,0.23452407753028215
-0.064813,0.682232,12.175849,-14.790509,50.05,70.0,12.195692659870964,-14.79796104726491
0.270763,0.712381,-8.755324,-1.798333,50.05,70.0,-8.763717967054637,-1.778754541709805
0.995208,0.457488,-0.663067,0.690373,50.05,70.0,-0.6691733597951165,0.6706741054439149
0.997719,0.665175,0.750926,0.717535,50.05,70.0,0.7422973086922271,0.7011769151444023
-0.395447,-0.276173,0.377929,0.371389,50.05,70.0,0.39711576123169856,0.3651195305560261
0.352518,0.762863,0.839903,0.262897,50.05,70.0,0.8592496337526804,0.25308333044174103
-0.566023,0.848554,0.1027,0.144636,50.05,70.0,0.11593544152365634,0.16205661090430878
-0.359305,-0.841805,0.289858,0.269276,50.05,70.0,0.3093564832444663,0.2717001513031813
-0.224567,-0.302882,0.911536,-0.081264,50.05,70.0,0.9036313673617274,-0.08434585124044364
-0.535841,0.118356,0.560607,0.212407,50.05,70.0,0.5780739706007075,0.19354230622728205
-0.798045,-0.749233,-0.773443,-0.700627,50.05,70.0,-0.7663686541838298,-0.7155887315415608
-0.358387,0.590589,-1.145884,-0.117661,50.05,70.0,-1.156983035598335,-0.10064999189216364
0.036832,-0.970733,-8.294074,45.420562,50.05,70.0,-8.278306796872224,45.40439750939875
0.892192,-0.935622,-0.840882,-0.94062,50.05,70.0,-0.8208828628453616,-0.9503482483465988
0.997679,-0.010929,-3.075083,0.122226,50.05,70.0,-3.063607134071673,0.10332172951365562
0.318111,0.491253,0.651798,0.548058,50.05,70.0,0.6596103566995277,0.528195663152727
0.484921,0.066757,0.505064,0.162008,50.05,70.0,0.5195502950745604,0.1456872296535565
-0.012212,0.758248,1.410378,-7.371278,50.05,70.0,1.4253071417696654,-7.356901764478625
-0.124466,0.100287,-0.260161,-0.367553,50.05,70.0,-0.2794525003452914,-0.36221853844607715
-0.474462,-0.280352,-0.508051,-0.217934,50.05,70.0,-0.5257804849200871,-0.2344255916141994
0.122609,0.684036,4.189549,-6.084824,50.05,70.0,4.206289316835525,-6.094889641464291
0.58647,0.807039,-0.279429,0.149734,50.05,70.0,-0.2658156997752136,0.15318959810709037
-0.098689,-0.662402,0.15102,-4.60287,50.05,70.0,0.1680955833837001,-4.588305939786508
-0.994079,0.51803,-0.824524,0.594299,50.05,70.0,-0.8211384281169861,0.583175619110561
0.524977,-0.713984,-0.113589,0.069375,50.05,70.0,-0.1067897880359728,0.08623516281116188
0.076603,-0.525152,19.680499,16.155004,50.05,70.0,19.664753352855914,16.14441972604265
-0.229796,-0.174085,0.47002,0.858613,50.05,70.0,0.4517527122857207,0.844557315588097
0.161683,-0.596226,-21.222608,0.151201,50.05,70.0,-21.208887595292886,0.1664835298275725
-0.763527,-0.594192,0.446192,-0.1343,50.05,70.0,0.43374877959029245,-0.14656492288642048
-0.577539,-0.695617,0.696848,-0.530892,50.05,70.0,0.6874861199396434,-0.5497293701416822
0.761286,0.930431,0.874126,0.748775,50.05,70.0,0.8627955059420565,0.7420721027531294
-0.241801,0.04219,0.205898,-0.02682,50.05,70.0,0.20322403109158826,-0.016514879990334026
-0.911857,0.426436,-0.337815,0.83904,50.05,70.0,-0.35519924977948014,0.8366799383465161
-0.887749,-0.400064,-0.591385,-0.486613,50.05,70.0,-0.6043993298703084,-0.5062729466062902
0.128835,-0.67722,0.254452,-0.592686,50.05,70.0,0.25090756778843876,-0.5868035681962519
-0.029149,0.099314,0.042557,0.031768,50.05,70.0,0.045720458320661586,0.051316931234842114
-0.827269,0.088212,-0.290089,0.019095,50.05,70.0,-0.2881823996782048,0.021496220003393088
0.582148,0.165888,0.498536,0.201444,50.05,70.0,0.5154430000278317,0.18550917249857132
0.082259,0.535166,0.339547,-0.143539,50.05,70.0,0.32639399980725087,-0.14607096089839772
0.527962,-0.545063,0.623192,-0.322518,50.05,70.0,0.6032094645688479,-0.34251143003043516
-0.869254,0.446606,-0.484118,0.235913,50.05,70.0,-0.46562919554729276,0.22089011566114403
0.109166,0.747399,-0.050392,-0.122352,50.05,70.0,-0.0618781830522048,-0.10298348701650811
-0.465831,0.778506,-0.512955,0.536145,50.05,70.0,-0.5040604919414603,0.519380951731661
0.356861,-0.243049,0.379554,-0.232527,50.05,70.0,0.3611969563113844,-0.2389505703114792
-0.918877,0.428596,-5.375978,0.446263,50.05,70.0,-5.360184517640674,0.4427542046813
-0.594997,-0.107375,2.102688,-0.798749,50.05,70.0,2.1177419835242017,-0.8080224244918698
-0.64687,0.060541,1.407202,0.008941,50.05,70.0,1.4080958022144328,0.023536210645846642
-0.485131,0.396522,-0.627385,0.270095,50.05,70.0,-0.6078684544814934,0.2500952178695047
0.348825,0.707863,-15.999506,-5.118632,50.05,70.0,-16.008392466181597,-5.120888836191749
-0.95285,-0.549339,3.324063,-1.260164,50.05,70.0,3.323710324423571,-1.27240174705495
-0.743921,0.912374,-0.704837,0.721224,50.05,70.0,-0.7137970056680121,0.7026700007625195
0.269568,0.62876,0.396851,1.096128,50.05,70.0,0.38246845804304297,1.0880924208257563
-0.43676,-0.628852,-0.133636,0.159025,50.05,70.0,-0.11935697730092991,0.17472401123176456
0.878984,-0.915575,-0.614287,-0.438289,50.05,70.0,-0.6305570276703695,-0.4582397992223094
-0.073524,0.276017,0.343571,1.006653,50.05,70.0,0.32459181025172523,1.0037224161724558
-0.982945,-0.350382,-19.649293,20.72813,50.05,70.0,-19.648654956908125,20.715037240917024
-0.871556,-0.240593,-0.368257,1.396017,50.05,70.0,-0.355420133015302,1.3906729525232988
0.356345,-0.902801,-0.067511,-0.010797,50.05,70.0,-0.06859017563369449,0.008074344455043304
0.623147,-0.770728,-0.558069,-0.621929,50.05,70.0,-0.5587078443858268,-0.6407078832829147
0.372432,-0.531295,5.668663,1.292475,50.05,70.0,5.672227645982599,1.2725225650803735
0.516805,-0.054586,0.924616,0.087894,50.05,70.0,0.9331251977376749,0.08611019390161034
0.567489,-0.207794,-0.096911,0.075464,50.05,70.0,-0.08954239361759742,0.09316164648455519
-0.385447,-0.204847,5.319386,0.59023,50.05,70.0,5.323171871283189,0.5923581146943862
-0.857881,-0.409367,-0.265303,0.09508,50.05,70.0,-0.25614911744657914,0.09991718101017526
-0.231066,0.468583,1.947733,9.026253,50.05,70.0,1.9659798366743797,9.007230187928918
-0.519154,0.573668,0.527467,0.372525,50.05,70.0,0.5466213872085389,0.35501433228070006
-0.356632,0.088238,0.324936,0.037852,50.05,70.0,0.32869864320398545,0.03677484795540904
-0.987354,-0.466537,-0.349917,0.285912,50.05,70.0,-0.3301161456281904,0.28235524627711905
0.908612,-0.955678,-0.738787,-0.741562,50.05,70.0,-0.7280581284813374,-0.7585879573980185
-0.077377,-0.47606,-0.109969,0.073474,50.05,70.0,-0.10278575673510844,0.09052611056677429
0.866905,0.079222,-0.216051,0.016087,50.05,70.0,-0.21444403409726379,0.025509068992227168
-0.512735,0.464833,-0.570141,0.257727,50.05,70.0,-0.5509318820159346,0.23856720656974173
0.449443,-0.204532,-0.334584,-0.083291,50.05,70.0,-0.3426744199476128,-0.08532992507239232
0.436689,-0.569537,0.104417,-1.331728,50.05,70.0,0.09708308827312233,-1.3143923740192214
-0.20818,-0.88257,10.143607,1.823318,50.05,70.0,10.149673649415416,1.841304678042018
0.648024,-0.660944,-0.328257,-0.104226,50.05,70.0,-0.33821420912149974,-0.10563460630822902
-0.485584,0.784658,-0.190595,-0.025795,50.05,70.0,-0.19316735447516348,-0.014209787844415872
-0.25162,-0.983662,2.726811,3.117418,50.05,70.0,2.729222582989876,3.127061083961351
-0.401958,0.297692,4.755209,1.191118,50.05,70.0,4.748773656950812,1.1953673631819253
-0.696871,-0.304999,0.35969,-0.277935,50.05,70.0,0.34001715352714273,-0.28244884717086355
-0.12314,0.378814,5.367353,-24.991242,50.05,70.0,5.380351658009879,-24.993898673457426
0.730191,0.318598,0.82267,0.36174,50.05,70.0,0.8421066828511737,0.35046301901876464
0.670842,0.836519,0.553859,0.544699,50.05,70.0,0.5619794540962613,0.5260691196326814
-0.631646,-0.082534,-1.127059,0.168951,50.05,70.0,-1.1121028304887213,0.1848981756682282
0.846619,-0.872141,0.85097,-0.848751,50.05,70.0,0.8688137221542981,-0.8575858312401501
-0.065879,0.764808,-2.202634,-1.300874,50.05,70.0,-2.2070217121673963,-1.3005221039103132
0.130873,-0.421671,0.096409,0.155502,50.05,70.0,0.11043914132239464,0.1732229746061337
0.977287,-0.741758,-0.85736,-0.573153,50.05,70.0,-0.8628068679705732,-0.5814101458827841
-0.718848,0.320331,-0.463462,0.29798,50.05,70.0,-0.44352740647570754,0.2843983256758908
-0.196845,-0.371618,-1.159182,-0.629386,50.05,70.0,-1.1590752535786164,-0.6117137621438765
0.216109,0.145728,-0.058231,-0.047814,50.05,70.0,-0.06296698358892491,-0.02865574076788877
-0.748079,-0.962014,0.688451,-0.339323,50.05,70.0,0.6686090946624215,-0.35842581085675035
-0.573695,-0.091381,0.020545,-0.170278,50.05,70.0,0.0055010588871331235,-0.15038343149414538
0.162618,-0.883709,13.147531,-11.888466,50.05,70.0,13.142623036253164,-11.907912598449233
-0.501615,-0.636351,-0.503103,-0.388486,50.05,70.0,-0.5217377068057728,-0.404692642330998
0.856016,-0.944634,-0.832245,-0.877066,50.05,70.0,-0.8133051746476406,-0.8875395839289257
-0.455793,-0.510361,0.609948,-0.226809,50.05,70.0,0.591825387508036,-0.24672469020148055
0.360643,-0.680189,-0.819033,0.137381,50.05,70.0,-0.8063500573816789,0.1258055283586164
0.064364,-0.229716,0.351913,-0.256578,50.05,70.0,0.3327361906925544,-0.26033099167967955
-0.841363,-0.794525,0.869525,-0.760725,50.05,70.0,0.8818194224505135,-0.7678595762601244
0.41167,0.932838,0.227134,-0.942897,50.05,70.0,0.2471339560670338,-0.9344665008002071
0.207598,-0.893536,-4.517893,0.006709,50.05,70.0,-4.517222225816528,-0.00981670125619145
0.343899,-0.081538,0.288179,0.047635,50.05,70.0,0.29289759079516026,0.05022572602797314
-0.401804,0.872677,0.712837,0.328178,50.05,70.0,0.7327878888821203,0.3099374236589248
-0.923043,0.424477,0.776891,0.342194,50.05,70.0,0.7966948349275831,0.32746329018725134
0.191364,0.258664,0.032325,-0.158641,50.05,70.0,0.018072891111757375,-0.13890165824088835
-0.632079,0.655957,0.017395,-0.122344,50.05,70.0,0.005909471867785706,-0.1024195988316569
0.666797,0.864189,-0.740726,0.525683,50.05,70.0,-0.7309070388549015,0.5087595771383149
0.416819,-0.530011,0.967463,4.296373,50.05,70.0,0.977214037315653,4.29886502659758
0.104859,0.360245,1.076215,-0.446417,50.05,70.0,1.060430970630084,-0.43401788950082026
0.642494,0.391201,0.485014,0.212173,50.05,70.0,0.5024695606056798,0.19709111823895206
0.910283,-0.878218,0.614365,-0.32178,50.05,70.0,0.5943795171425487,-0.3417313444859262
-0.211675,0.37516,18.737323,16.333778,50.05,70.0,18.737072626673395,16.35071071826099
-0.686913,-0.949269,-0.637881,-0.827416,50.05,70.0,-0.6211005154383576,-0.8473931441498836
-0.35966,-0.810445,0.004556,0.203829,50.05,70.0,0.02158920465318896,0.2238238109404017
0.848985,0.899042,0.837654,0.698005,50.05,70.0,0.8308255044857781,0.6879959911422677
0.19675,0.774553,-0.559111,0.720819,50.05,70.0,-0.5680347789686695,0.7020045196993278
-0.080233,-0.478986,-7.176389,2.451042,50.05,70.0,-7.182512274455007,2.446164286288519
-0.315142,-0.585987,-0.147538,-0.54381,50.05,70.0,-0.15573961602654152,-0.5290095161569994
-0.675786,0.072907,11.572949,0.643388,50.05,70.0,11.57144347854596,0.6484274714750962
-0.654471,0.300541,0.477961,0.448046,50.05,70.0,0.4936444644233952,0.43343661667168343
-0.800117,0.435414,-0.350982,0.174799,50.05,70.0,-0.3356440217423403,0.17113749482692828
0.000267,0.494175,-1.173787,26.959695,50.05,70.0,-1.1680677810141746,26.978003366637935
-0.398226,-0.977809,0.057573,-0.194101,50.05,70.0,0.0410695783118737,-0.17492395601790547
-0.041495,0.594575,1.238678,-1.27917,50.05,70.0,1.2364294700872842,-1.2592505778071836
-0.971639,-0.334808,16.597732,-11.58736,50.05,70.0,16.578064734983048,-11.582149898182035
0.880691,-0.228394,0.731643,-0.040521,50.05,70.0,0.7276185654548868,-0.0579108503039191
-0.624899,-0.684533,0.814424,-0.581009,50.05,70.0,0.8097370435726666,-0.5929572233556325
-0.939586,0.385525,-0.168585,0.878749,50.05,70.0,-0.187578222073129,0.8920546378508483
-0.484111,-0.458,-0.491713,-0.206591,50.05,70.0,-0.5088893306737224,-0.2221043078064641
0.39052,-0.533434,12.534209,3.0631,50.05,70.0,12.541858311164601,3.0828419644104095
0.567959,-0.313789,-0.126273,0.050142,50.05,70.0,-0.1213111635068405,0.06628645146397759
0.152261,-0.941457,-0.122748,-0.210709,50.05,70.0,-0.14013163321610697,-0.19435900467816258
0.928482,-0.997489,0.89319,-0.792274,50.05,70.0,0.9078098782520836,-0.7971530416352308
-0.79945,-0.355629,-0.808648,-0.372633,50.05,70.0,-0.8277992772121225,-0.38503937429269636
0.946597,-0.540956,-0.712689,-0.554825,50.05,70.0,-0.7198740659840479,-0.5730716412128738
0.155316,0.390681,-0.1078,-0.677703,50.05,70.0,-0.1029115836905814,-0.6605385522316904
0.181001,0.082096,-0.308217,-0.021889,50.05,70.0,-0.31040153276647797,-0.021294860887103924
-0.208681,0.694817,0.965286,0.480641,50.05,70.0,0.9787479273710906,0.4829168797932851
-0.214971,0.980995,-0.772709,0.279593,50.05,70.0,-0.7530069638678487,0.2645826610030139
-0.419158,-0.791969,3.065545,-0.008128,50.05,70.0,3.0647324237195717,-0.02669952461513949
-0.6246,0.353082,0.122128,-0.059879,50.05,70.0,0.11622915651926424,-0.04349337570335728
0.251584,0.374473,8.267594,-0.159005,50.05,70.0,8.25331637776338,-0.17658280533493226
-0.236396,0.895239,-0.099376,1.336084,50.05,70.0,-0.09163860319900019,1.353665481915553
0.287902,0.768774,2.50018,-2.175712,50.05,70.0,2.5200432327273274,-2.1557548487046025
0.777995,-0.237651,0.759144,-0.196787,50.05,70.0,0.7424903436247776,-0.21265858422144054
-0.202023,0.607765,-18.753067,-24.536401,50.05,70.0,-18.74988277797226,-24.518683731908173
0.703524,0.128774,-21.757384,-3.503585,50.05,70.0,-21.737953279562003,-3.5114097050342434
0.300077,-0.598076,16.701703,0.785633,50.05,70.0,16.68754426867359,0.7805627495784309
0.129442,-0.474608,5.375317,-0.357623,50.05,70.0,5.35578741829093,-0.3610667014738313
-0.737769,0.309434,-0.784977,0.340242,50.05,70.0,-0.7651468363459145,0.3260701150052394
0.657709,0.114247,0.583796,0.110274,50.05,70.0,0.5942730939328954,0.09076752078289753
0.156629,0.468478,1.349104,-1.922089,50.05,70.0,1.3527960429919417,-1.9041887285217394
-0.295537,0.915742,-3.302851,0.403117,50.05,70.0,-3.284796967749504,0.38927340926033915
0.880968,0.433195,0.487421,-0.109264,50.05,70.0,0.47703007186890445,-0.12450286939185434
0.701701,-0.508895,-0.323232,-0.038422,50.05,70.0,-0.3270506100393186,-0.03932896232205925
-0.996109,0.404076,-1.07981,4.877672,50.05,70.0,-1.093360336588221,4.890351169267694
-0.699795,0.538577,-0.284747,0.025299,50.05,70.0,-0.28222384141960716,0.028229636326491215
-0.133631,0.067588,0.113996,-0.055034,50.05,70.0,0.10856178909369864,-0.038195764647302746
-0.041203,-0.505382,1.171805,-1.390199,50.05,70.0,1.1594196462277129,-1.3719713073093185
0.048291,-0.376214,-1.199998,-1.525661,50.05,70.0,-1.219490858451784,-1.5064576501510525
0.976387,0.142346,-2.712295,-0.331624,50.05,70.0,-2.732218794204573,-0.32073569335723545
0.407905,-0.332588,-2.973307,1.832396,50.05,70.0,-2.968111330733537,1.8190680280898763
0.186457,-0.210559,0.416739,0.137493,50.05,70.0,0.42943060060806926,0.12767890012893052
-0.87012,-0.108296,-0.448638,0.142813,50.05,70.0,-0.4355397776391814,0.13035579161715802
-0.135427,-0.116026,0.735232,-0.26711,50.05,70.0,0.7157828608727537,-0.2843197826661468
-0.041072,-0.304857,-0.40472,-0.159999,50.05,70.0,-0.4190670521471402,-0.1687487676135395
0.265107,-0.338983,-0.122373,0.305386,50.05,70.0,-0.10239223946083278,0.3217575639038409
0.71668,-0.759045,-0.647431,-0.489932,50.05,70.0,-0.6601915308778606,-0.5098407478553204
0.724407,-0.891937,0.090082,0.168455,50.05,70.0,0.10500519339187721,0.18646037381612218
-0.77883,0.201277,-8.347287,-0.778033,50.05,70.0,-8.333675130650365,-0.790531974084168
0.862046,0.403827,-0.451193,0.804283,50.05,70.0,-0.46660551349097984,0.7916269274748289
-0.872925,0.74841,0.663388,0.613823,50.05,70.0,0.6648362843188849,0.5941296799266765
0.5301,-0.603855,0.476607,-0.361303,50.05,70.0,0.4571600649563033,-0.3758195783961741
-0.990933,-0.608961,-0.576495,0.021403,50.05,70.0,-0.57435878285567,0.002070671279542014
-0.799699,-0.547354,-0.60101,-0.624246,50.05,70.0,-0.6014172249286358,-0.6440598505199414
0.622646,0.80453,0.022221,-0.160521,50.05,70.0,0.007837628483442346,-0.14064431627727206
-0.268841,-0.414004,24.906453,13.421245,50.05,70.0,24.888341110007566,13.429752119549732
-0.169605,-0.543902,0.000944,1.43338,50.05,70.0,0.01640600753103715,1.4533797772164136
0.637611,0.332815,0.491829,0.355807,50.05,70.0,0.5113969312696592,0.340286373528717
-0.383108,-0.896688,0.219678,0.083844,50.05,70.0,0.22781896239435243,0.09294460753544548
-0.633874,0.478307,0.435525,0.185881,50.05,70.0,0.45155028175577117,0.17447569576030456
0.898723,0.835969,0.739554,0.59857,50.05,70.0,0.7425178957382194,0.5815844108686419
0.125036,-0.524145,-10.447162,10.72358,50.05,70.0,-10.45134733191499,10.715800269586698
0.692051,-0.693148,0.631683,-0.513592,50.05,70.0,0.6208292636785503,-0.5335891701533487
0.253909,-0.544286,0.196364,14.242647,50.05,70.0,0.2136463678270475,14.253757202396917
0.180982,-0.237799,-3.639461,2.215224,50.05,70.0,-3.659396158948754,2.23111839111693
-0.684234,0.082877,-0.511699,-0.145549,50.05,70.0,-0.5250027514525373,-0.16224422102394284
0.919537,0.652933,-0.515893,0.225541,50.05,70.0,-0.49782438751601144,0.20861853972155486
-0.15694,0.306388,-0.378131,-0.107403,50.05,70.0,-0.38836246889018683,-0.11369164810151727
-0.541037,0.79179,-0.403913,0.372611,50.05,70.0,-0.3847610888171318,0.3639338707998595
-0.385845,-0.889443,-0.543768,-0.594276,50.05,70.0,-0.5471558386675761,-0.6125152611834627
-0.861188,0.017682,0.478505,-0.115829,50.05,70.0,0.4675588287799251,-0.13047548148430416
-0.812544,-0.422097,-0.291739,0.094558,50.05,70.0,-0.28263156009957835,0.09679533367029297
-0.187707,-0.797576,-0.280689,-0.161421,50.05,70.0,-0.2951347608812527,-0.15808957466581303
-0.857686,0.876456,-0.43819,0.028478,50.05,70.0,-0.43535181339839596,0.016854795500257834
0.593908,-0.192946,0.177378,0.054143,50.05,70.0,0.18272640929282266,0.06677951343894359
-0.847768,-0.429377,-0.770497,-0.461298,50.05,70.0,-0.7853243081324018,-0.476453598252142
-0.531844,-0.700091,0.142265,0.065564,50.05,70.0,0.14870459775457548,0.08071395061594368
-0.424624,-0.663511,-1.383915,4.036172,50.05,70.0,-1.3644858291291933,4.052256931696204
0.374044,0.556536,8.848201,1.964258,50.05,70.0,8.840476932891894,1.9835924271595158
-0.307728,0.014852,-0.193906,0.00619,50.05,70.0,-0.19328709881887485,0.017503743299880352
-0.378211,-0.587921,0.510649,0.019917,50.05,70.0,0.5126374096266637,0.003279823090324943
0.816435,-0.177756,-1.842688,-0.036948,50.05,70.0,-1.8463618192777673,-0.05650302256467718
0.455942,-0.977719,-0.56281,-0.147852,50.05,70.0,-0.5762848252064908,-0.16678871544676704
-0.518311,0.741979,-0.457687,0.606507,50.05,70.0,-0.45551016797454985,0.5933548484742077
0.447377,-0.928833,-12.145761,28.767766,50.05,70.0,-12.158250076505416,28.75761650241091
-0.894029,0.046367,1.205487,0.278371,50.05,70.0,1.22516765350449,0.2977204752357389
-0.707603,-0.675606,-0.467485,-0.250772,50.05,70.0,-0.486488893818302,-0.26464621951313455
-0.914489,0.186319,-4.715203,0.294575,50.05,70.0,-4.695298809269408,0.2948563926768749
-0.542786,-0.604836,-0.351821,-0.119224,50.05,70.0,-0.3630497185814495,-0.12296795471138551
0.528111,-0.040139,0.399699,0.048012,50.05,70.0,0.40445421812555454,0.03971644253710047
-0.621705,0.997239,1.013466,0.749477,50.05,70.0,1.002077727915258,0.7564277012376124
0.587689,-0.70506,-0.74921,-0.611725,50.05,70.0,-0.7508674499977263,-0.6281812123459471
0.049264,-0.027539,0.021177,-0.02734,50.05,70.0,0.01845150704047879,-0.007452011620790032
-0.844129,0.723196,-0.840554,0.674763,50.05,70.0,-0.8451568156560318,0.6650061064264282
0.758783,0.870521,-0.50342,0.406467,50.05,70.0,-0.4855126330794068,0.3902418027575515
0.84788,0.323233,11.196707,5.350268,50.05,70.0,11.216684153613981,5.367158350174093
0.57197,-0.901623,-0.971332,-0.700859,50.05,70.0,-0.9642359587730575,-0.6979835787802807
0.418148,-0.189311,-0.631719,-0.077204,50.05,70.0,-0.6392490855123812,-0.09720110927180406
0.2457,-0.512125,6.273295,-4.38772,50.05,70.0,6.272244512114494,-4.3677444495608935
0.707375,0.846618,-0.641265,0.397522,50.05,70.0,-0.6229773287794795,0.3775638881367458
-0.896058,-0.04536,3.141188,-0.034923,50.05,70.0,3.1377134199003622,-0.05492295906388203
-0.365056,0.49607,-0.171252,0.136967,50.05,70.0,-0.1586010955247613,0.15007234459459715
-0.558348,-0.161987,-0.25244,-0.101027,50.05,70.0,-0.26211851168937905,-0.09495256857520375
-0.510105,0.670577,-0.559801,0.654216,50.05,70.0,-0.5623835159568566,0.6353782287779509
0.390515,-0.618335,0.505165,-0.102049,50.05,70.0,0.49539717890732554,-0.11837560604008995
-0.353967,0.879676,0.395042,-0.959428,50.05,70.0,0.4149702156295217,-0.9672975959662247
0.71563,-0.400449,-0.018209,0.124389,50.05,70.0,-0.006556658917949855,0.14430616532285168
-0.340771,0.662514,-1.127359,-0.932528,50.05,70.0,-1.1073837445063874,-0.9165627371120928
0.876101,0.636961,-0.525397,0.292958,50.05,70.0,-0.5055092682210817,0.27554828200823067
-0.601938,-0.771492,0.578297,-0.614032,50.05,70.0,0.5768695615981708,-0.633409715643437
-0.473489,0.078607,-0.378463,-0.159297,50.05,70.0,-0.3927610548063121,-0.16561715551407313
-0.857254,0.130279,-1.618425,-0.282349,50.05,70.0,-1.6381725596004773,-0.28706697597374775
-0.396379,0.066298,0.420492,0.107486,50.05,70.0,0.43073059969722155,0.09734663860125031
0.275105,-0.311985,-1.166941,0.0952,50.05,70.0,-1.157776449778337,0.11322214152643315
0.476249,0.32018,-0.388954,0.091614,50.05,70.0,-0.38010964200223946,0.08430765337114958
-0.734983,-0.86554,0.688328,-0.677867,50.05,70.0,0.6932323172399404,-0.696973449924678
0.876489,-0.843955,0.754816,-0.642858,50.05,70.0,0.7562686666048718,-0.6589891920627241
-0.359775,-0.739896,0.24193,-0.262742,50.05,70.0,0.22258730152573197,-0.255675063096185
0.574999,0.00775,0.759504,-0.001031,50.05,70.0,0.7594009004566297,-0.016880653710917008
0.262426,0.60198,-0.320461,1.55478,50.05,70.0,-0.30052509641545716,1.5541499308030555
-0.526357,-0.48231,0.594674,-0.258733,50.05,70.0,0.5754371148625949,-0.2784506781136177
-0.191521,-0.88751,5.614368,-1.381618,50.05,70.0,5.602667600406488,-1.4012093614538026
-0.384808,0.538739,-8.419661,0.854814,50.05,70.0,-8.437770327942859,0.8486519887319041
0.58849,0.751834,0.518053,0.600186,50.05,70.0,0.520856985082868,0.5831494035333903
0.068331,0.431603,-12.003375,28.076063,50.05,70.0,-11.98663963273126,28.05712032117433
-0.047796,0.69422,-0.108999,-0.903308,50.05,70.0,-0.08938134375943531,-0.8862054023427941
-0.247469,0.794979,-0.854717,-0.804039,50.05,70.0,-0.8393200478037854,-0.8125361411988503
-0.791995,0.94232,0.909906,0.890025,50.05,70.0,0.890589890467234,0.8867821996981405
-0.421963,0.075475,0.99402,-0.110543,50.05,70.0,0.9835200019251386,-0.10544564334715498
0.510773,0.555755,-0.689115,0.390067,50.05,70.0,-0.6705382869539713,0.3709839589393633
0.569705,-0.972981,0.894055,-0.843451,50.05,70.0,0.9116531011402995,-0.8482461096637497
-0.889199,-0.767918,0.924248,-0.741448,50.05,70.0,0.9349672489037323,-0.7432684563954739
-0.403741,0.327018,-0.378196,0.235065,50.05,70.0,-0.3597396981712361,0.2287701819115862
0.1834,0.405132,2.040818,-1.187729,50.05,70.0,2.047573280718011,-1.201956943967806
-0.953534,-0.052959,-11.832547,0.573937,50.05,70.0,-11.827175610175056,0.5566558917776313
-0.087975,-0.592876,8.802707,8.567622,50.05,70.0,8.784499518864632,8.587612242760901
-0.46144,0.57378,-0.06336,-0.147471,50.05,70.0,-0.07680664611803266,-0.12846625661445465
-0.472621,0.653826,-0.490377,0.599484,50.05,70.0,-0.48750352567615723,0.5840553585720636
0.859436,0.54512,-0.928354,0.497142,50.05,70.0,-0.9161568201490387,0.49573079403197695
-0.165395,0.21341,-0.016118,-0.026836,50.05,70.0,-0.01879355453515118,-0.006900912337148377
0.784906,-0.088227,0.636852,-0.008075,50.05,70.0,0.636044719371878,-0.028056797737193162
-0.826503,0.96129,0.600693,0.53321,50.05,70.0,0.6098494191541229,0.5134004893316095
0.408371,-0.509584,2.482611,-0.464544,50.05,70.0,2.468003474686988,-0.4447785967059367
-0.586648,0.201347,0.270136,-0.004432,50.05,70.0,0.26969283627248836,-6.513710746982801e-05
0.042247,0.039204,-0.018203,-0.032742,50.05,70.0,-0.021462594299977468,-0.012824780134548717
0.898451,0.271004,0.340762,0.869057,50.05,70.0,0.32209458640305677,0.8664045641415237
0.763968,0.003525,0.895319,0.014336,50.05,70.0,0.896751372670526,0.009663698613010675
-0.756897,0.832614,0.830109,0.784209,50.05,70.0,0.8160512004119319,0.7735540476849054
-0.260292,-0.728032,1.583968,1.409187,50.05,70.0,1.5977862382914616,1.4078707846366731
-0.031073,-0.245395,1.351008,-2.500176,50.05,70.0,1.3523168761859803,-2.4823614641942204
-0.356578,0.991119,1.15982,1.013157,50.05,70.0,1.1410559437891632,1.0308590203280183
-0.261963,-0.814148,0.121892,-0.969285,50.05,70.0,0.1417126122640537,-0.9528858550649155
0.622431,-0.796101,-0.58277,-0.457672,50.05,70.0,-0.5978381994570998,-0.4771555707620051
-0.069805,0.779045,-3.5967,5.128698,50.05,70.0,-3.586923388080099,5.141654721946936
-0.583898,0.429785,-0.368451,0.138634,50.05,70.0,-0.3556714234050346,0.13327126041586354
-0.601488,0.798501,-1.39514,0.561125,50.05,70.0,-1.3885463424432885,0.5765178576529377
0.399791,-0.718343,19.413595,11.420264,50.05,70.0,19.424093929672015,11.401288100801306
0.813648,0.978528,-0.820595,0.928531,50.05,70.0,-0.8405463914225167,0.9170832593610982
0.124924,-0.405025,-3.56803,-13.829452,50.05,70.0,-3.56867432091446,-13.818804725759012
0.741578,-0.29781,0.690843,-0.270737,50.05,70.0,0.6713125245826781,-0.28976760653855616
0.702305,-0.363385,-0.407364,-0.289074,50.05,70.0,-0.42720688849766475,-0.29806075095040097
0.595568,-0.282235,0.307765,-0.001827,50.05,70.0,0.30758230254098784,-0.0011876823918508669
0.47382,-0.505152,-0.426121,-0.364998,50.05,70.0,-0.4454783274665808,-0.3756184817118947
-0.085373,-0.867342,1.276955,1.517974,50.05,70.0,1.2962614958264729,1.5378708840726072
0.584026,-0.271382,-0.548151,-0.298608,50.05,70.0,-0.5680905699925256,-0.31702268946462453
0.881928,0.570886,0.548039,0.226456,50.05,70.0,0.5661466524430189,0.2080456835476095
0.885492,0.46368,-0.807153,0.414068,50.05,70.0,-0.7895969750953824,0.40154471310158524
-0.935487,-0.732001,0.958283,-0.713336,50.05,70.0,0.9665310071226665,-0.7117571241818347
-0.740118,0.843605,0.795666,0.748171,50.05,70.0,0.7843853298389823,0.7347732243691543
0.473422,0.801753,-0.691847,0.627437,50.05,70.0,-0.6917588472136348,0.6084375116359906
-0.938718,0.972328,11.098919,-6.284533,50.05,70.0,11.098784231737866,-6.274652317593286
-0.091494,0.252718,0.878981,-0.710744,50.05,70.0,0.8869921891645914,-0.7169875454509208
-0.576301,0.109189,3.65039,2.201282,50.05,70.0,3.6303911741151516,2.2178157009350343
-0.862644,-0.463999,0.511818,-0.380849,50.05,70.0,0.49291961597130135,-0.3975507703555549
-0.43071,-0.941666,15.409043,26.748356,50.05,70.0,15.428542924726942,26.746833574375728
-0.582677,0.941541,-0.944449,0.742163,50.05,70.0,-0.9552285435662892,0.7423601172009057
0.473643,0.518386,0.409554,0.305755,50.05,70.0,0.42953634467914187,0.29657314542997965
0.515342,-0.638637,-0.374084,-0.324937,50.05,70.0,-0.39405496713594895,-0.3308402133404953
0.435054,-0.044977,-0.429015,-0.197892,50.05,70.0,-0.4457295912839524,-0.20875658634720717
0.075858,0.938805,-2.754345,-0.435862,50.05,70.0,-2.7707549716083637,-0.42871475825323424
0.48729,-0.111017,-0.524312,-0.138209,50.05,70.0,-0.5370588557320746,-0.1555650590858959
0.139872,0.825905,-12.919213,0.390315,50.05,70.0,-12.900645489435291,0.38647076156280413
0.980588,0.750895,-0.801493,0.582058,50.05,70.0,-0.7969080864045408,0.5690984813950801
0.284923,0.700406,-0.109984,0.470741,50.05,70.0,-0.09580670152805533,0.487792326686194
-0.278645,0.80777,1.751782,1.48394,50.05,70.0,1.7699254507038684,1.468212381886762
0.195911,0.679748,-1.278356,0.533404,50.05,70.0,-1.2692168326124478,0.5532861877732858
0.518664,-0.816729,-1.496048,-0.621923,50.05,70.0,-1.4966874440793696,-0.6146209735955266
-0.766428,0.651003,-0.779182,0.641334,50.05,70.0,-0.780482628434277,0.6267592162355401
-0.594893,-0.364129,-0.575815,-0.364885,50.05,70.0,-0.595175165932093,-0.38419979352551314
0.080061,-0.409993,-1.155245,-0.419175,50.05,70.0,-1.1725506901382303,-0.40169051235453457
-0.754747,0.970983,0.981634,0.886441,50.05,70.0,0.9624139084394551,0.8903316538652004
-0.682012,-0.574322,0.685623,-0.563904,50.05,70.0,0.6792923336053514,-0.583088650435196
-0.625815,-0.067903,0.150122,0.002825,50.05,70.0,0.15040449060623304,0.017450458662505667
0.75172,0.165114,-0.102871,-0.077933,50.05,70.0,-0.11046857098521165,-0.06052079547556185
-0.927718,-0.150047,-4.412805,1.142642,50.05,70.0,-4.423597225193197,1.1226950862318166
0.155139,-0.584263,8.251364,-0.183756,50.05,70.0,8.235466761449162,-0.20204931983030952
0.300047,0.898234,23.562686,0.638481,50.05,70.0,23.561670190322413,0.6385551096380591
0.620472,0.278066,-0.373893,0.220439,50.05,70.0,-0.356048982883607,0.21455403839847229
-0.54296,0.475569,0.555516,0.313134,50.05,70.0,0.5755157372083114,0.2944444852320934
0.882395,0.416837,-0.532045,0.751041,50.05,70.0,-0.5435614913710595,0.7333137492104466
-0.218819,0.310391,-3.46101,-1.120296,50.05,70.0,-3.4484076378114388,-1.119770252464599
0.739066,-0.510961,0.580498,-0.492456,50.05,70.0,0.5679328317258288,-0.5118870177069286
0.282095,-0.83455,21.037109,2.217648,50.05,70.0,21.017194807914,2.2164924659529737
-0.290188,0.807197,8.8711,11.190082,50.05,70.0,8.85983592623485,11.208705287313503
0.558849,0.572015,-0.6666,0.450392,50.05,70.0,-0.6510631903429365,0.43075725054346503
-0.139664,0.674126,-0.27797,0.270541,50.05,70.0,-0.25844375599002256,0.2741402106154354
0.033647,-0.494756,-0.972532,0.508728,50.05,70.0,-0.9612729691343579,0.511722122066785
0.640575,0.135837,0.346129,0.372887,50.05,70.0,0.3652729409513853,0.3697036237829998
-0.983637,0.015047,1.39154,-0.000725,50.05,70.0,1.3914675001587824,0.01489520252675224
0.894119,-0.534093,-0.609626,-0.478535,50.05,70.0,-0.6232429284019285,-0.49844771089274426
-0.50867,0.780803,0.905709,0.381092,50.05,70.0,0.924599416601958,0.3774357976543309
0.96218,-0.638568,-0.038149,0.135682,50.05,70.0,-0.025597882218181364,0.1553192652547018
-0.411558,0.941937,-6.080853,-6.191095,50.05,70.0,-6.071965946768725,-6.180485941072836
-0.8566,-0.873954,-0.843695,-0.845708,50.05,70.0,-0.825990780441449,-0.8551895141608752
-0.539398,0.342191,0.548503,0.327236,50.05,70.0,0.5684602649804756,0.30880760438443516
-0.800947,0.476959,0.767786,0.517046,50.05,70.0,0.7783480186102035,0.5017149039492661
0.250509,0.312355,-4.902428,-0.052822,50.05,70.0,-4.907649004644159,-0.03655142050880106
-0.246913,0.12999,-0.232534,-0.114577,50.05,70.0,-0.24337517367880065,-0.10663919510821317
0.746342,-0.231157,0.17278,-0.030667,50.05,70.0,0.16972530306271322,-0.017677461442389825
0.943991,-0.34336,11.801153,-0.300537,50.05,70.0,11.781199373596367,-0.3160317636755378
-0.854306,-0.319631,-0.569659,-0.195509,50.05,70.0,-0.5862415475760072,-0.21465491391248281
-0.035145,-0.67477,1.811567,1.005919,50.05,70.0,1.7925647879055868,0.9872504308015586
-0.851865,0.704037,-0.818981,0.686039,50.05,70.0,-0.8246732530650758,0.6744592882108403
0.745872,-0.122892,11.519032,0.447629,50.05,70.0,11.534741306915794,0.4576412139398682
0.552241,-0.481206,0.343901,-0.019835,50.05,70.0,0.3419207499134193,-0.022798223632912257
0.367869,0.77099,5.609313,-5.53033,50.05,70.0,5.597648651615126,-5.549813452317405
0.031403,-0.207619,-0.993911,-1.439879,50.05,70.0,-1.0097769933215035,-1.4347921841409457
0.553151,0.814619,1.186164,0.498048,50.05,70.0,1.1982892535473881,0.5168191805443016
-0.705135,0.790267,-0.710324,0.78654,50.05,70.0,-0.7245466447463739,0.7681978015612103
0.014634,-0.049889,0.012731,-0.009714,50.05,70.0,0.011759981884322413,0.01024549408987879
-0.488926,0.62437,1.184217,-1.209524,50.05,70.0,1.1888848543523494,-1.1908209024826986
-0.217947,0.968648,-3.084968,0.153396,50.05,70.0,-3.0710887204562547,0.13419224760949794
0.071689,0.876349,-18.166161,-38.731078,50.05,70.0,-18.148129862365927,-38.7503244281792
0.790978,-0.02705,-5.170767,0.183237,50.05,70.0,-5.154901307358608,0.1982586812712199
-0.62342,0.174333,-0.477169,0.148423,50.05,70.0,-0.4636520347330956,0.13386782037698988
0.010742,0.547992,4.84674,-1.167444,50.05,70.0,4.855366579523341,-1.1549967857240877
0.095317,-0.012877,-0.058119,0.011682,50.05,70.0,-0.05695146415015596,0.030843471286553195
-0.421783,-0.907131,-11.800315,0.033347,50.05,70.0,-11.796995729624795,0.017905357429155517
-0.147311,0.142884,0.094548,0.069971,50.05,70.0,0.10140323189615705,0.08777748069118302
-0.541133,-0.826734,-2.249631,-0.010123,50.05,70.0,-2.2506428678238084,-0.005124927660988428
-0.926584,0.907506,0.867102,0.766108,50.05,70.0,0.8543875005036259,0.758747594258962
0.45693,-0.378083,-0.307008,-0.057128,50.05,70.0,-0.31264343154260044,-0.05641302583768377
-0.448113,0.563091,-0.993038,0.501797,50.05,70.0,-0.9812130038332393,0.5067993385575024
-0.126615,-0.011489,0.004088,-0.00958,50.05,70.0,0.0031303662987721627,0.010415822209457552
0.912662,-0.887177,0.060272,0.167352,50.05,70.0,0.07512153271438783,0.18645067396546786
-0.789501,0.849616,-0.398954,0.15445,50.05,70.0,-0.3849990245164101,0.14622228917427182
-0.498513,-0.50935,0.654955,-0.309468,50.05,70.0,0.6349605017404056,-0.3292908866546069
-0.650626,0.922685,-0.876588,0.759798,50.05,70.0,-0.8888091740322284,0.7533275661732068
-0.440326,-0.55375,0.6634,-0.050085,50.05,70.0,0.6584436855064463,-0.06977811069767363
-0.868044,0.787074,0.832414,0.480521,50.05,70.0,0.8458847996048201,0.4700618171813053
0.348265,-0.710797,0.978452,-0.017723,50.05,70.0,0.9766820186219968,-0.014144946492019136
-0.367066,0.714455,-1.668509,0.583737,50.05,70.0,-1.6640876746340134,0.5743498437284127
-0.162485,-0.885024,11.684934,-18.388122,50.05,70.0,11.699752182993011,-18.394131791482437
-0.601137,0.691287,0.819793,0.539623,50.05,70.0,0.828374665918482,0.528109588893817
0.461995,0.752951,0.182022,-0.058993,50.05,70.0,0.17620787276258817,-0.04671982199271082
0.843978,0.742265,0.840765,0.743992,50.05,70.0,0.8298318489348819,0.7342535306853264
-0.745322,-0.631693,0.671093,-0.610697,50.05,70.0,0.6693331259636515,-0.6302413270997294
-0.858503,-0.862,-0.844141,-0.860467,50.05,70.0,-0.8257990139120889,-0.869909221027953
0.371374,-0.309159,0.419375,-0.480676,50.05,70.0,0.4059156612767762,-0.49071892229305447
-0.041247,0.765467,4.300613,-3.79402,50.05,70.0,4.298207952893231,-3.8116846631390153
-0.801279,0.898339,-0.538702,0.365,50.05,70.0,-0.519344722827402,0.3469744114734399
0.378197,0.349905,-0.522229,-0.099675,50.05,70.0,-0.5317889766915472,-0.11692661360513608
0.856352,0.708697,0.468797,0.165691,50.05,70.0,0.48353475615490665,0.15172258243516396
-0.923754,0.460495,-0.659902,0.277315,50.05,70.0,-0.6402404162628046,0.2575638610650208
-0.468463,0.537152,0.369804,-0.029498,50.05,70.0,0.36686488302126835,-0.03499096129875924
-0.081147,0.166539,-4.795211,0.480014,50.05,70.0,-4.781702768773275,0.48806150814142313
-0.986322,0.888452,0.041708,-0.115808,50.05,70.0,0.030763586395162287,-0.09624131552630733
0.216895,-0.6425,17.292117,-1.184062,50.05,70.0,17.299216275284603,-1.182727252266243
-0.492537,-0.061564,-0.446567,-0.054755,50.05,70.0,-0.45197435525277696,-0.06704952225476536
-0.699494,-0.390233,-0.557089,-0.435985,50.05,70.0,-0.5734919372281521,-0.45472993916170684
-0.64535,-0.396631,0.46884,-0.290926,50.05,70.0,0.44897479446918326,-0.3048974946972535
-0.184422,0.419306,-0.988945,2.259371,50.05,70.0,-1.0080441445868482,2.263976028064581
-0.719418,0.747398,0.56789,0.360553,50.05,70.0,0.5873543139049417,0.3414589780155725
-0.483941,0.400065,-0.550854,0.229232,50.05,70.0,-0.5326302275455043,0.21071352720454842
-0.113855,0.440546,-0.464583,-7.09201,50.05,70.0,-0.44888504847226923,-7.105673748772064
0.257735,-0.242962,-0.325631,-0.149539,50.05,70.0,-0.3392300081578587,-0.15068554453079633
0.543762,0.99967,1.549529,-0.016928,50.05,70.0,1.5478382204594805,-0.014805273052878267
-0.538753,-0.81882,9.998046,2.102756,50.05,70.0,9.980322701384674,2.122003132258307
0.091061,0.467037,0.093204,0.092363,50.05,70.0,0.10211547420246668,0.1102302741892524
-0.504986,0.707999,0.463042,0.402771,50.05,70.0,0.48111089246864047,0.38922018615579257
-0.663073,-0.275587,0.016644,0.112806,50.05,70.0,0.02733592626621788,0.13273678427635546
0.216404,-0.901229,0.205886,0.11629,50.05,70.0,0.21687072462198356,0.12659614843470027
-0.954248,-0.044178,-2.826174,0.169023,50.05,70.0,-2.811213051273473,0.16914893799080652
-0.499305,0.179091,0.492668,0.18012,50.05,70.0,0.5083419946917446,0.16454659499249358
-0.012968,0.054376,0.006078,-0.001708,50.05,70.0,0.005907202076111976,0.01828276518976852
-0.103709,0.962826,21.505778,-36.830913,50.05,70.0,21.487141558592754,-36.81580772356492
0.210298,0.481139,-0.15297,0.290449,50.05,70.0,-0.13311037964241046,0.304878724597409
0.505932,-0.795628,0.477892,-0.592798,50.05,70.0,0.47435859105850814,-0.607402670133802
-0.126056,-0.629065,16.317437,-1.667322,50.05,70.0,16.2997214372867,-1.6474107159438502
-0.69308,-0.603613,-0.651299,-0.526368,50.05,70.0,-0.6610582272346143,-0.5462361197000724
-0.921049,-0.065295,-1.76889,0.279933,50.05,70.0,-1.749182145285988,0.2632073425083555
0.591159,-0.388451,-0.438163,-0.207089,50.05,70.0,-0.45536478910736905,-0.2187100071631071
-0.693021,0.398522,0.279654,0.014872,50.05,70.0,0.2811398298225423,0.018305434314709136
-0.033428,0.173791,-0.600724,0.451179,50.05,70.0,-0.5852368676910363,0.43136906273415737
0.905951,0.325231,0.380746,-0.000733,50.05,70.0,0.3806727001640969,-0.0072693401812151505
0.154952,0.27345,0.872658,0.32839,50.05,70.0,0.8926073929046244,0.3215489744971766
-0.121892,-0.638627,-0.607968,0.059362,50.05,70.0,-0.6021185763038127,0.03946544672504568
0.592505,0.232245,0.442353,0.340766,50.05,70.0,0.46217628127877386,0.32880655740546083
-0.65627,0.062159,-0.452997,-0.035428,50.05,70.0,-0.45652130104211497,-0.048223241725682146
0.698573,0.909894,0.685988,0.259648,50.05,70.0,0.7052497179072668,0.2404736970667849
0.583461,0.226279,0.26043,-0.075471,50.05,70.0,0.25306074286335445,-0.07016246876268911
-0.934319,0.902575,0.254214,-0.049774,50.05,70.0,0.24928782139008088,-0.043868825088022395
-0.420282,0.318979,-2.147606,-1.025206,50.05,70.0,-2.1292927319499655,-1.0303001320645113
-0.917812,0.32949,0.95019,0.306649,50.05,70.0,0.9701759006354715,0.30742002927853473
-0.262915,-0.811763,7.893759,-8.127851,50.05,70.0,7.889757205503404,-8.131802564546854
0.701973,0.055381,0.645173,-0.059987,50.05,70.0,0.6392638378166939,-0.07991602373632861
0.789634,-0.616863,-0.54193,-0.421211,50.05,70.0,-0.5591327343655879,-0.43937408398899414
0.387941,0.129298,-0.371588,0.185782,50.05,70.0,-0.35556864348460315,0.1801177199063118
-0.887838,0.111408,-5.77794,0.841601,50.05,70.0,-5.795449446864499,0.8252697568511596
0.430756,-0.275869,-0.521381,-0.0793,50.05,70.0,-0.5291048450045295,-0.09650855668653167
-0.53234,0.967362,-1.123444,0.635521,50.05,70.0,-1.1241640912582345,0.6512474153395664
0.449246,0.484476,-0.799463,1.629772,50.05,70.0,-0.7803262500182685,1.6166585344601716
0.586188,0.065276,-0.688289,0.488198,50.05,70.0,-0.6753954298977513,0.4690903977333821
-0.898391,0.741039,0.751281,0.836303,50.05,70.0,0.7340337017035401,0.8199653659828564
0.650493,0.831899,0.677637,0.800855,50.05,70.0,0.6624452020446597,0.7814600027696215
-0.277244,0.36439,0.413938,0.165159,50.05,70.0,0.4286397400570231,0.15558991295398522
0.310594,0.161444,-1.565878,-18.070466,50.05,70.0,-1.5795671154671376,-18.06997421689152
-0.614659,-0.577773,-0.713072,-0.516849,50.05,70.0,-0.7236507423614537,-0.5350799257877032
-0.635662,0.429525,-0.488314,0.31162,50.05,70.0,-0.4683156119454873,0.29632344813509975
-0.968132,0.604984,0.301925,0.123807,50.05,70.0,0.3135299899482262,0.12502966368231383
-0.033675,0.027052,-0.003661,-0.001386,50.05,70.0,-0.003799598890627474,0.01861064936331057
0.661206,0.890108,-0.73547,0.782997,50.05,70.0,-0.749441332601518,0.7657993548736598
0.051753,-0.185155,-5.52966,-7.272109,50.05,70.0,-5.5101968859320225,-7.288316155289393
0.104906,-0.852172,-22.145197,28.16516,50.05,70.0,-22.134813772959674,28.150805158054563
-0.44681,0.465984,-0.503547,0.599928,50.05,70.0,-0.5007174720758726,0.5836953805201209
-0.209642,0.554417,0.279333,-0.540829,50.05,70.0,0.27086042318942305,-0.5373639466709584
0.089163,0.568979,-0.266561,0.269297,50.05,70.0,-0.24706204953455774,0.2740120209527734
0.827275,0.006643,-0.769623,0.128328,50.05,70.0,-0.7576527985058519,0.11311551724725763
-0.344156,-0.229383,-2.52354,0.230865,50.05,70.0,-2.5052495578792446,0.2508386587259183
0.757339,0.603752,-0.303246,-0.015245,50.05,70.0,-0.3047690241409745,-0.014154214951369152
-0.742624,0.725811,0.75545,0.653921,50.05,70.0,0.7528967398743429,0.637827368010912
0.709623,0.625833,0.402106,0.095585,50.05,70.0,0.41130475336547706,0.08707103019295459
0.368733,-0.70222,-0.670537,-0.901728,50.05,70.0,-0.6509507023035297,-0.9212840524168573
-0.20774,0.521488,-1.055855,-2.812441,50.05,70.0,-1.0757988333825639,-2.8017008445304277
0.657119,0.198065,0.61793,-0.044171,50.05,70.0,0.6135487212893452,-0.06414402567301486
0.885221,-0.098061,0.265532,0.126376,50.05,70.0,0.2773452561525348,0.13119095771329492
-0.102987,-0.894938,5.385805,1.131074,50.05,70.0,5.374057438770169,1.1266023701275825
0.774788,-0.130531,-0.397521,-0.153632,50.05,70.0,-0.4114172621064649,-0.16172888832748927
0.170405,0.000389,0.004635,-0.000145,50.05,70.0,0.00462050000127026,0.01984962943412536
0.541491,0.83485,3.891566,-2.55212,50.05,70.0,3.8877057906383548,-2.535707289582854
-0.670366,-0.836185,-0.493668,-0.288908,50.05,70.0,-0.5135088050408273,-0.30454395341650814
0.241745,0.999831,1.69207,0.871448,50.05,70.0,1.6733181061146478,0.8600502594529652
0.160437,0.459706,0.255208,-0.111314,50.05,70.0,0.24464246012169563,-0.1055038661110059
0.277001,-0.440864,4.284858,-0.6747,50.05,70.0,4.289454684536496,-0.6915718406349153
0.390922,0.228016,-2.26053,-13.293746,50.05,70.0,-2.251024364303219,-13.287700551222999
0.272345,-0.696574,-2.443544,-0.333022,50.05,70.0,-2.463455115226129,-0.3142253088227943
0.678034,-0.276505,-0.593056,-0.361209,50.05,70.0,-0.612505128189048,-0.38089894293855364
0.776245,0.351886,0.534498,0.353116,50.05,70.0,0.5541197912697507,0.3352765134987159
0.153124,-0.453142,0.335841,0.296858,50.05,70.0,0.35576621320964363,0.29469407092927613
0.049573,-0.824146,0.737197,-0.308967,50.05,70.0,0.7172037395263453,-0.3260758430300005
0.580469,-0.055921,-0.405026,0.269591,50.05,70.0,-0.38552053101570616,0.26081372638200967
0.133593,-0.700616,-0.904723,1.080191,50.05,70.0,-0.9201661600712272,1.0764379040623122
0.738747,0.124501,0.25298,-0.098274,50.05,70.0,0.24354331515698946,-0.0922510397390284
0.494439,0.030983,0.885403,-0.368657,50.05,70.0,0.8661409178976318,-0.3742873265251887
0.728786,0.700916,0.673894,0.548992,50.05,70.0,0.6816202921785768,0.5295090376310498
0.298335,0.122099,-0.361319,-0.941111,50.05,70.0,-0.3413194670310613,-0.9457833926462607
0.113347,-0.971476,0.094551,0.132886,50.05,70.0,0.10688320979887198,0.150692344090936
0.396282,0.307241,2.113851,0.276461,50.05,70.0,2.133496760875928,0.26819055310720885
-0.195161,-0.074863,0.168331,0.080791,50.05,70.0,0.17619216166802804,0.0941155905588374
-0.229365,-0.941925,-21.932147,15.426078,50.05,70.0,-21.912406838137635,15.406942002949437
-0.925201,0.147487,0.467547,-0.076513,50.05,70.0,0.4600809745718537,-0.09039168441801203
0.815781,0.823487,-0.761078,0.824137,50.05,70.0,-0.7776778288990166,0.808383833515159
0.351526,0.105156,0.350925,-0.050544,50.05,70.0,0.34592423034808517,-0.0541999013607075
-0.646609,0.435951,-0.554297,0.360882,50.05,70.0,-0.5348402759367882,0.34223623177991547
-0.969292,-0.892051,0.478785,-1.020676,50.05,70.0,0.4972756366311267,-1.0353415339002643
-0.708422,-0.44039,-0.546333,-0.50913,50.05,70.0,-0.557558783250112,-0.5274729931674085
0.369859,0.213802,-2.551537,0.510454,50.05,70.0,-2.5404210387871795,0.5300891030701838
-0.635309,0.361021,0.542176,0.294852,50.05,70.0,0.5620828797274872,0.27667863131188686
-0.320027,-0.699799,-0.123926,-0.011048,50.05,70.0,-0.12503023821066125,0.005233867679140957
0.480208,0.857545,-0.875524,0.332347,50.05,70.0,-0.8556066414466417,0.32577598032407595
0.763096,-0.653887,0.618551,-0.418502,50.05,70.0,0.6012116716867093,-0.4384781535761918
0.116562,-0.949321,-2.263492,2.075323,50.05,70.0,-2.2797816541264373,2.081650119706047
0.765039,0.003329,1.248981,-0.015575,50.05,70.0,1.2474250737698975,0.00441034797018843
-0.050249,-0.531712,5.481387,-18.676216,50.05,70.0,5.496630931951137,-18.689152249462637
-0.491082,0.379155,0.514512,0.18832,50.05,70.0,0.5306820145433677,0.17147154815404356
0.449889,-0.70892,-0.736618,0.151092,50.05,70.0,-0.7229055279789607,0.13395324239082126
-0.82517,-0.639469,-0.57894,-0.442109,50.05,70.0,-0.5949849164753334,-0.4615025302513139
0.451868,0.545855,0.144733,-0.052616,50.05,70.0,0.13953188382129428,-0.037628319189558695
0.181219,-0.2443,0.148312,0.358721,50.05,70.0,0.167817613303795,0.3734693154289147
0.05062,0.765791,-0.115529,-0.781306,50.05,70.0,-0.10167916399980288,-0.7645509814885385
0.653152,-0.470971,-0.483917,-0.245264,50.05,70.0,-0.5027420485619817,-0.2602736079777095
0.395394,-0.613653,-3.657054,0.423601,50.05,70.0,-3.639974396203803,0.4405004142792326
0.327122,-0.065575,0.390502,-0.01134,50.05,70.0,0.38936860751654684,-0.018790227034002394
-0.119376,-0.352378,2.405707,38.381377,50.05,70.0,2.400377515467197,38.39855338920115
-0.424344,0.05712,-2.915567,0.448937,50.05,70.0,-2.8999389813196657,0.4404061240535184
0.021718,-0.981276,0.013297,0.232042,50.05,70.0,0.03163473899713635,0.2519978137275647
-0.307656,-0.770558,-0.28461,0.169778,50.05,70.0,-0.269599052776549,0.1727221877594884
-0.765793,-0.686759,-0.136982,0.104294,50.05,70.0,-0.12701889410551254,0.11978351969053003
-0.352292,-0.964647,11.285259,0.029006,50.05,70.0,11.288149442296454,0.048856435849397785
-0.830013,-0.029639,-3.433888,0.077712,50.05,70.0,-3.4263108769528405,0.07552996034950135
-0.145171,0.109794,0.238006,0.255378,50.05,70.0,0.25714839088831626,0.26281064042048546
-0.692716,-0.474423,-0.350645,-0.054333,50.05,70.0,-0.3560117148954033,-0.05796136955785927
0.371584,-0.779639,1.216876,1.867096,50.05,70.0,1.218659586584326,1.8867020645437587
0.607374,0.14246,0.505796,-0.021848,50.05,70.0,0.5036155427485705,-0.03821097035763822
0.317915,-0.798468,-2.719742,-0.60307,50.05,70.0,-2.7222601518960055,-0.5928137622975266
0.154128,0.436836,1.196577,31.899679,50.05,70.0,1.209807197773245,31.91878395398418
-0.091364,0.443209,4.308376,-0.906459,50.05,70.0,4.3280525372635035,-0.9244743001214508
-0.990929,-0.539603,-0.578819,-0.647871,50.05,70.0,-0.5768668661214993,-0.6672615695587558
0.888179,-0.372989,-0.476815,-0.011423,50.05,70.0,-0.4779566790473965,-0.02595387834852645
-0.819885,0.187788,2.299957,0.151679,50.05,70.0,2.3137121439294708,0.16134133050733032
0.147468,0.495385,-11.18821,-2.111491,50.05,70.0,-11.170098977353843,-2.095070792081609
-0.070484,-0.619154,-0.575911,-1.579974,50.05,70.0,-0.5958899462735007,-1.599291282622943
-0.113945,0.928225,-0.229408,0.766256,50.05,70.0,-0.24213392036558437,0.7744797485740308
0.684781,-0.881791,-0.642865,-0.822987,50.05,70.0,-0.6263295894166184,-0.8429341233737773
-0.255831,0.255316,0.019426,0.041735,50.05,70.0,0.02356927652549188,0.061640731778367375
-0.898164,0.56181,-0.569274,0.335815,50.05,70.0,-0.549391128206691,0.3166802523133265
0.346362,-0.694648,0.75748,-0.316105,50.05,70.0,0.7374809464633584,-0.3320772826232928
-0.95204,-0.932443,0.600706,-0.571076,50.05,70.0,0.5950595803713374,-0.5908856896220396
0.433686,0.966723,-0.632924,0.662122,50.05,70.0,-0.6362882755826339,0.6421273023525192
-0.290802,0.493185,-0.374688,4.8e-05,50.05,70.0,-0.3746832000000461,-0.005912895370033018
0.958593,-0.924261,-0.794665,-0.866723,50.05,70.0,-0.776082626134304,-0.8801949279057998
-0.050619,-0.760767,13.302879,38.529487,50.05,70.0,13.28593935206113,38.51234259522517
-0.205892,-0.430412,-22.688231,-29.101387,50.05,70.0,-22.70499171274027,-29.082557519043736
0.057991,0.65022,0.035938,0.115371,50.05,70.0,0.04684581111675142,0.1350489828936261
0.244676,0.268219,-0.305741,0.792068,50.05,70.0,-0.32034681338941334,0.7929095779834064
-0.049476,0.460671,1.545398,0.003275,50.05,70.0,1.545725485364187,0.005808011587892039
0.497183,0.151213,0.458058,0.122492,50.05,70.0,0.4695556411761844,0.10931192143839316
-0.556407,0.461028,0.647018,0.395617,50.05,70.0,0.6653819642126846,0.3757043538745283
0.502951,-0.907072,-2.327678,-0.683021,50.05,70.0,-2.322275702365959,-0.6710319691594713
0.833317,-0.435337,-0.740844,-0.321003,50.05,70.0,-0.7608322919665362,-0.33792013156381995
-0.705473,-0.882505,0.585767,-0.516178,50.05,70.0,0.5751313721282411,-0.535727046729419
-0.25727,0.055635,0.363224,0.051812,50.05,70.0,0.36834744063736613,0.046954593609303465
-0.946748,0.013211,0.003279,-0.00143,50.05,70.0,0.0031360012184164687,0.01856731209995888
0.032945,-0.286433,0.129639,0.062731,50.05,70.0,0.1358097474050141,0.07867449725176291
-0.083309,-0.178901,-3.430432,0.216015,50.05,70.0,-3.4127921369193657,0.21348976625242044
-0.791401,0.929128,0.792337,0.644952,50.05,70.0,0.7906755699171737,0.6313089262862789
-0.153554,-0.775559,13.241926,-3.117363,50.05,70.0,13.23950895723094,-3.1368077581876306
-0.822987,0.057986,-4.403872,-0.078316,50.05,70.0,-4.411504985925572,-0.09830804168291332
0.563582,0.121361,-0.59444,0.094692,50.05,70.0,-0.5853206321076568,0.07497825325161069
-0.282698,0.693564,-15.885323,3.321595,50.05,70.0,-15.90098968404667,3.3089570706458264
0.727353,0.61899,0.080263,-0.123314,50.05,70.0,0.06869819710004316,-0.10490303774660799
-0.632688,0.411177,0.602903,0.433874,50.05,70.0,0.6194258027958269,0.4140352700994638
0.649816,-0.547407,0.380071,-0.095502,50.05,70.0,0.37087961742143516,-0.10197450966032585
-0.27507,0.894079,-14.732143,3.362948,50.05,70.0,-14.750028215440794,3.3596291761587875
0.778282,0.581264,0.437013,0.27348,50.05,70.0,0.4566007236124179,0.2619527792051671
-0.702805,-0.038411,4.657478,0.373558,50.05,70.0,4.6766024120188066,0.3681356292706485
0.431953,-0.165669,-0.382229,-0.159155,50.05,70.0,-0.3965171222238447,-0.16583131570306991
-0.398043,0.089376,-0.256832,0.028526,50.05,70.0,-0.25398906205781147,0.0341805478852431
0.14383,-0.657235,-0.105698,-1.527441,50.05,70.0,-0.12522991624478447,-1.5101696111614624
-0.150338,-0.723397,-3.460087,-0.418531,50.05,70.0,-3.477424882867975,-0.4180975258394402
-0.13835,0.744879,-0.215605,-0.188675,50.05,70.0,-0.23179588063838624,-0.17921361379054718
-0.8269,0.2941,0.587368,0.20776,50.05,70.0,0.6046039228429896,0.18817777387648732
0.945105,0.383701,2.780729,0.467953,50.05,70.0,2.7951015646122146,0.4725811059653941
0.869768,0.185003,1.541418,-0.434385,50.05,70.0,1.5249240441496796,-0.43145772093866624
-0.661076,-0.704814,-0.614311,-0.555991,50.05,70.0,-0.6213871286999864,-0.5759419673189368
0.192528,-0.185571,0.928737,-0.467339,50.05,70.0,0.9143218059644567,-0.4687119988659105
-0.89777,-0.814264,-0.538322,-0.344243,50.05,70.0,-0.55809616851073,-0.36225209294615573
0.668735,-0.574155,-0.468714,-0.219336,50.05,70.0,-0.48650793024174643,-0.23329847615776156
0.173615,-0.053387,-0.038637,-0.020844,50.05,70.0,-0.04071762865652512,-0.001216045205559818
0.730627,-0.351898,0.443183,-0.33233,50.05,70.0,0.4232654871358412,-0.34435586532021845
-0.349033,-0.200771,5.030676,-0.757328,50.05,70.0,5.0427007254469105,-0.7373322594376015
-0.361998,-0.105956,0.048154,-0.059422,50.05,70.0,0.042298838921105704,-0.03999890688210722
-0.809956,-0.930431,0.316729,0.049463,50.05,70.0,0.3216250308146639,0.04920603360639604
0.245574,-0.640976,0.057082,-0.076867,50.05,70.0,0.04958314534411235,-0.057676074051079225
-0.886378,0.642927,0.67476,0.67815,50.05,70.0,0.6698282517203131,0.6586867840397729
-0.318442,-0.061608,0.924861,-0.071862,50.05,70.0,0.9178284323868178,-0.07362140240830596
0.54667,-0.109987,0.8715,-0.241837,50.05,70.0,0.8527934403991302,-0.2487867253188285
-0.549984,0.422662,0.553933,0.355801,50.05,70.0,0.5735010553030209,0.337168429108816
-0.32473,0.270479,0.430529,-0.227755,50.05,70.0,0.4123665747756502,-0.23874638691076064
-0.056851,0.497869,16.727992,1.221323,50.05,70.0,16.72447891509103,1.2137607851682874
-0.313751,0.780328,2.849843,0.064192,50.05,70.0,2.856152553630505,0.061955725004839944
0.966041,0.255588,-29.880752,4.637986,50.05,70.0,-29.899383936678504,4.6415293752244455
-0.324402,-0.228648,-0.107682,0.037316,50.05,70.0,-0.10397201314888292,0.054486501461193576
-0.880926,0.277048,0.337716,-0.260383,50.05,70.0,0.31843462642861764,-0.2627332305337836
0.352573,-0.308116,0.135498,-0.067636,50.05,70.0,0.12886258545448748,-0.05205302923615304
-0.504419,0.222719,-0.359832,0.115601,50.05,70.0,-0.3489049179132378,0.11107332034755088
-0.754045,0.760344,-0.733733,0.72124,50.05,70.0,-0.7426944360928015,0.7039543320544503
-0.893313,0.081241,0.403685,0.155555,50.05,70.0,0.417718917940957,0.1468984188235065
-0.57849,-0.681086,-0.398661,-0.05392,50.05,70.0,-0.403987918140041,-0.06212099618615568
0.987474,0.481373,0.352498,0.301511,50.05,70.0,0.3724580186738449,0.29770056364863745
0.442643,-0.498966,-0.458225,-0.412091,50.05,70.0,-0.4758748688887072,-0.42528363469500535
-0.11536,-0.860807,-0.11781,0.080585,50.05,70.0,-0.10996778447965955,0.09721437694060953
0.423941,-0.819135,0.458479,0.045547,50.05,70.0,0.46299443172496835,0.032335285589577094
0.803175,0.960478,-0.74945,0.749345,50.05,70.0,-0.7608274185295498,0.7329024390750626
0.759073,-0.253635,2.388884,-0.025744,50.05,70.0,2.3863167032490793,-0.009489129330143394
-0.847031,-0.049829,-5.517238,-0.045121,50.05,70.0,-5.521711921433986,-0.06056952347413204
0.521458,0.152819,-0.372499,0.03799,50.05,70.0,-0.3687228041094262,0.032238408900776415
0.429149,0.70068,0.174499,-0.067626,50.05,70.0,0.16786452882283165,-0.054767649170180094
0.322039,0.507304,1.406286,0.2585,50.05,70.0,1.4255164972612806,0.2731576845292911
0.250932,-0.592102,8.61232,-2.899363,50.05,70.0,8.593599585089715,-2.8872576928881095
0.542573,-0.972801,1.085583,-0.71798,50.05,70.0,1.0942518153342853,-0.7048597096033695
0.128946,-0.798374,8.188025,-5.139477,50.05,70.0,8.17732270169338,-5.159378237026754
-0.2785,-0.753408,-1.413188,0.39196,50.05,70.0,-1.3946822521472724,0.4061394704874634
-0.524699,-0.612171,-0.731375,-0.378998,50.05,70.0,-0.7503331577110629,-0.39640107244327477
-0.761827,-0.021276,-0.41809,-0.028492,50.05,70.0,-0.42092957242617396,-0.03842359118032474
0.419379,0.506129,0.232853,-7.285627,50.05,70.0,0.2519607963953821,-7.277718485120612
0.512719,-0.735328,-0.323238,0.071298,50.05,70.0,-0.31625825855710876,0.07039043829560196
-0.658477,0.973386,0.792371,0.453517,50.05,70.0,0.8077091406697907,0.43987641259342214
-0.302548,-0.931722,0.450273,1.173023,50.05,70.0,0.4421530457242185,1.1604382978581524
0.540782,0.926544,-0.867097,0.64132,50.05,70.0,-0.8683962313945882,0.6339591293523817
0.429632,0.818565,-0.789062,0.485823,50.05,70.0,-0.7759877854720674,0.47194229518746206
-0.370285,0.61654,0.907818,-0.763182,50.05,70.0,0.9203052843752056,-0.7666306569470981
0.182969,-0.840631,-1.639255,-4.53958,50.05,70.0,-1.626267665193006,-4.546292965895479
-0.479326,-0.038722,-0.336381,-0.036818,50.05,70.0,-0.34004203971000724,-0.03903560411273884
-0.801211,0.039987,-7.968746,0.926324,50.05,70.0,-7.988680799175136,0.9154670859523941
0.058429,0.009464,0.060181,0.00081,50.05,70.0,0.06026199977856643,0.019911373043057554
-0.931604,0.531153,-0.585821,0.217332,50.05,70.0,-0.5681194545845375,0.19778181373981668
-0.909326,0.952751,-1.046326,0.921456,50.05,70.0,-1.066215622698346,0.931380426741159
0.885516,0.862465,0.898155,0.854309,50.05,70.0,0.8800671628703907,0.849912911649979
-0.55903,0.381586,-0.213763,-0.02742,50.05,70.0,-0.21649641811003792,-0.017796732514367232
-0.681296,-0.53458,-0.621478,-0.509647,50.05,70.0,-0.6326609578493109,-0.5296353029252316
-0.680198,-0.086872,2.673219,-0.268087,50.05,70.0,2.6537473208588045,-0.25414891206956214
-0.065934,-0.158609,-0.634316,-4.052957,50.05,70.0,-0.654074475999366,-4.072948008264395
0.250325,-0.782426,24.274982,-0.324417,50.05,70.0,24.2550082995141,-0.33263776787522936
-0.234479,-0.882565,-0.190309,-0.712159,50.05,70.0,-0.1821683601050656,-0.7005504866247388
0.724675,-0.379847,-0.527101,-0.543164,50.05,70.0,-0.5353614915188885,-0.5606569548393859
-0.087059,0.80405,16.730129,-19.665799,50.05,70.0,16.746275710775095,-19.673558614376873
-0.329297,-0.497391,24.667947,-16.878754,50.05,70.0,24.659623554543696,-16.892433165979178
0.353014,-0.901271,1.554705,0.311694,50.05,70.0,1.574703480635915,0.3133013971829317
0.332128,0.077224,1.34682,0.107859,50.05,70.0,1.3570906235862725,0.12585997731743273
-0.103793,-0.457238,-1.267706,-0.856683,50.05,70.0,-1.2495181402244258,-0.8367136225325458
-0.795209,0.917848,0.58409,0.276589,50.05,70.0,0.603738155279924,0.25707605097142106
0.274095,0.720212,0.773216,0.142024,50.05,70.0,0.7862544953950646,0.12704721435282954
0.605421,-0.686499,-0.630641,-0.54399,50.05,70.0,-0.638826195821571,-0.5639886515492614
0.019503,-0.219266,-0.055333,0.475937,50.05,70.0,-0.04152694146502774,0.4951764347631563
0.791754,-0.983247,-0.982861,-0.860794,50.05,70.0,-0.9645060022901495,-0.8567830641647383
0.568113,0.273358,0.401662,0.11387,50.05,70.0,0.41244369398282765,0.10539622714918775
0.335812,-0.00131,0.551003,-0.021966,50.05,70.0,0.5488108134656993,-0.04049009554605069
-0.014708,0.802648,-0.421252,-0.355055,50.05,70.0,-0.44083533952968657,-0.3652597973624181
0.100856,-0.910936,0.035304,0.255782,50.05,70.0,0.0544580554332669,0.27547121514163636
-0.101677,-0.886671,1.616108,-0.759632,50.05,70.0,1.6283160295084256,-0.7641245035325571
-0.283459,-0.094567,0.240636,-0.041659,50.05,70.0,0.2365001589010914,-0.034471159139462165
0.612283,0.63463,0.323185,0.127953,50.05,70.0,0.33512513864741933,0.12705073286779262
0.224752,-0.59941,-0.100966,-0.146517,50.05,70.0,-0.11434187361206452,-0.12901186581911223
-0.281461,-0.509409,-0.039626,-0.137723,50.05,70.0,-0.052335367926440536,-0.11811427248647208
0.354861,0.15287,2.072305,-0.017382,50.05,70.0,2.0705689873786794,-0.029230237094493444
-0.719828,-0.143313,-0.165348,0.071013,50.05,70.0,-0.1583949737695354,0.08455855651856783
-0.666436,-0.794651,-0.442638,-0.269391,50.05,70.0,-0.46213903920065635,-0.2813732736757302
0.294793,0.591901,0.377425,-0.007591,50.05,70.0,0.3766660822445085,-0.013812589901147605
0.080051,-0.581218,-2.329874,1.223761,50.05,70.0,-2.333146820462377,1.2359250748813644
-0.538476,-0.162256,0.410415,-0.122421,50.05,70.0,0.39892316902581376,-0.13167925948735243
0.970402,-0.455942,-0.487327,-0.035191,50.05,70.0,-0.49082796943799645,-0.05042377985971118
0.985107,0.689983,-0.161666,-0.042118,50.05,70.0,-0.1658467380353973,-0.028303859390002895
0.549445,0.518347,-0.6907,0.400742,50.05,70.0,-0.6725450546443869,0.3817070002907345
-0.138895,-0.408499,0.017579,0.545939,50.05,70.0,0.025585979736958524,0.5658617944134684
0.363751,-0.444105,1.841487,-1.949206,50.05,70.0,1.847802095874611,-1.9687354769694345
-0.068587,-0.735417,17.248477,33.145139,50.05,70.0,17.262524315413327,33.1421222981924
-0.160357,0.871841,-0.312005,-1.101047,50.05,70.0,-0.29796858422953215,-1.1008315776297624
-0.963878,0.107961,-0.12413,0.029671,50.05,70.0,-0.12117377194815301,0.04594101223805923
0.507923,0.658688,3.211939,-6.13132,50.05,70.0,3.2257076627576566,-6.150095549949612
0.56778,0.679398,0.630608,0.492636,50.05,70.0,0.643159159101963,0.4726373104030885
0.649435,-0.950191,0.778204,-0.897759,50.05,70.0,0.7977061367071255,-0.9124005818352643
0.134299,-0.84243,0.87088,0.675474,50.05,70.0,0.8662080220876265,0.668466171693202
-0.729245,-0.426732,-0.525541,-0.502266,50.05,70.0,-0.537328139378878,-0.519682801062869
-0.088976,0.572886,0.300967,2.676217,50.05,70.0,0.31551759350116454,2.6775352701076054
0.491624,0.72753,2.594274,-2.426928,50.05,70.0,2.6026428649310613,-2.4085459472153072
-0.394984,-0.494227,-0.42371,-0.076546,50.05,70.0,-0.43117908677006433,-0.0869614172625768
-0.467825,-0.730751,0.660344,-0.65129,50.05,70.0,0.6626360995178906,-0.6710341397353801
0.267751,0.099126,-0.266073,0.000921,50.05,70.0,-0.26598090032551214,0.005683431367963335
0.014681,0.749167,-0.719997,0.49545,50.05,70.0,-0.7076661655495089,0.4775146989192018
-0.743832,0.416555,-0.619112,0.415095,50.05,70.0,-0.6016054022092722,0.3951161863104103
-0.956778,-0.561946,0.915293,-0.453113,50.05,70.0,0.8999289636089621,-0.45582311653635443
-0.633305,0.037575,-0.251209,-0.006648,50.05,70.0,-0.251873677584109,-0.0004563995186435462
-0.479159,0.777393,0.964125,0.437377,50.05,70.0,0.9804478968743503,0.43953749623783817
-0.348131,0.96944,-0.037398,-0.267212,50.05,70.0,-0.056849514039637575,-0.24756063497984337
-0.616502,0.447899,-0.603066,0.435279,50.05,70.0,-0.5866227710471748,0.41543821089311683
-0.161343,0.313138,-0.486387,-0.354256,50.05,70.0,-0.5059864074434947,-0.36942769968994604
0.908556,0.102685,0.058996,0.01231,50.05,70.0,0.06022622289330134,0.03144615913853311
-0.177895,0.113995,-0.093202,0.048303,50.05,70.0,-0.08841852139788701,0.06617036405521223
-0.082367,-0.343714,-0.444565,-0.222756,50.05,70.0,-0.46251246206335395,-0.23489200306345975
-0.806197,0.244789,-0.154185,-26.402088,50.05,70.0,-0.15545511570525045,-26.387742671250482
0.162169,-0.430896,0.593967,0.05641,50.05,70.0,0.5995335046028123,0.036704282386127066
-0.073779,-0.005492,0.077529,0.003431,50.05,70.0,0.0778720831715343,0.02194703675928259
-0.308402,0.690847,-2.434431,1.069664,50.05,70.0,-2.4505213817546996,1.0881299623681626
-0.930026,-0.951026,0.579916,-0.311762,50.05,70.0,0.559917436703099,-0.3311791518959153
0.105954,0.775363,-12.784445,23.85734,50.05,70.0,-12.786318665126956,23.86658311146678
-0.466593,-0.021098,0.251357,-0.096323,50.05,70.0,0.2420927786098561,-0.09014547413882934
-0.592607,0.055189,0.399918,0.159053,50.05,70.0,0.4141989831066066,0.15073752020729106
-0.442531,0.381239,-0.333918,0.089262,50.05,70.0,-0.3252852013883989,0.08728933911775325
-0.52044,0.963216,0.742924,0.094334,50.05,70.0,0.7520114914440229,0.07752873066846179
0.767387,-0.529199,-0.568578,-0.583681,50.05,70.0,-0.5730047866418163,-0.6027953815426065
-0.243026,-0.5421,4.296112,-13.385809,50.05,70.0,4.312445194802184,-13.403258140550163
0.920792,-0.243575,1.675383,0.234092,50.05,70.0,1.6938015994017837,0.2241035274448779
0.227276,-0.166526,1.103009,-2.344943,50.05,70.0,1.117923943198992,-2.3305589194972267
-0.806311,0.336782,-0.215519,0.208401,50.05,70.0,-0.1982506507052728,0.21786996215135357
0.301722,-0.963605,-1.522157,0.517143,50.05,70.0,-1.5116032196933185,0.5219591283726556
0.693259,-0.395835,0.571298,-0.487557,50.05,70.0,0.5583554947140095,-0.5067496557155887
-0.806355,-0.410229,0.695936,-0.477873,50.05,70.0,0.6822706596656919,-0.49674081572021445
-0.717081,0.019602,-0.947934,0.185282,50.05,70.0,-0.9319446288835189,0.1858275527147953
-0.544533,0.036888,-0.123501,0.02653,50.05,70.0,-0.12085577353230019,0.042836512093569354
-0.022772,-0.724757,-1.3959,-0.346043,50.05,70.0,-1.4156463946500124,-0.3306987774372715
-0.996577,0.536258,0.425974,0.65563,50.05,70.0,0.42325133352396394,0.6450219772995757
0.887935,-0.469404,0.889979,-0.496053,50.05,70.0,0.8776956970534414,-0.5012427981506186
0.723347,-0.705113,0.626206,-0.400047,50.05,70.0,0.6080220078557597,-0.4200458843138645
-0.835382,-0.269884,0.453321,-0.624782,50.05,70.0,0.45296736535773463,-0.6376021266904279
0.063882,-0.335816,0.494739,-0.454103,50.05,70.0,0.4794385321457473,-0.46980550920778463
-0.05313,-0.962146,1.346559,12.72298,50.05,70.0,1.360667845076366,12.740992336078646
-0.793269,-0.471174,-0.387043,-0.304897,50.05,70.0,-0.4070215564430854,-0.3120251240604302
0.982033,-0.978423,0.888975,-0.900235,50.05,70.0,0.908530542557425,-0.9055216932312977
-0.355679,0.100488,-0.250388,-0.000394,50.05,70.0,-0.2504273999745154,0.005875614800301999
0.908768,-0.336067,-0.378997,-0.232276,50.05,70.0,-0.39734406648335296,-0.23864679652844245
-0.275081,0.714964,9.351606,3.008568,50.05,70.0,9.363949122593157,2.9898916698091087
0.404462,-0.20214,-0.879464,-0.21513,50.05,70.0,-0.8970619838111342,-0.2213276411358086
0.630276,-0.949406,0.826339,-0.816794,50.05,70.0,0.842518158949216,-0.8277660858690057
-0.667985,-0.828756,-0.627094,-0.634237,50.05,70.0,-0.62650223944876,-0.6542366251323013
-0.895953,-0.288168,-0.62278,-0.469674,50.05,70.0,-0.6370323565888442,-0.4896663316594504
0.762213,0.514219,-0.515933,0.227636,50.05,70.0,-0.49777556060680234,0.2107114081093798
0.486571,-0.196308,-0.456467,-0.208483,50.05,70.0,-0.4737394846621939,-0.22154299740092853
0.644328,-0.778101,-0.682715,-0.733629,50.05,70.0,-0.6726638863451504,-0.7528938049788574
0.454475,0.369296,0.51087,0.214117,50.05,70.0,0.5284196245366536,0.19746756803153004
0.764416,-0.466882,0.311125,0.010264,50.05,70.0,0.3121509495137941,0.010567414896126906
-0.88168,-0.399009,2.38536,1.234065,50.05,70.0,2.383107582646874,1.2501120422216339
-0.141371,-0.024262,0.130971,0.000371,50.05,70.0,0.131008099978723,0.01623372495709433
0.222909,0.438972,1.588367,0.041729,50.05,70.0,1.5925096895398683,0.03997419204430951
-0.189773,0.477246,-0.02149,-0.138715,50.05,70.0,-0.03427580626370547,-0.1188303439855512
-0.920636,0.864564,0.770484,0.903689,50.05,70.0,0.750858965124956,0.888532553516572
0.72567,0.344087,-0.732177,0.387647,50.05,70.0,-0.7135119899665496,0.3702835883725783
-0.933709,-0.851111,-0.872619,-0.315072,50.05,70.0,-0.8926187917292303,-0.3219166901297628
-0.621894,-0.170782,0.764941,0.024467,50.05,70.0,0.7673816017399655,0.008954761317089655
-0.330498,-0.672221,6.219202,0.42818,50.05,70.0,6.236038900505077,0.4471652333958325
-0.020337,0.187964,0.020778,0.167517,50.05,70.0,0.035638580547024935,0.18740916572049854
-0.895244,-0.372912,-0.320593,-1.508227,50.05,70.0,-0.33962222644496426,-1.5088702625068429
0.467772,-0.163005,0.378228,-0.114816,50.05,70.0,0.3673667499255308,-0.12111385537622596
0.379918,-0.71571,-2.612907,-0.53307,50.05,70.0,-2.6220758635315846,-0.5155007775339818
-0.942447,0.297855,0.47969,0.457104,50.05,70.0,0.4947954875408109,0.4423770827552682
0.042672,-0.817638,-8.69876,31.867703,50.05,70.0,-8.683310741245565,31.885363782838787
-0.036159,0.270993,2.253151,4.940942,50.05,70.0,2.2448493909997325,4.9462801119543744
0.573975,0.79218,-0.805187,0.631412,50.05,70.0,-0.80549633459372,0.618736033350605
0.168301,0.642011,-0.563723,0.427888,50.05,70.0,-0.5468703576408974,0.4089221091787824
0.282253,-0.181239,0.94584,0.256477,50.05,70.0,0.9650139390142465,0.25681320455596784
-0.086176,-0.365262,-1.278645,-0.761927,50.05,70.0,-1.2662559930643325,-0.7420479652047336
-0.956126,0.386377,1.173987,-1.687551,50.05,70.0,1.1572992238994835,-1.6692345924423695
-0.158396,-0.165996,-3.102177,-2.573882,50.05,70.0,-3.1081454494642227,-2.5934948570478324
0.107689,-0.068656,-0.130219,-0.022208,50.05,70.0,-0.1324352391124921,-0.00629958715389875
0.095542,-0.222848,2.237055,-1.948609,50.05,70.0,2.2433134220270676,-1.9448377003026618
0.593654,-0.451383,-0.488953,-0.301007,50.05,70.0,-0.5089097700615278,-0.31634464033849874
-0.399825,0.136343,0.365209,0.14969,50.05,70.0,0.3788190764782461,0.14464027934468246
-0.489725,-0.812708,0.175427,-0.872886,50.05,70.0,0.19422841233824148,-0.8600988661374483
0.816666,-0.297818,-0.790022,-0.193164,50.05,70.0,-0.8064723112364638,-0.2069754308337716
0.57749,-0.12803,0.402054,-0.084747,50.05,70.0,0.3938306402369873,-0.09325626422096109
0.20189,-0.834539,-6.203446,-8.077098,50.05,70.0,-6.212239099553834,-8.058666643915215
-0.098082,-0.466255,-3.518593,0.031376,50.05,70.0,-3.515468254258912,0.03755721751391706
-0.352913,0.598153,0.104656,1.262072,50.05,70.0,0.1051994269671099,1.2793956949515812
-0.835054,-0.753687,-0.696284,-0.554516,50.05,70.0,-0.7034978945159157,-0.5733722445844052
0.790797,0.918585,0.877898,0.756028,50.05,70.0,0.8659774071122279,0.7496816590040463
0.650152,-0.892339,-0.625691,-0.835024,50.05,70.0,-0.6085088080699581,-0.8550222740454064
0.458357,-0.390684,0.477697,-0.197304,50.05,70.0,0.4610147704111937,-0.2118953408400025
-0.230495,0.072932,-0.254157,-0.077639,50.05,70.0,-0.2617273667169026,-0.07172837944914297
-0.239376,0.801749,-10.330012,-33.925396,50.05,70.0,-10.329631557070135,-33.921693112323716
0.994962,0.321111,3.588547,-0.431272,50.05,70.0,3.571878986130776,-0.41894694923650644
0.909005,-0.3485,-6.094751,2.316876,50.05,70.0,-6.111383090827967,2.3286366598882475
0.754129,0.649044,-0.207308,-0.05975,50.05,70.0,-0.21319451610971565,-0.04956597720449724
0.481278,0.83639,-0.796297,0.251999,50.05,70.0,-0.7772552237501186,0.23864814029043155
-0.788453,0.470734,-0.461403,0.379656,50.05,70.0,-0.44246590508597,0.36622618586579997
-0.379282,-0.592796,-0.01338,0.163132,50.05,70.0,0.0011835622641547666,0.18308726059008062
0.8733,-0.445679,1.766312,-0.114508,50.05,70.0,1.7554766253166527,-0.13109092063880562
-0.518553,0.681925,-0.563704,0.643898,50.05,70.0,-0.5652603718034013,0.6249327123085118
-0.884827,0.720593,-0.03772,-0.159455,50.05,70.0,-0.05202909808118322,-0.13980964649760255
-0.988367,0.517684,-0.814785,1.104233,50.05,70.0,-0.8285926885909265,1.0923137459493775
0.711143,0.177019,-0.278775,0.347436,50.05,70.0,-0.2590511972080928,0.35095599593109394
-0.8482,0.307048,-0.411527,0.373829,50.05,70.0,-0.39241053626408523,0.36447231602806496
0.562358,-0.443567,0.509772,-0.339408,50.05,70.0,0.48993116309366724,-0.35599634473132746
0.974439,-0.608881,2.968119,-2.628506,50.05,70.0,2.957222852550671,-2.6414427164168344
0.542805,0.918673,-0.875156,0.63399,50.05,70.0,-0.875723070920424,0.6273842343736019
0.137194,-0.186441,-0.203027,0.102275,50.05,70.0,-0.19323946382554388,0.1128251049373266
0.491996,0.968982,1.871466,1.537448,50.05,70.0,1.8911886158401077,1.5174934750305094
-0.324318,-0.805829,-0.24214,-0.661396,50.05,70.0,-0.23884731191464303,-0.6543487123283604
0.425883,-0.186587,0.335821,-0.156628,50.05,70.0,0.3217108356596495,-0.15878994080084247
0.029256,-0.289889,0.782937,0.770413,50.05,70.0,0.7698931618439541,0.7560979090162036
-0.162263,0.839858,-0.049336,0.547633,50.05,70.0,-0.04148453746898933,0.5670275692296242
-0.506248,-0.511667,-0.51073,-0.205023,50.05,70.0,-0.527825477603883,-0.22166467094191944
0.405783,-0.008075,-0.30978,-0.048861,50.05,70.0,-0.31461764041643225,-0.048423108457179086
0.279119,-0.843093,-0.557289,-0.578385,50.05,70.0,-0.5622306386206379,-0.5971369031126649
0.128024,-0.300299,-6.610875,-0.863384,50.05,70.0,-6.592418680092516,-0.8647360108786637
0.878391,-0.883239,0.769269,-0.661187,50.05,70.0,0.7725410714788914,-0.6764224403261784
-0.600504,-0.662331,-0.738389,-0.499705,50.05,70.0,-0.7503820635896609,-0.5167518060434988
0.209038,-0.70395,-0.206217,0.082149,50.05,70.0,-0.19823115055369697,0.09242676745440823
0.708737,-0.263804,0.484365,-0.337475,50.05,70.0,0.4645007520201276,-0.3525141782901587
0.252942,-0.805275,11.280002,-7.732312,50.05,70.0,11.263590136421545,-7.712532584633158
-0.249123,0.983381,5.603167,13.986254,50.05,70.0,5.617738395527591,13.966918504053101
-0.319034,0.003896,0.045975,-0.000622,50.05,70.0,0.04591280010026739,0.018851897691779477
-0.523163,-0.792979,-0.515477,-0.147861,50.05,70.0,-0.5289524902634438,-0.1647612514011396
0.401258,-0.063354,-0.437744,-0.114845,50.05,70.0,-0.4486076850678799,-0.12643188063289393
-0.795405,-0.377648,0.080079,0.09187,50.05,70.0,0.08894631158198213,0.11028814203814806
0.868415,-0.546436,-0.758746,-0.609586,50.05,70.0,-0.7606165153606758,-0.6254817697637599
0.042471,-0.183759,-5.250861,1.378377,50.05,70.0,-5.239424976362065,1.387062487258474
-0.43884,0.421917,-0.179356,0.041205,50.05,70.0,-0.17526458819396354,0.0536875810802666
-0.847766,-0.396631,-1.173382,-0.879101,50.05,70.0,-1.1543777799252923,-0.8608089722911056
-0.177738,0.752577,-2.089226,-5.651918,50.05,70.0,-2.08952086696276,-5.662362267795384
0.567527,0.434611,0.61488,0.391041,50.05,70.0,0.6334204069761057,0.37108613154294157
0.49928,-0.60879,0.355083,-0.688383,50.05,70.0,0.3609995628118095,-0.6924468760585245
0.062247,0.191014,10.756512,-14.369347,50.05,70.0,10.748541720497382,-14.387953598220387
0.376866,-0.015229,-0.17909,-0.000553,50.05,70.0,-0.17914529992953654,0.011950353179652795
0.054536,0.581252,2.148218,-0.987389,50.05,70.0,2.167715861316783,-0.9924239267823561
-0.894347,0.705762,-0.477201,0.009711,50.05,70.0,-0.47623028153064445,-0.004846374102204551
-0.252702,0.831002,-7.623766,0.238314,50.05,70.0,-7.605186973423184,0.2565780765701184
0.656588,-0.71775,0.724273,-0.674228,50.05,70.0,0.7288237353321104,-0.6919700005096123
0.773892,0.807684,0.169467,-0.114452,50.05,70.0,0.1586363326958721,-0.10121234075756597
0.749426,-0.397333,0.451605,-0.371877,50.05,70.0,0.432432070138392,-0.3845649473165919
0.031805,0.548589,1.998022,-0.59447,50.05,70.0,1.9946532825693217,-0.6113582154962609
0.127219,0.176267,0.093157,-0.109097,50.05,70.0,0.08278034467496322,-0.09122761443307688
0.525049,0.50117,0.515291,0.232637,50.05,70.0,0.533652407057959,0.21574670218974737
-0.840258,-0.220407,2.313251,1.183938,50.05,70.0,2.3061401335678795,1.194742100322573
-0.375713,-0.601735,0.653445,-14.895904,50.05,70.0,0.669341312374471,-14.915746372624868
0.640789,-0.260934,0.378479,-0.290048,50.05,70.0,0.3586241623377635,-0.2963696735044067
0.487873,-0.317036,-0.519457,-0.26778,50.05,70.0,-0.5389216464939877,-0.28488972021411874
-0.419744,-0.629058,-0.361209,-0.268197,50.05,70.0,-0.38068318781850186,-0.2728586963313776
-0.575121,-0.06607,-0.02809,-0.047927,50.05,70.0,-0.0328369614448044,-0.028123937968924023
-0.437633,0.709494,-0.256691,-0.317516,50.05,70.0,-0.276688183149262,-0.3118479287968362
0.458961,-0.235594,-0.372844,-0.084961,50.05,70.0,-0.38108686242704753,-0.09074562513355774
0.363435,0.247535,0.120014,0.077144,50.05,70.0,0.12753852668432894,0.09364992175829001
0.322001,-0.134881,-0.271797,-0.031917,50.05,70.0,-0.27497516987168236,-0.02771237818977948
-0.950737,0.968791,-0.689663,0.413033,50.05,70.0,-0.6720576313067991,0.39396643341662274
0.464648,-0.6557,-0.41594,-0.044108,50.05,70.0,-0.42031513151720035,-0.05385240281015483
-0.348129,-0.997313,0.89433,0.641753,50.05,70.0,0.8929875631437724,0.6369845927766326
0.156022,0.259308,2.198345,-0.614608,50.05,70.0,2.1969750205455227,-0.6146849855611692
0.184418,-0.491638,0.010604,0.163146,50.05,70.0,0.025168521771596557,0.18311789538071455
-0.95282,-0.051786,-0.016016,0.007657,50.05,70.0,-0.015250487039301243,0.027592906198746867
-0.360578,-0.234873,-1.867583,-0.08252,50.05,70.0,-1.8756028498427686,-0.10244459568990859
0.493055,0.773111,0.916676,0.411474,50.05,70.0,0.9343548038876568,0.40890097156328103
-0.325449,0.185579,-4.851983,1.031717,50.05,70.0,-4.8700249036775,1.0445702761285436
-0.975506,0.674129,0.147526,0.780255,50.05,70.0,0.1337521767280759,0.7950562909126614
0.092642,-0.962909,-17.307796,18.150434,50.05,70.0,-17.300862631042012,18.15332745086791
0.393493,-0.559468,-0.446036,-0.065867,50.05,70.0,-0.4525042767726566,-0.07811959684350679
-0.984201,0.529393,-0.835151,0.587686,50.05,70.0,-0.831115641137471,0.5774610795948216
-0.483564,0.748142,-0.474934,0.626194,50.05,70.0,-0.47472155092374296,0.6117930096763773
0.027637,0.495853,0.029812,0.212661,50.05,70.0,0.04729132874516147,0.232439222258417
-0.19916,0.722045,1.422541,0.114119,50.05,70.0,1.4333436576852605,0.12762360231896
-0.594779,-0.453493,0.185759,0.041601,50.05,70.0,0.18988916629255684,0.05357699000094814
0.137205,0.006104,-0.141782,-0.000501,50.05,70.0,-0.14183209994760354,0.014680438483108066
0.584659,0.371118,0.487048,0.264524,50.05,70.0,0.5064352398847127,0.2493093142001184
-0.613772,0.333745,0.423752,0.11844,50.05,70.0,0.4349157548907806,0.10802099744182425
-0.740215,-0.794939,-0.716377,-0.714674,50.05,70.0,-0.7080072861969632,-0.7327665420537044
-0.540979,-0.239712,0.496451,-0.259826,50.05,70.0,0.4771844980638585,-0.27563396307855464
-0.847637,-0.242032,-1.361785,-0.382978,50.05,70.0,-1.3806126316552425,-0.3656789407746666
0.175338,0.897778,-21.702583,10.587089,50.05,70.0,-21.693496219233715,10.584536610598596
0.948846,-0.74493,-0.905804,-0.761126,50.05,70.0,-0.8934779736267582,-0.7647728620252788
-0.036724,0.774054,0.004165,0.192064,50.05,70.0,0.020552501055016027,0.21205966335048015
-0.481199,0.491541,-0.351817,0.315875,50.05,70.0,-0.33181773593182623,0.3121314382182643
-0.668882,0.106704,0.46311,0.213274,50.05,70.0,0.48061903755531105,0.1997181856391605
-0.618234,-0.658963,-0.649235,-0.384901,50.05,70.0,-0.6679968911934512,-0.4047917249820121
0.807681,0.69389,-0.726788,0.654731,50.05,70.0,-0.7294215761919499,0.6371064858641188
0.210523,0.256439,-0.267178,0.974914,50.05,70.0,-0.2869155491894797,0.9795690377191125
-0.032748,-0.389097,0.499423,2.9461,50.05,70.0,0.516004633658642,2.930111726164813
0.441881,0.696452,-0.861721,0.268417,50.05,70.0,-0.8422418125004674,0.26055898354431345
-0.722861,0.872446,0.051343,-0.15723,50.05,70.0,0.03719023579904999,-0.1378854145606512
-0.801196,0.293546,-0.385972,0.063163,50.05,70.0,-0.37976017465406564,0.05613504452581838
-0.380311,0.110693,0.397692,-0.005587,50.05,70.0,0.3971333726620802,-0.013699521359578467
0.41537,-0.875889,-0.110844,-0.215991,50.05,70.0,-0.1284827319243117,-0.19898477605074774
0.930392,-0.895773,-0.656966,-0.615799,50.05,70.0,-0.6582171356093324,-0.635594181173386
0.744613,0.707421,0.04398,-0.143044,50.05,70.0,0.030864329573141492,-0.1235256146517322
-0.378587,-0.918107,-15.959108,5.32648,50.05,70.0,-15.939158584180657,5.320282288770152
-0.629673,-0.919296,-0.094411,0.176647,50.05,70.0,-0.07895507947438093,0.19445971449954003
-0.612961,-0.03682,-0.210038,-0.043175,50.05,70.0,-0.21432204401729146,-0.03322687543002603
-0.839071,-0.260864,-1.154538,-1.289011,50.05,70.0,-1.157761274776687,-1.2715609479418901
-0.343838,-0.882173,-0.858296,0.359565,50.05,70.0,-0.8388092101681706,0.35139319471147157
-0.679668,0.828035,0.213489,-0.126562,50.05,70.0,0.20166074027437791,-0.11691472186504326
0.78701,-0.714572,-0.743339,-0.703493,50.05,70.0,-0.735997317707956,-0.72027573276974
0.194497,0.918969,-0.80206,-0.359365,50.05,70.0,-0.8215512817564923,-0.3722812804154325
-0.890761,0.98114,-0.830601,0.937707,50.05,70.0,-0.8505953101460055,0.9270937165720194
0.019554,0.645892,-9.173768,-11.563209,50.05,70.0,-9.192854409929373,-11.569419523522953
-0.494993,0.65149,0.408628,0.213599,50.05,70.0,0.4261527218531414,0.2044995083126706
-0.411704,0.494851,0.434677,-0.111545,50.05,70.0,0.4240918536080737,-0.12288054206604311
0.960106,0.498745,0.258542,0.391527,50.05,70.0,0.2770641267183686,0.3970173199523729
0.406553,0.944535,0.873665,0.949129,50.05,70.0,0.8536760586091493,0.9423826867171857
0.792345,0.942718,0.143107,-0.13885,50.05,70.0,0.1303108156159918,-0.12375515244305853
0.261757,-0.653451,-20.942448,-1.975379,50.05,70.0,-20.933710583203954,-1.9855088820817435
-0.544073,-0.231583,-0.450411,-0.186429,50.05,70.0,-0.4664690089931288,-0.1990244247124192
-0.209545,0.172143,0.24145,1.28536,50.05,70.0,0.24431243043734718,1.2924718201425371
-0.786952,-0.299713,-0.6794,-0.257926,50.05,70.0,-0.6986146492743096,-0.2772772092829401
0.726844,0.060151,-1.271145,0.06242,50.05,70.0,-1.2650038427436754,0.0823674029995401
0.957576,-0.013122,-3.764789,0.472972,50.05,70.0,-3.7507699426281595,0.4929654411654966
-0.547954,0.529431,0.167883,-0.053565,50.05,70.0,0.1625903078852199,-0.0402070334433917
0.148353,-0.627767,-11.715648,-36.43146,50.05,70.0,-11.714547078573462,-36.44031701848935
-0.887438,0.824805,-0.69194,0.881401,50.05,70.0,-0.7110146315112716,0.8624044183377653
0.493123,-0.075333,-4.801594,-0.177226,50.05,70.0,-4.8170866022001695,-0.16859834163144657
-0.118377,0.441476,1.032924,0.385447,50.05,70.0,1.051666908993719,0.39418646730167506
-0.112395,0.979908,0.40288,-0.523209,50.05,70.0,0.3928462634549989,-0.5317929424323016
-0.6906,-0.912168,-0.655833,-0.461886,50.05,70.0,-0.6706207833355913,-0.4816970368060913
-0.809796,-0.244906,0.369609,0.226236,50.05,70.0,0.3877073003636731,0.2207617914331285
-0.140878,0.258071,-0.01654,-0.193629,50.05,70.0,-0.03301671328167535,-0.17369735392897898
-0.59741,-0.672761,-0.417452,-0.08382,50.05,70.0,-0.42559077015962515,-0.09369616290262461
0.898836,0.73391,0.706065,0.412829,50.05,70.0,0.7236800388437904,0.3943211947240344
0.827887,0.300119,0.344291,0.634362,50.05,70.0,0.3436867450379209,0.6313602124595074
0.100944,0.558527,-2.466929,0.338934,50.05,70.0,-2.447082250753288,0.35839943088495435
-0.829651,0.057413,-3.914104,0.03536,50.05,70.0,-3.9105863927529727,0.05038339362595162
0.948011,-0.783605,-0.040701,0.146617,50.05,70.0,-0.027317693579663935,0.16620428446395025
-0.048811,-0.362319,4.93003,0.901595,50.05,70.0,4.910446397785053,0.9193109074162015
0.506261,0.735157,0.834385,0.193515,50.05,70.0,0.8508552487579676,0.1832243220739653
-0.212705,-0.926344,0.209266,0.271102,50.05,70.0,0.22880430534149218,0.2811170226623967
0.934048,0.544325,0.593716,0.371563,50.05,70.0,0.6128978426539933,0.35186158785502436
0.470501,-0.293641,0.512517,-0.217919,50.05,70.0,0.49478820929666933,-0.23465912135116931
0.782464,0.871404,0.157488,-0.145151,50.05,70.0,0.1442139925865727,-0.13103776976631473
-0.30916,-0.052345,0.168364,0.000346,50.05,70.0,0.16839859998274095,0.013668129413190455
0.244883,-0.249626,14.747928,0.341147,50.05,70.0,14.76774619166667,0.33939350709017896
0.532452,0.914254,-3.970175,-3.526232,50.05,70.0,-3.951404061727347,-3.5154481626023215
-0.134221,0.147086,-0.089776,0.261029,50.05,70.0,-0.07047756584679461,0.2790476739777734
0.078529,-0.166058,5.56548,1.885307,50.05,70.0,5.565444859233469,1.8672714695360149
-0.934032,-0.274409,-0.791083,0.749033,50.05,70.0,-0.802434744979233,0.7352985014736436
0.004737,-0.390008,-9.00402,23.830468,50.05,70.0,-9.008544117776607,23.840630277309938
-0.856714,-0.79492,0.89922,-0.771104,50.05,70.0,0.9123161417240933,-0.7753961310825062
-0.226422,0.527069,0.347864,-0.960427,50.05,70.0,0.36778351056555536,-0.9637815424005127
0.441472,-0.175929,0.363426,-0.092517,50.05,70.0,0.3545007416637558,-0.0973939990969016
-0.843856,-0.694605,0.423126,-0.155153,50.05,70.0,0.40912075194722625,-0.16551851705505508
-0.233939,0.18577,-0.129954,-0.100163,50.05,70.0,-0.13955681218179516,-0.08423854059270537
0.244419,-0.049073,-0.061901,-0.022138,50.05,70.0,-0.06411028208715241,-0.003088310855363558
-0.7657,0.874367,-0.718596,0.727247,50.05,70.0,-0.7280903379385517,0.7092501442376944
-0.509691,-0.371029,0.325803,-0.132276,50.05,70.0,0.313518870858058,-0.13343971581829442
0.111802,-0.948793,-16.644179,-32.059867,50.05,70.0,-16.642618394698594,-32.059240895907855
-0.356274,0.09939,0.424095,0.088038,50.05,70.0,0.43261722720385537,0.07758973474041674
0.452358,0.779649,-0.371246,0.49476,50.05,70.0,-0.35886091380675067,0.48912852791224026
-0.436462,0.379758,0.433229,0.318401,50.05,70.0,0.45322450209041215,0.3071850505277416
0.591111,0.800049,-0.67917,0.685644,50.05,70.0,-0.6848243756052609,0.6662869928044035
0.416802,-0.806125,-0.848183,-0.31245,50.05,70.0,-0.8681822696074288,-0.32153399894194445
-0.548307,0.604478,-0.688201,0.497258,50.05,70.0,-0.6760130153154236,0.4781478002466095
-0.534161,0.363065,-0.524991,0.277171,50.05,70.0,-0.5053320591665798,0.25978130091655643
0.030189,-0.612278,-0.059877,1.853627,50.05,70.0,-0.05675693691229977,1.8727373610675035
-0.558886,0.797962,-13.455568,-6.411801,50.05,70.0,-13.46756123661337,-6.417066242406548
-0.652282,-0.902563,0.499917,-0.442667,50.05,70.0,0.4839054581849823,-0.4586849036125156
0.630733,0.732144,0.634568,0.730993,50.05,70.0,0.6247456467567483,0.711002763172144
-0.855074,0.772558,0.878626,0.777112,50.05,70.0,0.8650817528411223,0.7708347385549937
0.373929,0.624283,0.912651,-0.154923,50.05,70.0,0.8986621805720484,-0.15789463562787087
0.327757,0.616856,0.105863,-0.006256,50.05,70.0,0.10523750201351968,0.011007063168021781
-0.509281,0.508835,-0.675831,0.391411,50.05,70.0,-0.6573045001513657,0.3719727094996038
-0.017078,0.976947,0.907583,-0.182733,50.05,70.0,0.8917480437912773,-0.18620480256109473
-0.454005,-0.467356,-0.576602,-0.12943,50.05,70.0,-0.5886603022433997,-0.1487650675906742
-0.84739,-0.085932,-0.797432,-0.066212,50.05,70.0,-0.8039329130208772,-0.07947813633925338
-0.260723,0.036865,-0.239766,-0.017471,50.05,70.0,-0.24151087885789374,-0.01020204016114552
-0.402398,0.903291,-0.015376,0.710353,50.05,70.0,-0.02335134769090351,0.7302939237622791
-0.388335,-0.747041,0.56887,1.315484,50.05,70.0,0.5746701503500743,1.296361045840317
0.480318,0.696304,-0.628271,0.208089,50.05,70.0,-0.6110184118027685,0.18808900056479227
0.777193,0.282931,0.536066,0.281654,50.05,70.0,0.555802432870949,0.2637441753856395
-0.786844,-0.483494,0.015038,0.139813,50.05,70.0,0.027908045566023873,0.15975649126937305
-0.087889,0.853641,18.981528,-37.646701,50.05,70.0,18.986709303624906,-37.63089944360743
-0.858209,0.08306,-0.001826,0.048862,50.05,70.0,0.003011737446938532,0.0688611664367903
-0.003338,-0.108752,0.040514,-0.134917,50.05,70.0,0.028022534609183795,-0.11532594476791871
0.210009,-0.386643,-5.06289,7.61055,50.05,70.0,-5.0559637376814575,7.630220726719629
-0.315235,-0.149085,0.268389,0.039406,50.05,70.0,0.27230415322235346,0.04394317897760033
0.334091,-0.933253,5.158412,-0.637108,50.05,70.0,5.159290664027012,-0.6212998055806905
0.823881,0.962351,-0.807834,0.892645,50.05,70.0,-0.8272163783529803,0.8801748825605502
0.233271,0.590574,-2.029413,8.661657,50.05,70.0,-2.0418955158158014,8.646651085486692
-0.218715,0.057409,-0.239079,-0.032339,50.05,70.0,-0.2422988265439153,-0.025006081255579196
0.867211,-0.77973,-0.760974,-0.688079,50.05,70.0,-0.7550864833436808,-0.7038385719226277
-0.918157,0.533719,-0.905032,0.518271,50.05,70.0,-0.8945742036063735,0.514548259592393
0.217302,0.200518,0.187636,-0.086871,50.05,70.0,0.1792194923485741,-0.0750458639368845
0.098678,0.474319,0.104836,-0.377373,50.05,70.0,0.0858267051303716,-0.3600583070936236
-0.122046,0.774867,0.575307,0.606852,50.05,70.0,0.5774495337645911,0.5875504520146424
-0.804947,-0.748266,-0.79438,-0.727595,50.05,70.0,-0.7848550476278773,-0.741087978552839
-0.103769,-0.051065,-0.078444,0.04279,50.05,70.0,-0.07419757028664797,0.06127125526218094
-0.24708,-0.677141,6.636276,-14.94129,50.05,70.0,6.649034082572456,-14.945158603178683
-0.701358,0.274299,0.785822,0.412657,50.05,70.0,0.8034451778684248,0.39854486588312055
0.149273,0.834994,-0.071429,0.12868,50.05,70.0,-0.05943061780202773,0.14741797501982032
-0.259421,-0.094396,0.172478,0.083285,50.05,70.0,0.18056787122674575,0.09629748725539844
-0.516332,0.007571,-0.344698,0.220311,50.05,70.0,-0.3268597675146925,0.217268979734812
-0.76101,-0.287109,0.810959,0.106976,50.05,70.0,0.8211537560704515,0.09475171315284305
0.559205,0.550626,0.729896,0.425892,50.05,70.0,0.7468552838530107,0.40841652182740384
0.365926,0.113383,0.271867,0.045463,50.05,70.0,0.27637424821271267,0.049660777990776554
-0.378676,-0.405493,-0.514488,-0.497821,50.05,70.0,-0.5266312982367944,-0.5146681585629231
0.876766,-0.199569,17.676693,-2.307226,50.05,70.0,17.69384145674354,-2.2889550231587266
-0.153233,0.615244,3.286942,-0.669488,50.05,70.0,3.291029933810718,-0.6844347992152092
0.405486,-0.996086,14.141636,16.398326,50.05,70.0,14.147741382021165,16.397879131305405
0.774451,0.194491,-4.459545,-0.788734,50.05,70.0,-4.445168963135741,-0.8078014475584812
0.804845,-0.974788,-0.924207,-0.908316,50.05,70.0,-0.9044980484156987,-0.9101405393373014
0.744332,-0.01667,0.570436,0.028182,50.05,70.0,0.5732448830659721,0.009013766735390501
-0.165964,0.642152,0.878701,1.385298,50.05,70.0,0.8906978571129788,1.3790278600081274
0.646896,0.382995,0.575344,0.377069,50.05,70.0,0.5943627222109524,0.3577664830747833
0.994661,-0.731703,-0.86494,-0.482583,50.05,70.0,-0.8782576734710181,-0.4901439983757838
0.271451,0.277016,0.911963,2.188814,50.05,70.0,0.8919895210529161,2.185774345760375
-0.192142,0.661829,4.753841,-0.569578,50.05,70.0,4.74805103396052,-0.5654624117609164
-0.634844,0.173538,-0.287708,0.054354,50.05,70.0,-0.28233926215073346,0.05699142196813364
0.646231,-0.799024,-0.113186,0.154245,50.05,70.0,-0.09924571686682454,0.17112680597087854
0.801398,-0.903053,0.822946,-0.87497,50.05,70.0,0.8418174505604862,-0.8862241760214237
0.391664,0.693357,1.180336,1.110031,50.05,70.0,1.1669535064592174,1.1285931046877646
-0.757119,-0.898123,-0.764384,-0.775047,50.05,70.0,-0.750992412225178,-0.7905943368790953
-0.745446,-0.717858,0.735021,-0.645405,50.05,70.0,0.7367275692070651,-0.6626255228782354
0.954841,0.005737,11.735581,0.264847,50.05,70.0,11.754976148659313,0.25424970790610346
0.426809,-0.612895,0.510789,-0.630458,50.05,70.0,0.5110029428477882,-0.6471029426546029
-0.926118,0.740747,-0.467724,0.073673,50.05,70.0,-0.4605221881181109,0.05978157633904264
-0.264749,0.365584,9.987153,5.758092,50.05,70.0,9.977282708228822,5.7770146772342725
0.378626,-0.429862,1.862087,-1.649418,50.05,70.0,1.843612543423931,-1.6692873992592026
-0.694121,-0.090101,-0.191272,-0.059654,50.05,70.0,-0.1971493406625692,-0.04812403925309336
-0.327248,-0.059096,0.373453,0.031849,50.05,70.0,0.3766244560935686,0.026006104685510803
0.766802,-0.35807,-0.733072,-0.375346,50.05,70.0,-0.7521433232232231,-0.3926648221214869
-0.07887,0.424336,-14.90097,-1.49478,50.05,70.0,-14.9195426870554,-1.4822442629310746
-0.185786,-0.502955,11.81467,-22.845789,50.05,70.0,11.796568045716436,-22.862102394500372
0.829779,0.099487,2.082367,0.122808,50.05,70.0,2.093890483080687,0.11178504254834959
0.077175,-0.92323,-17.880187,41.93694,50.05,70.0,-17.865811930296548,41.93962101742935
-0.726732,-0.183654,0.477617,-0.451921,50.05,70.0,0.4621769241736041,-0.46650686839843764
-0.668264,0.478804,-0.601176,0.480582,50.05,70.0,-0.5877097098415088,0.46076589673365376
-0.744515,0.940014,0.661871,0.344259,50.05,70.0,0.6816449286841069,0.3245397825874439
0.819916,0.327219,-9.164406,-26.553409,50.05,70.0,-9.179031011512947,-26.558723126756316
-0.434857,-0.642763,0.161336,0.170051,50.05,70.0,0.1763649735282933,0.18388898523985828
-0.916235,0.834444,-0.341806,-0.000295,50.05,70.0,-0.3418354999893032,-0.003050877056518422
0.504242,0.7957,-0.749551,0.373391,50.05,70.0,-0.7304217074468451,0.3569541911279337
-0.670952,-0.69752,-0.565819,-0.462702,50.05,70.0,-0.5805517208977854,-0.4817333733884484
0.787155,-0.284609,0.065328,0.308529,50.05,70.0,0.08532007555135955,0.3274715157168068
0.573111,0.281825,-0.41762,0.127334,50.05,70.0,-0.40572957687384403,0.11744323179261504
0.636799,0.684081,-0.634389,0.675272,50.05,70.0,-0.6390413344052038,0.6552812119420736
-0.656438,-0.753487,0.593899,-0.594497,50.05,70.0,0.5905329440240685,-0.6142015542569614
0.137759,-0.68324,-12.774999,-19.027118,50.05,70.0,-12.790512834408469,-19.01704783698205
0.7774,-0.246122,-8.374298,0.100752,50.05,70.0,-8.364643562953946,0.09046909449998997
-0.567029,-0.056733,2.076802,0.220023,50.05,70.0,2.0946271903544433,0.20854002152245915
0.493719,-0.07317,-0.056265,-0.034573,50.05,70.0,-0.05970510702436694,-0.015359231528855734
0.227172,0.088084,0.151778,0.04909,50.05,70.0,0.15663785724022497,0.06360200533705536
0.425404,-0.228542,-0.480555,-0.087005,50.05,70.0,-0.4889836614597203,-0.10179030568534338
0.901201,0.483711,0.690612,0.421169,50.05,70.0,0.7078168762531653,0.40213130163771754
-0.270721,-0.003876,-0.22868,-0.001455,50.05,70.0,-0.228825498716557,0.006835054846596163
0.857677,0.98112,-0.675955,0.656133,50.05,70.0,-0.6787274895462225,0.6366976313787555
-0.318576,-0.312707,-0.698711,-0.128722,50.05,70.0,-0.7107127421881602,-0.1474959604065691
0.332667,-0.86881,10.158292,-0.676758,50.05,70.0,10.163088728337367,-0.6594613285758313
-0.087429,0.582165,0.273227,0.114692,50.05,70.0,0.28407783580339147,0.11875671133029937
0.444507,0.827517,0.415029,0.298139,50.05,70.0,0.4349648720737137,0.28847425373686253
0.084636,0.472658,1.196075,0.56308,50.05,70.0,1.202483775550676,0.5821700443024379
-0.031411,0.077779,1.128382,-0.677166,50.05,70.0,1.1332183275121306,-0.6611393300362159
-0.765057,-0.306914,-0.727764,-0.35103,50.05,70.0,-0.7474250986978067,-0.3686081693574938
-0.300553,0.601265,0.345225,0.534847,50.05,70.0,0.35423557749661666,0.5317529035227349
-0.547535,-0.420294,0.587013,-0.396724,50.05,70.0,0.5686931674865192,-0.4162989772421661
0.123273,-0.151743,0.003684,-0.004718,50.05,70.0,0.003212243757296725,0.015278607131933956
-0.337197,0.731886,0.566713,-0.201055,50.05,70.0,0.5498268128189426,-0.2201136679688462
0.810698,-0.591441,-0.679495,-0.632163,50.05,70.0,-0.6791105767467921,-0.6515118070241344
-0.342292,-0.901476,-0.269695,-0.083629,50.05,70.0,-0.2778163194497985,-0.07921911180053366
0.897213,-0.542615,-0.60594,-0.46133,50.05,70.0,-0.6207651604175579,-0.48120493091084704
0.276348,0.586362,0.163376,0.155091,50.05,70.0,0.17737682128953047,0.16878098116142037
0.991963,-0.079439,-0.331457,-0.163089,50.05,70.0,-0.34601761475941273,-0.16481661773583856
0.862485,-0.215374,-3.423503,-0.565089,50.05,70.0,-3.429721149036691,-0.568299935615834
0.205864,-0.051598,0.193464,-0.036786,50.05,70.0,0.18980610626719252,-0.02543583615753413
0.792713,-0.870803,0.508246,-0.177686,50.05,70.0,0.49272434773301627,-0.19418861582042302
0.410999,-0.336836,-0.412981,-0.330797,50.05,70.0,-0.4329118363467304,-0.3402819424597485
0.791108,0.155506,-1.6187,0.526601,50.05,70.0,-1.6089611171433733,0.5218563046098853
-0.417365,-0.658256,10.033132,0.914548,50.05,70.0,10.01332670164845,0.9344484374855337
0.690332,0.413023,-0.273395,0.036456,50.05,70.0,-0.2697695546046312,0.04050426051636906
-0.318474,-0.586664,-0.482248,1.185893,50.05,70.0,-0.4891758036294823,1.1709942163591522
-0.060461,-0.159842,5.926728,7.965499,50.05,70.0,5.943698689707039,7.96130065723174
-0.470034,0.134238,-0.460789,0.140206,50.05,70.0,-0.44788889734347886,0.12682174727834333
0.141378,0.141267,0.038058,0.073813,50.05,70.0,0.04527287095914441,0.09345198849490434
0.267023,-0.139406,-0.124969,-0.008462,50.05,70.0,-0.1258149475537354,0.007759075996809323
-0.990754,0.392953,-0.24909,-0.921634,50.05,70.0,-0.22919851768242405,-0.9152412607292021
0.360472,0.452448,2.386741,-1.776082,50.05,70.0,2.376383449740032,-1.7599529158654492
0.301847,-0.86282,1.482069,1.031866,50.05,70.0,1.464033531231731,1.040450537838126
0.592504,0.207169,-0.665808,0.224186,50.05,70.0,-0.6477978952491055,0.2045363374691586
-0.103344,-0.897294,23.476561,28.555747,50.05,70.0,23.4568284792019,28.547465624626444
-0.81645,-0.076335,0.640739,-0.012152,50.05,70.0,0.6395245475700168,-0.0321134453792317
-0.961772,-0.504672,0.297629,0.2234,50.05,70.0,0.31560478692698585,0.22505114514129212
-0.016872,0.436891,0.170607,0.727873,50.05,70.0,0.16105761198566226,0.7410269994746312
0.823679,-0.421677,0.738363,-0.44818,50.05,70.0,0.7226878543587789,-0.4652281656671586
0.872132,-0.083479,-0.324897,-0.182525,50.05,70.0,-0.3407192420069318,-0.18359825768449448
0.968043,-0.102842,-3.045659,0.466634,50.05,70.0,-3.031195026081557,0.44889103878151376
-0.457447,-0.307246,0.504644,-0.175885,50.05,70.0,0.4892365522080305,-0.1921814584809749
0.124646,0.919392,-19.390777,-10.755702,50.05,70.0,-19.383517943090645,-10.773835291953564
0.225412,0.504236,-4.601818,-1.439612,50.05,70.0,-4.61766772339031,-1.4501143793890348
0.692392,-0.969756,-0.075795,0.189447,50.05,70.0,-0.05955891912547838,0.20802788682303974
-0.687773,0.605414,-0.688908,0.595852,50.05,70.0,-0.6856755873930874,0.576762773189268
-0.812143,0.311852,0.554901,0.691651,50.05,70.0,0.5486730680925131,0.6729834692072784
-0.707109,-0.377463,0.331473,-0.076339,50.05,70.0,0.32402311955230423,-0.07806821174980538
-0.028476,-0.602664,-7.265809,-7.7979,50.05,70.0,-7.285027851164138,-7.79391231559037
-0.98091,-0.158352,-6.282071,0.54829,50.05,70.0,-6.274280005379938,0.5682896895806805
0.574191,0.425541,0.551653,0.302152,50.05,70.0,0.5716169672195281,0.28360349597306794
0.060296,-0.609581,2.397232,2.949738,50.05,70.0,2.4136074911331638,2.966464944193074
0.771397,0.877661,0.359208,-0.04159,50.05,70.0,0.3550789100030198,-0.04605687773420257
0.84024,-0.090363,-0.844319,-0.235665,50.05,70.0,-0.8627983333315399,-0.24509152589475286
-0.726779,-0.974399,0.860336,-0.503521,50.05,70.0,0.8486504800467841,-0.5115061889684519
-0.720227,-0.860529,0.743237,-0.83806,50.05,70.0,0.7605725862812032,-0.8548482785778019
-0.919244,0.269415,0.491249,1.436105,50.05,70.0,0.5068824093244833,1.420621019014931
0.059566,-0.872625,1.25968,-0.377597,50.05,70.0,1.2406776796969623,-0.35759931482412144
-0.210391,-0.034423,0.138715,-0.01775,50.05,70.0,0.13694232923223318,-0.0023706905815966493
-0.54767,-0.681457,-0.756113,-0.533757,50.05,70.0,-0.7652207542392697,-0.5498111808856008
0.751674,-0.61901,-0.682401,-0.578603,50.05,70.0,-0.6873215116071347,-0.5978762165736765
0.301288,-0.247278,-13.387148,-1.131052,50.05,70.0,-13.375398658353351,-1.1424847805577012
-0.001579,-0.533779,-1.976697,-2.133032,50.05,70.0,-1.9577788396930265,-2.1509645151172974
0.779169,-0.501864,-0.549257,-0.339901,50.05,70.0,-0.5690915693396641,-0.3583585626612633
-0.835511,-0.428835,0.338912,0.043783,50.05,70.0,0.34325541292206846,0.04131404084294006
0.575796,-0.597575,0.764035,-0.4842,50.05,70.0,0.7508383976698194,-0.4997692669556011
0.556078,-0.00119,0.292607,0.003832,50.05,70.0,0.2929901765546194,0.005983057694534381
0.001427,-0.010824,-0.000603,-0.010961,50.05,70.0,-0.0016985513769259995,0.00903890909781886
0.076696,-0.967751,-17.455232,42.984354,50.05,70.0,-17.435996184690612,42.999798833904144
-0.999182,0.7514,0.013769,-0.123286,50.05,70.0,0.002206481639894892,-0.1033333776230984
0.786035,0.887416,0.835376,0.597445,50.05,70.0,0.8384511060584537,0.5872394233354463
0.800797,-0.997833,-0.749497,-0.631755,50.05,70.0,-0.7491533699808668,-0.6481948847486178
-0.57207,-0.786634,0.867157,-0.592761,50.05,70.0,0.8636199493197684,-0.6001162914651027
-0.960579,-0.457161,-0.885898,-0.541154,50.05,70.0,-0.8943411259716331,-0.5467368112853658
0.499742,-0.839726,-0.522417,-1.392305,50.05,70.0,-0.5349670229674505,-1.4095661172691223
0.730706,0.97104,-0.479179,0.206805,50.05,70.0,-0.4619917162987148,0.19211270531877625
0.272523,0.300471,3.283114,-0.176771,50.05,70.0,3.2676502127300315,-0.1919693943105594
0.021701,0.736787,-6.301842,-42.015538,50.05,70.0,-6.30979616662166,-41.99562495496388
-0.824936,-0.696685,0.682953,-0.520586,50.05,70.0,0.6726932304279172,-0.5398443976736715
0.821854,0.906281,0.87691,0.759865,50.05,70.0,0.864683523032223,0.7534250428543257
-0.13802,0.300098,0.191653,-0.251659,50.05,70.0,0.17262164919721035,-0.24016019160962992
-0.252574,0.996637,0.781052,0.445022,50.05,70.0,0.7969213164719896,0.43057590742988794
0.477946,0.830954,-0.426231,0.306962,50.05,70.0,-0.4062439487596675,0.29633219897094076
-0.148103,0.829949,10.088922,-6.376399,50.05,70.0,10.079934448768855,-6.35671900971982
0.945875,-0.68158,0.897834,-0.604154,50.05,70.0,0.8954234219144618,-0.6085813976354794
0.68761,0.657048,-0.641506,0.613272,50.05,70.0,-0.6400027659039801,0.5933154615864757
0.998455,-0.96387,0.828447,-0.808,50.05,70.0,0.8440937181445332,-0.8187952335714431
0.229364,0.922092,3.992513,1.570878,50.05,70.0,4.012512998332372,1.579717285601641
-0.391554,-0.851374,8.669602,7.62682,50.05,70.0,8.678029993224097,7.642929886766515
0.964785,-0.855667,0.439395,0.033291,50.05,70.0,0.4427087479065598,0.021569945464214507
0.805895,0.683787,-0.557223,0.357267,50.05,70.0,-0.5376857734414925,0.3385173929184695
0.403417,0.226956,-0.583717,0.075189,50.05,70.0,-0.5763739660977475,0.05568426645520437
0.457494,-0.902213,-0.058172,0.029789,50.05,70.0,-0.0552041020796859,0.048948952045417146
0.507335,0.774203,0.597712,0.701068,50.05,70.0,0.5905964223750332,0.6813017332462494
0.024413,0.314415,-9.302188,7.811309,50.05,70.0,-9.282641514024286,7.79494990784716
0.375019,0.94644,-0.395182,0.593449,50.05,70.0,-0.39171268564459794,0.5855665352971964
0.812823,-0.87546,0.772177,-0.675299,50.05,70.0,0.7768319602977158,-0.690344443135798
0.141562,-0.767005,2.394187,1.447281,50.05,70.0,2.4104926825264004,1.4638390850922147
0.954851,0.187074,-4.923178,-0.10603,50.05,70.0,-4.933291255131554,-0.08864241126210803
0.157361,0.76242,1.538797,-4.706231,50.05,70.0,1.5587875205683204,-4.703044702328378
-0.002561,0.957638,-22.174799,-24.07931,50.05,70.0,-22.19179946218038,-24.091454196864348
-0.980402,0.389342,5.5973,0.333119,50.05,70.0,5.6172101993974,0.3139417793373733
-0.325884,0.867861,0.178221,-0.454314,50.05,70.0,0.16293412911069055,-0.441742940435929
0.140278,-0.346966,-2.043463,2.174598,50.05,70.0,-2.0633129190034856,2.160557182834142
0.550093,-0.592027,0.640315,-0.416594,50.05,70.0,0.6228813738222884,-0.4365580319671927
-0.197397,0.348014,0.176202,-0.109094,50.05,70.0,0.1658256011388578,-0.09636655253831344
-0.925391,0.955565,-1.210887,-3.488159,50.05,70.0,-1.191148980769886,-3.468679989269947
0.181189,-0.762327,4.685091,-1.720929,50.05,70.0,4.670466269361591,-1.7236503301375634
-0.435577,-0.750485,2.040075,-0.305264,50.05,70.0,2.0200947781757894,-0.319544062976074
0.60092,-0.334415,-0.522877,-0.309926,50.05,70.0,-0.542872520033361,-0.3272103065830812
-0.513149,-0.496801,0.382677,-0.12574,50.05,70.0,0.3709151235069983,-0.13245852911541384
0.271512,-0.694677,-8.839541,-0.685687,50.05,70.0,-8.833882499953239,-0.6661492140148064
0.557842,-0.354887,0.551753,-0.345649,50.05,70.0,0.5320003891463568,-0.36420124179505586
-0.594011,0.460861,-0.597008,0.386168,50.05,70.0,-0.5782903712431888,0.3664125871772131
-0.306278,0.3931,0.194812,-0.002793,50.05,70.0,0.1945327090781495,0.00844591690571223
0.836547,-0.14829,-0.648153,-0.11498,50.05,70.0,-0.6590280173746873,-0.13488172903920295
-0.308739,-0.968682,-0.405897,-0.725401,50.05,70.0,-0.396565537753136,-0.73425645415902
-0.639993,-0.361297,0.52795,-0.230642,50.05,70.0,0.5096685903981506,-0.24817595314682456
-0.315844,-0.39363,18.16359,-5.424284,50.05,70.0,18.14531099304202,-5.443458930657587
0.263243,0.323311,0.450763,-0.465339,50.05,70.0,0.43620989202759314,-0.47796174786967915
-0.108504,0.369458,0.876174,0.238053,50.05,70.0,0.8947433484903362,0.23154340652454455
-0.52453,0.222931,0.25864,0.021933,50.05,70.0,0.26082890638781303,0.027413895784817337
0.801928,0.006689,-0.592326,0.005534,50.05,70.0,-0.5917726706138023,-0.01414300756427796
0.429668,-0.562118,0.855637,-0.261109,50.05,70.0,0.8363364670883001,-0.26952276763175836
0.477966,-0.823104,0.589302,-0.350058,50.05,70.0,0.5696233157171617,-0.3696786330139766
0.085208,0.0964,-0.019763,0.65834,50.05,70.0,-0.02275388545276243,0.6782424353848857
0.199006,0.695848,-4.883526,36.830878,50.05,70.0,-4.864888288674031,36.84597840626111
-0.878436,0.123173,-0.913963,0.111001,50.05,70.0,-0.9034240490060217,0.10815917107763677
0.17667,-0.70414,2.311867,-0.183823,50.05,70.0,2.295965696845996,-0.17313562566050186
-0.47525,0.480922,0.105488,-0.034093,50.05,70.0,0.10209518744647267,-0.016811031855799845
0.850924,-0.521145,0.506921,-0.383223,50.05,70.0,0.4881016473879018,-0.3996503994327541
-0.878785,0.255525,0.063236,-0.039509,50.05,70.0,0.059310746578577,-0.02050039732763036
0.613841,0.828862,0.743877,0.716147,50.05,70.0,0.7353737331000955,0.6993935908480753
0.678644,-0.034449,-2.482547,-0.568455,50.05,70.0,-2.4884443653498285,-0.548690575098316
-0.981923,0.81283,0.607671,0.35865,50.05,70.0,0.6271781809597882,0.33875648550377446
-0.765234,0.71977,0.708659,0.518582,50.05,70.0,0.7190902741120138,0.5001740653040678
-0.821647,0.583309,0.156502,-0.019573,50.05,70.0,0.15454782286327354,-0.005390078617768175
-0.319154,-0.021459,-0.2647,0.034823,50.05,70.0,-0.2612352682692498,0.03971866871302284
-0.661205,-0.871889,0.700464,-0.829997,50.05,70.0,0.7173835140569786,-0.8487098070148299
0.168218,-0.765655,0.547207,0.223322,50.05,70.0,0.5651793661899067,0.20494434943418188
-0.367398,-0.8657,-1.175807,0.084441,50.05,70.0,-1.167611543574578,0.10282973720503
0.183796,-0.946117,-0.071057,-0.85898,50.05,70.0,-0.05277480089758556,-0.8402290522502713
0.606702,0.847616,0.705384,0.794389,50.05,70.0,0.6906206176929982,0.7758554910983142
-0.124102,0.223858,-0.754576,-0.474173,50.05,70.0,-0.7685091488912481,-0.49031836811152707
0.374039,0.480682,-2.455808,-0.667526,50.05,70.0,-2.451912317663935,-0.648345924453377
0.828029,0.68807,-0.764616,0.69982,50.05,70.0,-0.7716148054943528,0.6842872674804812
0.384711,-0.167986,-1.036811,0.203182,50.05,70.0,-1.0198117933177497,0.21226942052856348
0.664001,-0.134176,-0.107948,0.059923,50.05,70.0,-0.10204495239559258,0.0770798465545919
0.899106,-0.718484,0.813725,-0.618114,50.05,70.0,0.8127049896300573,-0.6301182055308052
0.438141,-0.160156,0.432922,-0.150548,50.05,70.0,0.41924917947437,-0.16173851811105905
0.263899,-0.644967,20.324364,2.560371,50.05,70.0,20.32903028060321,2.569605541128049
0.033075,-0.1038,-0.048118,-0.05194,50.05,70.0,-0.053253812466688775,-0.032516048775015904
-0.561876,0.544563,-0.596587,0.302041,50.05,70.0,-0.5766237018581113,0.28229219491810276
0.47469,0.121832,0.246117,-0.021517,50.05,70.0,0.24396944841863658,-0.01484327371970862
-0.377752,-0.8789,-0.837544,-0.781428,50.05,70.0,-0.8236853651830099,-0.791446530760416
0.326983,-0.401762,-0.814947,0.292585,50.05,70.0,-0.7950632494404606,0.2806787586543325
-0.412212,-0.052264,0.206549,-0.595864,50.05,70.0,0.20331777162246145,-0.5856147275477047
-0.406023,-0.028782,0.15315,-0.011838,50.05,70.0,0.1519668911108136,0.002579255036951984
0.266681,0.106695,-0.197141,-0.004286,50.05,70.0,-0.19756956719535926,0.006759510405599198
-0.78337,-0.106293,0.169547,-0.029951,50.05,70.0,0.16656308241846168,-0.016717337967652856
-0.464617,-0.823894,6.187769,3.844386,50.05,70.0,6.19504555658158,3.862152776587119
0.821813,0.217607,10.057681,-1.120732,50.05,70.0,10.07024947690003,-1.1007372541995044
-0.67415,-0.434623,0.542193,-0.420221,50.05,70.0,0.5249399803036648,-0.4383950784038672
-0.712282,0.676348,-0.683784,0.625419,50.05,70.0,-0.6834940570852481,0.6061831878419381
-0.616696,-0.813005,-0.459337,-0.243622,50.05,70.0,-0.47810596377934594,-0.25689800704207677
-0.169999,0.822013,5.007251,2.78104,50.05,70.0,5.026715321868672,2.800946976278026
-0.420811,-0.563386,0.436766,1.003419,50.05,70.0,0.41768729616696465,0.9919119727116272
-0.836634,0.692382,-0.238339,-0.003659,50.05,70.0,-0.23870487958879152,0.0037427150744122565
0.860161,0.733015,0.855287,0.735602,50.05,70.0,0.8450658034885667,0.7271564930858206
-0.209448,-0.19681,0.078432,0.027595,50.05,70.0,0.08118275285030863,0.04607671391784403
0.214248,0.871854,-4.022702,-4.779441,50.05,70.0,-4.003815504690805,-4.7734000022481
-0.751063,0.883497,-0.757204,0.779311,50.05,70.0,-0.7709092249226743,0.7633221217131423
0.927844,0.273075,-1.087207,-0.086565,50.05,70.0,-1.095595739276258,-0.07332257236825987
-0.4255,0.617593,0.021166,-0.172239,50.05,70.0,0.005993566312496571,-0.15235089539489172
-0.113361,0.73919,-1.681419,1.60019,50.05,70.0,-1.6616346084967164,1.5896832217537702
-0.437834,-0.673204,0.575211,-0.185854,50.05,70.0,0.5591873338295231,-0.2051530308987917
-0.540754,-0.456743,-0.341157,-0.150361,50.05,70.0,-0.35481616694633494,-0.15305258174525146
-0.479285,0.657715,-1.019466,0.377707,50.05,70.0,-1.0004671134347012,0.38521708946332434
0.220404,0.335188,-0.257007,-0.296239,50.05,70.0,-0.27692676972063596,-0.29060124028254214
-0.500932,0.834853,2.44321,0.962307,50.05,70.0,2.4233082188354467,0.9810922545321545
-0.629449,0.843372,-0.192428,-0.030053,50.05,70.0,-0.19542200303118076,-0.018617687915824216
0.546369,0.822721,-0.30337,-0.026039,50.05,70.0,-0.3059665498944615,-0.024960596704403863
-0.532446,-0.821668,0.012495,0.022454,50.05,70.0,0.014735685928072482,0.0424149814374231
0.226255,0.663875,3.923013,0.890348,50.05,70.0,3.903688541311983,0.9047685941661042
-0.247468,0.802476,-0.604496,0.238245,50.05,70.0,-0.5859195289217588,0.21838671057646594
-0.778794,0.812219,0.847109,0.794192,50.05,70.0,0.832358914782251,0.7850124498590174
0.964864,0.466489,-3.065621,5.233892,50.05,70.0,-3.048406228734778,5.215317656048645
0.273673,-0.375503,-2.360331,0.204528,50.05,70.0,-2.3432612652593723,0.21895958551682232
0.922103,-0.207024,0.493564,0.206526,50.05,70.0,0.5107369999253202,0.19089653343203924
0.546595,0.627072,0.617707,0.20937,50.05,70.0,0.6350240315177048,0.1893981445426057
-0.802856,0.391819,-0.734941,0.296385,50.05,70.0,-0.7150199291574594,0.2791604100139628
-0.696518,-0.378622,-0.387298,-0.250784,50.05,70.0,-0.4063022677724249,-0.2579359437033888
0.499251,0.908151,1.231425,0.212473,50.05,70.0,1.2488951844820335,0.23231429831998926
-0.713112,0.719318,0.650905,0.545486,50.05,70.0,0.6589534703952236,0.5256134016585662
-0.426577,0.525344,-0.635714,3.434728,50.05,70.0,-0.655603600424999,3.414741671683567
-0.544363,0.89345,-0.730566,0.55789,50.05,70.0,-0.7236678046176961,0.5404472040932267
0.217598,-0.826999,0.171869,1.290415,50.05,70.0,0.1752307588633315,1.3034736743010253
0.632374,0.315776,-0.505155,0.379647,50.05,70.0,-0.4862176156098359,0.36332097156566934
-0.760728,0.439157,0.631303,0.499095,50.05,70.0,0.6433448235911577,0.4790972267229035
0.914086,-0.951354,-0.757881,-0.777302,50.05,70.0,-0.7443227789902797,-0.7932501166149328
0.594093,0.920383,-0.540442,0.415029,50.05,70.0,-0.5229322118896552,0.39692871114009887
0.884356,-0.632207,-0.779675,-0.518741,50.05,70.0,-0.7900927047407879,-0.5332819793051932
0.490635,0.106952,0.091618,-0.000524,50.05,70.0,0.09156560005994908,0.01741397606900412
-0.460303,-0.315181,-0.098903,0.04622,50.05,70.0,-0.09432203163145371,0.0638239799336544
0.758414,0.666777,0.728649,0.61354,50.05,70.0,0.7301255085620075,0.5960042162565172
0.526277,-0.858722,-0.014983,-1.162457,50.05,70.0,-0.0059092242588514934,-1.1425130963293006
-0.545402,-0.573237,0.668236,-0.384901,50.05,70.0,0.6494741088065489,-0.4045039695201424
-0.397997,0.860665,-0.826087,0.305356,50.05,70.0,-0.8061063712423954,0.2943628535765173
-0.807149,0.247267,-0.112199,0.422069,50.05,70.0,-0.09504018725301316,0.4390035232286372
-0.179837,-0.51215,2.215546,-2.039384,50.05,70.0,2.2294994286644108,-2.037742733510929
0.289462,0.991806,1.970549,0.999417,50.05,70.0,1.951354058506641,0.9812207729453334
-0.709052,0.954896,0.729592,0.413229,50.05,70.0,0.7471880605108193,0.39573875751726467
0.93,0.513438,-0.884365,0.425093,50.05,70.0,-0.8673635003189712,0.4193631477930248
-0.646765,-0.180138,-0.380867,0.065058,50.05,70.0,-0.37447532817726253,0.05851022545530043
0.420416,-0.06068,0.362503,-0.067172,50.05,70.0,0.35591137517877525,-0.0719594337417672
0.146581,-0.413771,0.151722,0.634985,50.05,70.0,0.15105547651076298,0.6495008582202706
-0.241519,0.798118,0.798656,-0.239444,50.05,70.0,0.7800354373775159,-0.25261829073321107
-0.028758,0.668628,-0.371751,-0.460513,50.05,70.0,-0.3866308752595255,-0.4661929108356161
-0.375582,-0.405233,-1.009049,-0.178061,50.05,70.0,-1.0245942736409681,-0.17152612762744512
-0.752818,-0.604838,0.550066,-0.315886,50.05,70.0,0.5300667453985,-0.3343745655285858
0.481998,0.939213,15.76633,9.31072,50.05,70.0,15.777127520244221,9.29156564148759
-0.648264,0.630661,-0.717014,0.582757,50.05,70.0,-0.7124971527330817,0.564691698859198
-0.476873,-0.812586,-0.835093,-0.46004,50.05,70.0,-0.8500044388411849,-0.47026990469473434
0.862385,0.101549,10.71951,0.797679,50.05,70.0,10.704526676593046,0.7780407112523341
0.741448,-0.487347,0.407442,-0.179921,50.05,70.0,0.3917803737482578,-0.18891471849084182
-0.835457,0.469257,-0.639732,0.243965,50.05,70.0,-0.6209512159213237,0.22399755798290755
0.800061,0.624357,0.214205,-0.076297,50.05,70.0,0.2067590174618303,-0.06671250307092286
-0.423984,0.104838,-0.428453,0.121567,50.05,70.0,-0.41703116838101384,0.11074964112600597
0.005977,0.452976,7.664684,-28.952587,50.05,70.0,7.659742259028802,-28.936359645582233
-0.839314,-0.346589,-8.741798,-3.907318,50.05,70.0,-8.754482938613995,-3.888060329869178
0.880013,0.381796,2.524652,1.144114,50.05,70.0,2.5139839957768277,1.1640816447056552
0.853562,-0.177187,11.385196,2.473679,50.05,70.0,11.38126230215288,2.492272164538363
0.019625,-0.168288,3.990763,-6.252493,50.05,70.0,3.993820197938386,-6.2434970740644875
-0.415485,0.947487,18.972937,-8.788899,50.05,70.0,18.973692862953442,-8.772585547348381
0.421685,-0.744405,-0.507078,-0.265479,50.05,70.0,-0.5264884770677548,-0.28191534958442177
0.780182,0.510815,-0.667097,0.478292,50.05,70.0,-0.6534622836963855,0.45866676612236357
-0.727005,-0.781239,-0.683417,-0.689656,50.05,70.0,-0.6773789556562222,-0.7089018277165139
-0.278834,-0.356509,22.495015,6.205055,50.05,70.0,22.487399181083187,6.2213062586272025
0.152787,-0.108069,-1.090438,-0.274763,50.05,70.0,-1.110051236586919,-0.26128018084954774
-0.316174,0.061513,0.298262,-0.051916,50.05,70.0,0.2931285070912247,-0.050327946937575814
-0.155052,0.042221,0.101159,0.030922,50.05,70.0,0.10423889526126606,0.04841779141971201
-0.38857,-0.693973,-0.724367,1.262785,50.05,70.0,-0.7237523029617454,1.2450473402758504
0.395303,-0.134943,-0.472082,0.053982,50.05,70.0,-0.46674910607543973,0.039780373897801376
0.011862,-0.628103,0.137061,-0.437712,50.05,70.0,0.12075748390177178,-0.4222274790838749
-0.532019,0.352013,0.472167,0.267119,50.05,70.0,0.4916163488818353,0.2529113901631871
0.289018,-0.475379,-0.298689,0.076596,50.05,70.0,-0.2912152752205763,0.07814148429533069
0.298053,-0.616643,1.482559,0.286618,50.05,70.0,1.5023696691500856,0.295158255479868
0.087231,0.09562,0.112573,0.127275,50.05,70.0,0.12445867853703244,0.14418959574820808
-0.920196,0.269264,18.93944,-1.353541,50.05,70.0,18.930124332200812,-1.3355270187908344
-0.479136,-0.837267,0.788207,0.177163,50.05,70.0,0.8036956172197965,0.1632208672560876
0.046406,-0.046916,0.041923,-0.021341,50.05,70.0,0.039792947490233085,-0.001778778014014177
-0.518607,-0.2244,0.305994,-0.044875,50.05,70.0,0.30154405855441935,-0.04405870027476817
0.513155,0.601862,-4.92708,-0.130458,50.05,70.0,-4.939220156984261,-0.11288091717199672
-0.508244,-0.059478,-0.464628,-0.372218,50.05,70.0,-0.48379119715372165,-0.38588503451993356
0.361529,0.222283,-0.414815,0.100598,50.05,70.0,-0.40517405273000073,0.09095199473914906
-0.097872,-0.933933,-0.533684,0.628741,50.05,70.0,-0.5337262468967865,0.6109384609566536
-0.613763,0.481852,0.643665,0.466116,50.05,70.0,0.6581647005189545,0.4461748496465147
0.480888,0.280178,0.129553,-0.026954,50.05,70.0,0.12686575199713465,-0.011005311985364512
0.954117,-0.152512,14.604032,-0.090552,50.05,70.0,14.595283017834744,-0.10500000642067865
0.736005,0.030286,-0.827904,-0.006731,50.05,70.0,-0.8285769729417309,-0.0175719044387355
-0.98876,-0.097038,4.077792,0.141949,50.05,70.0,4.09082480735105,0.14257674185101699
-0.922791,0.648385,1.339495,-0.316686,50.05,70.0,1.3194965960757574,-0.29837795043363696
-0.601299,-0.037737,2.269481,0.10701,50.05,70.0,2.2796786810444565,0.11390233906379627
-0.238579,0.199523,-0.450904,0.191266,50.05,70.0,-0.4345623752424285,0.17863231830621656
-0.622423,0.937649,-0.925468,0.794696,50.05,70.0,-0.9402520756082657,0.7929970702749977
-0.937758,-0.901188,0.598351,-1.017397,50.05,70.0,0.61696411025792,-1.037172906513002
-0.269816,-0.801529,0.244408,-0.175465,50.05,70.0,0.22902736511873326,-0.16863041460199785
0.697331,0.050428,-0.575063,0.038584,50.05,70.0,-0.5712284892374893,0.019288858321040846
-0.452521,0.473139,-0.404999,0.286855,50.05,70.0,-0.3851850914250237,0.2780801525568517
0.042068,-0.959955,0.557913,-0.009308,50.05,70.0,0.5569825359780062,-0.028081510085911726
0.039581,-0.755725,-4.084665,1.394137,50.05,70.0,-4.0719728631476775,1.3940775450542429
0.529613,-0.795058,-0.740286,-0.181987,50.05,70.0,-0.7560752768909687,-0.1989338299829481
-0.544608,0.771145,-1.817146,-2.513809,50.05,70.0,-1.817199487649056,-2.5326704346205737
0.633827,0.737695,0.624321,0.659095,50.05,70.0,0.6212554850306998,0.6390989949299576
0.434888,-0.843514,8.795466,6.042114,50.05,70.0,8.776786666244357,6.062113753274691
-0.943351,-0.901095,0.571101,-1.043861,50.05,70.0,0.5885859176801607,-1.0630481056634264
-0.709583,0.045764,-0.225117,0.009678,50.05,70.0,-0.22414957765458737,0.01829097233013069
-0.848057,0.706128,-0.816697,0.686705,50.05,70.0,-0.822453066983963,0.6749398241947385
-0.10714,-0.699312,1.155014,1.00019,50.05,70.0,1.1358409127417413,1.0176632604246063
0.668578,0.794541,0.301657,-0.03863,50.05,70.0,0.29781797467547727,-0.03738058754964352
-0.146137,-0.118762,-0.177627,0.116494,50.05,70.0,-0.16662523348564823,0.12911120339849397
-0.030227,-0.024788,0.022141,0.022311,50.05,70.0,0.02436747538446605,0.04218856914501026
-0.617069,0.928811,-0.892039,0.656938,50.05,70.0,-0.8948911896468948,0.6519474172609719
0.531543,-0.350563,-0.520424,-0.297721,50.05,70.0,-0.5403564838791186,-0.3148805937971779
0.0915,-0.163904,-0.247185,-0.101043,50.05,70.0,-0.25686491183305027,-0.09447004706297832
-0.732879,0.500007,-0.596673,0.573368,50.05,70.0,-0.5912468224753168,0.5536178380053044
-0.375659,0.306609,0.711233,0.101289,50.05,70.0,0.7209344312379696,0.08298322675142471
-0.820444,0.803971,0.873412,0.728594,50.05,70.0,0.8637993236268334,0.7218238749138912
0.339484,-0.285927,5.672606,-0.366578,50.05,70.0,5.653289007644081,-0.386499381548299
0.42134,-0.536811,0.423718,0.2208,50.05,70.0,0.44157829220118816,0.2103838997885585
-0.178352,0.433384,1.276275,-0.7739,50.05,70.0,1.2895811756815372,-0.7539963347217833
-0.110744,0.727611,1.823796,1.059944,50.05,70.0,1.8071475473117775,1.0408718594651374
0.961936,-0.735594,-0.924563,-0.748072,50.05,70.0,-0.9132905061644903,-0.7498610849130901
0.871727,-0.888178,0.742303,-0.621732,50.05,70.0,0.7416444659798413,-0.6385708575397923
0.38584,0.804933,0.30048,-0.767878,50.05,70.0,0.31333062886882374,-0.7665111397544992
0.516151,0.956049,-0.448644,-0.174793,50.05,70.0,-0.46398159319000837,-0.18725067777702673
0.308419,-0.398532,1.377826,-0.431103,50.05,70.0,1.3611486519724922,-0.4146637114951277
-0.133587,0.80981,-2.602661,-1.68256,50.05,70.0,-2.6196186437406386,-1.6645244738868512
0.476473,0.080954,0.089697,-0.021387,50.05,70.0,0.08756237370947621,-0.0033648991695875777
0.592202,-0.862486,0.301224,-0.1127,50.05,70.0,0.29054103337514103,-0.1114073750849637
0.189782,-0.334431,4.933463,-37.177823,50.05,70.0,4.943662374610801,-37.159950392925076
-0.777806,-0.578644,-0.123652,0.106191,50.05,70.0,-0.1135248581739513,0.1224887645056564
0.721937,-0.407538,-0.524245,-0.524611,50.05,70.0,-0.5341572110951123,-0.541963728825284
0.500941,-0.678732,0.357908,-0.254528,50.05,70.0,0.3387904058430579,-0.2588680681013324
0.545247,-0.028404,-0.447106,-0.038661,50.05,70.0,-0.450948067632216,-0.0509979906764268
0.606463,0.818131,0.71629,0.440853,50.05,70.0,0.7324095820161867,0.4227567516838477
0.330295,-0.732328,-0.018843,-0.046093,50.05,70.0,-0.023411605074906604,-0.026181699021963926
-0.232883,-0.059172,-0.396572,0.036616,50.05,70.0,-0.39293082083927594,0.028605977689578475
-0.498644,-0.703035,-0.165192,0.138266,50.05,70.0,-0.15244075247731448,0.15182302974364342
0.096584,-0.715495,0.263849,0.452014,50.05,70.0,0.27928316291064414,0.45699213521500753
0.679597,-0.013793,0.142751,-0.011172,50.05,70.0,0.14163438091659325,0.0039461779895569905
0.185784,0.463417,7.749413,-1.483784,50.05,70.0,7.731276118652421,-1.4737970903285318
0.641315,0.582425,0.354182,0.054331,50.05,70.0,0.3595485222300444,0.05035538526359246
0.822359,-0.616853,0.667905,-0.384804,50.05,70.0,0.6491397511344164,-0.40441350523836417
0.544923,0.514253,-0.572704,0.291852,50.05,70.0,-0.552828274606782,0.27262027427900687
-0.956285,-0.284246,0.843212,-1.045054,50.05,70.0,0.8606386887872121,-1.0545780138516694
0.676004,-0.39251,0.296523,-0.106874,50.05,70.0,0.2863370206189969,-0.1051126582198483
-0.911428,-0.364147,0.387654,-0.326392,50.05,70.0,0.3676913982881178,-0.3335771783388445
-0.223445,0.554583,2.432008,0.003189,50.05,70.0,2.432326886487155,0.021560545932979767
0.870859,0.518867,-0.615278,0.298934,50.05,70.0,-0.5953359241945958,0.2789764988005831
0.604521,0.188432,-0.492259,0.122317,50.05,70.0,-0.48077568235842033,0.1067692895638541
0.983968,-0.441623,0.522681,-0.229242,50.05,70.0,0.50445681557885,-0.24651643709123844
-0.362898,0.774609,-1.329376,4.084166,50.05,70.0,-1.3093760022824663,4.102857777874335
0.861717,0.883044,0.903204,0.827917,50.05,70.0,0.8863963090034789,0.8240148122402126
-0.680984,0.709291,-0.644844,0.519607,50.05,70.0,-0.6345003167618963,0.4996752339494783
-0.94216,-0.875263,0.379483,-0.610711,50.05,70.0,0.3777245205374054,-0.6171278460742989
-0.552642,-0.257595,0.524982,-0.277508,50.05,70.0,0.5053168900229615,-0.29489725450235327
0.598104,0.333598,-0.162172,-0.028196,50.05,70.0,-0.16498226918313194,-0.014418494178358698
0.776306,-0.628948,-0.459455,-0.262577,50.05,70.0,-0.4787934965408014,-0.27586183006670206
-0.733029,-0.016875,-1.086049,-0.119113,50.05,70.0,-1.09726853137823,-0.10595757398020728
0.387052,-0.808956,-0.254882,-0.149364,50.05,70.0,-0.26846817093685715,-0.14352267978481253
-0.116369,0.188092,1.173301,-1.067325,50.05,70.0,1.1895291977127118,-1.0490362490801095
-0.745247,0.635944,0.408753,0.189678,50.05,70.0,0.42500255882385973,0.1805673787853508
0.317042,0.532036,-2.813998,-32.535513,50.05,70.0,-2.801340621820733,-32.53417047145615
-0.066758,0.000284,0.042758,5.1e-05,50.05,70.0,0.04276309999994472,0.019595676586732624
0.778163,0.581955,0.394002,0.210084,50.05,70.0,0.41135464257842524,0.2023101206589324
0.916912,0.537192,0.7743,0.513878,50.05,70.0,0.7851297030875681,0.49897327625976307
0.586552,0.181396,-0.618969,0.043093,50.05,70.0,-0.6146929660151561,0.02311484945168096
0.726136,0.165807,-0.381654,0.165383,50.05,70.0,-0.3669370825766811,0.15876091351819072
0.720988,-0.358477,-0.42174,-0.288942,50.05,70.0,-0.44158123288606677,-0.2991887365114416
-0.928149,0.602891,-0.627645,-0.000578,50.05,70.0,-0.6277027999195415,-0.020577886589200175
0.794074,-0.000509,-0.461874,-0.007997,50.05,70.0,-0.4626734869236107,-0.02146167857208986
-0.549111,-0.908265,0.967956,-0.711113,50.05,70.0,0.9760009859016112,-0.7085720652234321
0.793116,-0.095656,-0.043294,0.047304,50.05,70.0,-0.038607581244762726,0.0668372343605251
0.306515,-0.410308,0.092481,0.039646,50.05,70.0,0.09641968605305146,0.05754564423927522
-0.045388,-0.836877,9.974092,28.056415,50.05,70.0,9.991820785256026,28.074874758446498
0.608974,-0.980802,0.601897,-0.71925,50.05,70.0,0.6106800899129408,-0.739075729353838
-0.34384,-0.915779,0.576735,-0.732366,50.05,70.0,0.586676721952267,-0.7517044642659759
0.49707,0.258782,0.501969,0.241883,50.05,70.0,0.5206771865023972,0.22574306692181884
-0.656656,-0.417089,-0.537212,-0.394131,50.05,70.0,-0.555634320401012,-0.4120915363916673
-0.016249,0.909387,0.976055,-0.286854,50.05,70.0,0.9562411050350353,-0.2835120306855266
0.064145,0.082373,0.043002,0.036003,50.05,70.0,0.04658288662122149,0.05554248521367461
0.448259,-0.112029,-0.3641,-0.011247,50.05,70.0,-0.3652241073064878,-0.016189336673680926
-0.868895,0.486294,-0.704927,0.493297,50.05,70.0,-0.6924273728197531,0.4747463625807658
-0.864346,0.93059,0.558261,0.936552,50.05,70.0,0.5382697781225826,0.9177665192360103
0.427476,0.58329,0.148563,0.242278,50.05,70.0,0.16728511589022751,0.25700935029743266
-0.649458,0.55773,-0.666382,0.515687,50.05,70.0,-0.6557048223309874,0.49604811496044576
-0.228223,0.257944,-0.24676,0.098715,50.05,70.0,-0.23728445572043344,0.10532807730206088
-0.74027,0.280845,0.684506,0.231725,50.05,70.0,0.702831063008531,0.2125090804965366
0.161619,0.32779,0.216211,0.594593,50.05,70.0,0.2195675925292252,0.6040009527311996
-0.841716,-0.725098,-0.821389,-0.684564,50.05,70.0,-0.8158383002387597,-0.6959465438997566
-0.714976,-0.600951,-0.675579,-0.610643,50.05,70.0,-0.6773442530257033,-0.6300872054889675
-0.185569,-0.857495,-10.709665,0.132405,50.05,70.0,-10.697370693438636,0.11260418381222002
0.079194,-0.986277,-17.821004,33.994123,50.05,70.0,-17.81462518410306,34.0024671532264
-0.360576,-0.206181,-0.380179,0.270035,50.05,70.0,-0.36066376661888117,0.26355227248305185
0.710586,0.822222,0.586224,0.534322,50.05,70.0,0.5952814163960335,0.5147633544767783
-0.914065,-0.689729,-0.931596,-0.662343,50.05,70.0,-0.9282099413888266,-0.6634306427907388
-0.271129,-0.860308,-18.124441,8.609052,50.05,70.0,-18.140557142102008,8.591349017758253
0.810694,-0.662285,0.431969,-0.197658,50.05,70.0,0.41526727005830594,-0.20876940550278744
0.97765,-0.640852,-0.157073,0.126473,50.05,70.0,-0.14525191812781652,0.14061560461721848
-0.803781,0.848352,-0.550095,0.458326,50.05,70.0,-0.5350698848676985,0.4398363287335198
0.257794,0.738496,0.054666,-3.540321,50.05,70.0,0.07290450003617721,-3.5210634532250267
-0.091454,0.929495,-26.498293,16.944267,50.05,70.0,-26.496263168042866,16.961373965856232
0.022391,0.32382,1.053856,0.355104,50.05,70.0,1.0734383439640158,0.36567499070973025
0.448864,0.050089,0.171185,-0.023,50.05,70.0,0.16889006623212674,-0.009889594979951028
-0.154031,-0.805524,-0.624036,-1.156898,50.05,70.0,-0.614470396895668,-1.1768934151578463
-0.435151,0.418939,0.838735,0.032283,50.05,70.0,0.8419492994651728,0.022367726104358325
-0.892873,-0.522965,0.788196,-0.54687,50.05,70.0,0.780274420078479,-0.5608129213870288
0.526701,0.258703,0.243492,0.031401,50.05,70.0,0.24661921501554532,0.03832159895168798
0.02374,0.996452,-0.563085,1.851587,50.05,70.0,-0.5597636003729864,1.8326414552314203
-0.629624,-0.089357,-13.509304,0.767591,50.05,70.0,-13.522132624002746,0.7676365589169877
0.180245,-0.626033,-9.756641,-7.734365,50.05,70.0,-9.773169328434241,-7.732596933699175
0.255519,0.50806,9.737647,2.267225,50.05,70.0,9.71879558265825,2.2670959782820863
0.964117,-0.082891,0.371246,-0.167287,50.05,70.0,0.35640082223752917,-0.17291847208775973
0.850368,0.136096,0.037688,-0.022452,50.05,70.0,0.03544751281290766,-0.002806046800571501
-0.639532,-0.620266,-0.189452,0.061533,50.05,70.0,-0.18339531784090682,0.07321119323275242
-0.815743,-0.191868,1.939375,0.377732,50.05,70.0,1.9583731053688054,0.35846781137273687
-0.725872,0.266767,0.7628,0.429934,50.05,70.0,0.7795415874651138,0.4142875106461643
-0.453144,0.011177,0.432529,-0.110391,50.05,70.0,0.4220419417110382,-0.12154892418197785
-0.148534,-0.419242,-0.02356,0.642731,50.05,70.0,-0.024999999857211623,0.6625923919980305
-0.193468,0.377526,1.351129,1.104276,50.05,70.0,1.3373244225317875,1.122085032622834
-0.914385,-0.06214,-0.261476,-0.046961,50.05,70.0,-0.2661290668158026,-0.0417533890156515
-0.3858,-0.133728,0.125253,-0.002406,50.05,70.0,0.1250124058032661,0.013798446455814127
0.427635,-0.732406,0.924766,-0.552876,50.05,70.0,0.9173993895633746,-0.554644865379049
0.444195,-0.417653,-0.545571,-0.242938,50.05,70.0,-0.5643162273308545,-0.26125049113186866
0.511324,-0.169434,-0.450897,-0.245454,50.05,70.0,-0.4697284564386971,-0.25808713902790587
0.319375,-0.262597,0.173486,0.150978,50.05,70.0,0.1871901710928374,0.16391377481879074
0.53994,0.767656,0.512862,0.62803,50.05,70.0,0.5128908530617875,0.6112710253849284
-0.002881,-0.415556,1.957328,5.101914,50.05,70.0,1.9646874720254457,5.0832092149370185
-0.248851,-0.444611,-2.160172,-8.082716,50.05,70.0,-2.168457106970754,-8.086585724590766
-0.573956,-0.478984,-0.629969,-0.441602,50.05,70.0,-0.6460441324762229,-0.4616013189916521
-0.289096,-0.828228,-6.624151,-1.350923,50.05,70.0,-6.633234209817416,-1.3535956238337412
-0.021273,0.460546,-0.354706,0.299219,50.05,70.0,-0.33476177693739506,0.2951920446624643
0.394895,0.996714,-0.911294,0.28218,50.05,70.0,-0.8915491240980143,0.27907424005617887
-0.235634,-0.302808,0.106917,0.035436,50.05,70.0,0.11044208852064967,0.05264560278440328
0.698706,-0.847867,-0.57928,-0.454047,50.05,70.0,-0.5945840736683777,-0.4734488115524541
-0.103312,-0.360123,-0.982099,0.025871,50.05,70.0,-0.9795191088344586,0.029807254974026073
-0.588823,-0.349441,0.585029,-0.353135,50.05,70.0,0.5654075765719688,-0.37266833034838603
0.948683,0.507435,-0.448141,0.350029,50.05,70.0,-0.42846179818296387,0.33761071198947096
0.465841,-0.608831,1.639446,-0.631996,50.05,70.0,1.6398137262063517,-0.6387269547904874
-0.617614,-0.233566,0.073139,0.061405,50.05,70.0,0.07918348196546968,0.08008250911644854
0.453737,-0.034888,0.236899,0.042405,50.05,70.0,0.24110779967374135,0.04994029772090942
-0.369844,0.034654,-0.288225,0.0354,50.05,70.0,-0.28470345517715445,0.03798616471595926
0.433931,-0.914463,2.454655,21.894062,50.05,70.0,2.4639868253998913,21.913209081755458
0.627115,-0.071482,-14.798581,0.900337,50.05,70.0,-14.818138678414108,0.9036314693146136
0.598121,0.620841,-0.679465,0.532499,50.05,70.0,-0.6702454277806268,0.5131494338961688
0.476206,-0.402413,-0.515411,-0.191295,50.05,70.0,-0.5317542965011693,-0.20819172115447263
0.644113,-0.393727,0.063387,0.103218,50.05,70.0,0.07325666350650546,0.1222219020883821
0.627109,-0.177451,0.590236,0.761397,50.05,70.0,0.5778886434159555,0.741758475635816
-0.42353,-0.275221,0.489147,-0.26788,50.05,70.0,0.4696800577041669,-0.28323008381019693
0.35342,-0.070808,0.04106,-0.052221,50.05,70.0,0.035897034887003895,-0.03264100259370588
-0.06327,0.622169,3.37393,-4.557366,50.05,70.0,3.3882168126123426,-4.565321851217563
0.798843,0.149214,0.463421,-0.017445,50.05,70.0,0.4616787112429851,-0.031023664389330536
-0.165341,-0.893351,14.246712,-2.974856,50.05,70.0,14.23190375783615,-2.9852709327177442
-0.544258,0.658406,-0.494621,0.448317,50.05,70.0,-0.478954366656955,0.4326218016984778
-0.169646,0.751631,0.102046,0.52697,50.05,70.0,0.11175263661737016,0.5444226440759173
0.658225,0.786553,-0.544178,0.458233,50.05,70.0,-0.529146748388134,0.4399769559883261
-0.398783,-0.341262,-0.740234,-0.122209,50.05,70.0,-0.7517084735866094,-0.13915859086169954
0.411846,-0.101688,-0.255436,-0.093639,50.05,70.0,-0.26446152535471,-0.0878506865851799
0.927828,0.007886,-4.314298,-0.055261,50.05,70.0,-4.319754053405139,-0.07352556213300104
0.548086,-0.313144,0.090336,0.07075,50.05,70.0,0.09726436071750091,0.08874430179776918
0.985569,0.454117,1.382049,0.255543,50.05,70.0,1.4011961643119648,0.2717381255903436
0.349097,-0.73298,-10.633235,0.085543,50.05,70.0,-10.624939145415782,0.06612052754726137
0.807179,0.263842,-0.723411,0.857614,50.05,70.0,-0.7416373864041643,0.8398323764441615
0.386629,0.073322,-0.408736,0.040454,50.05,70.0,-0.40471812863690537,0.031344892192074245
0.316053,-0.0946,-0.263245,-0.04042,50.05,70.0,-0.26725954062060164,-0.03538338851711478
0.057675,-0.659189,-13.151653,28.83585,50.05,70.0,-13.158209719874156,28.81631124358088
-0.9908,-0.382358,0.179018,0.049551,50.05,70.0,0.18392256258468317,0.06205997190081068
-0.298973,-0.833189,-14.976797,-3.081032,50.05,70.0,-14.982760942123402,-3.063618651126975
0.585178,-0.916427,-0.623768,-0.757354,50.05,70.0,-0.6117411970693202,-0.7773488233908723
-0.380331,-0.220691,0.082626,-0.015015,50.05,70.0,0.08112591007553419,0.0033023737038073014
0.842344,-0.716442,0.600176,-0.319377,50.05,70.0,0.5801828058026698,-0.3391793259773288
0.766506,0.673861,0.755003,0.658991,50.05,70.0,0.7519477625526484,0.6428708695437535
-0.425255,0.744281,-0.189341,-0.326437,50.05,70.0,-0.2093033261416294,-0.31474979737937475
-0.868429,0.313477,0.512689,0.26716,50.05,70.0,0.5321393039321225,0.2504104731104575
0.603727,0.835739,0.779152,0.732301,50.05,70.0,0.7692159186306271,0.7177241620254586
0.259013,-0.771505,-0.576347,-0.440055,50.05,70.0,-0.5925136907088624,-0.4593835312567469
-0.691375,0.066585,-6.652809,0.50142,50.05,70.0,-6.640953620244078,0.49594437827459065
-0.909424,-0.689393,-0.929903,-0.656994,50.05,70.0,-0.9270452677023947,-0.658250651273157
-0.636268,0.242551,0.514804,0.046581,50.05,70.0,0.519420101169621,0.029716832649024347
0.552989,0.094298,-0.463485,0.11671,50.05,70.0,-0.4524652016054039,0.10312663742578765
0.864311,0.469957,0.888003,0.4889,50.05,70.0,0.9008428261301424,0.48351962687753647
0.567179,0.582662,-0.485713,0.124699,50.05,70.0,-0.47403547777447,0.10957130247362395
0.801254,0.668487,0.571357,0.338544,50.05,70.0,0.5912085302375514,0.31934968570937683
-0.731695,0.406722,-0.456732,0.095664,50.05,70.0,-0.4475262325378088,0.08258394408165426
-0.223854,-0.309754,12.511999,-26.523351,50.05,70.0,12.4995814194363,-26.504085527463687
-0.029291,-0.285913,17.384406,12.08948,50.05,70.0,17.370669094091134,12.099560142633871
0.664114,-0.234623,-0.165401,0.145646,50.05,70.0,-0.1520900073523485,0.1591876566879934
0.698742,-0.239523,0.404442,-0.319315,50.05,70.0,0.38444864503191917,-0.32803976073990637
0.328961,0.841571,-6.369153,14.355307,50.05,70.0,-6.3599157129238035,14.373487661548296
0.285931,-0.352077,2.165682,-0.585609,50.05,70.0,2.1614434340873454,-0.5889367367522617
0.646236,-0.714546,0.602627,-0.549891,50.05,70.0,0.5949837063971536,-0.5697262131002091
0.620283,-0.899205,-0.628615,-0.835388,50.05,70.0,-0.61141420732103,-0.8553879780264952
-0.938812,-0.617083,0.089259,-0.135828,50.05,70.0,0.07669651841929746,-0.1177869506850654
0.688338,0.901465,-0.285182,0.071527,50.05,70.0,-0.27818080291647274,0.07441459896938885
0.920307,-0.392454,-2.98736,-0.591846,50.05,70.0,-2.990987071068253,-0.6061880078449358
0.029959,-0.472838,-0.746658,-1.022711,50.05,70.0,-0.7282458740291583,-1.0393109029041023
-0.99287,0.827051,0.010729,-0.78714,50.05,70.0,0.024993764177873346,-0.767168770959535
0.245243,-0.194364,-5.797689,0.198915,50.05,70.0,-5.780918450466041,0.18380148580893166
-0.680862,0.752036,0.67832,0.732157,50.05,70.0,0.6683964184282869,0.7127787879169294
-0.527152,0.158672,-0.365227,0.031449,50.05,70.0,-0.3620950441145017,0.02639753768416582
0.800991,0.253507,-1.062164,0.267378,50.05,70.0,-1.0427086317241254,0.2786449368709171
0.697409,-0.645213,-0.619478,-0.490075,50.05,70.0,-0.6322275164115635,-0.5100554644353039
-0.101674,-0.832654,18.808731,14.612733,50.05,70.0,18.79428622166677,14.632317776209788
-0.409645,-0.906633,2.934158,-0.385699,50.05,70.0,2.9154238991441663,-0.39587212034406
0.215493,-0.205897,-0.182813,-0.115795,50.05,70.0,-0.19375632549684083,-0.10358437290407717
-0.518944,0.102531,-0.470523,0.309638,50.05,70.0,-0.4505281102424753,0.29554657650366034
-0.757185,-0.005616,0.535735,0.090407,50.05,70.0,0.5444709408411004,0.07251193202672325
-0.394771,-0.915792,-0.040109,0.341221,50.05,70.0,-0.02029180520847167,0.36082016315018367
0.291972,-0.820494,-0.68722,0.422169,50.05,70.0,-0.6700663268859747,0.4030300947953095
-0.049729,0.197554,0.503992,0.627638,50.05,70.0,0.5040600529404756,0.611379425135529
0.285528,0.86495,0.672897,1.016442,50.05,70.0,0.6542491589451652,0.9969367565494064
-0.787068,-0.246397,-0.061047,-0.060572,50.05,70.0,-0.06701202513355442,-0.04149647285331793
0.806648,-0.67406,-0.380935,-0.059573,50.05,70.0,-0.38680459782566085,-0.0661271994163483
-0.924337,0.660847,1.178648,0.061014,50.05,70.0,1.1846551988752032,0.07951259704101343
0.857793,0.933862,-0.657487,0.600848,50.05,70.0,-0.6547485763209265,0.5810603231568674
-0.588132,-0.739977,-0.400101,-0.511024,50.05,70.0,-0.41116953104405835,-0.519356119573285
-0.790217,0.819062,0.84537,0.74916,50.05,70.0,0.8340078012317929,0.739826297716935
-0.018767,0.590267,0.045824,0.359106,50.05,70.0,0.06532106983399069,0.37858333276393175
0.622283,0.715145,0.251817,-0.017022,50.05,70.0,0.2501168542969448,-0.010888241141989736
-0.560284,-0.690991,-0.063932,0.118127,50.05,70.0,-0.05279422883921561,0.13711384631690365
0.508751,0.579357,0.647358,0.418551,50.05,70.0,0.6646948857967451,0.39864155692702685
-0.746903,0.798723,-0.003604,-0.154365,50.05,70.0,-0.017552885311794275,-0.1343682471161315
0.135285,-0.258213,0.168658,-0.086281,50.05,70.0,0.16029505025138582,-0.07298081315885419
0.21151,0.851895,-17.329892,1.225616,50.05,70.0,-17.332981682862854,1.2306737194368658
-0.203728,-0.061228,-0.209595,0.044377,50.05,70.0,-0.20519362398051805,0.054363531170945695
0.948719,-0.883908,-0.594468,-0.550295,50.05,70.0,-0.6020739446272536,-0.5700092185896273
0.159625,0.817076,-0.775298,-13.214851,50.05,70.0,-0.7732852276904134,-13.229688991753447
0.603146,-0.925513,-0.335636,-0.233252,50.05,70.0,-0.35402169988601007,-0.23539554828213674
0.909658,0.624915,-0.792368,0.613899,50.05,70.0,-0.7909272958327964,0.6002581931975218
0.939187,0.916136,-0.771304,0.924048,50.05,70.0,-0.7912191457241868,0.9089451825564506
-0.499551,0.042104,-0.017795,0.010105,50.05,70.0,-0.01678492987508911,0.03002588670644833
-0.361629,0.103485,0.353858,-0.011172,50.05,70.0,0.35274138091659324,-0.015115856108280562
-0.728843,0.332199,-0.836378,0.39434,50.05,70.0,-0.8179638257790309,0.3842207239588653
-0.739758,0.885187,-0.742669,0.715428,50.05,70.0,-0.7511071342055855,0.6986089187851418
-0.667945,-0.158568,-0.065298,-0.023769,50.05,70.0,-0.06766930867439862,-0.00482552190879125
0.947921,-0.293218,-0.576471,0.05506,50.05,70.0,-0.5710342869541708,0.03572828636536019
-0.10969,0.438294,2.601893,0.298052,50.05,70.0,2.621828174050995,0.3161205862552602
0.399615,0.328267,-0.590697,-0.075549,50.05,70.0,-0.5980735077873004,-0.09519619726180328
-0.812237,0.731723,-0.794711,0.719445,50.05,70.0,-0.8035116047608492,0.7059764723076593
0.076541,0.419196,-0.856152,0.194407,50.05,70.0,-0.8396313122185544,0.186039981278967
-0.572811,0.757637,0.86822,0.366645,50.05,70.0,0.8875352552799717,0.35938866234227707
-0.402712,-0.372277,-0.796247,0.14129,50.05,70.0,-0.7832642503069353,0.1279354178513803
-0.854415,-0.160205,-1.195385,-0.267102,50.05,70.0,-1.214833952645659,-0.24803264533019237
-0.566009,-0.912022,0.768709,-0.747242,50.05,70.0,0.7799128363894923,-0.7625136598867408
-0.35529,0.636211,3.842343,14.512593,50.05,70.0,3.8363116938315365,14.531295681103254
0.800268,0.112445,2.112561,0.315769,50.05,70.0,2.1325603521920935,0.30738127223443257
-0.136413,-0.692745,-2.720808,3.601019,50.05,70.0,-2.7357602640054317,3.611183576245099
-0.968627,0.286414,0.328551,0.02667,50.05,70.0,0.33121010282683433,0.025232068233224155
-0.233314,0.686144,-25.885467,-19.41882,50.05,70.0,-25.89128700679048,-19.43507387329659
0.022486,-0.078865,-0.01881,-0.067001,50.05,70.0,-0.02538547783842683,-0.04708938884326677
0.522197,0.562717,0.391538,0.001171,50.05,70.0,0.39165509933094983,-0.006375270313601111
-0.414007,-0.208971,0.209517,0.016687,50.05,70.0,0.21118376459263222,0.02668028843945679
-0.178976,-0.057159,-0.141952,0.012707,50.05,70.0,-0.1406821547324492,0.027877365885064592
-0.677349,-0.202312,0.833813,-0.384981,50.05,70.0,0.8150538813415681,-0.3953206830586743
-0.261395,0.731706,-33.421046,-18.502023,50.05,70.0,-33.40132380471001,-18.518520453852123
-0.211219,0.037802,0.128324,-0.025663,50.05,70.0,0.12576473644821598,-0.009640455016347443
-0.669298,-0.890414,0.613641,-0.687429,50.05,70.0,0.619466365839499,-0.7073751666905653
0.811503,0.93636,0.081684,-0.155615,50.05,70.0,0.06764580783119127,-0.13726001038914384
-0.590864,-0.658115,-0.746825,-0.559881,50.05,70.0,-0.7535359742623686,-0.5764715823489813
-0.936259,0.29958,0.482962,-0.127713,50.05,70.0,0.47104112361069855,-0.14265932185008667
-0.959675,0.735043,0.569852,0.816155,50.05,70.0,0.5537104882357298,0.7970035151679752
-0.133577,0.965085,2.717364,1.857524,50.05,70.0,2.7200985664433435,1.8679836594661765
0.18619,-0.709454,6.743659,-5.600526,50.05,70.0,6.738291535982312,-5.613886806537536
0.210819,-0.760496,1.502862,-0.818151,50.05,70.0,1.5191205594109272,-0.8114874498887035
0.340039,-0.969245,-0.853359,-0.608601,50.05,70.0,-0.8553275605396619,-0.6172208787472827
-0.101823,0.662047,14.393167,-24.130418,50.05,70.0,14.37405570814617,-24.149578318892985
-0.971008,0.273679,5.022757,1.159037,50.05,70.0,5.013379788925958,1.17903340672153
-0.278237,-0.326265,-2.946276,-6.111976,50.05,70.0,-2.931170854819611,-6.123173137537514
0.45592,0.650435,0.227143,-0.015654,50.05,70.0,0.22557919783421707,-0.0072243169438623925
-0.141702,0.421911,0.128741,-0.364295,50.05,70.0,0.10936611415707342,-0.3482974470270366
-0.937691,0.234183,-0.76683,1.775019,50.05,70.0,-0.7563816616210406,1.7596266870257502
-0.08289,0.862562,1.87908,0.017117,50.05,70.0,1.880789611124034,-0.0028743699749261935
-0.92803,0.59356,0.322043,0.384153,50.05,70.0,0.34083066908551457,0.3833648306866626
-0.043361,-0.764387,10.456538,33.624491,50.05,70.0,10.43656031961356,33.615856375407056
0.946544,0.56964,-0.385588,0.238595,50.05,70.0,-0.3669985890916325,0.23160300854592927
-0.062004,-0.109344,-0.377741,0.017532,50.05,70.0,-0.3759900444827955,0.01128038574605467
0.262709,-0.652298,3.58025,0.884423,50.05,70.0,3.5610866901150473,0.8960842048760997
0.831466,0.450541,0.739135,0.471033,50.05,70.0,0.7532916873168116,0.45402532732464973
0.240875,0.378843,25.314087,17.962362,50.05,70.0,25.333327776039827,17.974688500826563
-0.789239,-0.735059,-0.337908,-0.026213,50.05,70.0,-0.3405218016463948,-0.028582296421026297
-0.139954,-0.210781,0.637541,1.198717,50.05,70.0,0.6318296160184654,1.1787382597173834
-0.5922,0.887343,0.949978,0.730108,50.05,70.0,0.9402328344211194,0.7308578446090783
-0.425767,0.136934,0.320843,0.049689,50.05,70.0,0.32576094003863065,0.04902075093639178
-0.549375,0.647391,0.531606,0.115859,50.05,70.0,0.5425546818896348,0.09815211724127593
0.692439,-0.17876,-3.274091,0.895376,50.05,70.0,-3.2935389140571028,0.8796067588451054
-0.426601,0.124117,-0.411195,0.124241,50.05,70.0,-0.39955469075996985,0.11491367160570362
0.03939,0.031003,-0.004713,-0.032549,50.05,70.0,-0.00795355083741825,-0.012554552835281146
-0.940065,0.327808,-0.347733,1.138494,50.05,70.0,-0.3588721051672124,1.1351523727364965
-0.529272,0.526481,0.503757,0.23004,50.05,70.0,0.5220139123898575,0.21379512189030378
0.560697,-0.370384,-0.548328,-0.347002,50.05,70.0,-0.5680589441277191,-0.3654235886106218
0.948083,0.431141,2.209557,2.647061,50.05,70.0,2.221960007659943,2.648104739899255
0.194363,0.65095,-3.3632,0.124526,50.05,70.0,-3.3515365270213833,0.11559761689645014
0.510537,0.60361,-0.6143,0.489086,50.05,70.0,-0.6014744402620247,0.46913510968968863
0.880524,0.962628,-0.770523,0.855422,50.05,70.0,-0.7886580488354821,0.8402680984025236
0.884483,-0.501932,0.609607,-0.409362,50.05,70.0,0.5918304265383189,-0.42927453348226713
0.024266,-0.169189,0.317527,0.213162,50.05,70.0,0.3350306217908551,0.212825242450515
0.436405,0.664705,-2.76693,-2.345903,50.05,70.0,-2.7520791863659246,-2.339944524124213
-0.302741,-0.165046,0.203734,-0.023262,50.05,70.0,0.20141304126538948,-0.01277202416608444
0.071291,0.188575,1.281974,-0.357506,50.05,70.0,1.2624418989707713,-0.337666275586438
-0.61667,-0.375761,0.604782,-0.378527,50.05,70.0,0.5858088914249324,-0.39838866769045095
0.583149,0.980154,0.98541,0.69144,50.05,70.0,0.9792021224636255,0.6957003248043111
-0.55524,0.076633,0.27556,0.0578,50.05,70.0,0.28125987676825864,0.061636008967831286
-0.024812,0.981,0.40981,0.337076,50.05,70.0,0.42967884940684553,0.3278714102161145
-0.325837,-0.335383,-0.388975,-0.166084,50.05,70.0,-0.4037392950767063,-0.17339230144296947
-0.786738,-0.702745,0.800399,-0.698304,50.05,70.0,0.8072555911550153,-0.711346650002569
0.968123,-0.756189,-0.724143,-0.435191,50.05,70.0,-0.7405912367995406,-0.4529389972652602
0.723608,-0.321877,0.566039,-0.098588,50.05,70.0,0.5565746418182205,-0.11762612547130452
0.218245,0.046865,-0.202876,0.044998,50.05,70.0,-0.1984140677164096,0.055560930160964264
-0.343233,-0.716831,1.916853,-0.789289,50.05,70.0,1.9312675658955973,-0.8090351775495589
0.228765,0.845611,13.794623,-4.523613,50.05,70.0,13.806356006948855,-4.503814084590203
0.18006,0.273879,0.044264,0.514333,50.05,70.0,0.05505542277617003,0.5338451707222012
-0.914667,-0.804904,-0.55252,-0.381656,50.05,70.0,-0.5713918168487132,-0.40023675619473925
-0.022339,0.552232,4.782188,-21.267166,50.05,70.0,4.791393771404827,-21.26032692685931
-0.63501,-0.612744,0.594059,-0.357033,50.05,70.0,0.5745167821710486,-0.3767402879414643
-0.384802,0.639011,-0.216231,-0.07315,50.05,70.0,-0.2233839957368024,-0.06374381222497202
-0.149368,-0.432778,-0.183084,-0.00078,50.05,70.0,-0.18316199980227016,0.011409152907444426
0.293821,0.245449,-0.056421,-0.025184,50.05,70.0,-0.05893275004695933,-0.005974568382587964
-0.742701,-0.570157,-0.577938,-0.453461,50.05,70.0,-0.5932797339144729,-0.4728297988837713
-0.632716,-0.05947,-1.075614,0.066739,50.05,70.0,-1.0690632713036274,0.07909089790721469
0.493388,0.370937,-0.606069,0.272033,50.05,70.0,-0.586511017729923,0.2521566328182889
0.340596,0.40349,0.490631,0.180647,50.05,70.0,0.506337674310496,0.16520220870206034
-0.551347,-0.493777,-0.653772,-0.418934,50.05,70.0,-0.6710897584452112,-0.43877224872577836
-0.911418,-0.207072,2.317972,0.572386,50.05,70.0,2.323492628484863,0.5835843415077457
-0.260037,-0.446601,0.246217,0.935323,50.05,70.0,0.22622979641192478,0.9419872986047713
-0.020994,-0.842678,-0.089564,-0.187952,50.05,70.0,-0.10571233056045586,-0.1699241362635115
-0.884609,0.37388,-0.26635,-0.819922,50.05,70.0,-0.24998894264998053,-0.8151864764105309
-0.201164,-0.962758,-0.318645,2.132232,50.05,70.0,-0.3375370542363732,2.1317834641437536
0.923524,-0.338695,10.047523,-7.46086,50.05,70.0,10.055215690276091,-7.44086776544927
-0.451695,0.35754,0.250213,0.069163,50.05,70.0,0.2569922708267484,0.07544923030286946
-0.818725,-0.315693,0.333844,-0.412671,50.05,70.0,0.3162214841231247,-0.41463629683072595
0.140721,-0.907125,-0.603641,-1.272224,50.05,70.0,-0.6051981164654866,-1.2920719479262512
-0.050045,0.894515,13.661337,2.462447,50.05,70.0,13.65630882239507,2.4762608024832526
0.121811,-0.722895,-0.233243,-0.068177,50.05,70.0,-0.2399294259862638,-0.060304321553952996
0.304643,0.132274,0.204015,0.074296,50.05,70.0,0.2112748975978315,0.08476204083356192
-0.87258,0.552618,-0.364524,0.009149,50.05,70.0,-0.36360941905400507,0.0041655894701857765
-0.152381,0.926402,-1.266231,0.299707,50.05,70.0,-1.2462831942756694,0.31968399349788684
0.037204,-0.704816,-14.54015,-1.894721,50.05,70.0,-14.539173847194323,-1.9127807912489223
0.149984,0.775012,-9.22243,2.672872,50.05,70.0,-9.208110923333024,2.662264268082647
-0.368301,-0.036381,0.43938,0.167233,50.05,70.0,0.4542215586099581,0.15551316090655562
0.546032,-0.836292,0.663311,0.655852,50.05,70.0,0.6605663418761033,0.6361573381199349
0.439081,-0.361988,-1.668566,-0.33742,50.05,70.0,-1.688430886960095,-0.3468121890362537
0.075365,0.65752,-16.365961,-21.863615,50.05,70.0,-16.37786746463981,-21.84383480992701
0.933674,0.25183,-0.699833,0.045706,50.05,70.0,-0.6953020802373653,0.026971014704172146
0.51038,-0.039949,1.074823,0.122575,50.05,70.0,1.0863274315470663,0.1348645896020506
0.572596,-0.380682,0.521628,-0.301553,50.05,70.0,0.5016677163297195,-0.3187741299959982
-0.122478,-0.488316,5.404495,1.827804,50.05,70.0,5.410132695126943,1.821532844641951
0.866144,-0.711476,0.794538,-0.587424,50.05,70.0,0.7904769834534455,-0.6009053117512094
0.2278,0.641927,-0.487715,0.451507,50.05,70.0,-0.47224864268989314,0.43624910635989134
0.86964,0.037228,-8.374997,0.478422,50.05,70.0,-8.361371797355778,0.46819911062869374
-0.313201,0.037827,-0.617859,0.023626,50.05,70.0,-0.615501891061777,0.003653344212554265
-0.245876,-0.433,1.457544,-0.469742,50.05,70.0,1.443296414791457,-0.45901238097429586
0.570645,0.825798,0.28309,0.041908,50.05,70.0,0.2872501996717227,0.04500244529785458
-0.817786,-0.528216,-0.64114,-0.632613,50.05,70.0,-0.6407105860712875,-0.6525719165544847
0.271568,0.238492,0.181205,-0.108785,50.05,70.0,0.17085502941408887,-0.09644741660374408
0.334473,-0.509901,13.627466,-1.770434,50.05,70.0,13.616629482883635,-1.7592555146454663
0.095819,0.429647,4.924182,-1.874514,50.05,70.0,4.9231383150590835,-1.8570770183875691
-0.926655,-0.28913,-1.457195,-0.058799,50.05,70.0,-1.4629905623461048,-0.04803994478142349
0.592198,-0.920636,-0.505942,-0.601163,50.05,70.0,-0.5086492169642122,-0.6175343610985781
0.864016,-0.481975,0.804265,-0.427055,50.05,70.0,0.7873676477549965,-0.4398021482480318
-0.548286,0.960782,-0.974873,0.782124,50.05,70.0,-0.9887817326211285,0.785349373495607
-0.144818,0.050963,-0.041987,-0.013553,50.05,70.0,-0.04334126296036147,0.00600788925103077
0.536095,0.148972,-0.442983,0.126662,50.05,70.0,-0.43114667806501045,0.11465212125835372
-0.22297,0.55116,-0.718757,1.348885,50.05,70.0,-0.7098558280921858,1.3308951731191312
-0.657182,0.74561,0.607005,0.646631,50.05,70.0,0.6051763107590258,0.6267444592103986
-0.540486,0.047724,-0.625544,-0.112311,50.05,70.0,-0.6361940607375387,-0.1323090755256879
0.094681,-0.699095,0.660975,-0.57477,50.05,70.0,0.6556838961163296,-0.594503980573644
0.303833,0.51868,-0.497961,-0.356212,50.05,70.0,-0.5175205183087352,-0.3721120132690055
-0.541241,-0.636285,0.739538,-0.520693,50.05,70.0,0.7292874167275456,-0.5376794337867026
-0.041656,-0.110249,0.447297,0.437082,50.05,70.0,0.4636369256096184,0.4247299817027348
-0.957372,-0.55658,-0.832939,-0.471975,50.05,70.0,-0.8470289896867256,-0.4823893980529881
-0.439502,-0.716713,-2.137418,0.83859,50.05,70.0,-2.154779956051936,0.8325177035451413
0.204469,0.507925,-2.420387,0.765835,50.05,70.0,-2.4330804143609415,0.7837164901325688
0.698806,0.830482,0.492891,0.35963,50.05,70.0,0.5123763257603468,0.3440426129117326
-0.08772,-0.309989,-15.563022,-18.521996,50.05,70.0,-15.543066877603135,-18.536969882524257
0.014668,0.519088,-4.735689,8.829415,50.05,70.0,-4.732408336123039,8.83173973496666
0.308272,-0.868707,16.005557,-0.771964,50.05,70.0,16.018718018911052,-0.7736186598711604
-0.353356,-0.853192,0.702376,0.006158,50.05,70.0,0.7029917027057385,-0.012486467964420617
0.404535,-0.980053,-1.008371,-0.66518,50.05,70.0,-1.0047056868973194,-0.6587092437166733
0.255895,0.821655,14.471422,3.315367,50.05,70.0,14.456149981728739,3.2954678753161497
-0.449885,0.775366,-0.968375,0.383041,50.05,70.0,-0.9495494945435926,0.3856234896431091
-0.419008,-0.271346,0.401532,-0.187127,50.05,70.0,0.385432480188597,-0.19558899555898268
-0.512248,0.647991,0.422792,0.387815,50.05,70.0,0.4414509684480879,0.3774780615169525
0.782272,-0.346908,0.737622,-0.299139,50.05,70.0,0.7176783755878797,-0.3162257937371402
-0.489174,0.460694,0.03639,-0.077346,50.05,70.0,0.028846761295381745,-0.057676145703820805
0.889534,0.403609,2.160333,0.84213,50.05,70.0,2.142798049524493,0.8382760724195231
-0.550395,-0.490558,-0.640098,-0.42387,50.05,70.0,-0.6571635921331832,-0.4438353210524067
-0.809903,-0.045143,-4.877432,0.297282,50.05,70.0,-4.857503168273709,0.31197587443101715
-0.725983,0.410649,-0.601681,0.496438,50.05,70.0,-0.5894281031281818,0.476615127440371
-0.218055,-0.858245,-7.362972,-3.397662,50.05,70.0,-7.343809695678958,-3.384984633318978
-0.531122,-0.562801,0.105226,0.060522,50.05,70.0,0.11118625251022032,0.07781714037164363
-0.992016,-0.817744,-0.549749,-0.883835,50.05,70.0,-0.5306026023382944,-0.9023114533262718
0.171633,0.643659,14.040909,16.075729,50.05,70.0,14.021623122623412,16.084987455072927
-0.022387,-0.25343,-4.47683,-18.323322,50.05,70.0,-4.467059071716598,-18.34179727577127
0.602003,-0.135821,0.151885,-0.028742,50.05,70.0,0.1490206830555786,-0.014237359585488689
-0.746682,0.514057,0.460522,0.13611,50.05,70.0,0.47310641187774555,0.12274559919388539
-0.245927,0.700339,-2.756549,4.814377,50.05,70.0,-2.77400447497672,4.821317965846895
0.602137,0.114839,0.305742,0.000239,50.05,70.0,0.3057658999943117,0.0010804780719668716
0.101205,0.958982,-2.367143,-0.065286,50.05,70.0,-2.373556271989134,-0.05039125934162868
-0.39289,0.705871,0.279595,1.089863,50.05,70.0,0.26478424371487946,1.0933022465750801
-0.428814,0.923302,1.093049,0.308665,50.05,70.0,1.1130414537366398,0.3223395138986844
-0.056706,0.943594,12.084876,-45.359599,50.05,70.0,12.07352834567148,-45.374447417259134
0.981968,-0.067697,1.800547,-0.021177,50.05,70.0,1.7984332549282354,-0.039422079936180826
0.214967,0.951745,-0.964004,-1.146021,50.05,70.0,-0.9534977843503737,-1.1438725333500241
-0.016593,-0.88017,4.479874,50.157196,50.05,70.0,4.4695667210195325,50.13883943342995
0.985366,-0.95472,0.621066,-0.381449,50.05,70.0,0.6021873392056584,-0.4014358516404602
0.013169,-0.675905,-3.578351,22.36788,50.05,70.0,-3.5973801392609768,22.379386401287974
0.073019,-0.768551,0.673259,0.713288,50.05,70.0,0.6650153659278649,0.6937907905540937
0.96135,-0.585628,-0.591879,-0.564146,50.05,70.0,-0.5981867060961968,-0.5838149574459064
-0.642297,0.921467,-0.8682,0.690277,50.05,70.0,-0.8742972174876666,0.6830187986576498
-0.910695,-0.057056,2.152671,0.163265,50.05,70.0,2.1672436747029686,0.1586622438787574
-0.946986,0.01342,0.290856,-0.053015,50.05,70.0,0.2856163670129919,-0.05068994265939323
-0.45829,-0.476026,0.709286,-0.283271,50.05,70.0,0.6895240475078469,-0.30165432947146675
-0.571631,0.600144,-0.677048,0.378748,50.05,70.0,-0.6580818934879206,0.359338709359205
0.613079,0.025297,1.463827,0.014177,50.05,70.0,1.4652435130493404,0.02437118194905287
-0.828945,-0.072504,1.162377,0.042223,50.05,70.0,1.166568005490176,0.06004257286683382
-0.582544,-0.814749,-0.587892,-0.272298,50.05,70.0,-0.6074555056490747,-0.291890813130536
0.515975,-0.014215,-0.558252,0.013852,50.05,70.0,-0.5568679071897127,-0.004933171893763102
-0.912937,0.269588,25.794901,8.712882,50.05,70.0,25.786784393507723,8.69316762494296
0.968346,0.987867,0.949058,0.894172,50.05,70.0,0.9296385320609415,0.8948299016833979
-0.913922,-0.291792,0.884952,0.042779,50.05,70.0,0.8891973547870724,0.03710541183129556
-0.145144,0.56557,1.548267,-0.368875,50.05,70.0,1.5290107963539035,-0.3666268289747238
-0.458085,0.95712,1.750267,1.298878,50.05,70.0,1.754459759502298,1.2832444201196993
0.320667,-0.546801,-12.462158,-2.575598,50.05,70.0,-12.46829000862167,-2.5582521905970776
-0.085451,-0.167271,-0.034513,-0.115737,50.05,70.0,-0.04545147029791934,-0.09603404855060285
0.683567,0.707023,0.685569,0.690253,50.05,70.0,0.6794740683087779,0.671066824126566
0.929616,0.063821,1.172583,0.138429,50.05,70.0,1.1853468007858872,0.15668857372755543
0.64048,0.541105,-0.604496,0.40223,50.05,70.0,-0.58640398073476,0.3823717105764659
0.3505,0.852175,0.420884,0.247328,50.05,70.0,0.4397777469446149,0.23715486907704764
0.508638,0.682542,-0.640878,0.209399,50.05,70.0,-0.6235595177915675,0.18943842210949402
-0.508313,0.781625,-0.878268,0.504321,50.05,70.0,-0.8666474977596853,0.49800975766601324
0.772012,-0.791407,0.683784,-0.571119,50.05,70.0,0.6781417055778108,-0.5903548121580618
0.825193,-0.97538,-0.854784,-0.921169,50.05,70.0,-0.8348974088554603,-0.9296600754771668
0.785762,0.303261,0.417842,0.73909,50.05,70.0,0.4073225637075607,0.7291799426315865
0.909073,0.785587,-0.776033,0.760454,50.05,70.0,-0.7883060361937235,0.7456653908922216
-0.631142,0.393862,-0.461728,0.194225,50.05,70.0,-0.4452175769364216,0.1807711206862221
-0.362706,0.005695,0.409524,0.001614,50.05,70.0,0.40968539824814587,-0.007565189301674011
-0.288599,-0.482109,-1.374416,1.119349,50.05,70.0,-1.3870917551241826,1.1359801024245262
-0.808619,-0.467812,-0.163591,0.022138,50.05,70.0,-0.16138171791284756,0.03581229945869349
-0.517921,-0.693638,-0.745858,-0.492168,50.05,70.0,-0.7584455617751928,-0.5088123916352637
0.030258,0.546369,-0.852204,-0.378605,50.05,70.0,-0.8711746399036044,-0.38732895641121584
0.821422,-0.367719,-8.48082,-1.277302,50.05,70.0,-8.482882818839983,-1.2774500151180501
-0.252151,0.090333,-0.209743,-0.034815,50.05,70.0,-0.21320694382378744,-0.024841294487419164
0.224514,-0.594693,0.026419,1.320928,50.05,70.0,0.032737941464893575,1.3407537626878099
0.99307,0.529663,-0.559716,0.111121,50.05,70.0,-0.5491668521299782,0.09228608584586212
0.049016,-0.194157,1.775305,-3.856292,50.05,70.0,1.7669329842439205,-3.8733607275134982
0.805144,0.050555,-0.456993,-0.001591,50.05,70.0,-0.45715209832197695,-0.014690789219508097
-0.31575,-0.816867,-9.660035,0.595235,50.05,70.0,-9.6567417140436,0.5875478616379022
0.918345,0.616363,-0.609989,0.434079,50.05,70.0,-0.5934777569081578,0.41416293415044836
-0.783726,-0.080755,-8.203989,0.758142,50.05,70.0,-8.216078670077223,0.738462412372368
0.744821,0.207671,0.432432,0.0581,50.05,70.0,0.438160626225572,0.04695012726409949
0.318706,0.494981,-0.487293,-0.092412,50.05,70.0,-0.4962088606367228,-0.10764257643424482
-0.861972,0.834429,-0.722291,0.865369,50.05,70.0,-0.7408228799750592,0.8475363875765773
0.255614,0.103246,0.244827,0.119288,50.05,70.0,0.25606101413579113,0.12608319287363204
-0.740828,0.905089,-0.777822,0.850347,50.05,70.0,-0.7957372394515191,0.8356794222971254
-0.162443,-0.18004,-0.386107,0.168041,50.05,70.0,-0.37121140131595226,0.16100040707336227
0.059743,0.1075,-0.03498,-0.047518,50.05,70.0,-0.03968722027747632,-0.027823121104099374
0.748579,-0.639838,-0.613694,-0.48405,50.05,70.0,-0.6269018698397362,-0.5039965545957239
0.249564,0.427205,-0.028481,-0.523772,50.05,70.0,-0.038465994577796335,-0.5039744493674044
0.030644,-0.970048,-7.292956,50.320431,50.05,70.0,-7.287530013833947,50.327034037806854
0.408177,0.238136,-0.436429,0.0876,50.05,70.0,-0.42794641777865505,0.07612055247830289
0.359338,-0.612712,-1.010306,-0.114007,50.05,70.0,-1.0210992302987514,-0.10735345677112264
0.145325,0.482628,-0.094247,-0.365563,50.05,70.0,-0.11359004246707025,-0.3477428341229194
-0.467264,0.692558,-1.046055,0.456083,50.05,70.0,-1.030882792349391,0.46598388952460384
-0.184586,-0.335106,5.91737,8.577161,50.05,70.0,5.899577785337307,8.572052636323138
-0.128577,-0.989695,0.194928,0.575047,50.05,70.0,0.20019238575333437,0.5862763197971791
0.18863,0.29853,0.882754,0.223508,50.05,70.0,0.9007345188183423,0.21762398826320511
-0.609891,-0.441684,0.336671,-0.078069,50.05,70.0,0.3290608502776696,-0.08031542295097037
0.609281,0.179968,-0.295868,0.186444,50.05,70.0,-0.27980909688233496,0.18827057772051414
0.725964,-0.721481,-0.50455,-0.335661,50.05,70.0,-0.5244345301339906,-0.35195200740789373
0.063262,-0.762731,-13.787265,32.714462,50.05,70.0,-13.783105739073918,32.73414346443227
0.782482,-0.8208,-0.698886,-0.687661,50.05,70.0,-0.6930384440041356,-0.7064289202613199
0.808972,0.393767,-0.28055,-0.103468,50.05,70.0,-0.29044139967372995,-0.1001228696625874
0.037271,0.420287,0.007825,0.121533,50.05,70.0,0.019244040440350527,0.1415176942963532
-0.240668,-0.91508,2.176612,1.370684,50.05,70.0,2.1874085924396973,1.3684384591465746
0.257364,-0.483865,-0.330675,-0.992985,50.05,70.0,-0.31130936229276435,-0.9946346970254574
-0.31926,0.203646,-0.025265,0.038674,50.05,70.0,-0.021421656588798577,0.058514632045850855
0.673049,-0.069277,-0.925328,0.075834,50.05,70.0,-0.917925008998192,0.07412112129516484
-0.3433,0.149175,0.365311,-0.206805,50.05,70.0,0.3481237162987148,-0.2118645895236723
-0.807511,0.168057,-0.310071,0.038757,50.05,70.0,-0.3062195116136859,0.03916579806527852
0.527845,-0.502219,0.499771,-0.177466,50.05,70.0,0.48426323100838303,-0.19347515679864138
-0.787011,0.712474,0.620274,0.35082,50.05,70.0,0.6399389373940592,0.33083617643750485
0.553375,0.578805,0.124878,-0.093405,50.05,70.0,0.11587336261055174,-0.07717860244120213
-0.027474,0.23724,-0.028615,-0.164218,50.05,70.0,-0.04325278032716906,-0.14442235559481087
-0.700616,0.746151,0.692934,0.671674,50.05,70.0,0.6886323296820854,0.6527087421064167
0.559249,-0.702927,-0.49748,-0.452195,50.05,70.0,-0.5129026454109704,-0.46806578944238025
-0.085992,0.726592,-20.568394,-17.416257,50.05,70.0,-20.55293713641397,-17.429745841167975
-0.163694,0.802542,0.650411,-1.457979,50.05,70.0,0.6335094544264497,-1.4778571047223814
0.328121,0.727747,0.427925,0.288549,50.05,70.0,0.4477612525098638,0.2777760892480135
-0.751997,-0.810753,0.017917,0.158929,50.05,70.0,0.03218929917731968,0.17884879893689723
-0.324871,-0.101944,0.008747,-0.034961,50.05,70.0,0.00526867774781009,-0.014980124453599863
0.630353,0.345341,0.493171,0.214366,50.05,70.0,0.5107325532459085,0.19876108437957626
0.154458,-0.017884,0.140186,0.012309,50.05,70.0,0.1414161230826463,0.027593854683314815
-0.570029,-0.473014,-0.521352,-0.239767,50.05,70.0,-0.539984326135709,-0.256974078745925
0.056244,-0.706742,-0.541327,-14.001287,50.05,70.0,-0.5568860007890366,-14.019424757734079
-0.207858,0.525295,0.191308,0.157767,50.05,70.0,0.205498656215116,0.16929401900541768
0.628875,-0.495414,0.41423,-0.139866,50.05,70.0,0.4013558980316821,-0.1494607177210146
-0.417428,0.290365,-0.687412,0.173716,50.05,70.0,-0.6721437497392032,0.15458267676776305
0.166949,-0.09475,-0.258779,-0.08238,50.05,70.0,-0.26678602274019464,-0.07691247340313859
-0.459896,0.528197,-0.756345,0.578383,50.05,70.0,-0.7514031675806908,0.5623426657162583
-0.599633,-0.039495,-3.709182,0.252166,50.05,70.0,-3.690135123167044,0.2712510539702287
0.201631,0.813671,-10.494153,4.733293,50.05,70.0,-10.514043854907795,4.721437723941214
-0.632877,-0.760819,0.549062,-0.576649,50.05,70.0,0.543952332186786,-0.5950990445927344
0.910432,-0.362072,1.789267,1.321074,50.05,70.0,1.7955997919214974,1.3033197428884256
0.661062,0.463824,-0.550204,0.363058,50.05,70.0,-0.5307987997324323,0.34456417616090407
-0.5041,-0.41351,-0.623534,-0.34278,50.05,70.0,-0.6433295626283169,-0.36277427733938006
0.142907,-0.154511,-0.059996,-0.069699,50.05,70.0,-0.0668256732744067,-0.05059215201322656
-0.86,-0.023667,-0.666853,0.019684,50.05,70.0,-0.6648877762778451,5.407934259664404e-05
0.224023,-0.841542,-2.480747,-10.615453,50.05,70.0,-2.4872242675908858,-10.595716920927165
0.205721,-0.444072,-2.483555,-3.974424,50.05,70.0,-2.5006239434150404,-3.9546444005688293
0.480104,-0.884166,1.793749,0.410824,50.05,70.0,1.8114581044661562,0.39286786796592565
-0.182429,-0.08471,-1.545197,-0.056748,50.05,70.0,-1.5507959610950026,-0.054195051552064756
0.281603,0.898597,0.110798,-2.684835,50.05,70.0,0.09566983527401837,-2.6678263556115827
0.711876,0.506258,0.00849,-0.128537,50.05,70.0,-0.0034969382645557816,-0.10855501731915171
0.6802,0.128947,2.817101,1.128368,50.05,70.0,2.8051355206839745,1.1294007792728908
-0.786917,0.292822,-0.730465,0.455356,50.05,70.0,-0.7152455254024367,0.43790826482433326
-0.547216,0.939094,-0.828451,0.588187,50.05,70.0,-0.8244647233582262,0.5773921031578649
-0.640936,-0.205578,-0.66367,-0.193052,50.05,70.0,-0.6801139387402139,-0.21274038100406556
0.852042,0.277325,-0.9574,-0.595693,50.05,70.0,-0.9606481025458988,-0.594202163705524
0.996067,0.903118,-0.744448,0.950599,50.05,70.0,-0.7644315137771709,0.9338768457330228
0.711713,-0.232909,-0.307054,-0.055312,50.05,70.0,-0.31251495978474414,-0.0546016229162833
-0.493347,0.311021,0.431682,0.195915,50.05,70.0,0.4482872112182486,0.18482746910652803
-0.663889,0.021865,-0.637552,-0.003196,50.05,70.0,-0.6378715863979764,-0.02317468954679188
-0.510757,-0.300224,0.426975,-0.201467,50.05,70.0,0.4100667713944005,-0.21215974893542103
0.139078,-0.513249,2.555795,7.120927,50.05,70.0,2.538475309389017,7.140476693769277
-0.183994,-0.38178,-0.0927,0.117051,50.05,70.0,-0.08165176078087116,0.13494086388015158
-0.578826,-0.320298,0.401868,-0.119597,50.05,70.0,0.3906084344606194,-0.12808942799514125
0.749606,0.622519,-0.693158,0.563842,50.05,70.0,-0.6868214527050029,0.5448838656906555
0.676587,-0.604211,0.141369,0.091036,50.05,70.0,0.15016147987341524,0.10624429267505753
-0.967477,-0.388574,0.303294,0.184385,50.05,70.0,0.3192293269803496,0.185470992161451
-0.759151,0.948604,0.904839,0.775476,50.05,70.0,0.8914155794899012,0.7717342986194283
-0.816066,0.373564,0.619429,0.303497,50.05,70.0,0.6394005857549815,0.2835167526868345
0.486344,-0.024123,-0.400043,-0.082891,50.05,70.0,-0.40809682264273806,-0.0912178465174842
0.56445,0.703656,-0.420749,0.366635,50.05,70.0,-0.4014334853173356,0.3564734944822803
0.344153,0.175616,-0.132371,-0.004132,50.05,70.0,-0.13278417060588232,0.011645070823961986
-0.421944,0.387685,0.264248,0.114379,50.05,70.0,0.27507252962422496,0.11931848108877585
-0.183783,-0.836732,0.939963,1.716931,50.05,70.0,0.9548575037216798,1.7166795270189503
-0.959233,0.177654,1.018407,-0.292309,50.05,70.0,0.9985262398508116,-0.2848971656576732
-0.169338,-0.064088,-0.139624,0.059578,50.05,70.0,-0.13375392419355,0.07489903928388689
0.867544,0.819239,-0.630937,0.536226,50.05,70.0,-0.6220497475731565,0.516227714070861
0.952405,-0.929993,-0.78302,-0.828192,50.05,70.0,-0.766197420155246,-0.842501293430193
-0.39562,0.816628,0.999107,0.26355,50.05,70.0,1.0184700850752826,0.26913755550462887
-0.937342,0.09867,6.525742,0.856267,50.05,70.0,6.507571482575319,0.863275275669801
0.338672,0.06501,-0.346885,-0.063522,50.05,70.0,-0.3531309398341863,-0.06677998950103001
0.623423,-0.129034,15.993125,-0.868754,50.05,70.0,16.011781517087552,-0.8716436045133554
-0.670025,0.895613,-0.414109,0.031784,50.05,70.0,-0.410943961831178,0.022199900730950135
0.571647,-0.330353,-0.388847,-0.128577,50.05,70.0,-0.4008371399823909,-0.13587338513509226
-0.242447,-0.798631,-0.214917,1.781268,50.05,70.0,-0.2050065207078817,1.7907899446435451
-0.583708,-0.375287,-0.581258,-0.377265,50.05,70.0,-0.6002706490876653,-0.3967138765205506
0.543615,0.536759,-0.571728,0.258367,50.05,70.0,-0.5525011607389411,0.23916229464634844
-0.691455,0.719917,0.328447,0.044762,50.05,70.0,0.33288592398895345,0.04333444151291829
-0.353554,-0.185973,4.182526,0.943658,50.05,70.0,4.162526348219314,0.9342053119853324
0.352832,0.049544,0.486533,-0.227907,50.05,70.0,0.4683642156711219,-0.2430882086286132
0.683716,-0.778725,-0.528245,-0.241312,50.05,70.0,-0.5469329216272196,-0.25886012480125975
-0.029791,-0.704003,0.277654,1.549181,50.05,70.0,0.29753730806384066,1.5528112902030533
-0.170039,0.147193,0.253562,0.77087,50.05,70.0,0.24048355286325998,0.7768374366326203
-0.135055,0.123313,-0.122042,-0.040822,50.05,70.0,-0.12609591430241643,-0.02443144604786992
0.514391,-0.629897,0.380342,-0.453364,50.05,70.0,0.36499404491866305,-0.45986214533118874
-0.676721,0.358027,-0.153362,-0.084294,50.05,70.0,-0.1615440450550744,-0.06989144631012828
-0.640796,0.149893,0.286651,0.101419,50.05,70.0,0.2963637973557118,0.10416116155571961
-0.746011,-0.211276,0.634243,-0.044538,50.05,70.0,0.6298259201102326,-0.06452922580756038
-0.908328,-0.272507,2.15447,1.817415,50.05,70.0,2.161096413395803,1.8129874988544226
-0.017814,0.597055,5.51388,24.536223,50.05,70.0,5.510713352184255,24.520989912068032
0.70503,-0.5669,-0.666929,-0.585513,50.05,70.0,-0.671176947362105,-0.6051414639733634
0.118231,-0.891881,-14.592499,-30.386434,50.05,70.0,-14.610635779645342,-30.401655027749158
0.157078,0.016134,-0.13026,-0.00687,50.05,70.0,-0.13094686490684396,0.009035927675049661
-0.831105,-0.378797,0.096441,0.040911,50.05,70.0,0.10050362915250706,0.05863049088454897
-0.435606,0.763748,-0.615489,0.589237,50.05,70.0,-0.611605671070892,0.5692781351060638
0.313486,0.754447,-1.40649,0.502839,50.05,70.0,-1.3947492000414778,0.5174827976979851
-0.009537,-0.293692,-0.202674,0.354265,50.05,70.0,-0.18307477180535517,0.364845077666362
-0.087265,-0.659917,13.502566,4.154602,50.05,70.0,13.521335161180119,4.153973862267313
0.782595,-0.924205,0.695234,-0.699567,50.05,70.0,0.7022090995689168,-0.7184579836149101
0.887324,-0.746084,0.059588,0.139803,50.05,70.0,0.07245728010574023,0.15892186466577038
0.558341,0.035998,0.25448,0.122855,50.05,70.0,0.26600732419912726,0.12873475559567926
-0.985209,-0.405054,0.080731,0.095844,50.05,70.0,0.08995274358197303,0.11423663041798415
0.259662,0.131347,0.418977,-0.067839,50.05,70.0,0.412322438666739,-0.0778474840751172
-0.451015,-0.203908,0.466687,-0.164969,50.05,70.0,0.45199814805812855,-0.17878563299822367
0.920157,-0.913092,-0.789326,-0.860801,50.05,70.0,-0.770970724290201,-0.8746626862820321
-0.345468,-0.278958,1.742346,-0.480142,50.05,70.0,1.7288472107838677,-0.4952694318538339
-0.440859,0.482898,0.13665,-0.004512,50.05,70.0,0.13619883827233675,0.010998500769362148
0.060103,0.146091,0.018847,-0.099809,50.05,70.0,0.009275255424780615,-0.07989773665621783
-0.640224,-0.241392,-0.592037,-0.287818,50.05,70.0,-0.6118637850423964,-0.30748981413024506
0.931852,-0.355425,4.149438,-1.186107,50.05,70.0,4.156345724530153,-1.1925279958474535
0.370039,-0.755515,5.818038,0.368772,50.05,70.0,5.837296983933407,0.3550670975315251
0.057772,0.965988,-15.808679,-45.721937,50.05,70.0,-15.821965325617128,-45.73945422489844
-0.642941,0.085217,0.953334,-0.108525,50.05,70.0,0.9430062859400428,-0.10743991264641053
0.235522,0.414728,0.339482,-0.140637,50.05,70.0,0.3265489912411244,-0.1431625130631469
0.336056,0.086309,-1.057182,-0.173802,50.05,70.0,-1.0724558036857732,-0.16295013905211034
0.593586,0.395166,-0.584575,0.393818,50.05,70.0,-0.5661405174445082,0.3742944701432223
-0.439042,-0.976042,-0.759419,0.61159,50.05,70.0,-0.7577480968187484,0.5957351636181636
-0.346168,-0.048158,0.206625,-0.043487,50.05,70.0,0.2023104853804468,-0.03324425447545318
0.611785,0.266645,0.47766,0.344638,50.05,70.0,0.49742821079117544,0.33004918987408904
-0.504482,-0.832322,-3.939103,1.934903,50.05,70.0,-3.9440459832949557,1.948163272287062
-0.837114,0.62928,-0.732881,0.15168,50.05,70.0,-0.7191257834766215,0.1343516329893555
0.317003,-0.138965,0.261336,-0.093902,50.05,70.0,0.25228701274867327,-0.08868087320765176
0.409438,-0.577619,-0.844899,-0.057559,50.05,70.0,-0.8505757720783672,-0.06693433271099643
-0.049548,-0.749912,-0.090975,0.293801,50.05,70.0,-0.07107852530621135,0.31176731907899957
0.232113,-0.880024,1.174289,-1.486101,50.05,70.0,1.1560556841783296,-1.4677724853667191
-0.558813,0.024745,-0.16662,0.07395,50.05,70.0,-0.15939235322338988,0.08740169867418693
-0.10399,0.231691,-0.090151,-0.309623,50.05,70.0,-0.1101458557946871,-0.2916206310646609
0.038912,-0.003392,0.040453,0.002429,50.05,70.0,0.04069589402871088,0.022021281564235818
0.997383,-0.983851,0.93332,-1.005738,50.05,70.0,0.952327849940759,-1.0066534596326286
0.418298,0.335898,1.150006,0.041169,50.05,70.0,1.1540938878732447,0.058393153302926146
-0.560804,0.567502,0.731804,0.461139,50.05,70.0,0.7466419739608232,0.44375710786222644
0.00704,0.326838,0.223013,0.733215,50.05,70.0,0.21299770001009483,0.742017382371705
-0.838752,-0.91176,-0.296585,0.033748,50.05,70.0,-0.293226192434153,0.0355031657854358
0.0513,0.198598,0.906493,0.136006,50.05,70.0,0.9190693270183414,0.13242690437020918
-0.156702,0.317324,0.028247,-0.201432,50.05,70.0,0.011340641058027252,-0.1816311418928228
-0.739991,0.963362,0.977827,0.859816,50.05,70.0,0.9595110637231647,0.8633325444636205
-0.779735,0.992059,0.388916,-0.017392,50.05,70.0,0.38717899115514737,-0.024694809141413226
-0.467786,-0.086954,-2.779765,-0.144892,50.05,70.0,-2.7930196231261997,-0.14017016470195234
0.566204,0.19293,-0.467121,0.144226,50.05,70.0,-0.4539163241743899,0.13037802067771168
0.574533,0.182117,-0.611563,0.158755,50.05,70.0,-0.5973028955861905,0.1388251459102775
0.838835,0.306685,-0.264985,0.142172,50.05,70.0,-0.25193528557787237,0.14704003078503908
0.454832,0.360398,-0.664341,0.361609,50.05,70.0,-0.6449012340956426,0.3419325285350126
-0.795685,0.918469,0.60684,0.314743,50.05,70.0,0.6268399148135277,0.294858221017815
0.711607,-0.013235,-3.545273,0.34777,50.05,70.0,-3.525554756318974,0.356426161664192
-0.446319,0.723539,0.584385,0.090299,50.05,70.0,0.5931112243189693,0.07077960153469705
0.521402,-0.803767,0.160657,0.64572,50.05,70.0,0.15891904780699007,0.6596069287934158
-0.908545,0.084569,0.537591,-0.008536,50.05,70.0,0.536737659126854,-0.026513177886367992
-0.648986,0.498944,-0.455642,0.224962,50.05,70.0,-0.43759828691449065,0.2119645955703378
-0.254577,-0.667363,1.632786,1.030297,50.05,70.0,1.6146832733116738,1.0241968107346087
-0.376311,-0.655301,-0.77551,-1.221884,50.05,70.0,-0.7720521565919226,-1.2367077685869157
0.355047,-0.723298,-6.033722,-11.139267,50.05,70.0,-6.0186656411016095,-11.132909644196317
-0.463993,-0.323802,0.48431,-0.191023,50.05,70.0,0.4679823967989037,-0.20605855206667398
-0.13548,0.986024,12.113005,-1.478248,50.05,70.0,12.095108360235505,-1.4910715506822692
0.102343,0.074106,-0.037103,-0.057446,50.05,70.0,-0.0427689359184672,-0.03778917224359957
-0.499129,-0.8552,-0.92853,-0.281625,50.05,70.0,-0.9482659634093838,-0.2830186492915901
0.653396,-0.376042,0.497011,-0.186199,50.05,70.0,0.4809667122242771,-0.20204120630081865
-0.140018,0.714236,-0.141709,-0.675977,50.05,70.0,-0.13698812856252632,-0.6607908101788535
0.166447,-0.526082,0.183477,0.095192,50.05,70.0,0.19264083914638083,0.10734997162285233
0.144013,0.425807,3.552221,12.616116,50.05,70.0,3.5571444052805146,12.625393165321645
0.530546,0.881175,9.644856,-1.553191,50.05,70.0,9.624933436860669,-1.5622559668244038
-0.091882,-0.257288,1.666955,-0.936208,50.05,70.0,1.6869451732191074,-0.9454576548355091
-0.23463,0.579766,-20.295596,34.786658,50.05,70.0,-20.313815931167948,34.79834016941167
0.123021,-0.383147,16.420327,14.330182,50.05,70.0,16.43171409958317,14.34844193520826
0.442266,-0.841612,-0.440687,0.211599,50.05,70.0,-0.423259529179345,0.1997735034996821
-0.969627,-0.52602,0.624936,-0.49177,50.05,70.0,0.612317534619652,-0.5117671396896663
-0.815972,-0.043678,5.044729,-0.126952,50.05,70.0,5.03286931439866,-0.10703457806753756
-0.100609,-0.937394,2.050372,-12.247606,50.05,70.0,2.0703666979244297,-12.261146522773917
-0.784771,0.353147,-0.097564,-0.071994,50.05,70.0,-0.10460892312423721,-0.054326865487296115
-0.663759,0.196532,-0.015752,-0.080688,50.05,70.0,-0.02360368963541641,-0.06074999931686613
-0.894793,-0.782977,0.887508,-0.659925,50.05,70.0,0.8906555075629343,-0.6653530317755396
0.499335,0.322407,0.531368,0.276914,50.05,70.0,0.5510221986603232,0.2592181952598169
0.691356,-0.37654,-0.561174,-0.411115,50.05,70.0,-0.5788695622368298,-0.42999844953667316
-0.513138,-0.303787,-0.333508,-0.08163,50.05,70.0,-0.3414462394662001,-0.08356185668697867
0.256443,0.043779,-0.070544,-0.013127,50.05,70.0,-0.07185575769462686,0.005641731140715239
-0.212605,0.750722,-17.438263,-20.358804,50.05,70.0,-17.457323403872795,-20.344491520461563
-0.622558,0.675186,0.736443,0.584348,50.05,70.0,0.7408047165145302,0.5672002291081204
-0.14463,-0.798939,6.418886,-3.322224,50.05,70.0,6.434591705191445,-3.3066537428200187
0.232747,-0.220055,3.946852,-1.203605,50.05,70.0,3.952093279520808,-1.1909346301625903
-0.462171,0.298684,0.557735,0.211673,50.05,70.0,0.5751661002169256,0.19290563482098827
-0.022603,0.109547,-0.070993,-0.101125,50.05,70.0,-0.08068008659682456,-0.08237182692184358
-0.849676,-0.50752,-0.633348,-0.579298,50.05,70.0,-0.6382011182317879,-0.5992916764429415
0.115911,0.12009,-0.28848,-0.143295,50.05,70.0,-0.3016146093127076,-0.14073412329266594
0.354757,0.40856,14.549561,5.497088,50.05,70.0,14.563752486045264,5.479452404974898
0.664102,-0.435103,0.312933,-0.010094,50.05,70.0,0.31192402847288836,-0.009971374232420628
-0.773239,0.174543,0.132605,0.076119,50.05,70.0,0.1400344591836198,0.09188167882780293
-0.452819,-0.523982,-0.193646,0.079461,50.05,70.0,-0.1859073065648425,0.0907961738519476
-0.572586,0.553034,0.582573,0.330462,50.05,70.0,0.6025065919935753,0.3109828865361303
0.847649,0.428722,0.698886,0.356703,50.05,70.0,0.7184352113335448,0.33793507973868003
-0.472939,-0.688422,0.674672,-0.618077,50.05,70.0,0.6736482944626143,-0.6375422391865542
-0.308599,-0.625389,2.423055,-0.022185,50.05,70.0,2.4208410467373573,-0.004185599849441224
-0.910845,-0.571778,0.775616,-0.318047,50.05,70.0,0.7556197785011781,-0.33286365075665597
0.120155,-0.555076,-0.509293,-0.458379,50.05,70.0,-0.5243146165453969,-0.4749405388227528
0.833221,-0.048148,0.241118,0.051958,50.05,70.0,0.24625555208659225,0.05910084043278846
0.776373,0.506329,-0.530691,0.206117,50.05,70.0,-0.5135389997699767,0.1884528440715058
-0.124556,0.579952,1.3469,0.37847,50.05,70.0,1.3658749107792592,0.3964674895655712
-0.742111,-0.659031,-0.556431,-0.33717,50.05,70.0,-0.5762987724812157,-0.35589189551674066
-0.334719,0.38603,0.24401,-0.04909,50.05,70.0,0.23915014275977503,-0.04221802418162614
0.012853,0.013982,0.012037,0.012546,50.05,70.0,0.013290777342315369,0.03250978859024724
0.999142,0.576393,1.00235,-0.554497,50.05,70.0,0.9951343334171712,-0.548598805898086
-0.566658,0.171461,0.66789,0.206729,50.05,70.0,0.6850733960936337,0.18711919985308376
-0.260628,-0.380189,13.004513,1.001115,50.05,70.0,12.985366440715463,0.9894956706345359
0.167557,0.124548,-0.238932,-0.064103,50.05,70.0,-0.24523310750238728,-0.05675640693740908
-0.729952,-0.311137,0.459526,-0.368423,50.05,70.0,0.4402576334616141,-0.38171313660758854
0.727426,-0.15371,-0.555913,-0.419214,50.05,70.0,-0.5732167348130026,-0.4379176122028208
0.597097,-0.584618,0.745539,-0.492521,50.05,70.0,0.7329788894201065,-0.5091830572890715
0.328903,-0.120305,-0.257852,0.039253,50.05,70.0,-0.25395185190203184,0.04480963634126972
0.028693,0.242615,0.500237,-0.357994,50.05,70.0,0.4807154510976818,-0.37403104484757677
-0.372278,-0.873559,-0.644769,-0.135503,50.05,70.0,-0.6573061763266574,-0.15543538364924384
0.098365,-0.776627,-12.146122,-14.529541,50.05,70.0,-12.138498369642264,-14.539659374909803
-0.770245,0.496047,0.507163,0.139663,50.05,70.0,0.520021560284454,0.12322180901790855
-0.937959,-0.270863,3.720047,1.761299,50.05,70.0,3.7316397368694867,1.780680604099838
-0.390652,0.304578,0.920186,-0.024587,50.05,70.0,0.9177334883832382,-0.02681156691869065
-0.951569,0.985291,-0.951574,0.909713,50.05,70.0,-0.971306216742916,0.9106223068295994
-0.206032,-0.774551,0.111742,-1.257274,50.05,70.0,0.11167830625125837,-1.2403152072787966
0.122762,-0.744673,-0.668816,0.601709,50.05,70.0,-0.6661628905385287,0.5821176122575507
0.274462,0.890803,-20.451478,-8.723996,50.05,70.0,-20.444389162016247,-8.727096025784318
-0.267046,-0.248688,-0.156665,0.079377,50.05,70.0,-0.14893405294706225,0.09354842416918131
0.294916,0.65033,1.879157,0.346671,50.05,70.0,1.8988933281800362,0.3266794053289295
0.096786,0.685783,0.633168,0.848903,50.05,70.0,0.6153174176465852,0.8289088790500299
-0.049978,0.014391,0.034113,0.015824,50.05,70.0,0.03569374955275748,0.03553378043151559
-0.136084,0.842658,-0.055471,0.000672,50.05,70.0,-0.05540380012644345,0.01990766072733887
0.55202,-0.203725,-0.458961,-0.26187,50.05,70.0,-0.4782813428999365,-0.2751178621882159
-0.002608,0.166752,12.991443,3.091812,50.05,70.0,12.996369823467374,3.0812805189011256
0.599955,-0.550887,-0.690659,-0.448001,50.05,70.0,-0.7063452564653312,-0.4670372574947766
-0.756315,0.607452,0.714114,0.633302,50.05,70.0,0.7136157046386494,0.6151141682256849
-0.561337,-0.393612,-0.543477,-0.363917,50.05,70.0,-0.5628612279566749,-0.38214430295660456
0.554994,-0.211022,-0.211859,0.013243,50.05,70.0,-0.2105356675038198,0.023032739418676333
-0.653303,-0.070924,0.272048,-0.03507,50.05,70.0,0.268558944375779,-0.030889920552739713
-0.027454,0.583479,2.105441,-0.190332,50.05,70.0,2.0891534004489842,-0.19936063584731784
0.531131,0.725605,-0.703061,0.616225,50.05,70.0,-0.701852383760576,0.5976054303499179
-0.758915,0.919657,-0.410912,0.16757,50.05,70.0,-0.3960478729010973,0.15826771487835328
0.668411,-0.019586,-0.827832,-0.058276,50.05,70.0,-0.8335774865789931,-0.06912295425120857
0.811381,0.875536,0.796469,0.562179,50.05,70.0,0.8029630591863839,0.5488409518516878
-0.858163,0.859655,-0.764434,0.708034,50.05,70.0,-0.7721961519588176,0.6924898088443561
0.228303,-0.903841,1.873357,-1.215172,50.05,70.0,1.8774738645008138,-1.2351383775897913
-0.854701,-0.959209,0.89914,-0.905594,50.05,70.0,0.918800859225134,-0.9098939443435835
0.566906,-0.005907,-0.665932,-0.009202,50.05,70.0,-0.6668518753693834,-0.028849347994909035
0.722216,0.290506,-0.615401,0.180722,50.05,70.0,-0.5996896837490571,0.1607637011503499
0.530559,-0.893504,-1.090291,-0.619208,50.05,70.0,-1.0912017380252448,-0.6057360419503465
0.881039,-0.380062,1.194601,2.118166,50.05,70.0,1.1762169375477582,2.1372115710028634
0.302668,0.948531,-3.933879,-4.328734,50.05,70.0,-3.940689563244866,-4.3150872228886845
-0.042004,0.031353,-0.043679,-0.017866,50.05,70.0,-0.045463224814871556,0.0016589290151485525
0.957464,0.101912,-0.30705,0.070457,50.05,70.0,-0.3001491324587294,0.07116777683117717
0.838847,0.498791,0.844032,0.527249,50.05,70.0,0.8537142333725669,0.5177971715988039
-0.81862,-0.551364,0.342114,0.053424,50.05,70.0,0.34739309348313036,0.05063762002680988
-0.769547,0.223079,0.498092,0.07578,50.05,70.0,0.50548997428226,0.05987204357017765
-0.716205,0.743914,0.662911,0.552013,50.05,70.0,0.6703577742782448,0.5323114146715282
0.967022,0.733117,-0.784898,0.765926,50.05,70.0,-0.7975984453692138,0.7517485417431703
-0.506775,0.638227,0.372176,0.294707,50.05,70.0,0.3920814768922294,0.28898635193119854
0.685724,0.959955,0.834921,0.687677,50.05,70.0,0.8290719139382214,0.677432319368954
-0.041961,0.768237,0.934831,-1.874746,50.05,70.0,0.933810484145474,-1.875510493315121
-0.233631,-0.634582,-0.32365,0.374618,50.05,70.0,-0.3045568770008195,0.3736692826911493
0.583368,0.665262,0.632141,0.610307,50.05,70.0,0.6339397193859785,0.5903106527066622
-0.935391,0.887431,-0.545682,0.24809,50.05,70.0,-0.5267633987597605,0.22977304910669924
-0.940995,0.696874,0.716028,-0.063324,50.05,70.0,0.7098008729170673,-0.08143138901781787
0.358719,0.998518,-3.316418,-1.434198,50.05,70.0,-3.331931762467941,-1.4470313376961397
0.096117,-0.555685,-0.211524,-0.393807,50.05,70.0,-0.22995890915836892,-0.38398806197268853
0.59572,0.265013,0.389777,0.230485,50.05,70.0,0.4080520367504777,0.2231021037725066
0.077727,0.359063,-1.061061,-4.556612,50.05,70.0,-1.0468270535722612,-4.545436366132327
0.773064,0.885419,0.710858,0.374346,50.05,70.0,0.7299592030692397,0.3560251539931048
-0.7696,-0.660143,-0.735468,-0.678561,50.05,70.0,-0.7304964313070421,-0.6957587472239632
0.981328,-0.827906,0.974305,-0.416891,50.05,70.0,0.9568859482121271,-0.4137216959550041
-0.617666,0.88484,0.846523,0.785696,50.05,70.0,0.8323598198371823,0.77646442629006
-0.48887,-0.440802,0.670548,-0.320598,50.05,70.0,0.6505583634308149,-0.3401538219063427
-0.555304,-0.998037,-0.440592,-0.362838,50.05,70.0,-0.46000251395826713,-0.3746558337002441
-0.004653,-0.208211,-0.065111,0.018433,50.05,70.0,-0.06327030850919778,0.037382467281954185
0.589948,-0.735821,0.42239,-0.563353,50.05,70.0,0.41600709086170556,-0.5736555032961885
-0.948449,-0.587176,1.721145,2.076849,50.05,70.0,1.7047672842336417,2.0631907334993644
-0.661609,0.337139,-0.515608,0.466302,50.05,70.0,-0.5011211167716662,0.4493947470462958
0.303295,-0.526145,2.930192,0.612408,50.05,70.0,2.9317813754064566,0.6025783180310185
-0.921469,0.871329,0.801908,0.993552,50.05,70.0,0.7825566071781173,0.9806241181955341
0.421982,0.252215,0.40172,0.062857,50.05,70.0,0.40790273145363287,0.05437797381981963
0.976417,0.639086,0.561028,0.856775,50.05,70.0,0.5428363155195445,0.8378963654872503
-0.888681,-0.062789,7.047159,0.689853,50.05,70.0,7.041102177812132,0.67427988558519
0.710331,0.525999,0.647632,0.564079,50.05,70.0,0.6539460637989465,0.5441721800795056
0.469436,-0.186505,-0.457361,-0.193008,50.05,70.0,-0.4738024338485436,-0.2061355745073622
-0.591847,0.826853,-1.108914,0.403695,50.05,70.0,-1.090884912549192,0.41848303064202347
0.917033,0.572001,0.853147,0.479328,50.05,70.0,0.8667057401184493,0.4706889961767069
-0.377757,-0.968465,0.997676,-0.567057,50.05,70.0,0.9916451956099777,-0.561606988285934
-0.991465,0.450931,0.726596,0.087059,50.05,70.0,0.7350295581937726,0.06942541822886172
0.795678,0.959471,-0.706794,0.655651,50.05,70.0,-0.709518746911128,0.6371709478508671
-0.174951,-0.40737,0.57594,-0.099079,50.05,70.0,0.5664324159631222,-0.11839703366250343
-0.661139,0.238626,-0.194835,-0.046838,50.05,70.0,-0.1994761034519588,-0.035600985668857485
0.591128,-0.904068,-0.718259,-0.824697,50.05,70.0,-0.701628000750301,-0.8427085306302936
-0.665579,-0.391314,0.59847,-0.364691,50.05,70.0,0.5791049753637879,-0.3844686794158385
-0.821419,0.402656,0.190973,0.056123,50.05,70.0,0.19651193290718222,0.06767737909907534
-0.563162,0.931825,-0.552973,0.250826,50.05,70.0,-0.5339674239269249,0.2322285311701152
-0.810325,0.867641,-0.756958,0.890803,50.05,70.0,-0.7762941343686446,0.8747993555896318
0.440738,-0.522496,-1.028521,0.067032,50.05,70.0,-1.0219425945737088,0.07537334294265459
0.40308,0.573313,1.54571,1.930297,50.05,70.0,1.5412145990391568,1.9327990597596112
-0.336056,-0.097281,-0.398125,-0.02622,50.05,70.0,-0.4007394956410834,-0.03437208020948533
0.990435,0.246172,-1.880796,0.289471,50.05,70.0,-1.8609481842187234,0.2694753253958039
-0.588443,0.036376,1.340555,-0.079673,50.05,70.0,1.332796762244938,-0.061407876590222184
-0.634611,0.091606,-7.159376,0.615848,50.05,70.0,-7.1581297548310605,0.6093399849352437
-0.380118,-0.640206,-0.07731,0.244,50.05,70.0,-0.058528012873618654,0.2625243040585584
0.065042,-0.837591,2.31789,-3.236964,50.05,70.0,2.3270697767240565,-3.2257724535322305
0.61536,0.357304,0.578585,0.35141,50.05,70.0,0.598239097388235,0.3320251762118147
-0.787101,-0.814247,0.764992,-0.684087,50.05,70.0,0.7704968578870768,-0.699596019007347
0.950891,-0.373817,0.127387,-0.517619,50.05,70.0,0.11687368277718088,-0.5015405521696973
-0.743309,-0.798831,-0.669343,-0.602167,50.05,70.0,-0.6719507073153714,-0.6217477214296142
0.05507,-0.435312,1.545697,-1.116275,50.05,70.0,1.5586090246033122,-1.1137716504587858
-0.296529,0.230001,-0.081015,-6.180444,50.05,70.0,-0.0711868251012418,-6.162062543136524
-0.367975,-0.557672,-8.264425,-1.987688,50.05,70.0,-8.254597600179792,-2.005414761384797
-0.793058,-0.931385,-0.264082,0.044148,50.05,70.0,-0.25970296545247606,0.04910356515226611
0.208232,-0.247247,-0.049122,-0.071009,50.05,70.0,-0.056074651179516634,-0.05160921629740707
0.512489,-0.605702,0.455581,-0.69973,50.05,70.0,0.4625713738378923,-0.7127227675495157
-0.040848,-0.526599,19.13054,-38.077004,50.05,70.0,19.111546906233883,-38.073701673885495
-0.552289,-0.31364,-0.534037,-0.304335,50.05,70.0,-0.5540128758039067,-0.32215359796168835
0.654367,-0.047512,0.474151,-0.049685,50.05,70.0,0.4692334476807382,-0.06403154595263326
-0.538801,0.366987,-0.532477,0.329744,50.05,70.0,-0.5125376902693557,0.3119967893324067
-0.048115,-0.665841,-1.538164,-1.974022,50.05,70.0,-1.5295488488256543,-1.9707732268706433
-0.79551,-0.133244,2.4744,0.660853,50.05,70.0,2.4711608830423817,0.6804763885821385
0.574854,-0.421101,0.330845,-0.052776,50.05,70.0,0.32562843598989916,-0.054442638496878935
0.562179,0.535079,0.570064,0.299889,50.05,70.0,0.590013111476649,0.2807314163704647
-0.925598,-0.532303,-0.334905,-0.511341,50.05,70.0,-0.34594711428571157,-0.5134118551885739
-0.423324,-0.807795,-0.848243,-0.466142,50.05,70.0,-0.8627409096084053,-0.47522065313459816
-0.61877,0.333559,-0.359967,0.185154,50.05,70.0,-0.34398532121923914,0.18061317186516135
0.125778,-0.049899,-0.031618,0.03741,50.05,70.0,-0.027898776701740756,0.05716059560427726
-0.64741,0.98416,0.939636,0.662636,50.05,70.0,0.9362210680057994,0.6623518299546225
0.774279,-0.696523,-0.526275,-0.302185,50.05,70.0,-0.5462391649486518,-0.319637764668881
-0.464869,0.952825,1.535606,1.98061,50.05,70.0,1.5264010841105227,1.9841109031569073
0.1375,0.962434,-10.601599,1.303589,50.05,70.0,-10.596946814467737,1.2851606234821475
-0.375639,0.64319,-0.347692,-0.673418,50.05,70.0,-0.34322017710262925,-0.6767555848265606
0.093673,0.366457,-0.749017,3.010092,50.05,70.0,-0.7367941491177032,2.9936248268257577
-0.952942,-0.098115,-5.257241,0.746653,50.05,70.0,-5.268395997298555,0.7547594678245635
0.980107,0.663954,0.903861,0.642351,50.05,70.0,0.9024589040952202,0.6385132705227391
-0.922339,0.254614,-0.795171,1.316295,50.05,70.0,-0.7892932828723762,1.3028605135992333
-0.708061,-0.382044,-0.494179,-0.466999,50.05,70.0,-0.5086177414844388,-0.4826667648412377
0.982434,-0.239919,2.421041,-4.668294,50.05,70.0,2.4405568740323758,-4.650383311667188
-0.320088,0.282898,6.514639,7.422308,50.05,70.0,6.503552165392063,7.430344846342045
0.672354,0.255345,-0.294153,0.162144,50.05,70.0,-0.279657331490725,0.16414129173778488
-0.415652,0.129525,1.414617,0.277224,50.05,70.0,1.4342769147540986,0.2913023313128901
0.925686,0.003285,13.989324,0.262352,50.05,70.0,14.008656745420177,0.2758261557735502
-0.786319,0.339313,-0.711206,0.264367,50.05,70.0,-0.6918226225824784,0.24606013936217935
0.828365,0.334247,0.544804,-0.141347,50.05,70.0,0.5318169150089721,-0.15962852050497542
-0.308789,0.179605,0.457293,0.285711,50.05,70.0,0.47709101495111883,0.2725885563858764
0.628675,0.13391,0.29754,0.15846,50.05,70.0,0.31177940472665505,0.1601200145957906
0.624899,0.678992,-0.486645,0.525914,50.05,70.0,-0.47684616986213463,0.51072550232628
-0.189168,0.645907,14.848266,-1.531336,50.05,70.0,14.828654018165096,-1.5232922904726576
-0.240182,-0.741204,-0.127393,-0.171997,50.05,70.0,-0.14254965552495996,-0.15591890901746247
0.586376,-0.774154,-0.826962,-0.414548,50.05,70.0,-0.8444949811641989,-0.42546794480423644
0.795821,-0.628067,0.460096,-0.130631,50.05,70.0,0.4479420993212834,-0.14396367766025855
0.085168,-0.578014,-1.232541,-1.861725,50.05,70.0,-1.2348588391417459,-1.841869979545891
-0.675274,0.674024,0.483846,0.130887,50.05,70.0,0.496020221480889,0.11588208530620846
0.322396,0.504791,1.546175,0.359383,50.05,70.0,1.565665878281374,0.3618389183536961
0.025666,-0.632808,-5.484006,25.608762,50.05,70.0,-5.470206003699623,25.595627127582684
0.394368,0.151038,0.325552,0.009458,50.05,70.0,0.326497447517041,0.008319342566437257
0.494695,0.337834,-0.414399,0.103632,50.05,70.0,-0.4044933497932863,0.09402245742737897
-0.026399,0.30972,1.112301,1.423934,50.05,70.0,1.1271468437404708,1.4389479339905569
-0.534067,-0.067153,6.631155,30.025083,50.05,70.0,6.618719102964888,30.021718038516493
-0.646416,-0.319174,-0.46229,-0.19833,50.05,70.0,-0.47902860356839155,-0.21182540969291275
-0.350026,-0.880627,-0.30245,-0.306725,50.05,70.0,-0.32243618451549955,-0.30555474227489315
-0.694525,-0.881621,0.639259,-0.675049,50.05,70.0,0.6438896432404939,-0.6950190839940102
0.600184,-0.711959,-0.566463,-0.113467,50.05,70.0,-0.5772107293799604,-0.13251807358842257
0.107222,0.085252,0.097419,-0.07014,50.05,70.0,0.09054789431418432,-0.052466073962391516
0.832173,0.329545,-0.105488,0.010917,50.05,70.0,-0.10439684204331103,0.028198968144200153
0.663398,-0.262234,0.548205,-0.357796,50.05,70.0,0.5286791556867778,-0.376212795817956
0.636697,0.967695,0.957933,0.76936,50.05,70.0,0.944969165339492,0.770903982650912
0.05432,0.954513,-1.46349,0.422525,50.05,70.0,-1.44635465877864,0.4327481611510941
0.494627,-0.800543,1.023638,-0.448341,50.05,70.0,1.0079728586192864,-0.4404459029413388
-0.723836,0.493186,-0.477195,0.257941,50.05,70.0,-0.4579799345651844,0.2433840373342592
0.969644,0.807096,0.777967,0.798632,50.05,70.0,0.7629207219171357,0.7839742835429874
0.864096,0.85322,0.775447,0.602352,50.05,70.0,0.7780363641296374,0.5875240029772638
0.061447,0.739959,0.957063,2.889811,50.05,70.0,0.9760981180829618,2.8912682279511146
0.484989,-0.7928,0.36587,-0.04763,50.05,70.0,0.3611518950913964,-0.052743651355427905
-0.588799,0.054588,0.191887,-0.071076,50.05,70.0,0.18492806708406126,-0.059596345245140694
-0.544542,-0.123412,-1.70509,-0.271533,50.05,70.0,-1.7246374672965343,-0.28397572508547536
-0.179748,0.967033,0.020346,-0.25935,50.05,70.0,0.0010923254606513937,-0.2394534007084047
0.931421,0.397701,2.610769,1.39987,50.05,70.0,2.623898928469991,1.4175403732553664
0.165881,-0.037234,0.15053,-0.024954,50.05,70.0,0.1480410695074774,-0.010356400817342109
0.216216,-0.054097,-0.055412,0.042511,50.05,70.0,-0.05119283828601816,0.06174827538521363
0.784723,0.840565,-0.748653,0.819791,50.05,70.0,-0.7650065194672024,0.8033031963317788
-0.622251,-0.168035,-0.489661,-0.052309,50.05,70.0,-0.4948324663397116,-0.06769198273896518
-0.159098,0.036645,-0.047629,-0.017174,50.05,70.0,-0.04934429019160705,0.002261544835450477
-0.112629,-0.952858,-7.775684,1.651846,50.05,70.0,-7.757303909841089,1.6594772883084148
-0.692217,-0.097782,0.729827,-0.181194,50.05,70.0,0.7140865212020486,-0.198672832825749
0.581612,-0.84724,0.644858,-0.819321,50.05,70.0,0.6611844174355627,-0.8392526504549871
0.430073,0.244334,0.252347,-0.056967,50.05,70.0,0.2467270179340786,-0.05088370855648705
0.524634,-0.475287,-0.36823,-0.048098,50.05,70.0,-0.3729935710695913,-0.05343944559883226
-0.15076,0.172967,-0.479861,1.2682,50.05,70.0,-0.478705350195439,1.2534615181884248
-0.93791,0.551767,0.390538,0.231654,50.05,70.0,0.4088602175956167,0.22420043218722036
-0.453741,-0.020006,0.071853,0.089397,50.05,70.0,0.08049797426489887,0.1081201098483732
-0.236202,0.149616,-0.230727,-0.138874,50.05,70.0,-0.24352502877293078,-0.13077066294894538
0.594043,0.085059,0.543396,0.124,50.05,70.0,0.5550167032107461,0.10577603248840332
-0.406848,0.100544,-0.352558,0.014139,50.05,70.0,-0.3511452774333035,0.010322673722426057
-0.155245,0.794168,-0.018227,-1.105297,50.05,70.0,-0.004496480744108411,-1.0853799984124997
-0.412178,0.518842,-0.737977,0.320401,50.05,70.0,-0.7179867390223249,0.30333268305332717
0.169453,0.00279,0.169761,-0.001239,50.05,70.0,0.16963710079250469,0.01197860909038579
0.884108,-0.802457,-0.731255,-0.613423,50.05,70.0,-0.7327431763814972,-0.6308319826770081
-0.893626,0.833442,-0.746089,0.786692,50.05,70.0,-0.760322327123658,0.7700604271706879
-0.348498,0.793433,-0.16029,-0.158415,50.05,70.0,-0.1745262444228537,-0.14450168378065895
-0.768184,-0.868794,0.164509,0.12579,50.05,70.0,0.17627492008896845,0.13939716467557897
0.177353,0.768613,17.376147,2.052714,50.05,70.0,17.361270273840436,2.0620724224476046
0.083767,-0.121219,-0.110766,-0.364608,50.05,70.0,-0.1301330977951394,-0.3475976723584776
0.665812,0.29985,-0.496947,0.457006,50.05,70.0,-0.481835091267216,0.44116770092915214
-0.417955,-0.57112,0.130766,0.003134,50.05,70.0,0.1310793871743199,0.01900920202904313
-0.809054,0.223142,3.644577,0.294511,50.05,70.0,3.664480564016058,0.31071068672457747
0.341732,-0.504036,-5.133237,6.736855,50.05,70.0,-5.117908662986519,6.754076220330044
0.672055,-0.77665,-0.655649,-0.519243,50.05,70.0,-0.6660238199083792,-0.5390565517757059
0.83731,0.665198,-0.571572,0.360205,50.05,70.0,-0.5520997152560475,0.3410046558847936
-0.011235,-0.823078,1.654683,1.297265,50.05,70.0,1.6587179090905972,1.2891201399917738
0.528995,0.815139,0.260732,0.04182,50.05,70.0,0.26488359175430853,0.047099408437756785
0.043196,-0.007071,-0.042837,0.007035,50.05,70.0,-0.04213364506217886,0.026577998957512474
-0.845006,-0.015125,2.152854,0.005523,50.05,70.0,2.1534062298064303,0.0009380545953579927
-0.205412,-0.359234,6.084365,-12.621449,50.05,70.0,6.078926517646601,-12.610543874711096
0.348147,-0.693107,2.013525,0.847717,50.05,70.0,1.9957282185760727,0.8317091545882636
0.952726,0.464817,-0.525431,0.744865,50.05,70.0,-0.5364371478794461,0.7274536088024024
0.180201,0.632481,14.463288,-7.555019,50.05,70.0,14.461769798720182,-7.574983239535984
0.102395,0.948625,1.361772,0.49414,50.05,70.0,1.3742057084151438,0.5114397115976125
-0.466682,0.483502,0.466291,-0.006245,50.05,70.0,0.46566660147636796,-0.02003297451379969
0.219137,-0.964934,10.43002,-1.08453,50.05,70.0,10.445183834175165,-1.0907039094491657
0.359462,-0.520348,3.70142,11.271186,50.05,70.0,3.6975890663943183,11.290024656101687
0.50991,0.054306,0.640535,-0.146999,50.05,70.0,0.6271233310704849,-0.16696170106875824
0.728205,0.947945,0.795102,0.635782,50.05,70.0,0.7943558262849092,0.6223424028704816
0.115961,0.94895,-0.095208,0.276439,50.05,70.0,-0.07556265147267359,0.29421533217588763
0.995749,-0.454188,0.278796,-0.287889,50.05,70.0,0.2589682837931984,-0.2843710713077324
0.464974,0.811943,0.414391,-0.041661,50.05,70.0,0.4102549632243148,-0.05126984095912796
0.318348,0.481668,0.249045,1.308076,50.05,70.0,0.2541323704625018,1.3144730030393255
-0.606114,-0.958826,-0.771627,-0.888952,50.05,70.0,-0.752338987755776,-0.9040336230864675
-0.986748,-0.275947,-0.032324,-0.449998,50.05,70.0,-0.04788558957170489,-0.43025864214891113
0.157949,0.644667,5.457755,-27.818744,50.05,70.0,5.442550709684837,-27.829791946542002
0.920998,-0.780501,-0.771701,-0.617748,50.05,70.0,-0.7727575610113249,-0.6328247618729781
0.120076,0.121281,-0.135024,0.095812,50.05,70.0,-0.12580509607154333,0.11142463915667059
0.373264,-0.55387,4.644214,3.288037,50.05,70.0,4.630843528687394,3.2813507643545723
-0.885838,-0.285465,0.253878,-0.021513,50.05,70.0,0.25173084610639157,-0.01557573141423922
0.184097,0.11219,1.732662,-0.248358,50.05,70.0,1.7137347226140927,-0.2628344784094379
-0.416216,0.657035,-0.700568,0.308258,50.05,70.0,-0.6805767056015735,0.28954886624553283
0.794563,0.213673,10.923348,5.316605,50.05,70.0,10.943202942925856,5.3095383416673965
-0.80049,0.168856,-0.780643,0.004249,50.05,70.0,-0.7802181319623829,-0.010225347762219329
-0.043623,0.823904,3.488538,0.224213,50.05,70.0,3.5065492786687185,0.22747694338696992
-0.641556,-0.639271,-0.743843,-0.574838,50.05,70.0,-0.7491275458582609,-0.5915932659081714
-0.224069,0.064462,-0.104472,0.024743,50.05,70.0,-0.10200400686398575,0.04207588253878257
-0.592706,0.391631,0.588368,0.391156,50.05,70.0,0.6069040912845332,0.37155368623987656
0.148297,0.425164,1.008551,-0.53134,50.05,70.0,0.999228732198345,-0.524852214465286
-0.275181,-0.975234,-0.029996,-0.064247,50.05,70.0,-0.036310772523341674,-0.04447151866998125
-0.759341,-0.238732,0.892261,-0.209105,50.05,70.0,0.8749572416549063,-0.2140740819151396
-0.369514,-0.427532,-1.375889,-0.341703,50.05,70.0,-1.3956996352523663,-0.32515416453782386
0.468217,-0.678163,-4.293323,-1.648001,50.05,70.0,-4.311851272259427,-1.665312152513984
0.122062,-0.498565,0.229338,0.174991,50.05,70.0,0.24468829313200563,0.1832211289259398
0.61502,0.638561,0.26657,0.056001,50.05,70.0,0.272097209076757,0.06071514631586606
0.288027,0.865614,0.045266,2.876694,50.05,70.0,0.0646624087253843,2.8961839302707655
0.382194,-0.459729,-1.710014,0.460678,50.05,70.0,-1.695145154881292,0.4478535803272064
-0.658678,-0.393988,0.610526,-0.429952,50.05,70.0,0.5937853973493147,-0.4498729086463901
0.248725,0.32235,-20.858075,-2.963531,50.05,70.0,-20.87362031476312,-2.979833893323522
-0.264979,0.494975,0.48779,0.465266,50.05,70.0,0.5023481143858275,0.4500032585119808
-0.949878,-0.598007,4.376089,12.197304,50.05,70.0,4.35683798220342,12.177426427706642
-0.703365,0.544964,0.506319,0.264815,50.05,70.0,0.5257133673847223,0.24842201275949444
-0.782439,-0.444491,-0.559933,-0.279659,50.05,70.0,-0.5796361700757414,-0.2985012013354001
-0.567572,0.81146,-0.213397,0.603665,50.05,70.0,-0.21093788565795993,0.6133203360465006
0.202513,-0.363107,-0.525666,2.631147,50.05,70.0,-0.5145493449453079,2.6137240577582808
-0.746756,-0.724529,0.772205,-0.715362,50.05,70.0,0.7806371499271944,-0.7304055982013898
0.846797,0.113259,0.796194,0.108907,50.05,70.0,0.8065544080056232,0.0955484729772743
-0.450441,-0.562619,-0.245283,0.082223,50.05,70.0,-0.23729036660581074,0.08897528788789866
0.058295,-0.227891,-0.387175,0.48384,50.05,70.0,-0.3739513681297411,0.47669954432235145
-0.165252,0.615276,10.389468,-6.300348,50.05,70.0,10.387753836362892,-6.302564660814169
0.94286,0.651523,0.153002,-0.086873,50.05,70.0,0.14458531092066226,-0.07244549135938898
0.147083,0.029849,-0.133489,0.014302,50.05,70.0,-0.13206001861925665,0.03001011449898313
-0.3311,-0.799136,10.911489,-15.31847,50.05,70.0,10.892891107104726,-15.326632995832615
0.92177,0.19252,2.142368,0.181708,50.05,70.0,2.1581401365952217,0.17610914858558524
-0.316147,0.525773,-0.169817,-0.044843,50.05,70.0,-0.17426382160188864,-0.03162959417834822
0.666541,0.549934,0.675014,0.517355,50.05,70.0,0.6855497663029871,0.4978976449394195
0.737256,-0.94145,0.619977,-0.69613,50.05,70.0,0.6266289650607014,-0.7161126072378066
-0.945764,0.551691,-0.554678,0.191268,50.05,70.0,-0.5383362599387356,0.17260848424930675
0.266867,-0.765309,4.987505,0.974891,50.05,70.0,4.967767079557762,0.9945111149745203
-0.549432,-0.30475,0.333501,-0.070861,50.05,70.0,0.326562227659378,-0.07279215995900984
0.068209,0.388952,-0.229494,0.316236,50.05,70.0,-0.20949507819700458,0.32445190847692984
-0.88435,0.727548,0.053058,-0.134516,50.05,70.0,0.040597876441467555,-0.11521566986775016
-0.0973,0.677083,-1.214274,0.188179,50.05,70.0,-1.198112287256401,0.20773201769414615
-0.26379,0.485667,-0.092418,-0.294154,50.05,70.0,-0.11231803073278647,-0.27625154620730574
0.602394,0.430737,-0.399356,0.146549,50.05,70.0,-0.38597774752537584,0.13828466506988268
-0.596296,0.047538,3.530596,-0.283069,50.05,70.0,3.510837164914515,-0.27575806001991976
0.97426,0.395545,-0.93069,-0.13195,50.05,70.0,-0.9429483866951544,-0.13312809725145325
-0.071758,-0.040818,0.076662,0.020807,50.05,70.0,0.07873894869710506,0.039355636075959516
-0.035401,-0.977629,1.778668,2.004002,50.05,70.0,1.7674539819530395,1.9867604151674674
0.987592,0.453947,0.307557,-0.573038,50.05,70.0,0.30209906762907796,-0.5723778933709597
-0.510158,-0.222349,0.108505,0.045238,50.05,70.0,0.11299032417749873,0.062366155103027246
0.98119,0.859245,0.139545,-0.160589,50.05,70.0,0.12515690443257485,-0.14526288396017187
-0.664818,0.400025,-0.119843,-0.076756,50.05,70.0,-0.12733156326898107,-0.060240427901808724
-0.775856,0.185198,-4.971302,14.885696,50.05,70.0,-4.987796815842949,14.904937802636876
0.625952,0.376979,-0.369816,0.079873,50.05,70.0,-0.36203933219789675,0.07437888485734506
-0.105782,0.117936,0.664705,1.098267,50.05,70.0,0.6504719122856009,1.078597081819347
0.14534,0.730239,0.027128,-1.735463,50.05,70.0,0.013532395101123475,-1.715646700190504
-0.874723,0.533741,0.545664,0.395327,50.05,70.0,0.5640394324198423,0.3770107719280097
0.588288,-0.645249,0.229906,-0.022951,50.05,70.0,0.22761593393539786,-0.01477267210394303
-0.69784,-0.592128,-0.415084,-0.160486,50.05,70.0,-0.4294649393716025,-0.1701555610893589
0.110542,-0.121782,2.362155,-9.655201,50.05,70.0,2.3804275185760524,-9.640643735074878
-0.796049,0.797043,0.810081,0.726153,50.05,70.0,0.8006830907779022,0.7138593405326324
-0.09554,0.261589,0.086664,-1.254619,50.05,70.0,0.08686580271915066,-1.2364674653666818
0.518397,0.697728,-0.777067,0.459503,50.05,70.0,-0.7621198279212399,0.4447842005100737
0.717978,-0.938517,0.711861,-0.876876,50.05,70.0,0.7307947128799459,-0.8951563872980571
0.337698,-0.316442,0.25854,-0.017981,50.05,70.0,0.25674432133434116,-0.012490487731395128
-0.436317,0.815027,1.811591,0.61326,50.05,70.0,1.8130954306989435,0.5945905699033694
0.152345,0.463313,-0.027207,0.010846,50.05,70.0,-0.02612293153724083,0.03066122999036868
0.909152,0.113002,8.346993,1.171092,50.05,70.0,8.338696957842885,1.1585700878536058
-0.769971,-0.898651,-0.79117,-0.854032,50.05,70.0,-0.7730939998853742,-0.8677601730459052
0.36887,-0.408702,-0.842787,-0.338548,50.05,70.0,-0.8626384815848513,-0.34810936412668403
0.941076,0.661158,0.708626,0.526698,50.05,70.0,0.7183564094103546,0.5082887753017025
0.078279,-0.363011,0.034846,0.216614,50.05,70.0,0.05251401253022444,0.2363112062047093
0.874774,0.326721,1.625332,0.618444,50.05,70.0,1.6263190519417248,0.6130577638377982
-0.797708,0.916792,0.582384,0.277927,50.05,70.0,0.6020567023509823,0.2584521805907792
0.527944,-0.846722,-0.209131,-0.148233,50.05,70.0,-0.2226339553944861,-0.13820629413745644
-0.86176,0.395067,-1.92243,-8.079066,50.05,70.0,-1.9310459174958743,-8.098715943147338
-0.101519,-0.233,-6.912765,-1.762219,50.05,70.0,-6.924282645990609,-1.7822186023688553
-0.028709,-0.509181,0.045033,-0.088223,50.05,70.0,0.03649404003615611,-0.06872785437500052
0.195214,0.956285,0.537302,-3.288059,50.05,70.0,0.5506741073518204,-3.30602349403945
0.278142,0.724521,-7.828814,2.339386,50.05,70.0,-7.844093362214981,2.3418961263937246
-0.979642,-0.835675,0.552677,-0.862715,50.05,70.0,0.5711074440777087,-0.8813015592304516
0.805702,-0.56472,-0.011435,0.137787,50.05,70.0,0.0012793088876621693,0.15775431909797497
0.750617,-0.385338,0.639443,-0.495284,50.05,70.0,0.6270991002492361,-0.5152530695215419
-0.370064,0.33502,-0.467956,-0.296083,50.05,70.0,-0.4878743677500585,-0.3099911049475414
0.679947,-0.128739,1.202946,0.1461,50.05,70.0,1.216290842776613,0.16538363529044484
0.288653,-0.603348,-2.528251,1.113104,50.05,70.0,-2.5414035528208965,1.1330479494879546
-0.474685,-0.027868,-0.809946,0.012923,50.05,70.0,-0.8086545990588693,0.0006186948815030818
-0.379563,0.676398,-0.637959,0.844851,50.05,70.0,-0.6556231903817066,0.824874230163597
0.226501,0.805214,0.109163,-1.02723,50.05,70.0,0.12739397781857997,-1.010135910078298
-0.763797,0.869927,-0.653086,0.580383,50.05,70.0,-0.648338209864525,0.5605361609977031
0.855814,-0.33857,-8.962961,-2.348842,50.05,70.0,-8.948308637221402,-2.3353815396247724
-0.343772,0.219248,-1.580564,-15.599139,50.05,70.0,-1.590917330482339,-15.600115379071525
0.896333,0.676238,-0.113483,-0.112655,50.05,70.0,-0.12416216209599691,-0.09578913780859238
-0.462624,0.684284,-0.449927,0.005917,50.05,70.0,-0.44933538631265185,-0.006640791683359321
0.758708,-0.398102,-0.558283,-0.49113,50.05,70.0,-0.570951054784155,-0.5099162356199519
-0.901427,-0.277074,0.610229,-0.249114,50.05,70.0,0.5912774313197959,-0.26903224797533604
-0.779814,-0.339739,0.777325,-0.27904,50.05,70.0,0.7576325492304745,-0.29374131944084997
0.009881,0.066579,-0.009368,0.055778,50.05,70.0,-0.003862225860044589,0.07575606415501733
0.990555,0.257674,-2.266622,0.179647,50.05,70.0,-2.2509774290303266,0.18627025726617083
0.727714,0.693865,0.729801,0.672216,50.05,70.0,0.7254464140580951,0.654735903641686
-0.212305,-0.204103,-4.457626,3.429535,50.05,70.0,-4.477454414200458,3.4104105162939096
-0.365885,0.578875,0.507008,0.040443,50.05,70.0,0.511024793782637,0.024010639678171825
-0.840887,-0.792548,0.857807,-0.742596,50.05,70.0,0.86862299074664,-0.7508124127245801
-0.355297,0.527252,9.110886,2.022761,50.05,70.0,9.098170270221312,2.022734269548998
-0.468818,0.575149,0.556414,0.551162,50.05,70.0,0.563939687675401,0.5324407025222865
0.53645,0.121776,-1.429712,-0.318406,50.05,70.0,-1.449707491480622,-0.30543890213541003
0.681581,-0.668733,-0.723801,-0.594235,50.05,70.0,-0.727192879346307,-0.6119987375270276
0.612097,-0.478418,-0.505719,-0.260747,50.05,70.0,-0.5250100114060043,-0.2771055415914641
-0.772011,0.805213,0.768879,0.657183,50.05,70.0,0.7660025629128777,0.6419223226936462
-0.792535,-0.136831,0.558772,0.179511,50.05,70.0,0.5744080946679315,0.1607080446859322
0.273071,-0.501854,-20.300299,1.561983,50.05,70.0,-20.280318415540123,1.5732802438422242
-0.665068,0.201116,-0.174904,-0.145027,50.05,70.0,-0.18816872968084372,-0.1321996958962517
0.148503,-0.115002,-0.251892,0.100321,50.05,70.0,-0.24227533118989295,0.10644761985099314
-0.839026,0.49197,-0.700558,0.345941,50.05,70.0,-0.6808099887264402,0.3272315128275729
0.539079,0.30498,-0.459997,0.22718,50.05,70.0,-0.44185872547214694,0.21385470328746628
-0.206178,0.774136,-7.924601,-13.201885,50.05,70.0,-7.923881569749218,-13.20880110472538
0.909062,0.601151,0.430445,0.048644,50.05,70.0,0.4352615819400876,0.03765963182254681
-0.450658,-0.201161,0.457094,-0.170189,50.05,70.0,0.4420559249267148,-0.18329641949272363
-0.911715,0.812978,-0.628056,0.932847,50.05,70.0,-0.6480328164221018,0.912847017230592
-0.280784,0.864465,17.665927,8.138517,50.05,70.0,17.668878569640675,8.157199184654766
-0.934537,-0.766912,0.814151,-0.414914,50.05,70.0,0.7966356575554469,-0.42688410504581525
0.509294,-0.303596,-0.429985,-0.214552,50.05,70.0,-0.4475554460877048,-0.22549789793063152
-0.535966,0.017022,0.275937,0.043128,50.05,70.0,0.2802164529891368,0.04692700211492463
0.095065,-0.24461,0.273278,-0.269697,50.05,70.0,0.25377019113858945,-0.26563728236414313
0.833092,-0.216052,-0.436989,-0.075919,50.05,70.0,-0.44439988659651486,-0.08744425944342482
0.809058,-0.167919,0.172536,-0.088022,50.05,70.0,0.1640152202965636,-0.07501391781010555
-0.211099,0.055189,0.234626,-0.086632,50.05,70.0,0.22623117903865902,-0.07888664342987899
-0.436724,-0.017722,3.859141,0.209766,50.05,70.0,3.876477809477861,0.2278083087946239
0.138709,-0.718386,26.370127,7.897439,50.05,70.0,26.38965671901425,7.917346418472979
0.080677,-0.061482,-0.08054,0.063966,50.05,70.0,-0.07425189627899331,0.08236612416981709
0.664079,-0.82448,0.665415,-0.804567,50.05,70.0,0.6808455969268701,-0.8242239482067908
0.958725,-0.701447,-0.213364,0.037564,50.05,70.0,-0.20962964642653503,0.0472222258865726
0.785818,-0.759578,0.751723,-0.692175,50.05,70.0,0.7580007051492833,-0.7084870993489125
-0.230024,-0.010712,-0.317809,0.014674,50.05,70.0,-0.31634291618642735,0.014309046792443991
-0.029745,0.073939,-1.349152,-0.969186,50.05,70.0,-1.329330067177385,-0.9512878700239786
0.686102,-0.683781,-0.014389,0.137902,50.05,70.0,-0.0016658160945309027,0.15785026149242778
-0.311942,-0.813289,-12.144667,28.623386,50.05,70.0,-12.164363393479768,28.613142388400888
-0.942488,-0.395045,-0.353646,0.260437,50.05,70.0,-0.33436319260456426,0.256513929835693
0.476136,0.420767,0.299262,0.084163,50.05,70.0,0.3074320897008241,0.08565134936466988
-0.166939,0.256396,0.148848,-0.79329,50.05,70.0,0.16353701952371683,-0.7785779410277138
-0.758628,-0.255872,0.85402,0.294751,50.05,70.0,0.8739259036859528,0.28619081387544176
-0.440542,-0.185983,-0.401156,-0.134913,50.05,70.0,-0.4136471530018314,-0.1433409119005861
0.181403,0.845832,0.621264,-1.452535,50.05,70.0,0.6046597398047365,-1.472522559688979
-0.095261,0.948785,-0.365891,0.209271,50.05,70.0,-0.34857892358312953,0.20415531847510643
0.23664,-0.78602,-1.973532,-1.082481,50.05,70.0,-1.9582353626586635,-1.100551406663444
-0.635313,0.294434,-0.506706,0.352748,50.05,70.0,-0.48707711915165736,0.3363328735665592
0.556471,0.61012,0.459907,0.029457,50.05,70.0,0.46284206143048634,0.016138416073282136
0.284886,0.073889,0.368798,-0.032247,50.05,70.0,0.3655872537899752,-0.03764316080950276
-0.141662,-0.909482,1.735044,0.964901,50.05,70.0,1.7151695684029127,0.9502611978309694
0.33555,-0.403142,-6.056954,-1.468786,50.05,70.0,-6.074408385999018,-1.4602737292468995
0.39788,-0.832346,-1.067051,-0.439792,50.05,70.0,-1.0832331601527279,-0.42812469274728837
0.755258,-0.384877,-0.884871,-0.322797,50.05,70.0,-0.9048523502842212,-0.32847835494854266
-0.630599,-0.472436,0.634463,-0.473521,50.05,70.0,0.6204831504929876,-0.4935115621166843
-0.239355,-0.84788,12.973826,-8.482573,50.05,70.0,12.993825981390227,-8.4915679140584
-0.321339,-0.739825,0.223539,-0.105113,50.05,70.0,0.2135049633465011,-0.09635787962873212
-0.241889,0.575184,-18.780176,-10.700569,50.05,70.0,-18.778263528841837,-10.681760373719131
-0.881017,0.742423,0.692126,0.70588,50.05,70.0,0.6845628100468673,0.6868892440632928
-0.103077,-0.422113,0.618206,0.958796,50.05,70.0,0.598272534022257,0.9388215603730852
-0.456888,-0.908261,-3.561829,0.791007,50.05,70.0,-3.576362127416636,0.8011243166806273
0.852863,0.063819,0.340673,-0.009885,50.05,70.0,0.3396849024071917,-0.012528614212365596
0.597544,0.924799,-0.479794,0.324611,50.05,70.0,-0.45982130347465794,0.30987704805124333
-0.900298,0.697551,-0.304851,0.404937,50.05,70.0,-0.2868760228074927,0.4058674905291581
-0.252426,-0.527554,0.583738,0.24062,50.05,70.0,0.6024011582952543,0.2211148021187596
-0.595078,0.529788,-0.485923,0.24096,50.05,70.0,-0.46724764681119824,0.2258185741517137
0.15193,-0.516634,-5.04821,-1.393231,50.05,70.0,-5.060831988001201,-1.3733481932680038
0.932796,-0.493597,0.648653,-0.254941,50.05,70.0,0.6295233143915524,-0.27483771635829995
0.109873,0.640663,6.373674,29.707399,50.05,70.0,6.358231984095542,29.72538663185352
-0.381457,0.850327,0.072207,-0.2554,50.05,70.0,0.05306397190235181,-0.23668936562732806
-0.556663,0.161612,-0.455773,0.098322,50.05,70.0,-0.44633208332989466,0.08531464176712858
0.219034,-0.69082,0.349091,0.125944,50.05,70.0,0.36086936974296846,0.12246855972190794
-0.616655,-0.117209,3.512319,0.086493,50.05,70.0,3.520701202684667,0.0920745903134207
0.065518,-0.842422,-0.004076,-1.387289,50.05,70.0,-0.016231563491048037,-1.3672931533002428
-0.589482,0.575088,-0.507418,0.278709,50.05,70.0,-0.4877313586121576,0.2622533026465351
-0.489133,-0.853058,-0.526798,-0.399132,50.05,70.0,-0.5450198986971736,-0.4166102465709439
0.64895,0.90068,-0.661699,0.691989,50.05,70.0,-0.6679590424638596,0.672266917883647
-0.272228,0.671887,21.299971,2.01104,50.05,70.0,21.288181285504564,2.0300602898915314
0.407391,-0.985015,-0.108443,-0.305133,50.05,70.0,-0.12842263509043558,-0.2880016446596301
0.847851,-0.163301,-5.807577,0.479167,50.05,70.0,-5.794006428844012,0.4647192999098785
-0.606168,0.137917,-0.022007,0.08032,50.05,70.0,-0.014189169183701883,0.1001990451021474
-0.025953,-0.197392,-0.563798,-0.182839,50.05,70.0,-0.5796394289742896,-0.20180726992504375
0.428923,0.912263,1.317954,1.642192,50.05,70.0,1.3366931398671358,1.6612593976530734
0.403386,-0.293748,0.733935,0.011363,50.05,70.0,0.7350706887798204,-0.005912498426125451
0.985373,-0.835509,0.789922,-0.149366,50.05,70.0,0.7763356822932668,-0.16318466174795473
-0.403242,0.704363,-2.892668,-0.442317,50.05,70.0,-2.9087004903287275,-0.448725404319488
0.231829,0.342009,2.417662,31.151244,50.05,70.0,2.398270871985185,31.169001776440613
0.147676,-0.002033,-0.128248,0.001308,50.05,70.0,-0.12811720093241888,0.017335092381512696
-0.174929,-0.03568,0.17147,-0.02702,50.05,70.0,0.16877621199065296,-0.01393113084529044
0.331496,-0.553412,0.551894,-0.099621,50.05,70.0,0.5423387668033909,-0.11817850416759737
0.803194,-0.722429,-0.491943,-0.268471,50.05,70.0,-0.511423411091524,-0.2839988138653543
0.144098,-0.148401,0.16172,-0.147357,50.05,70.0,0.14828179490981905,-0.13354676482087458
-0.178286,-0.452438,-0.353564,0.18128,50.05,70.0,-0.33781821712428867,0.1773649708654445
-0.128148,0.21249,0.370803,-0.464606,50.05,70.0,0.35619971026798664,-0.4701949507021934
-0.687983,-0.926142,-0.758856,-0.82042,50.05,70.0,-0.7424663512767096,-0.8363090916080428
0.339411,0.477475,0.365345,-0.374175,50.05,70.0,0.3462387352670543,-0.3792378788541397
0.924662,0.799861,-0.39891,0.070844,50.05,70.0,-0.3919728220937663,0.06262029980363734
-0.733797,-0.921196,-0.772242,-0.904191,50.05,70.0,-0.7526073518877628,-0.9192321598001081
-0.53802,-0.509929,0.51699,-0.180992,50.05,70.0,0.5012619910619931,-0.19797267417415773
-0.378788,-0.284902,1.816876,0.436973,50.05,70.0,1.8332222085906458,0.41812056247802504
-0.344603,0.24957,-0.109076,-0.077312,50.05,70.0,-0.11661608969471576,-0.0602133953965862
0.521387,0.956386,-2.687313,2.721411,50.05,70.0,-2.670057990497532,2.7343045592097615
-0.0156,-0.196135,0.531235,0.853418,50.05,70.0,0.513185361468129,0.835728396832793
-0.440929,-0.685814,0.461001,-0.545061,50.05,70.0,0.4529136410275936,-0.5584609983037307
-0.477801,-0.396672,0.616495,-0.287859,50.05,70.0,0.5966676769381029,-0.307824061207742
-0.864424,-0.372954,0.01094,-1.446187,50.05,70.0,-0.005302089614845776,-1.4262169134402418
-0.243442,0.472036,-0.103955,0.012903,50.05,70.0,-0.10266559489167709,0.030261619114820976
-0.498131,-0.087799,0.377657,-0.033524,50.05,70.0,0.3743202763924357,-0.039767634616680085
0.367621,0.600756,0.32909,0.490447,50.05,70.0,0.3418108328765293,0.48895531300842515
0.910218,0.030082,-0.392417,-0.128996,50.05,70.0,-0.4044406491279693,-0.13662360009261035
-0.417743,0.988767,16.344445,-0.904581,50.05,70.0,16.364087031185303,-0.884597657151315
0.206185,-0.651215,-0.032106,0.752375,50.05,70.0,-0.04373129866069841,0.7721178541214802
-0.976561,0.936039,-0.847522,0.813577,50.05,70.0,-0.8635099574969096,0.8044341623025019
0.00963,-0.156608,-0.044706,-0.118621,50.05,70.0,-0.05588476815265053,-0.09911857959825887
-0.115305,0.069764,0.135743,0.089515,50.05,70.0,0.14439861346188387,0.10508260151181517
0.530027,0.164885,0.522367,0.210859,50.05,70.0,0.5397580457199527,0.1936004088126611
-0.778839,0.050541,1.398755,-0.130708,50.05,70.0,1.3865949851095214,-0.11554845275075123
-0.555754,-0.554678,-0.390867,-0.128653,50.05,70.0,-0.4028632219248584,-0.13613708761695417
-0.474466,-0.348582,0.331847,-0.087289,50.05,70.0,0.3233925922367183,-0.08905546865181975
-0.623828,-0.683163,0.804768,-0.586096,50.05,70.0,0.800577040396134,-0.5988043483883533
0.07462,0.142263,-1.122288,-1.161837,50.05,70.0,-1.113159016015015,-1.1461822667733736
-0.984875,-0.797366,-0.471679,-0.90159,50.05,70.0,-0.45209549928786086,-0.9157632212669394
0.66332,0.411964,0.437938,0.271025,50.05,70.0,0.4574746589644138,0.2594223122080995
-0.12769,-0.085095,-0.174356,-0.000447,50.05,70.0,-0.1744006999627856,0.012422300418331738
-0.195328,-0.881039,0.821082,0.413271,50.05,70.0,0.8386760637013765,0.40186322646050177
0.370545,-0.252619,1.865697,-0.20932,50.05,70.0,1.8483824705282161,-0.22922734828174127
0.235397,0.323444,3.116202,-1.139937,50.05,70.0,3.1272209689959927,-1.1597760450296024
0.123686,0.788165,-13.918476,32.154576,50.05,70.0,-13.928957943137483,32.17234038742399
0.691834,-0.338343,0.303456,-0.12068,50.05,70.0,0.2921070930910224,-0.1196101842929856
-0.523221,0.232059,-0.4905,0.258795,50.05,70.0,-0.4712614194820745,0.24335853485659234
0.212837,-0.840761,0.334253,0.100741,50.05,70.0,0.34390647368035654,0.0987350052508689
-0.67694,0.676519,0.225195,-0.09277,50.05,70.0,0.21624710779295586,-0.08416406797819546
0.246738,0.917543,7.534296,-19.393896,50.05,70.0,7.526142758486745,-19.373903634701733
-0.850768,-0.85422,-0.761103,-0.737653,50.05,70.0,-0.750706051320957,-0.7534046260810274
-0.871659,0.034115,-0.326779,0.074461,50.05,70.0,-0.31950373032083734,0.0731998637816849
-0.6229,0.926342,-0.899796,0.688144,50.05,70.0,-0.9056897283285511,0.6839081445935612
-0.963835,0.822853,0.893805,0.815273,50.05,70.0,0.877715722552659,0.8104536232560967
-0.304357,0.671238,-0.575662,-0.556361,50.05,70.0,-0.582703509820071,-0.5756718173287734
-0.49457,-0.230067,-0.488726,-0.227398,50.05,70.0,-0.5068734484480987,-0.2427210618724713
-0.742649,0.293232,0.499174,0.097722,50.05,70.0,0.5085619798248912,0.08174869799770433
0.352996,0.808464,0.723825,0.146725,50.05,70.0,0.7372163300951814,0.12896236535862016
-0.141359,0.187034,-0.321976,-0.045165,50.05,70.0,-0.3264542098250594,-0.04594647447389901
-0.519886,0.271461,-0.490061,0.244152,50.05,70.0,-0.47127379488301513,0.22874348527093877
0.446488,0.127122,0.532994,0.147741,50.05,70.0,0.5464606205942624,0.12997001101359854
0.539476,0.975112,-0.008805,-0.098211,50.05,70.0,-0.018236129745102955,-0.0782303788759342
0.715297,-0.011548,0.40098,0.018217,50.05,70.0,0.40279918209595356,0.009805052394476453
-0.094905,0.937977,-0.484508,-0.772762,50.05,70.0,-0.47128699873265617,-0.7878106011477934
0.581319,0.231632,0.339402,0.147226,50.05,70.0,0.3528304999214905,0.14470842310021234
-0.952658,0.685002,15.706021,-10.698485,50.05,70.0,15.70772592606718,-10.718484056906215
0.825482,-0.120965,0.269343,-0.196427,50.05,70.0,0.25270930560140753,-0.1919827849823083
0.940387,-0.917173,-0.828652,-0.961542,50.05,70.0,-0.8087427921910095,-0.9723199706372094
-0.9255,-0.876666,0.286767,-0.182673,50.05,70.0,0.270935709592412,-0.17994232935555604
-0.130394,0.475694,19.268333,30.272277,50.05,70.0,19.279040262720553,30.262285829736317
0.982038,-0.888435,-0.739846,-0.966139,50.05,70.0,-0.7199857999715708,-0.983109155081587
0.065809,0.050483,0.016807,-0.036058,50.05,70.0,0.013220702388709198,-0.016128577263559436
0.467985,-0.578371,0.60203,-0.492355,50.05,70.0,0.5894569754805686,-0.5121824768954968
-0.682357,-0.366038,0.412116,-0.290787,50.05,70.0,0.39225241034948805,-0.3001957000984261
-0.009023,0.347934,0.099333,0.189432,50.05,70.0,0.11556820493392309,0.2070155312553386
-0.270806,0.557481,4.127894,2.02903,50.05,70.0,4.114700713448874,2.024682628912735
-0.418539,-0.389206,-0.294333,-0.081524,50.05,70.0,-0.3022615090709195,-0.0795446190873723
0.614173,0.413712,0.40669,0.145999,50.05,70.0,0.420027318182467,0.13707251256916916
-0.744964,-0.610162,0.560596,-0.341822,50.05,70.0,0.5407870019308588,-0.3606863284045217
-0.999684,0.316844,0.667248,0.358663,50.05,70.0,0.6867548941080331,0.3390406811798296
-0.803625,-0.524367,-0.525768,-0.241544,50.05,70.0,-0.544464173723278,-0.2589719484011353
0.967122,0.422736,8.527912,-0.451194,50.05,70.0,8.512425816858729,-0.4466722523846896
0.923232,0.760025,-0.765318,0.769415,50.05,70.0,-0.7782860222946837,0.7539265854811228
-0.254596,-0.986695,-3.168587,-1.067768,50.05,70.0,-3.15238473443082,-1.0875861027080138
0.618857,-0.863657,-0.037662,0.174924,50.05,70.0,-0.022316002639617062,0.19457044008294072
0.512364,-0.692119,0.511509,-0.60717,50.05,70.0,0.5093980859333928,-0.6238547518566752
-0.436713,0.161767,-0.394874,0.120214,50.05,70.0,-0.38356349481790153,0.11235985160716938
0.826342,0.334073,1.02148,0.46067,50.05,70.0,1.0363493801469157,0.46836636719703906
0.762803,0.42234,0.652031,0.453128,50.05,70.0,0.6673940760362009,0.4332684057102577
0.274058,0.096748,0.256179,0.05735,50.05,70.0,0.26183572855616016,0.06306715341436897
0.042142,0.282325,0.190826,-0.319898,50.05,70.0,0.1708342327039462,-0.30833162535737646
-0.967307,0.477067,0.849312,0.520315,50.05,70.0,0.8595950226642044,0.5113317278434779
0.065053,-0.651464,-0.135553,-0.173392,50.05,70.0,-0.1508003027106561,-0.15781247744169866
0.847038,0.163077,0.195268,0.111645,50.05,70.0,0.2058616296820898,0.12284616859069034
0.830336,-0.543807,0.17935,0.03342,50.05,70.0,0.18267646891675832,0.0459030498674102
0.23826,0.441246,0.85352,0.770765,50.05,70.0,0.840449498562739,0.7621596519567411
0.017387,0.228293,-0.056556,-0.057378,50.05,70.0,-0.06221541417155756,-0.038172330862213784
0.921521,0.011094,-3.667434,-0.106753,50.05,70.0,-3.6776095643826103,-0.08932145455916342
0.463631,0.247863,0.517661,0.210319,50.05,70.0,0.5350253149541191,0.19330296993423426
-0.174043,0.866933,16.875824,-0.099793,50.05,70.0,16.86625366031943,-0.11785483009472934
0.53694,0.343267,-0.434624,0.173133,50.05,70.0,-0.4193934711802233,0.1618018248491595
-0.713504,0.143759,-8.365454,-6.039173,50.05,70.0,-8.346671589978188,-6.0502041589453635
0.154581,0.045742,-0.143554,-0.007743,50.05,70.0,-0.14432810658774478,0.007322485728281923
0.787798,0.515921,-0.572635,0.504385,50.05,70.0,-0.5610197072226,0.4851551694931601
-0.911571,-0.77265,0.908982,-0.641329,50.05,70.0,0.9102821294922622,-0.6446629427109336
0.074556,-0.93848,0.859697,1.489528,50.05,70.0,0.8780684588237047,1.481484265940377
0.96196,-0.336308,1.740885,-0.555944,50.05,70.0,1.7338044754977147,-0.5709754589078825
-0.333398,0.584149,7.177345,2.163637,50.05,70.0,7.157658845317154,2.158852054920448
-0.20173,-0.476148,-0.053549,0.111859,50.05,70.0,-0.04293722497778611,0.1311463984969471
-0.624081,-0.921721,-0.188009,0.160923,50.05,70.0,-0.17359772516484706,0.17271803368638866
0.628544,-0.054499,-1.723009,-0.179633,50.05,70.0,-1.7386526987431448,-0.1934268364291038
0.028578,0.318799,-0.899257,0.589359,50.05,70.0,-0.8953856396095439,0.5850704827830758
0.060943,0.270982,6.222406,0.444643,50.05,70.0,6.238298354465931,0.4637265546904341
0.392137,0.64321,-0.438383,0.273678,50.05,70.0,-0.4187912864504607,0.2620390947838643
0.434246,0.364846,0.516814,0.381127,50.05,70.0,0.5357032667323816,0.3641556311603383
-0.031741,0.521026,5.661692,-9.888554,50.05,70.0,5.676351872675423,-9.908542355211097
0.879211,0.891906,0.759981,0.562341,50.05,70.0,0.7664597348377781,0.5465204833031054
0.271181,-0.268367,-1.339555,-0.981226,50.05,70.0,-1.3199291831948765,-0.9629203664963532
-0.445665,-0.285984,0.155809,0.05423,50.05,70.0,0.16116579193198427,0.06846169691140176
-0.541162,0.682928,-0.626402,0.361255,50.05,70.0,-0.6069539445155282,0.34125591826547136
-0.032086,0.72286,-1.316661,-0.083715,50.05,70.0,-1.3247901777551154,-0.06460897778729173
-0.891135,0.688958,-0.513529,0.147604,50.05,70.0,-0.5000725115380299,0.13080871719539647
-0.679055,-0.876204,0.697614,-0.853686,50.05,70.0,0.715675165826455,-0.8724974958433623
-0.358856,0.710093,1.72516,0.414454,50.05,70.0,1.7426975018529516,0.40050520977181314
0.533346,-0.059336,0.774816,-0.045043,50.05,70.0,0.7703496812458679,-0.05991326726213848
0.735956,-0.791248,0.740964,-0.788635,50.05,70.0,0.7553331524746968,-0.8055457275943845
-0.510382,0.012291,1.82429,-0.002042,50.05,70.0,1.8240858035477556,-0.021128954419230253
0.572861,0.071473,-1.866741,0.242609,50.05,70.0,-1.8480072678711035,0.2226918855283891
-0.747088,-0.311101,0.177564,0.050235,50.05,70.0,0.1825348452060408,0.06285709092066533
-0.667909,0.455802,0.421305,0.152538,50.05,70.0,0.43512237518154423,0.14232864482562418
0.66429,0.724575,0.670765,0.666256,50.05,70.0,0.6669939628279697,0.6467047375308526
-0.074334,0.66643,12.944787,0.892187,50.05,70.0,12.925415966456706,0.8858712672256411
0.695742,-0.66936,-0.618094,-0.410025,50.05,70.0,-0.6358400945522917,-0.4299988704345007
0.068037,-0.500418,-1.137927,-2.332477,50.05,70.0,-1.1222110364185969,-2.3158977961229996
-0.531128,-0.667721,-0.464815,-0.335864,50.05,70.0,-0.4846973416672221,-0.34954468121424065
-0.387604,-0.462694,3.599585,-0.468944,50.05,70.0,3.5852815251349948,-0.45576886021424573
-0.492035,0.366074,-0.584357,0.283486,50.05,70.0,-0.5645917516230434,0.2639672118607552
0.610761,-0.933555,0.65693,-0.164307,50.05,70.0,0.6422861564500607,-0.18410269474568128
-0.258391,-0.783438,-0.275256,0.335835,50.05,70.0,-0.25537334444053666,0.33970084011690765
0.760355,-0.714794,-0.705045,-0.651206,50.05,70.0,-0.7027612453376304,-0.6697522240107495
0.458189,0.778909,2.461265,-0.349582,50.05,70.0,2.441577873364294,-0.33025443498870966
-0.871577,-0.59184,1.063582,-0.304232,50.05,70.0,1.0436066325913442,-0.29284818922464945
0.940414,-0.469661,-0.639852,-0.155435,50.05,70.0,-0.6538773656964805,-0.175401753986477
0.405226,0.635657,-0.681246,0.219423,50.05,70.0,-0.6634480994358133,0.2001192516049559
-0.51585,0.106329,0.62453,-0.028754,50.05,70.0,0.6216644954309618,-0.04875041186604411
-0.931688,-0.87728,0.36399,-0.467435,50.05,70.0,0.34958146220088726,-0.47236667708408236
-0.449681,0.218969,-0.08883,-0.054081,50.05,70.0,-0.09417243484031755,-0.03602147543035509
0.207775,0.07042,0.354595,0.692923,50.05,70.0,0.3482463192441719,0.6889069179521039
-0.454202,0.232452,0.232552,0.004584,50.05,70.0,0.23301035986611723,0.01252015270070388
0.824257,-0.715774,-0.20413,0.068045,50.05,70.0,-0.19745601593005246,0.07850123941030661
-0.013751,0.879262,1.973385,-50.522272,50.05,70.0,1.9542021947680381,-50.5403487013966
-0.236252,-0.682296,-15.85259,-3.133981,50.05,70.0,-15.853350981622938,-3.148975715073706
0.653315,0.261731,-0.426719,0.259679,50.05,70.0,-0.40745644782186285,0.2490078939054618
0.918729,-0.925724,-0.837106,-0.953533,50.05,70.0,-0.8171365466044845,-0.9635894151586688
-0.640915,0.139643,2.410061,0.548494,50.05,70.0,2.417833202059617,0.5658893475213289
0.983877,0.028087,-0.446624,0.012498,50.05,70.0,-0.445375013252717,0.00019898242292578847
0.053386,-0.734039,-10.937716,20.649812,50.05,70.0,-10.929496969128623,20.644106536439782
-0.998578,0.905113,11.788244,-3.013073,50.05,70.0,11.776258450342276,-3.0277198524009816
0.229314,0.075483,-0.06927,-9.2e-05,50.05,70.0,-0.06927919999967555,0.018720360593520686
0.639751,0.298503,-0.396834,0.264068,50.05,70.0,-0.37745801152443065,0.25603397760714025
0.945414,-0.418807,-0.474648,-0.415598,50.05,70.0,-0.4921302210820351,-0.429979129417275
-0.885126,-0.320528,-0.336215,0.145376,50.05,70.0,-0.32292417102289767,0.14317489428994967
0.891534,0.017552,0.728052,0.02459,50.05,70.0,0.7305048093523874,0.007025586188235639
0.988168,0.144057,-0.709971,-0.101463,50.05,70.0,-0.7196876434201342,-0.11981924165604872
-0.839297,-0.071148,0.278863,-0.051342,50.05,70.0,0.2737850051346345,-0.04783066704314792
0.220929,-0.844494,-8.098059,5.96303,50.05,70.0,-8.11805001254382,5.9442453556283725
0.586305,0.032967,-0.208016,0.04699,50.05,70.0,-0.20336011280991367,0.057113025265495346
0.069228,-0.480065,9.247626,-1.386082,50.05,70.0,9.235566505983613,-1.39873602590322
-0.450639,0.105194,-0.141269,-0.055477,50.05,70.0,-0.1467458309313335,-0.04026221484725872
0.003464,0.22771,-0.004659,0.086054,50.05,70.0,0.00368332415967401,0.10604857367514277
-0.88002,-0.494794,0.040997,0.129293,50.05,70.0,0.05304436948200822,0.14887428075833517
0.003852,0.747545,-0.699766,0.067697,50.05,70.0,-0.6931248312668995,0.04895967074768299
-0.010229,0.074914,0.046487,-0.131777,50.05,70.0,0.03424228740606463,-0.11231483232515992
-0.917247,-0.177656,0.454275,0.084271,50.05,70.0,0.46245494627731915,0.07137779653938646
0.129533,-0.937102,-0.507603,15.967753,50.05,70.0,-0.5268685284160208,15.951286795158644
0.123787,0.48619,-5.137441,14.973208,50.05,70.0,-5.147589324684963,14.990211657603922
-0.606574,-0.696428,0.852469,-0.522546,50.05,70.0,0.8423779659215194,-0.53124610271401
-0.873298,0.477422,-0.558087,0.305607,50.05,70.0,-0.5381052825245909,0.286827497467947
0.035822,0.053262,0.016961,-0.058563,50.05,70.0,0.011188029098445483,-0.03863487578787053
-0.830238,0.183322,0.826778,1.311121,50.05,70.0,0.8321592536617463,1.3001856445389381
-0.913173,0.29528,1.111767,-0.113626,50.05,70.0,1.1010058649738281,-0.09864739803398333
0.764149,-0.950797,-0.280505,0.130577,50.05,70.0,-0.2683553882848141,0.1339265668630592
-0.037414,-0.822622,1.190518,14.198775,50.05,70.0,1.2095765913196124,14.217691985415284
0.190447,0.839011,-0.793307,-0.527895,50.05,70.0,-0.8029326575619319,-0.541466986276252
-0.749958,-0.550728,0.341289,-0.073881,50.05,70.0,0.33406778733566783,-0.07658566107576954
-0.078821,-0.736771,18.000668,26.58237,50.05,70.0,18.017108506258698,26.573348858796574
-0.91335,-0.67968,-0.925153,-0.664268,50.05,70.0,-0.9215773800785276,-0.6659983137485448
0.62012,0.354131,0.491577,0.209047,50.05,70.0,0.508877849220435,0.1935422793428373
-0.125561,-0.304907,0.220124,0.117799,50.05,70.0,0.23123451293403235,0.12685986971433136
-0.57546,0.239495,0.482286,0.283992,50.05,70.0,0.5020589150608401,0.26909068152503895
-0.806134,-0.700514,0.775366,-0.661906,50.05,70.0,0.7787089814130923,-0.6767394314210962
0.457574,0.453533,0.502035,0.312753,50.05,70.0,0.5220345056064719,0.296609170131045
0.535299,0.772956,0.154952,-0.071111,50.05,70.0,0.14798978589045794,-0.05681922109325846
-0.930534,0.517418,-0.40227,0.043408,50.05,70.0,-0.39796319970341154,0.03487919326986245
0.236948,0.391217,-0.109076,0.144685,50.05,70.0,-0.0958368853186772,0.16178360460341382
-0.810003,0.28233,-0.594995,0.084462,50.05,70.0,-0.5867976280257791,0.0647389727708334
-0.87746,0.530875,0.463869,0.301167,50.05,70.0,0.4838268150982734,0.28755547754298777
0.414152,0.652051,-0.703062,0.255796,50.05,70.0,-0.6839075417506739,0.23717646685755608
-0.985077,-0.185464,0.429323,0.039922,50.05,70.0,0.4332887417946118,0.029031567347744563
0.90253,0.823143,0.490415,0.189134,50.05,70.0,0.5066327839914272,0.1737029408661658
0.560999,0.715691,-0.449516,0.638581,50.05,70.0,-0.4505417966434998,0.6260552230398592
0.621237,-0.871756,-0.659445,-0.463457,50.05,70.0,-0.6741265561950894,-0.48321527423090066
0.403695,0.898923,0.312736,-0.092223,50.05,70.0,0.30383706141340844,-0.09208067466538497
0.203201,-0.793918,0.05556,-3.001953,50.05,70.0,0.04270322796682713,-2.9827197781101207
0.620887,-0.75789,0.059037,0.157014,50.05,70.0,0.07317449393104891,0.17614896678151543
0.14861,-0.307846,0.652576,-0.624224,50.05,70.0,0.6521665755299181,-0.6440770740428966
0.025483,0.294497,10.141846,2.096776,50.05,70.0,10.12440767714503,2.114838981749774
-0.393559,-0.543298,0.467591,-0.227107,50.05,70.0,0.44945580228989557,-0.24098885225108108
0.783701,-0.341712,-0.782718,-0.358986,50.05,70.0,-0.802217740485243,-0.3733163763060447
0.845375,0.217037,-0.921133,0.740925,50.05,70.0,-0.9318080584563636,0.7387945700419717
-0.252827,0.729544,0.690515,1.726709,50.05,70.0,0.7047394109184588,1.7076683312565109
-0.554906,-0.302813,0.303396,-0.045111,50.05,70.0,0.29892305323055546,-0.04403519293115846
0.62697,-0.523233,0.168911,0.058956,50.05,70.0,0.17472158693236253,0.07223728127806263
0.018305,-0.347232,-0.085077,0.639267,50.05,70.0,-0.08617130018436542,0.6574845984387525
0.066679,0.670657,5.525162,-2.000736,50.05,70.0,5.536104104069509,-2.0166755251456467
-0.26227,0.033441,-0.243952,-0.02586,50.05,70.0,-0.2465308003518083,-0.01898257759475195
0.034985,-0.003915,0.036843,0.004584,50.05,70.0,0.037301359866117226,0.024245606915785815
0.202344,0.795967,-0.540127,0.009835,50.05,70.0,-0.5391438963321843,-0.008251866919010656
-0.174625,-0.922854,-0.061062,0.353124,50.05,70.0,-0.04144036358938952,0.3721990763170511
-0.399191,0.802682,-3.925875,-0.469336,50.05,70.0,-3.94015104869703,-0.4551151847045748
0.678677,0.523963,-0.397591,0.149195,50.05,70.0,-0.3840172360240294,0.14109171146947896
0.239261,-0.747431,3.477168,-5.277678,50.05,70.0,3.4581529869312972,-5.275540482238319
-0.078321,-0.33784,-1.034646,-0.18036,50.05,70.0,-1.0503348907595382,-0.17146596904803793
-0.083702,-0.783324,20.251642,31.912012,50.05,70.0,20.263922740790765,31.92695217482655
0.678395,-0.222903,0.263243,-0.109064,50.05,70.0,0.2528691659062022,-0.10402719496309909
-0.32308,0.00134,-0.302131,0.001901,50.05,70.0,-0.3019409028624186,0.003103101567262196
0.526365,0.61179,0.485813,0.488548,50.05,70.0,0.4986797944893403,0.4734137630964887
0.352688,-0.378039,0.00135,-0.07053,50.05,70.0,-0.005557718764634274,-0.05053045562327005
0.29259,-0.437563,-0.004234,-0.716697,50.05,70.0,0.004319016099342852,-0.696701481521623
-0.127711,-0.445703,-1.086262,0.595749,50.05,70.0,-1.0830194232366697,0.6089204620933337
-0.930455,-0.151865,0.865953,0.116105,50.05,70.0,0.8769222600827672,0.1086378802507854
-0.392934,-0.03585,-0.653712,-0.027052,50.05,70.0,-0.6564089588160281,-0.04689100937744661
-0.528072,0.695707,0.03953,-0.131106,50.05,70.0,0.02733841053689566,-0.111495385117374
0.752991,-0.47303,-0.393231,-0.181207,50.05,70.0,-0.4089722807638932,-0.1889097843637016
-0.218039,-0.580065,-0.575868,0.017509,50.05,70.0,-0.5741193356631091,-0.0018071682649860796
0.84802,0.672771,-0.767881,0.67164,50.05,70.0,-0.7721793498305309,0.6563150063780897
-0.731727,-0.139058,-4.010023,-0.382579,50.05,70.0,-4.028864054189405,-0.3753422677021006
0.856952,0.797498,-0.755213,0.793054,50.05,70.0,-0.769885992883767,0.7769463084673915
-0.45489,0.658019,0.491666,0.487399,50.05,70.0,0.5046205469083468,0.4718886590003585
-0.673704,-0.937979,-0.744236,-0.906573,50.05,70.0,-0.7245574239418658,-0.923306774454718
-0.611153,0.346319,-0.53399,0.36346,50.05,70.0,-0.5145945699418466,0.34564353699232925
0.585169,0.940695,0.770424,0.383044,50.05,70.0,0.7892494041622491,0.3678836394328158
0.265809,-0.551453,-1.731493,-0.235785,50.05,70.0,-1.7499769196810366,-0.25018057236671004
-0.274464,-0.915128,4.364986,14.584815,50.05,70.0,4.352606390260576,14.565090650615764
-0.552399,-0.172653,0.313078,-0.133389,50.05,70.0,0.3007062296452911,-0.13328087399082836
0.220474,-0.490904,-0.505226,-1.258536,50.05,70.0,-0.5054158910032915,-1.274866128551287
-0.621937,-0.90045,0.607368,-0.793887,50.05,70.0,0.6220974701285155,-0.8137773691200711
0.138438,0.73238,-0.11071,-0.084208,50.05,70.0,-0.11888419689738958,-0.06719472771340594
-0.889437,-0.767115,0.923164,-0.739945,50.05,70.0,0.9337560578673657,-0.7418733791384541
-0.898104,-0.436571,0.876377,-0.526174,50.05,70.0,0.8666008437738104,-0.5326643954801211
0.552489,-0.325514,0.249442,-0.011637,50.05,70.0,0.2482789565054653,-0.005277624024025664
-0.908156,0.618601,-1.206462,-0.805017,50.05,70.0,-1.1910028134652042,-0.7856430900779146
0.830353,-0.263294,0.242816,0.05629,50.05,70.0,0.24837097775885048,0.06327398320553466
0.815663,0.847204,-0.523668,0.392416,50.05,70.0,-0.5051795947946065,0.37509203174179756
0.955416,-0.328384,7.656324,-3.015603,50.05,70.0,7.644541940875326,-2.998901290194081
0.856678,0.184229,0.120171,-0.051371,50.05,70.0,0.11509020021945644,-0.03487394912033441
0.332813,-0.410359,4.370261,-2.766499,50.05,70.0,4.351182091698586,-2.786303756242233
-0.911266,0.348394,-1.8006,0.267299,50.05,70.0,-1.781146464297785,0.24905174969194468
-0.541453,-0.196798,0.216928,0.011636,50.05,70.0,0.21809094366374712,0.02098062041775027
0.420082,0.315682,0.349519,0.137938,50.05,70.0,0.36224496130751077,0.13442041887522022
-0.331089,-0.618034,-0.167478,0.201075,50.05,70.0,-0.15059074119127552,0.21446308137534784
0.706188,0.899676,0.189154,-0.144308,50.05,70.0,0.1759431665912294,-0.13260562754405178
0.847906,0.759647,0.71109,0.50831,50.05,70.0,0.722383553528163,0.48999847141196706
-0.617888,-0.837647,-0.606308,-0.811383,50.05,70.0,-0.5904528178100412,-0.8312620063271451
-0.333196,-0.022619,0.339182,0.006125,50.05,70.0,0.3397944042614884,0.00362924962263167
-0.152151,0.789764,-1.390813,-1.728666,50.05,70.0,-1.4048991611301975,-1.7130004982849392
-0.438283,-0.2272,0.480122,-0.159834,50.05,70.0,0.46578644845392264,-0.17459011221727466
-0.550794,0.797485,-0.020381,-0.150235,50.05,70.0,-0.0340309604740546,-0.13033875645425214
-0.669317,0.7857,-0.568355,0.368418,50.05,70.0,-0.5490864994665839,0.34931019279416875
-0.748321,0.965707,0.989968,0.895678,50.05,70.0,0.9705130613111944,0.9003825187090225
0.632076,-0.697468,-0.684944,-0.394879,50.05,70.0,-0.7033370728720681,-0.41408272960349574
-0.343226,-0.594817,-0.488856,-0.997864,50.05,70.0,-0.46961801917740587,-1.013195413190223
0.902882,0.732584,0.684501,0.374722,50.05,70.0,0.7035910242270961,0.3555059418743572
0.535617,0.11511,0.320745,0.100721,50.05,70.0,0.33039672203154996,0.10006254554437459
0.659048,0.620663,0.546221,0.370892,50.05,70.0,0.5654217302782859,0.35255347338987664
-0.521403,0.783199,0.047806,-0.162295,50.05,70.0,0.0332999320739705,-0.14286363821204814
-0.772762,0.184644,0.207791,-0.021266,50.05,70.0,0.20566840498298591,-0.011123576138326796
-0.683561,-0.611244,-0.68588,-0.566513,50.05,70.0,-0.6919626498850276,-0.5856903713139061
0.829835,-0.965888,-0.870194,-0.939967,50.05,70.0,-0.8501955760035363,-0.9470390379482271
0.319835,-0.535653,0.221737,0.267228,50.05,70.0,0.24118888611587463,0.27614477951428135
-0.727978,0.879838,-0.587265,0.370717,50.05,70.0,-0.5680593792639848,0.35113687072060323
-0.562233,0.546872,-0.474204,0.174656,50.05,70.0,-0.4588752029433294,0.16030576184847273
-0.720026,0.516799,-0.539057,0.451785,50.05,70.0,-0.5236082833402399,0.43374405991897785
-0.154451,0.145313,0.918416,-1.203447,50.05,70.0,0.923672525681621,-1.2058473791992774
0.268295,-0.76113,15.999195,1.612935,50.05,70.0,16.018752722812522,1.6106472651860073
-0.314796,-0.777099,-7.449715,-2.067425,50.05,70.0,-7.433896159016147,-2.049420730712534
-0.69867,-0.544854,-0.300386,-0.023021,50.05,70.0,-0.30268301988426566,-0.021644761884114575
0.646445,0.799493,-0.188241,-0.089115,50.05,70.0,-0.1968605362048969,-0.0773387102087564
-0.91284,-0.109539,1.5053,0.023032,50.05,70.0,1.5075981126017945,0.029465190448990902
0.970421,-0.127485,3.601461,-0.020481,50.05,70.0,3.5994164777872375,-0.007165299937590696
-0.637,-0.065855,0.492411,0.101735,50.05,70.0,0.5021514086444122,0.08617773288341234
-0.821819,-0.306233,5.33354,-0.840872,50.05,70.0,5.351014100373642,-0.8401554023040879
-0.859763,-0.040045,3.907784,0.377198,50.05,70.0,3.9267987271586717,0.3926310129345949
0.958188,0.267455,0.520701,1.212076,50.05,70.0,0.516281670941887,1.194902193629336
-0.87713,0.079771,12.273422,0.485018,50.05,70.0,12.286557026393167,0.4871350912952945
0.705945,0.825487,0.55544,0.477537,50.05,70.0,0.569129854703191,0.4588501923852196
-0.041543,-0.214139,2.87655,1.457882,50.05,70.0,2.8934463575374303,1.4530195613864763
0.965637,-0.543961,0.087638,0.110864,50.05,70.0,0.09816530492238341,0.12897442262405448
-0.354741,-0.132571,-0.342848,-0.010133,50.05,70.0,-0.3438608665418774,-0.0129920452157167
-0.115541,0.101185,3.411868,-2.829487,50.05,70.0,3.3918690543210612,-2.833840263406922
0.611491,-0.670683,0.441642,-0.06055,50.05,70.0,0.4356790747747995,-0.07245237929159254
-0.170435,-0.494671,-2.878913,-0.700013,50.05,70.0,-2.8718961180673355,-0.7051043038928929
0.057961,0.155421,3.133255,-0.509203,50.05,70.0,3.1220352591218186,-0.5291856233999558
0.162634,-0.611461,2.037404,1.258928,50.05,70.0,2.037633088846541,1.244462207973042
-0.828116,-0.149613,-1.127286,0.076968,50.05,70.0,-1.119777783116165,0.09292886496990466
-0.540495,-0.103513,-0.446356,-0.128194,50.05,70.0,-0.45831546386349914,-0.1404718729881718
0.258463,-0.016341,0.23968,0.003164,50.05,70.0,0.23999638680246727,0.01044097105120245
-0.651316,-0.675416,0.789892,-0.597015,50.05,70.0,0.7867744123965542,-0.6108358303486321
0.291442,0.273551,0.702489,0.03794,50.05,70.0,0.7062602857042347,0.019299624292744694
-0.423445,-0.833996,-0.580298,-0.637257,50.05,70.0,-0.5794044506045902,-0.6566832713741261
-0.962893,0.649275,0.579391,-0.169592,50.05,70.0,0.564392350456144,-0.1889965030139444
0.358524,-0.291061,19.017145,6.978893,50.05,70.0,19.010532876203328,6.992272827308615
0.133005,-0.58471,-2.287086,9.648646,50.05,70.0,-2.3050822556263584,9.657162178324377
0.77227,-0.460216,0.550255,-0.329555,50.05,70.0,0.5303142279053038,-0.3480507648996212
-0.84747,0.565976,-0.389717,0.014317,50.05,70.0,-0.38828652245690304,0.006939680335987849
0.35527,-0.979883,-0.291503,-0.109632,50.05,70.0,-0.30192535399781023,-0.10737121602470401
-0.887621,-0.253353,15.850775,24.894876,50.05,70.0,15.832212633777932,24.87976179869399
-0.10818,-0.182184,-1.511565,0.119285,50.05,70.0,-1.5003312340676251,0.12512192650530762
0.032837,-0.109602,0.039116,0.068008,50.05,70.0,0.04578649604121272,0.08762670239906774
-0.074133,0.050083,-0.073861,-0.046412,50.05,70.0,-0.07846065582335518,-0.02776043113715363
-0.256932,-0.264362,0.388316,0.309605,50.05,70.0,0.4083108148908201,0.302358080783852
0.866073,0.087004,-0.311656,0.074919,50.05,70.0,-0.30433808713058896,0.07516931999998851
0.283489,0.601653,-3.853218,0.128927,50.05,70.0,-3.841199865458835,0.14721693437867162
-0.015913,0.545406,0.523446,2.197525,50.05,70.0,0.5034466319084001,2.1802121357568245
0.634596,-0.345744,0.512133,-0.196008,50.05,70.0,0.49552260698541123,-0.21272707827421178
-0.914939,0.624183,0.053735,0.022404,50.05,70.0,0.05597071733640005,0.0416864693881215
0.647874,0.819857,0.698001,0.702872,50.05,70.0,0.6907171176651408,0.6840736813671641
-0.658059,0.009918,-0.43444,0.065097,50.05,70.0,-0.4280446328222682,0.053780991635090786
0.692015,0.701357,0.681676,0.665828,50.05,70.0,0.6779470037372435,0.6465355432600992
-0.298608,-0.705643,-10.083161,-2.661351,50.05,70.0,-10.096652434370352,-2.6415765434730836
0.254875,-0.307888,-13.858228,11.018735,50.05,70.0,-13.878094045150034,11.038425682804842
-0.680643,0.429099,0.556355,0.469379,50.05,70.0,0.5706280368744959,0.4506597791187992
-0.128149,0.207199,1.367988,-4.911467,50.05,70.0,1.3788715129963087,-4.894487509825603
0.392472,0.284661,0.163147,0.029604,50.05,70.0,0.16609660148179917,0.04331066659856615
0.291922,0.326823,-12.799746,-11.819252,50.05,70.0,-12.81093961344909,-11.811391493056586
0.908252,0.997701,0.816618,0.619523,50.05,70.0,0.8174972695849511,0.6077514365981126
0.353655,-0.125566,0.566076,-0.008901,50.05,70.0,0.5651861938070084,-0.027940258786178944
-0.390418,0.242666,-0.178316,-0.104737,50.05,70.0,-0.1883174934132709,-0.09217333063816976
0.495745,-0.017476,-1.257741,0.044425,50.05,70.0,-1.2533349417824284,0.0644246953306852
0.28465,0.109505,-2.710782,0.171537,50.05,70.0,-2.6956553971843586,0.1825519066995803
0.444057,-0.740597,0.308489,-0.159782,50.05,70.0,0.29415707490817267,-0.1592150494234897
0.780426,0.614885,-0.72572,0.608511,50.05,70.0,-0.7237424833624072,0.5908362534862256
0.373719,-0.906333,4.979323,13.090371,50.05,70.0,4.989288199412128,13.109816029803333
-0.736154,-0.544882,0.643799,-0.595724,50.05,70.0,0.6405539563380133,-0.6156641186730272
0.160506,-0.381772,0.483722,2.363995,50.05,70.0,0.47014205901803213,2.3489982865622996
-0.447296,0.303769,-0.519172,0.193647,50.05,70.0,-0.5026942664933595,0.17655205519137326
-0.54735,0.696636,0.488028,0.35138,50.05,70.0,0.5076826527031328,0.3361018888901629
0.362779,-0.776125,0.593332,0.123463,50.05,70.0,0.6049089561020299,0.10376823475540307
-0.335657,0.611858,-0.207122,-0.07294,50.05,70.0,-0.21425538082580095,-0.06273997356652074
-0.503755,-0.602587,0.720352,-0.11495,50.05,70.0,0.7094795004876923,-0.13286956383713916
0.319848,-0.314887,-7.02534,4.787016,50.05,70.0,-7.0439637813154725,4.770169144929469
-0.31005,0.994767,-0.076661,-0.559837,50.05,70.0,-0.08337611900049587,-0.5412883265250412
-0.959312,0.845105,0.852925,0.839674,50.05,70.0,0.8355094902043182,0.8310149793792151
-0.319298,-0.448667,0.19693,-0.095417,50.05,70.0,0.18774616745832168,-0.08435390548377471
-0.738517,-0.261672,1.379748,-0.403746,50.05,70.0,1.3617211207934126,-0.3874169342697372
0.085504,-0.934528,7.081013,10.419475,50.05,70.0,7.100335151635723,10.406238501180933
-0.617773,-0.906616,0.563435,-0.704254,50.05,70.0,0.570847416262648,-0.7232107302808474
0.511424,-0.499052,0.670265,-0.331775,50.05,70.0,0.6503425283861383,-0.35133673349463396
