init_x,init_y,final_x,final_y,time_delay,true_h0,corrected_x,corrected_y
0.860926,-0.424852,0.718492,-0.431794,165.142599,70.0,0.701852892204184,-0.44979538995813684
-0.48364,-0.535727,0.667523,-0.418572,176.502575,70.0,0.6501871613146339,-0.43818898120742034
0.042719,-0.023621,0.000178,-0.024732,339.833391,70.0,-0.0022889015395213983,-0.004732007920999478
0.998599,-0.546649,-0.931302,-0.36408,144.397689,70.0,-0.9506822079686074,-0.3651969980988009
0.464459,0.159484,0.317153,0.06092,247.045612,70.0,0.3231512322482991,0.0606206377154345
0.453591,-0.493495,-0.532533,-0.062896,190.550691,70.0,-0.5387194403049133,-0.08064579199872002
-0.176762,-0.843681,7.021388,-2.943541,62.518285,70.0,7.004664646805572,-2.9605975422799364
0.246888,-0.545492,-0.856092,-0.672312,150.538306,70.0,-0.8517280448718092,-0.6806844680572531
-0.087514,-0.855398,18.588149,32.436147,69.975816,70.0,18.569641050653793,32.44136128024095
-0.679495,-0.269274,0.256084,0.062139,198.262301,70.0,0.26219840869091515,0.06786525635388366
0.311104,0.720956,-22.847731,-7.13572,76.99402,70.0,-22.82971958386948,-7.127392095490936
-0.892674,0.828584,-0.686317,0.593969,130.689603,70.0,-0.6828989089884011,0.5748040787190867
0.00602,-0.829331,-3.237981,-0.010267,79.238364,70.0,-3.239007249118704,-0.027988931995775346
-0.561065,0.172667,0.362669,0.054839,222.581963,70.0,0.36808444193542206,0.0500354505041931
0.014411,0.203002,-0.018261,-0.247786,348.377679,70.0,-0.03716971852155011,-0.22786930813054998
-0.151133,-0.091791,-0.045151,-0.060337,373.386467,70.0,-0.05109359056719399,-0.04084449232093911
-0.728109,0.67072,-0.602867,0.442166,148.676266,70.0,-0.5868254870411006,0.4223277266701098
0.792459,0.854997,-0.465395,0.213716,134.585667,70.0,-0.44786464312589636,0.19999306826825863
-0.058164,0.439764,3.229419,5.365721,215.606625,70.0,3.249262785126986,5.34761857696564
-0.888139,-0.950328,0.850911,-0.889958,125.726287,70.0,0.8702253713548032,-0.8987981239955004
-0.159876,0.95958,22.890971,-9.632431,64.708983,70.0,22.908201494742254,-9.628197727171786
-0.339762,-0.374504,-18.769442,-2.334592,79.633409,70.0,-18.753857721889943,-2.316175219421789
-0.280348,0.190761,3.968173,-1.21353,130.185297,70.0,3.9724504076037235,-1.2025781006569713
0.115095,0.397616,-1.591044,-0.107334,228.327763,70.0,-1.6012695395284826,-0.10935531038271284
0.732388,-0.761585,-0.062689,0.149346,142.139615,70.0,-0.04910415005316348,0.16837153987616368
0.034192,0.670439,2.860006,-4.357793,174.440315,70.0,2.8559898219105877,-4.361035880791714
0.071984,-0.161921,-0.00629,-0.007925,365.466148,70.0,-0.007082292626873365,0.012065109790242919
0.591754,-0.387306,-0.46696,-0.24241,190.792406,70.0,-0.48568675449713133,-0.2562463584476184
0.552616,-0.183562,-0.627387,-0.136471,228.148647,70.0,-0.6399994492485678,-0.15647078306302256
0.879854,-0.294399,-0.118913,0.707456,135.933014,70.0,-0.12662185032466147,0.7240238448357381
0.033058,-0.39469,3.838261,0.980533,102.128588,70.0,3.81862195862099,0.999376398573261
0.441614,0.205948,0.418484,0.159641,246.896631,70.0,0.43280608694716993,0.1496752292598504
-0.633413,0.229151,0.497466,0.123507,204.264366,70.0,0.5090465437384808,0.10763706252279517
-0.65279,0.566804,-0.603307,0.398863,164.899794,70.0,-0.5850740297001292,0.3790191904473121
0.283186,-0.490574,-26.366446,1.048903,79.261076,70.0,-26.38368060695198,1.0687716714957411
0.922231,-0.05748,-1.489072,-0.012606,119.551608,70.0,-1.4903317654845174,-0.004659103569124261
-0.07374,0.651234,6.566086,0.812659,142.297828,70.0,6.550153364350254,0.8157721466632167
-0.709523,-0.955357,-0.553807,-0.484291,130.293137,70.0,-0.5669967630896283,-0.5029189882031176
-0.680156,0.6134,-0.682526,0.547054,156.933917,70.0,-0.6746213186109858,0.5277841263006744
-0.590802,0.383199,0.066842,-0.089052,192.028969,70.0,0.05822814910956417,-0.0701586051490679
0.429529,-0.901091,1.455387,-0.505742,140.062434,70.0,1.4438824432409032,-0.49483097660042036
-0.642323,0.481515,0.047352,-0.110707,174.61421,70.0,0.03683804737931312,-0.09126493936680227
0.824082,0.345362,-0.562876,0.293266,151.980922,70.0,-0.5429850329219144,0.2743271622502049
0.494498,-0.964064,13.269619,-1.021361,94.889551,70.0,13.288083422547967,-1.0399737205150723
0.97001,0.957918,0.614819,0.413477,121.226903,70.0,0.6324032585925821,0.3935225420379215
-0.272825,0.631986,-0.659847,0.072443,91.365275,70.0,-0.6527600724224708,0.05269099687191591
-0.213373,-0.160487,0.211399,0.173819,329.737499,70.0,0.2266739011215536,0.18364882597755633
0.699116,0.041529,-3.263269,-0.166179,91.106418,70.0,-3.2780397017856777,-0.18259047994494565
-0.019165,-0.107101,-0.032551,-0.324204,362.596772,70.0,-0.05252578112820982,-0.30446830768531735
-0.050694,-0.005692,-0.04704,-0.006212,334.439075,70.0,-0.047661100123767716,0.013237355065711286
0.341223,0.942197,-2.34835,9.298971,154.961662,70.0,-2.336582708428079,9.312547711873295
-0.501194,0.431299,0.633458,0.296506,190.7488,70.0,0.6533801411247532,0.2765126031727442
0.844825,0.975207,-0.815042,0.813999,125.704374,70.0,-0.8310552757323236,0.8021003931957429
0.297741,0.139987,-0.069996,0.08248,243.44298,70.0,-0.06197981464296354,0.10126759141231306
0.767611,-0.757249,0.633414,-0.493444,139.923742,70.0,0.6209258515982357,-0.5134375093992951
0.920121,0.465353,-0.409921,0.173582,153.439848,70.0,-0.39466140837618185,0.1643675570543843
-0.813527,-0.942436,0.703201,-0.498756,125.999852,70.0,0.691132127033325,-0.517370454051945
0.482964,-0.825563,-0.389864,-10.805914,128.286784,70.0,-0.378202722269984,-10.813304981064158
0.759443,-0.043239,1.0772,-0.046727,160.780046,70.0,1.0725696942614134,-0.034250753447231434
-0.718308,-0.60335,-0.673948,-0.575038,156.933521,70.0,-0.6792132540104304,-0.5945197417434339
-0.508557,0.676585,-0.401365,0.42121,157.242454,70.0,-0.38416221462827216,0.41276313897692896
-0.639398,-0.361373,0.50769,-0.235747,190.620766,70.0,0.4892075319431003,-0.25221814133037185
0.409898,-0.850144,1.263627,-0.458555,139.899726,70.0,1.2486170089700956,-0.43856721356698647
-0.372896,0.743432,5.729641,1.732105,97.879594,70.0,5.7434809580890205,1.713486589850107
0.860969,0.310577,0.475661,-0.246628,237.515906,70.0,0.45679032679214454,-0.26107934325014526
-0.140764,0.185189,6.309584,-0.101381,227.906929,70.0,6.299874524623701,-0.08155496994613179
0.478315,-0.951856,1.098396,-0.56916,109.047515,70.0,1.0925660365727763,-0.5551002277860149
0.15542,0.141847,0.372041,0.277907,248.686013,70.0,0.3917133419085864,0.2721992892027172
0.024174,0.284148,-0.928362,-20.46849,122.611051,70.0,-0.9477854804961,-20.469900407960882
-0.324363,0.429722,0.932602,-1.020167,124.309444,70.0,0.9511119749639738,-1.0211541783234086
0.340888,-0.692038,1.081769,0.91993,144.856264,70.0,1.0618959662122747,0.9327600612317039
0.918971,-0.86257,0.766158,-0.500134,130.357831,70.0,0.7541992951281073,-0.5155691337071582
0.780253,-0.290075,0.217316,-0.115288,187.809971,70.0,0.20641514673332642,-0.10597770159385321
0.703667,0.532596,0.613326,0.505665,164.954475,70.0,0.6248368544542284,0.48572116768455253
-0.657521,-0.956996,-0.780828,-0.843135,130.613179,70.0,-0.7632449355450381,-0.8575965747869816
-0.234439,-0.21424,-3.196522,0.421895,129.70923,70.0,-3.179354254518209,0.40264457867197556
-0.737444,-0.218963,0.012426,-1.327457,158.9766,70.0,0.005491078907723459,-1.3074955889533837
-0.117693,-0.070478,0.092258,0.039028,381.509067,70.0,0.09613607759473597,0.056937581181319974
-0.52854,0.830566,1.00901,0.616594,135.464283,70.0,1.0101817816421093,0.6231251863075825
-0.673354,0.936009,-0.865796,0.813078,130.622506,70.0,-0.8817539277457512,0.8055963178490139
-0.502716,0.853629,0.101818,0.645761,135.883066,70.0,0.10007596335282012,0.6632247677503853
0.937883,0.997528,0.856292,0.951617,120.805821,70.0,0.8363128776287806,0.9432626993244226
-0.544403,0.220711,-0.467209,0.290464,225.356709,70.0,-0.44734920228752545,0.27660967268776393
-0.507595,0.850716,-9.561171,-4.649687,117.420125,70.0,-9.542145860397984,-4.665213710328471
-0.015666,0.709582,3.322699,-19.601728,61.725247,70.0,3.334307780662596,-19.614073346503414
-0.054467,0.578037,11.593258,-19.222467,62.487605,70.0,11.574114756107257,-19.21941548351587
-0.939246,0.088193,0.442406,-0.024021,211.040449,70.0,0.44000967096928845,-0.03598469021410406
0.262144,-0.151193,-0.459429,-0.402564,243.624266,70.0,-0.4775067569786576,-0.41584688640753775
0.891846,-0.751429,-0.647371,-0.466229,135.436446,70.0,-0.6618629151647439,-0.48613831946120417
0.741159,0.651727,-0.173819,-0.087581,151.231502,70.0,-0.18229986153977895,-0.07467063998461854
-0.429522,-0.973937,0.219942,-0.458622,114.405476,70.0,0.2049364376476798,-0.4495449089503469
-0.962276,-0.97573,-0.780979,-0.80446,120.878885,70.0,-0.7655552125475867,-0.8189111401054366
0.901225,0.881885,0.492904,0.136234,129.757702,70.0,0.5054980470702902,0.12064579841046218
-0.154211,0.172496,0.663124,-3.111838,238.890592,70.0,0.660159498736744,-3.1315359083996115
-0.858211,0.04709,0.185714,0.021091,210.841627,70.0,0.18781919304160935,0.03307059374313655
-0.551013,-0.870813,-0.760334,2.527393,139.916544,70.0,-0.7589232847012408,2.5115941038650633
0.254002,-0.984867,1.650479,0.075293,99.048161,70.0,1.6578317065842594,0.06753387067812108
-0.651655,-0.366141,-0.446106,-0.297569,187.311721,70.0,-0.4660372302206944,-0.30982712868265466
0.271852,-0.979534,4.251621,-9.429918,87.359245,70.0,4.252134947341658,-9.444780825724811
0.975331,0.386803,-4.35619,-5.806616,191.210499,70.0,-4.342429759105395,-5.826175790009803
0.995625,-0.526156,0.439721,0.018571,148.027448,70.0,0.4415754324817405,0.006823546149620571
0.887865,0.347734,0.696181,0.196534,191.556326,70.0,0.7128206331732034,0.17767432467585317
0.365123,0.617701,-1.265387,0.493661,140.098438,70.0,-1.2529158087900827,0.5136418626965301
-0.299021,0.355388,3.323266,10.899358,164.507375,70.0,3.305536099625252,10.887057311970675
-0.989621,-0.565021,-0.827596,-1.033181,128.213609,70.0,-0.8096177561536269,-1.0440477743323777
-0.308708,-0.462332,14.675782,0.912995,91.727442,70.0,14.65599891557506,0.9043223996588647
-0.408176,-0.208161,-0.357505,0.414975,240.190918,70.0,-0.3399926030464277,0.41067428036799675
-0.569609,0.581096,0.258588,-0.030246,167.876961,70.0,0.2555749158489932,-0.024760103472457176
0.48468,0.015891,0.115917,-0.027137,273.673173,70.0,0.11321161906420855,-0.010403199843749232
-0.919052,-0.511677,0.604959,-0.382258,152.788792,70.0,0.5861072016597499,-0.40212173809045587
0.236451,0.04034,0.218994,0.037333,348.151289,70.0,0.22270565733317288,0.04649446274721445
0.002368,-0.197348,0.344796,-0.147633,274.412722,70.0,0.3313373662531176,-0.15068470587615246
-0.823925,0.298746,-0.574368,0.550296,179.990063,70.0,-0.5667621478592737,0.531019263161066
-0.978925,-0.800253,-0.875591,-0.844904,130.64589,70.0,-0.857924324651874,-0.8514686912495412
0.14246,0.322173,0.076709,0.052254,370.495151,70.0,0.0818751531902376,0.07080087779993591
0.758089,-0.796576,0.63673,-0.526453,139.638509,70.0,0.6269781930009962,-0.5464353144032469
-0.057492,-0.265987,-0.360442,-0.905387,137.342597,70.0,-0.34078494717551283,-0.909974074827335
-0.442994,0.601342,0.036635,-0.11409,167.166475,70.0,0.025834783009554763,-0.09442459368056
0.762803,0.425424,-0.502891,0.205943,169.185688,70.0,-0.48574795537994564,0.18974878935401768
0.099947,-0.194755,0.087301,-0.325344,245.555477,70.0,0.06733226642227327,-0.3072193041431353
0.750294,0.192616,0.37216,0.189255,224.868845,70.0,0.3883848619394853,0.183535885101416
-0.697387,-0.987354,0.957577,-0.553089,126.01558,70.0,0.9502301962389222,-0.5515805135350255
-0.462248,0.99132,20.992366,-15.553293,94.661442,70.0,20.978395254252526,-15.558849397498763
-0.883961,-0.737105,-0.503545,-0.194725,139.24336,70.0,-0.520083589997999,-0.21095750264496932
-0.519613,0.85654,-1.469797,1.042642,114.451489,70.0,-1.4873407729677177,1.0523180898892321
-0.140328,-0.49487,-0.870365,0.715067,137.412395,70.0,-0.8787703908006467,0.7080109599065372
0.719263,0.66115,-0.397435,0.104705,152.102175,70.0,-0.3874362778580591,0.09661597613685893
-0.045393,-0.923139,11.271843,47.590045,77.356803,70.0,11.257345999451864,47.60968714876687
0.799473,0.737336,0.577496,0.351609,140.065245,70.0,0.5971464026042971,0.3322512651248812
0.414406,0.92373,-11.255912,-25.710802,94.535933,70.0,-11.260885049700768,-25.691521830001225
-0.871082,-0.266978,1.09542,1.300403,117.067607,70.0,1.099761747482088,1.3142495700859675
0.896435,0.377926,-0.186303,-0.097296,151.382284,70.0,-0.19565334334608125,-0.08536362315080372
-0.201348,-0.050511,0.160575,-0.042325,358.273813,70.0,0.15637402151698163,-0.028432171318584335
-0.943108,-0.817672,-0.899615,-0.830879,130.588655,70.0,-0.8826486204898828,-0.8351325430636029
-0.605543,0.63383,0.26463,-0.050283,159.895697,70.0,0.2596545055561084,-0.04538054454252208
0.775574,-0.922218,0.733731,-0.736903,130.50495,70.0,0.7440638062916883,-0.7541887685457209
0.286245,0.923287,-1.507162,-1.188615,110.922266,70.0,-1.5004901783456015,-1.1823583902798238
-0.307666,-0.947121,-0.822632,0.835063,132.319842,70.0,-0.839816187590819,0.8237828808864415
-0.258294,0.857173,9.406468,13.398559,112.101727,70.0,9.389432654518938,13.378642755142776
0.500732,-0.193523,0.110075,0.055154,235.487702,70.0,0.11552075847569943,0.07220056908820242
-0.549257,0.643819,0.705746,0.544438,161.029098,70.0,0.7138902989988443,0.5259181276722185
0.666816,-0.817122,0.669394,-0.817102,139.825385,70.0,0.6855912460454726,-0.836681681989598
0.635552,-0.281291,-0.471067,-0.346552,197.556139,70.0,-0.49080525062607067,-0.36068197537479724
0.338231,0.642153,-0.344982,0.073804,168.487027,70.0,-0.337767968446704,0.07073391324652355
0.660561,0.047973,8.2074,-0.055827,119.046365,70.0,8.20188951535349,-0.07544291642335564
0.281554,0.071428,-0.396999,0.149936,297.135421,70.0,-0.38337090830621223,0.14188687012426082
0.483048,0.579755,-0.570415,0.394128,176.482552,70.0,-0.5519925628146102,0.37496036615869915
-0.052243,-0.040375,-0.058779,0.012354,361.475293,70.0,-0.05754438546836011,0.03149645651300825
-0.58332,0.147334,1.363537,0.172957,203.350769,70.0,1.378756115768335,0.19016747197461686
0.240858,0.101961,-0.167947,0.039002,313.918318,70.0,-0.16407147309141143,0.05235520265659005
-0.333108,-0.540148,-7.424545,-0.92657,90.575362,70.0,-7.404608231147738,-0.909801254357513
-0.264321,-0.450106,0.734556,-0.219348,112.404352,70.0,0.7167615219273735,-0.23659212438537824
-0.930294,0.542911,-0.836497,0.452673,148.778336,70.0,-0.8211048316715944,0.44256399015056946
0.69828,-0.011312,-1.62639,0.029288,134.997792,70.0,-1.6234716566417438,0.023799948666127488
-0.114648,-0.889107,-10.779261,15.326255,80.341674,70.0,-10.760390914459435,15.308601099377658
0.780028,-0.070775,2.419524,-0.003627,108.446777,70.0,2.4191613198803616,0.014215668436337562
0.481273,0.758393,-0.565855,0.514821,153.050221,70.0,-0.5551046959796063,0.49578852014925123
0.30595,0.108093,4.492233,-5.56623,193.193777,70.0,4.483656641517642,-5.584061216989521
0.713503,-0.151084,-0.325537,0.074537,236.885472,70.0,-0.31825465151205234,0.07339984013665128
0.726049,0.707676,0.368169,0.052419,147.681485,70.0,0.3733510914649815,0.047083433076172604
-0.084321,0.813945,-9.997955,8.724099,71.529238,70.0,-10.005034205740303,8.743343656977988
-0.034227,0.738889,8.154027,-38.635448,70.845139,70.0,8.17401757080813,-38.65539822012541
0.508069,-0.882956,0.273343,0.001558,130.885469,70.0,0.27349879842424096,0.005611352740746837
0.165489,-0.621636,1.946534,0.401406,104.461248,70.0,1.9646609893921108,0.38234650989596397
0.159673,-0.367713,0.040572,-0.101634,350.2972,70.0,0.030840413842056262,-0.0820441124788758
-0.157765,0.436058,-4.852748,-19.777447,74.682422,70.0,-4.83280116950768,-19.764535207694326
0.8247,0.725898,0.653681,0.445249,139.95304,70.0,0.669536490697148,0.42540959831876024
0.165953,-0.82255,-7.880248,-2.929967,62.375878,70.0,-7.89767677834477,-2.932586092385241
-0.592913,0.914329,0.678746,0.656678,135.304404,70.0,0.6759195470108327,0.6373103715793403
-0.880202,0.44688,-0.868486,0.43306,157.126182,70.0,-0.8519174681532273,0.4258284562409663
0.719304,-0.65542,-0.599603,-0.407555,152.64662,70.0,-0.6174616506856557,-0.42734920846344904
0.360419,-0.443984,4.1543,7.218017,112.538432,70.0,4.134314613943678,7.211137485040804
-0.036407,0.103576,-0.056678,0.032565,379.206129,70.0,-0.0534358703149755,0.05176726144378424
0.806393,-0.952204,-0.808213,-0.690828,125.848885,70.0,-0.8020633286487563,-0.7032684641394708
0.311454,0.612365,0.158123,-0.138523,271.115463,70.0,0.14535196376276752,-0.12445483369377411
0.01888,-0.686659,-4.835649,39.238947,70.772325,70.0,-4.8158881702970495,39.25050739839941
-0.686073,-0.832627,-0.454578,-0.261476,139.279978,70.0,-0.47388812138324593,-0.27439235207416635
0.031872,-0.333853,-1.546617,19.457254,120.404057,70.0,-1.5445586061160932,19.459666046900026
0.93414,0.082645,0.131061,-0.061059,209.117091,70.0,0.1250495090602064,-0.045201758047026336
-0.988013,0.466069,-0.876394,0.338828,148.605159,70.0,-0.8565459438353984,0.332339212537474
-0.782206,-0.531479,0.00372,0.132915,158.901548,70.0,0.01605449274752646,0.15291154049973912
-0.567332,0.84924,-0.602808,-0.026426,139.370482,70.0,-0.6054429174757567,-0.04626352367141916
-0.821828,-0.465281,0.495538,-0.065706,161.56993,70.0,0.4890849600692298,-0.08145786877652618
0.029306,0.548597,1.110328,-4.317238,69.407025,70.0,1.1024483862733185,-4.302355140108165
0.270207,-0.628343,0.082782,-0.22887,163.354745,70.0,0.06457317140631803,-0.21055889492386134
-0.565714,0.03908,-0.551251,-0.193378,246.215662,70.0,-0.5677134729089052,-0.21191143141905544
0.817169,0.163927,-3.174626,-0.022902,102.364997,70.0,-3.17691119822387,-0.042629819110148695
-0.870574,0.256642,0.979406,-0.319508,150.784386,70.0,0.9594131518142873,-0.31583612666300137
-0.613876,0.578275,-0.723929,0.508167,164.968924,70.0,-0.712623647404735,0.49040914748525916
-0.929171,-0.579918,-2.154199,-1.774525,151.21273,70.0,-2.1646894293594743,-1.7789789246879186
-0.68287,-0.996599,1.07039,-0.627431,126.003472,70.0,1.0703012472195028,-0.6154941344094312
0.168951,-0.443538,2.472393,15.530145,163.330849,70.0,2.48792299010226,15.549728636179216
-0.538385,-0.644644,0.74248,-0.500593,161.047425,70.0,0.7305581174777084,-0.5174223006166648
-0.537099,0.972085,-2.457234,-0.221932,130.423166,70.0,-2.475144948979918,-0.20271200043879148
-0.167812,-0.41501,0.472931,0.445075,172.723574,70.0,0.48879709025632373,0.43081372227215764
0.925266,0.939877,-0.791299,0.801671,125.683016,70.0,-0.8065437441937963,0.7879522108959317
0.518353,-0.042443,0.389796,-0.106566,255.812423,70.0,0.3796365388485302,-0.11395066200076469
0.663202,0.443741,-0.502771,0.347755,176.473585,70.0,-0.4830525054787926,0.33156783422246927
-0.039879,-0.245153,-1.936477,-0.894515,238.608314,70.0,-1.917049356492057,-0.9138550478864644
-0.282405,-0.382507,13.913522,5.202447,72.354026,70.0,13.92893032471896,5.220433511192815
-0.799388,0.685028,0.703664,0.513206,144.303141,70.0,0.7145501375827372,0.49460852891001417
-0.736789,0.787526,-0.736181,0.786272,139.785889,70.0,-0.7503847900210969,0.7691107594798998
-0.053943,-0.615294,-1.712486,0.913284,235.442767,70.0,-1.732273308620586,0.9002708742644988
0.746089,-0.489375,0.603685,-0.574579,164.998655,70.0,0.5983754790545177,-0.5944274889750715
-0.925009,-0.620692,-0.168636,3.875193,153.884714,70.0,-0.15858736367962425,3.8884948297977613
0.030016,0.485235,-0.62763,-1.389188,96.552857,70.0,-0.639935814177673,-1.4091878814814798
-0.662997,-0.991827,0.858707,-0.386173,126.174518,70.0,0.8399895474065914,-0.39430727535368404
0.359793,-0.960229,1.86241,-0.001802,105.79947,70.0,1.862229802438099,-0.021675058580721884
-0.573108,-0.234225,0.423724,-0.263769,216.51286,70.0,0.4043554437721934,-0.2741856124121531
-0.623972,0.907489,0.566229,0.613173,135.197367,70.0,0.5677421059079006,0.5941290617224853
0.16654,-0.956175,-21.831038,5.383921,64.093469,70.0,-21.811503037977754,5.3699948001164834
-0.427988,0.808596,-0.458844,0.282045,149.20157,70.0,-0.4391012780100465,0.2688059052084836
0.077808,-0.273138,-1.21292,-0.434513,207.56391,70.0,-1.2294067131301614,-0.4149888959890047
-0.630778,0.516368,-0.391804,0.144212,172.2363,70.0,-0.3786003756909429,0.13664110249139616
0.596656,0.004405,-2.024981,0.021235,193.718985,70.0,-2.022861487500569,0.005939793196130224
0.040404,-0.93442,-3.095511,-1.755714,90.330983,70.0,-3.10755426561647,-1.7751854647589067
-0.788829,0.159096,2.382853,-0.218946,117.373732,70.0,2.3650769091222266,-0.20304984508915686
-0.080832,-0.549723,2.281086,-1.216763,79.916694,70.0,2.2850470430112155,-1.2087934601058818
0.805209,-0.846427,-0.558719,-0.356784,134.841955,70.0,-0.5782664996739235,-0.37558514858853415
0.093959,-0.825178,-0.043642,0.239712,105.716432,70.0,-0.0250116735071369,0.25923773033422454
-0.766663,0.699735,0.599035,0.399545,144.412311,70.0,0.6172398361394388,0.37975899857192286
0.448158,0.199275,0.456023,0.187513,246.935833,70.0,0.47214539147775403,0.17448666144994926
-0.777442,-0.474076,-0.629414,-0.50623,165.041706,70.0,-0.6408786044820329,-0.526229699987513
0.196689,-0.256226,-0.789502,9.795689,148.099207,70.0,-0.8087021973312389,9.781840006158463
-0.396158,-0.233551,-0.295952,0.124641,250.363789,70.0,-0.2842791869535222,0.12645921266506724
0.710583,0.772243,0.047957,-0.151237,141.775067,70.0,0.03423397621831065,-0.13180921883067465
-0.91438,0.014684,0.239014,0.018641,260.800078,70.0,0.24087540221251189,0.025979965700632584
0.789129,0.888114,0.811838,0.780951,130.582112,70.0,0.7980137964181498,0.7687964007745768
0.53733,0.910796,-0.250384,0.503279,135.600034,70.0,-0.23867884897435604,0.5095489946368715
-0.252432,-0.6277,-13.198025,-26.491229,82.649607,70.0,-13.20777551300258,-26.511226218082477
0.247385,-0.195915,0.34577,-0.084218,314.064527,70.0,0.33759489044845287,-0.08736592878299083
-0.735158,0.193796,1.186569,0.520136,158.501428,70.0,1.1968673713666034,0.5389211193574
-0.868952,-0.476506,-0.69704,-0.272318,157.208829,70.0,-0.7166039211140883,-0.29114891061341275
-0.643044,0.363854,0.385536,0.067209,190.304408,70.0,0.39213111797911576,0.06022188065812086
-0.711754,-0.442257,-0.538656,-0.467751,172.699189,70.0,-0.5530426042473547,-0.4857745951537743
0.99144,-0.870956,-0.507438,-1.004477,125.878261,70.0,-0.48839130431742206,-1.0209338339770595
-0.165692,-0.785902,1.005849,0.810249,128.058259,70.0,0.9900631935785936,0.8164806126662951
-0.660329,-0.144728,0.621114,-0.409414,203.670543,70.0,0.6033398099853944,-0.4294010250874292
-0.440473,0.970911,-6.47247,-3.02105,127.754551,70.0,-6.483807594978416,-3.009358228546258
0.097247,0.424559,-6.607115,29.60825,83.650997,70.0,-6.614652038305201,29.60727334583134
-0.43276,0.60182,-0.499102,0.4419,187.341456,70.0,-0.4830446151165239,0.42593103181810804
0.783563,-0.650851,0.75982,-0.654591,148.569083,70.0,0.7624396974537713,-0.6704213612720005
-0.852866,-0.110855,-0.685087,-0.156533,171.670685,70.0,-0.6991904300822745,-0.17573272984933205
0.860349,-0.112786,-4.171796,0.256357,95.805637,70.0,-4.1526254775912,0.24786304959084934
0.413005,-0.628648,-0.503602,1.416436,166.405583,70.0,-0.48926889351469455,1.4002001681962593
0.307716,-0.21059,2.129779,-3.32424,234.832417,70.0,2.145608722623429,-3.331035530719026
0.618129,0.898813,-0.727833,0.812867,135.338445,70.0,-0.7437781999008212,0.7952921229227804
0.343766,-0.330852,-0.217647,0.179003,153.919825,70.0,-0.20204263072270356,0.18828399084388003
-0.625192,0.391867,-0.573272,0.395233,187.21484,70.0,-0.5548928585890471,0.375985760095756
0.111742,0.054911,-0.118246,0.058411,381.027141,70.0,-0.11248758377816923,0.0750161145329907
0.883295,-0.458125,0.915428,-0.399391,157.121567,70.0,0.8972167924705242,-0.40208774043655443
0.290564,-0.489673,-0.033664,-0.386496,176.863924,70.0,-0.05237004765503482,-0.36677864795469206
0.059118,-0.399886,0.14278,0.203831,155.307604,70.0,0.15981330947119973,0.21894727926786237
-0.887346,0.367586,2.332934,-0.771987,113.260743,70.0,2.3460967506628596,-0.7595814613390637
0.011149,-0.62059,-3.625801,7.687325,114.830926,70.0,-3.6123520125386066,7.702353846916984
-0.252471,0.715918,0.914777,-1.245697,103.185158,70.0,0.9158704606582716,-1.2484582315297832
0.436169,0.696924,-0.491351,0.5385,168.97655,70.0,-0.48266803324542445,0.5230095650184338
-0.804422,0.071129,-8.815625,-0.515945,107.828599,70.0,-8.826280352992551,-0.4960367595168181
-0.537991,-0.014379,1.105751,-0.006022,153.624135,70.0,1.1051488909895097,0.008551236580315716
0.330882,-0.867111,0.031644,-0.092887,182.39701,70.0,0.022685645585718943,-0.07313681388662803
0.46445,0.005508,-0.139191,0.002265,323.937639,70.0,-0.1389645048416188,0.017613835670964303
0.579147,-0.272604,-0.53557,-0.292215,210.382731,70.0,-0.555449733032651,-0.3101026936345543
0.340542,-0.50631,21.931595,4.033724,80.941626,70.0,21.950964648062584,4.014604125069883
0.443857,-0.101272,-0.295306,-0.053194,263.627115,70.0,-0.30056290569026745,-0.051311464436470874
-0.071954,0.667113,1.095506,1.66731,86.602545,70.0,1.1132221196121255,1.6811627744147906
0.17247,0.710853,26.898491,-21.719329,90.835974,70.0,26.87893749109486,-21.735880424768197
-0.6866,0.308737,-0.577318,0.219099,187.434735,70.0,-0.5595349025415229,0.19974574747341345
0.935624,-0.975624,0.62541,-0.445348,121.179417,70.0,0.6095605454436148,-0.46534588514953834
0.684416,0.977687,-0.509587,0.022515,126.757389,70.0,-0.507340252579764,0.005936997011792431
-0.015181,0.853154,2.172564,-6.433237,60.573652,70.0,2.1589274429488055,-6.435884293881026
0.96023,0.58394,-0.810963,0.598562,144.483468,70.0,-0.8079983130975986,0.5863380297413338
0.282524,0.381738,1.248429,-0.023951,165.574191,70.0,1.246039620688346,-0.003967840704192139
-0.135706,-0.816684,1.905872,4.283272,237.111753,70.0,1.9167451470481094,4.263381274376648
-0.004311,-0.462263,-17.164438,0.086121,71.32753,70.0,-17.15608958699237,0.07530129789675419
0.740172,0.068417,-0.398814,-0.126605,161.88348,70.0,-0.4106457268381562,-0.13481994835097624
-0.111894,-0.602347,2.979816,-1.062663,80.648733,70.0,2.996312247822214,-1.0764691367510395
0.355891,-0.540617,-0.339041,0.129557,183.095859,70.0,-0.32697256806051195,0.1270752400288878
-0.156604,-0.049501,0.159105,0.028904,376.484364,70.0,0.16198534900496836,0.042902197823153465
0.039487,-0.340424,-4.769106,-16.072163,179.010991,70.0,-4.749728753124424,-16.06656701313602
0.495194,0.728093,-0.525129,0.60367,153.020694,70.0,-0.5226703818648074,0.5862734884166372
-0.94062,0.995379,-0.850089,0.942697,120.809335,70.0,-0.8700889879874112,0.9337832164901142
-0.660139,-0.950286,-0.833149,-0.871818,130.622464,70.0,-0.8143842721992205,-0.8822144640361398
0.549287,-0.138361,0.536819,-0.192138,230.357056,70.0,0.5204272579589712,-0.21008121205793223
0.569693,0.83125,0.532142,-0.462183,143.18403,70.0,0.5173742293275582,-0.47991473972532833
0.824568,0.520552,0.74269,0.570877,157.043216,70.0,0.7483555072984753,0.5540590552015502
0.921859,-0.312659,-1.279828,-0.514613,104.663761,70.0,-1.2905958378879032,-0.49474730432435504
-0.861687,-0.368898,0.545283,-0.688363,144.038612,70.0,0.5511976522998706,-0.706663893558312
-0.075562,0.026745,-0.08072,0.002703,363.316514,70.0,-0.08044970822854274,0.021096062450597877
-0.496074,0.486158,-0.604145,0.193871,180.042131,70.0,-0.587654581528408,0.17401691213127876
0.857429,0.806613,-0.811201,0.715348,135.203844,70.0,-0.8196318804167361,0.7031428755527317
0.740606,-0.635513,-0.694966,-0.609551,152.792297,70.0,-0.6968399999910235,-0.6284507669674744
0.9388,0.414427,0.418877,0.247361,148.442262,70.0,0.4377718289959405,0.2373611749790932
-0.727824,-0.545678,0.641547,-0.564441,160.998261,70.0,0.6352672951844894,-0.5843972678469233
0.793177,0.917608,0.712631,0.679254,130.463313,70.0,0.7075923364905263,0.6610049847379953
0.24087,0.299546,1.50017,-0.809109,169.005001,70.0,1.5158855520594883,-0.8021922421454245
0.469892,-0.528184,0.387042,0.009309,178.521934,70.0,0.3879725639137031,0.0021809693727696247
0.816909,-0.20843,0.2904,-0.027547,205.457465,70.0,0.2876540016122622,-0.025176657925930997
0.913324,0.231292,-11.227704,0.469945,103.859475,70.0,-11.21347066856036,0.48828623824900086
-0.683078,-0.49425,0.510619,-0.341844,168.959229,70.0,0.49081030537149906,-0.35847951176072645
-0.857797,-0.995659,0.115365,0.150211,123.570188,70.0,0.12901320624592688,0.16697496813923107
-0.034243,0.480353,2.232456,-43.887648,91.548522,70.0,2.2415715540732304,-43.88432930725424
-0.711224,0.450831,-0.569185,0.484695,172.686192,70.0,-0.5560256330836604,0.4655628436884376
-0.882969,-0.054557,8.874372,-0.020867,89.767832,70.0,8.872289083837014,-0.0023654965811956002
-0.938088,-0.439565,0.866,-0.408275,161.174853,70.0,0.8481738786844965,-0.41573775940875635
0.225178,0.558587,9.624319,1.415493,105.202662,70.0,9.638586179992851,1.4046483621524544
0.179575,0.11827,6.779753,1.330015,200.852916,70.0,6.786927277261387,1.3141998910866395
-0.234482,-0.931793,0.452098,0.244728,124.536653,70.0,0.47090488005469716,0.23200198201918545
-0.648012,0.862676,0.652549,0.38805,135.570017,70.0,0.6711994953331778,0.36819659946448535
-0.996389,-0.301873,0.05725,0.715274,146.115237,70.0,0.04882583053895416,0.7344601891239847
0.417421,-0.408027,0.401671,-0.123241,255.813525,70.0,0.3901121536965664,-0.13171558806933356
0.293944,0.324336,8.052761,11.843422,97.505513,70.0,8.06187485692446,11.826658844465397
-0.886187,-0.150844,-8.676398,0.597908,121.67489,70.0,-8.673368651585387,0.6144112429179984
0.767226,0.770735,0.760863,0.757747,139.779868,70.0,0.7488048198784502,0.74198059620567
-0.253784,0.644164,-21.446305,-6.491465,69.520739,70.0,-21.463567226291346,-6.473181874911814
0.459879,-0.809414,-0.491698,-0.335705,136.05624,70.0,-0.5115820575253384,-0.35121736104629486
0.18383,-0.370942,0.786958,-0.381413,152.326961,70.0,0.7680781510184204,-0.39544440952651577
-0.418171,-0.206046,-0.402186,-0.19555,246.878625,70.0,-0.4187708393724727,-0.20407120804629658
0.991394,0.353669,-0.213349,0.072749,201.516718,70.0,-0.2062334662327521,0.08240853936332235
0.122561,-0.116383,-0.113425,0.109361,370.711483,70.0,-0.10302578500166147,0.1262299787149726
-0.046199,-0.460473,1.172998,-0.068833,85.872989,70.0,1.166249784771268,-0.050556533293034486
0.835019,0.166693,0.395369,-0.023097,161.985491,70.0,0.39306443057300955,-0.030996647631930586
-0.387983,-0.82896,-1.655296,0.591651,108.618387,70.0,-1.6516497540085113,0.5834501918302496
-0.327347,0.283999,-0.258275,-0.227601,285.866399,70.0,-0.2764309717488339,-0.22208501069412426
-0.83525,-0.049621,0.198929,-0.05324,243.552411,70.0,0.1936676561940403,-0.04234398770773899
0.019,-0.661962,-4.731938,37.360318,69.605951,70.0,-4.75178647611172,37.36226979055873
0.402795,-0.224565,-0.605695,-0.175186,182.009936,70.0,-0.6210577859460804,-0.19505818034584108
-0.2617,-0.384,-0.958102,0.929575,139.733637,70.0,-0.9780603938969222,0.9311358316629131
0.113561,0.618949,0.90145,-0.054543,210.526546,70.0,0.8960630582322057,-0.05861706456421196
0.67197,-0.195148,0.391222,-0.151512,251.163994,70.0,0.3774789840756215,-0.15902899660203598
0.13936,0.222972,-0.002558,0.040635,368.60028,70.0,0.001477600711940807,0.06063336418129968
-0.513045,-0.75379,-0.470004,-0.615099,148.797484,70.0,-0.4713249907019574,-0.6291535461220013
-0.94769,0.166629,-0.173331,1.414266,128.53183,70.0,-0.15915007597353645,1.4272135923055949
0.528722,0.236557,-0.420707,0.214524,222.43986,70.0,-0.40313789164820524,0.20436611221952528
-0.193624,-0.232662,0.229679,0.090777,318.838279,70.0,0.23844820959583443,0.09897603800484969
-0.345184,0.495644,0.92431,-0.065203,136.430408,70.0,0.9179045902660155,-0.06701728204549684
0.291402,-0.400612,-0.69368,-0.272872,265.179059,70.0,-0.7132553517147101,-0.2918134415478102
0.911485,-0.676449,0.799758,-0.588112,139.871634,70.0,0.7957643741208561,-0.6012031774631945
0.914743,0.079444,-0.612746,0.086155,157.286526,70.0,-0.6043944974875364,0.06621559530523638
-0.785787,-0.714302,0.751391,-0.671441,144.217609,70.0,0.75566991272504,-0.6877722866887381
0.726294,0.822891,0.056272,-0.155783,137.620262,70.0,0.04222184671592019,-0.13656942588078697
0.326214,0.670829,7.131515,-1.594679,83.548248,70.0,7.11165742615469,-1.6037499276395972
0.62624,-0.788938,-0.59599,-0.655233,144.23957,70.0,-0.5933066692759721,-0.6749722849389315
0.313669,-0.165125,0.737807,-0.174593,260.455351,70.0,0.7224822502950927,-0.19167017170074335
0.737725,0.938702,0.689192,0.70032,130.489557,70.0,0.6821463778250488,0.681239265135571
0.77006,0.39366,-0.609825,0.414655,176.529886,70.0,-0.5922971694396565,0.3947404417644106
0.242497,-0.351441,-1.421715,1.133113,108.043854,70.0,-1.4332969347292606,1.1466784133222219
-0.675576,-0.397933,-0.452852,-0.329759,180.184536,70.0,-0.4727911929073095,-0.3425430940552523
-0.056588,0.919689,8.122924,-6.846883,60.941334,70.0,8.116573767061784,-6.866374031515329
-0.778828,0.231315,-4.422788,1.844438,155.160003,70.0,-4.418763899269579,1.824588587987023
-0.295923,0.417054,-3.019391,1.152637,132.430123,70.0,-3.029328608088401,1.1362556000516895
-0.573719,-0.490933,-0.349285,-0.124159,179.64901,70.0,-0.3609186402045566,-0.12765354348671604
0.895457,-0.046618,-0.505273,0.004291,193.843082,70.0,-0.5048439329195815,-0.012041841581161658
0.49185,0.530645,0.711411,0.376664,180.14441,70.0,0.7304422133945304,0.35836540381450455
0.551635,-0.666381,0.432252,-0.339323,157.227217,70.0,0.41241009466242146,-0.3504579249604018
0.142682,0.049528,0.116009,-0.054566,374.068235,70.0,0.11061984326854231,-0.03783724024017758
0.418919,0.771751,0.367647,-0.200095,158.451113,70.0,0.3508124493306982,-0.20538024064471222
0.819737,-0.672566,-0.719953,-0.496411,144.316822,70.0,-0.732208030727658,-0.5143482476775124
0.18325,-0.117918,-0.004072,-0.04679,357.250978,70.0,-0.008708434345739362,-0.026794145152806318
0.1574,-0.585518,-1.28607,-0.55272,139.266377,70.0,-1.2934511114348364,-0.5329361838793603
-0.800204,0.970662,0.90626,0.910642,125.773094,70.0,0.8865128449199614,0.9070399829291302
-0.08601,0.424494,1.053728,0.604575,117.852557,70.0,1.0560967796923906,0.6151351225940306
0.477684,0.437106,0.658094,0.306207,194.172462,70.0,0.6780781924516756,0.28642823555885216
0.433029,-0.087617,0.412514,-0.037544,270.235528,70.0,0.408781611272431,-0.04698780234450402
-0.576589,-0.732939,-0.451745,-0.633079,148.768395,70.0,-0.4512689980213882,-0.6457777663066115
-0.502942,-0.943209,-6.111848,6.614589,120.037185,70.0,-6.091922296524216,6.627687899322593
-0.51543,-0.83485,-1.110451,-0.431676,166.899285,70.0,-1.1270966520412142,-0.41678492627276986
0.682497,0.719756,0.659929,0.472194,148.455955,70.0,0.6740034387141691,0.4524432858518892
0.946505,-0.092127,-6.621249,0.566533,95.159841,70.0,-6.615168255404867,0.5641482446513904
-0.371219,0.927033,3.326712,-2.819806,107.347043,70.0,3.306726542500095,-2.8318331584530196
0.642154,0.681176,-0.757086,0.612444,152.799513,70.0,-0.755500213233754,0.5964480357557729
0.518507,0.545972,-0.589551,0.25668,176.385359,70.0,-0.5703712969440509,0.2370545553877311
0.155875,-0.208049,3.151847,-5.530712,207.582405,70.0,3.140213703347523,-5.550685717853203
-0.681748,-0.136723,-0.215383,-0.163831,191.065474,70.0,-0.22999438183694312,-0.15435006086350184
0.089289,0.683413,-18.314403,-21.2565,65.03895,70.0,-18.30426387049057,-21.274368998891198
0.128422,0.38533,1.188567,0.308342,106.686386,70.0,1.2085585404523693,0.3271947556952587
0.244686,0.429614,-3.385536,-0.241407,116.707318,70.0,-3.4042273037592006,-0.2482852349854767
0.522791,0.553625,0.245351,0.025252,173.482039,70.0,0.24786949606296704,0.03199788676310088
0.780203,0.877183,0.623109,0.376587,130.89849,70.0,0.6421425794340381,0.35659378441897116
0.819933,0.615104,0.720698,0.401364,148.709589,70.0,0.7388267636136167,0.3834598287635171
0.051142,-0.456591,-3.751136,-0.235816,115.474173,70.0,-3.7696211034065157,-0.21590406218588867
0.070217,0.144505,0.35174,1.132574,217.380174,70.0,0.3401141649325821,1.1288380024056934
0.698952,-0.715137,0.594288,-0.355422,148.326875,70.0,0.5747121456185578,-0.37513317858266293
0.688793,0.541473,0.636286,0.514369,164.958381,70.0,0.6470743916173172,0.49438486804295606
0.530639,0.455809,0.511403,0.27446,187.214126,70.0,0.5310102840699357,0.2577810953810073
0.784941,0.511117,-0.630241,0.589141,161.057759,70.0,-0.6263482542200686,0.5691419239649208
0.337313,-0.783136,4.7e-05,0.259614,134.730385,70.0,0.019307802368401458,0.27961399944775
-0.164526,0.805457,-3.048156,0.362808,160.897162,70.0,-3.028744763267139,0.34495119182031825
-0.692159,0.878057,0.679634,0.797531,135.256152,70.0,0.6646604839496975,0.7781857157263925
-0.497736,0.557963,-0.162158,-0.004907,173.739919,70.0,-0.1626486507706773,0.008871520619710735
-0.319578,0.860098,-0.028551,-1.028932,95.125187,70.0,-0.010390666305775745,-1.009135444049232
-0.330259,-0.67027,4.384344,6.378652,161.293129,70.0,4.39353224665644,6.358700183910594
0.775327,0.924625,0.706283,0.687487,130.471729,70.0,0.7004520858853732,0.6689874682580346
0.180514,-0.108199,0.105631,0.008322,362.460631,70.0,0.10646295987670405,0.025596766209842414
-0.503973,-0.27486,0.413274,-0.180696,222.402287,70.0,0.3975642927049091,-0.19020672775093486
0.421971,0.067043,-0.587412,0.143785,238.643691,70.0,-0.5742404780006473,0.12420187972044397
0.792349,-0.982838,-0.902787,-0.920229,125.785439,70.0,-0.8829106246625611,-0.9241720778363531
-0.550802,0.664374,-0.412261,0.306995,157.277136,70.0,-0.3922738303024932,0.29757350707303787
0.135982,-0.54962,0.204212,1.559241,107.623926,70.0,0.22417862789061166,1.5696902484578115
0.530235,-0.339467,0.441686,-0.227205,207.185083,70.0,0.42354667232290255,-0.23911091500903722
0.574235,-0.8323,-0.385172,0.513765,139.399465,70.0,-0.3743327986149751,0.5068119986502335
-0.47433,-0.068088,-0.282626,0.109409,260.771412,70.0,-0.2722226851884608,0.11254927818042239
-0.353892,0.12925,-4.252252,0.413902,165.168541,70.0,-4.2346880293280655,0.39899702592835573
0.301961,-0.943496,-0.074683,-0.040035,186.523179,70.0,-0.07865981678806368,-0.021413260103883405
0.656592,-0.654826,-0.287006,-0.038058,153.652266,70.0,-0.2907888733651835,-0.03535100748690612
0.337709,-0.125525,0.686883,-0.072224,253.558843,70.0,0.6798165556689583,-0.09137266007676301
0.296487,-0.948744,6.681344,-0.335418,88.432887,70.0,6.661456877112523,-0.34357315678329475
0.463663,0.787303,0.392744,0.344056,148.425142,70.0,0.4125209621008938,0.33639818163584534
0.199543,-0.28063,4.678103,-0.147495,155.464206,70.0,4.664654577380071,-0.15090682930367882
-0.544067,-0.142127,-0.574308,-0.053344,236.431934,70.0,-0.5795793767803296,-0.07261913701324531
-0.732627,0.740976,0.727809,0.688495,144.213517,70.0,0.721881739415255,0.6709189775445346
-0.415944,-0.770189,-0.483625,0.236199,148.80718,70.0,-0.46512530850291545,0.22120870607973225
-0.569657,-0.219886,0.28731,-0.057719,216.127494,70.0,0.2816178877867137,-0.0550421308585879
0.38129,0.344796,-4.794175,-0.033272,125.368665,70.0,-4.797486874152794,-0.025319442586056062
0.991846,-0.041823,2.635522,0.540219,165.196783,70.0,2.644049793304332,0.556597747696041
-0.922514,-0.693861,-0.880201,-0.570173,139.812469,70.0,-0.8859339883787253,-0.5763005270969646
0.271785,-0.108707,0.32338,-0.089952,237.741156,70.0,0.31468501171436536,-0.09087374684680985
0.966333,-0.837873,0.787613,-0.279346,130.259587,70.0,0.7679152266046266,-0.29333065905729555
-0.128108,0.882364,-3.686944,0.864977,179.868522,70.0,-3.7054611027094144,0.8832806492591887
-0.10562,0.844596,12.739223,-7.641633,83.07295,70.0,12.72947598647835,-7.628648966361794
-0.878498,-0.90914,0.558308,-0.33566,126.212901,70.0,0.5384234591360888,-0.3544470931348947
0.079339,-0.557348,-0.034901,-1.158277,131.822571,70.0,-0.025456728103614858,-1.1385807479642358
0.655049,-0.583227,-0.584291,-0.379787,161.077633,70.0,-0.6032238770870496,-0.39930434799987563
-0.303671,0.199887,-0.052999,0.059655,311.595057,70.0,-0.04712156375287335,0.07895687620831215
-0.49267,-0.298997,-0.439422,-0.20935,219.495509,70.0,-0.4567380308292054,-0.22107324216584898
0.751481,0.137837,8.540768,1.973035,121.061445,70.0,8.532242026932234,1.9787988588464605
0.620335,-0.025532,0.429648,-0.040308,250.771617,70.0,0.4256444320570737,-0.051225677532431256
0.887554,-0.883756,0.626862,-0.374271,130.167496,70.0,0.6077585751834923,-0.39427046963191104
0.719865,0.773712,0.461442,0.230088,140.292127,70.0,0.4797008717274633,0.21665529617054566
-0.227804,-0.707856,26.715438,22.497429,85.174591,70.0,26.70397752766781,22.496239657655288
-0.943967,0.743538,0.940138,0.735125,135.272877,70.0,0.9299578328232879,0.7348910257295841
0.644489,-0.069035,-1.448854,0.571623,159.099708,70.0,-1.4432600762281782,0.5830756215528828
-0.26631,0.129153,0.145966,-0.059767,326.312379,70.0,0.14007785921280835,-0.0448612448117099
0.67298,0.78128,-0.478275,0.210402,143.709945,70.0,-0.4609065681902169,0.19577119019158498
0.964831,-0.093285,-0.145317,-0.057809,258.930934,70.0,-0.1510177394389009,-0.04286005174939305
0.164914,-0.290568,-1.894853,-0.48279,148.880946,70.0,-1.9081552229900902,-0.5027655153269402
0.430068,0.149087,-0.044045,-0.059151,258.003538,70.0,-0.04987424305615956,-0.039634033540731556
-0.290248,-0.192058,-0.165047,0.031306,296.636908,70.0,-0.16192916848701394,0.044873686563198935
0.077134,0.395688,1.525994,0.347397,110.036303,70.0,1.545718448323415,0.351839855998773
0.328793,0.018788,-1.879099,-0.232979,182.107424,70.0,-1.8974739376842535,-0.25297042569481176
-0.237345,0.942735,-6.865602,0.70346,71.040801,70.0,-6.87294061257254,0.6839844365701933
0.551254,0.929333,-0.481772,0.213466,134.870872,70.0,-0.4642536910525835,0.1985990140268691
-0.703205,-0.763203,0.625725,-0.479483,144.080348,70.0,0.6121776583122859,-0.49948131842316845
0.850567,-0.527554,-0.065378,0.125813,154.591947,70.0,-0.05361022010380883,0.1447539108123552
-0.606598,0.906164,0.653772,0.703603,135.300021,70.0,0.6464200867536362,0.6837647512742216
-0.099105,0.350372,13.444979,23.717834,102.954725,70.0,13.430752931922047,23.71155506615185
0.699423,-0.80152,0.697304,-0.794239,139.801714,70.0,0.7120572589200888,-0.813061000426508
0.860198,-0.6482,-0.778731,-0.525631,144.313365,70.0,-0.7885544909951647,-0.540236630771699
-0.305767,0.982384,-4.792945,6.101698,138.820206,70.0,-4.808703556643318,6.1095375494802475
0.928279,-0.419287,0.215108,0.188886,147.307507,70.0,0.23131125857399248,0.19839114390443757
-0.961955,0.419033,3.091594,4.001963,133.313444,70.0,3.1099321307654546,3.9825847182555045
0.687818,0.164106,-0.28888,3.774246,124.745774,70.0,-0.2884465523691052,3.776767200871654
0.133624,-0.174152,0.140514,0.237664,300.083616,70.0,0.15906886537687007,0.252927680475983
-0.97732,0.183315,9.734626,0.622228,80.566859,70.0,9.7352349589405,0.621796910774447
0.971513,0.217509,9.889549,0.688918,97.097146,70.0,9.88358135301437,0.7025954741651566
-0.324668,-0.70184,1.298341,-0.172958,139.041305,70.0,1.2831218193514815,-0.153391231445722
0.17011,-0.967273,-0.819526,-0.362407,143.82922,70.0,-0.8389468558777172,-0.37394223294214884
-0.964929,0.446272,0.587522,0.085454,160.839478,70.0,0.5958097555113545,0.0658686484771559
0.496798,-0.315856,0.332441,-0.048527,213.759583,70.0,0.3276357745236379,-0.050352628629737224
-0.59843,0.182403,0.375952,0.276826,209.833078,70.0,0.39560456742204486,0.27074456911976885
-0.35676,-0.065156,-0.152922,-0.024747,331.90146,70.0,-0.15539039007834263,-0.010313952160038569
0.916389,-0.248518,4.167924,2.366774,105.193782,70.0,4.154549381162372,2.358632165281075
-0.840586,0.270017,0.565571,0.009705,197.337704,70.0,0.5665411191760563,-0.009318734339295419
0.178342,-0.614033,-1.183577,-0.388562,89.209236,70.0,-1.2022089456111047,-0.36988166950782586
-0.044482,0.390342,25.703461,6.480985,75.664252,70.0,25.720170520536044,6.461808687502107
0.475719,-0.59778,-0.503887,-0.500269,169.002458,70.0,-0.5158348812988095,-0.5165214578108621
-0.887666,-0.995653,-0.609765,-0.372836,121.254869,70.0,-0.6289104164579616,-0.3927500033238063
0.058766,-0.324573,0.533739,-0.530144,104.857613,70.0,0.5243110864037324,-0.5479490447896688
0.902425,-0.951001,-0.804522,-0.793846,125.681757,70.0,-0.7897953036931596,-0.80657333412357
0.522881,0.056413,0.271537,-0.049721,233.327288,70.0,0.26661595827724965,-0.04549096280508466
0.140131,-0.81127,-6.024367,-2.045067,101.822151,70.0,-6.010012118548928,-2.0396032544944536
0.983664,0.448963,-0.410211,0.157777,161.515505,70.0,-0.3960196391302232,0.1485368279618147
-0.281736,0.862436,4.977791,-0.925187,134.323313,70.0,4.997716303635344,-0.9057783796364253
0.957692,-0.076832,-0.498035,0.086732,200.361872,70.0,-0.4896311036493713,0.07082749891610851
0.690059,-0.180226,0.411455,-0.093051,240.967219,70.0,0.4024819857727391,-0.10240131988876404
0.942892,-0.816628,0.895465,-0.829979,130.589195,70.0,0.9123835541898535,-0.8346371041375497
0.929014,-0.054876,-2.089741,-0.039588,118.756363,70.0,-2.093673999470724,-0.04998831325293645
-0.302735,-0.06875,0.222887,-0.046884,310.976159,70.0,0.21824142223876242,-0.03807030533946848
0.512236,-0.843541,-0.448983,2.695437,119.605286,70.0,-0.4331829339289737,2.682952819676572
0.614553,0.792328,-0.564107,0.661187,144.261065,70.0,-0.5673790714788914,0.6422089563045936
0.656977,-0.182888,-0.709909,0.28497,199.860167,70.0,-0.6901216254846669,0.2666112977324581
0.196236,0.139611,1.605784,0.411915,278.609947,70.0,1.623442139768276,0.40843405110694864
0.436579,-0.409438,0.009357,0.080206,205.36446,70.0,0.017164336567955747,0.10018411562996206
0.573205,-0.137765,0.362973,-0.210469,241.603231,70.0,0.34560124712715934,-0.2153020540968145
0.58851,-0.910787,-0.73683,-0.665545,135.34396,70.0,-0.7331288112060766,-0.6826728210849932
0.399302,-0.934168,-8.887643,-1.903559,98.052848,70.0,-8.885785340719076,-1.8856018542101138
-0.557909,-0.77571,-3.012277,2.207792,139.14355,70.0,-3.0322581797519867,2.1918290016028017
0.645136,0.794295,-0.330684,0.018353,143.199511,70.0,-0.32885127470273645,0.016702406043126564
-0.29178,0.051783,0.254799,-0.028234,308.019626,70.0,0.25198496856829583,-0.022384742183301776
0.319396,0.083032,-0.066357,-0.02895,287.218321,70.0,-0.06924190097442494,-0.010040751602432393
-0.48826,-0.190105,0.459555,-0.22278,239.160037,70.0,0.44160647901161343,-0.2360723035862211
0.904245,-0.348817,6.43012,-20.692261,132.26661,70.0,6.425926304266473,-20.677420006307432
-0.573265,-0.86027,-0.56606,-0.416784,139.723148,70.0,-0.5834843069222733,-0.4358227687840337
-0.55033,0.60889,-0.697055,0.335819,164.948322,70.0,-0.6771721714375539,0.3169885947681851
-0.381425,-0.609481,1.886679,0.125665,141.922755,70.0,1.8984348097207857,0.10566574252905639
0.44455,-0.447839,1.417168,2.779511,167.57472,70.0,1.4365966028863975,2.7934069979307576
-0.83156,-0.03056,3.36241,0.026287,134.30582,70.0,3.3650311379995186,0.017287995639077763
0.384304,0.996291,-0.099947,-0.920283,133.691017,70.0,-0.08007002590780397,-0.90272880842315
0.666005,-0.445899,-0.595915,-0.477493,176.402601,70.0,-0.6096080620584676,-0.497231076503566
-0.216418,0.655481,0.575299,-0.712028,168.624742,70.0,0.5834276724274129,-0.7313293383979893
0.6677,0.037061,-1.695313,-0.068745,192.493493,70.0,-1.7020529306296073,-0.08040771530606299
0.885163,0.929654,-0.844345,0.89813,125.748771,70.0,-0.8638553295381131,0.8887057672780682
0.694517,0.744675,-0.674923,0.694075,144.234983,70.0,-0.6813808167319554,0.6746155415601568
-0.248401,-0.869969,-32.2244,19.7114,78.264358,70.0,-32.24279644932103,19.698979940712608
0.432769,-0.446372,-0.439739,-0.291803,203.899849,70.0,-0.4596141794011641,-0.3035519105726369
-0.180015,0.48376,12.032437,5.943078,129.48707,70.0,12.012605089239527,5.925264099583137
0.561786,-0.066276,6.902856,-0.736576,91.682551,70.0,6.913160794670229,-0.7565573066376654
0.10701,0.512953,-0.543673,-0.847914,104.039188,70.0,-0.5258672386031433,-0.8661493615389277
-0.801998,0.813861,0.781453,0.763354,135.235399,70.0,0.7689522847504975,0.7489356686068712
0.562583,-0.671147,0.71934,-0.587429,156.976272,70.0,0.715279473038814,-0.605393276966028
0.029853,-0.265108,1.328572,0.224336,181.705708,70.0,1.34658862236241,0.24305622742985306
0.327494,0.185847,0.055202,0.006924,292.626273,70.0,0.05589426169626466,0.026167008887672222
-0.469568,-0.022801,-0.069139,0.026402,318.894518,70.0,-0.06650646162366626,0.04521880357306544
0.789632,-0.653255,0.750868,-0.662392,148.575416,70.0,0.7542588877733982,-0.6787534212230323
0.737226,0.56455,0.040271,-0.133705,158.727185,70.0,0.02787441650035182,-0.11410907037465683
0.389049,0.743754,-0.711293,0.275419,176.270494,70.0,-0.6916670303681607,0.2571156443663928
0.27054,0.966665,21.311098,-4.329267,70.985771,70.0,21.304337575369967,-4.309932329169035
0.746727,0.239075,-11.322787,1.430383,108.166636,70.0,-11.307516816144759,1.4503404169993719
0.12728,-0.800184,-8.499502,-2.220399,62.231304,70.0,-8.479615146834062,-2.2186809365503546
-0.699942,0.076417,0.606891,0.233517,191.251759,70.0,0.6252871139464675,0.21363167501397673
0.341295,0.144437,-0.505811,-0.12609,212.863068,70.0,-0.5176011662131567,-0.1424538328220548
-0.455406,-0.012737,-0.36728,-0.155586,260.907308,70.0,-0.38131612644974416,-0.1608358364174941
-0.07381,-0.518386,-0.369892,-1.024443,74.011367,70.0,-0.3515481968171953,-1.0299444223611816
-0.50581,0.851663,0.042615,-0.397373,148.281713,70.0,0.02432130160516907,-0.3778252944480164
-0.107772,0.680837,18.291562,-10.972512,62.837889,70.0,18.311429179993592,-10.991288298738569
0.834638,-0.246516,-0.805148,0.389714,167.207517,70.0,-0.7865582375280482,0.37703501694812075
0.813052,0.968242,-0.900338,0.926632,125.763214,70.0,-0.920275260516163,0.9224491305341711
-0.75685,-0.369957,-0.547937,-0.050413,173.133216,70.0,-0.5529250846898098,-0.06881932886438707
0.124942,-0.101753,0.224401,0.231589,337.194647,70.0,0.24272061061551786,0.24026653740744872
-0.169131,-0.591575,-1.2847,0.186547,118.23457,70.0,-1.2686349596672002,0.20635044067931443
-0.605083,0.367065,-0.419383,0.140153,193.883886,70.0,-0.4064869479410449,0.13010938588874543
-0.735961,0.696643,-0.59169,0.392027,148.357794,70.0,-0.5731867942726183,0.3723614758513426
0.481599,0.230574,-0.457307,0.196225,233.786114,70.0,-0.4406845300964833,0.1831014999014772
-0.735655,-0.161839,-0.149283,-0.011946,248.933693,70.0,-0.15047688980302498,0.0027365567336822775
-0.031556,-0.36422,6.136818,2.368382,71.782385,70.0,6.123563367672454,2.3832609683264754
0.551211,0.209244,0.284354,0.075165,225.591443,70.0,0.2916948014627986,0.07813450643769058
0.767984,-0.497687,0.221701,0.005316,163.870474,70.0,0.2222325374066301,0.014236001777265576
-0.630771,0.624466,-0.001605,-0.119263,158.868822,70.0,-0.012836945696761077,-0.0992636440027938
-0.603414,0.425115,0.284741,0.030138,184.284628,70.0,0.2877434069777899,0.033069229848746974
0.916026,-0.353336,-4.982133,1.366237,99.465529,70.0,-4.971713382530993,1.385745845032663
-0.524547,-0.060665,0.07183,-0.014715,294.27782,70.0,0.07035982724778411,0.004008918372949094
0.398637,-0.107766,-0.203497,0.006506,282.714568,70.0,-0.20284651473817997,0.01701614690929624
0.783488,0.084267,0.529687,-0.050688,166.330506,70.0,0.5246722890485355,-0.06830484777572725
0.27289,0.468183,1.341186,0.943511,85.178602,70.0,1.3211862668769931,0.9617503265045516
0.743328,-0.888162,0.52028,-0.166918,131.217029,70.0,0.505459574668413,-0.184070192306058
0.667229,0.114568,0.19312,-0.059668,219.599265,70.0,0.1872413211669985,-0.048289529110055116
-0.450094,-0.737108,-0.325457,-0.045403,192.559877,70.0,-0.3299584023599488,-0.0465321727143826
-0.578327,0.060053,-1.34623,-0.170057,158.595735,70.0,-1.361259369396459,-0.15203038949646785
-0.691455,0.71184,-0.705234,0.580198,148.527126,70.0,-0.7004682407291324,0.5616588583738804
-0.100552,0.029335,-0.011021,0.009656,373.983428,70.0,-0.010055775085187105,0.029625642072891333
-0.974104,0.233755,-1.150028,0.430024,133.683039,70.0,-1.1332913379629375,0.4472492713558491
0.717836,0.671231,0.449998,0.210909,148.994017,70.0,0.46739151438089294,0.19834568316081277
-0.618179,0.262107,-0.272413,0.089803,200.359367,70.0,-0.2637314323429673,0.09394737861604582
-0.773108,0.373049,-0.088616,-0.061043,171.162037,70.0,-0.09462596490723915,-0.042974290393458923
-0.172751,0.567075,-0.012049,0.801778,251.575336,70.0,-0.027300668098165195,0.8217417163759054
0.835973,0.197696,8.028434,0.632012,88.371109,70.0,8.028064674065295,0.6166962906242294
0.67268,-0.268137,-0.433679,-0.295638,197.560113,70.0,-0.45359330195369596,-0.3068911789360973
-0.585324,0.464942,-0.445532,0.158297,180.341554,70.0,-0.4313040460183411,0.1460842766648306
0.2728,0.943199,34.955103,-11.38918,78.714746,70.0,34.94736564852076,-11.381077368769196
0.342233,-0.096402,-0.840758,-0.085875,244.233855,70.0,-0.8490840523490515,-0.09561408071995638
-0.228277,-0.647176,6.858449,-21.586299,118.564811,70.0,6.8404701912609545,-21.605599413036728
0.914531,0.525333,-0.32379,0.100268,152.155591,70.0,-0.3141779786308595,0.09930529868472697
-0.726138,-0.203217,0.717245,-0.109762,183.49796,70.0,0.706811552901996,-0.12781737727549902
0.528385,0.565037,-0.706682,0.468696,168.898611,70.0,-0.6923612022572987,0.4502116680236825
0.580518,0.769714,1.769196,0.633639,139.280824,70.0,1.768664015823166,0.6168965841654753
0.581015,-0.872757,-0.545807,-0.025198,136.108162,70.0,-0.5483201389563697,-0.043519966392721196
-0.424236,-0.128555,-0.363445,-0.090045,261.393682,70.0,-0.3721483624739497,-0.09492384171953706
-0.625159,0.955726,-0.918724,0.816643,130.658488,70.0,-0.9348942775544232,0.8142732010002774
0.883227,0.395954,4.152436,1.545756,113.806574,70.0,4.172279450167959,1.5390518068888748
0.7907,-0.709739,-0.766456,-0.688117,144.224666,70.0,-0.7605648518289804,-0.7035331662259741
-0.575898,0.886746,0.85949,0.40326,135.558396,70.0,0.8775378748162982,0.3951973182082159
-0.45349,0.188969,-0.283526,0.040055,246.708515,70.0,-0.2795472231682323,0.04310636300991248
-0.002966,0.15826,0.100046,0.153693,347.116671,70.0,0.11394664852113591,0.17124244541610814
-0.116909,-0.891264,0.395287,0.28169,190.320684,70.0,0.415024015073531,0.2737978862791223
0.529804,0.412877,0.600871,0.359308,194.160562,70.0,0.6203635583861197,0.33949604631607033
-0.783702,0.325449,0.639787,0.30033,190.903314,70.0,0.659739206901882,0.2803628724379928
-0.180899,-0.364897,5.824659,-1.376142,111.928531,70.0,5.813407044270286,-1.3893572656302768
-0.822147,0.180137,3.921797,-0.002727,102.368402,70.0,3.9215243084496776,0.011777584253608205
-0.442283,0.5441,-0.476749,0.440826,180.205566,70.0,-0.4606278198819308,0.4262996574347976
0.692149,0.945302,0.778141,0.851912,130.594111,70.0,0.7601567401633046,0.8372661272074549
-0.310143,-0.570085,-3.336086,-1.113948,124.370513,70.0,-3.322997146264143,-1.1252132608267849
0.5861,0.583353,0.557324,0.322372,165.095159,70.0,0.5773071401167589,0.3036188801236508
0.421424,0.873282,-10.701532,-10.044421,114.502508,70.0,-10.700664722889636,-10.064319912072476
-0.751987,-0.644505,0.270929,0.006615,151.659372,70.0,0.2715903793979892,0.010904442115024508
-0.199175,0.46631,13.876519,-25.026079,111.668848,70.0,13.886686748856773,-25.006790605104026
-0.723545,-0.613001,-0.362668,-0.0922,156.218301,70.0,-0.37156487874679334,-0.09700345242284741
-0.714506,-0.696146,-0.733041,-0.658144,148.552168,70.0,-0.7300694955789583,-0.6754643723659747
-0.125713,-0.858761,1.463158,1.310173,135.640691,70.0,1.4684478895229538,1.3204246820119792
0.80274,-0.355612,0.422014,-0.368259,165.345947,70.0,0.40274124470563755,-0.3785292575858805
-0.765283,-0.108823,3.573877,-0.369693,117.49234,70.0,3.554643057973041,-0.3585553882251613
-0.990353,-0.863362,0.506679,-0.901168,125.928855,70.0,0.5262538897711594,-0.9175815838320641
-0.525921,0.845582,9.985416,-1.608719,112.270997,70.0,9.965774456380345,-1.58985327555792
-0.30818,0.420504,0.23145,-0.121643,221.523018,70.0,0.22002193046952992,-0.11360581550448041
-0.597087,0.765266,0.10693,-0.17607,146.112879,70.0,0.0915107633082574,-0.1588610595811308
-0.173677,-0.997648,17.039921,0.095231,62.948684,70.0,17.049088305499872,0.07663261676137814
0.533652,-0.909241,1.759301,1.075022,118.667629,70.0,1.7435345798790691,1.058841124422427
0.388217,0.75739,0.266551,-5.653359,148.950724,70.0,0.26640022378206807,-5.648643007239639
-0.54297,0.296267,0.23946,0.02073,210.863804,70.0,0.24152929017542918,0.028027458723160384
-0.648331,-0.501094,-0.571452,-0.383134,172.620841,70.0,-0.5902743633679924,-0.40233098136732115
0.106659,0.612982,11.052444,0.612756,104.707746,70.0,11.053998683077971,0.6183666446357134
0.384108,-0.303118,-0.908334,-0.162392,184.370234,70.0,-0.922846743984462,-0.16578981842785703
-0.508569,0.484792,0.154042,-0.057693,182.506454,70.0,0.14835238031100542,-0.04333771069236048
-0.104434,0.774602,3.356891,-1.168715,160.498038,70.0,3.3654027371501165,-1.178203392031886
0.729765,-0.844064,-0.737881,-0.749682,135.268133,70.0,-0.7264758818513606,-0.76675531879446
-0.186716,-0.131933,-0.004519,0.079043,328.301605,70.0,0.003181132483483501,0.09903789487695047
0.602218,-0.527145,0.610869,-0.399384,172.665739,70.0,0.592657503118408,-0.4193079267445752
0.275128,0.083278,0.762252,-0.102601,193.504891,70.0,0.752436047278867,-0.11828156391453218
-0.339298,-0.588628,-0.12294,0.032242,226.796159,70.0,-0.11972974730586473,0.04858092995400215
0.931279,0.011019,0.395894,0.007286,135.805268,70.0,0.3966224388510648,-0.0006618515162858879
-0.808764,-0.902658,-0.798689,-0.821373,130.541755,70.0,-0.7822449207087342,-0.8345448076571349
-0.976114,0.445785,1.526316,4.524012,140.981826,70.0,1.514550703791995,4.528423454798813
0.305016,0.396672,-17.530665,-9.452003,138.095207,70.0,-17.52795089632124,-9.432964088165159
0.866881,-0.32418,0.0206,0.083862,223.594058,70.0,0.028742606493467514,0.103756003759239
-0.496487,-0.455894,-0.023074,0.082834,185.490118,70.0,-0.015025395099038778,0.10270104520085213
-0.212956,0.840983,0.238203,-0.391153,184.347171,70.0,0.2196667960543507,-0.3837386522705211
0.404389,0.562765,3.803075,-1.217876,144.399581,70.0,3.806926886927067,-1.1981503302214798
0.388854,-0.536512,-0.313466,0.154243,248.903953,70.0,-0.2995258602789947,0.15431232639706674
0.837396,0.107974,9.125691,0.526811,85.090472,70.0,9.135411535396079,0.5253051958198097
0.716934,-0.493142,-0.403152,-0.165212,168.433793,70.0,-0.4178573327965308,-0.17382050182128758
-0.236485,-0.610178,-3.786147,16.589117,120.325742,70.0,-3.767079817408567,16.609051135754807
0.731277,0.573839,0.475007,0.212992,157.286707,70.0,0.4925023909456072,0.1985859450001673
0.507819,0.918698,0.647211,0.205219,163.780282,70.0,0.6643166418045959,0.1853081650166788
0.560569,-0.518253,-0.591106,-0.341049,176.415163,70.0,-0.6109255076769557,-0.3607038044848207
-0.282495,0.106518,-0.223507,0.05381,333.11727,70.0,-0.218190685317751,0.06256799735936254
0.252157,0.010314,0.260786,-0.004986,337.336054,70.0,0.2602874516454523,0.00028819977919938237
-0.648558,-0.320863,-0.381898,-0.093011,193.79562,70.0,-0.3908674392190696,-0.09965610524528776
-0.752374,0.85701,0.705909,0.745453,135.208745,70.0,0.6948538039838937,0.7269392877106355
-0.233879,-0.812079,21.62918,1.372144,85.204214,70.0,21.64009920272264,1.3768795279042432
-0.604885,-0.298776,-0.383167,-0.214709,200.912624,70.0,-0.40074494058414195,-0.22147366142797745
0.466392,0.653583,-0.344911,0.315354,169.209586,70.0,-0.32491135684665445,0.3122909292904447
0.7762,-0.402012,-0.519642,-0.282568,168.882143,70.0,-0.5393930163174565,-0.2996872926725578
-0.618933,-0.402618,-0.584644,-0.374797,187.233195,70.0,-0.6037317863320961,-0.39432202584309123
-0.800335,0.773409,-0.706546,0.595099,139.705772,70.0,-0.7032393004505464,0.5766094788837954
0.679968,0.230288,0.570056,0.498561,193.80197,70.0,0.5821404166378106,0.4794036461229953
0.453147,0.035202,0.020975,-0.001084,231.793583,70.0,0.02086660053073285,0.018806113117501876
-0.358533,0.136381,0.496931,-0.043335,238.006547,70.0,0.4926313287258099,-0.05917232200992677
0.15415,0.801123,-6.966429,2.836228,62.448089,70.0,-6.946448333183473,2.8169774651948645
0.466523,0.848536,0.275188,-0.459466,128.596676,70.0,0.26023836981974985,-0.455593488346
-0.661888,-0.355771,-0.210949,-0.01387,187.992455,70.0,-0.21233488848915202,-0.004001009225409934
0.562466,-0.634282,-0.755281,-0.509404,161.026436,70.0,-0.7664840959407995,-0.5255076598837584
-0.382774,0.718294,-0.391168,-0.602556,118.724391,70.0,-0.39373713448125564,-0.6100679922529473
0.363003,0.983083,1.649094,-8.032605,117.946841,70.0,1.6365542605477768,-8.040236291934667
0.683971,-0.506153,-0.631488,-0.522056,168.856475,70.0,-0.6416213094429215,-0.5420534886686759
-0.920488,-0.64651,0.817424,-0.144069,144.031619,70.0,0.804231119885975,-0.1557753076988732
0.10998,0.437441,0.166474,-0.16086,240.229615,70.0,0.1520670942285859,-0.1473975006198995
0.063945,0.720196,-7.57258,-8.009257,94.454157,70.0,-7.586849139340741,-7.989524666419221
0.340624,0.863977,-1.037732,-0.175558,145.207554,70.0,-1.053118577876688,-0.16638863228090867
0.869031,-0.18783,-0.428321,-0.43861,179.638284,70.0,-0.44457233855075096,-0.4494162538994583
-0.854956,0.751643,-0.586142,0.332833,139.455989,70.0,-0.5662291137777179,0.31327606928223467
0.860568,-0.435472,0.451282,-0.23098,164.831139,70.0,0.4329869087399601,-0.243642962651492
-0.978783,-0.400751,-0.281653,-0.202803,181.430026,70.0,-0.29863220868252655,-0.19956666623208155
0.576002,0.869115,0.308135,0.175182,139.142719,70.0,0.32349752982990165,0.17578433544366726
-0.780664,-0.623724,0.437416,-0.244672,152.386109,70.0,0.4186110259433792,-0.2562321303364988
-0.922637,-0.763013,0.913243,-0.725391,135.25041,70.0,0.9225735777525654,-0.7283040798079167
0.04828,-0.554999,-1.917069,-36.544695,85.035677,70.0,-1.926851758451376,-36.564437735699876
0.127155,-0.905634,0.470363,2.085842,196.846721,70.0,0.4534858529299519,2.071761935144946
-0.995708,-0.86736,0.5158,-1.02865,125.902253,70.0,0.5339721295769653,-1.04556750166386
0.282805,-0.897772,-0.143221,0.114648,278.266488,70.0,-0.1323738605859442,0.12973536646239434
-0.855712,0.044609,-2.159662,-0.168597,156.358654,70.0,-2.174594643521617,-0.17251674820764518
-0.259942,-0.837484,-1.110648,-0.614678,129.816736,70.0,-1.1120109958124005,-0.5997737825157696
0.411324,-0.877224,0.856618,-0.421538,140.307706,70.0,0.8394319676984773,-0.42986266994460287
0.499815,0.383426,-0.629693,0.297173,197.523138,70.0,-0.6097650899530244,0.277173472289593
0.245463,-0.495575,0.721655,-1.199817,116.649177,70.0,0.7272608787384363,-1.2176783179717148
0.867041,0.360938,0.496353,0.4852,179.970478,70.0,0.5094742962050403,0.46939804223494735
0.277096,-0.848324,-3.805443,-0.346645,111.105144,70.0,-3.8251797488068164,-0.3269597981819629
0.226205,-0.178602,0.141661,0.041742,333.665348,70.0,0.14580496133733983,0.05693131288614577
0.235789,0.911963,-0.996269,-3.985922,169.949454,70.0,-1.0139086658861594,-3.9806074973278833
-0.630895,0.550181,0.329366,0.06383,168.160848,70.0,0.33564119193941483,0.062310791311591195
0.884292,0.301732,-2.465944,-1.020222,128.908861,70.0,-2.4474361088645717,-1.0007794263457803
-0.797639,0.083594,0.220407,-0.045075,300.176005,70.0,0.21593756211547674,-0.03603936847043727
0.970627,-0.671658,0.557111,-0.759755,140.156037,70.0,0.5693287699330679,-0.7785007061140031
-0.548192,0.531424,0.639772,0.359927,176.449252,70.0,0.6592506098954098,0.33995978652776054
-0.352266,-0.539347,0.184767,-0.128947,123.992171,70.0,0.172747266880626,-0.11689170846103301
-0.80353,-0.92522,-0.479984,-0.237734,129.902582,70.0,-0.49854147677337957,-0.252480793522544
-0.179702,-0.252991,0.245918,-0.121443,312.638122,70.0,0.23450634956642719,-0.11475051761140424
-0.012612,0.024111,0.004256,-0.027817,323.28871,70.0,0.0014832598256071692,-0.007821528213117067
-0.761971,-0.454353,0.205207,0.002233,167.783824,70.0,0.20543029536070254,0.012597279595387516
-0.311274,0.412355,0.09184,0.202498,272.115919,70.0,0.10880307102452069,0.22042614738472863
0.442406,-0.479629,0.496618,-0.372619,207.243617,70.0,0.4774663193251361,-0.38843718787744497
0.871759,-0.350992,4.306617,-0.77557,136.989862,70.0,4.320047387271093,-0.7935082097832447
0.876542,0.043038,2.439804,-0.124401,125.238481,70.0,2.4281506836427593,-0.10573535737793201
-0.656094,-0.96631,-0.656234,-0.686258,130.521102,70.0,-0.6505207560787211,-0.7060634977233016
-0.77095,0.649835,-0.691642,0.52291,148.611317,70.0,-0.6815824097027666,0.5039041188995168
-0.21715,0.356514,0.473191,0.740276,184.283917,70.0,0.4625708797185823,0.7259965057524731
-0.072535,0.896549,7.453018,-1.27007,61.756247,70.0,7.451675715870398,-1.2519243637221518
0.293148,0.93694,-0.218246,-0.106259,134.647253,70.0,-0.22837900504305794,-0.09703111067603003
-0.849696,-0.834725,0.015882,0.158764,132.866038,70.0,0.030142735442221784,0.17870097364951987
0.784065,-0.22722,0.402287,0.00716,187.146948,70.0,0.40300284706742723,-0.0013703443760039735
-0.889958,0.475898,0.749384,0.435473,152.983873,70.0,0.7658161776837857,0.41902668257312203
0.41844,0.723582,12.313771,-32.735293,103.470632,70.0,12.30760040453553,-32.729233777939044
-0.749322,0.150408,-12.3925,2.090891,102.354939,70.0,-12.40964265356383,2.1037974175643392
-0.093412,0.021162,-0.011433,-0.018816,369.770792,70.0,-0.013311825539977354,0.0011513305257474862
-0.332269,-0.446156,-0.547132,0.134566,133.328313,70.0,-0.5346679657463116,0.1161913097105898
-0.543148,-0.695316,-0.427598,0.021593,156.224682,70.0,-0.42544289251468664,0.010847654447134994
-0.178622,-0.101872,-0.218541,0.075549,334.079085,70.0,-0.21116449221269964,0.08475070703978037
-0.154368,-0.466916,-0.021162,-0.208783,239.589731,70.0,-0.03844958930728637,-0.18889485314584475
0.548889,-0.825399,-2.959471,-0.031027,134.971295,70.0,-2.962561269588812,-0.04329230812316247
-0.473403,-0.490561,-0.278953,0.010784,193.493109,70.0,-0.27787512247469726,0.014286472393700766
-0.85575,-0.593506,-0.878187,-0.438574,148.705474,70.0,-0.8944404366119062,-0.444892927946042
0.93804,-0.361824,-5.045908,-3.876456,138.176682,70.0,-5.056065636335498,-3.8565496268799477
0.831468,0.478841,-0.413883,0.253878,160.773718,70.0,-0.39478460106866187,0.24431374293409866
-0.118484,0.647688,0.132754,-0.509962,98.952824,70.0,0.12159717165008058,-0.49420849655185645
-0.310362,-0.248729,-0.570609,-0.26354,142.976953,70.0,-0.5899718346966483,-0.2827131633287551
-0.383536,-0.097449,0.227782,-0.032905,256.471265,70.0,0.2245063247248081,-0.024533306675979676
0.182616,-0.776853,-23.301854,-22.883904,85.769709,70.0,-23.321239098407908,-22.903177593333556
-0.576255,0.880446,0.123754,-0.161741,137.145178,70.0,0.1092861266634945,-0.14544914971856981
-0.339774,-0.581918,-0.32394,0.137854,196.279928,70.0,-0.311220519938486,0.13687631634435296
-0.294809,-0.861488,0.143892,1.909707,148.507334,70.0,0.14142317250762493,1.9247502337446636
0.969299,-0.99971,0.872588,-1.039494,120.789487,70.0,0.890280743483661,-1.0463416028527002
-0.123968,0.461996,0.908233,-0.755599,165.756292,70.0,0.920119118402504,-0.7590067711691909
0.761466,-0.042908,-3.327879,-0.117376,108.35346,70.0,-3.3389543156856387,-0.1293097132996082
0.840856,0.266021,1.396076,-1.070234,86.468485,70.0,1.4121324626262122,-1.0549010719227698
-0.980938,-0.630908,4.019616,-6.032444,131.778319,70.0,4.038618937031469,-6.026109547094277
0.322543,0.976186,1.886149,0.821479,111.510918,70.0,1.8696988895730724,0.8014793560545153
0.76533,0.904624,0.838452,0.854463,130.571939,70.0,0.8203575970084277,0.8445231586927594
0.015727,0.323733,0.776798,0.425255,98.881975,70.0,0.7937909621854607,0.410518001270288
0.988635,-0.007347,-1.936438,-0.013464,107.724776,70.0,-1.9377833832535707,-0.03280504111116604
0.516164,-0.829838,-4.958985,13.241578,120.375609,70.0,-4.963631049973566,13.26044761353108
0.919227,-0.548128,0.99902,-0.327462,148.693354,70.0,0.9790642243793174,-0.3218827986007524
-0.383277,0.255891,0.326233,-0.024964,300.460448,70.0,0.3237430772842728,-0.026170640243766998
0.761893,-0.872436,-0.187544,0.097585,133.476124,70.0,-0.1781681192873114,0.10941755445856817
0.973126,-0.671416,-5.643255,5.74873,124.036934,70.0,-5.65230052903483,5.728763698870446
-0.481971,-0.484595,0.648619,-0.385858,183.773438,70.0,0.629890471963806,-0.4057550611615016
-0.584699,0.971294,-1.004182,0.769392,130.721512,70.0,-1.0171482712214976,0.7754649964129482
0.545737,0.195873,-0.321105,0.062939,228.389818,70.0,-0.31491447072147616,0.062244566146091834
0.038831,0.626117,14.261376,-18.888952,152.971439,70.0,14.257461819740447,-18.900589711708115
-0.847774,-0.543031,0.709693,-0.405895,152.959507,70.0,0.6917602336865364,-0.42426226093891634
-0.723603,0.39942,0.534437,0.525786,176.481303,70.0,0.5442469865982663,0.5079492720533832
-0.94184,0.490668,0.537162,0.16657,152.553878,70.0,0.5519590353500123,0.14861166387314356
0.64874,-0.625381,0.611863,-0.444017,156.996784,70.0,0.5959327183516897,-0.46394934205828964
-0.781146,-0.727553,0.601561,-0.418615,144.016847,70.0,0.584227305996179,-0.4384362754607939
0.011554,0.19491,0.111856,0.036907,281.525435,70.0,0.115525788966021,0.053859746908687195
-0.14812,0.543488,-1.090834,0.502229,139.61384,70.0,-1.0790438716937105,0.5157410413698091
0.399753,0.652417,-0.769957,0.203535,197.02705,70.0,-0.7529392221175638,0.1883442214802142
-0.824519,0.310624,-3.17301,-0.035953,129.470108,70.0,-3.176585967304334,-0.05570674459967716
0.654317,-0.890913,-0.661446,-0.791187,135.284146,70.0,-0.6469005124510534,-0.8109132693874639
0.422997,-0.684954,-0.358998,-0.355676,168.819405,70.0,-0.37856863532588364,-0.36012240574162285
-0.020931,0.205586,0.045705,0.00268,265.456974,70.0,0.04597299197972534,0.022160032051287484
-0.713265,0.150735,9.722902,1.339495,84.337255,70.0,9.730952796300715,1.3378931947989403
-0.602494,-0.118979,-0.390536,-0.068024,243.155675,70.0,-0.39720800440598597,-0.07547738222029322
0.31694,0.8172,17.126536,3.085119,83.18214,70.0,17.132108618164633,3.0713243727595376
0.688482,-0.681862,0.123955,0.103366,150.125791,70.0,0.13383753318208474,0.11964618337942506
-0.052243,-0.047434,0.053091,-0.017065,367.332714,70.0,0.051386569900854606,0.0022344646453859654
0.769595,0.591333,-0.371139,0.037213,153.548641,70.0,-0.3674391348776259,0.03159179579174655
0.538439,-0.454087,0.519212,-0.305408,187.231119,70.0,0.499231143106745,-0.3225050206445676
0.165706,-0.974392,-0.191075,2.064136,108.050984,70.0,-0.2066904601237501,2.07568205199208
-0.600296,0.824536,-0.719951,0.619412,139.961425,70.0,-0.7190606412831957,0.6014746638614458
-0.023286,0.624037,1.989119,-4.219178,151.456074,70.0,1.9735115840261184,-4.2365262583899925
0.184712,0.457946,3.354268,5.921655,229.095,70.0,3.334826386088914,5.9119365282078755
0.701308,0.888498,-0.489652,0.390996,134.878403,70.0,-0.4711099059435759,0.3756135924390045
0.990454,0.55248,-3.755546,-0.878135,132.601011,70.0,-3.736572102737318,-0.8581865674547798
-0.462491,0.917476,-1.290776,1.434334,113.270847,70.0,-1.2752536579361942,1.4540433399867023
0.014252,-0.464256,-0.918524,0.754985,97.19702,70.0,-0.9303606821887999,0.752595343083454
-0.755483,0.591984,-0.415384,0.205169,156.482831,70.0,-0.3982809495432472,0.19547318910427844
-0.527669,-0.534859,0.62693,-0.309969,176.436507,70.0,0.6069343894203768,-0.3299685179975474
0.625921,-0.138387,0.653504,-0.21221,213.468705,70.0,0.636046633658986,-0.23205163247897384
0.130869,-0.492531,2.002386,-0.558096,124.961778,70.0,1.9955071441718497,-0.5747464360299416
0.034153,0.007655,0.036372,0.00811,320.169108,70.0,0.037182777763384085,0.027780179922424503
0.662857,0.645763,0.393107,0.073275,156.241501,70.0,0.40027166753630417,0.06558366056124953
-0.653318,-0.313573,0.41445,-0.260534,190.871067,70.0,0.3951646205622383,-0.2701480149971531
-0.225037,-0.20393,-0.059445,0.060913,322.188762,70.0,-0.053447435532270146,0.0800360575660984
0.542441,0.810176,-0.100756,-0.00126,167.659932,70.0,-0.10088199916651165,0.016255281361044267
0.630472,0.348375,0.562806,0.306458,194.122703,70.0,0.5827911744599684,0.28752141324393976
-0.853271,-0.925353,0.67744,-0.508699,125.992738,70.0,0.666178572432008,-0.528098796606829
-0.407165,0.777126,-0.026136,-0.193952,137.724727,70.0,-0.04263100035391131,-0.17412252973489004
-0.843362,-0.389935,0.726367,0.074458,168.686935,70.0,0.7336419902309403,0.05681362443587602
0.354589,-0.428374,16.722191,7.263002,115.535999,70.0,16.702538537095325,7.255979924248261
0.320505,0.725287,0.834847,1.30404,109.837536,70.0,0.8395430365858998,1.2937889646106144
-0.107659,0.575257,0.368591,0.668199,88.886633,70.0,0.36462932889919764,0.6628227743996755
0.345484,0.555354,-0.117836,0.100033,185.671269,70.0,-0.10824459333599844,0.11666093231451169
-0.170615,0.474661,-0.674064,0.197195,118.744509,70.0,-0.657387785283755,0.17771588514314252
-0.372044,-0.938335,0.619444,0.165443,193.8963,70.0,0.6341649796553762,0.14546268609349908
-0.597152,-0.330942,-0.296008,-0.014437,200.220905,70.0,-0.297450446551547,-0.012624364216839972
-0.145512,0.387294,-6.468852,-11.79264,83.523267,70.0,-6.482145525115936,-11.780656618402352
-0.755726,0.514884,0.524314,0.273921,161.244149,70.0,0.5439105840463158,0.2565648415332769
-0.349176,-0.593825,-2.398631,-2.664654,130.119645,70.0,-2.412364414003832,-2.6478507724622022
-0.408403,-0.034113,0.30763,0.020909,308.525066,70.0,0.3097170932775919,0.021561810562448932
0.656506,-0.10308,-0.407302,-0.083892,170.008208,70.0,-0.4154473465120858,-0.09287321167391076
-0.466911,0.620813,-0.307275,0.262278,165.474197,70.0,-0.2879441514068057,0.26296629059947535
0.006874,-0.460492,0.549681,1.094985,84.294582,70.0,0.5352192687307369,1.0765111509223138
0.504152,-0.724838,-0.515778,-0.68225,152.96946,70.0,-0.510449976370415,-0.6991663281232031
-0.358584,-0.721937,1.454672,-0.804409,109.690576,70.0,1.4700925402613747,-0.7934381239105232
0.404924,-0.434563,0.24786,-1.335535,135.82759,70.0,0.24017325746098894,-1.3290258349278152
0.306555,0.265609,0.027775,0.083253,305.870529,70.0,0.03586194459250099,0.10306044711125006
0.084147,0.261169,0.886155,-0.898732,142.155297,70.0,0.905678480702218,-0.9042901282514573
-0.531033,0.92889,-0.488089,0.287454,131.293269,70.0,-0.4682670280541712,0.27217195309969394
-0.152672,0.045455,0.14659,-0.032561,376.534131,70.0,0.14334826502493217,-0.017696922053256077
-0.030522,-0.986425,6.65769,28.049427,65.579552,70.0,6.675731334910054,28.04348360475273
-0.839391,0.356331,-0.335304,0.475385,165.206067,70.0,-0.32145805577031705,0.47327446342115015
0.859309,0.400538,1.709858,0.700901,147.389634,70.0,1.7027580321755038,0.688088554985044
-0.150102,-0.756978,6.101407,7.231751,96.927323,70.0,6.081416264906281,7.244043410176221
-0.524244,-0.966622,-1.915334,0.834829,130.595854,70.0,-1.9325062038273821,0.8150592686902287
-0.022741,-0.204445,1.927982,0.404745,118.772777,70.0,1.9459653874129423,0.3852060356907965
-0.101345,0.689288,2.059548,-1.983372,105.728956,70.0,2.0689972383683055,-1.9962231949901266
0.866006,0.962073,-0.846056,0.868762,125.72271,70.0,-0.8647128053346498,0.8594890239580341
-0.432027,0.915062,-0.961816,1.487947,109.948059,70.0,-0.9435076037926117,1.4898778085366904
-0.551275,0.713769,0.708867,0.640799,152.859533,70.0,0.7076197629075497,0.622399207761049
0.31699,-0.3507,0.731908,-0.247266,186.961784,70.0,0.7130162873913286,-0.2646427454706358
-0.213883,-0.724006,4.789163,-14.999289,70.411652,70.0,4.7969841200775365,-14.991798765881908
-0.370217,-0.234753,-0.037154,0.001135,283.609699,70.0,-0.03704050060922209,0.02079088640843948
0.510286,0.374929,-0.086588,-0.058642,202.690915,70.0,-0.09236853418847665,-0.04048727554168011
-0.564863,0.339782,-0.413493,0.176875,200.914415,70.0,-0.39802261939875694,0.1673450126111732
0.714403,0.966487,-0.308634,-0.107207,127.216021,70.0,-0.3188486228844764,-0.10665454374407843
-0.251618,-0.939865,-15.414068,11.888404,107.697087,70.0,-15.4091540260704,11.886381065561896
-0.316495,0.665075,-0.99102,0.947623,146.160641,70.0,-1.0110133820841531,0.9524297013198416
-0.090732,-0.939539,4.260914,0.236868,71.928099,70.0,4.2794390102643005,0.2213996127852151
-0.827534,-0.359513,-0.232113,-0.200613,156.571908,70.0,-0.248975461126035,-0.19263657056124406
-0.342853,-0.338715,-2.451751,-0.086125,179.947972,70.0,-2.4600997764913135,-0.0670638352103694
-0.787713,0.914144,-0.770603,0.789832,130.531981,70.0,-0.7850551544418575,0.7746833204846068
0.022372,-0.000457,0.023938,-0.000236,308.723663,70.0,0.023914400005476774,0.019620913978661537
0.31215,0.299169,-8.094237,1.242602,159.213724,70.0,-8.095639354482284,1.2239519800921983
0.136402,0.516761,-0.168991,0.335765,198.545456,70.0,-0.14910758849195757,0.34904029881029797
-0.790077,-0.827689,0.794979,-0.825441,135.22936,70.0,0.811651209558455,-0.8388897035912696
-0.973552,-0.490244,-0.745696,-0.515001,148.721042,70.0,-0.7564311210955009,-0.5316543682022229
0.46125,0.233624,0.486261,0.193487,236.512423,70.0,0.5027296601615626,0.17832351315412517
0.52578,0.778301,-0.200211,-0.559998,143.829798,70.0,-0.20691095144725125,-0.5492097149308222
0.909548,0.781257,-0.8246,0.605768,135.180742,70.0,-0.8223497220339456,0.59465093603934
0.582434,0.970387,1.001984,0.767584,130.728595,70.0,0.9891559130315054,0.773447212025605
-0.711128,0.063987,-1.84279,0.439323,185.042473,70.0,-1.826580323113304,0.4197658403420916
-0.577152,-0.196757,-0.685488,-0.258571,207.186566,70.0,-0.7047204465467376,-0.27775946140824576
-0.890196,0.477876,0.7517,0.437595,152.983686,70.0,0.7680102901073542,0.42128156995793176
-0.345255,-0.699208,-16.051254,-10.093624,85.915108,70.0,-16.055279072081554,-10.090721143324238
0.417287,-0.665152,-0.304614,0.196549,153.447442,70.0,-0.2879735346688925,0.19750316420671452
0.795844,-0.250585,-0.449267,-0.075896,197.220714,70.0,-0.45667575027351603,-0.08840235543920236
0.415766,-0.222114,-0.612131,0.071257,221.39473,70.0,-0.6051551009266516,0.05132247328354425
0.937889,-0.896581,-0.703028,-0.857583,125.788194,70.0,-0.6848028900855528,-0.8762037741409969
-0.838129,-0.43928,0.819298,-0.463021,161.166925,70.0,0.8045868714647704,-0.4745748510470992
-0.97131,-0.808562,-0.909017,-0.820533,130.631354,70.0,-0.8926208778144752,-0.8238634916313873
0.502125,-0.776761,0.506861,-0.605022,148.808989,70.0,0.5045366115584903,-0.621445976318767
0.985153,-0.541592,-0.023948,0.10643,163.297146,70.0,-0.013800255868723616,0.12628679454940958
-0.544364,0.871302,-3.027568,0.842049,131.0013,70.0,-3.045099053335143,0.8252123110113949
-0.034342,0.809939,8.649994,-45.887691,75.601724,70.0,8.65203427031695,-45.87281859039779
0.652501,0.584494,-0.583403,0.377154,161.080014,70.0,-0.5643869092988151,0.3576562350340578
-0.415226,-0.697107,0.069719,-0.863051,154.455366,70.0,0.08816246580512295,-0.8442539288612821
-0.273062,0.639818,-19.632437,1.034198,69.307275,70.0,-19.650370453903275,1.0198790042843535
-0.586803,-0.390496,0.451742,-0.218657,190.823401,70.0,0.4339791721548748,-0.23135553453633217
0.936023,-0.264137,0.68518,0.430261,188.942687,70.0,0.7019036755323622,0.4110638766569636
0.651562,0.810525,0.628956,0.639055,139.898476,70.0,0.6278828686691005,0.6190551015916854
0.48815,0.332062,-0.433706,0.112299,210.519267,70.0,-0.42305695499534174,0.10104358910581626
0.972547,-0.399514,-8.200658,24.240571,116.091901,70.0,-8.181287383815226,24.220834758672794
-0.637255,-0.34403,-0.501214,-0.208488,194.032397,70.0,-0.5184867367248347,-0.22458323120341797
-0.112178,0.622863,-0.423013,0.93295,118.810564,70.0,-0.44299030956724206,0.922594148511512
0.466723,0.208365,0.128286,-0.039278,240.931182,70.0,0.12438339992808312,-0.023253181028169395
-0.01559,-0.013374,-0.011591,-0.01515,311.64475,70.0,-0.01310455155484465,0.004816421579878088
-0.7705,0.20967,1.580894,-0.225835,189.423163,70.0,1.5628128022541108,-0.22684433837972787
-0.07992,0.783856,18.297821,-34.305769,70.718041,70.0,18.278786847647922,-34.324320566407515
0.270495,0.212924,-3.502954,0.676424,151.085056,70.0,-3.507718296498913,0.6811005100018098
0.605426,-0.598295,0.147956,0.08837,163.480372,70.0,0.15650825051598993,0.10314233768396021
0.450375,-0.547285,0.470303,-0.54854,172.902198,70.0,0.46253503659647377,-0.5626158030409709
-0.221259,-0.696481,4.604193,-12.402659,106.861001,70.0,4.6187962271196845,-12.412958524301331
0.238143,0.466183,-0.520548,-0.015713,132.648156,70.0,-0.522117684034608,-0.03287896017546735
-0.858829,-0.330816,-12.518285,-1.92458,79.891371,70.0,-12.514348430900696,-1.9051552773586335
-0.025771,0.871061,-0.252867,-0.624352,167.154456,70.0,-0.2532636270694409,-0.618318265276224
-0.076631,0.068515,-0.059137,0.016073,381.683452,70.0,-0.05753142957478846,0.03520505522123041
-0.473991,-0.374044,-0.549225,-0.204047,207.281688,70.0,-0.5662696197883588,-0.22250333013018364
-0.56228,-0.241008,0.493498,-0.285575,216.525688,70.0,0.47370191759140856,-0.30120034772193144
-0.629159,-0.270986,-0.269827,-0.037045,206.716051,70.0,-0.2735103537905284,-0.03264798788481646
-0.463232,0.467522,0.175155,-0.075992,196.467422,70.0,0.16773733354938333,-0.06318396360981442
-0.352992,-0.742644,0.97879,-0.645283,144.318602,70.0,0.9804844133852224,-0.6416716969204614
0.374157,0.453726,11.258097,-1.998466,105.007944,70.0,11.26884838986717,-1.979128888838462
-0.232504,0.301006,-1.939914,0.02286,129.932249,70.0,-1.93763297432023,0.003610367041471319
-0.999731,-0.4819,0.779031,-0.163357,144.208816,70.0,0.7644520257263341,-0.17794211995889486
0.712793,-0.092339,-8.528756,-0.026536,102.670221,70.0,-8.531401821195438,-0.021932078258278857
0.051958,-0.73598,-12.79423,37.774921,71.142076,70.0,-12.786829316908086,37.78328566470558
0.386594,-0.519416,2.096428,0.407712,142.030085,70.0,2.1142795771930074,0.3978885676451734
0.17013,-0.619282,8.031688,27.010518,73.605496,70.0,8.032405727945527,26.994995063468277
-0.268717,-0.318682,0.343979,0.314926,192.305291,70.0,0.36397885302967753,0.31195506267946627
-0.083736,0.646588,-1.038452,-0.287748,211.326634,70.0,-1.0582778645468525,-0.27851470466491246
-0.797169,-0.025782,0.032423,-0.001289,194.709555,70.0,0.03229410089237338,0.01844876235151587
0.684011,0.170233,3.075843,1.553491,99.976329,70.0,3.0957681781153483,1.5345620556535624
-0.898686,-0.212144,26.537173,-15.9284,95.820641,70.0,26.55501691468586,-15.913616794141412
0.488982,0.313167,-0.529587,0.277014,216.547122,70.0,-0.509930952278569,0.2594018885225695
-0.607336,0.504108,-0.126762,-0.089531,173.950635,70.0,-0.13541905583297661,-0.07341545984964001
0.544914,0.376555,-0.447461,0.181041,197.613827,70.0,-0.43172996472058167,0.16867608739392656
0.76787,-0.404285,-0.556523,-0.287394,168.910026,70.0,-0.5763441722744481,-0.3061191296163403
-0.814417,0.100715,1.566416,-0.079632,171.564774,70.0,1.5586615413634242,-0.07919400233903773
0.720648,-0.067125,-6.030513,-0.517761,124.089006,70.0,-6.041014234759875,-0.5117087059861546
-0.169274,-0.986382,-14.965218,39.90427,99.947352,70.0,-14.985208870327737,39.92108495308358
-0.115953,-0.816684,-0.142814,41.837099,86.050713,70.0,-0.12353636206499627,41.852213052775625
-0.007129,0.184133,-0.00556,0.476205,190.467768,70.0,0.008226655797123616,0.4961972720977219
0.722256,0.95437,0.477462,0.321431,130.05442,70.0,0.49744878192506353,0.30685574109744346
0.091901,0.572346,-0.082904,-0.640628,85.438296,70.0,-0.08167383007800194,-0.6223218050753523
-0.580171,-0.931915,0.592807,-0.50124,135.18263,70.0,0.5809371283417553,-0.5209255602049899
-0.70331,-0.538943,-0.505828,-0.310334,164.771483,70.0,-0.5258243419477501,-0.32669881017045255
-0.021261,0.669682,3.989404,-18.827695,83.190979,70.0,3.991585741698538,-18.818577906151425
-0.65233,0.282133,0.280555,0.014878,198.091364,70.0,0.28204142816381494,0.018222637379660886
-0.186809,0.30331,0.078072,-0.400754,181.216544,70.0,0.05991755809801551,-0.38225855735806563
-0.273917,0.278367,-0.13179,0.025953,256.167276,70.0,-0.1292019775600541,0.04176571137180933
0.519652,-0.201566,0.268509,-0.055698,231.257433,70.0,0.2630109171931091,-0.05117250896988185
0.274742,-0.406926,0.23212,0.200125,98.380875,70.0,0.24895617018754565,0.20810078751385802
0.792977,-0.436586,0.689877,-0.335714,165.158537,70.0,0.6699930392631727,-0.3547740942484605
0.301779,-0.007019,0.057413,0.000643,313.083342,70.0,0.05747729988923018,0.019824580336544516
0.030953,0.220275,-12.904175,-1.436156,120.349742,70.0,-12.919811589643615,-1.4385150076302533
0.164669,-0.401869,6.761904,-12.428586,80.716084,70.0,6.774618124733539,-12.443247024667938
-0.211573,0.094864,-0.239439,-0.134475,321.804214,70.0,-0.25189591620738466,-0.1271755860966902
0.374351,-0.280612,-2.613639,-0.658968,109.073337,70.0,-2.610586035577808,-0.6414338711031584
-0.248872,-0.799834,0.153998,0.096356,222.622352,70.0,0.1632651458823983,0.11071435261854867
-0.811084,0.106652,6.557034,-0.523205,103.144135,70.0,6.546999917437277,-0.5192011800105041
0.498717,-0.067599,1.655172,0.076345,172.039475,70.0,1.6626224372650984,0.06815550304094502
-0.140822,-0.800495,20.360365,6.923632,63.404017,70.0,20.359152926969536,6.929541185907998
0.083126,-0.908555,0.387632,0.402006,174.472754,70.0,0.405733556127047,0.39482287482806366
-0.076795,-0.695102,3.249679,-4.126466,142.901122,70.0,3.2301266655941103,-4.1436157326489855
-0.571589,-0.702997,0.661935,-0.606477,152.847164,70.0,0.659755185821733,-0.626195147753158
0.737736,-0.876814,-0.460422,-0.273988,134.686079,70.0,-0.48001992185303055,-0.2873449594989363
-0.621198,-0.477685,0.628388,-0.45118,176.404476,70.0,0.6129009309661722,-0.47117999879350475
-0.456593,0.037879,0.063394,-0.030929,269.427262,70.0,0.06031341309045581,-0.011925316082234499
0.630365,0.537761,-0.682141,0.501708,168.861975,70.0,-0.6703088272568499,0.4824278543647872
0.142518,-0.705432,-0.703539,-1.432706,88.203716,70.0,-0.7189581690906518,-1.4513080659485038
-0.197885,0.142285,0.212596,-0.065037,343.867803,70.0,0.20620631808447568,-0.055311594086349274
-0.613201,-0.067807,0.143446,-0.024398,209.62251,70.0,0.14101224683731592,-0.009325413238334827
0.360071,-0.293271,-1.930364,0.352973,159.159346,70.0,-1.9107394459195195,0.3334862703393314
0.988415,0.286664,-1.442463,0.404958,94.769858,70.0,-1.4244889436805184,0.4169286282275805
-0.046504,0.404365,-6.968837,-2.267195,116.168979,70.0,-6.9499845808516465,-2.286378839326839
0.156858,0.313009,-0.133336,-0.135936,284.860441,70.0,-0.14590688337117025,-0.12021841968447232
0.749057,-0.593046,0.513131,-0.355316,156.741872,70.0,0.4935529769246974,-0.3720896400989028
0.667973,0.617694,0.654233,0.501734,156.954029,70.0,0.6660630764574165,0.4819016551690527
-0.415117,-0.876161,-0.862155,0.716828,139.652096,70.0,-0.8707198559304128,0.7090099118232701
0.361029,-0.181078,0.400589,0.063167,268.813994,70.0,0.406801205562117,0.054790541820527935
0.622092,-0.502902,0.589331,-0.369237,172.705091,70.0,0.5700846083616541,-0.38885819496581475
-0.268013,-0.487371,0.615567,0.533679,222.505025,70.0,0.6246816978336273,0.5137196366153309
0.747507,-0.653322,0.38578,-0.087271,149.238667,70.0,0.3773272235392403,-0.09428097669432318
-0.385138,0.993428,-1.588317,-0.707834,109.028015,70.0,-1.5805732842005686,-0.709583827184032
0.541003,0.645635,-0.728925,0.520483,161.045163,70.0,-0.7186563903153134,0.502960505098602
-0.813443,0.467673,0.466959,0.037783,161.631617,70.0,0.4707148661885151,0.023946713759753803
0.172405,-0.392242,-1.659402,0.431476,138.37256,70.0,-1.6427452692519302,0.42290245146135264
-0.411688,0.760994,-0.720112,0.137902,165.387317,70.0,-0.7073888160945309,0.11997179071425723
0.034129,-0.386668,2.350959,1.177639,129.26246,70.0,2.3432630151529956,1.1914061276058237
-0.73706,0.22721,0.747372,0.198296,183.654962,70.0,0.7641087424736448,0.1817360276151523
0.718435,0.741937,-0.731346,0.734519,144.221598,70.0,-0.7414739583735127,0.7171144986760751
-0.264681,-0.499874,18.992539,19.986839,112.285104,70.0,18.981299527436907,20.00194197417573
0.622547,-0.859936,-0.165631,0.161262,136.989663,70.0,-0.15119624000102727,0.17478672188063782
-0.936397,-0.020297,-0.599465,0.018757,201.898263,70.0,-0.5975920484503562,-0.0010352291804734265
0.872239,-0.283351,-0.41088,-0.515904,144.503152,70.0,-0.4215388224410357,-0.5252034522004817
-0.288382,-0.833894,32.220457,5.384118,86.761356,70.0,32.239987729059834,5.37139131879739
0.742097,0.419497,0.515964,0.500074,172.738017,70.0,0.527927513600151,0.48314775657557757
0.489175,-0.442521,0.611709,-0.274776,194.170902,70.0,0.5920955090316059,-0.2947070705027252
0.54121,0.11195,-0.299748,-0.112193,228.142968,70.0,-0.31038807103298405,-0.1107531202226584
-0.463999,-0.423917,-0.127,0.008837,195.123021,70.0,-0.12611658751527932,0.024938433929469254
-0.766866,-0.717258,0.766205,-0.717745,144.22002,70.0,0.7748526315766034,-0.7331771444666939
-0.950145,0.915605,0.777032,0.956875,125.74252,70.0,0.7570837974965743,0.9421538310717074
0.57496,-0.649931,-0.201802,0.098726,159.67702,70.0,-0.1923254870255558,0.10937997648250511
0.615938,0.064334,-0.271296,0.188104,215.855901,70.0,-0.25513870638035085,0.1923575889181964
-0.731543,0.955661,-0.279583,-0.004346,129.186521,70.0,-0.2800175657983018,-0.0009055713068797152
-0.207785,-0.234789,0.138874,-0.150427,284.274211,70.0,0.12521001277918448,-0.13505786015655935
-0.102425,0.544571,1.397088,1.408071,81.071993,70.0,1.410825343598715,1.4233387546286147
0.605673,-0.461746,0.625561,-0.448824,180.088384,70.0,0.60992593228326,-0.4688220990361995
-0.56708,-0.910292,0.955731,-0.722173,135.432237,70.0,0.9647757482534763,-0.7208486493493366
0.719468,0.09918,-2.014046,-0.087069,111.215696,70.0,-2.022480464928917,-0.10304555840057603
0.926485,-0.572363,0.997899,-0.451788,148.73211,70.0,0.9824504738698224,-0.446316535607922
0.298625,0.991525,1.860952,-0.847426,148.93563,70.0,1.878735485002294,-0.8672821297114077
0.55745,-0.940902,-0.679372,-0.449561,135.254058,70.0,-0.6949610032499055,-0.46891291648406913
0.252662,0.492549,1.580206,0.597219,116.649746,70.0,1.5833034353527815,0.5962783797872425
0.269307,0.238542,0.192545,0.096652,298.477856,70.0,0.20183836640135872,0.1080777112488136
-0.822095,-0.945548,0.79498,-0.689487,125.845755,70.0,0.80100193076269,-0.7029356295754998
0.170181,0.237064,1.416266,-14.863869,149.226483,70.0,1.4338945749102596,-14.849908271491998
0.332987,0.504462,8.767854,-0.397532,112.093749,70.0,8.749566733651328,-0.3777362191620985
0.496399,0.972171,0.578292,0.943833,131.037363,70.0,0.5582924591426616,0.924455408116751
-0.72092,-0.497965,-0.315653,-0.04237,165.672958,70.0,-0.31985837798558703,-0.04251937207540376
0.703601,-0.575633,-0.588211,-0.430187,160.91479,70.0,-0.6049387329127389,-0.4497861924182581
-0.671398,-0.18183,0.533259,-0.163063,197.091667,70.0,0.5187001677792874,-0.18084613107599998
-0.01042,0.879408,2.663462,-50.08637,78.106634,70.0,2.6790732135805433,-50.07174903551066
0.203854,0.169291,-0.255788,-0.102514,350.595639,70.0,-0.26559637171236833,-0.09675938909645793
-0.719331,0.199862,-0.719562,-1.008608,179.425291,70.0,-0.7006453763060665,-1.0265625076971927
-0.911991,0.16939,0.445123,-0.129169,184.319376,70.0,0.43308553073797185,-0.14134930864953607
0.929528,0.581068,-0.44883,0.690118,144.531547,70.0,-0.4549120724518205,0.6776457765664485
0.017289,0.579183,-4.156725,-26.926271,64.157764,70.0,-4.165552476155475,-26.93337770598221
0.331106,0.902444,-0.884502,-0.688269,143.95231,70.0,-0.8785963278981941,-0.6939857251341188
-0.622967,-0.202267,-0.280838,-0.310381,178.6207,70.0,-0.30083443128385545,-0.30706426742729387
0.497888,0.001761,-0.752645,0.001119,160.815937,70.0,-0.7525331005838192,-0.01513957844227184
-0.405281,0.439,-6.356287,0.73724,116.583688,70.0,-6.366648645634974,0.7559188428903562
0.277007,-0.345993,-10.744794,0.031231,126.093625,70.0,-10.74168357701236,0.012226847910320075
0.89199,-0.324268,0.247159,0.114846,158.470954,70.0,0.2580227690290963,0.12142140845824786
0.029244,-0.492122,1.999558,2.778782,68.754277,70.0,2.018969172818892,2.761976564686019
0.901291,-0.001667,-0.598674,-0.000225,185.767503,70.0,-0.598696499995254,-0.020005702387612866
-0.025657,0.782918,5.10586,-17.325675,61.387471,70.0,5.125312254815972,-17.307227087693622
0.500408,0.359042,-0.33375,0.025173,204.440705,70.0,-0.3312393412476404,0.023217057892808285
0.414835,0.13778,0.166728,0.004171,265.516469,70.0,0.1671450697657024,0.017614704497999668
-0.336407,0.006019,0.237614,-0.000471,327.352736,70.0,0.23756690004353628,0.0069980186211452055
-0.840663,0.972217,0.84908,0.875889,125.733606,70.0,0.8301783146218843,0.8668850058630956
0.05616,-0.11098,0.039219,0.127191,364.722568,70.0,0.05109792174425474,0.14680769814171823
0.756042,0.795965,0.658322,0.574503,139.679694,70.0,0.6636388478546216,0.5547276302885572
-0.212395,0.275781,1.535402,-5.720516,165.123695,70.0,1.5418496656784342,-5.716995013635466
-0.950476,-0.642855,-1.701372,-0.434018,130.110731,70.0,-1.7178866846221215,-0.44616750632301916
-0.456011,-0.173071,0.447723,-0.172123,249.478296,70.0,0.43255812662809184,-0.18450849479614487
-0.798057,-0.948555,0.7112,-0.489462,126.010709,70.0,0.6984033137150815,-0.5077691022345664
-0.362775,0.834244,-1.615376,0.904227,120.606597,70.0,-1.6350113327549025,0.8998058557897778
-0.864728,0.513265,0.423764,0.027326,153.560482,70.0,0.42648810601331055,0.01690597315604013
0.439634,0.932092,-0.478215,0.213499,115.372873,70.0,-0.46069509915774604,0.19887228163790155
-0.32893,-0.331793,-0.381162,1.623428,215.172367,70.0,-0.36185053589991684,1.6168523583408194
-0.440563,-0.539657,-0.534758,-0.349699,187.332033,70.0,-0.5544430618542049,-0.3675502256611055
-0.011243,-0.958678,7.671193,-10.128055,119.573539,70.0,7.663871410390411,-10.112216646013186
-0.494723,-0.802673,0.754117,-0.163179,144.900355,70.0,0.7395502168146688,-0.1793514150364048
-0.52899,-0.732227,0.664446,-0.661511,152.877278,70.0,0.6677500306189856,-0.6811855877823223
-0.531868,0.889854,0.153973,0.435789,148.288687,70.0,0.17038714354967163,0.4501490928265182
-0.215496,0.151238,0.219721,-0.23005,274.365121,70.0,0.2014636793280839,-0.22095322172129978
-0.140968,0.749899,-16.458324,-20.334374,79.994713,70.0,-16.476504221649442,-20.31798345758506
-0.455337,-0.84077,0.969826,-0.395471,144.719181,70.0,0.9514562573106333,-0.3927446943038269
-0.816186,0.356192,-10.737761,2.744896,147.030538,70.0,-10.719440070526948,2.7256844812805294
0.516845,0.614396,-0.437468,0.341932,169.067392,70.0,-0.41766052153087513,0.330367626687112
0.154544,-0.576063,-0.180307,0.638934,318.942594,70.0,-0.18136804856590916,0.651342136592205
0.11053,-0.326927,-0.041418,-0.284412,156.430965,70.0,-0.06119718258760591,-0.26483933217704647
-0.664552,0.870338,0.748582,0.782985,135.302449,70.0,0.7346115260776435,0.7664931786150964
-0.232798,-0.633239,-25.283247,20.603673,74.360801,70.0,-25.271076625741554,20.618272255290975
-0.839795,-0.435752,0.534083,-0.25094,160.927164,70.0,0.5150738770502652,-0.2687606865383036
0.31602,-0.655907,0.783258,-0.56057,135.59708,70.0,0.7766119708069887,-0.5748626554582908
0.167509,-0.672897,-0.449567,-2.08525,142.605022,70.0,-0.43272169161960145,-2.097779752467449
0.621738,-0.448626,0.608615,-0.437037,180.072871,70.0,0.5922724799107879,-0.4569400211948835
-0.051816,-0.873064,-10.514781,26.310441,98.428308,70.0,-10.522471375300725,26.29699033903002
0.407684,-0.054653,-0.873745,-0.001465,247.457886,70.0,-0.873891498689912,-0.008203781610517817
-0.554828,-0.989689,-0.929981,-0.58787,130.735835,70.0,-0.9339983355835731,-0.5891188665899437
0.30014,0.448935,-2.563297,12.595736,126.735798,70.0,-2.560371001123624,12.615113682318233
-0.745261,0.405395,-0.473199,0.400538,172.731076,70.0,-0.4550355059339229,0.3862579456267079
-0.523121,-0.089545,0.340544,0.059431,227.487217,70.0,0.3464000216408623,0.05680017314734576
-0.982344,-0.256995,-0.387585,0.251342,219.291237,70.0,-0.36856341893957695,0.24416326143034014
0.678452,0.741651,-0.514061,0.406206,144.463568,70.0,-0.49614202531428475,0.38938189163496073
0.920082,-0.176331,0.897478,0.229627,172.942522,70.0,0.9157180104845238,0.2251648926356673
0.403223,0.977198,-0.636879,0.551866,144.470416,70.0,-0.6294185847098117,0.5318843176117749
-0.241352,-0.411359,1.256125,0.46262,139.499311,70.0,1.2708632652323328,0.48261993444830725
0.295756,0.768678,17.617042,14.727843,89.6796,70.0,17.597395194446033,14.747697694818685
-0.836444,-0.115665,4.221845,-0.069946,129.796737,70.0,4.214992116713451,-0.08265934784401104
0.020904,-0.658749,-4.851778,25.050149,63.600725,70.0,-4.8598044660577395,25.062986563338967
0.412256,0.7899,-0.153678,-0.107165,159.330316,70.0,-0.1638890117492414,-0.09278438967173967
-0.157444,-0.169601,-0.432836,0.138986,281.753368,70.0,-0.4200293665159376,0.127802610713902
-0.491747,-0.794569,-1.187873,-0.029022,139.675279,70.0,-1.1907650254897155,-0.010192524682591485
-0.313318,0.061371,-0.297123,-0.054529,313.495099,70.0,-0.30250859349416037,-0.05282743292896243
-0.535818,0.510144,-0.622445,0.336708,180.128019,70.0,-0.6025719767713688,0.3167166239709285
-0.016371,0.853196,2.641151,-9.534801,60.365453,70.0,2.6516067086601547,-9.51875173504079
-0.332783,0.918494,5.544215,9.086747,114.210638,70.0,5.564072704593614,9.069730667562471
-0.866301,0.082755,-0.09285,-0.03273,190.65603,70.0,-0.09610841033880685,-0.014846847374220571
0.859918,0.642454,-0.646098,0.354428,144.469061,70.0,-0.6265020250693826,0.3345069753513031
-0.27595,0.10307,-0.198365,0.00528,312.667894,70.0,-0.19783706133034273,0.016223264005555207
0.301697,0.616479,7.115002,4.292566,89.14157,70.0,7.125083637640033,4.282055951961287
-0.835226,0.356208,-0.275864,-0.234036,199.555223,70.0,-0.29428041620245543,-0.2302298310439585
0.779467,0.496415,-0.583948,0.279931,161.236226,70.0,-0.5642401793464251,0.26042117058261993
-0.753264,-0.112236,7.345546,-0.164741,168.271449,70.0,7.330872631294114,-0.15345781741613007
-0.352052,-0.932471,-9.958776,-10.466108,84.892189,70.0,-9.976382388311068,-10.44829117174411
-0.035411,0.854777,8.824243,-41.136823,72.686181,70.0,8.844161687883359,-41.1170156715399
0.237396,-0.078422,0.027759,0.038605,346.755187,70.0,0.03159557178339021,0.058412668534319735
-0.044083,-0.899971,10.867272,42.174664,73.729448,70.0,10.859730943175144,42.16269585846728
0.189174,-0.554166,11.842934,15.102767,68.280587,70.0,11.845241078858006,15.084986549086151
0.126135,-0.053209,-0.145181,0.054782,379.217797,70.0,-0.13977104535228033,0.06973997955905255
-0.28953,-0.128289,-0.374997,0.031562,302.781951,70.0,-0.3718538840292201,0.025571616102616938
-0.156239,0.085058,-0.074529,0.045844,352.538229,70.0,-0.06998464011053332,0.06447135225225861
-0.432957,-0.709517,-14.350672,1.553363,92.41756,70.0,-14.330747932124684,1.5358428069354635
-0.8546,0.737328,-0.81742,0.679303,139.785654,70.0,-0.8224634053069061,0.6675963679811838
0.276318,0.070996,0.185767,0.02857,330.12302,70.0,0.18861429319387826,0.04054534927219223
-0.771386,-0.689906,0.302014,0.008795,145.236439,70.0,0.30289321656446516,0.010008780207950178
0.751298,-0.937958,0.631597,-0.57788,130.382846,70.0,0.6266064429574719,-0.5978773129699615
-0.256556,0.060424,-0.19341,0.023225,329.869006,70.0,-0.19109271630645702,0.03457960961454881
-0.448893,-0.539128,-0.436543,-0.47128,180.25399,70.0,-0.45068222897753807,-0.4827687808274982
0.883801,0.051361,0.408976,-0.072239,243.582848,70.0,0.40190815243629946,-0.08136946745080931
-0.776992,-0.912536,-0.809643,-0.857509,130.561416,70.0,-0.7914209389600957,-0.8698371782717913
-0.990844,0.893076,0.555827,1.003181,125.79885,70.0,0.5367411693738758,0.9844804353984026
-0.067399,-0.773918,-0.098295,0.110912,229.944455,70.0,-0.08776361413972923,0.1285447545172848
0.755964,-0.507266,0.189859,0.050021,163.667313,70.0,0.19480911387389602,0.06166612805583487
0.378199,0.38874,1.119796,-0.676806,114.919143,70.0,1.1245973881030913,-0.6613075683359613
-0.453143,0.022306,0.194819,-0.000397,295.019705,70.0,0.19477930002607113,0.010841337877011296
0.8982,0.051527,-11.064745,-0.271428,94.01248,70.0,-11.084290243627976,-0.26464800359271745
0.007019,-0.027462,0.004006,0.024481,326.413998,70.0,0.006447991270947164,0.04447698812513334
0.445578,0.835304,-0.688653,0.285939,167.831767,70.0,-0.6688517657370836,0.2668421811743112
0.959828,-0.174239,0.561572,-0.12015,173.075677,70.0,0.55026677367515,-0.13904652431016262
-0.439067,0.607548,-0.453811,0.434555,165.301985,70.0,-0.4373266648589747,0.4216973025797627
-0.945724,-0.784931,-0.34715,-0.113966,131.492652,70.0,-0.35793977835542395,-0.1172501326642682
-0.327134,-0.146989,0.367769,-0.166017,274.727439,70.0,0.35300922534232554,-0.1713140059618953
-0.44695,0.111828,-0.169058,-0.018516,261.78456,70.0,-0.17090695610529788,-0.0052457131408499835
-0.513239,-0.015288,-0.098197,0.020907,283.781669,70.0,-0.09611010563054191,0.03854437728309139
-0.953219,-0.7505,0.919484,-0.603164,135.239261,70.0,0.9169751735763337,-0.6054583174722881
0.341946,-0.919825,12.743762,1.153374,95.996234,70.0,12.733888417501573,1.1660094758755384
0.506739,0.770334,-0.100101,-0.152135,151.103603,70.0,-0.11388921104871474,-0.13458819319798151
-0.996374,-0.054153,2.977347,-0.091582,103.910684,70.0,2.9685055122199087,-0.10520845299821945
-0.148509,0.011631,0.114112,0.010463,376.275672,70.0,0.11515782280267126,0.027294972984414058
-0.51208,-0.527066,0.724888,-0.382024,176.473723,70.0,0.7060284000769823,-0.3997375296735487
-0.390022,0.905349,-0.850616,-0.07795,118.685069,70.0,-0.8582151435195944,-0.08681657622336507
0.193245,-0.139427,4.348493,0.815305,122.412794,70.0,4.332401821953551,0.7959202545841655
0.645758,-0.74808,-0.114667,0.122391,145.950841,70.0,-0.10317762447603805,0.13919293247428205
-0.973112,0.905721,0.68487,0.960268,125.751794,70.0,0.6649490706824666,0.9410622044481899
0.460272,-0.203269,0.274023,-0.042776,241.992742,70.0,0.2697779383768692,-0.03878925939496202
-0.347652,-0.985741,1.650506,-0.66322,105.454922,70.0,1.6539784597484037,-0.670981617780953
0.654384,0.225847,0.006913,-0.076883,195.530974,70.0,-0.0005873379086490191,-0.056894946202795865
-0.186937,0.149681,-0.122034,0.005044,361.830269,70.0,-0.12152965346876836,0.021435012370676354
-0.316307,-0.171773,-0.630678,0.062691,253.5548,70.0,-0.6245110575672632,0.042692391757681344
-0.98905,-0.958888,-0.759761,-0.733886,120.933273,70.0,-0.7496876758471211,-0.7497199663431862
-0.038315,0.043762,0.026706,-0.007132,358.713394,70.0,0.02599295114547457,0.01268996216542647
-0.484352,-0.504358,0.673001,-0.290847,183.754798,70.0,0.6531367116702348,-0.31034994187965437
-0.750555,-0.574694,-0.678532,-0.600677,156.948908,70.0,-0.6812873616273379,-0.620049956082536
-0.888648,0.500193,-0.233617,0.028814,156.00639,70.0,-0.23074555746270056,0.03665228410476821
0.749583,0.239246,0.591371,-0.028822,139.467061,70.0,0.5884987657531132,-0.048481689490336224
-0.991974,-0.108049,-0.761563,0.09502,143.240019,70.0,-0.7524144525167145,0.07929676125155455
0.018262,0.934276,0.477099,-0.19157,224.806416,70.0,0.4607398678414973,-0.20612037790080004
0.371576,-0.920341,-0.104154,-0.005223,167.313255,70.0,-0.10467624063451414,0.012125726494886685
-0.178981,-0.130023,0.008165,-0.013497,345.626738,70.0,0.006816324239705627,0.006486335508474989
0.705844,-0.887862,-0.466168,-0.333972,134.789668,70.0,-0.48606994411606885,-0.34775106200730593
-0.294123,0.668726,-6.206114,9.013327,88.082468,70.0,-6.188434118915289,9.031860289469114
-0.721244,0.052425,-0.291728,-0.006594,241.025628,70.0,-0.29238728054289587,-0.004355573237545583
-0.899812,0.860048,-0.855593,0.779176,130.530034,70.0,-0.8692883897870253,0.770758240868981
0.820642,0.532019,0.652875,0.564445,157.014445,70.0,0.659154325043109,0.5445955657486816
-0.357288,-0.945487,-1.551588,2.546272,101.59587,70.0,-1.5483031627843498,2.5481898810824433
-0.802608,0.571758,0.589777,0.27793,153.073572,70.0,0.609449756400374,0.25830021456895313
-0.468475,0.334277,0.564744,0.222889,210.429942,70.0,0.5826973270201867,0.2038909507661842
0.196309,-0.634623,-0.244772,-0.125514,228.161983,70.0,-0.2565155902721974,-0.11871363456573202
-0.115042,0.496124,0.424079,6.620926,170.359928,70.0,0.44394014005193,6.61047909908174
0.356867,-0.133041,-0.004907,-0.006249,259.368923,70.0,-0.005531798328522863,0.013744980639713387
-0.023727,-0.782996,4.811132,18.36282,61.614422,70.0,4.798127006274991,18.37229801171924
0.191258,0.468914,-0.502609,-1.29194,171.049391,70.0,-0.5061209899102836,-1.3081176459619102
-0.956547,-0.680333,-0.692037,-0.15675,139.456219,70.0,-0.7061558078758415,-0.17574354556470098
-0.362671,0.586803,-1.384669,-0.130187,101.90926,70.0,-1.396787609588894,-0.11414699240334225
0.392171,-0.786936,-5.070967,0.84403,125.892154,70.0,-5.088592538515547,0.863538767752797
-0.036324,-0.500434,5.423171,13.951858,116.423302,70.0,5.435183004814961,13.943843327353969
-0.798336,0.369116,0.223288,0.542475,160.755748,70.0,0.23161119097668595,0.551252680725056
-0.264515,0.304502,-14.487277,-2.737427,86.168209,70.0,-14.505285664171845,-2.757104754202317
-0.231055,0.661535,11.25307,20.98974,112.015411,70.0,11.233931945770943,21.008942665351334
0.413475,-0.732718,0.753342,-0.287525,165.344373,70.0,0.7335190840809284,-0.30374288909714436
-0.796279,0.931709,-0.315162,0.006716,129.26077,70.0,-0.3144905262107463,0.00661572695599173
-0.767575,-0.628569,0.539343,-0.388757,152.615139,70.0,0.5207181513397209,-0.4068102664723395
-0.360658,0.417912,0.592009,-0.390006,100.574179,70.0,0.573430027816782,-0.40967730877740416
-0.158721,0.384159,3.679289,0.882733,91.869783,70.0,3.6601747439829615,0.9007147920740366
0.558142,0.698865,-0.516962,0.472334,152.955873,70.0,-0.5028975113902668,0.45535480534055384
-0.171922,0.507983,-5.890465,-12.964617,131.301856,70.0,-5.908723224653225,-12.97227262958293
-0.32199,0.312383,-0.433907,-0.675265,142.041493,70.0,-0.42925534639558627,-0.6865370201317524
0.227772,0.159917,-11.254428,-1.346533,142.531952,70.0,-11.263117939323267,-1.327292815703869
-0.279656,-0.183356,0.215038,-0.149318,262.548246,70.0,0.2014552051452411,-0.13980669774945512
0.342475,-0.030791,0.240442,-0.025267,309.149959,70.0,0.23792201588443337,-0.018061058702439837
0.495757,0.183177,0.450294,0.219002,236.465422,70.0,0.4680726565851135,0.20641566577599663
0.650462,0.318755,0.326843,0.009332,193.580503,70.0,0.3277758614165919,0.008064476582753666
-0.683861,0.345835,0.51365,0.4991,183.760554,70.0,0.5256914243737266,0.4822981505579824
0.456045,0.744756,-0.53335,0.418544,168.88437,70.0,-0.5160127652086033,0.40075670657645446
-0.89267,0.89492,0.20729,-0.096904,127.368342,70.0,0.1979743267643559,-0.08671842808016098
0.920312,-0.31862,-7.402608,-7.852569,116.729645,70.0,-7.422607501118388,-7.837094190476212
0.957453,-0.092229,-4.319176,0.241618,138.093108,70.0,-4.300477199434056,0.2231601363766698
-0.087526,0.953169,0.481477,-0.393261,211.57884,70.0,0.4630209859331029,-0.40810823715613626
-0.093793,-0.375455,1.339176,-0.549751,122.322697,70.0,1.331519770951511,-0.5314301327070449
-0.271123,-0.765671,-4.574892,-5.558828,119.373862,70.0,-4.584131022789682,-5.571519908232435
-0.634372,0.117271,0.391359,0.372248,203.728972,70.0,0.41052133823726894,0.3647183096385341
0.975045,-0.419417,0.627974,-0.148026,149.310525,70.0,0.6144863218631444,-0.16802597032465344
0.8507,-0.288148,-0.544201,-0.213023,183.578604,70.0,-0.5616978928069668,-0.23127998321541016
-0.91005,0.790636,0.660135,0.352735,134.925889,70.0,0.6797641300802802,0.33298753866773645
0.215044,0.236616,0.250841,-0.277511,268.235115,70.0,0.23117583535547334,-0.2712844178786802
0.805162,0.356786,2.156354,1.135647,134.263768,70.0,2.144979575937847,1.1314034181351844
0.494824,0.50818,-0.701886,0.338142,183.756251,70.0,-0.6820296206694869,0.31947985572742105
0.980706,0.732829,-0.907146,0.586027,135.266079,70.0,-0.9029482938369587,0.5825121692146994
0.651317,0.680988,-0.749333,0.57425,152.791555,70.0,-0.7439917667883784,0.5578007810482911
-0.636537,-0.282562,0.397174,-0.200182,197.695652,70.0,0.3803347537714532,-0.2082471469768747
0.982339,0.164269,4.466325,0.307485,148.695105,70.0,4.486313864578946,0.2886330864600836
0.861834,0.846492,0.715239,0.633186,130.652975,70.0,0.7147523011209287,0.6150452490809429
0.993155,-0.049898,-0.3105,0.032312,223.356821,70.0,-0.30728283826613395,0.03267790612024837
-0.631663,-0.36181,0.572268,-0.392754,190.698303,70.0,0.5537925116787608,-0.4119737117078183
-0.947813,0.107542,5.14118,0.381959,109.333437,70.0,5.1600417624480945,0.3987628440721457
-0.537187,-0.501292,-0.42699,-0.15616,179.831722,70.0,-0.44106695849841504,-0.16685401652764872
0.791268,0.838244,-0.755107,0.759042,135.211141,70.0,-0.7672682430167984,0.7429280275521029
0.36873,-0.754703,0.283841,0.39668,163.931092,70.0,0.30216259733862044,0.3997002280101447
-0.300147,-0.567802,-0.2203,0.121621,219.869282,70.0,-0.20887373601108195,0.13066617601182498
0.949334,-0.539029,0.751031,-0.28028,148.657574,70.0,0.7313172656365958,-0.29663204138065485
0.544917,0.420743,-0.563602,0.298446,190.744725,70.0,-0.5436636949320707,0.27948395308858254
-0.569778,-0.256636,-0.492965,-0.221673,213.454618,70.0,-0.5108644093444459,-0.2372650226004935
0.724228,0.104538,0.554013,0.02996,156.965366,70.0,0.5569978075054113,0.011324523303793972
0.964214,-0.453222,0.345443,-0.270319,149.237415,70.0,0.32592157135575167,-0.2734346321790149
0.700918,0.321126,0.565024,0.246109,187.414549,70.0,0.5838774164302519,0.22710221808519035
-0.839862,0.436046,0.702689,0.395556,161.142667,70.0,0.7210553796981282,0.3769228818110513
0.617708,-0.185523,4.496924,-0.773163,177.42579,70.0,4.510175063378912,-0.7907768760615831
-0.083608,0.798761,-0.096928,-0.013344,222.856636,70.0,-0.09826141019374654,0.0043528545357473716
0.779192,-0.118231,2.68785,0.14571,101.58809,70.0,2.701165768629047,0.1585624615886588
0.883788,-0.167151,-4.261138,-0.499244,89.870473,70.0,-4.273167923683189,-0.5147265767513557
0.687963,0.586868,-0.555186,0.348051,160.834955,70.0,-0.535472475891228,0.32937325955281616
-0.502527,0.031808,1.332498,0.206727,197.944051,70.0,1.3496812937546592,0.22530544629477509
0.592119,-0.259603,0.181394,0.065209,212.568048,70.0,0.1877999781267859,0.07753170249585269
0.853069,-0.462917,-0.81643,-0.484037,161.157884,70.0,-0.8296388460074784,-0.495823756876834
-0.247456,-0.989264,6.488522,-0.972989,80.721966,70.0,6.5082897176323655,-0.9626358145743756
-0.558251,-0.530157,-0.454785,-0.163057,172.980956,70.0,-0.4693434208306857,-0.17598914943200972
-0.355126,-0.597324,-1.887631,-0.183303,114.586567,70.0,-1.9035007101937735,-0.20330121057489853
0.777621,-0.518265,-0.611611,-0.587201,161.046005,70.0,-0.6156938494684847,-0.6071312551782333
-0.487781,-0.129665,-0.063593,0.031007,235.153003,70.0,-0.060504706407996885,0.050004471901868436
0.724556,-0.382646,-0.452274,-0.415031,176.45703,70.0,-0.46978369146200666,-0.4277705904125711
0.866804,0.379679,0.423038,-0.206879,145.323704,70.0,0.40584693338125877,-0.21723699017306508
-0.732657,0.235486,-0.577223,-0.812519,179.033395,70.0,-0.561298830761517,-0.8318698539876119
-0.178605,0.193261,-0.427358,0.248332,171.815692,70.0,-0.40843156284133614,0.23760690406792973
0.135623,-0.590216,19.541169,-24.059068,107.99361,70.0,19.52531995396847,-24.078074781384952
0.245364,-0.172876,-0.945536,-0.245861,282.680943,70.0,-0.9643811255821446,-0.2455551915251346
0.477513,-0.438083,0.627231,-0.245221,194.195368,70.0,0.6084074039995051,-0.2652207043199629
-0.867277,-0.326042,0.375773,-0.157465,200.601046,70.0,0.36160364106131293,-0.16352937602615888
0.207146,-0.498481,-0.276146,0.120638,164.623446,70.0,-0.26480055166770816,0.1244164805550905
0.022858,0.182043,-1.473938,-3.291555,270.647459,70.0,-1.460307980112375,-3.2822433686228814
-0.404196,0.685945,5.104708,-1.962054,143.63859,70.0,5.112228302249099,-1.9435618983752085
0.683929,0.794545,0.587668,0.515785,139.957775,70.0,0.5983368897663877,0.4961966961591812
-0.084934,0.506741,-0.207533,-0.307819,174.447963,70.0,-0.22752295110041038,-0.2976543482147844
0.803393,0.619243,0.474408,0.113005,149.131074,70.0,0.4851167386111775,0.09864055977266276
-0.377272,-0.810352,0.51383,0.006633,152.481241,70.0,0.5144931784108379,-0.010178606613768074
0.420442,0.371523,-1.425248,0.188006,166.81115,70.0,-1.409096484126351,0.20130970118583252
0.189393,-0.865458,4.859916,-1.268324,72.893207,70.0,4.858747971136316,-1.2548732075604732
0.253367,0.336037,0.411333,-0.162827,277.578715,70.0,0.3967903589947606,-0.17216653353753472
-0.226652,0.660513,21.752534,-22.870205,90.183942,70.0,21.733531169390396,-22.877581107193066
-0.750458,-0.940517,-0.588775,-0.497029,130.297065,70.0,-0.6009811332660147,-0.5166393491409544
0.727668,-0.086111,-5.191536,0.456312,92.425564,70.0,-5.176378722661666,0.46988403879542284
0.731729,0.169487,-0.306243,-0.228669,167.234413,70.0,-0.32444350527540017,-0.227877580152343
0.561968,0.995995,0.516194,0.310448,130.18375,70.0,0.5361905567261646,0.29350951596395064
-0.313397,0.741,-3.293032,0.76998,91.512518,70.0,-3.3060429838781253,0.7554447121674727
-0.01298,-0.152553,1.794916,-0.935575,296.713044,70.0,1.8149040890340271,-0.9535822195719577
0.037172,0.758107,-4.890505,-4.214402,60.914414,70.0,-4.906406589127223,-4.1988532652507065
-0.49919,0.115382,-0.015888,-0.552443,189.614299,70.0,-0.0232948489303303,-0.5325060739553921
-0.774954,-0.655281,-0.752027,-0.652227,148.564304,70.0,-0.7496418433533614,-0.6685214907940913
0.69083,0.773965,-0.476182,0.195981,143.679125,70.0,-0.45957311100795023,0.18149368905625424
0.026751,-0.398542,0.775299,1.040562,129.554225,70.0,0.7576563072462896,1.0257240752978378
-0.289926,-0.789046,1.6784,12.616704,109.871631,70.0,1.683380374444505,12.606455293627416
0.504557,0.085919,-0.252503,0.072778,237.934348,70.0,-0.24538475605167295,0.07884642873027241
0.033867,-0.791193,-0.485164,1.177846,85.70824,70.0,-0.4928408746222605,1.1627542709856296
0.426528,0.663985,-0.619841,0.478997,169.198366,70.0,-0.6062579459894823,0.4590149644417811
-0.402809,-0.003934,0.295967,-0.025824,279.343075,70.0,0.2933917696385698,-0.024007281128627093
-0.115563,-0.268987,0.800655,-8.668266,162.024506,70.0,0.8126144181811543,-8.681289231835141
-0.862813,0.708788,-0.772863,0.583725,139.845784,70.0,-0.7684405043314259,0.5687248425602967
0.595626,0.680533,-0.297439,0.087174,153.573327,70.0,-0.2889950156255768,0.08884407953350289
-0.273634,-0.960837,0.345314,0.140522,120.071758,70.0,0.35823823457687337,0.1374191109788217
-0.780745,0.027136,-1.700015,-0.051747,178.659322,70.0,-1.7051321572640505,-0.06378843575050112
0.067292,0.969126,-14.166679,-37.404145,71.624146,70.0,-14.146771016622738,-37.40708550759245
0.103939,0.897547,-22.566152,-32.669756,71.514375,70.0,-22.565871249487845,-32.650462426849536
-0.933221,-0.644756,0.14213,0.113281,142.658663,70.0,0.152862038682847,0.12843976047730477
-0.411061,-0.698984,1.083854,-0.364039,161.292252,70.0,1.0644727796568976,-0.3510496942297736
0.182631,-0.519898,-13.321269,29.42859,94.849997,70.0,-13.311472226137246,29.41246367955579
0.072405,0.914385,-0.827784,-1.725334,114.483676,70.0,-0.8421047322251987,-1.7361849866785917
0.061357,-0.767979,-2.848864,-2.100691,143.384547,70.0,-2.8312373302736145,-2.1028299625051754
0.573196,-0.292649,0.501085,-0.290392,207.212489,70.0,0.48122605460976353,-0.3064795704390703
-0.544317,-0.340113,0.535271,-0.31513,204.025382,70.0,0.5152712355809734,-0.3330042994215608
-0.286809,-0.397796,0.428707,0.326904,158.287309,70.0,0.4486664066739873,0.316065285724289
0.239794,0.211335,21.128033,-23.150917,98.752109,70.0,21.118720456215517,-23.143187415995115
-0.087611,-0.481577,-3.610787,16.403747,110.449672,70.0,-3.604167700336051,16.417743827555725
0.135809,0.54567,0.050155,-1.261763,115.184296,70.0,0.04964246226062258,-1.2423885921463016
-0.930608,-0.721168,0.491543,-0.297616,135.720032,70.0,0.47161138090538285,-0.31311857274946614
-0.670328,-0.195863,0.615487,-0.278349,190.661393,70.0,0.5958067381879667,-0.2983078520722044
0.137419,-0.395128,1.055528,1.870227,157.724891,70.0,1.0569995282869595,1.8809395561489206
-0.92037,-0.655998,-0.647474,-0.501646,139.997772,70.0,-0.6593111707713406,-0.521554337102236
0.64179,0.561456,0.691376,0.512781,164.957242,70.0,0.7022977656396643,0.49376685369976425
0.386597,-0.457244,-2.070731,0.271528,121.652084,70.0,-2.0511836384702775,0.2595533241420568
-0.893681,-0.090602,0.842287,0.061879,194.294348,70.0,0.8483766483767854,0.052273749662604646
-0.752069,-0.015748,-0.732667,0.047008,224.296685,70.0,-0.7280093622820043,0.029668957489172344
-0.67196,0.369019,-0.087858,-0.113519,185.740566,70.0,-0.09861011436437428,-0.09541792295655789
0.104141,0.304866,-0.458886,-0.049455,140.070071,70.0,-0.46378125515218094,-0.06269724258357225
-0.115624,0.710736,0.729588,1.497253,108.209521,70.0,0.7482510122963109,1.479762563519301
-0.655026,0.976565,-0.39844,0.218696,129.886009,70.0,-0.3806753801684034,0.210515165411735
-0.870172,-0.987605,0.353017,-0.016418,124.466808,70.0,0.35137704333037934,-0.02027937281010588
-0.669,0.114815,3.49404,-0.004433,171.733614,70.0,3.493596736297046,-0.0006275363473981208
-0.300694,0.230485,0.961898,-0.271446,141.112838,70.0,0.9423523747890854,-0.26950702992749637
-0.237395,0.104296,-0.134461,0.02275,311.114469,70.0,-0.13219090288818394,0.0383977642443417
0.90801,0.931166,-0.853812,0.952765,125.739603,70.0,-0.8737855491912958,0.9441860200021813
0.108162,-0.117347,0.058454,0.372885,297.609346,70.0,0.07759799883784023,0.3920368459130561
-0.247065,-0.417289,-0.04394,-0.346439,227.052018,70.0,-0.06368006967383887,-0.32691974251397676
0.616284,-0.117793,0.115942,-0.032734,264.587923,70.0,0.11268319500616604,-0.016001569166372506
0.250953,-0.22719,-3.511488,-0.372505,217.663552,70.0,-3.5306429625208877,-0.36700325590771954
-0.376517,-0.119049,-0.180481,-0.084939,248.014437,70.0,-0.18872185791512225,-0.07254451457667667
-0.850003,0.006837,-0.12267,-0.004223,194.415373,70.0,-0.1230922686207672,0.012131486323960595
0.912522,0.748868,-0.823629,0.692609,135.271208,70.0,-0.829947896940484,0.6814113500426979
0.22159,0.262047,7.865406,2.355619,113.864444,70.0,7.851223229677123,2.3544771845728247
0.229139,-0.853411,2.722194,0.891955,98.338189,70.0,2.7028287519377048,0.9019999677445583
0.727143,-0.903643,0.750717,-0.552294,130.729428,70.0,0.7432963125865216,-0.5686641008279981
0.471944,-0.033132,-2.887225,0.15174,151.340395,70.0,-2.8734654284715306,0.14584950715954045
-0.857263,-0.015432,-1.385455,0.016317,159.147666,70.0,-1.383825109527394,0.03230993422063308
0.633082,0.20641,0.428325,0.033262,213.732972,70.0,0.431635887954594,0.0224554095169774
-0.873051,0.627589,0.647954,0.39354,144.452504,70.0,0.6663992468662248,0.3736363105164368
-0.105882,0.443515,-1.248002,-2.132719,134.764731,70.0,-1.2290940176697314,-2.112737638175934
0.161718,-0.006023,0.078116,0.002746,374.574115,70.0,0.07839059137247427,0.021239767900384107
0.764153,-0.885634,0.671602,-0.445196,130.820753,70.0,0.6557432794301085,-0.4647294605157388
-0.85379,0.347291,-3.050796,-13.783056,113.221819,70.0,-3.0468273495938507,-13.801030147584706
0.911445,0.659029,-0.264224,-0.054271,142.995783,70.0,-0.26958474201982074,-0.04932919329377115
0.304227,-0.857253,0.843468,0.374006,87.033741,70.0,0.8625792534728469,0.36450450496185927
0.148812,-0.914896,-24.499165,13.52584,65.82878,70.0,-24.51909286487508,13.505846910449078
-0.660299,0.358617,-0.550324,0.35453,187.23466,70.0,-0.5307300674753612,0.33603161087400335
-0.719166,0.971602,0.67312,0.251114,126.313718,70.0,0.6921345246958801,0.23161369811796467
-0.278169,0.816666,-0.0162,-1.396679,120.071395,70.0,-0.029087561099769302,-1.3767445741355768
-0.291651,0.229267,-0.136134,-0.067694,337.00383,70.0,-0.14277488575470848,-0.052150974941396706
-0.711036,-0.381806,0.067204,0.131957,177.976255,70.0,0.07946293978948614,0.1508384894771064
0.986044,0.441757,-0.412721,0.268172,153.344641,70.0,-0.39324738181817553,0.2587099557345647
0.604902,0.592484,0.621234,0.341811,164.890887,70.0,0.6410431496995781,0.32182354633190025
-0.116279,-0.297052,10.83252,-9.976876,115.866734,70.0,10.839958881140573,-9.991434234848219
-0.554049,0.090898,0.15355,-0.042254,248.766403,70.0,0.1493559633867712,-0.027864496892686594
-0.280723,-0.107025,0.195354,0.041955,286.777409,70.0,0.19951879675231005,0.05314904285861568
-0.764571,-0.13789,1.104183,-0.332411,207.569982,70.0,1.0842662236720555,-0.31794559838453784
0.47503,-0.164324,0.430125,-0.174697,246.974538,70.0,0.41479356976949905,-0.1856546124056935
0.204464,0.432307,2.976087,8.251263,187.375636,70.0,2.968012029264459,8.237729046694529
-0.219303,0.171859,0.459428,-20.39446,136.83898,70.0,0.43959536817439643,-20.40774281164693
0.434705,0.092963,0.107654,-0.021775,269.633114,70.0,0.1054807993801246,-0.00460306294664254
0.431009,-0.025994,0.295175,-0.097004,250.806189,70.0,0.28585047894291177,-0.0951084230023621
-0.882622,-0.23058,2.748991,2.577652,128.132539,70.0,2.7553181893970304,2.585296666555954
0.643883,-0.250265,-0.471332,-0.070764,197.809279,70.0,-0.4782616740128671,-0.08491271739403122
-0.196452,0.232773,0.968482,-0.126291,265.812781,70.0,0.9566756037212988,-0.12369790030318763
0.220163,0.275337,-1.105166,0.493398,198.484086,70.0,-1.092674258873986,0.5079311091864321
-0.413153,0.130017,0.198362,0.029959,279.184698,70.0,0.20134670862527948,0.04090251511210752
-0.798883,-0.833364,0.771448,-0.77357,135.216672,70.0,0.7847295208258931,-0.7886633734289267
-0.341947,0.898506,1.039694,0.810294,111.015327,70.0,1.0239054308873572,0.819637288756585
-0.815674,0.960768,0.887838,0.886894,125.765091,70.0,0.8686054308314388,0.8814977369834089
-0.366586,0.796198,-18.588777,-14.971425,106.884334,70.0,-18.578475439323856,-14.966150117434308
-0.296315,-0.161166,-0.20961,-0.107026,298.86726,70.0,-0.21980905740084059,-0.09704076847793984
-0.715409,0.123656,0.326929,0.076435,255.186348,70.0,0.3343877887212073,0.07515889398869598
0.286573,0.434992,-23.076218,-17.655137,79.589995,70.0,-23.082339943290396,-17.66821848518782
0.916558,0.589824,-1.80498,0.69122,135.298787,70.0,-1.8111669604079983,0.6727978297708258
-0.820187,-0.881414,-0.835124,-0.858321,130.555342,70.0,-0.8168686203291108,-0.8685482407849064
0.069785,0.883356,0.847549,0.478301,99.850363,70.0,0.8611830578512131,0.46916056374901643
0.569868,-0.220963,-0.123434,0.091708,217.487826,70.0,-0.11458121204751806,0.10801839049677132
0.269397,-0.246054,-1.183152,0.396427,219.333012,70.0,-1.1648202721282381,0.4150921060603285
0.576748,-0.598222,0.746898,-0.491121,164.989303,70.0,0.7342292487885911,-0.507707504460627
-0.322075,0.89171,1.904422,-0.475375,117.653105,70.0,1.890575334175145,-0.4952803395075222
0.962317,-0.340589,0.094389,0.16087,222.674305,70.0,0.10879659936905181,0.1786837147702725
-0.286204,-0.22336,0.215405,0.146099,276.494404,70.0,0.22874976829235863,0.15557800198010094
-0.004865,0.242295,-0.088646,-0.548938,170.539108,70.0,-0.09637727267910344,-0.5308705767689536
0.256892,-0.417596,-5.832452,-2.299213,212.30129,70.0,-5.814905056076687,-2.3118334445444315
-0.542781,-0.512359,0.272646,-0.002151,177.165788,70.0,0.2724309041467464,0.0019705815447103557
0.778616,0.192348,1.754488,0.659918,145.812179,70.0,1.751341183716192,0.6440246655591373
0.788253,0.174916,-0.615093,0.009742,138.345576,70.0,-0.6141191851958612,-0.010214287266952907
-0.190565,-0.825875,-0.558943,-1.63278,126.948235,70.0,-0.577990169397228,-1.6515887755571046
-0.485242,0.538793,-0.481796,0.448221,172.808707,70.0,-0.4661234010638396,0.4333524087656446
-0.512871,0.183744,-0.451946,0.192155,236.465651,70.0,-0.4355532839953549,0.17944071159603195
0.182636,-0.442949,-14.599028,27.261357,102.369094,70.0,-14.617798282220901,27.246567537545637
-0.648062,0.025912,2.437312,-0.062782,145.13434,70.0,2.4311364016133328,-0.04420730268134569
-0.490546,-0.600501,-0.710075,-0.422761,172.737939,70.0,-0.7271981586896009,-0.4411131102175484
-0.620084,0.250018,0.387072,-0.037035,191.24164,70.0,0.38338962910891317,-0.044165833545698086
0.053579,0.502149,3.412448,0.695325,175.224461,70.0,3.4058720056402962,0.6910283642080913
-0.386256,0.19463,0.915514,0.3451,226.67244,70.0,0.9352751446871032,0.3424117812754919
-0.858436,0.262618,-0.079001,0.712718,197.201329,70.0,-0.08719266786812153,0.7311778928062127
-0.174621,-0.846781,-7.886023,-1.84996,91.252495,70.0,-7.8895047286987205,-1.853150447831001
0.14811,-0.713586,20.754284,-21.006733,126.026053,70.0,20.77384591440513,-21.02663534177603
0.757959,-0.97849,-0.940274,-0.809963,125.834963,70.0,-0.9245057706901291,-0.8101833751480483
0.522552,0.526238,-0.468956,0.195839,176.664025,70.0,-0.4523550260340252,0.1818592074228707
0.486727,0.423224,-0.507578,0.200808,197.582749,70.0,-0.49070506133762637,0.1843432142663285
-0.868754,0.856869,-0.834566,0.847158,130.550344,70.0,-0.852337206197689,0.8368828464937322
-0.594469,0.760262,0.472314,-0.106538,145.311936,70.0,0.4621569507923675,-0.12075595212052781
-0.282165,-0.351567,0.504972,-0.148416,202.210819,70.0,0.49145555066992697,-0.16473145104266884
-0.787756,0.183803,2.595218,-0.782826,129.046975,70.0,2.6091770916766177,-0.764481347155856
-0.820942,0.422086,-0.57154,0.343427,165.036254,70.0,-0.5517537681766744,0.32422755194176084
-0.000861,-0.473892,-1.112007,0.40757,134.933118,70.0,-1.094149024650326,0.4225644947538007
-0.696947,0.407266,-0.116548,-0.112078,178.62825,70.0,-0.12717833174018184,-0.0953788414740854
0.912274,0.590311,-0.437813,0.567339,144.578005,70.0,-0.43180908898349607,0.5557464959832519
-0.645216,-0.137112,-0.099091,0.054581,173.405916,70.0,-0.09370039876541861,0.07217604958709148
-0.435758,0.209456,0.449063,0.171816,249.442206,70.0,0.4642078399958058,0.1593255706163805
0.325569,-0.154558,-0.123204,-0.023823,291.672096,70.0,-0.1255806704976018,-0.0074993095115074605
0.346907,0.463033,-26.09627,2.643422,95.486319,70.0,-26.08415450293626,2.6455232127546355
0.203093,-0.61131,13.841813,11.769627,89.301276,70.0,13.85673420149238,11.789538655062342
-0.295049,-0.892178,-8.488079,-1.317472,82.094544,70.0,-8.494069117125818,-1.3168941968758225
-0.833124,-0.319115,-0.395062,0.059314,211.541588,70.0,-0.3892171665890458,0.051442565406600436
0.636989,-0.124013,-1.301564,-0.747676,125.39569,70.0,-1.290324239066905,-0.7281784891123957
-0.284922,-0.678883,11.434867,5.639878,116.455431,70.0,11.4363644749444,5.656089450828183
0.007563,-0.893134,23.027294,-18.8654,120.006721,70.0,23.025711248890342,-18.874428080050897
-0.908048,0.430155,-1.079749,0.437752,157.028277,70.0,-1.0634478010822705,0.45042645113873647
-0.380901,0.189424,-0.530294,-0.033152,218.161632,70.0,-0.5335940392286461,-0.05079750256037535
-0.355601,-0.585887,-0.270075,0.165935,206.564787,70.0,-0.255320760049604,0.1703078155088705
-0.999643,0.994842,-0.839254,1.001718,120.78271,70.0,-0.8583830453614674,0.9918478323807511
0.314962,-0.435305,-7.319398,1.104868,117.268684,70.0,-7.333159680461684,1.11390208199166
-0.171949,0.048513,-0.026588,-0.027216,371.569032,70.0,-0.029301208114878918,-0.007392470308891438
-0.642456,0.235128,0.53336,0.261101,210.46679,70.0,0.5526603231748087,0.2433132494001743
-0.204173,0.460943,-7.803125,1.83047,108.58681,70.0,-7.7977435870774565,1.8355010338736502
-0.935567,-0.078684,1.824315,0.06302,147.448225,70.0,1.830513230986325,0.04393229898517187
-0.447323,-0.164185,0.068625,0.045468,253.330621,70.0,0.07313273534880621,0.06430215833542179
0.545222,-0.456789,0.193344,0.003187,186.266899,70.0,0.1936626865125628,0.014547042211844581
0.754091,0.005215,0.408485,0.008349,268.789936,70.0,0.4093196575320725,-0.0007377551492202053
-0.343326,-0.279835,0.298492,0.152036,289.015143,70.0,0.31227303808862505,0.1536011246370067
0.817094,0.906715,0.73378,0.692849,130.470848,70.0,0.7274383369532058,0.6755656966560661
-0.837786,-0.671105,0.828914,-0.653738,144.252367,70.0,0.8314491087972355,-0.6644938912835165
0.746232,-0.085208,0.310725,-0.015079,239.43639,70.0,0.30921852817999596,-0.01473559034066111
-0.094945,0.267022,-19.468744,5.395737,122.879073,70.0,-19.449496297018637,5.375757837670193
-0.153258,0.187361,-2.110972,-1.119771,165.575839,70.0,-2.098328915063879,-1.1283027121842852
0.971533,0.549738,2.63486,1.150771,129.176339,70.0,2.6247608917563086,1.1671876489497972
-0.545562,0.744087,0.287453,-0.096598,151.70692,70.0,0.27816441555531135,-0.09393530287718399
-0.13179,-0.998045,-0.428311,0.975162,126.696363,70.0,-0.44804452953577634,0.9643565875783631
-0.147469,-0.509769,24.230585,-5.251597,83.840382,70.0,24.212537546485166,-5.255601897208513
0.304029,-0.183429,0.342203,0.049984,277.34905,70.0,0.3471495289093835,0.047188807099763745
-0.884998,-0.154408,-1.164798,0.168732,165.99418,70.0,-1.1498563791801146,0.18666018898461242
0.868234,0.413786,0.274427,-0.092248,158.452601,70.0,0.26552582259059093,-0.08830085671384626
0.502481,-0.80211,-0.577402,-0.040831,145.145788,70.0,-0.5814567956159059,-0.060186369702569284
0.932621,0.561371,0.892851,0.099263,148.518754,70.0,0.9023747679814528,0.09435108960028861
0.966346,-0.619658,-6.165809,5.577231,111.538413,70.0,-6.158238931652792,5.59388443255591
-0.591499,0.669958,-0.715709,0.438358,156.911119,70.0,-0.699442986082379,0.4202370884920066
-0.022642,-0.539291,1.532675,-0.338723,181.554791,70.0,1.5128256547435928,-0.3349339084535683
0.141536,0.788849,-0.5276,0.436902,156.969482,70.0,-0.5112497014365723,0.4193849101565959
0.185374,-0.41496,-1.673481,0.812438,118.248883,70.0,-1.6894002672513255,0.8026147579126869
-0.237626,0.221697,0.614485,-0.1476,226.473645,70.0,0.6010288074616013,-0.1675521774274508
0.063615,-0.824332,-6.161989,-30.306084,93.80785,70.0,-6.175385493309938,-30.28964513117755
-0.553084,0.318311,-0.527824,0.290743,207.244751,70.0,-0.5079609238504746,0.27321511145912325
-0.147729,-0.875037,0.773981,-1.083915,100.662692,70.0,0.7891848623695736,-1.098840975711018
-0.738837,0.369643,-0.416268,0.355995,180.100564,70.0,-0.39670396402945207,0.3462219667496922
0.58282,-0.539816,0.585466,-0.338866,172.635864,70.0,0.5656184117120593,-0.35840866879143746
-0.683369,0.620468,-0.718261,0.586956,156.934763,70.0,-0.7141541695418082,0.5689445563101058
0.202542,0.117385,0.116996,-0.020203,345.471464,70.0,0.11497913411448521,-0.0035285374058411784
0.884209,0.908622,-0.604292,0.430424,126.091222,70.0,-0.5875772697452273,0.4105681450627068
-0.787004,0.825033,0.788344,0.808675,135.23039,70.0,0.7726553282176718,0.7947426929804978
0.329844,-0.305451,-22.644237,-1.274077,86.085453,70.0,-22.645978784537068,-1.2542301909514326
0.278723,0.495649,-20.703736,-12.329037,75.997356,70.0,-20.685193490554468,-12.348800683789111
0.370402,-0.658179,-3.344694,-0.83225,134.588571,70.0,-3.3276554272258547,-0.8427937880960819
-0.008393,0.937982,-6.916431,0.790479,142.202761,70.0,-6.930927803155397,0.7704850689246391
0.667237,0.253471,0.54397,0.150042,200.920152,70.0,0.5576058479930907,0.1317944606199639
0.08257,-0.25385,-7.370545,-3.068564,133.108328,70.0,-7.37768666241617,-3.0553101334805595
-0.455786,-0.387018,0.313774,-0.298728,196.940512,70.0,0.2938335014606838,-0.298689473487929
-0.603816,-0.340311,0.529533,-0.256404,197.456601,70.0,0.5103611385984896,-0.27401355204549577
0.390443,0.181945,0.359024,-0.079971,258.535949,70.0,0.35123830431257547,-0.0844199406356293
-0.044587,0.628626,28.163502,12.125394,80.352936,70.0,28.14738973834001,12.108387138351812
-0.680392,0.644194,0.391801,0.147694,153.32814,70.0,0.4052641453190794,0.1401233801671296
0.967638,-0.900795,-0.692624,-1.009313,125.763509,70.0,-0.6737303822330326,-1.0282880771796055
0.345923,-0.067683,0.511441,-0.040003,280.629885,70.0,0.5074673193645725,-0.05668400133735339
0.454657,-0.571955,0.282425,0.060148,171.870994,70.0,0.28834954149370684,0.063308127278669
-0.847996,-0.26123,-0.464834,0.117148,221.800072,70.0,-0.4537776764394942,0.10346593289236358
-0.485221,0.88932,-0.578531,0.710201,115.577882,70.0,-0.5864924061968884,0.6908175059275659
0.801585,0.234914,-0.677341,-0.359337,161.909496,70.0,-0.6968329090706433,-0.37873920137035866
0.204744,-0.86392,0.079415,0.013035,165.425624,70.0,0.08071757736563843,0.031478922018130046
0.095975,-0.939817,-15.895809,11.748021,62.627651,70.0,-15.879538882017853,11.736212784976463
0.502393,-0.273076,-0.502978,-0.259848,222.431794,70.0,-0.5222450921610284,-0.2760473145302359
0.40534,0.541065,1.25538,0.695867,136.57378,70.0,1.2487528433879493,0.7158666049504372
-0.325949,-0.22193,-0.950777,-0.078834,170.625643,70.0,-0.9584578393840122,-0.07800431776322636
0.02943,0.63434,-7.304675,-33.835446,67.872228,70.0,-7.295639154948066,-33.82774873817211
-0.646177,-0.298768,0.393688,-0.178254,197.323643,70.0,0.37813059052167464,-0.18599893885077132
0.611744,-0.426615,-0.574012,-0.386224,183.682644,70.0,-0.5927276550585091,-0.40549121915340536
-0.121756,-0.351762,-16.908017,34.50864,90.262733,70.0,-16.903177594667277,34.48943509360326
-0.0658,0.107391,0.022683,0.011628,379.652005,70.0,0.02384514501640005,0.03149950819847648
0.912278,0.64893,-0.297272,-0.055585,143.095455,70.0,-0.3027592173003795,-0.05389827937632729
0.572818,-0.653248,0.441985,-0.306189,157.233883,70.0,0.42200087918079165,-0.31811892654452867
0.85373,0.636064,-0.154526,-0.097514,145.77312,70.0,-0.163895608638722,-0.08319245293625507
0.329875,0.209618,-0.744806,-0.191296,296.262522,70.0,-0.7611493541413719,-0.2079984888498963
-0.956364,0.393113,0.986178,0.379498,144.742633,70.0,1.0051201712551434,0.383833330546401
-0.947116,-0.18075,-0.773844,-0.120321,133.243965,70.0,-0.7851633281844366,-0.13525609108041292
0.133578,-0.961735,-25.502113,24.930474,69.444605,70.0,-25.519063834615707,24.925022612224943
0.111984,0.108532,-0.049176,-0.097961,356.702479,70.0,-0.0585850764863409,-0.07856253000405555
0.091437,0.784874,-17.725859,-22.70989,65.487466,70.0,-17.734596370588118,-22.6941479712801
-0.625507,-0.895659,0.735354,-0.82633,135.332589,70.0,0.7520751488523928,-0.8435335639453727
0.655922,0.076814,4.54479,0.540279,130.716817,70.0,4.553312365683177,0.5254129340889707
-0.980433,-0.13479,1.857824,-0.57926,159.17177,70.0,1.8529671954286346,-0.5990762512315928
0.588444,-0.020566,0.924157,-0.013822,175.526848,70.0,0.922775900012727,-0.015651518430864365
0.340943,0.231145,-0.811765,0.167585,213.289374,70.0,-0.7968998693495066,0.15542460433498567
0.853384,0.830025,-0.297085,-0.039013,133.874691,70.0,-0.3009616060530313,-0.037307646737495676
0.232514,-0.132285,-0.068815,-0.037871,344.236402,70.0,-0.07257950926007517,-0.019043242362309146
0.691368,-0.178564,4.760073,-1.18215,107.889778,70.0,4.767350697217592,-1.1774266457666551
0.866751,-0.511556,0.239458,-0.041314,156.005167,70.0,0.23535591931734595,-0.034016355065739697
0.270181,0.923816,22.634806,-17.485708,72.678586,70.0,22.645020954751242,-17.465766791592102
0.578973,0.791333,0.253784,-0.246042,153.246144,70.0,0.23493282057856002,-0.2400957558228433
-0.06068,0.157068,4.509628,1.141395,223.939396,70.0,4.498730998548241,1.12441801224572
-0.153134,0.269613,-0.417153,-1.59485,169.38062,70.0,-0.4370085294682755,-1.6047001517062565
-0.610705,-0.12066,-7.738203,1.868793,150.878145,70.0,-7.736588499436921,1.8797349555846954
0.073937,0.664204,-9.062465,26.64235,85.421442,70.0,-9.043393701500264,26.64711898014217
-0.726513,-0.495634,-0.387137,-0.130544,165.447566,70.0,-0.3992839902458781,-0.13768090598521612
-0.116358,0.374782,-4.992142,-36.774004,82.159486,70.0,-5.012066618583834,-36.754299218282135
0.957152,0.8453,0.732441,0.203042,130.128401,70.0,0.7494328266644446,0.18569170491548614
0.957289,-0.838283,0.867276,-0.429042,130.40223,70.0,0.8504857795387246,-0.4363862241284955
0.985673,0.202559,8.871435,-0.913992,119.069698,70.0,8.891232482558975,-0.8953809528949221
0.417119,0.51842,-0.650227,0.109391,190.219086,70.0,-0.6398252225482014,0.08951087531404123
-0.918748,0.595748,-0.293556,-0.093215,147.594561,70.0,-0.3025436680067864,-0.09115831568665289
0.744691,0.028762,0.86615,-0.023624,172.312455,70.0,0.8637930896680471,-0.031072840673190376
-0.59074,-0.56035,0.707193,-0.458027,168.882959,70.0,0.6921481673308292,-0.47649175817563105
0.1894,-0.76107,1.86088,-0.721504,100.013894,70.0,1.869865029814634,-0.7413592663684693
0.704385,0.599824,0.670397,0.547447,156.938331,70.0,0.6782655659399626,0.5278880189808813
-0.751192,0.709926,0.627358,0.480069,144.33898,70.0,0.6408621747905167,0.4600692306543717
-0.27283,0.540574,0.991335,-1.634858,102.952945,70.0,0.9723522325737458,-1.6300207279199357
-0.574739,0.36935,0.280695,0.034239,196.88667,70.0,0.28410220003569675,0.03756983371503715
-0.334425,-0.679804,-0.94165,0.278604,149.178593,70.0,-0.9219652127338129,0.27852122062865775
0.537539,0.411781,0.534121,0.341521,194.161008,70.0,0.5539341256136275,0.3236985888268374
0.809413,-0.187712,-0.568414,0.136672,175.912191,70.0,-0.5557859577194,0.11756245108422496
-0.871801,-0.362068,-0.432312,-0.311374,157.637783,70.0,-0.45231006060556456,-0.3225139085549759
0.71558,0.756057,-0.65714,0.539939,144.131148,70.0,-0.6485868879529126,0.5201463101338567
-0.957426,0.543309,-1.014318,0.814384,140.256891,70.0,-1.0303543119347844,0.821414527154197
-0.600517,-0.884819,0.866072,-0.647497,135.405539,70.0,0.8679869090694935,-0.6549530789390884
0.852796,0.94795,-0.879442,0.91663,125.747369,70.0,-0.8992752052139733,0.9104302671966794
0.202786,0.229171,-0.088243,-0.24311,235.992347,70.0,-0.10699421679105747,-0.22502533041822387
-0.318807,-0.189624,0.388611,0.084836,288.214905,70.0,0.39684247182887766,0.07756159338881473
0.984705,-0.054844,-0.330983,-0.014814,237.191336,70.0,-0.33246304578804464,-0.016494390100524402
0.231321,-0.193163,-0.485349,0.314349,216.101343,70.0,-0.4653490089998078,0.2992451377318314
-0.491788,0.524162,-0.604636,0.375535,180.145377,70.0,-0.5855703776620357,0.3556750518051512
-0.4147,0.129285,0.253494,0.011897,263.835831,70.0,0.2546829985054425,0.017870926545609473
0.887499,0.187661,-6.270874,1.084044,93.087604,70.0,-6.28606947811397,1.1040061198924467
0.024378,-0.286556,15.959333,23.270005,78.295854,70.0,15.957115631545829,23.26382868509955
-0.148657,-0.475041,0.54088,0.399109,155.675384,70.0,0.5591028466288107,0.38099012287963546
-0.013507,0.993913,2.414496,-24.358565,63.640497,70.0,2.401169214655787,-24.340955096769676
0.703562,0.771006,-0.377233,0.053219,143.317425,70.0,-0.37197368225582117,0.0470156603337408
0.290972,0.374663,-0.10403,-0.619003,132.635463,70.0,-0.104961216277711,-0.6016481072421143
0.959267,0.404894,6.403623,-1.478238,117.364458,70.0,6.38572680666096,-1.4617560412061523
-0.946939,0.790641,-0.565989,0.458956,130.884024,70.0,-0.5510055400480174,0.43991940707047333
0.296375,-0.82269,19.739519,-1.163464,90.161899,70.0,19.748502921273747,-1.1686553357501217
-0.94433,0.648957,0.794684,0.347478,124.560632,70.0,0.8144071067653758,0.33400747644381573
-0.988045,-0.067956,-0.736876,0.035233,142.790101,70.0,-0.7333708954880005,0.018107554475741604
-0.131642,-0.505034,2.698298,11.417781,96.514102,70.0,2.708584789120628,11.429815784884836
-0.100434,0.009563,-0.027578,0.006627,369.906734,70.0,-0.026915421259515546,0.02643716455393119
0.717052,-0.507623,0.542593,-0.401493,165.047221,70.0,0.5244696883239096,-0.4196837396940265
0.374215,-0.562359,0.244774,-0.140286,249.520054,70.0,0.23186778494975027,-0.13348582264983794
0.435146,-0.509099,-0.578287,-0.534211,176.678841,70.0,-0.5873543114957688,-0.5535884681109502
-0.422446,-0.050347,-1.521484,-0.219148,206.406609,70.0,-1.5392693391960708,-0.2142665794436337
-0.17622,0.262722,0.385257,1.427398,173.006132,70.0,0.40033271989150554,1.420437029471401
-0.433566,-0.950431,0.551785,-0.766445,166.978398,70.0,0.5645254949914986,-0.784998436901342
0.108086,0.594762,-0.739712,-0.989712,176.650986,70.0,-0.720267179782128,-1.0066892423235936
0.157594,0.682101,0.836566,-1.015845,131.88199,70.0,0.8552353364235264,-1.0259480555442435
0.067875,0.771153,0.839895,0.081202,141.113966,70.0,0.8477939370532968,0.07138763337927741
0.76517,0.204855,0.758271,0.310088,193.734578,70.0,0.7782668563426846,0.29416344798423155
-0.996595,0.223,-1.686282,-0.109088,98.906679,70.0,-1.696657885926349,-0.12000542102542418
-0.043573,-0.32803,1.94491,-1.033005,122.365695,70.0,1.9628959479515866,-1.0521130766263227
0.793167,0.753442,0.764372,0.698249,139.788919,70.0,0.7575205757911115,0.6827009082918593
-0.895774,0.722308,-0.72177,0.463813,139.676067,70.0,-0.707112641777635,0.4459568591283611
-0.175275,0.146244,-0.792402,-1.23559,251.431613,70.0,-0.7903011764566955,-1.2492283201359025
-0.070983,0.9837,-0.703404,-1.991987,84.801469,70.0,-0.6932044774186974,-2.0105940202339934
-0.952977,-0.690117,-0.673387,-0.173308,139.449536,70.0,-0.688628865330162,-0.19280235340569624
-0.801263,-0.833827,0.762957,-0.75249,135.208452,70.0,0.7745916544536425,-0.7681267054574389
-0.135618,0.675241,1.967425,-1.065904,94.252752,70.0,1.983735841666398,-1.0842276549184695
0.781167,-0.930904,0.562354,-0.407918,130.182396,70.0,0.5445117206358387,-0.42683999593037164
0.29752,0.421351,-0.543375,8.151987,124.438702,70.0,-0.5417613658835061,8.133763897721375
-0.360123,-0.581247,10.144443,-13.600894,90.482671,70.0,10.16236202554488,-13.582944034135211
0.979138,0.374634,5.49942,-1.904874,90.969784,70.0,5.501408549713711,-1.9191311233886512
0.480763,0.184527,-0.04335,-0.065598,240.15715,70.0,-0.04979281659963765,-0.046065969191936354
-0.656338,0.921575,-0.679188,0.267861,131.038174,70.0,-0.6597214935320397,0.24850444563085974
0.90748,0.012658,8.284373,-0.019614,100.955428,70.0,8.282414742522693,-0.03633052206384806
0.747835,0.860167,-0.689314,0.72213,135.197037,70.0,-0.6983549128847943,0.7030529248991724
0.829702,0.808386,-0.827024,0.809708,135.224737,70.0,-0.8427765302173079,0.7987932499996221
0.55134,0.377978,-0.562979,0.368846,197.501122,70.0,-0.543722013037984,0.34990385429217735
0.678305,0.270725,0.791672,0.279045,187.247469,70.0,0.8113645381110344,0.26535337640514545
0.072685,-0.377444,-0.29139,0.587133,148.279706,70.0,-0.2873004939675505,0.5894050111868282
0.300873,0.770536,-7.170337,-6.796012,108.794814,70.0,-7.18125493754083,-6.801474316505026
0.402258,0.756499,1.293002,0.832456,134.927513,70.0,1.2759526489131652,0.8521263076227376
0.485076,0.66602,-1.247897,0.053488,134.258364,70.0,-1.2426117337627214,0.07346890587051268
-0.208165,-0.624566,-23.37094,-24.804292,84.973967,70.0,-23.35099102904873,-24.8206185579434
0.922748,0.624107,-0.326926,-0.144673,151.610449,70.0,-0.3401642152059752,-0.14594880662245072
-0.625335,-0.010593,-0.407139,-0.02334,269.071639,70.0,-0.40946770585809295,-0.03230664462138664
-0.043084,-0.110844,-0.17531,0.002965,351.549434,70.0,-0.17501351086070652,0.015761127924278206
-0.947701,-0.016994,-0.820763,-0.018103,189.911651,70.0,-0.8225708290582764,-0.029536960877469723
0.389137,0.224487,-0.354966,-0.051448,262.522321,70.0,-0.3600542467954208,-0.05550041944289232
0.956981,-0.017586,-1.337518,-0.013064,157.27781,70.0,-1.338823471194833,0.005322735929764462
0.434387,0.734859,-1.271107,0.345323,119.758565,70.0,-1.2513493037431547,0.365270678048638
0.767415,-0.052886,-0.329615,0.02081,252.189144,70.0,-0.327537752925157,0.019265964435680114
-0.85324,-0.402191,0.644924,-0.182957,160.968004,70.0,0.6290753707283192,-0.20288810418912995
0.367821,-0.029507,0.483497,0.015692,305.959078,70.0,0.4850645905037081,0.0007101825917791623
0.083356,0.968817,-15.575503,-26.487977,66.573295,70.0,-15.58496830164715,-26.503748583011994
0.900358,0.316042,0.911313,0.207507,165.138275,70.0,0.9285360755098642,0.20440311702174932
-0.288631,0.972831,2.374456,0.924151,136.163385,70.0,2.3545399091250365,0.9395237148290347
0.373663,0.155129,0.043796,-0.113025,229.305107,70.0,0.033085572291939494,-0.09350260928308518
-0.747708,-0.73512,0.726054,-0.665292,144.206091,70.0,0.7297303228377557,-0.6829510912333421
0.836685,0.171117,-1.88896,0.617835,117.041919,70.0,-1.8879121269398904,0.5978390086866293
-0.03292,0.713393,8.036438,-38.982481,70.990407,70.0,8.033772742880796,-38.99829904293287
-0.004196,-0.528352,-15.330417,-45.400884,82.038106,70.0,-15.344899280942553,-45.394650886132666
-0.009302,-0.345258,1.013191,-0.518837,233.996111,70.0,1.0027814912754882,-0.5119120911670215
-0.746995,-0.752448,0.301189,0.017306,143.032699,70.0,0.30291744118082314,0.018602117577478847
-0.391249,0.278138,3.110776,-0.109908,160.741517,70.0,3.1003300997527194,-0.12967105281556446
0.672663,-0.549026,0.667783,-0.53567,164.96382,70.0,0.6588459728857985,-0.5552819006279935
0.52346,-0.210072,-0.046148,0.075849,229.286097,70.0,-0.03874361556074463,0.09531894850127018
-0.680435,-0.072952,0.489092,-0.036583,237.232738,70.0,0.48545406573795963,-0.05192955748821263
-0.102965,-0.527678,1.544421,-1.802048,118.875486,70.0,1.5363656586455305,-1.799418105760095
-0.682965,-0.595181,0.311658,-0.025244,160.10098,70.0,0.30914029757087913,-0.024993879984358362
0.786496,0.635772,0.628892,0.369121,148.740528,70.0,0.6481415426843559,0.349121082216698
-0.579732,0.450511,0.617798,0.424019,183.701898,70.0,0.6348558177385483,0.4040466640118139
-0.264662,-0.173045,3.463738,-0.096123,215.809855,70.0,3.4544915081988723,-0.09532460409971286
-0.359421,-0.781681,-0.058811,-0.161979,153.173898,70.0,-0.07329529546084365,-0.14283747071571196
0.293112,0.339538,0.40864,0.343542,242.849641,70.0,0.4284245516578704,0.3344414397237426
0.60786,0.299822,-0.198952,-0.061644,203.12948,70.0,-0.20501926000620874,-0.05074991648069865
-0.897805,0.584014,-0.862024,0.522201,148.713523,70.0,-0.8519031942888333,0.5143708558514279
-0.482569,-0.533747,-0.441692,-0.276305,180.28587,70.0,-0.4613348318163331,-0.2882113971076818
-0.683128,0.670332,0.687564,0.497854,152.74143,70.0,0.6997046759712248,0.47872510833508175
0.272545,0.669829,4.161118,0.063235,86.994146,70.0,4.167336668856912,0.0557194105199448
-0.183925,0.774362,0.038299,-12.230733,68.002729,70.0,0.05818378092994306,-12.211098584124548
0.70939,0.720318,-0.121338,-0.115948,145.873423,70.0,-0.13229412875964275,-0.09951720568785574
0.381694,-0.870102,0.244186,0.667786,100.893605,70.0,0.24026481896336185,0.6746414447086194
0.203428,-0.985325,1.072752,1.824069,82.614077,70.0,1.0787470451663794,1.8361945456622915
-0.356043,-0.006318,-0.249364,-0.008197,318.663967,70.0,-0.2501834705346644,-0.0018302293186582925
-0.185791,-0.590501,-1.593568,2.609974,83.715668,70.0,-1.584270394417979,2.6077017495874424
-0.551919,-0.101647,-0.240615,0.152265,270.360985,70.0,-0.22681737504400007,0.1594548005129164
-0.383201,-0.457548,3.626294,0.356266,158.502461,70.0,3.6458523905198295,0.37132732930349976
-0.00419,-0.424731,-13.687569,-36.942043,75.445562,70.0,-13.69957300687167,-36.9264563112472
-0.448987,-0.130792,0.276966,-0.04311,254.487551,70.0,0.27268830533956584,-0.03941207429733204
-0.219249,-0.914225,2.075916,1.649619,161.872675,70.0,2.094382747710787,1.6380635931072027
0.628378,-0.851143,0.426419,-0.341593,139.426757,70.0,0.4066068576228491,-0.3522387211437124
0.841515,-0.664613,-0.811025,-0.60446,144.265772,70.0,-0.813405198355491,-0.6166790625118828
-0.142598,-0.642566,-8.411681,14.104769,139.013924,70.0,-8.39194283333902,14.097852914165834
0.392331,-0.091769,-0.093031,0.069049,266.571021,70.0,-0.0862624553883751,0.08692404098671486
-0.368221,-0.69563,0.512346,-0.133328,202.552753,70.0,0.4999790230828749,-0.1500587582229169
0.547595,-0.577336,-0.727278,-0.457627,168.889678,70.0,-0.7423491580554868,-0.4752282991727091
0.710481,-0.941012,0.761778,-0.831936,130.576529,70.0,0.778800108923706,-0.8476459422239587
0.411493,-0.035187,-0.370555,-0.032442,243.228177,70.0,-0.3737849917614328,-0.0380071344196252
0.60605,-0.122293,-0.109989,0.005663,249.362926,70.0,-0.10942277566778717,0.02271406537135278
0.61977,0.46795,-0.217728,-0.035178,177.315227,70.0,-0.22122768950283997,-0.02590418497198322
0.830128,-0.045309,-2.339153,0.032399,169.722709,70.0,-2.33592725186614,0.045286270808755844
0.494921,0.131306,0.073696,-0.048148,250.837193,70.0,0.06892757297240105,-0.029490481523467504
0.865665,-0.768191,-0.660816,-0.490791,135.402138,70.0,-0.6735102691501431,-0.510527559005643
-0.980523,0.343889,-0.989142,-0.934343,159.942058,70.0,-0.9691585414461382,-0.9297188034882515
-0.252966,0.394484,0.738554,0.243369,224.199169,70.0,0.7573142096376556,0.22633082905184038
0.093699,0.804468,-19.429072,-22.771171,66.120214,70.0,-19.44282895099107,-22.7905785286792
0.690909,0.109347,1.63834,0.000809,109.983018,70.0,1.6384208997793854,-0.005817704097810921
-0.206609,-0.484837,-0.339482,-0.984106,154.173649,70.0,-0.31991366505154645,-0.9866315130631469
-0.652517,-0.846395,-0.302766,-0.048024,138.720905,70.0,-0.30752238370544754,-0.04688528958072739
0.634683,-0.879395,-0.785402,-0.761381,135.334767,70.0,-0.7730559021348635,-0.7755228643323607
0.005048,0.83735,-1.045684,-31.208082,66.407917,70.0,-1.0284437905729953,-31.198213362480754
-0.663409,0.089459,-1.058157,0.361137,178.881738,70.0,-1.0387061948606124,0.37207063125438394
-0.464908,0.289212,0.319486,0.052388,222.136697,70.0,0.32466509726999415,0.05185538950921091
0.785368,-0.324046,-0.446346,-0.206327,176.413025,70.0,-0.46350879143497636,-0.21860408358408204
-0.237625,0.243595,-0.921562,-0.478782,204.217574,70.0,-0.9351608270947162,-0.48086976917352253
0.106346,-0.640641,1.2645,0.294221,169.498923,70.0,1.284400698675533,0.3142055455400307
0.749985,-0.998959,-0.994773,-0.841443,125.878425,70.0,-0.9772711942364672,-0.8362728663620834
0.500075,0.7558,0.470866,0.532119,148.825601,70.0,0.48011927718512426,0.5180032568154744
0.724641,-0.959014,0.177459,0.099084,128.727528,70.0,0.1869670239244085,0.11171423400754046
-0.146457,0.498997,2.61561,1.196289,114.809323,70.0,2.609666353254866,1.2137274687891275
0.64364,-0.338494,-0.139678,0.042412,191.728933,70.0,-0.13546851600409177,0.05772956772078709
0.935307,-0.29696,0.424249,0.168182,115.130167,70.0,0.4391540040547816,0.157720606375658
0.98535,0.784599,0.751043,0.862994,130.657618,70.0,0.7326017395725983,0.8466426495892054
0.752521,-0.377976,-0.567297,-0.177811,176.720944,70.0,-0.5828265321255603,-0.19688729238804561
-0.645575,-0.179695,0.045866,0.111697,208.80393,70.0,0.056464039946458315,0.13117337842790602
-0.131228,0.452296,8.908161,-30.990807,123.388538,70.0,8.925161101987337,-30.973846064457415
-0.268286,0.916781,-1.058849,0.672761,116.394505,70.0,-1.0632567622095745,0.6837525096613536
0.338327,0.255747,0.150527,1.133216,202.285717,70.0,0.13895346397228922,1.1478138042536177
0.332494,0.219671,0.060952,0.083762,286.729603,70.0,0.06908547177524588,0.10284037990916586
0.013853,0.823834,-12.642196,-4.756715,154.468939,70.0,-12.622685191655748,-4.738135237564071
0.17433,-0.043541,0.089279,-0.005612,369.773294,70.0,0.08871787364184285,0.012428185971931117
0.201893,-0.783198,0.118926,0.142153,260.76597,70.0,0.13197427454130767,0.15872011660774518
0.789808,0.304658,-9.136905,0.300393,142.022836,70.0,-9.116952358813196,0.2977719309417354
0.391953,-0.448769,-2.693484,-0.562169,125.121424,70.0,-2.6999790049943098,-0.549753247717022
-0.462792,-0.141004,0.229634,-0.046007,249.115014,70.0,0.2250737679656126,-0.03780385772058161
0.143339,-0.896993,-1.707756,-1.691706,64.253522,70.0,-1.7242111777203295,-1.70435633698932
0.23555,0.881289,17.717082,2.970348,71.753602,70.0,17.73218946164882,2.986616084717401
-0.170242,0.741986,-0.014319,0.088911,222.95605,70.0,-0.005717876481052922,0.1088597634512401
0.56255,0.781257,-0.473986,-0.137335,143.698645,70.0,-0.4866653855058462,-0.15167004492177485
0.593892,-0.458291,0.332336,-0.049979,180.608561,70.0,0.3273899555582677,-0.05179417221470157
-0.504937,-0.47222,0.579968,-0.274776,183.776274,70.0,0.560354509031606,-0.29419439745657633
-0.605917,0.359492,-0.586198,0.36937,194.129222,70.0,-0.5669552291661099,0.3498118978396279
-0.016878,0.335821,-0.085625,-0.292911,228.790552,70.0,-0.10551223393264242,-0.2747160843163887
0.144683,-0.308808,-8.067371,24.417114,126.506701,70.0,-8.058914807126433,24.3995993896568
-0.135672,-0.239583,1.015363,1.548394,219.946082,70.0,1.035237665064798,1.5555222613398296
-0.670889,0.362985,-0.483508,0.233977,187.119423,70.0,-0.46509388551591846,0.21899445390045577
0.6836,-0.74103,-0.546848,-0.462702,144.397826,70.0,-0.5615807208977854,-0.4810654572952973
-0.499413,0.373564,0.567458,0.298193,204.094524,70.0,0.5873943034318059,0.27911187742011145
0.482383,-0.582244,0.5937,-0.472147,172.768845,70.0,0.5796222224396385,-0.4918481366406477
0.228157,0.626689,-0.040319,0.352318,196.628159,70.0,-0.020681919328042458,0.37191296907472615
0.763931,-0.617732,-0.707804,-0.642433,152.809019,70.0,-0.7063937243883119,-0.6608741956670643
-0.22652,0.882138,-11.179795,2.295712,71.374264,70.0,-11.1975072446291,2.3116373939130224
0.092236,0.208662,-1.023035,-0.593253,208.911209,70.0,-1.026523615548548,-0.5854133415665592
0.988716,-0.64703,1.124631,-0.322326,133.359078,70.0,1.1046476715719815,-0.3065265270141597
-0.637803,0.442424,-0.615,0.446874,180.086301,70.0,-0.5992440777529953,0.4269183294296159
-0.184043,0.790941,-0.089973,-0.328753,158.541129,70.0,-0.10991977934771914,-0.31074288371011444
-0.649183,-0.825275,-0.656762,-0.820021,139.842793,70.0,-0.6403952507386413,-0.8398190829356489
-0.403939,0.994456,2.778985,-27.596162,94.712842,70.0,2.783918868909622,-27.59136440580398
-0.185245,0.591677,-3.651346,1.022408,155.215679,70.0,-3.669769936745525,1.0389953026144088
0.316491,-0.735856,-1.956894,0.107913,142.342409,70.0,-1.946618743205104,0.08919289468120034
0.462976,-0.754995,0.671045,-0.705623,148.767597,70.0,0.6785843921856637,-0.7251683453157323
0.795741,0.012618,-0.793344,0.011129,164.787509,70.0,-0.7922316742353822,-0.002440268361975641
0.075972,0.867206,0.178144,-1.213432,134.958238,70.0,0.18243098033790592,-1.2008549525635954
-0.864787,-0.470839,-0.727837,-0.407075,157.059695,70.0,-0.7457172083761777,-0.4246496861562401
0.615078,-0.392331,0.380089,-0.158093,187.485637,70.0,0.36587539032640953,-0.16456721276757838
0.086181,0.450241,-2.223526,0.748039,131.892676,70.0,-2.234795767779788,0.7504740576392286
-0.80657,-0.023789,0.401015,-0.074603,233.311953,70.0,0.3937265049785666,-0.08301812284259727
0.181529,0.95266,4.880231,1.407705,72.990733,70.0,4.893941720354582,1.4225873131509508
-0.648844,0.879099,0.757689,0.816892,135.310767,70.0,0.7415040819014773,0.8009323046223934
-0.982446,0.023223,-0.916604,0.011211,135.108279,70.0,-0.9154834870209279,0.00863083156305485
0.30181,0.516941,0.943963,-0.667889,207.536472,70.0,0.9478942806147275,-0.6677404809727352
0.222793,0.485385,-0.842639,0.713492,148.667746,70.0,-0.8509012162545317,0.7039176393162352
-0.126299,-0.700859,0.045653,0.702644,91.980686,70.0,0.038390356559415334,0.7221252094066635
0.668033,-0.36217,0.535726,-0.445569,187.247344,70.0,0.5198900340695973,-0.4634636660506321
-0.990584,-0.744834,-0.088133,0.113698,132.607431,70.0,-0.07736579672925645,0.13178736426889354
-0.428875,-0.10275,0.427492,-0.001246,276.396984,70.0,0.427367400806013,-0.011982403876455971
-0.923807,-0.425357,-0.772391,-0.495916,157.103489,70.0,-0.78468511179604,-0.510947335082463
-0.967628,-0.918056,0.707348,-0.82345,125.689238,70.0,0.7239094118223889,-0.8419087970847702
0.227721,-0.69153,-0.287694,0.229151,90.936984,70.0,-0.2694735661544065,0.23178980973529295
-0.538704,0.002432,-0.847793,-0.002855,209.588695,70.0,-0.8480784903037754,-0.011973726740179505
0.877322,-0.844084,0.777948,-0.748749,130.584618,70.0,0.7892763514458395,-0.763408009059007
-0.512042,0.105289,-0.186195,-0.024484,241.151789,70.0,-0.18863728902602955,-0.012542957623783482
-0.399815,0.304171,-0.151348,0.004554,247.006997,70.0,-0.15089263935107297,0.019095560780874512
0.206604,0.387821,-2.921544,-0.866282,130.756956,70.0,-2.9029779786649317,-0.8753495861163876
0.110095,0.362821,1.289095,-1.574177,164.463144,70.0,1.2690978571697988,-1.5544398018784646
-0.061719,0.69672,-0.081447,0.068757,327.508313,70.0,-0.07470593957545939,0.08712138940817649
-0.223121,-0.002412,-0.209904,-0.001779,357.051021,70.0,-0.2100818976540709,0.008180747074076804
-0.543622,-0.647706,0.690717,-0.542915,161.036891,70.0,0.6824338379639434,-0.5619494779538344
0.01177,-0.180965,-0.4609,0.04208,236.034928,70.0,-0.4567229780895047,0.02868750125248197
0.529284,-0.322385,-0.309234,-0.082563,210.014411,70.0,-0.3172577888071408,-0.08207052324520234
-0.318258,-0.954023,0.700156,-0.415493,160.917083,70.0,0.6826686812031921,-0.43421665583061664
-0.269943,-0.927124,-1.591772,-3.240633,241.962382,70.0,-1.5822678168100694,-3.2427267240794175
-0.176701,0.178552,-0.084093,0.158145,245.282085,70.0,-0.06987573252925917,0.17640298465984286
0.923549,0.088061,-3.130801,0.109731,107.373455,70.0,-3.120370197779657,0.08976010788348499
0.040817,0.004549,-0.022936,-0.003937,324.970531,70.0,-0.023329674574085153,0.015931629047841254
0.455668,0.416228,-0.554677,0.429988,190.731116,70.0,-0.5379383673849601,0.41132852024345334
-0.452767,0.341708,-0.003222,-0.075563,208.624059,70.0,-0.010599809067405996,-0.05556559526486973
-0.914764,-0.431067,0.438354,0.112434,160.311393,70.0,0.44901446978836024,0.10079745326729135
-0.943959,0.878386,0.502487,0.496716,126.09318,70.0,0.514717913080308,0.48054553028883024
-0.959421,-0.989333,-0.851691,-0.977071,120.803124,70.0,-0.8319894273149245,-0.9858410900081905
0.275463,-0.291346,6.491258,-2.287035,122.375797,70.0,6.509356433268489,-2.276916864583516
-0.660239,-0.639983,-0.649039,-0.41577,156.85323,70.0,-0.6665128601288504,-0.4356627615095629
-0.196098,0.183788,-13.550593,4.926574,167.296331,70.0,-13.560179250543966,4.930718214673772
0.923511,-0.549772,0.929514,-0.524495,148.785178,70.0,0.9195917154522825,-0.5257904720085114
-0.025841,-0.317999,-11.859515,10.696002,92.631815,70.0,-11.86097240486674,10.677524304775654
-0.612783,0.951914,-0.96066,0.745361,130.687324,70.0,-0.9717075281129574,0.747176716885011
0.811465,0.299576,-0.239857,0.238766,214.433575,70.0,-0.22126128775975226,0.24602648139486386
0.968541,0.27045,-7.639779,-1.098095,109.557006,70.0,-7.625533834038961,-1.0805412699726717
-0.545593,0.226075,0.374179,0.112327,222.288993,70.0,0.384830414988405,0.10641471057328261
-0.354912,0.996889,0.575411,0.148278,182.385883,70.0,0.5889172746239701,0.12897373018928335
0.717599,0.692321,0.738035,0.67439,148.55324,70.0,0.7334684910967436,0.6573247069087832
-0.166596,0.027513,0.055459,-0.015824,374.36631,70.0,0.053878250447242516,0.0034119892679463255
0.417122,0.575083,0.650285,-0.119639,150.991637,70.0,0.6390219635278069,-0.13951848977427808
-0.585162,-0.821719,-1.082784,-0.403131,140.057869,70.0,-1.100837429832289,-0.39022324159716393
-0.628353,-0.736439,-0.632793,-0.647043,148.584159,70.0,-0.6309232872509946,-0.667037994989926
0.673769,0.042671,-1.728282,-0.050858,169.754022,70.0,-1.7333131660834742,-0.06502881785994657
-0.83005,-0.655091,0.403214,-0.062531,144.987549,70.0,0.39706227992162735,-0.07114509769063157
-0.119048,-0.845135,0.362368,0.567195,128.374812,70.0,0.3683856452977171,0.5624206748759736
-0.176659,0.899032,-1.02283,1.738728,218.62531,70.0,-1.0094756563545209,1.7465487948823528
0.02925,-0.397188,-1.174787,-0.822702,106.254061,70.0,-1.1582676385705593,-0.8043536120077804
0.454661,-0.509109,0.193338,0.122473,186.213292,70.0,0.20483408647536172,0.13383353602299067
-0.599557,-0.750492,-0.155817,0.072352,147.018972,70.0,-0.14873858269535625,0.08658313481987562
0.475338,-0.989764,11.006629,-2.389077,96.469972,70.0,11.018265740969637,-2.3879720915702634
-0.956149,0.003183,1.090605,-0.004354,137.143498,70.0,1.090169634390916,0.009141149114066643
-0.511579,-0.113781,-1.069161,0.089673,234.459591,70.0,-1.0604911455525086,0.10151103105948736
-0.32007,0.581866,29.04496,-9.299946,79.555858,70.0,29.033271686031828,-9.2847988299671
-0.584139,0.378653,-0.558736,0.3473,194.136392,70.0,-0.5390099493764754,0.3284982717518938
0.019387,-0.162006,-2.984624,1.315926,164.827906,70.0,-2.9787815633715717,1.3017760191472274
-0.833396,-0.892375,-0.804164,-0.809999,130.533707,70.0,-0.7883935564119109,-0.8227539293622669
-0.154134,-0.537984,0.483787,-0.222478,130.817579,70.0,0.465851822649314,-0.2374790132023368
0.09699,0.113607,0.141736,-0.158281,374.526858,70.0,0.12750917052733396,-0.14309656728732761
-0.603376,-0.944173,-0.941589,-0.530827,130.796374,70.0,-0.9509566234772323,-0.5309158793151475
-0.716703,0.368369,-0.534201,0.508508,180.184795,70.0,-0.5229237931718698,0.4906819601197272
-0.827716,0.585463,0.551289,0.454711,152.75271,70.0,0.5665502418627533,0.43617614060168336
-0.118455,-0.876234,19.969743,16.510044,64.602908,70.0,19.985014234049434,16.525567120421726
-0.866709,-0.77698,0.796631,-0.701648,135.251598,70.0,0.8038007526974011,-0.7149739724239123
-0.696012,0.133603,-0.553022,-0.056554,224.865661,70.0,-0.5586023341699984,-0.07515327088163509
-0.53008,0.947151,-0.864569,0.553968,130.855339,70.0,-0.85730402154813,0.5463726680213344
0.764472,0.480813,0.606837,0.576312,165.021515,70.0,0.6119792421571403,0.5564272531759549
-0.970914,-0.150544,10.017175,-0.254434,95.157472,70.0,9.998060169283239,-0.23475572212572188
-0.196897,0.760516,-0.834814,-0.519311,104.633514,70.0,-0.8451830057749846,-0.5295648688157015
-0.009218,-0.92845,1.783691,28.657255,65.345487,70.0,1.7648614502179114,28.639764326990534
-0.461208,0.479029,-0.427193,0.263948,194.263464,70.0,-0.40781998916482015,0.2532368346427946
-0.957867,-0.868873,0.433435,-0.474458,126.164012,70.0,0.41952231126045736,-0.48569099935183363
0.854164,-0.062152,5.780172,0.090294,110.587192,70.0,5.788897774418332,0.07409261503657026
-0.596845,0.818277,-0.231705,-0.14025,141.325288,70.0,-0.24460846472855644,-0.13223617241810173
0.774517,-0.691864,-0.501322,-0.23105,144.640712,70.0,-0.519619918209489,-0.2471516397170566
-0.157129,-0.871071,15.026975,0.280062,62.351466,70.0,15.04668504744902,0.29937247358521035
-0.093796,-0.435389,-1.727024,-1.642007,157.451823,70.0,-1.7457695965761735,-1.6560887648632507
0.412495,0.808772,-0.251672,0.610535,112.88438,70.0,-0.24989598938204016,0.6166825584915215
-0.977082,0.185767,7.500383,-0.956698,106.007131,70.0,7.520332467743687,-0.9370856074420942
0.185596,-0.687088,0.934924,-0.413671,127.890301,70.0,0.9173489924017406,-0.41442620002951974
0.104698,-0.340024,3.473741,18.786791,105.357484,70.0,3.4675670260255322,18.788587483505594
-0.788247,-0.068274,-0.320239,0.001451,259.79571,70.0,-0.320093901272887,0.0008431201675238374
0.524466,0.703995,-0.225128,0.008089,153.955635,70.0,-0.2243193205148004,0.01670097954545832
0.05194,0.947584,-11.674656,-43.464965,74.739898,70.0,-11.664118291545602,-43.469986988605434
0.050744,0.846197,0.233599,0.104932,205.879397,70.0,0.24361737531138405,0.11277194007620588
0.027996,0.535775,-4.586376,0.78452,175.232852,70.0,-4.60045590396909,0.7727360560151818
0.773462,-0.426605,-0.614914,-0.529041,168.955949,70.0,-0.6244390457052387,-0.5489960964518638
0.058031,-0.665693,-22.109119,-22.054676,79.388976,70.0,-22.10287254481372,-22.071296458845172
-0.300338,0.218221,-6.030975,-0.071113,193.807588,70.0,-6.03793740159988,-0.06501668835369148
-0.358745,0.579359,4.121477,-18.913793,111.309803,70.0,4.115163168885867,-18.91751188434825
-0.718259,0.227027,0.515364,0.137642,227.752215,70.0,0.5280671126565646,0.12074779393081649
-0.349235,0.40127,9.825896,-0.301463,115.34472,70.0,9.805936285257065,-0.293038530825774
0.139599,0.242517,-0.0673,-0.109588,324.665278,70.0,-0.07771859841239896,-0.09070967812797269
-0.020433,0.583636,-1.55549,-1.400112,70.446451,70.0,-1.5686381736188733,-1.39858286105881
-0.826436,0.092091,-0.353466,0.075744,191.916281,70.0,-0.3460713704970794,0.07183858173975954
-0.222771,-0.119002,-0.219291,-0.111148,314.304078,70.0,-0.22984244164389264,-0.10201294810548289
-0.063687,-0.391588,-9.901582,22.68796,89.503083,70.0,-9.894865810632655,22.702490125190288
0.579242,-0.672378,0.747907,-0.508491,156.951903,70.0,0.7366283892333443,-0.5250209141098547
-0.654067,-0.908502,0.318627,-0.11939,134.317105,70.0,0.3073845484523777,-0.11983673630715413
0.801731,0.684693,-0.718486,0.534598,144.288609,70.0,-0.7094531997222012,0.5165963486021419
-0.362962,-0.308388,-3.155374,18.500786,166.938991,70.0,-3.175075272248239,18.48083346259285
0.92567,-0.270231,2.220264,-1.788809,97.600963,70.0,2.2110154163215365,-1.7866980250981905
0.231061,-0.555487,-4.063033,8.141393,102.560178,70.0,-4.060366176600308,8.143492867681314
-0.076445,-0.815166,0.030837,0.769376,202.261768,70.0,0.017871947017508983,0.7891387404482054
-0.494433,0.064358,-0.72861,2.184449,138.752176,70.0,-0.7485562522466283,2.166911341177608
-0.335451,0.083119,-0.540873,-0.023655,217.895458,70.0,-0.5432329887026428,-0.04177358073077973
0.977572,0.048387,2.014081,-0.049822,125.220398,70.0,2.009150169413426,-0.0657964526973404
-0.752539,0.068991,4.307943,-0.218225,137.313565,70.0,4.290200067013821,-0.23622145243047135
-0.466301,0.881575,-11.445678,1.879716,93.301744,70.0,-11.445154100717652,1.8952709469041122
0.62402,-0.102829,-11.098501,-0.201741,103.167687,70.0,-11.115423847501948,-0.19189668184387695
-0.24039,-0.238229,0.153119,0.139303,267.906669,70.0,0.16594996611060092,0.15372240340506169
0.082651,-0.877849,-18.622992,38.244081,73.116848,70.0,-18.61489624194587,38.2525631605546
-0.008025,-0.88169,1.904604,46.727366,75.747549,70.0,1.9229318551515582,46.707462437381515
-0.572222,0.664302,-0.724319,0.577897,156.964332,70.0,-0.7193300892004555,0.5601571232149306
0.918747,-0.62181,-1.679197,-0.324015,135.245018,70.0,-1.6991727210374958,-0.3343320652640002
-0.765526,-0.194485,0.208926,1.774822,168.182205,70.0,0.21939113130439783,1.7848664382807962
-0.7142,0.44545,-0.573732,0.530713,172.698296,70.0,-0.5643543058429851,0.5114533095570062
0.67651,0.102498,-0.284855,0.010658,246.854908,70.0,-0.28378970437579876,0.013577952475380194
0.676108,-0.656856,-0.680078,-0.569632,152.798586,70.0,-0.6858627970644515,-0.5889659691605439
0.223849,0.228156,10.536283,0.093519,186.578423,70.0,10.545297815119216,0.07855776968195649
0.616311,0.344824,0.564069,0.375036,194.114053,70.0,0.5831496370024537,0.3560591558144577
-0.55039,-0.396595,-0.559299,-0.332055,194.133562,70.0,-0.5792189890753006,-0.3508758484399965
0.432781,-0.247645,-0.497439,-0.192083,228.18385,70.0,-0.5138275901709151,-0.2079512941819128
-0.172499,0.814102,-7.366573,-4.92963,87.115171,70.0,-7.357256066184087,-4.916676187092439
0.605936,-0.040583,-2.627904,0.117806,176.532572,70.0,-2.6167929050231913,0.13460994586594946
-0.081331,-0.930152,-0.78447,-0.346431,76.551197,70.0,-0.8042101982171337,-0.36063861416078175
0.930892,-0.491802,-0.885828,-0.486821,152.963324,70.0,-0.8988265289628081,-0.49241053269504137
0.284597,-0.786396,-13.059186,30.408741,84.032135,70.0,-13.040223673586867,30.393158351754984
-0.949628,-0.39304,3.974112,-1.049653,129.466559,70.0,3.9913084333698228,-1.0392027979147582
0.182524,-0.316316,-2.678717,-4.767759,223.92983,70.0,-2.6594785767535036,-4.75422042537522
-0.322258,-0.19764,4.085793,-0.069184,144.458352,70.0,4.079011753531655,-0.06935625290370294
0.261976,-0.963051,0.070417,-0.082305,135.672612,70.0,0.06241685053621415,-0.0635318854078939
-0.004679,-0.631587,0.544273,2.346338,61.525326,70.0,0.5294513578118385,2.328078078229575
0.921761,0.038669,-0.865994,0.026524,180.14705,70.0,-0.8633493682624197,0.01906068392908319
-0.085986,0.836349,-1.69248,1.246631,107.220753,70.0,-1.6934801887710245,1.235199592780878
0.522247,-0.588419,-0.689828,-0.243444,168.816942,70.0,-0.7085908078701889,-0.262505578158218
0.437571,0.255485,0.479986,0.117448,230.982154,70.0,0.49106731020967287,0.10270107137375938
-0.068368,0.942945,15.977811,-37.406176,72.057264,70.0,15.997698497219131,-37.41057098961043
0.073919,0.350852,0.086469,0.098358,222.051994,70.0,0.0959130901835731,0.11651771378655165
0.763526,0.578476,0.602443,0.529987,156.921424,70.0,0.6118847568627082,0.5101541524194108
0.44966,-0.55987,-0.218003,0.149961,162.447038,70.0,-0.20437307864529697,0.1592104413483911
0.269249,-0.727044,24.070681,-1.934499,72.011938,70.0,24.0755848265481,-1.9232406384414378
0.571755,-0.507779,-0.681336,-0.435539,176.44162,70.0,-0.6977644144484766,-0.454840392407309
-0.248495,-0.453619,-0.552154,0.598534,159.460928,70.0,-0.5491865440603246,0.5799668163537157
0.024414,0.327892,0.821088,-1.280551,114.810511,70.0,0.8187023003293015,-1.2919582807094137
0.88309,0.098805,4.535336,0.50571,147.489824,70.0,4.546843174190183,0.4902283456083763
0.608351,0.549723,-0.702497,0.486992,168.871996,70.0,-0.689511471737368,0.46835191423563
-0.810719,0.243825,-1.586348,-0.037564,157.345196,70.0,-1.590082353573465,-0.03911760060974669
-0.040106,-0.064515,0.031784,-0.022025,372.624797,70.0,0.029585949110170942,-0.002277024574911489
-0.301472,-0.847002,1.152904,-0.262032,220.776234,70.0,1.133579476094988,-0.24466236822270457
0.432432,-0.120036,0.501094,-0.082782,261.434107,70.0,0.493050155714423,-0.09887010512822064
0.552773,0.450278,0.179989,-0.01724,186.183619,70.0,0.17826713422002932,-0.004806938993790255
-0.182151,0.5871,1.384816,1.101119,100.660681,70.0,1.3707847140845442,1.1171502226090586
-0.603445,-0.105215,0.287218,0.076463,272.90995,70.0,0.29467938664402793,0.0791489860807571
-0.347574,0.318821,4.907591,-1.917758,124.975286,70.0,4.910856554167023,-1.9011926339881786
0.425214,0.565793,-0.749684,0.177357,167.521128,70.0,-0.7341831164928674,0.16092777200749078
-0.713747,0.05495,-0.355598,-0.007422,273.011817,70.0,-0.35634002965801503,-0.01153628816454315
-0.447456,-0.398785,0.824688,-0.415181,176.620682,70.0,0.8071855621529347,-0.42629074761661534
-0.387124,-0.399592,0.176071,0.076167,150.605593,70.0,0.18350491549972153,0.08890454983507665
0.051124,-0.761945,-12.340409,39.874016,72.314632,70.0,-12.3602626393554,39.88255266764556
-0.008125,-0.552746,1.837694,23.326539,62.560394,70.0,1.8300206065401612,23.307094820798817
0.005405,0.838328,-0.80673,-11.769935,60.31638,70.0,-0.8216306747447735,-11.782491239797674
-0.222821,-0.951274,-25.918902,-2.584647,76.480835,70.0,-25.92588875789545,-2.5987351084257337
-0.055154,-0.972761,4.926006,-36.016603,86.522657,70.0,4.942966355447544,-35.999077409885075
0.806913,-0.205939,-0.243724,-0.207094,195.90789,70.0,-0.26092604417361515,-0.20019517248405994
0.78814,0.27292,-0.02687,-0.085939,192.186987,70.0,-0.03520187096980311,-0.06611922788854713
0.970009,0.946304,0.141636,-0.160747,122.772734,70.0,0.12723693438449787,-0.14555606086399525
0.525098,-0.686312,0.522614,-0.588491,157.055696,70.0,0.5186575179972943,-0.605762059530986
-0.850169,-0.787067,0.794926,-0.719743,135.243432,70.0,0.8037533548739326,-0.7331956259458955
-0.236317,0.227319,0.094289,0.057518,251.340389,70.0,0.09996184058362396,0.07533625873864844
0.545595,-0.182968,-0.359794,-0.185139,233.750553,70.0,-0.37577477690659916,-0.189662978225826
0.865049,0.877225,0.822866,0.805174,130.530822,70.0,0.8073968572768365,0.7939132116375568
-0.472673,-0.210377,0.476325,-0.203303,239.168566,70.0,0.45931942158430666,-0.21780016588994744
0.193794,-0.905767,28.317186,1.625019,77.838862,70.0,28.336455466587406,1.605476322426554
0.769738,0.989521,-0.941124,0.901069,125.822101,70.0,-0.9606968570468063,0.9009336214261323
0.873633,-0.848838,0.802285,-0.791077,130.566325,70.0,0.8168229355341213,-0.8039760936133434
-0.426269,-0.306435,-0.278392,-0.085892,235.695277,70.0,-0.28671959800336955,-0.08233430840148438
-0.250585,0.424015,-1.046791,-1.971924,152.766295,70.0,-1.038365657075596,-1.9619592290026493
0.418715,-0.654101,-1.485788,-0.327314,152.318915,70.0,-1.505744753833382,-0.31906682576901163
0.520658,0.698539,0.515148,0.176486,156.633737,70.0,0.5305936975817751,0.15960336461508967
0.343703,0.613715,12.980955,1.365757,83.585628,70.0,12.991333616219018,1.3561312031027115
0.71485,0.480537,-0.598808,0.553586,168.867468,70.0,-0.5915074441821835,0.533803323133498
0.389552,-0.803658,0.428065,1.260576,147.875645,70.0,0.4284588683929165,1.2497912964335784
0.923264,-0.706889,0.697621,-0.356742,139.606476,70.0,0.6780726123986126,-0.3755532581212189
-0.689694,0.314221,-0.329257,0.203818,187.071355,70.0,-0.31222437187631696,0.2023096600447495
-0.886057,0.043952,-0.349745,-0.063626,275.648581,70.0,-0.356000818828302,-0.06716582658053077
0.698382,-0.29513,0.06553,0.056891,185.688453,70.0,0.07114268787930185,0.07582702463371996
-0.245388,-0.242845,-5.730207,6.271672,227.228248,70.0,-5.73135769492301,6.253074335936365
0.498256,0.194579,0.410075,0.178554,236.481791,70.0,0.4256512447083171,0.16932589160324044
0.28957,0.795925,0.848312,0.063089,179.264845,70.0,0.854516790898531,0.05401649555393394
-0.881205,-0.417443,-0.798113,-0.479672,157.107677,70.0,-0.8116464319467971,-0.49288709706519157
0.041111,0.951472,6.022295,4.783373,99.235078,70.0,6.003541514820701,4.788637137570835
-0.613051,0.450703,-0.554297,0.347567,180.109894,70.0,-0.5345753710223468,0.3289212317799155
0.95722,-0.0118,2.674701,0.025388,133.459136,70.0,2.6772329872207883,0.03921942253694452
-0.316433,-0.281872,3.328391,5.991417,181.018966,70.0,3.3085162078917083,5.979524412482807
0.581738,-0.732227,0.450299,-0.786443,148.69717,70.0,0.4645148234085923,-0.7990297227945408
-0.534983,0.537815,0.712471,0.405105,176.46286,70.0,0.7304386046602798,0.3868494435941214
-0.946415,-0.391514,8.884119,-1.452803,105.688606,70.0,8.867499815156126,-1.4346934926967072
-0.182329,-0.395858,-0.21771,-1.290949,131.490805,70.0,-0.22112438704297258,-1.281673590214738
0.820906,0.971073,-0.89043,0.932118,125.75913,70.0,-0.9104031746551163,0.9269717701440491
0.823844,0.348419,-0.742999,0.290069,183.738542,70.0,-0.7231439098917327,0.2732677981872214
-0.116982,-0.11332,-0.032338,0.002393,348.179979,70.0,-0.03209870570970599,0.022132132518500575
-0.569664,-0.335763,-0.419092,-0.18709,200.8995,70.0,-0.4351893242985833,-0.19710843889407836
0.832799,0.852396,0.567874,0.341064,130.951337,70.0,0.5876933065552434,0.3219704541830439
0.217993,-0.19354,-0.59601,2.385883,222.876262,70.0,-0.6079050157768044,2.366143393280439
-0.832227,0.763551,-0.596358,0.369072,139.488896,70.0,-0.5771071282156925,0.3493268258994501
-0.999213,0.228708,-15.149291,-20.357887,94.604907,70.0,-15.168323427073728,-20.339087445563212
-0.096684,-0.969632,-0.281418,-1.149363,88.50589,70.0,-0.27119761214671984,-1.1461034781818888
-0.606913,-0.39055,0.440667,-0.178002,190.508113,70.0,0.42512543916783524,-0.18982588350091983
0.019712,-0.708373,2.234707,1.590011,85.104708,70.0,2.254614770057059,1.593551457246882
0.38044,0.053079,-0.354564,-0.068229,276.407227,70.0,-0.3612553265478409,-0.0722420451422735
0.099993,0.590527,4.560285,-1.218124,84.932615,70.0,4.564112548266144,-1.231909963912454
0.988881,0.119435,0.083672,-0.029385,126.192555,70.0,0.08074406080628756,-0.011109871215323478
-0.66045,-0.188287,0.60832,0.490448,166.764013,70.0,0.6210407557108969,0.4705479020266319
-0.535411,-0.645978,0.529574,-0.060157,160.576655,70.0,0.5236485989065036,-0.0777684954352243
-0.956,0.505664,-0.734591,0.231979,148.596604,70.0,-0.7162557765386524,0.21473664882968757
0.696179,0.687991,0.603396,0.494503,148.641996,70.0,0.6158012553579164,0.4746580822978952
-0.940388,0.906028,0.766615,0.965239,125.750539,70.0,0.7467443783701905,0.9498329680122652
-0.38431,0.894687,0.622491,0.245614,183.19604,70.0,0.641327839363622,0.22562248942791263
-0.987394,0.86376,0.483643,0.952472,125.896846,70.0,0.4636679658321778,0.9374805145625771
-0.779919,-0.103098,1.258779,-0.130851,118.745987,70.0,1.2466076349274333,-0.11085214696424017
-0.769166,0.631435,0.412061,0.188933,152.270969,70.0,0.42826701328896,0.17952915364783742
0.529331,0.471413,-0.574894,0.251842,183.784943,70.0,-0.555857031016835,0.23255131231074222
-0.966557,-0.928614,0.651539,-0.587691,125.515915,70.0,0.6475041308554096,-0.6075563538033856
0.778338,-0.477302,0.467997,-0.417416,164.926942,70.0,0.45060380496716024,-0.43132705098825513
-0.022269,-0.274204,-0.066988,1.202878,216.482699,70.0,-0.07229940391077352,1.2217666006816577
-0.543678,0.405319,-0.585651,0.365134,194.142768,70.0,-0.5662970969335743,0.34558740597021476
0.20248,-0.913739,1.555726,2.46057,97.473875,70.0,1.550516375238449,2.462075606962011
0.780622,-0.092577,-2.875867,0.081733,172.286499,70.0,-2.8679193076631213,0.07693684031983611
0.058115,0.741504,5.094727,-1.247475,92.203874,70.0,5.095642885721253,-1.2286258754433337
0.457046,-0.433638,-0.514679,-0.275727,197.540285,70.0,-0.5343108751202229,-0.29258444422168467
-0.147725,-0.80582,9.891216,-0.018273,103.740817,70.0,9.88939124118951,-0.004474377955088416
0.581362,0.943112,0.755127,0.30754,131.0295,70.0,0.7751160473313474,0.2914272122840623
0.884587,-0.746368,-0.285434,0.003717,136.384448,70.0,-0.2850623213972983,0.00657966072123635
-0.208325,0.683054,9.838993,0.437993,109.224842,70.0,9.855280224109345,0.4475864050168966
0.082098,-0.185202,-1.091061,0.3078,191.018581,70.0,-1.071071109212227,0.32132876861176896
-0.691819,0.600996,-0.567901,0.375585,157.059083,70.0,-0.5488368886808754,0.3564906507213223
0.931391,-0.117446,-1.628023,-0.029571,146.390409,70.0,-1.6309693375270733,-0.0352158983679919
0.08559,0.509249,11.895719,3.089822,76.477152,70.0,11.900838443854871,3.070268352287389
0.947233,0.140802,3.338338,-0.556537,98.912985,70.0,3.3313129660045537,-0.5676154728930674
0.453161,0.269837,0.429497,0.13143,231.010268,70.0,0.4417142577428495,0.1205249772767796
-0.855644,-0.81606,0.712534,-0.541116,135.083488,70.0,0.7040874293931554,-0.5593689822247426
0.485105,-0.8371,1.08409,0.466356,152.102473,70.0,1.0985731597320776,0.4793632419561901
0.862929,-0.75387,0.277606,0.0378,138.465289,70.0,0.28136353592951224,0.04143501036213477
-0.297677,0.950476,-0.486008,0.275057,131.04463,70.0,-0.46638903073434673,0.2599100221950252
0.655486,0.758001,-0.614777,0.67106,144.274093,70.0,-0.6190186871672521,0.6511058257528489
-0.279939,-0.94063,3.356449,1.190649,107.475675,70.0,3.349969268882363,1.1811217219623298
0.834876,-0.237098,15.10084,12.623146,86.904718,70.0,15.106441590105513,12.643033795282106
-0.904233,0.552381,-0.950328,0.515835,148.761097,70.0,-0.9396633397423572,0.5166198188351979
-0.128866,0.1547,-0.146134,-0.012811,259.041052,70.0,-0.1474142241116398,0.0020835486493691584
0.040261,0.666955,-1.712917,-3.765041,114.235352,70.0,-1.712430029698805,-3.7780868244426915
-0.490139,0.239949,-0.436012,0.184908,231.005505,70.0,-0.4200451233039599,0.17346272447881442
0.826736,0.947355,-0.829287,0.768154,125.801426,70.0,-0.8421587653829529,0.7574295741357661
0.193784,0.919595,-0.262151,-0.164022,220.484301,70.0,-0.2767754173927223,-0.1588795902105395
-0.364466,0.412361,0.532423,0.485661,247.149953,70.0,0.5455094694990091,0.46791627979086875
0.554589,0.983026,1.041225,0.724177,130.784593,70.0,1.0320019725034155,0.7336553801782497
-0.281553,-0.060001,0.363278,0.11693,294.367839,70.0,0.3743161509856783,0.11206735546908765
-0.437877,0.604015,3.500029,0.601244,144.107802,70.0,3.5027281912918338,0.6056356285334978
-0.318565,-0.119458,0.106007,-0.068586,222.409982,70.0,0.09928204144234269,-0.05133021247361293
0.263732,0.537806,-0.610217,5.108729,231.789054,70.0,-0.6022282393491898,5.088810860449775
0.901629,-0.329209,-0.649709,-0.870844,164.603403,70.0,-0.6309781944902032,-0.8907297209529448
0.984736,0.453181,-0.037876,0.216858,151.830372,70.0,-0.02019656632884618,0.23650042277766892
0.612225,-0.340489,-0.333707,-0.034965,197.000306,70.0,-0.3371857161556827,-0.03691666267461122
-0.594424,-0.488923,0.531385,-0.260071,176.533814,70.0,0.512111938264337,-0.2777675968584469
0.664002,-0.110588,4.837241,0.129161,91.805086,70.0,4.849277830379223,0.1408509415933215
-0.646,0.675957,0.734372,0.620783,152.793168,70.0,0.735125374793093,0.6035295622568364
0.809639,-0.399702,0.308843,-0.007477,172.103721,70.0,0.3080954741568459,-0.006945436066845639
0.206887,-0.852494,-1.1507,11.477987,107.853453,70.0,-1.1357902329130205,11.49524632231005
0.131332,-0.704433,-12.844104,-0.148166,61.879743,70.0,-12.857602012164062,-0.14454351677349261
0.602512,0.419825,0.396096,0.148751,186.922318,70.0,0.40963712201634234,0.14078461603688208
-0.004364,0.651385,-0.192936,-0.154163,257.225591,70.0,-0.2068704020912623,-0.142769401943857
-0.177411,0.254468,-0.698225,0.778228,140.629765,70.0,-0.7118511497721851,0.7594373406497645
0.843365,0.442482,0.343697,0.172746,164.618277,70.0,0.35890241754241387,0.16980295275488796
0.790121,-0.437493,-0.568836,-0.526428,168.960651,70.0,-0.5785899896041485,-0.5455499580747252
-0.943519,0.273945,32.647305,4.72946,85.649155,70.0,32.62737781070641,4.749300712702418
0.199636,-0.717704,12.060248,-6.884702,90.463144,70.0,12.057575831007032,-6.9010837290828375
-0.447775,0.240715,-0.261331,0.02175,236.121219,70.0,-0.25916028459452006,0.02697160945249971
-0.301282,0.358287,0.318579,-0.133419,162.416975,70.0,0.3062048726391301,-0.13386093749192357
-0.266434,0.039669,-0.237755,-0.014257,339.809655,70.0,-0.23917949284548812,-0.0068010630980006245
0.714302,-0.72764,-0.586329,-0.478399,144.359292,70.0,-0.5999558862493751,-0.497959836510232
0.55261,-0.290329,-0.395113,-0.168075,210.468259,70.0,-0.4100108673233393,-0.1759511227363715
0.441348,-0.262205,-0.004298,0.065638,232.131575,70.0,0.0021486032377901684,0.08563338197672876
-0.872042,-0.405343,0.482176,-0.371136,161.334818,70.0,0.4629821129538107,-0.38602997932236044
-0.599606,0.423294,-0.314929,0.06476,186.669437,70.0,-0.30856557249288147,0.06468302672592327
0.29412,-0.732417,-1.583974,1.576816,96.694269,70.0,-1.563983058432498,1.5754991859379925
0.266724,0.831463,10.624598,12.010366,85.480354,70.0,10.617523144692834,11.991167630423107
0.405038,-0.519826,-0.416352,-0.719558,176.707199,70.0,-0.4075412494369721,-0.7293383612114571
-0.7105,0.618894,-0.456234,0.202454,156.506987,70.0,-0.43927326028800606,0.1894116578996109
-0.243778,0.831336,-7.504704,4.908491,116.63411,70.0,-7.515835976784094,4.928183466435017
0.271821,0.488336,-0.280628,-0.340309,166.943584,70.0,-0.3004572912444773,-0.33697156004140955
-0.541961,-0.730264,0.278661,0.118368,151.654501,70.0,0.2898187802218386,0.12189921740697623
0.455856,-0.436163,-0.25444,-0.159516,191.189918,70.0,-0.26875335923495,-0.1536324212852281
-0.585132,-0.309812,0.561465,-0.326339,204.037427,70.0,0.5415020750236708,-0.34523201658548175
0.995293,-0.103525,-2.259699,0.069085,156.448435,70.0,-2.2529270679248055,0.07505118410765294
0.061598,-0.717864,4.800915,1.489961,82.639939,70.0,4.819303530144911,1.498527351494648
0.852409,0.439166,0.457357,0.226887,164.84191,70.0,0.4754829104979004,0.2137597272678847
-0.935647,0.574178,-0.701456,0.288341,148.57819,70.0,-0.6816224144117882,0.2696634361458655
0.216279,-0.997084,4.061288,-23.909855,83.039505,70.0,4.057928913185998,-23.90758167892219
0.015314,-0.61583,-0.68308,0.15507,126.999592,70.0,-0.6690806784030838,0.1358150325101394
-0.252733,0.309516,-19.365801,-7.869611,96.021891,70.0,-19.385739961801885,-7.886552199395074
0.030689,-0.211579,10.609211,-13.702178,144.552645,70.0,10.620572228200295,-13.72088873955902
-0.001698,-0.538879,-0.597569,0.027031,183.620602,70.0,-0.594874122018074,0.007266918133952409
-0.939077,0.9258,0.800691,0.907539,125.727553,70.0,0.780995404533989,0.8945185005566372
-0.082009,-0.329525,5.28368,-2.305429,211.661181,70.0,5.300920239180079,-2.2998032108922786
-0.329823,0.66584,-0.414737,0.068378,195.479946,70.0,-0.4080316339645316,0.05873882831910624
0.773346,-0.381772,-0.763311,-0.434225,169.069567,70.0,-0.7798139997496534,-0.4498396096041246
-0.449127,-0.476073,0.374632,-0.349092,190.681371,70.0,0.3549362991911662,-0.35504754964583635
0.641005,-0.627495,0.564622,-0.385585,157.055495,70.0,0.5458839108254607,-0.4045792326321924
-0.304755,-0.012575,0.082548,-0.001132,318.199287,70.0,0.08243480060440402,0.017188503838771137
0.655903,-0.242486,-0.552821,-0.239097,210.468002,70.0,-0.5714288709273437,-0.2576888716899116
0.540886,0.679275,0.672664,0.616224,157.011187,70.0,0.6738727160566479,0.5967136192908543
0.580362,0.141682,-0.562693,0.008368,233.651451,70.0,-0.5618564441269691,-0.010564948114279441
-0.755941,0.904893,-0.833464,0.819531,130.581609,70.0,-0.8498025380056617,0.8091614584743889
0.530666,0.89526,-0.922404,0.368445,137.875418,70.0,-0.9031362231828137,0.36644098906275635
0.631746,-0.250042,-0.425556,-0.03205,204.398705,70.0,-0.4287473001690765,-0.042622563741561884
-0.45778,0.097245,0.772388,0.484188,244.478821,70.0,0.7855855040041986,0.46915646702211516
0.393786,0.360657,0.160179,0.73426,149.146942,70.0,0.15007338368053036,0.748181287933836
-0.438307,-0.628755,6.425743,19.281758,125.559326,70.0,6.442359431247114,19.29688882629887
0.508371,0.199614,-0.061883,-0.073208,232.528362,70.0,-0.0690414117995047,-0.05415776267556638
0.909714,-0.435718,0.834909,-0.514737,157.094739,70.0,0.8241516135938926,-0.5249827112276968
0.893747,-0.799462,-0.665278,-0.390854,134.954126,70.0,-0.6838254115771089,-0.41051347015742956
-0.558817,-0.037459,0.576603,0.140431,222.193157,70.0,0.5895202884998921,0.12109590683850899
0.433669,0.680591,-0.399094,0.095116,168.479407,70.0,-0.38993691679991493,0.08687553073109802
0.687664,-0.437395,-0.579205,-0.437605,176.414723,70.0,-0.5955147113503326,-0.45700498961415154
0.70977,-0.894461,0.08136,0.167658,132.569767,70.0,0.0962300134077941,0.18602583349669224
0.801528,-0.711935,-0.687041,-0.553932,144.157499,70.0,-0.6943093324258178,-0.5730760933437535
0.500059,0.49299,0.250247,-0.072096,179.169039,70.0,0.2431925315369757,-0.06581299747560906
-0.314285,-0.185733,-0.320404,-1.403896,120.274638,70.0,-0.33383494072582137,-1.4045203720006687
0.382113,0.175165,0.404103,-0.287168,232.39863,70.0,0.3842848558350039,-0.29586224394009336
-0.005837,-0.096706,0.003463,-0.042861,375.573589,70.0,-0.0007903675647080409,-0.022863998017346107
0.658114,0.929732,0.842983,0.598309,130.720192,70.0,0.845972705015905,0.5887648555871233
-0.002095,0.784837,0.533606,-40.189606,71.35657,70.0,0.5358790743155899,-40.20740498313097
0.750747,-0.194299,-11.49142,10.176858,136.672848,70.0,-11.479818715355075,10.189157655015018
0.422953,0.5786,0.500276,0.286731,187.026754,70.0,0.5200882171561225,0.2706916251201034
0.53628,-0.744022,0.45184,-0.519931,148.870544,70.0,0.44152406064486527,-0.5326371042206991
-0.773379,-0.180771,0.249332,0.066923,204.640602,70.0,0.25590011095095544,0.07329280412654668
-0.224009,-0.923276,7.133918,-4.498821,83.45555,70.0,7.143558358930839,-4.507677114848047
0.504813,0.384004,0.492151,0.273007,200.81813,70.0,0.5117291143932035,0.25746608529436954
-0.04364,0.539651,-4.437826,-9.924779,150.594379,70.0,-4.425856640375381,-9.944388312196551
-0.094022,-0.224573,0.481972,0.155724,190.651851,70.0,0.49601795378333574,0.14084364339366945
-0.396861,-0.041601,-0.309671,0.080766,260.410852,70.0,-0.30181213717749344,0.08121478886435575
0.809647,-0.26883,-0.440858,0.276823,172.269099,70.0,-0.4212054882554172,0.2649837171843921
-0.21822,0.379704,-2.828306,20.702784,128.425313,70.0,-2.825146539408386,20.702696739099938
-0.321162,0.229311,0.108323,-0.058197,333.878812,70.0,0.102585080870988,-0.04105945532900235
0.038026,-0.900103,-9.423226,42.466551,73.684793,70.0,-9.442473140818294,42.44655160214254
-0.028569,-0.154117,-0.190696,-0.252404,247.885502,70.0,-0.20975012297742548,-0.2408270222596644
-0.242805,-0.823792,-1.116922,-1.033382,106.652359,70.0,-1.0989525716208375,-1.018066815538623
0.523939,-0.155001,0.272162,-0.071348,236.182885,70.0,0.2651775731375818,-0.06717906945981361
0.904953,-0.452032,-0.455544,-0.249336,153.297756,70.0,-0.47450265041992745,-0.26232595442673157
0.703114,-0.766054,-0.569668,-0.361926,143.948027,70.0,-0.5891002910613461,-0.38107217409265637
0.928706,0.758808,-0.922299,0.723331,135.255365,70.0,-0.9314468778099776,0.7213165421831738
-0.71188,-0.55882,0.663954,-0.583474,160.990025,70.0,0.6595070291579943,-0.6031573673461139
-0.087986,-0.774291,0.223472,-0.267496,265.437855,70.0,0.20401390011553433,-0.2587348561916304
0.492631,-0.357588,-0.240103,-0.042649,209.836885,70.0,-0.24433565014102984,-0.035411445873690967
0.017321,-0.890737,-0.080826,0.738146,220.537932,70.0,-0.09126503202396298,0.7565348969121954
-0.614503,0.050916,0.58833,0.057407,213.513566,70.0,0.5939921955848523,0.03780544061594708
-0.249532,0.122723,-0.142513,-0.005206,352.975337,70.0,-0.1430335412122909,0.009927748589717164
0.603578,0.333617,-0.52082,0.329291,197.474858,70.0,-0.5008772150478008,0.31211109798135883
-0.898008,-0.815432,-0.445543,-0.202612,131.213861,70.0,-0.46251210742382637,-0.21482559441910273
-0.973151,0.249715,0.433876,0.299656,151.754777,70.0,0.4538234368636591,0.2883865407498288
0.96287,0.958624,0.550183,0.292105,121.394674,70.0,0.570061525511518,0.2736119757706608
-0.40171,0.464419,-5.094506,8.367655,140.925225,70.0,-5.111309116801541,8.386511501730942
-0.504614,0.946116,0.788057,0.246716,159.392462,70.0,0.8069305866157712,0.23276311666644475
-0.627505,-0.475057,0.632581,-0.468005,176.40596,70.0,0.618212051924771,-0.4880004580108292
-0.274845,0.684092,-1.618833,-8.603534,77.605306,70.0,-1.6023962689532119,-8.608291614656277
-0.469356,-0.4742,-0.568184,-0.267604,194.182788,70.0,-0.5876445940641606,-0.28670674980571204
0.127381,0.889513,5.632749,-5.350787,80.973062,70.0,5.6127743936486425,-5.370664825582361
0.045443,-0.245732,-0.03299,-0.042892,360.542704,70.0,-0.03724639659934992,-0.023163468665402583
-0.012523,-0.474541,0.199801,0.137518,184.398948,70.0,0.2124945326518034,0.14834078603806997
0.395004,0.825814,-0.331595,0.310913,141.527173,70.0,-0.31159763450185485,0.3091716342583509
-0.539167,0.217042,0.270438,0.035736,222.014516,70.0,0.27399261488315874,0.04007338658917406
-0.178962,0.183188,17.790711,2.023432,129.066929,70.0,17.777943549742833,2.034423168926444
0.848125,0.437132,0.737868,0.462279,165.154778,70.0,0.7526292949662274,0.4452050041743711
0.884156,0.013567,-0.622353,0.187437,206.554534,70.0,-0.6062351070065316,0.1674458962295843
0.025393,0.777965,0.162348,0.660227,143.702224,70.0,0.1591706723632901,0.6739917426028361
-0.733843,0.302209,-0.684785,0.29382,180.289404,70.0,-0.6648883323262915,0.2746118346440467
-0.769662,0.28516,-0.667495,0.25488,187.271324,70.0,-0.6483670951628439,0.23526247363049643
0.685922,0.287664,0.608401,0.391402,187.384099,70.0,0.6269278388827139,0.3715010950672446
0.773256,0.106392,3.163386,0.509741,120.011766,70.0,3.174561163375888,0.48985962004517314
0.133262,-0.267372,-0.792731,0.107651,196.97059,70.0,-0.7824782298402911,0.09403676236913339
0.277721,-0.34028,2.714135,2.212953,208.733282,70.0,2.6941828544509505,2.223686505922943
0.911304,0.284822,-28.732297,23.108313,87.186469,70.0,-28.71945302598003,23.121485940605528
-0.999184,0.712206,0.585403,0.811935,135.396573,70.0,0.5695142319064026,0.7923936717282031
0.044792,0.815962,-0.688895,-0.609809,143.450533,70.0,-0.690743311946576,-0.6288986146054204
-0.119063,0.903842,-1.120805,-1.27928,108.147022,70.0,-1.1230644598325588,-1.2637179912490073
0.880325,-0.386072,-0.205358,-0.800205,170.326576,70.0,-0.1902085583531156,-0.7898536376474186
-0.715081,-0.373561,-0.483937,-0.452943,180.151724,70.0,-0.4993119143712365,-0.4679539296880743
-0.442281,0.58187,0.514426,-0.380504,168.304339,70.0,0.4955163521169853,-0.3973478164589361
-0.506486,-0.503413,0.697368,-0.353636,183.756655,70.0,0.6777563398643104,-0.37245583544171385
-0.864606,0.564603,-0.181115,-0.102353,150.061137,70.0,-0.19090933759496678,-0.09000833433233846
-0.716867,-0.379329,0.03516,0.13023,178.08978,70.0,0.04728203003446227,0.14992173874594483
0.622548,-0.842264,0.579344,-0.720231,139.836133,70.0,0.5882151180773759,-0.7396343641156675
0.075929,0.136521,-0.113085,0.086013,344.425976,70.0,-0.10474640231355484,0.10290021944862984
0.504237,0.705071,0.290979,-0.033581,155.98172,70.0,0.2876366564156383,-0.03126815970000166
0.121461,-0.607151,-0.894537,0.617443,139.001219,70.0,-0.8934499828185427,0.6126946983815394
-0.381373,0.270782,0.316013,-0.129123,267.231131,70.0,0.3039792045770881,-0.12930837080992683
-0.974266,-0.494831,-0.441972,-0.166221,149.181012,70.0,-0.456745533163136,-0.17814988311877997
-0.616622,0.431701,0.576176,0.380377,183.686036,70.0,0.595089780120134,0.3610528695326173
-0.400173,0.292455,3.901297,-0.371883,193.238337,70.0,3.882124240906747,-0.35604557325493563
-0.703829,0.738052,0.658601,0.641536,144.250588,70.0,0.6572802149915581,0.6217648193313094
0.43236,0.668145,0.615761,0.472405,165.249228,70.0,0.6298204398512832,0.45244440994476326
-0.495268,0.0334,0.326182,0.108971,252.204505,70.0,0.3365478818319584,0.10776945050507009
-0.651278,-0.026406,0.586758,-0.036635,186.175132,70.0,0.5831149526092392,-0.056204732236809496
0.194062,-0.3995,0.038429,-0.115223,215.319178,70.0,0.027533596962950158,-0.09559106252027917
-0.402605,-0.578066,-4.890503,1.142833,115.297094,70.0,-4.901279139711123,1.1583816089562868
0.446592,-0.128881,0.434619,-0.160726,256.739912,70.0,0.42022139191118507,-0.1720567631366279
-0.105965,-0.957311,-1.823484,1.076746,115.173554,70.0,-1.8391437641390938,1.0576832755597172
0.476094,-0.291432,-0.38846,-0.096046,222.55943,70.0,-0.3976996634431573,-0.10330633876544969
-0.10566,0.172076,0.12106,-0.070101,375.642961,70.0,0.11419255706136959,-0.05365437136001064
0.079367,-0.074476,-0.020021,0.043235,381.570025,70.0,-0.015731095439531034,0.06313487354568674
0.273502,0.753941,-8.706328,1.822417,116.946831,70.0,-8.700175557517218,1.8404202214046645
-0.507832,0.872901,0.530431,-0.509249,143.73893,70.0,0.5192150674116188,-0.5269009474772668
0.851208,0.259734,4.314656,0.525484,92.809054,70.0,4.324492292939762,0.5072048804728491
-0.653218,-0.632516,-0.735214,-0.58639,156.933185,70.0,-0.7393762078141459,-0.6036006996402741
-0.697371,-0.714355,-0.628398,-0.417482,148.398767,70.0,-0.6457879359851846,-0.43748199842115837
-0.161122,0.016169,-0.017047,-0.01614,373.744518,70.0,-0.01865924871055003,0.0037873939206841158
-0.25006,-0.750329,-2.410015,-0.553009,109.756253,70.0,-2.4173692438663767,-0.5356159228637999
-0.785276,-0.133158,-1.330735,-0.297214,133.232095,70.0,-1.350663257428193,-0.2785709969330656
0.018726,0.722358,-4.214816,35.527435,103.232271,70.0,-4.195003916148837,35.51527200406601
0.67686,-0.019383,2.020095,-0.007506,137.12126,70.0,2.019344576191054,-0.02311142367128557
0.236497,0.810064,1.626994,-4.302318,105.386346,70.0,1.6177662482211153,-4.307864107759438
0.743832,-0.41391,0.601058,-0.39889,172.797878,70.0,0.5828261394873899,-0.41870450331938147
-0.58345,-0.043455,-0.333762,-0.003025,251.646614,70.0,-0.33406448846653164,-0.004982136351318707
-0.34295,0.037751,-0.633099,0.061997,264.199628,70.0,-0.6269981129718885,0.0420027129496368
0.487364,-0.876313,0.526868,-0.369356,233.805508,70.0,0.5076248476280403,-0.3868376480853578
-0.195595,0.632745,0.299288,-0.133587,261.210786,70.0,0.2869006785512932,-0.1321012434385568
0.542701,-0.824197,0.453692,-0.67703,129.926058,70.0,0.45851513001539057,-0.6898785801872362
-0.275924,0.553149,0.03169,0.254134,202.457515,70.0,0.05079598298764643,0.27388346081180925
0.776817,-0.032652,-2.46454,0.099035,100.512755,70.0,-2.4550362872295906,0.11844417837055216
-0.783439,0.734497,0.262874,-0.038876,142.901804,70.0,0.25901083503591316,-0.03380349288663075
0.684354,-0.061796,0.779318,-0.248867,200.669187,70.0,0.7603743379949248,-0.2634324672331028
-0.601127,0.865471,-0.073123,-0.126038,137.758745,70.0,-0.08490896545067723,-0.10735991878584134
-0.032992,-0.494998,1.21386,1.381955,97.638652,70.0,1.2255877143067972,1.401499272080762
0.561314,0.009901,0.459444,0.025789,181.540497,70.0,0.4620157594574574,0.012504992223238622
0.410329,0.393286,-1.216182,0.374216,201.838457,70.0,-1.1970769476095133,0.39380824015128313
-0.045365,-0.441191,-3.809967,0.305236,110.436978,70.0,-3.789986902864257,0.3248362219068938
0.896467,0.913077,-0.745853,0.738387,125.822562,70.0,-0.7563125811400989,0.7217423311468472
0.08953,0.73021,-0.916591,1.727918,73.409871,70.0,-0.9024518374027579,1.725336542431959
0.635613,0.740488,0.57865,0.382974,148.378547,70.0,0.5974777665889236,0.36358757750231896
-0.614301,-0.549403,0.675114,-0.46644,168.870442,70.0,0.6606366344717197,-0.4858950390093705
0.187184,0.007421,-0.186895,0.004087,368.126253,70.0,-0.18648632844419213,0.01597181518070136
0.717084,0.028342,0.171725,0.003382,231.680737,70.0,0.1720631838822892,0.016451577692049735
0.345023,0.801316,-5.770836,6.457664,132.814072,70.0,-5.755518597690969,6.440933060576009
-0.28652,0.456854,1.535285,0.442253,129.818181,70.0,1.5513213156060193,0.4457855030231592
0.340552,-0.340939,0.484057,-0.744242,228.195486,70.0,0.49501107642484204,-0.7592608567975057
-0.16268,-0.160814,0.220326,-0.192294,307.367353,70.0,0.20392532485436957,-0.18325114297015382
-0.794667,0.03884,10.563747,-0.28099,103.100888,70.0,10.544021420181126,-0.297627260629733
0.780078,0.763594,0.770661,0.744832,139.779649,70.0,0.7596576076454185,0.7296871080097903
-0.275133,-0.158208,-0.421786,0.369485,244.44454,70.0,-0.40254636679698585,0.3592343133504916
0.996515,0.423273,-0.221164,0.117315,152.160824,70.0,-0.21009376413154077,0.1262830328339747
-0.047642,-0.72455,-0.817686,-1.617631,167.359488,70.0,-0.8371401296992445,-1.6293160545507386
0.493514,0.497503,-0.678992,0.352952,183.735559,70.0,-0.659367041036873,0.33359052329606753
-0.474685,-0.029574,2.163974,0.170589,189.228665,70.0,2.179038415895217,0.1670929674997763
0.945199,-0.045562,-3.521196,0.258023,143.495273,70.0,-3.501978661464938,0.2644512433130847
0.240772,0.661957,25.2466,-6.705753,98.82763,70.0,25.229466860853144,-6.68890736354117
-0.496899,0.6142,-0.404997,0.600942,165.180131,70.0,-0.40226788809332376,0.592167332279869
0.863305,-0.425186,0.811317,-0.49153,157.094765,70.0,0.7986799234237757,-0.5037259328272703
-0.106824,0.615795,-0.233692,1.31855,98.546812,70.0,-0.22759911900173868,1.32638138354053
-0.336436,-0.474207,13.720776,1.878196,91.965608,70.0,13.721451830531127,1.895639568559413
0.000656,-0.970353,-0.152278,48.789061,77.30129,70.0,-0.1700923571323804,48.80353855420025
-0.715934,-0.708668,-0.549322,-0.296535,148.23665,70.0,-0.5692443965554201,-0.31499506478529893
-0.579631,0.138314,-1.44209,1.204414,111.970069,70.0,-1.4472531642691413,1.2164144883973085
0.648578,0.648319,0.595295,0.315265,156.751936,70.0,0.6152946943385045,0.2955370195271433
0.29343,-0.330329,-1.334547,0.921721,173.467664,70.0,-1.3544393855002075,0.9402226033529903
0.155399,-0.206708,-1.262218,5.001134,198.594037,70.0,-1.2647525906558403,5.021126213786448
-0.142759,0.645519,-9.240395,23.638357,104.643441,70.0,-9.258952967733583,23.626271087481594
-0.766638,-0.891963,-0.776072,-0.668604,130.640362,70.0,-0.7720706395508907,-0.6833899832181312
0.774566,0.128934,1.183298,-0.045378,166.075846,70.0,1.1787990335316347,-0.026707654392273714
0.99994,-0.007301,-0.547182,-0.007203,156.084543,70.0,-0.5479021442956173,-0.025579664094145704
-0.702561,0.061402,-1.76288,0.043307,151.715717,70.0,-1.758583063297405,0.026918371242409537
-0.023879,0.659942,6.004774,-34.379372,68.072411,70.0,5.989223304975689,-34.375816208343686
-0.361036,0.075625,-0.502649,0.150828,251.127131,70.0,-0.4889557579642443,0.134648002479254
-0.962249,-0.52321,0.774661,-0.547845,144.484119,70.0,0.7668290399571381,-0.5627256279720682
0.416135,-0.018385,0.206355,-0.005282,261.394743,70.0,0.2058268614000611,0.004983926581257013
0.996417,0.774163,0.624975,0.838111,130.689511,70.0,0.6076368709537087,0.8181137947343253
-0.638058,0.1668,-1.365339,-4.940541,139.80696,70.0,-1.3570009253436048,-4.923423021138569
-0.593083,0.047373,-0.101465,-0.041451,254.258016,70.0,-0.10558048845963872,-0.023970054845811484
0.197246,-0.894746,-0.082088,0.014906,225.392891,70.0,-0.08059877959461002,0.03324490691881314
0.002978,0.050171,-0.003438,-0.009288,356.676374,70.0,-0.004366466182925477,0.010709045111764239
-0.768717,0.172204,-15.528135,0.083027,80.383691,70.0,-15.520068730651712,0.07058135298567177
0.24051,0.24419,-0.065658,-0.181867,221.155094,70.0,-0.08143990848454966,-0.16293509852647953
0.104752,0.56677,0.004196,0.277968,276.996076,70.0,0.023869440642872025,0.2979635985574486
-0.293962,-0.613223,-0.255518,-0.319724,176.196497,70.0,-0.27551025893151315,-0.31394353614029247
-0.436649,-0.752809,-2.840458,3.738638,124.766464,70.0,-2.843572590021705,3.7373364592536342
-0.460896,-0.275003,0.529306,-0.212512,228.21973,70.0,0.5118339173005064,-0.2301107789134172
0.032299,0.844963,0.721068,2.451466,177.256141,70.0,0.7149851031791955,2.433578348347483
-0.714308,0.620481,-0.20809,-0.06389,155.566871,70.0,-0.21437088867168605,-0.053773357518223666
0.431995,0.542257,0.381112,-0.114556,185.553047,70.0,0.37027259109629196,-0.12112691942467002
-0.278954,-0.38681,-1.192195,-0.078894,111.652812,70.0,-1.1998813789321143,-0.05992324377605343
0.882863,0.270458,8.328488,-14.011644,96.560285,70.0,8.31229939016232,-14.025553213737108
-0.416097,0.650318,0.445066,0.486694,161.212393,70.0,0.45807417830483077,0.47451821284779566
-0.109251,-0.178028,3.913198,-3.987271,178.971985,70.0,3.8954951600907126,-3.972187954834747
-0.11569,-0.408982,0.09153,0.087018,168.808135,70.0,0.09995984035927266,0.10495986600785648
0.233624,0.523119,0.234061,-0.066979,329.760584,70.0,0.2274875999004153,-0.059181583255333105
0.055453,0.003739,-0.058793,-0.002554,338.403555,70.0,-0.05904839305858682,0.016588050910740507
0.840212,-0.558427,-0.760897,-0.607876,152.892032,70.0,-0.7629376954000927,-0.6236403116648018
0.524263,-0.706298,0.254648,0.125596,155.758592,70.0,0.2663982268302553,0.13145969592899442
-0.750017,0.46207,0.295148,0.0919,168.192519,70.0,0.3040180005048383,0.09379826482590777
0.007659,0.719098,0.440917,0.241331,171.666582,70.0,0.45960559839095727,0.22948696251023637
-0.123691,-0.873473,24.129088,23.677932,68.279175,70.0,24.11235803998022,23.683954594780577
-0.453725,0.240331,0.516154,0.193304,233.763488,70.0,0.5326122696019552,0.17636764315727155
-0.763217,0.605053,0.659822,0.485742,152.860081,70.0,0.6729023430862225,0.4659896045506644
-0.867968,0.054445,-2.78046,-0.123811,132.344506,70.0,-2.792065315721416,-0.11915672836368627
-0.948474,0.992658,-0.849838,0.955528,120.806917,70.0,-0.8697954381488907,0.9465917543024862
-0.399303,0.909812,0.863582,0.353046,144.458007,70.0,0.883205144948013,0.3453594552543037
-0.787688,-0.668053,-0.566833,-0.399385,148.367634,70.0,-0.5850444555469413,-0.418447302694619
0.035654,-0.765937,-5.461461,11.394732,60.431264,70.0,-5.453214725842703,11.383377042700182
0.890792,-0.454629,-0.616265,-0.080902,160.820546,70.0,-0.6241363670582447,-0.10086568909198074
-0.946395,-0.053447,3.538828,-0.188034,106.928595,70.0,3.5226748329460067,-0.17996323967473823
-0.276032,0.73164,-6.23452,-5.286224,129.599409,70.0,-6.253782464850492,-5.266813162486807
0.672005,0.38466,-0.543652,0.441022,183.695938,70.0,-0.5275424275909709,0.42278750104305646
0.984857,0.487661,0.679538,0.44779,148.766309,70.0,0.6952373374460645,0.4284422817492922
0.123328,0.774226,-1.094772,0.617563,129.969366,70.0,-1.093696965276283,0.6313627389467542
0.424669,-0.580024,0.323117,-0.32816,180.03609,70.0,0.30316598513335746,-0.3290554740034424
-0.457593,-0.768513,-2.023418,0.493664,148.188638,70.0,-2.0109470433242396,0.4782685548797087
-0.405121,-0.864753,0.345523,-0.319689,183.904606,70.0,0.3255306440043271,-0.3228125342617271
0.097324,-0.267654,-0.19674,0.313552,246.490593,70.0,-0.17674009219273323,0.32463091801383215
-0.468361,0.251158,0.489508,0.206827,233.783252,70.0,0.5066964085982223,0.19145379952204208
-0.779392,0.754521,-0.692045,0.585222,139.847835,70.0,-0.6877686211080768,0.5662287050345376
-0.77283,-0.955486,0.672988,-0.377527,126.138115,70.0,0.6539834975839287,-0.39703022986443426
-0.845462,0.31663,-0.393142,-0.64272,126.457586,70.0,-0.39170309729006164,-0.6504145701607876
-0.404084,0.5685,-0.307701,-0.009433,213.648932,70.0,-0.3086439503045704,-0.008787285695344847
0.783489,0.098746,0.070206,0.016981,103.100254,70.0,0.0719020605080076,0.03576138059755875
-0.382202,0.338029,0.179104,-0.124715,208.330026,70.0,0.16742517886340402,-0.11221273953765942
-0.753928,0.731228,0.734263,0.675752,144.210662,70.0,0.7295639957509638,0.658493051991953
-0.258276,-0.852892,0.280693,-1.145386,86.017339,70.0,0.2912531954174032,-1.1420549690782464
-0.550368,-0.038757,0.086282,0.056762,251.598791,70.0,0.09188230510249304,0.07492954116961939
0.603531,-0.461104,0.622925,-0.43566,180.081195,70.0,0.6065034894625329,-0.45565272789733696
0.228833,-0.002269,0.05861,0.001059,355.075643,70.0,0.058715899505147204,0.02020634531099917
-0.142147,0.933359,7.606405,28.056839,95.286642,70.0,7.624114120805393,28.075740886847775
0.971254,-0.139885,4.363271,-0.408469,123.303624,70.0,4.345453683070858,-0.42816424916348794
0.959481,-0.009815,0.451187,0.006254,155.384113,70.0,0.4518122980842849,-0.006401607932083259
-0.96004,0.611159,1.105488,0.510792,135.529574,70.0,1.1165758468260407,0.5253472118078798
-0.24359,-0.020162,0.030056,-0.000608,349.305424,70.0,0.02999520009364817,0.019166583929993406
-0.865236,-0.024177,-3.104842,-0.031537,120.952286,70.0,-3.1079826470116747,-0.05120029637401968
-0.345788,0.332744,-0.733208,0.105483,135.801542,70.0,-0.723141974032626,0.08817098386742164
0.42276,-0.669327,17.382624,-11.162794,113.347125,70.0,17.396031258350224,-11.152868166698063
0.617276,0.558478,-0.265965,0.00333,167.917291,70.0,-0.26563201538563547,0.008102920014946547
0.339173,0.481237,-0.288671,0.162005,160.38074,70.0,-0.2741849117679075,0.16454693276389235
0.151583,-0.344916,7.872001,-0.396813,90.167943,70.0,7.8536847399570195,-0.3986124997401343
-0.994958,-0.265825,10.430401,4.727373,114.195149,70.0,10.410457103960864,4.721162862544142
0.27393,-0.055504,-0.487527,0.158009,273.543581,70.0,-0.4733193011052486,0.14276326772728934
-0.849597,0.818721,0.714405,0.556791,135.093936,70.0,0.7214062467973045,0.5386152913573589
0.246414,-0.513221,3.67091,-10.573302,153.740382,70.0,3.6606175877966827,-10.555702682061952
0.288813,0.079077,0.099292,0.030676,310.490797,70.0,0.10234758637467721,0.04826148452002516
-0.950101,-0.348528,0.072526,-0.047254,261.901459,70.0,0.06784444218764608,-0.0285546578647604
0.283952,0.384883,5.585979,-1.323135,123.198457,70.0,5.5794510524701835,-1.341960301451705
0.735942,0.971065,-0.787939,0.460254,126.058869,70.0,-0.7730418311903345,0.4462926650511982
0.686992,0.278656,0.372981,0.035301,201.200506,70.0,0.37649279906591154,0.029503261772827697
-0.631646,-0.069527,0.473713,0.056029,242.264158,70.0,0.4792428999739398,0.04171300547903309
-0.537577,0.943905,0.541586,0.292807,135.023309,70.0,0.5614721284115266,0.27465834394295
0.21064,0.223957,0.515614,0.993056,252.18666,70.0,0.4962501375214322,0.9761484265381981
0.04104,-0.233519,-0.536967,0.639974,276.417297,70.0,-0.5381318872922766,0.6220242556291287
-0.749554,0.248869,0.521211,-0.041579,142.574793,70.0,0.5170829863110867,-0.058778887741667424
0.740745,-0.299216,-0.191027,0.070273,191.707846,70.0,-0.18414340537275062,0.08182297100489033
-0.926834,0.692787,-0.915105,0.616602,139.834815,70.0,-0.9139340169845753,0.6138732580645887
-0.325043,0.998966,-9.567488,2.241009,80.495827,70.0,-9.587050822259126,2.22588814072091
-0.386358,0.488262,0.348793,0.625911,169.009543,70.0,0.3490337472574465,0.6224649101890585
0.220691,-0.854569,-4.019175,1.542762,98.274839,70.0,-3.999371159374232,1.5491382671250915
-0.745584,0.97798,0.92863,0.723086,125.876533,70.0,0.9195039160213984,0.7217023265744277
0.914633,0.24283,-0.669877,0.091933,189.014218,70.0,-0.6610040419105314,0.0723632252346785
-0.75853,-0.615262,0.713087,-0.622109,152.802455,70.0,0.7124661466853847,-0.640339308940219
-0.700164,0.335287,0.314902,-0.051053,184.477202,70.0,0.3098519633890447,-0.051127273293380064
-0.826042,0.710742,0.2493,-0.037057,142.88444,70.0,0.245615466742297,-0.03068416259131533
-0.556868,0.723504,0.694224,0.350938,152.730059,70.0,0.7138867830806165,0.3320140920410059
-0.068221,-0.59765,11.964893,19.161387,97.839366,70.0,11.984891644901746,19.141566838533794
-0.702309,0.30093,0.094555,-0.037343,182.350248,70.0,0.09084236004284975,-0.019536838048958963
-0.267118,0.551764,1.025283,-0.277327,138.933593,70.0,1.0056211964808854,-0.2692810313211982
-0.501873,-0.977403,-1.129283,-0.598708,130.749171,70.0,-1.1322332474107,-0.5826275934186492
0.791066,-0.548695,0.689538,-0.611077,156.987749,70.0,0.6878159817166272,-0.6301473370539912
0.075533,-0.513937,-0.682274,0.183979,136.446544,70.0,-0.6663632399093145,0.16470239477624
0.268762,-0.917465,0.079323,0.04605,116.303324,70.0,0.08388741866014214,0.064497477914345
0.171859,0.432858,-0.212896,0.17555,263.644042,70.0,-0.197509933217957,0.1852491807290346
-0.949955,0.108153,0.364582,-0.020282,184.889815,70.0,0.3625572745436878,-0.02527102738601848
-0.267425,-0.61569,-0.953255,-0.407174,162.889971,70.0,-0.9711307705287202,-0.4060968010953182
0.095052,-0.458646,0.044227,0.123538,272.759674,70.0,0.05581007105488549,0.1430509826034782
-0.462338,-0.510404,-0.534934,-0.124166,187.126983,70.0,-0.5465682095888245,-0.14202515504760962
-0.35475,-0.286328,0.204995,0.140838,169.833856,70.0,0.21794333423317305,0.1512204050905177
-0.306927,-0.520975,0.424482,13.006303,82.430201,70.0,0.44065590626485657,12.995821755124235
-0.029001,0.584171,-1.503216,-1.011168,91.658787,70.0,-1.4843840363312726,-1.0045378376992578
0.157391,-0.733202,-0.341435,2.118669,107.956089,70.0,-0.3598388116109211,2.115949873764435
-0.918266,0.698232,-0.881452,0.600936,139.819344,70.0,-0.878722293706839,0.5949276759948406
-0.814,-0.893276,-0.833022,-0.87307,130.555459,70.0,-0.8142143215907783,-0.8834773112174573
0.717838,0.705198,0.611801,0.407207,148.380391,70.0,0.629675290272845,0.38727516844554416
0.255821,-0.410795,20.608053,-17.216979,95.34956,70.0,20.627106353082183,-17.2331124946272
-0.231535,0.582859,-21.084313,6.254291,105.20154,70.0,-21.087192389824168,6.25783638589175
0.110117,0.74071,-4.966453,0.897901,132.064551,70.0,-4.985958280436334,0.9170049129117894
-0.891156,0.344097,0.259757,-0.054288,161.612205,70.0,0.25439462020494286,-0.04891461291824755
-0.760152,0.130879,0.3566,-0.122107,258.603054,70.0,0.34513388220430763,-0.12631929304927036
-0.318269,0.854544,0.158965,-0.315563,134.914839,70.0,0.13896549261571334,-0.3015548063710369
0.315759,0.966695,14.90305,10.943169,86.579057,70.0,14.883732659269558,10.955866127898842
-0.758928,0.691925,-0.24944,-0.042062,147.248328,70.0,-0.2536152615881662,-0.03570243440410811
-0.818149,-0.623252,-0.783095,-0.543642,148.61962,70.0,-0.7913119355577066,-0.5579460525573451
-0.990158,0.414462,-0.664996,0.715875,157.142058,70.0,-0.6734746398710949,0.6962103677119562
-0.132566,-0.044587,-0.068532,-0.006602,379.369576,70.0,-0.06919208010759928,0.01223528511267722
0.622772,0.929342,0.564735,0.067237,131.380581,70.0,0.5713327612999196,0.04823923207726763
-0.548587,-0.10266,0.693551,0.050369,238.485677,70.0,0.6985348236114775,0.03142342122167789
0.589312,0.564452,-0.615012,0.343618,168.812776,70.0,-0.5952285623022848,0.32366224961340084
0.742944,0.663849,0.635958,0.475374,148.644431,70.0,0.6498047379824683,0.45538858859882264
-0.685667,0.001718,-0.826204,-0.004071,192.879668,70.0,-0.8266110718885616,-0.015054370477334218
0.879216,0.991333,0.304723,-0.049221,122.191028,70.0,0.2998504364353829,-0.04827772352278567
-0.672759,0.941646,-0.851552,0.866123,130.615564,70.0,-0.8701121033805644,0.8573404197778968
0.245611,-0.011,0.012066,-0.004398,337.714373,70.0,0.011626235444098352,0.015565613949228126
-0.883659,0.337732,18.106841,-28.195261,99.814022,70.0,18.09913810972299,-28.21207759592712
0.265277,0.5044,0.61302,-0.153222,179.731282,70.0,0.599153253876433,-0.17316351726363421
-0.552585,0.699351,0.293754,0.124625,153.539813,70.0,0.30542551378982685,0.1266619882782052
-0.013464,-0.292447,-0.098528,0.020503,173.185832,70.0,-0.0964812893249964,0.03812474665913644
0.845236,-0.113295,-0.032939,-0.04557,209.037366,70.0,-0.0374566723097171,-0.025840631871485203
-0.155398,0.222439,-0.365193,0.662639,195.030243,70.0,-0.36860822758830875,0.6575908275217025
0.533713,0.121179,0.243531,0.057636,236.116449,70.0,0.2492151549724053,0.06455293974860918
0.653404,-0.24589,0.576974,-0.119445,207.326558,70.0,0.565727000080909,-0.1387895465731523
-0.666601,0.430744,-0.287712,-0.007745,179.274295,70.0,-0.2884863064378397,-0.00510797453914299
-0.481859,-0.606924,-0.583623,0.078008,164.798743,70.0,-0.5760184917763721,0.05850534754908049
-0.564718,0.777774,-0.052518,0.173295,154.434969,70.0,-0.03727697640947414,0.19260941797862074
0.050787,-0.419596,-22.198581,1.140213,92.65641,70.0,-22.209576925226983,1.1300396877706451
-0.149022,-0.617739,17.348233,1.719789,82.935813,70.0,17.362935254773802,1.7265974655614025
-0.340362,-0.466528,24.994223,-5.563622,95.96115,70.0,24.985411772996414,-5.548230118629579
-0.942781,0.683843,-0.918043,0.547777,139.828906,70.0,-0.9102047834823886,0.5453395946160472
-0.643519,0.372645,-0.45101,0.28846,187.310777,70.0,-0.4311748859989774,0.27581810268631746
-0.948791,-0.323748,0.522609,-0.330853,197.112182,70.0,0.5026786297539926,-0.3481238073965263
0.770438,0.748077,0.403632,0.112983,140.499101,70.0,0.4143388804809209,0.10433119695028491
0.929597,-0.255824,-15.757964,1.745677,76.5581,70.0,-15.74513490626844,1.7262987696771492
0.374136,0.108536,-0.42081,-0.071975,262.907853,70.0,-0.42785314486840587,-0.08214175905228306
0.161812,-0.427335,-1.829822,4.133025,180.488303,70.0,-1.8104181515911408,4.113780127995252
-0.22245,-0.713673,0.040887,0.521618,227.477366,70.0,0.05105804696445362,0.5412015168737673
-0.701079,0.957818,-0.554224,0.494509,130.309036,70.0,-0.5418192152841239,0.4758658735472253
0.044756,0.216744,0.42808,-0.459432,241.316809,70.0,0.41312811147488915,-0.4702179667689253
0.821725,0.737954,0.790431,0.682852,139.793251,70.0,0.7850449760876047,0.6690701795268099
0.791624,0.823163,-0.79215,0.809077,135.229214,70.0,-0.8078635726290836,0.7954202586467586
0.893777,-0.297557,0.429523,0.027092,197.679133,70.0,0.43222392222727946,0.01618479785979076
0.959537,0.931854,-0.670775,0.600098,125.53012,70.0,-0.6679623021037102,0.580546948197974
-0.33337,-0.956474,-10.148141,-2.515419,68.778731,70.0,-10.148355483601382,-2.4976351815533504
0.540283,0.533843,-0.450069,0.169711,176.175513,70.0,-0.4350624810903925,0.15714215958827685
0.304063,0.384046,-1.589456,1.794347,113.607956,70.0,-1.580701929174282,1.7924837385800907
0.656945,-0.723706,0.706849,-0.645164,148.563993,70.0,0.7085315558695698,-0.6636419483264587
0.672,0.300636,-0.488459,0.412742,197.541016,70.0,-0.4708398426953138,0.3974361107483473
0.795163,0.308922,-0.107787,0.115936,191.122692,70.0,-0.09683187518620712,0.13310111499348315
0.055512,0.985166,-9.605407,-13.599793,61.546328,70.0,-9.5874393450461,-13.61217586361978
-0.321155,0.348977,0.497229,1.627591,132.061005,70.0,0.5164279958533522,1.6117354968734436
-0.749193,0.305274,0.580882,0.149888,190.883346,70.0,0.5945065781479445,0.13044792380717862
0.731948,-0.143057,0.290721,0.213479,123.293558,70.0,0.30823993611444084,0.21581746527517123
-0.356846,0.48839,-3.213649,1.513666,106.965972,70.0,-3.1944594352565225,1.4949500492081091
0.36546,0.287045,-16.446152,-2.510988,114.780592,70.0,-16.44592339269116,-2.493930728739501
0.359332,-0.705267,-0.08628,-0.119146,215.236313,70.0,-0.09750226307003304,-0.10097837520088312
0.579443,0.694088,-0.595464,0.524567,152.88322,70.0,-0.5855479675473995,0.5048362487448939
-0.463724,0.187208,0.275856,0.050073,244.560434,70.0,0.280811151916008,0.05387995433247444
0.404077,-0.684737,0.347615,-0.009164,180.576689,70.0,0.3466989206257588,-0.012493992553858559
-0.382718,-0.348991,-0.15783,0.152565,275.701558,70.0,-0.14401067289785466,0.1666539772319396
0.510442,-0.997039,0.033461,0.031863,127.980567,70.0,0.03663383837199956,0.05158374267254274
0.772093,0.562132,0.679254,0.617303,156.9675,70.0,0.6803549962205918,0.5979481073359139
-0.240498,-0.057328,0.104236,0.018326,353.008816,70.0,0.10606603664069636,0.035670645141508334
0.491478,0.265903,0.483666,0.238026,225.367276,70.0,0.5022343455037541,0.22303299224514775
-0.975489,0.963783,-0.734364,0.685357,120.962192,70.0,-0.7399908406713409,0.6681031576594461
0.306181,-0.009934,-0.080816,0.000186,318.203215,70.0,-0.0807974000026812,0.01857529010820145
-0.965124,-0.844012,-0.625205,-0.055827,129.891167,70.0,-0.630715484646511,-0.07582457653056203
0.695285,-0.34936,-0.517708,-0.427716,183.76384,70.0,-0.5345698981480038,-0.4447344993857486
0.299608,-0.491878,16.386428,-8.141061,88.977881,70.0,16.383728276759275,-8.121686373821914
-0.988284,-0.092259,-6.460708,-0.355822,129.899544,70.0,-6.480275621109207,-0.34319670515980166
-0.59923,0.749504,-0.384821,0.45252,148.462414,70.0,-0.36941906687925435,0.4455999199558963
0.919031,0.16162,0.880431,0.202994,208.245259,70.0,0.897420294455765,0.196888370890681
0.34136,-0.755192,-0.754294,-4.066848,189.392502,70.0,-0.7742198926180116,-4.08300999525907
-0.505469,0.584353,0.673448,0.468717,168.956767,70.0,0.6877673317390898,0.44922401048541827
-0.782561,-0.51034,0.662012,-0.562989,161.051228,70.0,0.6555946049630372,-0.5827058581432054
0.717869,-0.769387,0.092317,0.139884,141.617411,70.0,0.10519247940873051,0.15779095429056206
0.913691,0.396905,0.380372,0.116719,192.032466,70.0,0.39139254944414675,0.11021801750428828
0.786421,-0.621425,-0.352271,-0.127362,152.104135,70.0,-0.3641636744335325,-0.13115014969857006
-0.283868,-0.966025,1.623698,-0.312379,104.718348,70.0,1.6036987923309556,-0.3176076952850887
0.012746,0.229007,-0.239215,0.479765,284.178654,70.0,-0.22568841696626166,0.487085264146518
0.912724,0.159349,0.108303,0.009599,248.440566,70.0,0.10926253151763088,0.02673757562634837
0.180454,0.88209,-12.828766,17.374145,81.009279,70.0,-12.846534195355979,17.379263789032503
-0.720173,0.060102,1.020906,-0.008628,191.233932,70.0,1.0200434675954688,-0.0009846441867012697
0.133851,-0.365324,23.447365,1.812939,111.643081,70.0,23.45441203749567,1.8020975824619212
-0.008115,-0.396954,-0.062786,0.170882,157.033956,70.0,-0.047702327681935226,0.1899045467638335
0.396616,-0.082128,0.274288,0.008203,278.508903,70.0,0.27510807003043497,0.012163768941747782
-0.333295,0.313354,-0.340213,-0.329357,242.218061,70.0,-0.3601552849953409,-0.3319550108809939
0.546409,-0.502631,0.533839,-0.280278,180.044025,70.0,0.5141252993550508,-0.2980875972422137
0.287967,-0.131684,0.714554,-0.235895,257.62472,70.0,0.696065882010757,-0.2540644863693323
0.784927,0.265275,-0.136051,-0.254567,145.824098,70.0,-0.15516973945113233,-0.23901875297498582
0.472312,0.142483,-0.396333,0.178931,239.148506,70.0,-0.3807331353849843,0.17094288288450143
0.71753,-0.479005,-0.596038,-0.554941,168.871198,70.0,-0.6032122391910739,-0.5746810568808169
-0.63812,-0.887428,0.740908,-0.842977,135.321186,70.0,0.7584835296495602,-0.8598907168711952
-0.996222,0.499263,-0.030334,-0.100515,146.666077,70.0,-0.03996767443518364,-0.08074459724841394
-0.892825,0.29284,0.099876,0.085063,158.620502,70.0,0.1081281547696659,0.10262059274067802
-0.237339,-0.953722,1.000022,1.348498,103.430929,70.0,1.0088884993593419,1.3541733533083413
0.796191,-0.412255,0.375456,0.002809,165.750338,70.0,0.3757368907649406,-0.003225160826795987
-0.761959,-0.252652,0.805996,-0.443781,162.045485,70.0,0.7900514604142062,-0.4563942871026637
-0.319398,-0.127282,-0.313365,0.152975,300.399685,70.0,-0.2995160635928298,0.15305442632711966
0.773606,-0.002387,0.515679,0.000674,201.439161,70.0,0.5157463998724242,-0.016237044657444164
-0.112091,0.082857,-1.427589,-0.645475,279.864227,70.0,-1.4258754564274716,-0.6323470036080359
0.578025,0.870009,-0.4031,-0.080757,136.436506,70.0,-0.4109580352080568,-0.08936080787360293
0.249221,0.649231,-3.868574,-0.707408,99.403187,70.0,-3.86086957901019,-0.6897926335006357
-0.372209,0.288735,0.712522,0.156074,188.878204,70.0,0.7265928481812799,0.1378205273153979
0.775282,0.169772,-0.026649,-0.035159,204.589969,70.0,-0.030146818801784322,-0.015336279778418647
-0.639153,-0.241525,0.36282,-0.236271,210.348218,70.0,0.34431757366825305,-0.24108920613315846
0.690803,0.325091,-0.489915,0.420058,190.776672,70.0,-0.4726537415003472,0.40465879731008897
-0.19155,0.613809,-21.900272,-30.119074,78.091489,70.0,-21.89627749776234,-30.137044641200227
0.290407,0.87882,-0.300828,0.384637,274.549828,70.0,-0.2820569807418935,0.3859691395603409
0.319384,-0.111,0.245259,-0.104767,285.236026,70.0,0.23525490875239055,-0.09801245307790953
0.426896,0.842747,0.987815,0.352892,140.092499,70.0,1.0074411145784572,0.35738699132461116
0.050175,-0.714167,-10.585369,26.925397,65.208202,70.0,-10.576463182323522,26.90765922722367
0.990588,0.809605,0.835772,0.630825,130.582629,70.0,0.8355213596328331,0.6206534996753019
-0.96439,-0.507603,-0.833222,-0.511511,148.733224,70.0,-0.8442499361384447,-0.5219012271445189
0.712299,-0.392987,-0.529705,-0.444671,176.490185,70.0,-0.54559565440191,-0.4622886998417277
-0.926146,0.2593,-0.568759,-0.105343,162.727689,70.0,-0.5788129259483255,-0.12446270019236438
0.056676,0.548584,-9.095721,-6.944558,60.494226,70.0,-9.092430610851512,-6.943069607749437
0.057111,-0.139239,-0.153298,-0.153782,321.700302,70.0,-0.16720504605226671,-0.13937500646159556
-0.187427,-0.086712,-0.212665,0.037023,351.428217,70.0,-0.20898380860039464,0.046742376056712734
0.630829,0.343202,0.485616,0.203577,194.015991,70.0,0.5026359839590594,0.18845564928290034
0.198615,0.128131,-0.28659,-0.259547,277.36191,70.0,-0.3058489965890865,-0.2567987961797466
-0.496415,0.760104,-0.519024,0.740879,148.727177,70.0,-0.5296951682278457,0.7237917417293259
-0.923737,0.751103,0.899218,0.752604,135.256179,70.0,0.8875740749048043,0.7483116735775921
-0.207314,-0.326024,-5.590944,-13.219081,167.239758,70.0,-5.588510856779429,-13.238068136140688
0.515552,0.879598,3.023613,0.736279,118.679591,70.0,3.0133336709517704,0.7196590545090367
-0.593815,-0.250858,-0.205486,-0.007311,214.047421,70.0,-0.20621693718661965,0.003029408015684569
-0.178438,0.991642,-0.404417,0.214668,134.227416,70.0,-0.3868410155325267,0.20594548890650916
0.524076,0.137578,0.584497,0.091657,256.526489,70.0,0.593345214496202,0.07213516405638598
0.269234,-0.985001,1.362513,-1.133577,99.956427,70.0,1.3740570755839117,-1.1163145901908031
-0.913742,0.740801,0.700951,0.544623,135.375667,70.0,0.7090783988685159,0.5259274373461198
0.643157,-0.461764,-0.596394,-0.439808,176.401735,70.0,-0.6125752198450053,-0.4595537466248349
-0.870367,-0.262658,0.513319,0.101873,173.87391,70.0,0.5230714591147032,0.08508912843044306
-0.497978,0.489268,0.238171,0.036476,184.405779,70.0,0.24179841224313528,0.04389331962087847
-0.8695,0.321249,5.807015,9.655829,120.161136,70.0,5.788717039838075,9.641342495202874
-0.774342,-0.373983,0.581236,-0.35012,176.564193,70.0,0.56155842355741,-0.36956836350080435
0.463131,-0.160006,-0.449826,-0.17875,249.448988,70.0,-0.4654145314663043,-0.19129992922789096
0.780155,0.069299,0.83994,-0.061069,214.033949,70.0,0.8339275553093966,-0.07087944544013529
0.700214,0.500115,-0.563941,0.416432,168.805986,70.0,-0.5464994403571714,0.3974592013087348
-0.567376,0.11256,0.56522,0.073836,203.525819,70.0,0.5724370160410427,0.054823127373184635
-0.21075,-0.083048,0.27186,0.115451,342.316343,70.0,0.2827745157003127,0.11964946239587504
0.209688,0.234074,-14.340449,12.524419,158.249617,70.0,-14.344613465609703,12.507414523878234
0.079916,-0.843978,3.093416,-1.583233,99.569208,70.0,3.0734546552517767,-1.6026555528173485
-0.743784,-0.773009,-0.678477,-0.63111,139.83432,70.0,-0.6781978621350276,-0.6504843217588872
0.04426,-0.119622,0.035096,-0.180577,361.503298,70.0,0.019393660160051753,-0.16088414292876793
-0.494844,-0.849457,-0.742485,-0.166297,164.542213,70.0,-0.7572636549518624,-0.18312603045561648
-0.817496,0.341492,5.064301,2.098826,133.479951,70.0,5.046763215630322,2.1184707391493593
-0.548969,-0.529142,0.606511,-0.331752,176.425581,70.0,0.5865883261987583,-0.35163322564875016
0.702258,0.855027,-0.735384,0.757711,135.281804,70.0,-0.747439307810371,0.7405089662289526
0.442818,0.436659,0.340861,0.187165,213.550925,70.0,0.35696277408886096,0.18450275191638693
0.919745,0.161917,-0.022691,0.006387,251.708501,70.0,-0.022052408556882046,0.026258417644967946
-0.663475,0.975015,-0.367974,0.164889,129.751336,70.0,-0.35329057859959095,0.15957222888855124
-0.919789,-0.886247,0.440407,-0.232018,126.431241,70.0,0.4220702190876737,-0.24382090375488366
0.841182,-0.247584,-0.29141,1.345526,124.148391,70.0,-0.28281086824450996,1.3477960241224647
0.850079,-0.721575,0.816626,-0.670244,139.802339,70.0,0.8207879083729749,-0.6820149166402208
0.486123,0.268354,0.186575,-0.026413,225.918167,70.0,0.18394137119838963,-0.014502462852037826
0.220375,-0.160785,-0.023411,-0.042735,320.691092,70.0,-0.02765205495356441,-0.02287186235058463
-0.313642,0.614375,0.339274,1.656367,134.959115,70.0,0.3574711704748359,1.6538621217989085
-0.20561,0.318002,5.915017,0.677767,138.235585,70.0,5.910122378057739,0.6724314998473201
0.664813,-0.488698,0.597101,-0.432109,172.652013,70.0,0.5804793903742372,-0.4518658606866835
0.452717,0.806501,-0.307948,0.576822,150.831779,70.0,-0.3028550599688861,0.5774430266950948
0.868053,-0.629779,-0.407993,-0.1227,144.921435,70.0,-0.4195076542699253,-0.13174289888722354
-0.701799,0.866563,0.732238,0.850785,135.266628,70.0,0.7143033329359094,0.8334246164021256
0.317418,0.841483,-3.16496,-1.194464,79.520382,70.0,-3.1588423483358268,-1.2143276469972435
0.804212,0.387721,0.806557,0.383687,172.867862,70.0,0.8253605957393888,0.3711172991865945
0.424217,-0.192123,-0.170951,-0.009536,253.822135,70.0,-0.1719042387248255,0.0035920671983329083
0.995827,0.871803,-0.506983,1.053778,125.887809,70.0,-0.5239651706179793,1.0373470649026735
0.386268,-0.000739,0.203803,-1.2e-05,231.418958,70.0,0.20380180000000073,0.010472100472524053
-0.4244,-0.896366,2.267481,-2.661682,131.941968,70.0,2.2539651493890758,-2.654977751099508
0.772989,-0.377679,-0.572077,-0.366465,176.557941,70.0,-0.5913969171397265,-0.38567941991372473
0.346772,0.196908,-20.049416,-0.168102,109.04781,70.0,-20.06431566858313,-0.14890250859088197
-0.563464,-0.132352,-0.497064,-0.191615,230.875744,70.0,-0.513425720504035,-0.20746044074768655
-0.440748,0.354229,-0.490397,0.196731,219.376421,70.0,-0.4737464452788794,0.18130108602584083
-0.465526,-0.08774,-0.528489,-0.594415,221.80815,70.0,-0.5318631387226067,-0.6119748175939659
-0.64178,-0.398323,0.487317,-0.322167,183.740366,70.0,0.4673330288120391,-0.33739913183909304
-0.612941,0.294579,0.478785,0.202751,203.974328,70.0,0.4957614601353085,0.18808546609973553
0.99703,-0.909101,-0.533631,-0.647436,125.566242,70.0,-0.5317221629951704,-0.6652361231412982
0.737348,0.613728,-0.459757,0.183597,153.223706,70.0,-0.44386941443826894,0.17028961004233306
0.928118,0.885264,-0.510996,0.404341,126.173675,70.0,-0.4929949702172525,0.38768459008280554
0.634582,-0.587563,-0.226535,0.027867,162.006176,70.0,-0.2237573081959887,0.03635177963401909
0.830483,-0.069062,-10.265227,0.577487,103.711961,70.0,-10.260198395769253,0.5872530545746923
-0.723902,-0.622244,0.476734,-0.22372,153.156032,70.0,0.4587442079029464,-0.23824531148471945
-0.058998,0.425366,5.452115,-1.50292,81.632833,70.0,5.433255785952814,-1.513493476605074
-0.870006,-0.198991,0.158842,-0.846494,205.776925,70.0,0.17658264666078416,-0.8324770300058714
-0.439707,-0.152833,-0.435873,-0.145371,256.729954,70.0,-0.44916345534724633,-0.15680487379030178
-0.672189,0.524847,0.396065,0.135547,168.370149,70.0,0.4086056042078447,0.12758345959785689
-0.889714,0.5715,-0.938507,0.438863,148.772952,70.0,-0.9222704210060709,0.43846594647863424
-0.804722,-0.96647,0.89839,-0.895352,125.770557,70.0,0.9178373539060086,-0.89972516003756
0.533915,-0.492116,0.691122,-0.38104,180.124182,70.0,0.6722298760886491,-0.40006200724168783
-0.999533,0.845184,0.477828,0.428819,126.348059,70.0,0.49463032656299044,0.4142187030788273
-0.995014,0.79739,-0.818799,0.812499,130.656424,70.0,-0.8347219591140962,0.8009044538599643
-0.273159,-0.990149,-0.992003,1.193671,120.433524,70.0,-0.9981961024689703,1.1985730617034855
0.564212,0.711472,-0.725876,0.63023,152.849631,70.0,-0.7260671440182326,0.6125625594011246
-0.292352,0.434396,-0.303064,-0.463983,145.817264,70.0,-0.3177097866226968,-0.46287404249389913
0.897663,-0.983516,0.311004,0.039597,122.163199,70.0,0.31493788189312266,0.039912513447363435
0.049026,-0.013196,0.033649,-0.001513,336.4207,70.0,0.03349770144312616,0.01820460327934569
0.221881,-0.843185,-19.457048,-11.7448,74.045469,70.0,-19.47350331933284,-11.76469166267127
0.5926,-0.172803,0.465807,0.050459,224.900967,70.0,0.4707995391953842,0.0367061259185516
-0.307349,0.381979,-0.326354,0.056123,279.168354,70.0,-0.32081506709281776,0.05490428201958384
-0.073742,0.61074,4.21804,2.659893,144.986651,70.0,4.2314234459116875,2.6474756671140516
0.713961,-0.457294,0.338944,-0.066603,172.035968,70.0,0.33240612262143326,-0.06907513464879608
0.264061,0.075713,-1.044655,-0.579247,235.874103,70.0,-1.0495130656472922,-0.569467993521648
0.514367,0.974355,1.276936,0.480816,130.750993,70.0,1.2903849800106273,0.5007130766714
-0.016516,0.419305,0.239382,0.315621,323.909301,70.0,0.2593814658353376,0.32292572041513123
-0.743366,0.241766,-0.564464,-11.356704,153.351192,70.0,-0.5691179855952495,-11.375693279316652
-0.636227,0.930661,-0.778866,0.37333,130.911319,70.0,-0.759734928062142,0.35873359503006685
-0.381601,0.425436,2.763511,-3.397428,188.648759,70.0,2.7826665898443212,-3.3911440364452146
0.30121,0.431005,4.575031,4.491615,206.325526,70.0,4.566028123031966,4.478933837370886
-0.10324,0.839409,-2.633365,0.41732,118.870133,70.0,-2.6159670679155402,0.433821579285688
-0.05511,-0.232919,-2.245413,-0.413725,159.720876,70.0,-2.2629854296367924,-0.40913642547415147
-0.662898,0.676379,0.738555,0.569736,152.785687,70.0,0.7443298408135631,0.5526978814211116
-0.097589,-0.174593,11.353096,-15.096499,151.894487,70.0,11.351412567900677,-15.076967236912623
-0.380189,0.167964,-0.376312,0.044973,292.410663,70.0,-0.3718525047421073,0.03885728361904411
0.964512,0.561524,2.149667,0.51642,137.473479,70.0,2.1602821255547293,0.5115254373743514
-0.46133,0.431322,0.577853,0.286503,197.50858,70.0,0.5976620872527681,0.2671363214650373
-0.767832,-0.956583,0.65901,-0.344914,126.1798,70.0,0.6392459978348973,-0.3646789702013858
0.716347,-0.347683,-0.595634,-0.158761,176.726492,70.0,-0.6098945251026262,-0.17849452421897377
0.483725,-0.029199,0.278454,-0.082584,268.465388,70.0,0.2704282876473727,-0.07903240969075663
-0.747734,0.83792,0.751059,0.770044,135.252722,70.0,0.738043156217766,0.7536935709739194
0.924191,0.87837,-0.118066,-0.132914,127.692068,70.0,-0.13040041402947586,-0.11629885930557571
0.767783,0.129523,0.944202,0.266076,196.288844,70.0,0.9636267785740451,0.26624841825654333
0.896353,0.999655,0.743276,0.636669,120.976074,70.0,0.7424411956677491,0.6198828413626902
-0.795066,-0.681382,0.565672,-0.296274,144.530825,70.0,0.5457519173991986,-0.31530084893490107
0.016759,-0.324783,3.102472,-1.170654,80.559352,70.0,3.1108078763612244,-1.1902726119579825
-0.632011,-0.205353,0.692996,-0.19197,204.05898,70.0,0.6766138893782498,-0.21093328856793928
0.625746,0.904936,-0.632589,0.72771,135.281739,70.0,-0.6421240628758982,0.7077145590537536
-0.740887,-0.093571,-0.40334,-0.283991,200.577624,70.0,-0.4231129000340913,-0.2926164673900295
-0.647286,-0.930363,-0.817324,-0.491638,130.799756,70.0,-0.8299527037884045,-0.5033524142923518
-0.61439,-0.057529,0.668251,0.029348,212.06459,70.0,0.6711752790077075,0.009745327932319536
-0.881515,0.373044,-0.443091,0.406056,172.252674,70.0,-0.4251653679924462,0.3940374870132784
-0.246038,0.847227,-8.11807,2.368469,68.751274,70.0,-8.131318116017807,2.349092506860943
-0.652264,-0.60214,0.675106,-0.471102,160.971329,70.0,0.6609541875368765,-0.4905572244724613
-0.159731,-0.601958,-0.41826,0.201035,187.699332,70.0,-0.4013748846154716,0.19108865655866009
0.88889,-0.424267,0.820445,-0.516164,157.089381,70.0,0.8098081865199724,-0.5276240371719015
-0.658745,0.478921,-0.539229,0.368601,172.718338,70.0,-0.5199654115296585,0.3505526424210313
-0.771221,0.08869,6.025421,-0.542304,103.865813,70.0,6.017082263180927,-0.5367389401600794
0.612222,-0.380419,-0.594091,-0.385278,190.712883,70.0,-0.6128397993701906,-0.4049858331649011
0.299781,0.412723,0.072461,-0.032643,280.339354,70.0,0.06921117373022313,-0.013941353078625037
0.631029,-0.289033,0.506593,-0.376162,200.830537,70.0,0.4875464120266522,-0.39257066836730914
0.224231,0.654325,22.70556,-14.582851,71.536201,70.0,22.71778476151574,-14.564675559453333
-0.758147,-0.169965,4.680841,-25.700558,110.163121,70.0,4.6748826796074505,-25.703699731422553
-0.596268,0.519907,-0.644387,0.398709,172.688349,70.0,-0.6261477061558484,0.37877351421237115
0.069002,-0.289628,-5.34056,1.959581,112.34823,70.0,-5.3478505816679,1.9595957511089275
0.215604,-0.341437,-0.806105,-1.087343,173.893286,70.0,-0.7911260761557937,-1.0999478262225695
-0.534751,0.447227,-0.394292,0.070959,187.612343,70.0,-0.3873440371919364,0.06315840919992499
0.546443,0.067818,0.380032,-0.000807,291.349668,70.0,0.37995130021898227,-0.007275819414775616
-0.18573,0.42904,-0.686295,-0.694388,138.534214,70.0,-0.6798075677349525,-0.7135535502437246
0.875742,0.603675,0.642276,0.149713,148.381426,70.0,0.6558877617006638,0.12976168297409335
-0.030515,-0.86953,0.007359,-0.454904,163.567579,70.0,-0.007889760682835433,-0.4349175371928444
-0.190987,0.077424,0.170775,-0.044081,371.838718,70.0,0.16640250312721028,-0.030939660268456882
-0.742321,-0.188004,-0.276709,0.002683,227.928099,70.0,-0.2764407080472384,0.0064061795242730665
0.224305,-0.09859,0.335677,-0.180655,305.072682,70.0,0.31996983044394345,-0.18280262462070465
0.999167,-0.995505,0.838335,-0.998281,120.78145,70.0,0.8575615380309803,-1.008230992340321
0.550353,-0.217415,0.33198,-0.098162,225.13433,70.0,0.3225531915336067,-0.09994171628184412
-0.098412,-0.012302,-0.02637,0.009335,369.673629,70.0,-0.025436838910027168,0.02916140747755868
-0.764951,-0.534946,0.503545,-0.415054,160.900243,70.0,0.48603642011973025,-0.4312865026449693
-0.82994,-0.797737,0.782517,-0.724903,135.242852,70.0,0.7918043861291945,-0.7392473901787502
0.428834,-0.590071,-0.473404,-0.394416,176.592417,70.0,-0.49181520698757486,-0.4087103997992848
0.672649,-0.780185,-0.516068,-0.281851,143.835942,70.0,-0.5358076109876034,-0.29878278108316947
-0.576651,0.231132,-0.454656,0.27675,225.301335,70.0,-0.43500484443653165,0.26382769367277425
0.629268,0.113924,0.29636,0.193506,228.233724,70.0,0.3128297381728982,0.19528357786048292
0.718508,-0.037462,0.40113,-0.040404,175.255336,70.0,0.3971170268277816,-0.04882955394937847
0.368757,-0.293824,0.609841,0.141799,147.859419,70.0,0.6228624257656058,0.12188429409063432
-0.302879,-0.481589,-0.750497,-0.394802,132.849425,70.0,-0.7688930955330023,-0.4111847299071254
-0.061697,-0.941952,12.294017,20.789483,63.694597,70.0,12.28858880554569,20.793633188098408
0.613482,0.784103,-0.624207,0.779678,144.319872,70.0,-0.6379389303459998,0.7596822260223756
0.415669,0.150111,0.375019,0.051578,261.403648,70.0,0.3801198179655475,0.04558551714025909
0.919484,-0.225123,0.559263,0.01875,157.604645,70.0,0.5611352546247103,-6.96302962351833e-05
0.355532,-0.56592,-6.193911,-0.379367,104.001527,70.0,-6.212857371156235,-0.36132661143618633
0.583362,0.56989,-0.550512,0.25891,168.713431,70.0,-0.5312702797197969,0.24040447198094925
0.145123,-0.919025,-10.062379,-1.622293,62.197861,70.0,-10.081719677896292,-1.602314537374474
-0.051503,0.395319,8.001612,-1.896909,80.158722,70.0,8.002806629265772,-1.9103674389094023
0.122075,-0.287175,0.08267,0.028702,347.973387,70.0,0.08553035812125047,0.047017606757521924
-0.549322,-0.461687,0.335496,-0.025859,184.234906,70.0,0.33291729881346344,-0.02798862839934118
0.42809,0.908697,0.995676,0.342541,140.18293,70.0,1.015474957009521,0.34779831129957584
0.469817,0.215355,-0.434366,0.163879,239.177368,70.0,-0.4197513409577431,0.15256909402202382
-0.522675,-0.598066,-0.532359,-0.565246,165.060115,70.0,-0.5385622252113371,-0.5829877668795708
0.303844,0.713463,-8.829066,-2.063178,134.384518,70.0,-8.813510576044543,-2.043443208888161
-0.82877,0.868974,-0.791451,0.762074,130.580864,70.0,-0.8038515436150303,0.7483662752678409
0.842827,-0.599244,0.792493,-0.387382,148.728104,70.0,0.7738184868579968,-0.4010136627069492
0.498857,0.289828,0.501431,0.27763,219.520103,70.0,0.5210983295526959,0.2615218971918723
-0.854429,-0.387765,-0.596769,-0.162623,186.560698,70.0,-0.6112976288911502,-0.18237467237460522
0.841263,-0.89237,0.781319,-0.756359,130.508296,70.0,0.7932661546066545,-0.7707866146491748
-0.066526,-0.103984,-0.003691,-0.092271,255.195429,70.0,-0.012594237003565649,-0.07227440577358483
0.342967,0.243184,-0.337013,-0.069679,243.898475,70.0,-0.3438407934648415,-0.07195940323098501
-0.806921,0.084959,-0.11795,0.03304,180.450427,70.0,-0.11466100777249623,0.04966159486775094
-0.099269,-0.419991,0.990214,-0.358016,111.463316,70.0,0.9706929295466908,-0.3532875751140764
-0.783749,-0.46226,-0.581356,-0.278178,165.200757,70.0,-0.6010332091749119,-0.29762915893125763
0.8038,-0.529365,0.677698,-0.399075,157.081744,70.0,0.6594737525223953,-0.41846850731334284
0.959375,0.223226,-8.641078,-1.446879,118.558442,70.0,-8.657360371346329,-1.432617294561634
-0.246469,-0.402433,3.792869,-1.581106,176.28393,70.0,3.772895566456843,-1.5612376207046978
0.316125,-0.879353,0.450395,0.584245,134.189032,70.0,0.4547667680104869,0.5716508181769377
0.719267,0.71282,0.23518,-0.073133,147.159872,70.0,0.22802859184387292,-0.06543875006543391
0.367084,-0.416802,-1.620386,0.270958,125.124753,70.0,-1.6008507759535893,0.26604968827360087
0.807644,0.066638,-0.13411,-0.016265,242.760031,70.0,-0.13573470771386914,-0.0005953998989565099
-0.017046,-0.487714,-0.368362,0.271301,180.089429,70.0,-0.34881945315054785,0.26594683503565375
0.993779,0.447893,-0.291737,-0.174663,145.748956,70.0,-0.3070662466685406,-0.17242546758517419
-0.261066,0.258641,-0.091031,0.181372,178.615241,70.0,-0.07527954621777887,0.19933585801459666
0.985541,-0.017296,0.485718,0.012773,157.355036,70.0,0.48699443188167113,-0.0023550245850671118
-0.698034,0.136043,1.289332,-0.394547,151.442017,70.0,1.2709259138262412,-0.3748136451394516
0.475133,-0.437937,0.556118,-0.164467,194.11384,70.0,0.5414632635677304,-0.18317786288554755
-0.401,0.387909,5.713718,19.023091,118.955895,70.0,5.728974558089657,19.003950636923932
-0.421303,-0.834309,0.78234,0.179296,145.406519,70.0,0.7979626798839163,0.16493928124288262
-0.234219,-0.523325,0.935933,-0.378217,113.547391,70.0,0.9169501085680903,-0.37887136280473005
0.483444,-0.749016,-0.369672,-0.371713,152.685069,70.0,-0.3888495908476926,-0.3771932677116928
-0.715478,0.958685,-0.397187,0.181929,129.773354,70.0,-0.38140128379590293,0.17386266342756596
0.623732,-0.928427,0.572372,-0.074333,131.364111,70.0,0.5651086548992278,-0.09355558573310374
-0.072879,-0.878999,16.443772,39.420941,73.191214,70.0,16.458335180855986,39.438121328454756
0.66701,0.433373,-0.12107,-0.078381,177.666801,70.0,-0.12870899351920145,-0.06193494038936999
-0.30105,0.254755,-0.242119,-0.402484,210.420592,70.0,-0.2602001776884526,-0.39543474705515186
-0.337078,0.727798,-0.728942,-0.45236,115.794758,70.0,-0.744354135026588,-0.4698816752945091
0.103582,0.900247,-19.688577,-25.025011,67.146147,70.0,-19.678317428031203,-25.034901419063313
0.448952,-0.469522,0.624924,1.327065,167.816034,70.0,0.6318221398005883,1.3070678806405454
0.744747,0.963591,-0.65004,0.281031,126.269067,70.0,-0.6303137437384875,0.26114883965657615
-0.928097,-0.527036,-0.863158,-0.474336,148.765839,70.0,-0.877079450581041,-0.4820616709930819
0.113057,0.15437,10.684843,-5.365651,147.726681,70.0,10.664998342896904,-5.385648062313979
0.503355,-0.108947,0.371794,-0.593341,229.565629,70.0,0.3683140498799325,-0.5990250336543896
0.923779,-0.051582,0.942226,0.051769,160.699969,70.0,0.9473452840047931,0.051743820398957946
-0.945182,0.329722,-0.308262,0.213011,165.582745,70.0,-0.2907656885088566,0.2136006410839654
-0.366761,-0.143918,-0.336623,0.062609,265.108528,70.0,-0.33046385853144133,0.06036734673907849
-0.834111,-0.901344,-0.716517,-0.638683,130.430546,70.0,-0.7154810169154807,-0.6567695707662503
-0.893168,0.521112,0.815701,0.578981,152.923578,70.0,0.8205848646865831,0.5671354266132773
0.326964,-0.721892,9.692659,-2.478388,100.654008,70.0,9.696129948404993,-2.482974635993184
-0.833899,0.667637,0.781444,0.570585,144.275682,70.0,0.787137505177827,0.5561660449017953
0.968981,-0.339861,-10.156388,1.853271,112.497467,70.0,-10.153232777740243,1.8706624781521581
-0.039877,-0.206287,2.884811,6.603027,154.610396,70.0,2.904802928047565,6.597367623064779
0.934251,-0.046477,1.687376,0.029558,124.073281,70.0,1.6903210517046978,0.018549079870385655
0.857167,0.407129,0.165533,0.082402,228.404824,70.0,0.17354203868773044,0.09593393976941278
0.61453,0.41109,0.408184,0.14484,186.92906,70.0,0.42143472861972636,0.1357800690995381
-0.811759,0.770657,-0.665773,0.506133,139.63573,70.0,-0.654300448741409,0.4864826855395673
0.43101,-0.018058,-1.658036,0.059713,188.289783,70.0,-1.652153020100026,0.05126306278469883
0.496695,-0.046783,0.0155,-0.025228,233.713745,70.0,0.012983884850655224,-0.005288032443485573
-0.284883,-0.024286,-0.327429,0.03826,312.652287,70.0,-0.3236262931892634,0.036933999910210714
-0.171837,-0.063986,-0.127105,0.046608,365.278324,70.0,-0.12248627177241657,0.06270320334687582
0.588986,-0.918108,-0.46975,-0.345528,134.939148,70.0,-0.48950450450586486,-0.3595644637263929
-0.634557,-0.998876,0.78766,-0.320332,126.267585,70.0,0.7676695249071089,-0.33431329866988
-0.110682,-0.234503,-0.858512,0.560323,129.667903,70.0,-0.8518426795024986,0.5521709141804403
0.714173,-0.891396,-0.106096,0.134924,133.181652,70.0,-0.09360398794048352,0.15217528630249855
0.300322,-0.493756,0.110725,0.143458,257.742609,70.0,0.12387189719294603,0.16047048367315841
-0.560625,-0.420332,0.46997,-0.27942,190.649921,70.0,0.45027094635696546,-0.2934721269573103
-0.518286,-0.830388,-6.920967,-1.499757,117.491931,70.0,-6.939718562452356,-1.519734616317246
-0.327879,-0.654028,0.298697,0.247162,174.838124,70.0,0.31758529609745306,0.24870668668619256
-0.250821,0.448219,-0.332993,0.297499,176.986338,70.0,-0.3130623509936863,0.29561840884602875
-0.777662,-0.157776,0.65182,-0.277917,203.687732,70.0,0.632147477845625,-0.2977790790457973
0.253641,0.941934,-4.746957,-0.365117,80.102318,70.0,-4.766311331605889,-0.3616773835924108
-0.922952,-0.051322,-2.989053,0.101792,141.759153,70.0,-2.9793076134249534,0.08733251040590309
-0.561319,-0.093628,-0.605005,0.026141,163.047207,70.0,-0.6023983367703769,0.006276726386448769
0.398414,0.140977,0.375939,0.08688,261.371442,70.0,0.38435632407040093,0.08079980757657353
-0.593747,0.897286,0.880094,0.730333,135.388689,70.0,0.8703291922892511,0.7241952883384951
0.678158,-0.196382,0.29298,-0.48987,171.909101,70.0,0.28021469564626816,-0.48775602966120574
-0.584271,0.156841,0.125328,0.012936,257.472675,70.0,0.126620698225532,0.029136049396495507
0.019787,0.554287,-2.736614,-5.312651,60.310798,70.0,-2.756417530560171,-5.3038779809569085
-0.102048,0.88213,-0.432251,0.724695,190.42974,70.0,-0.4415199597634011,0.7135601581079993
-0.039623,0.060008,-0.042676,0.010925,372.951829,70.0,-0.04158404323569717,0.030471414698027804
0.550248,0.015547,-2.813415,0.308007,205.464374,70.0,-2.7934244618461133,0.3094076912606398
-0.700219,-0.581948,0.476157,-0.244383,160.671607,70.0,0.45736188568845504,-0.25886858729032697
-0.791737,-0.721808,0.603716,-0.421554,144.0236,70.0,0.5865307861041789,-0.4414028695917134
0.564971,-0.531186,0.419578,-0.125424,173.055967,70.0,0.40784169602728226,-0.13548447220750925
0.353059,-0.132581,0.193951,0.069581,266.926111,70.0,0.20076958141136753,0.08089103222384098
-0.289396,0.120759,0.196301,-0.062918,286.937463,70.0,0.1901124676263381,-0.05180255964278819
-0.405136,0.875286,-0.550749,0.984322,109.480683,70.0,-0.5703128600828207,0.965807495719355
0.938154,-0.454036,0.739496,-0.235163,156.889483,70.0,0.7210359250039113,-0.2521516504897308
-0.991143,-0.145399,-6.042761,0.15267,88.675432,70.0,-6.02893408449004,0.1598775917222098
0.272275,0.120548,-0.203062,-0.30236,195.031005,70.0,-0.22302720442836232,-0.29181286865541123
0.056734,-0.464902,-18.435316,-8.343028,72.958376,70.0,-18.419972369212527,-8.352623588237865
0.395306,-0.088376,0.320845,-0.030954,261.029702,70.0,0.3177619429488457,-0.03162244895190442
0.661702,-0.776436,-0.639525,-0.600015,144.185239,70.0,-0.6423459151645159,-0.6199836119750629
0.436266,0.317076,0.330828,0.009047,219.143453,70.0,0.3317323914979201,0.0073820555962786
-0.903823,-0.559913,-0.945768,-0.518227,148.782656,70.0,-0.9562295467017473,-0.5178979944482893
-0.456881,-0.803028,0.640668,-0.112389,144.9962,70.0,0.6300113379334445,-0.13235088476469564
-0.490038,-0.067019,-0.593326,-0.043072,246.915574,70.0,-0.5975999825194037,-0.06276666081064267
-0.392782,0.513073,2.153704,-0.535416,187.241795,70.0,2.144744257050403,-0.5399181679474009
-0.775078,-0.740539,0.08499,0.13747,142.20995,70.0,0.09767982295268902,0.15569118695708628
-0.237443,-0.708081,3.261649,1.352897,127.244744,70.0,3.2709076321226167,1.3363934699145001
-0.714399,-0.901278,-0.616013,-0.274789,131.032826,70.0,-0.6356267452670021,-0.29475115541956565
0.224469,0.64341,-0.008956,-1.06832,125.044503,70.0,0.0072138416085431745,-1.048340049133373
-0.210606,0.351547,6.783188,-19.372375,81.285446,70.0,6.773120552409102,-19.38839803346729
0.458673,0.915281,-5.46423,5.733554,104.826522,70.0,-5.471897285216623,5.721972193473693
-0.871645,0.257167,26.360118,7.4233,81.103947,70.0,26.349113864514866,7.443086340362836
0.204062,-0.321975,-3.739728,-7.110722,210.002574,70.0,-3.72294095166957,-7.0909493242079025
0.564925,0.68912,0.389011,-0.016076,156.146216,70.0,0.3874051305432278,-0.02338765236541796
0.032453,-0.557199,0.431124,0.441717,155.108131,70.0,0.4471922877995904,0.4306759526406647
-0.850139,-0.282501,-4.148962,5.207835,170.140107,70.0,-4.133215800676643,5.201459102461777
0.004885,0.102441,0.274013,-0.422846,364.203541,70.0,0.2568942349276221,-0.4188582794689542
-0.2804,-0.679172,-14.851183,0.960152,67.711556,70.0,-14.871104956438451,0.9684619128670778
-0.836209,-0.156367,-0.307564,-0.165683,210.970535,70.0,-0.3223012153310701,-0.16502359298998673
-0.064376,0.028907,0.059815,-0.014374,358.354805,70.0,0.058378837113414545,0.004738188731458469
-0.155205,-0.526831,1.298966,-1.001646,90.10403,70.0,1.3180971457210637,-0.98209226520831
-0.456755,-0.674615,-4.12625,-3.534965,138.923643,70.0,-4.107798278721351,-3.5391517568921325
-0.262401,-0.177227,-0.331248,0.207388,317.010981,70.0,-0.31403097683854664,0.205681205083351
-0.654805,0.694357,0.28127,-0.067901,151.603956,70.0,0.27460959224511805,-0.06462687695140196
0.05148,-0.768981,6.065515,-14.8644,87.652376,70.0,6.083118432773912,-14.855121073790656
-0.262232,0.666672,-1.00538,0.384212,183.496312,70.0,-0.986594354655395,0.3903990302685633
0.757424,0.022704,3.702749,-0.097075,95.465444,70.0,3.693418198404669,-0.07819213213716811
-0.415482,0.993146,13.424093,-10.00803,89.064074,70.0,13.428561608546923,-10.01625412641711
-0.186859,-0.542956,-0.499216,-0.41479,236.211294,70.0,-0.5167373249771743,-0.43076582910823175
0.545051,0.674878,0.698657,0.595203,157.006741,70.0,0.7019534422331727,0.5764271786789524
0.680888,-0.322948,-0.35754,-0.209523,190.53576,70.0,-0.3748646810544354,-0.21382713768757428
0.217925,0.658723,0.763853,0.522519,128.951275,70.0,0.773946365116512,0.5069383155332694
-0.848858,-0.756949,-0.527537,-0.253066,139.31695,70.0,-0.5466111362821355,-0.27058004875007363
-0.041059,-0.086658,-0.028878,-0.068062,377.903764,70.0,-0.03555358660116785,-0.04827012275697032
-0.461359,-0.0626,0.089343,-0.012153,237.104758,70.0,0.08812844775456408,0.005884422062062005
-0.117642,0.791534,2.391595,1.746082,117.583728,70.0,2.4043929974316836,1.762493321257393
-0.693478,0.711963,-0.694836,0.554933,148.512654,70.0,-0.6876610140560251,0.5360289846735075
-0.030524,0.985072,-2.943798,-1.356664,91.849914,70.0,-2.953388874766507,-1.3676549589177989
0.099985,0.441748,-15.203817,-27.334496,99.988989,70.0,-15.18381874226088,-27.31822844597593
0.455528,0.06226,-0.630969,0.139635,202.781636,70.0,-0.6181125844360548,0.11963675622115055
0.400542,-0.09347,0.344925,-0.064745,235.080568,70.0,0.3385629945605991,-0.06780945418541759
-0.949543,-0.964132,-0.516191,-0.238816,121.480686,70.0,-0.534788552166622,-0.25575432452005137
-0.174268,-0.919011,12.467356,-30.968809,85.836637,70.0,12.483096910314481,-30.951210320078577
0.184228,0.313498,1.79882,5.720723,214.76363,70.0,1.7923527429676291,5.702549341624954
0.954379,0.254799,1.837282,-0.846767,114.668957,70.0,1.8550352347390284,-0.8662014924217405
0.399868,0.589005,-1.6659,-0.475574,151.879672,70.0,-1.6797322995734583,-0.48472998729695516
-0.58807,0.313969,0.385069,0.090201,203.760126,70.0,0.3937864052726749,0.0832576571027151
0.877561,-0.834619,0.65325,-0.530891,130.741081,70.0,0.6438880315718927,-0.5507358065845149
0.559899,0.223061,-0.406104,0.253303,216.52987,70.0,-0.3870227496223782,0.2444289902659038
0.980069,0.025432,3.64129,0.012678,89.070485,70.0,3.6425569511054525,0.028682740997547154
-0.564322,-0.561203,0.527422,-0.272374,169.028703,70.0,0.5078569166246875,-0.2898824930667695
-0.137724,-0.729876,5.568574,-2.732267,62.601304,70.0,5.550795761295197,-2.7504340905233167
0.978258,-0.421978,-0.743735,-0.255739,160.944305,70.0,-0.7628878176256899,-0.27250016062753596
-0.176878,-0.793668,7.607602,-3.783704,82.031542,70.0,7.606223811491477,-3.764841569127631
0.817746,-0.145149,-1.955751,-0.106219,188.049763,70.0,-1.9658805562336947,-0.12497903138930673
0.480216,0.990797,4.47334,1.102446,94.80892,70.0,4.459403585078212,1.083839889826583
0.325476,0.282328,9.866936,7.918341,132.069857,70.0,9.885909373267275,7.930284810479788
-0.906292,-0.054337,1.65832,0.020136,145.683307,70.0,1.6603301999269118,0.011660330563974145
0.764145,0.984965,-0.959191,0.888816,125.823674,70.0,-0.9784754113253693,0.8904853758551164
0.300421,-0.831107,19.816609,-19.986266,99.008171,70.0,19.82789582236029,-19.98381465130574
-0.409836,-0.114474,0.386952,-0.110484,263.504488,70.0,0.37645702388543373,-0.11760362090979538
0.03304,-0.692937,0.159953,0.152273,176.601944,70.0,0.17375120408300473,0.16621050537578322
-0.200417,-0.40167,-6.750344,-9.016478,173.243497,70.0,-6.768168989450061,-9.030328698669289
-0.87264,-0.464732,0.786424,-0.47955,161.166323,70.0,0.7728815878950847,-0.493619412311075
-0.749462,-0.20943,1.797784,-1.074349,109.316093,70.0,1.8135917380577429,-1.0924791630995903
0.106556,0.881992,1.036753,-0.311833,233.013744,70.0,1.016754352862378,-0.30275074656618606
-0.354647,-0.554649,-0.108718,-0.077403,286.312015,70.0,-0.11626651743797106,-0.06028585179986414
0.007153,0.223824,0.049313,0.170044,290.210609,70.0,0.06434151166500461,0.18943913072874488
-0.183511,-0.271345,0.040039,-0.673611,150.467226,70.0,0.04452963219470421,-0.6540104436262306
-0.495124,0.452671,-0.690301,0.328547,187.310535,70.0,-0.6703527294121978,0.309499793885764
0.046717,-0.82042,0.926146,-2.325358,91.421787,70.0,0.9422922136153027,-2.326989365154352
-0.794458,-0.456606,-0.632002,-0.533041,165.083461,70.0,-0.6411734407339814,-0.5530376081093907
-0.176845,-0.240391,-0.08761,-0.100905,328.866452,70.0,-0.09727783355769427,-0.08279338951016187
-0.249859,0.617498,-0.409616,-0.500049,111.57356,70.0,-0.4215815169191693,-0.5092363621365357
0.292642,0.437879,-0.262179,-0.012363,292.024014,70.0,-0.26341451281394557,-0.007223296123114643
-0.573805,0.054427,0.459547,0.191177,208.439097,70.0,0.47588349208902037,0.177885294173076
0.756002,0.125778,-0.99251,0.392382,166.239337,70.0,-0.9740202983854696,0.39733319939904005
-0.056269,0.280831,-1.483503,-4.632908,158.854623,70.0,-1.4650616305959374,-4.624453200118514
-0.078572,-0.566929,-16.73856,-17.868606,96.844288,70.0,-16.758191113478563,-17.877135548546413
-0.369054,-0.697646,0.589547,-1.732315,143.886945,70.0,0.5757222094271468,-1.751940367557909
0.658508,-0.45838,-0.613205,-0.457512,176.413342,70.0,-0.6282837154513123,-0.4774549224666961
0.015159,0.784344,-3.772341,-36.52885,69.313652,70.0,-3.780712507419538,-36.508851475982915
0.472499,-0.711254,0.398817,-0.448569,157.043786,70.0,0.38316604350910144,-0.4567842218748047
-0.039334,0.90536,7.68849,-28.597715,65.77937,70.0,7.708468743126411,-28.582990728608628
0.384114,-0.19585,0.248308,0.086527,287.364223,70.0,0.2566932895438981,0.0929937878502395
0.348356,0.811338,-24.658004,14.874089,101.316185,70.0,-24.675127066016888,14.859701671049692
0.154274,0.882358,0.867578,-1.453594,148.421724,70.0,0.8509149392857069,-1.460910125611276
-0.215627,-0.050554,0.104532,-0.026571,351.267392,70.0,0.10188270960689519,-0.00924111180198521
0.333094,0.304605,0.014817,0.108863,161.649607,70.0,0.025173644134575637,0.12880813922698242
-0.496951,-0.247671,0.111241,0.049774,227.139499,70.0,0.11616717860991913,0.06675929713416964
-0.604076,-0.705688,0.715732,-0.356103,152.701547,70.0,0.6961702095724831,-0.3742229380738914
-0.493952,0.156542,0.407586,0.085979,249.405568,70.0,0.4159215071745534,0.0769724219522501
-0.997871,0.784477,-0.765878,0.899815,130.67287,70.0,-0.7854246942675771,0.8843620757229388
0.702576,0.192251,0.357563,0.136192,229.259796,70.0,0.3701537840793202,0.13188561623338685
-0.836407,0.508551,-0.77043,0.549803,157.062582,70.0,-0.7627785751080087,0.5346430307797978
-0.788189,0.910539,-0.797042,0.8331,130.550469,70.0,-0.8141249296821338,0.8198047033467405
-0.570522,-0.760779,-0.405344,-0.565683,148.692422,70.0,-0.41150566554753726,-0.5744888365172459
-0.410661,0.014899,-0.274646,-0.01532,271.24432,70.0,-0.2761765022558194,-0.01139432833911612
0.400341,0.528168,-9.437157,0.559644,131.614427,70.0,-9.430423704513029,0.5396822979240649
0.922676,-0.579932,0.625737,-0.40921,148.822166,70.0,0.6079534664299667,-0.4292083339479197
-0.924814,0.644219,0.397763,-0.252592,143.272099,70.0,0.37870317225193734,-0.26071101052592655
-0.61398,0.846284,-0.565932,0.692829,139.831936,70.0,-0.5722717662196076,0.6737941556193969
-0.504763,0.45107,0.63706,0.326921,190.790174,70.0,0.6570192983449409,0.3069401002803552
-0.874365,0.548228,0.633365,0.501414,152.879463,70.0,0.6452208629741109,0.48142036637526886
0.063098,0.488805,1.149308,-1.449399,83.842625,70.0,1.1328805889355686,-1.4322104275971619
-0.657958,-0.297849,-0.358254,-0.202054,193.970041,70.0,-0.37519350832288045,-0.20642783710109147
0.055643,-0.804668,1.608373,0.361517,85.160309,70.0,1.6278149261167636,0.3577814014011107
-0.049783,-0.708035,3.33153,-0.961804,62.936375,70.0,3.351436697096131,-0.973442757558486
0.048062,-0.226881,0.078528,-0.177862,286.039842,70.0,0.06299525463437947,-0.15938395719027873
0.806167,-0.743438,0.749287,-0.63985,139.810831,70.0,0.7504395081199641,-0.6563018350958714
-0.960802,-0.206602,8.779535,-1.358854,119.38719,70.0,8.769752527615713,-1.3389255663611668
-0.360726,-0.726272,-0.885087,0.147934,172.416031,70.0,-0.8716061163941358,0.14227335853175296
-0.457196,-0.091525,-0.154288,-0.01448,219.353595,70.0,-0.1557347353200896,-0.00014185018231784724
-0.256544,0.259825,-5.027465,-1.803327,125.747936,70.0,-5.035403110245907,-1.7833272101092237
0.870874,0.773271,-0.785031,0.679212,135.262592,70.0,-0.7900655988709416,0.6650439258491142
0.371863,-0.104964,2.591527,0.043128,171.555834,70.0,2.595806452989137,0.06161655231799869
-0.134843,-0.309804,13.768008,6.903454,79.095843,70.0,13.768812766462103,6.922702512756224
-0.875587,0.006904,0.246757,-0.012502,228.375962,70.0,0.2455076140337127,-0.0058886395730538554
0.038204,0.092012,-0.032319,-0.086295,379.145337,70.0,-0.04068322145893283,-0.06655556169642712
0.446292,0.827822,-0.736466,0.7196,144.47998,70.0,-0.7452805208523453,0.7024534129617807
-0.793569,0.484277,0.661509,0.355279,161.167305,70.0,0.6810877787774057,0.3355537703414115
-0.751617,-0.433686,0.30651,0.024921,169.712561,70.0,0.3089956561118135,0.0256857400628043
-0.967411,0.715477,0.710306,0.772569,135.341338,70.0,0.6970994864829716,0.7542260840935631
-0.986453,0.680195,-1.883693,-4.770782,136.385042,70.0,-1.8645393979694975,-4.790781601466587
0.040744,0.782211,-6.097102,-6.889356,60.588812,70.0,-6.099312259853552,-6.8774059994609535
0.62084,0.465797,0.015536,-0.109193,178.194796,70.0,0.005151139063397566,-0.08925331148730478
0.652329,-0.310966,0.50621,-0.423198,194.181713,70.0,0.4891094625789927,-0.4395847405718994
-0.398403,0.046683,-0.726928,0.194001,217.129709,70.0,-0.7104302292034841,0.176383107921812
0.606831,-0.99287,0.40259,-0.199997,129.880858,70.0,0.38576074239642716,-0.20855474030310275
0.834705,0.8892,0.819359,0.837595,130.543305,70.0,0.8020466497265203,0.8260461286423215
0.787641,-0.121033,0.177399,0.024384,224.206975,70.0,0.17983136356090243,0.03701888563719302
-0.201606,-0.385068,-4.690686,-1.32723,129.639084,70.0,-4.697599624959615,-1.3293960411606325
0.168307,0.730684,-0.482202,-0.028669,126.919461,70.0,-0.485059092005995,-0.04356471443784514
0.605392,0.827061,0.704683,0.709311,139.922681,70.0,0.6968033169482634,0.690751257033152
0.419818,-0.112462,0.019997,0.027288,261.892684,70.0,0.022717341377758736,0.04718811325334675
-0.148545,-0.598121,0.24641,-0.685839,136.226029,70.0,0.2520830773701129,-0.6791929015176592
-0.621154,0.262282,-0.462126,0.358161,207.290692,70.0,-0.4426080888691276,0.34467769849613494
0.1782,-0.990118,10.606887,-9.725209,136.344059,70.0,10.626839902448287,-9.743836387851601
-0.916962,0.614523,-0.7039,-0.108255,148.206743,70.0,-0.7142045830405891,-0.12684377619317852
0.295667,-0.731058,4.075596,5.790471,108.396958,70.0,4.063050938620845,5.7913181914046055
-0.896635,0.258864,-1.90543,-0.440275,113.875274,70.0,-1.921583729015134,-0.46017029114980496
0.730724,-0.713385,-0.404329,-0.144013,144.841676,70.0,-0.41751767075901763,-0.15272759125413493
0.139217,-0.181727,-0.612884,-2.029489,201.205809,70.0,-0.5996562516032953,-2.0494294733673377
-0.287679,0.977334,0.258895,1.230956,111.195506,70.0,0.25633394516351443,1.2364123675548062
0.047375,0.23633,4.783315,-2.366625,80.643525,70.0,4.796700693341887,-2.3596801299155197
0.004968,-0.504043,0.930122,-0.703056,151.41345,70.0,0.9374230155942391,-0.7042907937967433
0.54893,-0.129133,-0.44138,-0.442925,171.371194,70.0,-0.4573760683687409,-0.454806313779238
-0.345619,-0.818677,-1.757545,-0.372982,104.12008,70.0,-1.7766861891397359,-0.3890590446123269
0.494586,0.511003,0.648198,0.401766,180.13722,70.0,0.6663097489955897,0.3818647170089428
0.423092,0.915413,6.834832,1.020229,123.192594,70.0,6.816324374179523,1.0016807318762853
-0.647861,-0.59571,0.718777,-0.549848,160.987086,70.0,0.7111297329686245,-0.5678369529137627
-0.099689,0.52651,-1.726459,-0.265693,96.366956,70.0,-1.7458746234640192,-0.27973458737043033
-0.952237,-0.247677,1.216692,-0.705628,135.292382,70.0,1.2242318552961216,-0.6860255777219333
-0.710296,0.063452,-3.740413,0.217309,132.260809,70.0,-3.7227125252230526,0.23709185834304142
0.430616,-0.643048,-0.722633,-0.176446,169.081396,70.0,-0.7380761561674004,-0.19426310184527432
0.285183,-0.9296,10.237972,-1.933268,99.269395,70.0,10.242756392076796,-1.9212213683361643
0.213045,0.640314,-6.814507,0.273703,183.431075,70.0,-6.794914784035738,0.25600935360018107
-0.247227,0.856567,-1.460851,0.361954,117.497543,70.0,-1.441419371523877,0.37240308316326737
0.321615,-0.608463,-0.155427,0.042876,214.08668,70.0,-0.15117216676060388,0.05713451026249386
-0.432199,0.026537,0.327545,-0.049772,266.667408,70.0,0.3226190152286011,-0.05110957434302289
0.008028,0.923875,-2.045773,-50.63011,78.560147,70.0,-2.065139609964748,-50.643985380723514
-0.4391,0.048385,0.149812,0.013089,223.544655,70.0,0.15111996585314558,0.027735585719075292
-0.794536,0.23722,-0.115901,-0.029291,214.448729,70.0,-0.11881964014697127,-0.01255632361448615
0.95554,-0.235033,0.359177,0.14489,224.434656,70.0,0.37243147335405585,0.14042614401255427
-0.204976,0.962178,-2.999978,3.232559,211.456987,70.0,-3.0087642231808847,3.2173666724679912
-0.681801,0.9737,-0.025105,-0.166815,128.206369,70.0,-0.03991850710647371,-0.1469723584747986
0.978138,-0.439929,-6.092882,0.587175,129.528776,70.0,-6.088796605318933,0.5987839769444586
0.119827,-0.069943,0.177995,-0.004911,372.692595,70.0,0.17750394934980804,0.007677629063413838
0.467731,-0.849643,0.854782,-0.252189,164.307637,70.0,0.8357344217318858,-0.26068025655728705
0.043613,-0.993048,-7.880192,25.022122,64.410439,70.0,-7.890698485155679,25.01950845949219
-0.153121,0.497048,2.992908,3.169624,106.643227,70.0,2.9901140337697254,3.1549008806384657
-0.122582,-0.229997,-0.113523,-0.558439,259.978024,70.0,-0.12036963835005884,-0.541575287961632
0.446771,0.880123,0.743615,0.199921,125.539766,70.0,0.7604401499951475,0.18315329541667263
0.227442,0.620913,-18.743293,26.485596,90.075417,70.0,-18.73403811121201,26.502838834942757
-0.307686,0.728335,0.160157,-0.219873,259.731973,70.0,0.14233861706269701,-0.20595013259580783
-0.867292,-0.584328,-0.943,-0.457838,148.715673,70.0,-0.9580572789203103,-0.45778577966702855
-0.802938,-0.985324,0.863682,-0.887861,125.766604,70.0,0.882940874399471,-0.895538311815946
-0.348795,-0.202326,-0.436219,-0.318539,217.586045,70.0,-0.4562142046727572,-0.33000124482891746
-0.495263,0.119521,-0.534476,0.099837,230.589349,70.0,-0.5249017970065553,0.08199850819596939
0.790543,0.654559,0.739131,0.651095,148.573924,70.0,0.7368582730857968,0.6340871168627856
-0.819886,0.17118,0.345525,-0.217235,172.740805,70.0,0.3278279714742049,-0.22035873180739696
-0.975718,-0.899109,0.654825,-1.007117,125.770407,70.0,0.6737895042179567,-1.0269416087235665
0.673936,0.848769,-0.490028,0.14943,135.918397,70.0,-0.47643698637467014,0.13402358932885905
-0.745338,-0.90045,-0.785689,-0.663798,130.64908,70.0,-0.7821596326871519,-0.6779195554247724
0.133852,-0.348764,-0.353018,-0.916815,166.513467,70.0,-0.33318241900037776,-0.920676470928583
0.325844,0.463908,0.720377,-0.384266,142.338324,70.0,0.7015932083257174,-0.40218445345201564
0.900295,-0.746654,-0.658591,-0.482989,135.424087,70.0,-0.6718783561947509,-0.5027603314784468
0.984343,-0.140238,16.002141,-1.421649,87.069208,70.0,15.987449234281662,-1.4236438308808765
-0.97585,0.888564,0.605132,1.034129,125.788839,70.0,0.5871954925746709,1.014263253332594
0.098135,-0.641288,1.018035,0.212667,144.708848,70.0,1.035514620329065,0.22004427033467586
-0.13003,0.587947,0.267071,-0.504979,158.162271,70.0,0.2555041142282297,-0.5003135568107919
-0.373102,-0.732697,0.589605,0.01746,153.229185,70.0,0.5913487830495798,-0.0021664840777790954
-0.436861,-0.326908,0.429172,-0.10177,243.772569,70.0,0.4194285346377366,-0.11264776447289543
-0.348758,0.420089,-6.999997,1.257129,166.832491,70.0,-6.9999478061931955,1.2390550274454022
0.441953,-0.100415,-0.485759,-0.171444,249.360429,70.0,-0.5008795172123339,-0.1865747061096721
0.318235,0.567416,1.655074,-0.549379,155.619694,70.0,1.6473834178694735,-0.5575595552264792
0.566284,-0.464582,-0.530819,-0.333113,183.676696,70.0,-0.5507292561824889,-0.3507831552783187
-0.222515,0.185454,-0.330778,0.148332,291.088993,70.0,-0.31726774320322065,0.14667203829288614
0.930565,0.001987,-3.562919,-0.004058,94.47236,70.0,-3.563324772157005,0.0061531906874034625
-0.6001,0.111595,4.209518,0.513687,102.064692,70.0,4.220363755713595,0.5019487891889656
-0.415342,-0.651852,0.613601,-0.275616,169.28092,70.0,0.5939712477910378,-0.29556187300445697
0.32282,-0.367875,-7.74264,-1.962508,83.264542,70.0,-7.735077648908413,-1.951940113898903
-0.878352,-0.466781,-0.802664,-0.391501,157.109531,70.0,-0.821187107444563,-0.40437110650116914
0.813809,-0.315661,1.878383,0.237472,171.004405,70.0,1.8969306910229566,0.21748279876998672
0.684419,-0.976983,-0.414855,0.05576,126.988742,70.0,-0.4093509563332223,0.04611049090821983
-0.148312,-0.68082,-0.106185,-0.264098,175.011618,70.0,-0.12556173179580926,-0.24685121833757584
-0.538206,0.371779,-0.481367,0.287768,200.784855,70.0,-0.46154087220659246,0.2729281350798777
0.494131,0.864155,-5.878881,-3.659971,121.205014,70.0,-5.868432355323288,-3.668683368642182
-0.151266,-0.331901,0.37747,0.480806,252.862016,70.0,0.39091972013727583,0.47458013352884526
-0.263058,0.781769,2.575466,1.476116,151.134117,70.0,2.593266451591547,1.4951568092556282
-0.800201,-0.980298,0.895386,-0.923205,125.776277,70.0,0.9152932116690273,-0.927870786519551
0.12977,-0.952557,0.676535,-0.924229,179.01987,70.0,0.6964518031055335,-0.9436506025873886
0.379411,0.756615,-0.34655,0.479548,153.138702,70.0,-0.33300744072135013,0.4763230675833537
0.43129,0.693948,-0.180409,-0.33811,146.344664,70.0,-0.2002657618811526,-0.32570986467873503
-0.810273,-0.26166,0.0244,0.351428,185.438993,70.0,0.04405376398703127,0.3712793445196459
0.282744,0.080808,0.261471,0.010517,295.56793,70.0,0.26252221537665077,0.015725093735755653
0.147557,-0.005991,-0.083128,-0.00107,376.582426,70.0,-0.08323499948956614,0.01722716183081969
-0.688659,-0.289638,0.340571,0.012534,191.33098,70.0,0.3418235797003169,0.009900496632476469
0.047916,-0.670086,0.588568,-0.874161,145.485956,70.0,0.607412504921083,-0.8937672724964814
-0.134384,-0.590499,-0.022899,-0.442473,226.026632,70.0,-0.03892215933817643,-0.42260394790561717
-0.524386,0.648292,-0.501569,0.0576,164.558432,70.0,-0.49588829666545586,0.041483721426313624
-0.163677,-0.926384,-0.716033,4.455486,172.004577,70.0,-0.7216807390886283,4.437378823300203
0.270951,-0.126313,-0.799234,0.125588,281.102862,70.0,-0.7874844205518897,0.11245725253552762
-0.946028,0.115282,-1.972509,-0.171475,141.04206,70.0,-1.9876315461101053,-0.1895890102589752
-0.454493,-0.664617,4.100064,-0.877505,150.747925,70.0,4.119017882998129,-0.8791026509746722
-0.211313,0.455654,-27.63908,20.393772,94.864896,70.0,-27.619256367576398,20.41375997642949
0.177602,0.960072,0.469572,0.040433,168.179648,70.0,0.473587814153495,0.026409221682221876
-0.064566,0.842714,-0.250842,0.745112,145.967861,70.0,-0.2618687630455909,0.7513384870910264
-0.504136,0.99045,0.327323,-0.11523,145.757826,70.0,0.31642700995984013,-0.1165454232268661
0.488038,0.455362,0.696483,0.34384,187.272146,70.0,0.7162631674021505,0.3249903979024885
-0.736747,-0.510934,-0.565904,-0.50336,164.961418,70.0,-0.5776025822014523,-0.5223939848779943
0.730311,0.334576,0.60323,0.276072,187.324913,70.0,0.622868434748921,0.25622915235387705
-0.773386,-0.299748,-0.769273,-0.452382,172.692072,70.0,-0.7846837328492784,-0.4676171811850538
0.138535,0.364616,-0.187841,0.073382,293.540567,70.0,-0.1806663436263447,0.08519059694545829
0.105507,-0.743539,0.66252,-0.672932,231.032604,70.0,0.6669444401461297,-0.6926402768329386
-0.661191,-0.632605,-0.730378,-0.569011,156.936568,70.0,-0.7362222147216656,-0.5864629862262837
-0.195448,-0.888534,9.32296,-4.359347,82.402204,70.0,9.319096176181514,-4.376810769662418
0.401735,-0.040183,0.345571,0.09568,290.026809,70.0,0.3547781878638668,0.09255172472845209
0.641958,-0.604021,-0.713724,-0.513811,160.994775,70.0,-0.7245593352388671,-0.5320150188845036
0.216556,-0.344072,-2.273177,5.387964,153.081383,70.0,-2.2537327013303607,5.395202102004103
-0.823501,-0.583625,0.65991,-0.582754,152.855336,70.0,0.6553928604844317,-0.6025050131097301
-0.989801,0.415174,-0.518863,0.94663,125.724086,70.0,-0.5388586899554583,0.9295511140619375
-0.164263,-0.775901,-23.802232,14.335515,79.9157,70.0,-23.791287318015158,14.354166165731305
-0.561578,-0.446717,-0.443348,-0.247328,187.111349,70.0,-0.46224174694461495,-0.25936704519502113
0.028346,0.41593,-2.836095,-1.954622,191.005348,70.0,-2.8292683901127518,-1.9554878904420634
0.533676,-0.502301,0.509694,-0.232859,179.998513,70.0,0.4913238037870928,-0.24944298615889082
-0.172951,-0.788277,0.618012,-0.717189,151.387868,70.0,0.6266094642205051,-0.7371624497325262
-0.570711,0.061543,-0.330841,-0.090485,188.072706,70.0,-0.3395839567452065,-0.09215123988780707
0.353521,-0.36923,-0.126513,0.058431,259.004911,70.0,-0.12075266849852297,0.07456127391138269
0.356477,-0.6911,1.482006,-0.833761,153.80805,70.0,1.4991232104681527,-0.8251707724486712
0.675925,0.270903,-0.502455,0.132878,190.82561,70.0,-0.4901234200256984,0.11670941358031603
-0.934887,-0.641072,1.16751,-0.363981,135.670253,70.0,1.1481273489084647,-0.34593425979442055
-0.492975,0.565777,0.739277,0.347578,176.488196,70.0,0.7589984460585542,0.33057780312773816
-0.978983,0.23931,-1.017572,-0.548509,124.462089,70.0,-1.0253428199343178,-0.5411747844843712
0.088174,-0.051756,0.073211,-0.014472,378.607992,70.0,0.07176506258527927,0.004202933197547118
0.1312,-0.926417,1.865673,-0.903134,161.475356,70.0,1.8852872627879087,-0.9230411173922817
-0.29092,0.5128,0.888671,0.315765,172.363908,70.0,0.9086703554075282,0.3104489941842597
0.636681,0.705011,0.024617,-0.133213,150.547693,70.0,0.012259063019921839,-0.11336430800215307
-0.880001,-0.182521,-2.39428,0.419669,123.068911,70.0,-2.376999125912104,0.4362322993878194
0.361599,-0.600099,0.265001,0.152034,203.584545,70.0,0.27878189314553736,0.1569004788884856
0.130034,-0.512313,4.491422,0.890174,90.823987,70.0,4.472102032738144,0.8723061994451518
-0.445713,0.902531,-0.203938,1.064929,129.069259,70.0,-0.22030507065730784,1.0754016015917298
0.831736,0.989491,-0.706598,0.624716,125.576818,70.0,-0.7062377664089146,0.6062284619572961
0.370335,0.219082,0.198312,0.086666,233.775668,70.0,0.20670990682928725,0.09761369985876536
0.106671,0.820881,3.062802,-4.20202,177.434533,70.0,3.046180380123929,-4.220487976994294
0.553912,-0.403339,0.420076,-0.219793,193.992028,70.0,0.40226125178364364,-0.22989648175402802
-0.926464,0.913686,0.804462,0.952827,125.745372,70.0,0.7844887705311498,0.9400950381291293
0.327391,0.467787,-0.150903,-0.023703,174.189206,70.0,-0.15326775510020785,-0.009130923549597578
0.092104,-0.01434,-0.054488,0.013372,366.619573,70.0,-0.053151796049200194,0.03263434406708761
0.995372,-0.782747,0.775674,-0.899167,130.669232,70.0,0.795206873539873,-0.9139797543329882
0.378725,-0.763691,0.516446,-0.535053,165.204433,70.0,0.5074538181740418,-0.5520048697704992
0.648672,0.238152,0.562069,0.137775,200.97783,70.0,0.5747823825565895,0.11886225372275366
0.616637,-0.176389,-0.497411,-0.094552,228.031025,70.0,-0.5065179057155632,-0.1104185897183679
-0.574102,-0.935635,-0.315931,0.060977,131.955648,70.0,-0.3099273303835146,0.06079982885320232
0.788433,-0.805233,-0.576668,-0.366589,135.547385,70.0,-0.595984707313081,-0.3859257542277086
0.454217,0.021326,-0.51645,-0.223333,222.285372,70.0,-0.5344228487671284,-0.24028508202554683
0.420062,-0.026048,-0.280413,-0.084286,287.493926,70.0,-0.28859431505769206,-0.08092736343469753
0.202929,0.631178,0.527426,-0.974028,184.075563,70.0,0.5471776617988298,-0.9915366864051107
0.206828,0.151021,-3.020286,0.196816,131.459303,70.0,-3.003630737924172,0.1803834186700461
0.213994,0.603524,-3.139923,11.307939,115.165365,70.0,-3.1401024528843293,11.28793969693173
-0.566885,0.364089,0.550335,0.338854,197.473976,70.0,0.5701827361158717,0.32035519272254814
-0.763804,0.74267,0.395939,0.096598,143.416139,70.0,0.40522758444468865,0.08864601926576895
0.051379,-0.481109,-1.681597,-1.403352,122.939323,70.0,-1.6949875827629612,-1.4138739199797783
0.005083,-0.576033,-2.558056,1.417284,98.416451,70.0,-2.5436638806754046,1.4367847370058706
0.619964,-0.269221,-0.49422,-0.377047,204.055768,70.0,-0.5132394027479914,-0.3927173127959556
-0.80292,-0.675275,0.520221,-0.220442,144.646475,70.0,0.5023768473939655,-0.23759115718255291
0.65222,-0.141882,0.980063,0.226164,172.135634,70.0,0.9981582349263752,0.2299004366547418
-0.611636,0.226398,0.724695,0.084585,203.672852,70.0,0.7329035898016019,0.06686251752985908
-0.922332,0.374075,0.193056,-0.185513,238.142435,70.0,0.17705276319831723,-0.17412926639404397
-0.915263,-0.822406,-0.779233,-0.734897,130.603446,70.0,-0.7690724647980406,-0.7494682908547408
-0.181953,-0.080807,0.23522,-0.026846,351.992374,70.0,0.23254345445683158,-0.019155442365109097
-0.127068,0.37192,-12.873904,2.985907,107.570233,70.0,-12.859860776292056,2.9865694667737834
0.863392,-0.964316,-0.839438,-0.855532,125.718006,70.0,-0.8212983156104547,-0.8653861602093025
0.736711,-0.094764,0.429785,0.032493,263.171308,70.0,0.4330200247075389,0.021563846336332577
-0.702811,-0.141672,-0.758586,0.15358,138.055568,70.0,-0.7446934781529674,0.13767452513945835
0.922376,0.37771,0.319141,-8.660686,147.22302,70.0,0.331699234953442,-8.661184121951077
0.172116,0.758446,-1.420209,-1.612383,173.262171,70.0,-1.439778192723126,-1.5987073095967295
-0.803675,0.636099,-0.776884,0.618733,148.586673,70.0,-0.775925813861708,0.6040018167170444
0.908588,0.639824,-0.881147,0.365683,144.209237,70.0,-0.8618070113939661,0.35964559184218187
-0.476419,0.818468,0.650366,0.391906,144.377225,70.0,0.6688737952184288,0.372027399710502
-0.006513,0.537324,13.213365,-30.557064,86.721854,70.0,13.195087566824983,-30.576976866453126
0.800679,-0.989111,-0.843229,-0.855963,125.758883,70.0,-0.8250712055505297,-0.8654855189450029
0.005417,-0.959971,-1.908336,-20.618547,98.593544,70.0,-1.919293510266255,-20.638410494696295
-0.230945,0.50909,1.753593,-3.257944,125.417751,70.0,1.7645828506230499,-3.2737828448718194
0.276046,-0.495518,-4.581181,-0.923599,77.802551,70.0,-4.561270036094906,-0.9357986721175088
-0.176937,0.22791,0.308854,-0.161097,286.015536,70.0,0.29443066565687576,-0.16056653567906012
0.489623,-0.900109,-0.257257,1.001018,124.26938,70.0,-0.2764063603689494,1.0066317691361586
-0.124677,0.561845,-0.072734,-0.349215,208.540974,70.0,-0.0924275596279301,-0.3305230464519855
0.923838,0.952588,-0.66988,0.509923,125.449443,70.0,-0.658719935066735,0.49035328712695214
0.142264,-0.973809,0.019977,-0.066107,268.422251,70.0,0.01348601770700191,-0.046206687209171
-0.802934,-0.910755,-0.749296,-0.737387,130.500879,70.0,-0.7389217838024501,-0.7538383233100552
0.94325,-0.794816,0.602196,-0.503162,130.825572,70.0,0.5904813640625468,-0.5229916457361663
-0.476806,0.325759,0.291737,0.000882,210.816038,70.0,0.29182519971411325,0.003119532414825825
-0.96633,0.895663,0.673963,1.016203,125.76843,70.0,0.6553065336414783,0.9967215975712583
-0.596864,0.507335,0.240534,0.005384,175.486614,70.0,0.24107233497382993,0.01258135842937147
0.778194,-0.891315,0.805829,-0.755362,130.594717,70.0,0.8176960495957386,-0.7679882428344315
-0.326871,0.286586,3.918256,1.392624,141.919669,70.0,3.9308308448319282,1.4073700987302304
0.657731,0.482009,0.594481,0.447632,172.666226,70.0,0.6101901212423362,0.42791756247257184
-0.882706,0.362568,-1.832021,0.281908,126.207355,70.0,-1.812280473028041,0.2626044379225043
-0.325838,-0.351772,0.718195,0.081253,163.770826,70.0,0.7260986221866763,0.06323868822798569
-0.226866,-0.940289,-0.112806,0.604087,142.787735,70.0,-0.11038877089406755,0.6209891511269353
0.554747,-0.370785,-0.500002,-0.265017,197.516606,70.0,-0.5194012908547248,-0.28103999200456636
0.223072,-0.833303,6.597813,-0.55198,71.280558,70.0,6.590363163103322,-0.5520268427033167
0.675528,-0.399809,0.441703,-0.30906,180.204546,70.0,0.4217095002746567,-0.3209672809273653
0.409843,0.229819,0.543371,0.124317,230.887395,70.0,0.5550174885501123,0.10609406255043348
0.570881,0.804176,0.18133,0.028998,147.449479,70.0,0.18421965069288485,0.04132574276384423
-0.213939,0.325215,0.345929,1.431115,141.788179,70.0,0.36124635381059433,1.4279513703990205
-0.106872,-0.191714,0.235245,0.003145,356.308216,70.0,0.23555948703879626,0.010833249791370084
-0.142341,-0.320141,9.933293,-4.686057,133.966773,70.0,9.953119906956774,-4.669539199966034
-0.602655,-0.828374,-0.709384,-0.679194,139.934079,70.0,-0.7043511431849784,-0.6975734673459559
-0.486861,-0.67808,1.429274,1.997861,148.194734,70.0,1.4185736740226456,2.0108614133575915
-0.483388,-0.306247,0.268261,0.002923,216.955343,70.0,0.2685532895943176,0.007472644321125713
0.90496,-0.329032,-1.254073,0.665546,165.316489,70.0,-1.25777428706661,0.68554435641975
-0.049008,0.32719,-0.637959,2.361806,101.429219,70.0,-0.6516988278552922,2.341829230163597
-0.925821,-0.271289,-0.108877,-0.150782,276.620467,70.0,-0.12256688891473763,-0.13367308087658322
0.450693,0.794368,-0.544682,0.071855,160.628633,70.0,-0.5376500876888941,0.05357843051901842
0.949905,-0.951977,-0.283687,0.070351,124.157478,70.0,-0.27679608244693127,0.07338645050642016
0.126183,0.761062,1.096074,0.791664,145.458623,70.0,1.0814958151069756,0.8055576874646192
-0.834976,0.560643,0.758318,0.579236,152.88219,70.0,0.7631771326955069,0.5633142919107456
0.720786,0.253973,1.678938,-0.688091,149.656535,70.0,1.6848266634734028,-0.6983858686859955
0.518707,-0.093557,-2.129684,21.817288,140.616927,70.0,-2.1144064154591113,21.810483535239065
-0.411728,0.093984,-0.205109,-0.021695,246.835102,70.0,-0.2072742478144752,-0.011322340189390106
-0.405403,0.394142,6.108529,1.021224,127.877564,70.0,6.090059317297604,1.0340702981399954
0.346796,0.606634,-7.428147,8.676823,90.430923,70.0,-7.439409824102676,8.693785323861679
-0.297179,-0.682524,-0.733468,-0.78968,85.238966,70.0,-0.719026356857542,-0.8069789824052958
0.810959,-0.215358,0.104287,-0.094708,198.302411,70.0,0.09516620814329158,-0.0773658947318553
0.485797,0.792008,-0.846595,0.635136,144.653315,70.0,-0.8472766149102202,0.6259108140028813
-0.716123,0.127115,-1.749164,0.236606,185.370527,70.0,-1.7306488806298934,0.2210414495306133
0.429547,-0.60466,-0.771686,-0.529944,153.124777,70.0,-0.7811315473159581,-0.545021747420899
-0.517059,-0.211301,-0.409906,-0.200538,230.985523,70.0,-0.4267644270355116,-0.20975111160306664
0.656479,-0.562754,0.636755,-0.454085,164.940107,70.0,0.6214533730032317,-0.4740672091347632
-0.20736,0.897819,12.143759,-2.425227,92.657925,70.0,12.15228205251449,-2.4355484918658643
-0.349974,-0.011415,1.623457,0.202558,244.22951,70.0,1.6404232487639157,0.19735257033504006
0.155302,0.156673,-24.323757,1.501967,129.390949,70.0,-24.304929725690712,1.4895870153211852
-0.798865,-0.517037,-0.199333,0.114093,158.265698,70.0,-0.18853253051335317,0.12495511203442589
0.152374,0.954418,-13.258889,2.104609,89.708441,70.0,-13.276697399159112,2.085630587883463
0.905358,0.34697,17.51548,-13.181294,81.713939,70.0,17.514141486721737,-13.162774557750353
-0.474193,0.245496,-0.342426,0.078985,231.129214,70.0,-0.3347312207403258,0.0761677277061479
0.057812,-0.359035,-2.853679,-13.964412,70.329677,70.0,-2.8666704438834287,-13.967029034818319
-0.297941,0.510624,-0.375478,-0.15198,237.52723,70.0,-0.3892549791612998,-0.15801625827109017
0.057499,0.392352,4.398259,4.168589,80.104092,70.0,4.416499573016951,4.148589000214402
0.252121,-0.59781,18.169298,0.361627,68.953755,70.0,18.188737342772956,0.3422976431807115
0.602227,-0.365609,0.554288,-0.310217,194.121203,70.0,0.5342918852382413,-0.3288624426569874
-0.784924,-0.222871,0.454429,-0.106735,232.9587,70.0,0.4442549852743268,-0.1196399724639833
0.199424,-0.272848,-0.098709,-0.217012,163.217071,70.0,-0.11639562855214444,-0.19939882101625567
0.248885,-0.988103,-1.552437,3.34241,97.611298,70.0,-1.5693104404511833,3.3442433553138664
0.958992,-0.224842,20.142613,1.540778,91.473178,70.0,20.162388147603497,1.5604473109233936
-0.914742,-0.071336,0.748541,0.198019,227.395007,70.0,0.7652625620072926,0.1815248594717791
-0.941065,-0.478584,0.500683,-0.232332,153.267562,70.0,0.48233370502169803,-0.24839565444785064
0.435243,-0.876033,1.559717,-0.501381,139.947935,70.0,1.5478584795165946,-0.5002736339018117
0.515504,0.067393,-0.431624,0.155551,249.136105,70.0,-0.41759036705247926,0.14446829671532363
0.677607,0.540015,0.653819,0.528466,164.953645,70.0,0.6633945665196841,0.5086283483651138
0.028171,-0.526722,6.274938,-8.488224,110.58759,70.0,6.2949292276851665,-8.468241002109451
-0.622363,-0.058604,-0.402472,-0.017893,260.568234,70.0,-0.4042589140329705,-0.02644007359391801
-0.953353,0.992594,-0.856435,0.978885,120.801114,70.0,-0.8761045429223299,0.9705436941255049
0.526903,-0.337797,0.528098,-0.322491,207.255543,70.0,0.5081153519408693,-0.3400320677640843
0.650896,-0.383453,-0.175831,0.024668,184.620481,70.0,-0.17337044971525492,0.03742404382005672
-0.694854,-0.40422,-0.365856,-0.091947,179.612124,70.0,-0.3747302127493666,-0.09705929787779496
0.275358,-0.051513,-0.208174,0.006541,283.437747,70.0,-0.20752001659984665,0.016650395481413637
0.228132,0.211845,-18.56483,1.097137,121.779525,70.0,-18.579142245975362,1.1000697214041553
0.471932,-0.233441,-0.411781,-0.136007,233.77338,70.0,-0.4243574047735697,-0.14538612535293724
0.564587,-0.978048,1.052632,-0.73715,130.767922,70.0,1.062985946609064,-0.7266831122673336
-0.058395,0.561735,0.568817,17.052647,112.657325,70.0,0.5602939883989928,17.033525598801685
-0.914466,0.567682,0.057639,-0.190802,142.567525,70.0,0.04132416984331415,-0.17162683083984168
-0.969445,0.531304,-0.793781,0.382315,148.728686,70.0,-0.7749311059543887,0.36877786751785596
-0.368261,0.641805,0.166063,-0.028457,181.746656,70.0,0.16322689216132438,-0.014964134435781234
0.821526,-0.612703,0.698199,-0.360603,148.747388,70.0,0.6787358361728634,-0.3793945495834712
0.307613,0.050203,0.757558,0.11234,269.863918,70.0,0.7682105152670394,0.09637241296974447
-0.235303,-0.738307,-13.758002,-7.813517,87.735211,70.0,-13.777594047817722,-7.79456416671246
-0.723151,0.002582,-1.302321,0.00362,181.364447,70.0,-1.3019590197654796,0.023100509071397907
-0.611415,-0.050926,-0.324949,-0.044764,289.304473,70.0,-0.3293881190005142,-0.04584245015552848
0.078901,0.09042,-0.101374,-0.042671,373.359746,70.0,-0.1056088002839092,-0.025185635503165653
-0.310812,0.176207,18.441638,-13.006477,132.707634,70.0,18.425474335017785,-13.01551320166834
-0.493302,-0.932748,-3.474393,0.141285,114.183883,70.0,-3.4614106306465433,0.14314641028245464
-0.693572,-0.858272,0.735927,-0.759187,135.287118,70.0,0.7480997512163404,-0.7763612707469307
-0.98311,0.866858,0.483913,0.927117,125.883025,70.0,0.46397195952269044,0.9121076563823755
-0.710584,-0.780163,-0.529684,-0.364455,140.097807,70.0,-0.5490549106597529,-0.3820717057508537
-0.201862,-0.68727,-23.562654,26.259921,76.719452,70.0,-23.574714479354228,26.259991909659092
-0.943062,-0.048559,-8.345466,0.328659,101.004717,70.0,-8.325518537558413,0.3160183867201261
-0.124027,-0.519948,-0.059614,0.186115,217.306695,70.0,-0.043574728742262855,0.2052331012700897
-0.758661,-0.820263,0.607448,-0.425273,135.487042,70.0,0.5904559871134754,-0.445164204018271
-0.156596,0.091812,1.324384,0.528654,255.881928,70.0,1.333943057098101,0.5475175174870333
-0.91421,0.869274,-0.68098,0.37685,130.208195,70.0,-0.6619545136100584,0.3575393112039773
-0.118024,0.373332,1.734225,1.853905,135.544569,70.0,1.7373176004501225,1.839321120142102
0.586448,0.43297,0.27209,0.037069,186.5344,70.0,0.2757757127116133,0.0412449721129952
0.921189,0.425618,-0.614406,0.577597,153.035335,70.0,-0.6093880431590274,0.5576453701179245
-0.635784,0.37515,-0.254554,0.049215,187.818265,70.0,-0.24968201835880025,0.0550876822054519
-0.848293,0.74154,-0.807822,0.677708,139.780336,70.0,-0.8127109011425186,0.6652369444005969
-0.941404,-0.176165,2.799004,0.21061,123.287489,70.0,2.816382735606761,0.21344337453765758
-0.81145,-0.03938,1.885266,-0.009618,155.893086,70.0,1.884304570674626,-0.0296179759117471
0.136763,0.584092,1.250723,-0.883149,143.734038,70.0,1.2698494575793002,-0.8631577433935349
0.827878,0.1535,2.310118,-0.350862,150.721065,70.0,2.2904538286108793,-0.3403228669171141
-0.12798,-0.951579,-0.390034,0.098598,252.796193,70.0,-0.3805687608846441,0.09119122501694073
0.818778,-0.804012,-0.780725,-0.736797,135.240203,70.0,-0.7704012709060277,-0.7512656877547298
0.966614,-0.117445,4.857469,-0.435623,120.72874,70.0,4.841045377711157,-0.42235430274484925
0.099583,-0.301186,16.705678,14.50172,127.350084,70.0,16.70069177529089,14.496266261762113
-0.030451,0.207238,-0.303797,-0.74679,266.533022,70.0,-0.2926306341949137,-0.7457542370119782
-0.959019,-0.231138,-4.72693,-0.83896,89.0734,70.0,-4.7095497071209245,-0.8375071787713328
-0.739871,0.994054,1.040407,0.838995,125.888611,70.0,1.0230249756347853,0.8484012706033552
-0.932921,0.393798,4.50154,1.107193,90.136842,70.0,4.4879479548211565,1.0898024491114429
0.564643,-0.037397,0.394258,-1.099085,192.174041,70.0,0.4084335018958118,-1.1068824599593998
-0.531638,0.76541,-0.287376,0.248337,148.24704,70.0,-0.2684494012343326,0.2510073283793619
0.24489,-0.138053,0.377421,-0.045189,303.302657,70.0,0.3729404511438791,-0.05141020974634533
-0.264841,0.823727,0.131259,-0.37299,165.410474,70.0,0.11211804278893427,-0.3571448319575694
0.38206,-0.723177,0.745409,-0.79796,140.155299,70.0,0.7604109215491736,-0.8146292443038259
-0.439311,0.501991,-0.241685,0.071348,172.088734,70.0,-0.2347005731375818,0.07843785115916503
0.961372,-0.224848,-4.59914,-1.051825,94.25181,70.0,-4.582055479626343,-1.0625543366164854
0.986661,0.815609,0.808556,0.457551,130.462475,70.0,0.8236321530669217,0.4451374110015027
-0.056914,-0.552946,-2.206282,1.088245,84.051512,70.0,-2.2212010024108806,1.088961560858029
0.633586,0.676138,-0.676343,0.571214,152.811684,70.0,-0.6707098203304246,0.5517878222896149
-0.152572,-0.27031,-8.136798,-17.278602,136.665637,70.0,-8.116798006209025,-17.29835690789218
0.901486,-0.721088,0.658297,-0.367438,139.571946,70.0,0.6390024690438239,-0.3872137431951569
0.668999,-0.134178,-3.305725,-0.253041,155.355376,70.0,-3.324798384288253,-0.2666757447064947
0.876206,0.401948,-0.852496,-0.252671,174.7368,70.0,-0.87155821994044,-0.26136867147921455
-0.463032,-0.170442,-0.330748,-0.079874,247.008998,70.0,-0.3385247599328149,-0.08153097203933053
-0.613037,0.680453,0.572866,0.459814,152.90542,70.0,0.5877924905261399,0.44057783364229564
0.380528,-0.461961,-15.845883,-0.548356,108.203665,70.0,-15.853667915560097,-0.5637860284109371
-0.18316,-0.36685,-0.371947,-0.957919,126.582859,70.0,-0.35200657809155367,-0.9636177010868855
0.347612,0.309527,0.482102,0.130658,237.423405,70.0,0.49425804482824415,0.11576896046084431
0.217645,-0.036895,-0.175701,0.007212,343.94652,70.0,-0.17497995628873508,0.01997805372738158
-0.101761,-0.304528,0.235549,0.01146,217.786977,70.0,0.2366943729945509,0.019120176813042206
-0.19531,-0.577157,15.8576,-9.297863,102.282903,70.0,15.84574329705286,-9.312521514976222
-0.280217,0.390831,-3.29615,1.874706,102.608477,70.0,-3.295125489376568,1.860386641157203
0.70272,0.609738,0.703251,0.596813,156.935756,70.0,0.706388539087098,0.5782003751579862
-0.129027,-0.563476,2.919289,5.99357,228.283465,70.0,2.899439412558943,5.984703978116903
-0.348939,-0.617497,-4.921839,-1.399585,103.47145,70.0,-4.934947416765904,-1.3822639664794245
-0.267457,0.850724,1.607332,0.087225,182.602386,70.0,1.6157806072655057,0.08359171956700819
0.111732,-0.118303,-0.122332,-0.001042,335.661885,70.0,-0.1224361995285981,0.015331918579753545
-0.311032,0.484884,-12.278772,-5.779006,114.63815,70.0,-12.267139968501894,-5.77635773539066
-0.554156,0.305828,-0.111463,-0.058022,208.209969,70.0,-0.11718415260401838,-0.04104843419566739
0.054406,0.408668,4.290051,20.695453,108.05042,70.0,4.293932071005489,20.6783080216028
0.47874,0.179532,-0.295032,0.069877,244.201954,70.0,-0.28818559943145583,0.07178681213833103
-0.612024,-0.288569,-0.388708,-0.244952,200.892056,70.0,-0.40752248930091595,-0.2522354413847811
0.024382,-0.209122,0.432322,0.246118,258.731534,70.0,0.4511757167627818,0.23497726094339044
-0.713781,-0.515983,-0.616845,-0.544732,164.965724,70.0,-0.6249624382378707,-0.5646990985480549
-0.129101,0.19296,0.234518,0.13275,276.127565,70.0,0.246839500098509,0.14050531268677502
-0.914248,0.230438,-1.250377,-0.271591,111.535656,70.0,-1.2699256932987084,-0.251600796292463
0.978481,-0.666698,2.366598,-0.20501,125.259574,70.0,2.3495031971329996,-0.19015168561106927
0.81078,0.774449,0.598464,0.392307,139.506994,70.0,0.6169565594510982,0.37252940980660987
0.158646,0.361775,0.081371,0.086887,253.459382,70.0,0.08978895905115288,0.10525439822915508
0.352837,0.126728,0.728072,-0.009323,254.043413,70.0,0.72714003760481,-0.026886457212744526
-0.090617,-0.999037,0.171519,-0.313962,156.467605,70.0,0.15151900972840468,-0.3008768361817119
-0.82219,-0.553507,0.455659,-0.077343,153.424018,70.0,0.44811603914042897,-0.09034169645953541
-0.794544,0.101198,0.90262,-0.189403,155.603623,70.0,0.8863864888101812,-0.19336244868148186
0.828782,-0.655533,-0.366899,-0.027709,145.090296,70.0,-0.36966104406339995,-0.03292206292015522
0.455731,-0.532409,0.403284,-0.493392,172.85551,70.0,0.39079179030649297,-0.5020124146126768
-0.192459,-0.66173,-0.218976,0.050917,274.493088,70.0,-0.21393912386686575,0.060080062756221034
0.309359,-0.611462,1.408683,-0.474942,159.757346,70.0,1.3948051223292477,-0.4604484449737642
-0.842705,0.66395,0.813156,0.605352,144.266137,70.0,0.8154476089147327,0.5933023320877352
-0.988816,0.972641,-0.8349,0.95952,120.818547,70.0,-0.854827434744836,0.9492735158490204
-0.819668,-0.156265,0.998531,-0.065931,163.602891,70.0,0.9920566675098357,-0.06039877403238525
-0.342481,-0.079248,0.282664,-0.062144,252.571206,70.0,0.27654911525033354,-0.05900747474252451
0.082942,0.005993,0.02913,0.004987,360.282971,70.0,0.029628648323467864,0.024775235535331626
0.728683,0.973887,-0.813961,0.473279,126.050383,70.0,-0.7999638546088039,0.46129367909922714
0.117701,0.206861,10.754255,16.457143,109.031082,70.0,10.765618822567316,16.438454818776037
0.706036,0.347778,-0.474896,0.467494,183.791323,70.0,-0.460491554660034,0.4530956468425063
-0.889447,-0.934129,0.863721,-0.940327,125.74087,70.0,0.8837198435302042,-0.9480007104529823
0.085497,0.945853,-17.827079,-34.879584,71.151931,70.0,-17.8070946223768,-34.8717957137042
0.958673,0.42164,-0.655603,0.19464,160.977097,70.0,-0.6390691910932075,0.17482582210214964
0.502808,0.686491,-0.309681,-0.052578,160.096615,70.0,-0.3148784468292151,-0.05213021088440882
-0.142705,-0.448595,-1.415271,-0.844911,122.585084,70.0,-1.3976039965415081,-0.8308791963598462
0.469264,0.91287,-5.16092,2.215005,87.844303,70.0,-5.180856909041442,2.230658320831259
0.610036,0.87113,-0.715503,0.322484,135.639224,70.0,-0.6955203228004713,0.3043543805952801
-0.912161,-0.687063,-0.909204,-0.684487,139.832622,70.0,-0.9036606981595374,-0.6877990512807006
0.530687,-0.738216,-0.651623,-0.345788,152.719515,70.0,-0.6713734265778919,-0.3656523789811475
0.80944,0.258407,0.411281,0.00572,194.23998,70.0,0.41185292202433577,-0.003614935019820441
-0.954801,0.652507,-0.202048,0.296388,152.742237,70.0,-0.18212690253338445,0.3070211493283202
0.6904,-0.445876,-0.001853,0.122304,174.468695,70.0,0.009629253256630057,0.14230314160389043
0.154113,0.180523,-0.017041,-0.025467,365.809501,70.0,-0.0195808234591149,-0.005539555009184002
0.046074,0.368907,0.932942,-0.35996,151.850536,70.0,0.9134641389636025,-0.3609132183556942
0.217251,-0.666628,-11.228216,-2.473797,124.2043,70.0,-11.22429387234455,-2.4554354061379433
-0.025173,0.91583,-0.346193,-0.323077,162.271263,70.0,-0.3661731217959494,-0.3262666944627431
0.360637,-0.769503,-0.002748,-0.094339,171.299832,70.0,-0.011835936846545643,-0.07434088784629955
0.955126,0.802347,0.813468,0.796016,130.621888,70.0,0.7985953474320049,0.7839912484398629
-0.956669,-0.734239,0.941664,-0.726509,135.288627,70.0,0.9510933192230873,-0.7265903793831323
-0.350565,0.059678,0.125336,-0.004712,295.52472,70.0,0.12486484359057023,0.011487580242363574
-0.99655,0.975881,-0.852164,1.020212,120.8046,70.0,-0.870672270117457,1.0114844443600892
-0.371429,-0.607246,0.631936,0.054714,160.72914,70.0,0.6373394078349889,0.034717271431812184
0.018558,-0.103853,-0.006887,0.061776,376.137419,70.0,-0.0008071633652918389,0.0817641434794109
0.540032,0.320298,0.410538,0.168155,207.335408,70.0,0.4254412035996696,0.1588858394982695
-0.747242,-0.898107,-0.767358,-0.622142,130.674081,70.0,-0.76797555489658,-0.6375005461813817
-0.48378,-0.88345,-17.574098,1.801591,95.014116,70.0,-17.56600085038648,1.8215025091386214
-0.136817,0.514248,2.04878,1.49047,100.038484,70.0,2.0671884876009927,1.4768127427674569
0.966625,0.068541,0.320481,0.012686,188.152177,70.0,0.3217487494976601,0.012053931798923598
-0.036419,-0.096309,-0.022399,-0.047917,379.064907,70.0,-0.027144990014199493,-0.028042297751852015
-0.668716,0.887867,0.651213,0.771442,135.261041,70.0,0.6380913310832794,0.7515728961495238
0.387085,-0.262878,-12.677989,1.945363,102.793399,70.0,-12.683938313001754,1.962328342189691
-0.198739,-0.206158,-18.531911,-3.812307,98.865462,70.0,-18.536118901805153,-3.8126555479724034
-0.890942,-0.062832,-0.516121,-0.028295,220.117984,70.0,-0.5189410706182466,-0.04522960139823891
-0.024691,-0.976912,1.592031,-1.176138,123.175665,70.0,1.5998653091533481,-1.1782574800039654
-0.960003,-0.772295,-0.224412,0.020402,131.975158,70.0,-0.2223753365599212,0.02907854632493119
0.040284,-0.94409,-9.837478,41.723887,73.364576,70.0,-9.81835056334504,41.733347197553876
0.674857,0.313252,0.492713,0.448872,194.200459,70.0,0.508345074045426,0.4332957719365277
0.820992,0.41352,0.581776,0.211509,165.287015,70.0,0.5991990534747355,0.1920481122127713
0.027426,0.942932,-5.499107,-20.559731,62.530288,70.0,-5.514443791800247,-20.573966154927003
-0.145768,0.085138,-0.165951,-0.022465,373.514786,70.0,-0.16819277899945748,-0.008963869339986563
0.922132,0.269273,0.680114,1.1973,159.915655,70.0,0.6742669611601622,1.1779669524579435
-0.326694,-0.74423,-17.871121,14.752299,83.112863,70.0,-17.891077544985166,14.755875373201878
-0.273128,-0.459646,11.536727,2.662914,73.833163,70.0,11.550333403324863,2.6713572426921286
0.721644,0.662632,-0.170575,-0.096088,151.212538,70.0,-0.1798183881718938,-0.08293159019777968
0.84819,-0.471183,-0.664301,-0.460632,161.128824,70.0,-0.6791729212059918,-0.4803091876318676
0.827149,-0.11125,-11.853659,0.428782,105.551406,70.0,-11.836854666821374,0.41053628485121346
0.214995,-0.585622,0.068809,1.288369,112.88542,70.0,0.07196889752186343,1.3071969600248412
-0.55486,0.461636,0.622967,0.349877,183.718004,70.0,0.6426489076421443,0.32988415929308657
0.711964,-0.017783,2.232033,-0.018528,109.254153,70.0,2.230182849036993,-0.015251028230434742
-0.871409,0.225449,-26.43734,5.733713,91.865522,70.0,-26.445021967988076,5.75314066930803
-0.875837,-0.199409,-1.433815,-0.639922,120.059903,70.0,-1.4326553039192893,-0.6272699859133919
0.527815,0.989177,1.13181,0.643012,130.748387,70.0,1.1303419745031325,0.659241374913547
-0.901711,0.945006,0.840469,0.882169,125.721869,70.0,0.8213714185359368,0.8724046873990011
0.715902,0.167114,-15.628565,5.483161,112.273249,70.0,-15.613427361382344,5.464716430980226
0.690843,0.995811,-1.086973,0.658372,125.985222,70.0,-1.0899670494305636,0.6715968826913358
0.596894,-0.010079,0.399171,0.009771,243.695898,70.0,0.4001477113542087,0.001523515308077733
0.606713,-0.968934,0.878588,-0.827224,130.665215,70.0,0.8953580302248737,-0.8335048693110583
-0.878348,-0.38739,-3.934398,-1.19912,95.157873,70.0,-3.928725249418186,-1.185511209565223
-0.866868,0.544727,0.739084,0.596004,152.92055,70.0,0.7423014115097885,0.578993644445503
-0.768643,-0.586126,-0.22003,0.030365,155.674754,70.0,-0.21700515220343955,0.039434248704382266
0.973674,0.539767,-0.903414,0.622759,144.514571,70.0,-0.9028581185238121,0.6188774107987516
-0.134518,-0.84548,0.53044,-14.721845,102.55349,70.0,0.5499657634149384,-14.739497370576068
0.018868,-0.890771,6.451926,-8.861819,129.927613,70.0,6.445505759949819,-8.848524990085103
0.808412,0.98057,-0.8769,0.910116,125.766058,70.0,-0.8966387492943266,0.9036750961219787
0.436431,-0.903405,-7.223784,-5.785886,104.642112,70.0,-7.211599290670964,-5.786073907561011
0.47856,-0.840946,-4.786431,2.099797,121.136372,70.0,-4.804015252738608,2.10703322608329
0.220171,0.415805,0.737346,0.484462,171.278784,70.0,0.7505229039444348,0.4673608784029708
0.427068,-0.26566,0.11965,0.08447,230.027204,70.0,0.1278481016833256,0.10099644949877853
-0.946316,-0.726987,0.811176,-0.704801,135.305632,70.0,0.8186391929754097,-0.7170081048621717
-0.462471,-0.744723,-0.279977,-0.116742,149.630278,70.0,-0.29099946869160576,-0.11334039063009935
-0.551736,0.97266,-1.019453,0.726341,130.751039,70.0,-1.0288675002426033,0.733849884580704
-0.498489,-0.108515,0.330901,-0.11837,249.434139,70.0,0.3197430537956055,-0.12004221895381348
0.188731,0.004866,0.085016,-0.002089,367.569801,70.0,0.08480710379840885,0.016131114887524108
-0.215169,-0.346918,0.357262,0.195137,253.116311,70.0,0.37382372188129354,0.19086001506545017
-0.654357,0.224138,0.367275,0.220994,197.488788,70.0,0.3851440143342962,0.21574464605125512
-0.916396,0.133924,-13.417713,1.058522,86.581036,70.0,-13.43443983010892,1.049720592347549
0.864292,0.156855,-0.376063,-0.049651,250.836376,70.0,-0.3809772566252235,-0.05574300434917949
0.266427,-0.163858,0.13313,0.034975,342.688466,70.0,0.13660970090832666,0.050705310609684674
0.044076,0.782388,-8.525119,-16.015001,61.51798,70.0,-8.505131677719566,-16.010751752544913
-0.412903,0.339806,0.382409,0.032685,222.635978,70.0,0.38566297037997904,0.025991719513184568
-0.885717,-0.241766,-1.190325,0.214866,185.377762,70.0,-1.1727395757513868,0.23377671170944728
0.646714,-0.670025,-0.672315,-0.56373,152.809118,70.0,-0.678662169312949,-0.5832480260342956
0.892733,0.165741,-0.213363,0.078655,238.719691,70.0,-0.20569869103995914,0.08831331345337952
-0.393112,0.974305,0.051119,1.645488,208.953637,70.0,0.06974042348249984,1.664838260767816
-0.856974,0.839312,-0.523173,0.290346,131.03372,70.0,-0.5033146004964075,0.27304681993745433
0.312294,0.721399,2.215008,-6.204191,93.927591,70.0,2.222703638327679,-6.202603357923351
0.555682,-0.65844,-0.10258,0.132536,159.34439,70.0,-0.09027536346408957,0.1499625025145213
-0.408847,0.501221,-11.47585,2.195807,114.037312,70.0,-11.495847264582025,2.2092959199189948
0.01878,-0.369705,-1.454045,0.446949,151.397397,70.0,-1.4382936983815124,0.45797224692951793
0.375662,-0.245955,-0.367295,0.3135,208.758098,70.0,-0.347295108657605,0.30824871619594624
0.238302,-0.862724,18.431051,2.107463,80.758301,70.0,18.41311452148858,2.0974954153934013
0.199038,-0.767983,1.188455,-0.822027,92.609437,70.0,1.204936216527998,-0.8031779860147024
0.512354,-0.867414,0.109796,-1.046538,152.205676,70.0,0.12714939139388387,-1.029476855610853
-0.620092,0.113761,-7.027154,-0.208647,149.277915,70.0,-7.044434746685919,-0.22539539934977337
-0.019313,-0.586511,24.521265,-0.303972,78.0148,70.0,24.501290939484793,-0.32390112611467015
0.514947,0.717026,-0.42391,0.441815,153.089038,70.0,-0.407847549247985,0.4313825140180473
-0.93787,-0.78415,0.126208,0.147124,133.306193,70.0,0.139628939235774,0.16327228721786213
0.790659,0.602793,-0.684025,0.62469,152.828333,70.0,-0.6836621668337468,0.6054608000507015
-0.855208,0.515245,-0.36314,0.186811,156.515859,70.0,-0.3470592487896191,0.1819617425311146
-0.281078,-0.085166,-0.318564,0.134989,274.77069,70.0,-0.30606691246199497,0.13454856214306934
0.622107,-0.240828,0.349541,-0.032519,207.646252,70.0,0.34630340955773503,-0.036038746809415614
0.406361,-0.287552,0.154689,0.036092,228.963283,70.0,0.15827864245134435,0.050402164567416335
-0.894176,-0.40961,-0.768119,-0.60759,135.775569,70.0,-0.7701881440357113,-0.6228996902527524
-0.317824,0.329446,0.301257,0.336426,124.477525,70.0,0.3211331761130978,0.3377153317970447
-0.995087,-0.434919,0.606878,-1.482427,139.193821,70.0,0.5887987286649444,-1.5023121859313646
0.312871,0.418239,-5.494349,1.26889,73.971297,70.0,-5.4931244724951105,1.254993055476842
-0.65096,-0.686662,0.688088,-0.424649,152.706893,70.0,0.6710631584548206,-0.44376252973684727
-0.729995,0.977306,0.885766,0.581857,125.965657,70.0,0.8903704759854515,0.5762615146281718
-0.425197,-0.278393,0.583764,-0.122927,216.259238,70.0,0.5722307927689749,-0.14243277247603905
-0.955597,-0.716309,0.707913,-0.688194,135.354016,70.0,0.7138115061143828,-0.7066309741109347
0.997601,0.677278,18.435618,-8.471264,111.994277,70.0,18.455587558492734,-8.480833080156234
-0.993635,-0.028011,-0.340137,-0.009883,282.349569,70.0,-0.3411248978369923,-0.01247347508818067
-0.780991,-0.11544,-1.131548,0.172885,143.692773,70.0,-1.1163335566046633,0.1890990498218211
-0.199351,-0.483965,0.320668,0.424608,228.114648,70.0,0.3376949927576064,0.4239572414188159
0.00261,-0.128888,6.380567,4.564445,186.515995,70.0,6.365793852069881,4.582120671932678
-0.220136,0.169436,-0.386627,0.350229,234.112239,70.0,-0.3669513757966041,0.3431397595051678
-0.294346,0.920443,-0.482383,-0.0904,131.442015,70.0,-0.49111831114369126,-0.10530778653319142
-0.114119,-0.004534,-0.105558,-0.003562,373.692231,70.0,-0.10591418116942351,0.013716443825444645
-0.207494,0.647034,-7.880583,-13.034573,80.578197,70.0,-7.894938211303759,-13.037225300205801
0.697534,-0.546025,0.380823,-0.119885,164.39752,70.0,0.3695396437579969,-0.12642861687141976
0.963862,-0.373134,-9.533061,33.36379,89.280749,70.0,-9.53924856926566,33.346650395611434
0.728739,-0.078215,-0.94158,0.138438,155.417585,70.0,-0.9288155063360538,0.13834822069382988
-0.55155,0.101064,0.579436,0.058867,244.636573,70.0,0.5852380702491936,0.03946140755571732
0.575414,0.984505,0.912666,0.755734,130.702014,70.0,0.9007690270787522,0.7527638477306707
0.571364,0.921608,-0.735514,0.578779,135.333912,70.0,-0.7306105493305927,0.5615836014564486
-0.535455,0.609343,-0.419164,0.273659,165.268172,70.0,-0.3995726684903839,0.26363433020950994
-0.776542,0.659257,-0.751811,0.670863,148.567396,70.0,-0.7560334332608344,0.6545559939903678
0.136127,-0.114649,-0.089013,0.037389,372.38225,70.0,-0.0852958400921389,0.055440653674543344
-0.906967,0.610795,0.323714,0.657845,144.41799,70.0,0.32077206703180045,0.6568898899444041
-0.36212,-0.158328,0.559566,0.029307,219.648947,70.0,0.5624862230090253,0.010477136029223948
0.983557,0.641087,-0.65332,0.794435,130.816684,70.0,-0.6680864851487522,0.7745910649741836
0.752278,-0.455781,-0.505489,-0.472845,168.879187,70.0,-0.5195171122812927,-0.48919029837351874
-0.305482,-0.243139,0.017612,-0.052282,336.120263,70.0,0.012443141884821124,-0.032359495537904
-0.444065,0.607518,0.172039,0.069263,175.658067,70.0,0.17882767797404558,0.08230879352921514
0.551025,-0.927784,-0.883677,-0.689381,135.431681,70.0,-0.8776651781754481,-0.6951767342472907
0.739438,-0.267772,0.330173,-0.127313,187.277521,70.0,0.31828426550731936,-0.1289126629469741
-0.44585,0.598228,0.268452,0.315455,176.17876,70.0,0.28845158026940315,0.3199860430085681
0.423849,-0.374313,0.457662,0.161105,206.644078,70.0,0.472085888540826,0.14795473197859002
0.929293,0.626905,2.039717,0.895172,130.049626,70.0,2.020273856152975,0.8808668948136096
0.391359,-0.431381,0.047812,-0.028544,164.482163,70.0,0.04496728034729523,-0.0091127802769824
-0.226946,-0.285517,5.020938,3.695773,178.899585,70.0,5.013692809787093,3.7157651318016325
-0.68643,-0.835985,-0.259053,0.035503,138.42021,70.0,-0.25552131656816335,0.040944165217953576
-0.396204,-0.997138,13.919784,14.216791,90.505626,70.0,13.938219827165758,14.234494915867284
-0.905255,-0.616622,-0.972852,-1.214187,140.2251,70.0,-0.9686387951966023,-1.2111612424018792
0.426849,0.046398,-0.529346,0.28593,221.429467,70.0,-0.5095448923273553,0.2683293210914369
-0.182844,0.933089,16.914876,0.540016,62.883953,70.0,16.9234221510619,0.5206309497757333
0.422364,0.677664,3.990636,0.944225,106.288002,70.0,3.9706367631755333,0.9532322668869513
-0.499518,0.608608,-0.628647,-0.135054,157.548162,70.0,-0.6411491616964887,-0.15505397302698876
0.869628,-0.160873,-2.02043,0.081796,176.55967,70.0,-2.012476526848984,0.06621155049556168
0.202306,0.155911,0.271416,0.044968,338.993048,70.0,0.27587500784439034,0.04920986268894444
0.401985,0.162687,-0.535313,0.040382,258.890701,70.0,-0.5313021821112421,0.0225058167047049
0.27572,0.032472,0.453759,-0.051901,283.173473,70.0,0.44862695685246134,-0.06475471397902463
-0.241499,-0.878841,11.493833,-5.043507,82.892162,70.0,11.492139156063342,-5.031398510390189
-0.675014,-0.966093,-0.538188,-0.483123,130.309674,70.0,-0.551465337975581,-0.5011262605755965
0.867263,0.095258,-1.717259,-0.047862,129.981033,70.0,-1.7219996469338512,-0.06123383420363623
-0.993443,-0.791259,-0.82167,-0.866419,130.665216,70.0,-0.8030988889578776,-0.877778427461771
-0.697949,-0.42234,0.551054,-0.498261,176.427187,70.0,0.5389456924588528,-0.5167870177500269
-0.264291,0.062412,0.338929,0.027423,325.407105,70.0,0.3416627152946824,0.02495235385508026
0.9533,0.11304,2.820293,0.215664,124.996765,70.0,2.837916294619741,0.2163778871436973
-0.139181,0.783998,-0.647956,1.385484,120.664815,70.0,-0.6359442658854917,1.3655803301213727
0.646628,-0.125369,0.032019,0.06396,235.545032,70.0,0.03830653414484871,0.08370424287382316
0.914877,0.333657,0.409404,0.0499,186.672265,70.0,0.4143423894427672,0.040731473836429326
-0.219743,0.775439,-1.350273,0.02941,110.734736,70.0,-1.3473425877643568,0.047257824055667766
0.806492,0.704748,-0.744621,0.637474,144.21407,70.0,-0.7455362271969559,0.6207613421675481
0.702733,0.837548,-0.431854,0.097493,136.031166,70.0,-0.4224862467080586,0.08639115823375765
0.67291,-0.403758,0.50992,-0.399961,180.111309,70.0,0.4917324288365945,-0.41655760790699864
0.039101,-0.82875,-0.055446,-0.104579,169.130053,70.0,-0.06543380777357209,-0.08534265489120851
-0.803461,0.225412,0.325418,0.141159,119.284239,70.0,0.33839078211737394,0.1400337210863237
0.505911,0.841479,0.320317,0.439055,140.071218,70.0,0.3365423607234994,0.4384393238175826
0.729783,-0.536644,-0.55245,-0.374047,161.116644,70.0,-0.5715600444403982,-0.39262516516316015
0.617602,0.045123,-2.572789,-0.315816,213.397825,70.0,-2.592788313811506,-0.2966949900786101
0.3794,0.569941,0.025592,1.026474,164.905034,70.0,0.007330066408038089,1.0463104856788208
0.991967,-0.004197,1.550537,-0.000872,166.550163,70.0,1.5504498002762725,0.0011504697713565657
-0.53322,0.174193,0.553634,0.176312,222.474631,70.0,0.5690686379289178,0.15769031594459365
-0.331768,-0.027378,-0.011688,0.005658,331.612297,70.0,-0.011122275467542643,0.025623857382744003
-0.13367,-0.583863,10.591387,18.995562,74.359396,70.0,10.604724845645286,18.977554276999058
-0.983613,0.418809,0.693506,0.261691,176.367294,70.0,0.7128217084063474,0.24274397985594254
0.92861,-0.855521,0.811133,-0.521695,130.398831,70.0,0.8009685837284484,-0.5339055107296184
-0.748364,0.242581,-0.34125,-0.007196,193.787181,70.0,-0.34196944474910546,-0.00989679685048299
-0.933397,0.393183,8.883018,-28.271809,98.013099,70.0,8.882765518475884,-28.25365304102587
0.219185,-0.156485,-0.008549,0.081589,304.794077,70.0,-0.0006145239129647425,0.10157073143159923
-0.050098,-0.001776,0.051365,0.001795,333.201852,70.0,0.051544497590203506,0.021139026732240482
0.151237,-0.155603,0.001615,0.06261,365.69245,70.0,0.00777423660850694,0.08260934794729313
0.774235,0.562711,0.671056,0.619334,156.970999,70.0,0.6719541509158599,0.5997888879260003
-0.516516,0.90908,-0.150593,-0.093253,139.286862,70.0,-0.15958406253271856,-0.07865970806613536
0.902513,0.543413,0.479468,0.089618,149.273024,70.0,0.4881328977558559,0.07490611246300288
-0.862624,-0.129735,1.713802,0.174072,138.857356,70.0,1.7290932205009797,0.1609592232914496
-0.451778,0.961645,-0.095708,0.254056,105.379031,70.0,-0.07660432446423852,0.2718093634955407
0.364457,-0.569749,-0.152339,-0.550505,177.699992,70.0,-0.15992551828726445,-0.536031655035703
0.220491,-0.206055,3.476151,1.830324,165.806492,70.0,3.4815464730458827,1.832360373062403
0.8274,0.110857,-0.579438,0.1382,198.845559,70.0,-0.5666918378032029,0.11879435915939232
-0.83136,-0.671247,0.800164,-0.611312,144.258076,70.0,0.7984653956308629,-0.6243724564626406
0.349109,-0.531263,0.616939,-1.128119,114.257868,70.0,0.6289244221988386,-1.1480866353028754
-0.937869,-0.764584,0.856713,-0.56442,135.19033,70.0,0.850431301420596,-0.5727360310570722
-0.364871,-0.383901,0.252819,0.291561,184.183562,70.0,0.27269146537398964,0.297599310904078
-0.229878,0.433338,0.833458,20.635162,99.601336,70.0,0.8429893746136401,20.62479194542414
-0.883113,-0.473625,-0.866425,-0.488837,157.093904,70.0,-0.8792696557781184,-0.49626031211467936
-0.2161,0.000187,0.170063,0.000133,361.950167,70.0,0.17007629999901971,0.01332792919635726
-0.861399,0.467641,0.131005,-0.043091,159.58683,70.0,0.12672916139078635,-0.027230346022544993
-0.353245,-0.996245,-1.614414,-1.283341,103.246912,70.0,-1.617076466514475,-1.2876682733350873
0.112452,-0.016466,0.082469,-0.001038,374.327341,70.0,0.08236520046599391,0.017285671263303253
-0.744604,-0.561459,-0.287121,0.025163,157.885615,70.0,-0.2846113333402307,0.027858597890370946
-0.441664,0.957366,0.081605,-0.067233,144.156935,70.0,0.07500761630942192,-0.048874874258880915
0.454634,-0.971726,-1.382677,-1.487646,128.569882,70.0,-1.4009732602154836,-1.4714878031155272
0.201786,-0.581087,16.802943,8.887459,69.008762,70.0,16.81173220764625,8.873644232400716
-0.33396,-0.861167,-0.047312,0.056595,218.5192,70.0,-0.04172772877367286,0.07603799846134722
0.366347,-0.804082,8.75113,-4.148196,83.493815,70.0,8.732149244772415,-4.1287074940965045
-0.204993,0.67567,-0.153201,0.86342,191.435641,70.0,-0.17165870647613332,0.8778337198712627
-0.017149,-0.225935,-0.020391,-0.064646,370.479932,70.0,-0.026743618895319073,-0.044749858207839666
0.714108,0.017044,-0.249895,0.006275,146.289741,70.0,-0.2492676029457858,0.012591410716843627
0.461934,-0.279253,-0.512919,-0.188503,228.231371,70.0,-0.5290997772346471,-0.2052650847034635
0.588176,-0.532468,0.666772,-0.437637,172.699938,70.0,0.6504641409461326,-0.45726847005549326
0.806079,-0.2371,-1.726356,0.162873,164.521589,70.0,-1.711810201490392,0.14883874910795808
-0.94767,0.517657,-0.686216,0.218339,148.554392,70.0,-0.6684678089375874,0.19917119311957646
0.261596,0.646468,18.356841,2.153012,69.470044,70.0,18.33737001959516,2.13743565140716
-0.817907,-0.556529,0.459213,-0.084612,153.407449,70.0,0.4510019481638974,-0.09787873040930672
0.412241,0.540771,0.709051,0.255127,164.986107,70.0,0.7281861045148404,0.23673442729329713
0.731683,-0.598218,0.633218,-0.530506,156.913368,70.0,0.6238220273999119,-0.5504999991003026
-0.242747,0.15873,-0.778169,-0.014688,267.554377,70.0,-0.7796364800434599,-0.029331965879806954
-0.222137,0.537148,-2.153203,0.137422,127.384621,70.0,-2.140516887477359,0.13287103210958381
-0.157485,-0.853047,-0.592467,0.753089,151.656031,70.0,-0.604150323661823,0.7334094735270065
0.839365,-0.784935,-0.693644,-0.557476,135.341835,70.0,-0.7005810400995385,-0.5764185969165402
-0.394739,-0.370403,-2.325104,-0.280151,128.051465,70.0,-2.3448155554860737,-0.268368982175423
0.634277,0.291988,-0.496332,0.398873,197.53783,70.0,-0.478099440693704,0.38307232958150333
-0.556636,0.61526,-0.612784,0.235485,164.826403,70.0,-0.5943115586657385,0.2155453000859349
0.675386,-0.783925,-0.256812,0.068477,142.854897,70.0,-0.2500973077717578,0.07413346625757239
0.579592,-0.79706,1.98169,-0.044635,140.141821,70.0,1.9772634601533567,-0.06234086550570361
-0.184206,0.051712,0.152905,0.003675,368.272477,70.0,0.15327247931986085,0.018109224622352163
-0.875034,-0.688044,-0.469385,-0.179061,140.362054,70.0,-0.48499299656233835,-0.1930714395473695
0.049888,0.461361,-1.372152,-0.611866,97.149341,70.0,-1.3737953980887636,-0.595110213701657
0.09954,0.976002,2.272865,-1.033934,108.557312,70.0,2.2908101254008426,-1.0267249918976167
-0.334413,-0.477899,19.239256,3.012408,95.951725,70.0,19.251294719307484,3.0050322531899596
-0.050603,-0.482117,0.649453,-0.631012,221.413583,70.0,0.6497223387863953,-0.6509004374250011
-0.934483,0.141479,1.165067,-0.10961,163.142709,70.0,1.1546465237318515,-0.09166990443120254
-0.162712,-0.705059,8.794078,-11.165655,77.556429,70.0,8.80727159807586,-11.14565641778552
0.067546,-0.755266,-20.989725,-4.531999,85.433522,70.0,-20.977323372462518,-4.537808608916892
0.249904,0.129904,-0.143591,0.016149,267.543833,70.0,-0.14197785422011305,0.031212051956411562
-0.69695,0.35918,0.510106,0.485343,183.76038,70.0,0.5232165005768616,0.4687360201797883
0.744104,0.151211,-2.638906,0.787324,150.527033,70.0,-2.6531836550988515,0.8035062105451763
-0.591626,0.540982,0.015699,-0.105019,170.596077,70.0,0.005673095836271907,-0.08508058302037079
0.279001,-0.832666,17.950562,6.367218,68.622079,70.0,17.9587201940975,6.362903790567943
-0.619251,0.248325,-0.269471,-0.03478,201.488577,70.0,-0.2729314966656767,-0.030348265874447965
-0.406246,0.226269,0.464292,0.073134,266.369366,70.0,0.471443501544656,0.05949151575667185
0.908903,-0.062397,-0.450176,0.01406,219.384232,70.0,-0.4487711578102862,0.001482838323623661
-0.706096,0.639536,0.653428,0.522868,152.821604,70.0,0.6634912201283895,0.5030254144332065
0.688888,0.139069,-0.746985,0.179237,209.728996,70.0,-0.7313660045400038,0.16265535837451406
-0.660667,0.170229,5.526916,1.896494,112.722733,70.0,5.525762799177319,1.8804491457209322
-0.963629,0.28729,2.391374,0.801654,129.216703,70.0,2.3761303562675264,0.8180526799482577
0.476018,0.434372,0.16341,-0.057555,193.095766,70.0,0.15773361147159615,-0.04386749768311883
0.490128,-0.41922,-0.434493,-0.111013,197.72012,70.0,-0.44503297085237425,-0.1223333780413362
0.168689,-0.842865,-6.667209,-2.889512,62.579024,70.0,-6.686253271806554,-2.896357219260142
-0.033705,-0.485935,3.989581,1.037011,73.015407,70.0,3.971773845651504,1.0461123363207192
0.885344,-0.01634,-0.146328,0.003214,211.281178,70.0,-0.14600661383313987,0.018095594690468134
-0.629794,-0.946498,-0.922964,-0.732232,130.675289,70.0,-0.9130339074746642,-0.7341802849877165
0.206079,-0.438586,0.558599,-1.845582,253.424617,70.0,0.5546870249119237,-1.8643790530105124
0.686458,-0.696233,0.656694,-0.598546,148.577556,70.0,0.6537277307834661,-0.6183450456125686
0.409801,-0.472754,12.496948,-10.458193,122.348493,70.0,12.478980022394017,-10.43938582563412
0.42364,0.114403,-0.25617,0.040988,267.923054,70.0,-0.25209983168241357,0.046706015853458065
0.763718,-0.189687,0.860866,-0.164724,206.297623,70.0,0.8461937865101011,-0.17266056857408107
-0.073028,0.613088,0.013168,0.044723,326.297337,70.0,0.017603121174820352,0.06467966660124289
0.172026,-0.758493,6.657718,3.906517,142.468216,70.0,6.6703409092901165,3.9005709313019343
0.016076,0.190129,14.618492,9.205733,172.543011,70.0,14.636272623939623,9.192321741170996
-0.494582,-0.4372,-0.602631,-0.290589,194.208765,70.0,-0.6224922713254243,-0.31042426433810494
-0.02175,0.442775,0.546445,-14.108314,180.656923,70.0,0.5266527623435863,-14.126661453972332
-0.281395,0.590759,29.351336,-23.366313,85.127972,70.0,29.362507002497928,-23.378773774478542
0.884816,-0.895779,0.087205,0.161229,128.363533,70.0,0.10163747565352692,0.1793577524064689
0.646517,0.012784,-0.305475,-0.07058,230.874559,70.0,-0.31238741085240096,-0.06971184632862477
0.864304,0.361139,1.07548,0.234264,157.78114,70.0,1.0939052959130413,0.2466053560842175
-0.334227,0.646262,-4.601671,-1.564439,92.858898,70.0,-4.621660896949717,-1.574953886674872
-0.270181,-0.927182,-1.95238,-0.16075,224.871147,70.0,-1.9667792738206415,-0.17962421045434188
0.859779,0.298378,-0.574705,0.231508,203.907556,70.0,-0.556388640790824,0.21222230971524794
0.841123,0.75302,0.71333,0.544079,139.688671,70.0,0.7215070744920964,0.5258586982732133
0.000684,-0.498798,1.940801,-27.000439,68.874589,70.0,1.9390773587563923,-27.019664375265283
0.698877,0.023205,1.547147,0.045315,160.045544,70.0,1.5516398277098815,0.047674425344675746
0.008117,0.429903,-1.864078,-1.682129,85.609834,70.0,-1.881058455306896,-1.7020201304515796
-0.622527,-0.819465,-0.643229,-0.590085,139.956842,70.0,-0.6470291081347954,-0.6100294452149667
-0.74965,0.636715,0.606629,0.472484,152.705351,70.0,0.6206828201361153,0.45260149371535474
-0.728235,0.560465,0.556661,0.427109,160.906422,70.0,0.5735554627617725,0.4083790266636688
-0.267509,-0.030447,-0.249869,0.029146,339.717113,70.0,-0.24696470539084697,0.0354648775927183
0.272165,0.278472,0.010337,0.728058,139.014026,70.0,0.0007713610783427853,0.7480312925539315
0.270615,0.221624,0.204734,-0.14587,327.115526,70.0,0.1914062973839985,-0.13546529605493424
0.831056,-0.447511,-0.621044,-0.197959,161.346193,70.0,-0.6377622695922579,-0.21794577175918525
0.675934,0.426335,-0.22927,0.006009,177.226357,70.0,-0.22866919040152742,0.01424532601669308
-0.594414,-0.319373,-0.553245,-0.341469,200.774836,70.0,-0.57305883413193,-0.36007645795234444
0.298645,-0.676888,7.182059,2.025507,88.073582,70.0,7.169132521279028,2.0211810515263773
-0.449542,0.545388,-0.615788,0.333084,180.364912,70.0,-0.5958774696088597,0.31312324071135517
0.341451,0.774864,17.253028,-3.96905,107.143894,70.0,17.236245266163344,-3.9716160664832216
-0.867887,-0.575158,-0.867945,-0.392506,148.75585,70.0,-0.8864299709551156,-0.399787956952683
-0.68177,-0.515426,0.520201,-0.315647,168.70299,70.0,0.500201553336039,-0.3327951279884184
-0.761203,0.453083,0.582215,0.536228,168.918657,70.0,0.5911020732569977,0.5167570349765436
0.965838,0.844246,0.613175,0.039755,129.860438,70.0,0.6171243720094682,0.019812304244919855
-0.752423,0.034725,-1.481511,0.099321,176.017171,70.0,-1.4719821322280542,0.10795590273706077
-0.383129,0.75914,0.753041,0.363688,169.078127,70.0,0.7724308539183241,0.3474525149842448
0.860355,-0.021342,9.185694,0.137202,96.540756,70.0,9.198363097038522,0.12986954278824875
-0.699479,-0.136064,8.53509,1.163181,152.622281,70.0,8.526080803568831,1.1683988996377803
-0.824142,0.641812,-0.627294,0.475921,148.4889,70.0,-0.6134867838764577,0.4559212624152241
0.937262,0.568108,0.542695,0.353652,148.92794,70.0,0.5623063463057657,0.33545702331732025
0.199118,0.568354,-0.273105,-0.369953,142.78569,70.0,-0.2923317988027899,-0.3658763440422534
0.326604,-0.769859,0.936949,0.012737,163.525086,70.0,0.9382218392002462,0.012184190807094765
0.972634,-0.945985,0.231681,0.117558,122.483294,70.0,0.24277146573691863,0.12557402643559953
0.823835,0.187619,-0.302013,0.160381,208.273033,70.0,-0.2876393597054625,0.1615948800236073
-0.692377,-0.78027,-0.094357,0.142084,141.627803,70.0,-0.08131395548983299,0.15989916932474021
0.004726,-0.571423,0.420728,0.83806,154.282885,70.0,0.4033924137187969,0.8279003032948975
0.097357,0.273711,-12.75503,-15.639913,104.93681,70.0,-12.761704480666438,-15.628170552732806
0.26352,0.982505,-0.72957,-0.584217,97.826934,70.0,-0.733944500255656,-0.6017083093849568
0.967533,-0.670133,0.607403,0.228065,139.335495,70.0,0.6255783833268015,0.2081742652203669
-0.927993,-0.785293,0.466365,-0.077546,134.422315,70.0,0.45880324212351226,-0.09133933399727841
-0.415267,0.607614,1.948281,3.45463,113.4275,70.0,1.9282813146747066,3.4356241792583453
0.172915,0.174204,0.060502,0.067089,311.993093,70.0,0.06708578799791125,0.08618083449659228
-0.147222,-0.366333,4.75537,1.663493,151.420594,70.0,4.7732600126125435,1.6677580942080241
-0.960172,0.386248,2.730094,-14.185512,153.99806,70.0,2.7106754715515144,-14.17615782142383
-0.332155,-0.523577,-19.410226,-4.037542,86.849028,70.0,-19.429687212473244,-4.056408787840227
0.24066,0.774502,-1.392299,-0.143754,126.599341,70.0,-1.4054681890473264,-0.12818131078416753
-0.939115,0.301068,0.288932,0.269575,194.184072,70.0,0.30843711531934553,0.27209104226890585
0.04559,0.231236,-7.87429,-0.335517,166.587148,70.0,-7.89417607012417,-0.33754434849548237
0.382046,-0.946119,-0.043253,3.452123,162.537395,70.0,-0.06324970782713979,3.4716571145618222
0.575256,0.328783,0.170544,-0.028609,201.592053,70.0,0.16769284658459863,-0.015450255514107959
-0.146286,-0.632373,-0.047713,-0.273582,182.674884,70.0,-0.0673027814323556,-0.2541484384419533
-0.28472,0.702672,-0.740383,-0.706543,272.316651,70.0,-0.7327584751237199,-0.7234846768206875
-0.197239,-0.990363,0.16576,2.151506,84.918135,70.0,0.14632398010106729,2.165021215831872
0.971752,0.235958,-20.083374,-0.932485,77.013653,70.0,-20.063398958800448,-0.9126150353412612
-0.247346,0.850841,-20.125437,14.909434,95.510711,70.0,-20.140476508061177,14.929341488360313
0.080346,0.370776,-0.008685,-0.567292,101.101735,70.0,-0.014693394075782719,-0.5473108543431197
-0.370708,-0.495532,-0.618828,1.045464,122.579096,70.0,-0.636234533909417,1.0254865133183129
-0.414326,0.42372,-0.011002,1.090201,181.774034,70.0,-0.025790021048863,1.1101707466292985
-0.531009,-0.67591,-0.625408,-0.635323,157.032939,70.0,-0.6247076962535995,-0.6553208822401102
-0.020522,-0.908195,0.472642,0.69779,143.040448,70.0,0.46583371647319727,0.6835489989169311
-0.033461,-0.372004,-0.14646,0.307923,238.189196,70.0,-0.12646972196366665,0.3227957726510247
-0.276318,-0.078728,-0.564678,-0.080623,285.16368,70.0,-0.5725237110671935,-0.09961898539252415
0.812052,0.151848,-2.476848,-0.204857,174.976027,70.0,-2.4939348563065202,-0.18518779965980303
0.102372,0.563927,1.154241,0.93821,156.630104,70.0,1.1342455533480533,0.9556455211217324
-0.07512,-0.540505,0.032404,-0.24823,80.546393,70.0,0.013480862206105726,-0.22849193106646584
-0.269448,-0.605721,1.743419,1.475096,185.129536,70.0,1.7611727168210403,1.4598985967327662
-0.360383,-0.951413,4.250288,0.561245,115.068448,70.0,4.256870327269739,0.5464716993672745
-0.406383,-0.081226,-1.244771,-0.577913,218.053024,70.0,-1.2497583613614567,-0.5579481905288777
0.833598,0.286828,-0.965482,0.35856,183.592961,70.0,-0.9459728354039062,0.3608553513828906
0.723608,-0.321673,-0.415277,-0.336548,190.74535,70.0,-0.43515181694867117,-0.3462344509645742
-0.361772,-0.307397,0.110982,-0.073972,274.801717,70.0,0.10375230194813655,-0.056973042765506215
-0.41833,-0.864882,-0.320679,-0.239913,161.663665,70.0,-0.3393166274433291,-0.2405648579977508
-0.078297,0.068771,0.079188,-0.057595,381.784468,70.0,0.07350777607416253,-0.03914231126121891
-0.169457,-0.064414,0.031415,0.029645,369.326701,70.0,0.0343686565864032,0.04939878130590554
-0.612652,-0.83385,-0.686386,-0.798364,139.892796,70.0,-0.6713573913895495,-0.8175269471206514
-0.517513,0.157331,0.474673,0.190665,239.18566,70.0,0.49097990202187636,0.17628213331596457
0.263865,0.777259,-10.080517,2.21377,79.964975,70.0,-10.100463330720125,2.2335823231864977
-0.612597,0.088895,-0.007835,0.004771,247.364274,70.0,-0.007357945248548359,0.024755655156353452
0.050785,-0.463971,-20.146757,-42.10448,89.27806,70.0,-20.146043307365712,-42.084889951660294
0.031719,-0.899916,-7.792655,40.078492,71.987457,70.0,-7.805066406817029,40.084529011362896
-0.88661,0.743235,0.142893,-0.104177,136.916486,70.0,0.13294004073733928,-0.08906812223101052
-0.441367,-0.059131,-0.293722,-0.027917,311.028434,70.0,-0.29650464326002396,-0.025876828388433658
0.193536,0.762024,8.214343,17.108532,102.675728,70.0,8.201160444372423,17.089063289482326
-0.657511,-0.780527,0.606175,-0.518299,144.125038,70.0,0.5957195904296347,-0.5381765411842968
-0.320392,-0.825435,-1.216148,1.460309,87.318045,70.0,-1.1991230320987396,1.4799005568123704
0.905731,0.616706,-0.895036,0.422855,144.362872,70.0,-0.8779177003151964,0.4181551863844057
0.97404,0.691528,-0.503331,0.605047,135.505007,70.0,-0.5010090946355503,0.5888270080671271
0.513096,-0.394075,-0.363863,-0.047866,197.863899,70.0,-0.36860403553360643,-0.0527853682480889
0.782063,0.140852,-0.661661,-0.173071,233.104954,70.0,-0.6768875096581817,-0.1927937130488254
-0.702359,-0.539747,-0.500838,-0.300804,164.758296,70.0,-0.5207934257888144,-0.31687688348050075
0.469831,0.450475,-0.479885,0.275972,190.831727,70.0,-0.460248460579322,0.2612318959533313
-0.864444,-0.702977,-0.697143,-0.47369,139.930261,70.0,-0.7111107588369827,-0.4925174381930488
-0.928892,0.106809,2.698442,0.183192,147.101626,70.0,2.7143049524104907,0.19521528059285947
-0.856894,0.183334,-0.513541,0.196178,213.209601,70.0,-0.49692114416850636,0.1793820656839859
-0.703348,0.82338,-0.535169,0.400459,139.496705,70.0,-0.5170022004794179,0.382589278981922
0.542837,-0.54076,0.45404,-0.192944,172.95407,70.0,0.4376022110507566,-0.20581922953661716
-0.547779,-0.526837,0.623267,-0.344237,176.437953,70.0,0.6034927415869136,-0.36423062084849334
-0.543393,-0.79793,1.33685,-0.327396,144.600535,70.0,1.3168937867992898,-0.30898308277751707
-0.813318,0.565813,0.587858,0.26055,153.098025,70.0,0.6071438032563325,0.2409578697332446
-0.388123,0.816164,-1.542721,-0.180203,140.501229,70.0,-1.55840014880271,-0.17740467892551293
-0.732421,0.198603,-0.324619,0.242001,201.024521,70.0,-0.30590664466722606,0.24095550328662654
-0.073445,-0.383686,-2.433815,-0.400631,110.522806,70.0,-2.451974599203073,-0.38218878476176493
-0.610574,0.083465,2.708463,1.412799,172.23082,70.0,2.7225400962037867,1.4240067226728923
0.798136,0.279883,0.47151,0.022464,186.787818,70.0,0.47375167962961173,0.008302707571026717
-0.007159,-0.324096,0.086099,-0.62431,130.796901,70.0,0.08569817376531025,-0.6061348142544711
0.921369,-0.544043,0.814764,-0.35482,148.718978,70.0,0.7951759021570779,-0.3667409403103566
0.269634,-0.266517,0.417302,-0.162135,301.667632,70.0,0.4028069515844925,-0.17199811656297279
0.648187,0.084797,0.642824,0.0972,222.427771,70.0,0.6521658560229234,0.07725257910558894
-0.820294,-0.688946,0.806877,-0.690871,144.241551,70.0,0.8130307628886585,-0.7034157944413032
0.891463,0.811774,-0.136386,-0.138288,133.294481,70.0,-0.14913894232276212,-0.12276084598443766
-0.5127,-0.945513,0.636887,-0.782235,125.530357,70.0,0.6508037067990551,-0.8022166481408171
0.769478,0.611653,-0.715515,0.642088,152.810828,70.0,-0.7168908594077463,0.6239588873239175
0.054928,-0.820336,-0.192209,-0.130787,170.886244,70.0,-0.20437528603967714,-0.11933372764219329
0.614836,-0.447095,0.478301,-0.248489,180.215244,70.0,0.4593694940277003,-0.263121582359576
-0.326478,0.888865,19.747449,-6.58208,97.411488,70.0,19.727507223521922,-6.5865016361704285
-0.853418,0.59818,-0.931521,0.511284,148.679409,70.0,-0.9204741336503267,0.5101888683844376
-0.383316,-0.392555,-0.234097,0.039584,279.459947,70.0,-0.23016439271956537,0.047378101487982424
0.329994,0.204199,-0.141542,0.501223,191.070303,70.0,-0.12967076015881093,0.5164200517111923
-0.024904,-0.568104,2.008527,-2.064872,282.946639,70.0,2.0241883406526857,-2.0811744344497134
-0.126395,-0.319227,3.149204,0.705263,215.815653,70.0,3.141697964132745,0.6852774814006152
0.75805,0.546885,-0.265783,0.022645,160.011098,70.0,-0.2635233353436887,0.027435592176941116
-0.499464,-0.485255,0.197948,0.003797,184.564672,70.0,0.198327677191185,0.01477514417575715
0.314739,-0.17667,-0.042986,-0.938554,168.641482,70.0,-0.022989848920455445,-0.9190141734773353
0.71458,-0.053341,-0.460088,0.185052,221.150074,70.0,-0.44411245573604624,0.17171991865865846
-0.503422,0.988352,-3.313383,0.586792,121.095547,70.0,-3.309260120402099,0.5737273693676588
-0.767361,0.97034,0.882689,0.74056,125.845632,70.0,0.8720448251812389,0.7346697762400322
0.501993,0.991691,-0.349867,0.325122,126.157483,70.0,-0.3298970378657447,0.32157016668738764
-0.647456,0.201679,0.1001,-0.024929,191.745701,70.0,0.09761355009270613,-0.007382145211335185
-0.37378,-0.116636,-0.36735,-0.147266,260.387569,70.0,-0.38078146394296664,-0.15252259063532578
-0.305058,0.884429,-0.197005,0.921751,139.749058,70.0,-0.21689769606972464,0.9328078456494682
0.598051,-0.558295,-0.686084,-0.449324,168.876922,70.0,-0.7016878395036895,-0.4684955707898149
0.729969,0.588534,0.685767,0.604746,156.937375,70.0,0.6881187991898631,0.5855654242372123
-0.502063,-0.17125,0.482338,-0.221853,233.781203,70.0,0.4644305676488946,-0.23675778632358108
-0.201821,-0.013419,0.186521,0.008773,362.063771,70.0,0.18739801868598824,0.020687874724921063
0.460497,-0.430318,0.156127,0.101959,199.733645,70.0,0.16588696648004536,0.11616833624564092
-0.347668,0.739194,-1.262379,0.876279,96.292852,70.0,-1.2812933956764787,0.8962707581015179
-0.372718,-0.278807,-3.144306,-0.13464,118.801316,70.0,-3.1567758206528223,-0.15463815946604498
0.095526,-0.487645,-4.581605,-10.925772,105.955904,70.0,-4.562810775408153,-10.937938046372562
0.14413,0.398146,1.362354,-0.29035,136.164307,70.0,1.3424955529863007,-0.27307956617797285
-0.368389,0.489632,0.225523,0.139149,197.56509,70.0,0.2383421492354219,0.1477253123097794
-0.754836,-0.520253,0.601311,-0.443649,161.076837,70.0,0.5853584953158665,-0.46346692525387484
0.107835,0.387587,1.989039,-2.430472,128.994908,70.0,1.9970846866049619,-2.4478242377141393
0.178049,0.46268,20.841048,13.58977,79.619304,70.0,20.822662863951187,13.572541041811446
0.268357,0.283941,-0.334135,-0.116468,158.992383,70.0,-0.3451345951445435,-0.11846225390492118
0.18913,0.712785,-2.177474,0.977203,91.441734,70.0,-2.1971732966100284,0.9750431346904768
-0.229254,0.929893,-23.906545,17.397103,96.258357,70.0,-23.92314468336382,17.41687178580444
0.704514,0.761186,-0.651156,0.536395,144.129706,70.0,-0.6422838905586407,0.516525245888193
-0.749468,-0.301875,-0.839549,-0.403316,165.083769,70.0,-0.8575944609991527,-0.41316049953096134
0.382202,-0.328073,-0.239508,0.128322,255.722019,70.0,-0.22753827918040587,0.13561498943788156
0.069995,0.398742,2.692267,1.170322,159.144183,70.0,2.683900956302865,1.1828329320528168
-0.338756,0.532818,-0.640786,0.098083,267.447484,70.0,-0.631366159684596,0.078121846865399
-0.933547,-0.120491,-17.79318,-0.721382,106.860624,70.0,-17.78420587140148,-0.7105979372523856
0.912389,0.526132,0.72058,0.323711,148.868512,70.0,0.7405571954263932,0.3058015732403827
0.700531,-0.183088,-0.320011,0.123825,228.103185,70.0,-0.3084045441089782,0.12323991002389473
0.839772,0.054561,0.388119,0.019394,245.462363,70.0,0.3900553620071854,0.012165445556772802
-0.995529,0.143084,1.731419,-0.543647,129.952557,70.0,1.7232025202970644,-0.5580374342742649
0.819165,-0.288168,-1.239103,0.435063,144.912405,70.0,-1.222647484744555,0.4549861883896694
0.752133,-0.906452,0.834452,-0.819751,130.582986,70.0,0.8508032164252189,-0.8300359322994383
-0.733084,-0.937678,-0.720858,-0.758111,130.529138,70.0,-0.7087707995827338,-0.7760080351490475
0.440126,-0.797533,-0.765543,-0.35234,144.627291,70.0,-0.7851796633490571,-0.3678141696240968
-0.13899,-0.008459,0.138942,0.006393,376.884711,70.0,0.13958119113690323,0.021757787625405433
-0.169355,-0.351332,18.701828,2.139813,101.028304,70.0,18.682700755146513,2.154600703424083
-0.832356,0.592704,-0.174164,-0.114226,150.04132,70.0,-0.18497566104210791,-0.1013420083841759
-0.424737,-0.553141,0.301825,-0.131425,175.945302,70.0,0.2896081381291703,-0.13019235517475766
-0.635676,0.185123,-0.324197,0.255169,207.292708,70.0,-0.3050606741514401,0.25416564788414564
-0.63018,0.561983,-0.61,0.386767,165.01669,70.0,-0.5913035588352575,0.3668508335092188
-0.759995,0.771762,-0.743598,0.737573,139.784646,70.0,-0.7539881137745031,0.7208043688443642
-0.996265,-0.219167,0.699614,-0.043602,146.979624,70.0,0.6952882568733388,-0.06234463908793443
0.464375,0.746684,0.772523,0.36674,157.135647,70.0,0.7918357885461121,0.3517173756636942
-0.484849,-0.855047,0.768086,-0.270932,153.127975,70.0,0.7485513333779021,-0.286243813443593
-0.781277,-0.919845,-0.737564,-0.737942,130.504531,70.0,-0.727142374095501,-0.7550318073657001
0.172491,-0.945522,1.047928,-0.236715,134.664316,70.0,1.0294087618552143,-0.22665180811300004
0.611526,-0.083987,0.07498,0.045597,296.148186,70.0,0.07950030248514081,0.06420788489025248
0.428316,0.702702,-0.296119,-0.074155,162.273585,70.0,-0.303365757539757,-0.07235341881306476
0.306451,0.518606,0.710877,-0.07092,247.143827,70.0,0.7039326944231394,-0.08924008386905535
0.219078,0.041149,-0.287804,0.039319,333.89735,70.0,-0.2838973788228304,0.04194690550268776
-0.413481,0.626154,2.277905,-1.873152,159.634422,70.0,2.2767253258873583,-1.8654752102333725
-0.222244,0.746224,0.869173,1.71352,119.578365,70.0,0.8842929668703442,1.7063525506859085
-0.212622,0.469864,-4.879369,-12.381628,151.579934,70.0,-4.8634120883166,-12.36680341087826
-0.987623,-0.977406,-0.847553,-0.9987,120.806235,70.0,-0.8283380438263751,-1.007840080466961
0.736736,0.315979,0.790425,0.358133,172.854215,70.0,0.8099435220062392,0.3443507447281337
0.663386,-0.463152,-0.431418,-0.163993,176.074436,70.0,-0.4460404390307364,-0.17505854941875904
-0.2014,-0.932136,-1.530048,0.69118,74.548127,70.0,-1.5362311564887017,0.6952266996395469
-0.411867,-0.246006,0.497288,-0.099821,238.893845,70.0,0.48771520179399475,-0.11568009857033051
-0.625604,-0.52993,0.539486,-0.290837,168.984066,70.0,0.5196218279926269,-0.3088964158256512
-0.538847,-0.404145,-0.589185,-0.35061,194.143706,70.0,-0.60885375440972,-0.37022836163959993
-0.466381,-0.458237,0.5847,-0.214028,197.443971,70.0,0.5671546457386007,-0.23355423826847935
0.406992,0.310854,0.602883,-0.12462,234.781373,70.0,0.5912118922431958,-0.14445847632953127
0.526226,0.272864,0.359832,0.103063,219.299128,70.0,0.36968817933606424,0.09853532034755089
0.021626,-0.539788,1.186484,0.221577,114.944812,70.0,1.2043791244788633,0.24035920031252223
-0.216635,-0.991998,-4.074468,-2.463271,72.761675,70.0,-4.069519618236582,-2.4623111239130817
-0.518464,0.176652,0.24431,0.043423,238.777473,70.0,0.2486182650931735,0.05026679460184461
0.99118,0.758658,0.441436,0.451136,131.003839,70.0,0.4569258527735146,0.4392501819539883
0.765729,-0.398712,-0.804376,-0.359063,169.059885,70.0,-0.8238740276243411,-0.3718015929769487
0.850303,-0.959909,-0.882739,-0.932899,125.74556,70.0,-0.86276193394918,-0.9387844453357905
0.808616,0.410414,0.294677,0.078697,165.779993,70.0,0.302345188158751,0.08064214688797744
-0.180218,-0.915795,-2.904446,1.688341,85.03313,70.0,-2.8878018968998975,1.6808286484231931
0.229674,0.138712,-0.519221,0.02362,284.943125,70.0,-0.5168644868812946,0.006522512386590115
-0.668094,-0.657496,0.620642,-0.48877,152.849117,70.0,0.6077922093280627,-0.5087552695276127
-0.541682,-0.050173,-0.172498,0.040681,245.073469,70.0,-0.16845789401286645,0.053691968390893484
0.737787,-0.009543,-3.813081,-0.031129,134.820165,70.0,-3.8161813466914265,-0.011593102132906905
-0.392743,-0.829512,-0.922292,-0.212713,135.533731,70.0,-0.9397738552829995,-0.21472815425575523
0.399126,0.106525,0.380578,0.089159,253.457934,70.0,0.389201506393485,0.08263853959524864
0.373638,-0.260138,5.109463,-0.704159,131.771317,70.0,5.116866591976239,-0.6858532382301661
-0.142747,0.846484,20.110008,-6.268691,63.37512,70.0,20.111456162286242,-6.2486946384783995
0.860686,-0.4585,-0.633277,-0.398861,161.10243,70.0,-0.6515100524931159,-0.41885485371042785
-0.007347,0.526057,-0.188912,-1.406431,84.727259,70.0,-0.20252969068141874,-1.3947090111808464
-0.566073,0.004354,-3.42792,0.029375,127.242873,70.0,-3.4249930500358716,0.02660078234528105
-0.814361,-0.965489,0.898168,-0.917215,125.762342,70.0,0.9180086598117153,-0.921609820133587
-0.979697,0.226287,-9.403633,-1.08291,89.505079,70.0,-9.388364035291971,-1.102798326737847
-0.787434,-0.396217,0.596734,-0.20373,168.894747,70.0,0.5797059859670706,-0.22348112224236763
0.780405,0.264655,-0.005849,-0.132462,199.164936,70.0,-0.018147801931590893,-0.11247055209069502
0.0577,-0.244501,0.145728,-0.086978,312.238359,70.0,0.13730178713774674,-0.07205638688736571
0.670442,0.121243,-11.609748,-9.531514,128.893111,70.0,-11.599573895802589,-9.530100697058998
-0.263083,0.371652,-0.04047,-0.226702,157.751035,70.0,-0.05858808382022056,-0.20711006001728002
0.356625,-0.210392,-0.798091,-0.105451,221.70799,70.0,-0.8081542606833726,-0.11866774830914081
-0.054443,0.978668,2.051724,0.998561,114.935413,70.0,2.0325051922844515,0.9851202875046989
0.480129,-0.475364,0.488185,-0.053241,187.015598,70.0,0.48292355971635453,-0.06852923805192854
0.562397,0.20369,0.447419,0.141431,225.335601,70.0,0.46041247192834467,0.1290693888033359
-0.587406,-0.537524,-0.531607,-0.286679,172.561803,70.0,-0.5514185055848868,-0.30438592925213215
-0.173985,-0.165259,0.152706,-0.134754,323.964757,70.0,0.14022726850567155,-0.12030600785919154
0.499821,0.49741,0.598901,0.277452,187.288779,70.0,0.6185650887051025,0.25766795800655706
-0.03819,0.140337,2.446721,-4.406959,259.848016,70.0,2.4475936513675154,-4.388056149026794
0.647563,-0.417017,-0.099347,0.101509,182.182417,70.0,-0.08962633619717245,0.11909186411766343
-0.801314,0.309467,0.138876,0.016559,170.072542,70.0,0.14053000877926475,0.03192801186238448
-0.788059,-0.905747,-0.823186,-0.869667,130.561391,70.0,-0.804496779516998,-0.8809013281985897
-0.896874,0.23622,-0.203557,-0.039198,168.639686,70.0,-0.20745175354082682,-0.028692958297962298
0.149148,0.729481,-2.056164,-1.279015,92.458808,70.0,-2.0583971275083135,-1.2921236372221638
0.39251,0.916984,4.335397,1.61835,109.061627,70.0,4.354834320418916,1.5993288963101144
-0.244023,0.703224,-1.176696,-0.434862,117.640945,70.0,-1.1931629311022554,-0.4164384857440681
-0.912989,-0.60612,0.638426,-0.266328,144.882158,70.0,0.6189952365505338,-0.28630246520157826
0.942155,0.797156,0.652519,0.575874,130.751431,70.0,0.6577035573052931,0.5560202371192764
-0.194483,-0.68352,13.60856,-3.001655,71.203109,70.0,13.595680415397675,-2.9920918095858053
0.073579,0.649373,2.327137,3.55246,228.026143,70.0,2.309429910364502,3.5644056847935452
0.011015,-0.876322,-2.182514,18.568423,61.636566,70.0,-2.2022419342323976,18.5667648198442
-0.336845,0.638744,-2.093312,0.66123,100.901464,70.0,-2.0965883134657344,0.6511363476782375
-0.622154,-0.541778,0.689298,-0.49633,168.865851,70.0,0.6770365690450652,-0.5154075554742878
0.340976,0.777754,0.708671,0.414889,165.088818,70.0,0.7261875491422786,0.3964815345200924
-0.284416,-0.183062,-0.004056,0.076406,281.85038,70.0,0.0034000978613121027,0.09640188735695635
-0.724972,-0.602889,-0.63268,-0.515997,156.90425,70.0,-0.6433309520723266,-0.5359922445848873
-0.761141,-0.488479,-0.551423,-0.53535,165.004393,70.0,-0.56038864312561,-0.553889889563893
0.136307,0.90802,-0.021788,0.1496,324.116851,70.0,-0.00818451960031788,0.1694814380905862
-0.908581,-0.524088,-0.177465,0.095258,150.08405,70.0,-0.16829529492113451,0.10788776878204863
-0.342769,-0.926963,-17.860676,-18.756092,92.957252,70.0,-17.8516661018284,-18.751493305167067
0.524664,0.024583,-0.259159,-0.033675,310.531575,70.0,-0.26251061102304213,-0.028244035722065703
-0.832232,0.684896,0.803283,0.670801,144.247764,70.0,0.7990666271926619,0.6579783359018817
-0.953984,0.39522,-2.192883,2.622249,118.378065,70.0,-2.182516786597038,2.6216259150857852
0.46949,0.719632,-0.501408,0.557424,161.112598,70.0,-0.4944660829516531,0.5413172605651744
0.853264,0.811057,-0.788059,0.682399,135.185509,70.0,-0.7934013836969838,0.6684462599560277
-0.570693,0.362749,0.567135,0.359917,197.478586,70.0,0.5866138367176866,0.3408455802823076
0.716836,-0.1428,-3.403132,-0.188764,91.654786,70.0,-3.419328103861661,-0.19396549458888765
-0.034546,-0.611201,-4.871017,-1.91791,77.381645,70.0,-4.867736450759251,-1.903658801800161
-0.46083,0.830003,1.473452,0.78754,135.117827,70.0,1.4591592275015421,0.7968946150843783
-0.147393,0.760403,-7.14163,-0.801897,122.854319,70.0,-7.126370636612143,-0.810055231571211
0.097818,0.026732,-0.002083,-0.016601,372.367804,70.0,-0.003741194355459406,0.0033979152875551477
-0.720487,0.771621,-0.381573,0.103204,140.55375,70.0,-0.3717045541751536,0.0965895571737192
0.63042,-0.52727,-0.540092,-0.297834,168.977154,70.0,-0.5600254084142464,-0.3159193728220841
0.17284,0.928779,0.008725,0.089774,195.469037,70.0,0.01740395502796796,0.1097549716118454
-0.018525,0.647535,-2.697912,-24.839584,88.174394,70.0,-2.6780221700915154,-24.827518408013816
-0.872965,0.070224,0.275706,0.058664,260.690452,70.0,0.28148864025977394,0.062485679011405386
0.254607,-0.827444,-0.050567,-0.128452,200.335619,70.0,-0.0625471330223004,-0.1090878572251053
-0.859465,0.978849,0.708505,0.602106,125.54732,70.0,0.711118755120674,0.5836920495812654
-0.489031,0.848473,-1.574215,-3.633879,119.366291,70.0,-1.561636637118504,-3.6342208506727744
0.27947,-0.946222,23.011682,16.648013,72.333511,70.0,23.031680526144374,16.640404086834128
0.852954,-0.403027,0.744347,-0.408774,165.119641,70.0,0.7265435589116163,-0.4255016926440186
0.32409,0.984996,-0.309153,-0.075503,199.150771,70.0,-0.31652523189821224,-0.07500242574183551
0.825946,-0.331708,-2.837387,0.637565,131.810677,70.0,-2.8383113175687473,0.6365700496671926
0.976339,-0.675416,-0.958634,-0.622423,135.701503,70.0,-0.9592234676952442,-0.6208091361759684
0.287498,-0.021494,-0.153733,0.002789,336.100368,70.0,-0.15345410903920173,0.017165787402787708
0.751473,0.006338,1.094038,0.002897,222.588267,70.0,1.094327689869528,0.01664351761162285
0.522419,0.293845,-0.113593,-0.059447,215.359395,70.0,-0.11945055149952413,-0.04258705235253175
0.648037,-0.438879,0.566883,-0.356459,180.050524,70.0,0.5473286519352821,-0.3755228151383964
-0.232384,0.33007,0.099409,-2.747523,101.42692,70.0,0.08098429232249016,-2.7299430913847695
-0.512777,-0.246067,-0.477213,-0.21928,225.354157,70.0,-0.49500437285068016,-0.2338381969358268
0.345995,-0.858368,6.380217,-1.154897,121.890047,70.0,6.389957850702336,-1.137204978785754
-0.589394,0.05122,3.633771,0.175654,208.895279,70.0,3.6491637090919484,0.19119663586411656
0.853089,-0.133239,-2.730204,0.360305,104.107646,70.0,-2.7107339996916777,0.3696494544538172
0.650332,0.129328,5.384461,-1.172754,134.994545,70.0,5.3926055301368505,-1.1770945321967492
-0.380094,-0.243049,-0.010726,0.041371,184.955251,70.0,-0.006618340665005103,0.06134224512400042
-0.918361,-0.88991,0.519949,-0.375264,126.196917,70.0,0.5008752086740613,-0.39239914545321924
-0.725045,0.163534,-0.275883,-0.008449,246.064467,70.0,-0.27672764871536415,-0.004644696337391498
0.515768,0.511847,0.095848,-0.080652,178.607974,70.0,0.08799962146917523,-0.06290508762490421
0.619813,-0.798406,-0.477328,-0.349023,143.93953,70.0,-0.49702489869754063,-0.36358907976649635
-0.817612,0.397594,-0.07829,0.087833,179.62357,70.0,-0.06978632301945627,0.10632013629076162
0.358287,-0.267859,-1.202001,0.24439,178.585419,70.0,-1.1832056464072478,0.26364835471873926
0.099791,-0.805867,-21.411309,28.789833,69.142323,70.0,-21.422002059787143,28.80924831890194
-0.201964,-0.411028,1.901536,0.870382,198.360399,70.0,1.8828214403224226,0.8504506881278803
-0.140901,-0.120772,0.386116,0.326114,285.353481,70.0,0.40608028171661326,0.3190725646905258
0.184417,-0.503988,-0.542513,1.434285,100.910978,70.0,-0.5269937482871766,1.4160975867450991
-0.51945,-0.396984,0.571267,-0.288845,197.516758,70.0,0.5514269892468143,-0.3080367835915566
-0.110486,-0.941573,23.548105,32.868234,72.051297,70.0,23.564696565548378,32.86685111409937
0.975459,0.536706,0.493613,0.095525,148.214457,70.0,0.502806425244387,0.0798924766017719
0.426028,0.25585,0.882402,0.27871,213.476026,70.0,0.90208865902006,0.27279235521558765
0.079104,-0.492149,-0.080209,-0.161207,271.687724,70.0,-0.09463995253826801,-0.14279392902003063
0.453607,-0.226225,0.464463,-0.148564,241.811712,70.0,0.4509356458179635,-0.16221898339641927
-0.161297,-0.921928,1.349633,-0.048122,113.21423,70.0,1.3448670980333906,-0.030245386567504362
-0.851106,-0.544335,0.751243,-0.488088,152.913576,70.0,0.7383410228564361,-0.5044278255821544
-0.631301,-0.281755,-0.485297,-0.385938,200.815329,70.0,-0.5040227196254451,-0.401038453145355
0.550586,-0.297015,-0.542782,-0.304405,210.36833,70.0,-0.5627582182914022,-0.32260358684505913
0.0735,-0.683098,-16.098256,23.573998,65.164302,70.0,-16.11821969169778,23.581428802315198
-0.823568,0.295153,-2.872657,1.722542,112.743323,70.0,-2.8581427703925772,1.7180580780073724
0.643594,0.885506,-0.73693,0.846128,135.315701,70.0,-0.7546537184768511,0.8290053443334319
0.700537,-0.075867,9.17244,0.171205,96.599771,70.0,9.187544862872075,0.1651208474679645
0.90747,-0.152525,5.242437,-0.083127,88.549535,70.0,5.2343615810415605,-0.07369062277006454
0.511278,-0.945763,-0.182797,0.770788,147.406501,70.0,-0.19586924223202667,0.7829998942441856
0.560018,0.223074,-0.434872,0.25058,216.51353,70.0,-0.4158740987510545,0.23922839783648844
-0.801246,-0.545692,-0.665216,-0.600546,156.997299,70.0,-0.6679843361204991,-0.6202066084462458
0.559591,-0.959217,0.935787,-0.611642,130.777186,70.0,0.934121278695926,-0.6123109548125066
0.444424,-0.572291,-0.514603,-0.148675,176.24108,70.0,-0.528138527960112,-0.165528353339979
-0.501076,0.415941,0.362883,0.142368,197.270055,70.0,0.3759475610532419,0.13754367965746814
0.723294,0.39523,-0.550974,0.523721,176.49103,70.0,-0.5409845868103752,0.5051979980091034
0.632795,-0.612881,-0.680786,-0.442944,160.966582,70.0,-0.6967809277987237,-0.4622597290518512
-0.686083,-0.995291,1.043717,-0.59984,126.009341,70.0,1.0408787608637147,-0.5901429236024324
0.150483,-0.834869,-0.105889,-0.040781,245.377131,70.0,-0.10993889932599848,-0.02351924982756689
0.349798,-0.951618,-19.008824,-8.527122,93.296803,70.0,-18.989324150627148,-8.5131354544008
0.164258,0.690765,8.242227,21.05934,119.021426,70.0,8.222255451320704,21.040696568348665
-0.306481,0.972022,6.663522,-0.294979,98.476282,70.0,6.643613900178087,-0.3014766434045785
0.775519,0.142062,1.637416,-0.141842,143.275651,70.0,1.624391310764058,-0.14838145307552733
-0.371705,0.750966,-10.038558,-10.079384,137.31704,70.0,-10.041179188412176,-10.059436818668862
-0.517439,-0.598026,0.476151,0.063529,168.336485,70.0,0.4823976048195248,0.04904382642017353
0.981389,0.202858,0.993195,-0.141428,112.741506,70.0,0.9802017561370986,-0.13641046199981932
-0.564817,-0.871805,-0.529871,-0.459399,139.736719,70.0,-0.5448250800348318,-0.47702455105640307
-0.431895,-0.864566,-0.102118,-0.413939,207.150966,70.0,-0.11968020067512959,-0.39648987337628755
-0.754628,0.966097,0.783607,0.516077,125.999295,70.0,0.7942511800200063,0.5018087788338211
-0.805983,-0.154377,-2.521714,0.169549,115.232756,70.0,-2.5067181953146274,0.18953119476103053
-0.616885,0.021792,-0.618907,-0.183255,218.920713,70.0,-0.6347737885088638,-0.20323285985847475
0.265418,0.872769,-0.246386,0.969042,121.010342,70.0,-0.26620984496486677,0.9756903620473035
0.623636,-0.551679,-0.477001,-0.229856,168.600091,70.0,-0.49525039185480185,-0.24439965249537
-0.062442,0.532335,-1.280257,-0.485929,241.31203,70.0,-1.2933231911999992,-0.4660683133382919
0.960448,0.246196,30.661576,11.744811,90.076056,70.0,30.67803069408962,11.728652335609071
-0.187968,0.824995,-13.263425,-23.423901,85.682887,70.0,-13.24800287459232,-23.44273142593295
-0.310274,-0.781144,0.101614,0.108318,188.19343,70.0,0.11192398195976798,0.1257917012740962
-0.680579,-0.498641,0.577205,-0.443743,168.871341,70.0,0.5612581667192743,-0.4630933990355838
-0.661946,0.669972,0.740335,0.626516,152.789719,70.0,0.7405152506315419,0.6095717726627135
0.212447,0.59279,-0.195054,-0.422067,137.843396,70.0,-0.21221291549589535,-0.4108481089282465
-0.985796,-0.278488,0.754261,-0.40117,131.308001,70.0,0.7361240515490763,-0.4173339388896879
-0.552348,0.681079,-0.734203,0.511046,156.972181,70.0,-0.7231363013984669,0.49378402100608965
0.888556,-0.039938,-1.607551,0.072581,166.978019,70.0,-1.6004511695340116,0.06892618615110357
0.769053,-0.519124,-0.643703,-0.593534,161.035474,70.0,-0.6471639429031121,-0.6134748586966816
-0.91768,0.547295,-0.797684,0.49319,148.772137,70.0,-0.7851760217644908,0.4799427325448592
0.389338,-0.39798,8.277349,-1.753023,119.717375,70.0,8.26509198882438,-1.7701147482445287
-0.858243,-0.49595,-0.57191,-0.156933,157.370621,70.0,-0.586041763327558,-0.17614277869752762
0.568019,0.698302,-0.593414,0.543646,152.883287,70.0,-0.5851974291256994,0.5239498092678689
0.355949,0.427598,-8.591865,24.926339,128.630673,70.0,-8.609031652587085,24.936755621005652
0.646242,-0.603881,-0.695062,-0.491339,160.984953,70.0,-0.70771387498387,-0.5102356245920209
0.564608,-0.639949,-0.729022,-0.42107,160.999034,70.0,-0.7462319219859641,-0.43858781662140967
0.374053,0.711654,0.55351,0.817232,115.671049,70.0,0.5373051313164339,0.7986148430972221
0.771233,0.112338,8.737489,-1.032116,145.229625,70.0,8.755513649454542,-1.0129790976464936
0.067404,0.858725,-11.742142,-18.939908,62.86183,70.0,-11.750872999989376,-18.95105591733915
0.587508,0.246537,0.065758,-0.095932,212.116776,70.0,0.05652844858834575,-0.07700332514106291
-0.445369,0.677045,-1.32838,-0.229897,181.388839,70.0,-1.3466310689638772,-0.21117002337805993
-0.905114,-0.246845,6.864614,-3.911348,149.571029,70.0,6.851620085960506,-3.9308008489232726
-0.720128,0.804327,-0.697564,0.74408,139.781286,70.0,-0.7085045187417092,0.7252668068115039
0.325201,-0.344026,-0.320053,-0.380943,280.367535,70.0,-0.3389483052868386,-0.3815322881655545
-0.049771,-0.494814,-1.092146,0.336077,122.232665,70.0,-1.0722659766274305,0.3496854793018134
-0.336438,-0.515483,-2.09387,-0.552878,82.984146,70.0,-2.1012364244972748,-0.5629234406824182
0.270362,-0.032822,-0.154806,-0.007105,345.028376,70.0,-0.15551635056456212,0.007196988448864662
0.36327,-0.523078,-8.76058,1.816823,87.267905,70.0,-8.753897759436663,1.8365020288387164
0.62962,0.025008,-0.408022,-0.011317,248.437417,70.0,-0.4091530961720968,-0.020362485431133063
0.316061,0.039074,-0.238947,-0.042881,317.572635,70.0,-0.24320232179230736,-0.03553580209429401
0.723096,-0.920286,0.844179,-0.8457,130.590386,70.0,0.8618828473925696,-0.8551388710090251
0.753453,-0.717943,-0.737113,-0.684272,144.220851,70.0,-0.7315903590382166,-0.7013851918672114
-0.47607,0.688856,0.710277,0.03889,152.400808,70.0,0.7141415385892838,0.020545928485984796
-0.405458,-0.533815,-1.507667,0.435674,138.641661,70.0,-1.49124628865016,0.441882624473071
0.174332,-0.005208,-0.157051,-0.002042,372.424589,70.0,-0.15725519645224428,0.012102160114980205
0.473979,0.17167,0.190372,0.007663,246.426271,70.0,0.19113811252068555,0.019266382626044513
-0.741846,-0.201413,0.235381,-0.604045,153.329508,70.0,0.23295960173597963,-0.5963693069807222
0.854047,-0.024239,0.343413,-0.010592,207.624275,70.0,0.3423542950644825,-0.01350695345440568
0.616591,-0.947208,0.952911,-0.699621,130.698753,70.0,0.9598911602698763,-0.6985781527401641
0.269144,-0.503818,-0.020846,-0.327556,238.892157,70.0,-0.04080114864896915,-0.3076645406111357
0.33694,0.949555,1.121418,0.288338,157.104046,70.0,1.1412515469660556,0.3039384405689124
-0.836045,0.597075,-0.644057,0.228036,148.906234,70.0,-0.6258828270318735,0.20809789290470151
-0.965903,0.070941,-2.220516,-0.213908,164.664047,70.0,-2.238055591086586,-0.21177196754443095
0.299608,-0.488434,-0.190927,-0.834367,123.006229,70.0,-0.17377852542977965,-0.8228088665220943
0.888343,0.374083,0.001285,0.132897,169.519945,70.0,0.013618075775438146,0.15289658719517008
-0.793171,-0.832911,0.782686,-0.805447,135.226438,70.0,0.7981724323735581,-0.8197796083394556
-0.738927,0.861251,0.704315,0.768869,135.223114,70.0,0.6913885928975374,0.7502955763298077
-0.958164,0.135227,1.30859,0.25728,119.343755,70.0,1.3277866241001253,0.276609008885586
0.759405,-0.674733,0.718609,-0.635124,148.552697,70.0,0.7192894156060949,-0.6531202886456363
-0.239358,-0.885588,-0.180658,0.984562,109.112555,70.0,-0.20021686124676474,0.9969425892641202
-0.070402,0.753732,1.668379,29.924226,76.551779,70.0,1.6499227569420833,29.914850324815486
-0.018224,-0.297366,-0.094188,0.173165,252.168522,70.0,-0.07895539734688226,0.19098784362509852
0.173623,0.081462,0.090015,0.082823,335.917011,70.0,0.09806259789307004,0.10083128954810283
-0.873283,0.727803,-0.819694,0.644969,139.786822,70.0,-0.821357124200924,0.6334474952555563
0.19274,-0.621271,4.135717,17.140872,91.41737,70.0,4.1202849271240956,17.135764553995003
0.304782,0.472781,0.363336,-2.935964,202.403766,70.0,0.34620916737322105,-2.940832270286657
0.029116,-0.653358,0.135329,0.310588,245.044896,70.0,0.15532581160065329,0.3261815587840803
-0.995829,-0.900181,0.544102,-0.868626,125.73656,70.0,0.5627539010746928,-0.8868789388389368
0.657713,0.175841,0.385347,-0.009526,265.814638,70.0,0.38439476013988977,-0.016495407112184803
-0.640978,-0.917637,-0.268447,0.135284,132.088371,70.0,-0.2559268941959125,0.13981553000667038
-0.718998,-0.206099,0.415613,-0.436966,242.70503,70.0,0.3992663880810539,-0.4466818335690456
0.089765,0.674324,-1.342039,-0.525083,132.35467,70.0,-1.3519101882121485,-0.5068788348876733
-0.632977,-0.446181,-0.610274,-0.43694,180.088116,70.0,-0.6266221098201686,-0.4568586539308709
-0.963017,0.565426,-1.068021,-1.055303,134.2671,70.0,-1.0511198755856273,-1.0435570459217633
-0.892947,0.235851,0.156669,0.597587,181.991056,70.0,0.15973007413739207,0.6117581419106212
-0.051121,0.810656,12.030263,-40.873749,72.943246,70.0,12.03355243642887,-40.89166067639504
0.699318,-0.559729,-0.612607,-0.466749,161.022096,70.0,-0.6270630291675002,-0.48668731868160053
0.633016,-0.895042,-0.706008,-0.822851,135.320863,70.0,-0.6894802437738347,-0.8413609649134685
-0.975203,-0.243035,0.400098,-0.129049,183.179853,70.0,0.3880701160017697,-0.1373808468462006
-0.690848,0.913591,-0.724814,0.426714,130.848944,70.0,-0.7078984296619536,0.40899703569769374
0.721671,-0.877131,-0.582642,-0.552758,135.06963,70.0,-0.5900195795537748,-0.5722386768002268
0.05936,-0.344606,-0.677879,-0.246245,219.155514,70.0,-0.6967369507176796,-0.26563407579408027
0.206807,-0.201087,-0.118953,-0.001651,282.187277,70.0,-0.11911809812488246,0.014914603910568692
0.328906,-0.079921,0.389717,0.061871,309.96552,70.0,0.395805886357549,0.05449368033598785
0.76368,-0.833923,-0.769641,-0.80188,135.238741,70.0,-0.7543827356085585,-0.8170913141446068
0.262403,0.205386,-0.176171,-0.104273,253.755344,70.0,-0.18613228495512935,-0.09154316140698567
-0.072233,-0.026407,0.03759,0.005055,361.363865,70.0,0.03809544618066018,0.02470278664290244
0.171694,-0.334499,-6.434542,-10.775317,125.093034,70.0,-6.42549301472892,-10.760776036042639
0.077384,0.599857,-10.385441,0.273186,89.305831,70.0,-10.36585923625506,0.2713699804472056
-0.202173,0.085764,-0.179123,-0.036843,363.898996,70.0,-0.1827864974394864,-0.024342222609140002
-0.559478,0.847328,-0.965714,0.499557,140.097527,70.0,-0.9537090958471509,0.501875396536444
-0.953034,0.356271,-0.125728,-0.017527,173.966099,70.0,-0.1274784574364964,-0.0013504400465553165
-0.154597,-0.319915,-0.169318,-0.174216,160.231005,70.0,-0.184618498076091,-0.16096517660139434
-0.819592,-0.881568,-0.834865,-0.857541,130.555568,70.0,-0.8166416202217058,-0.8677904897664871
-0.519851,0.870789,7.044391,-6.086333,113.091545,70.0,7.061048271873912,-6.102078295962886
-0.652771,0.871485,0.756768,0.733693,135.326186,70.0,0.7467113537728659,0.717677967430704
-0.950721,-0.775381,0.269794,0.105717,133.787296,70.0,0.2798802392702363,0.11011723131603633
0.171867,0.571072,-0.264609,12.358711,108.910358,70.0,-0.2818398285624729,12.363615491363744
0.007384,0.098143,-0.008715,0.053144,375.561236,70.0,-0.0034629186639351384,0.07312501519803306
-0.506095,0.053723,-1.825196,-0.30193,170.123346,70.0,-1.8451586229150543,-0.321043820514799
0.914283,0.349276,-0.45787,0.877579,181.727835,70.0,-0.476826243631823,0.8644130674818105
0.288562,-0.135877,-0.262003,-0.085948,273.66648,70.0,-0.2703356891449345,-0.08079128920541223
0.321792,0.360361,-0.079449,0.080005,207.379718,70.0,-0.07166017262576391,0.0984476068948603
0.586204,0.327037,0.555565,0.3325,200.771761,70.0,0.5754809632806568,0.3138087412616271
0.514471,0.716646,-0.495924,0.730887,152.933733,70.0,-0.505737118275735,0.7151113754389936
0.662805,-0.235079,0.446741,-0.037865,207.035273,70.0,0.44297708001712566,-0.05017324168740913
-0.968298,-0.181376,18.425785,-0.941366,94.942639,70.0,18.44578469097817,-0.9517866176297145
-0.380085,-0.090967,0.112702,-0.008433,298.270292,70.0,0.11185894985983731,0.008474708643172391
-0.876062,0.03271,0.713239,0.003876,105.91982,70.0,0.7136265757377034,-0.014348052435163641
-0.235682,0.896491,-15.55018,0.939629,69.825337,70.0,-15.570177971124531,0.9255367063231918
-0.669323,0.68283,0.570166,0.266946,152.50282,70.0,0.5896113100353039,0.24778548971267714
0.318991,-0.710648,16.629869,6.526013,108.254205,70.0,16.648610378868398,6.5280665806963825
0.134742,0.609964,0.044225,0.220835,222.804808,70.0,0.06208686702454896,0.24034802646992776
-0.342771,-0.949253,0.312053,-0.404347,169.290186,70.0,0.29405223169549294,-0.40413637735747143
-0.094957,0.060625,-0.04281,-0.016756,381.490575,70.0,-0.044483640490404486,0.002787572667453938
0.932193,-0.636196,2.145842,-0.654822,130.1175,70.0,2.1484845966801864,-0.6600865137539026
-0.549746,0.412153,0.097808,-0.091518,191.933778,70.0,0.08897225333419949,-0.07386231494371162
-0.937224,0.083468,-0.379821,0.099225,251.191434,70.0,-0.3703005736949048,0.09277615002166821
0.847897,0.59714,0.843882,0.430255,148.702055,70.0,0.8606060045944477,0.4207899550335938
0.131479,-0.226557,-0.229644,-0.40477,276.264431,70.0,-0.2476262932704991,-0.39656776974571545
0.255465,-0.401536,3.213757,9.10409,193.929002,70.0,3.233746344980273,9.085377859345936
-0.620696,-0.044647,-0.70329,0.356483,183.260235,70.0,-0.6837361558970656,0.3378718027492936
-0.385264,0.862229,0.255417,-0.076669,124.499669,70.0,0.24793650456582356,-0.07087886792462351
-0.514086,-0.239652,-0.361701,-0.137626,225.416762,70.0,-0.37440287680122736,-0.14233552703311267
0.169133,0.621253,-18.501426,-0.740467,81.962273,70.0,-18.490789699834185,-0.7438477548627103
-0.603624,0.888317,0.863832,0.753578,135.375653,70.0,0.8521090223930714,0.7459145411766979
-0.062738,-0.443279,0.293558,-0.468736,190.106707,70.0,0.2792399947811645,-0.4666795146264575
-0.188364,0.16261,-2.245772,-0.425054,202.990006,70.0,-2.262775553338313,-0.4204304905009944
0.990662,0.05381,-1.334635,0.022744,148.1944,70.0,-1.3323654990116702,0.041242259569569076
0.387018,0.604098,-1.234001,-0.236006,152.664143,70.0,-1.2524933487947334,-0.21613396113561287
-0.924328,0.811348,-0.704665,0.629867,130.680906,70.0,-0.7048198453811866,0.6113065864063575
0.329459,-0.775793,0.174394,0.93704,110.644209,70.0,0.1544013919511575,0.9499063913790944
-0.746095,0.373999,0.588485,0.464806,176.564086,70.0,0.603074617004406,0.44520136799937715
-0.205064,-0.512968,0.913382,0.198921,156.734107,70.0,0.9301528764420001,0.19602167265926068
0.549739,-0.539848,0.665334,-0.363757,172.718568,70.0,0.6459458385649627,-0.3834154404017203
0.766672,-0.539905,-0.309865,-0.090866,160.255226,70.0,-0.31864220760649375,-0.09043660645889297
-0.183449,0.772614,-26.683369,-19.256963,79.617204,70.0,-26.70123430508773,-19.254949561034362
-0.669563,0.646599,0.087055,-0.111329,154.442504,70.0,0.07648818654327416,-0.09319391759701204
-0.612185,-0.998621,0.466416,-0.001972,126.87532,70.0,0.46621880319526865,-0.01576902659623953
0.171406,0.824751,-1.030339,-0.654814,101.459602,70.0,-1.027697196307862,-0.6463077703471796
-0.412262,-0.892816,0.757355,-0.394186,144.651792,70.0,0.7389348213804781,-0.41016580254562707
0.43553,-0.040385,-2.198729,-0.279334,124.037259,70.0,-2.2184265655335387,-0.2793725857273485
-0.757488,0.905397,-0.835676,0.831587,130.578453,70.0,-0.8526797606988008,0.8214072350776058
-0.999982,-0.698074,-0.805469,4.544728,123.601355,70.0,-0.8188434821885556,4.532073858596958
-0.535209,0.74212,0.551535,0.151588,152.461538,70.0,0.5652835364446297,0.13304391250365333
0.804789,0.094485,8.260066,-0.511146,99.902036,70.0,8.249007632370013,-0.5290703738354696
0.00749,-0.112796,-0.479521,-0.050954,256.925385,70.0,-0.4845614567881288,-0.06566947735834006
0.243047,0.896744,-0.303322,0.111736,178.065216,70.0,-0.2927206528254045,0.11281919628169099
-0.41746,-0.256855,0.037956,0.015953,263.198379,70.0,0.03954960886727406,0.03559391520618655
-0.955198,-0.018878,-13.253473,-0.03753,88.02699,70.0,-13.257204013313233,-0.0566723158687944
0.72288,-0.557043,-0.644667,-0.576291,160.999287,70.0,-0.6498112715301143,-0.5962242190852486
-0.225942,0.600939,-19.179383,-4.489701,69.195882,70.0,-19.170551444472686,-4.491266179243352
-0.019372,0.408975,2.091415,3.282338,253.615249,70.0,2.0784737286216117,3.2720810352180107
-0.360161,0.773923,0.123359,-0.993151,94.435542,70.0,0.14272048335554194,-0.9768362701784483
-0.682303,0.540928,-0.66345,0.552021,164.960289,70.0,-0.6560039682052438,0.5323287624639668
-0.620906,0.426302,0.606154,0.423895,183.693683,70.0,0.6232182883657277,0.4040176909576139
0.858382,0.821556,-0.567025,0.293924,134.777264,70.0,-0.5471272791966745,0.27485589601853977
-0.114272,-0.576811,-0.06358,-0.676882,191.711772,70.0,-0.05877123450022432,-0.6578841217137825
-0.469248,-0.643001,-5.937081,-0.828494,126.834313,70.0,-5.920242106136399,-0.8316749383906378
-0.924025,-0.08841,0.054418,0.017762,248.66225,70.0,0.056191866041739015,0.03702622646291995
0.08601,-0.433056,5.852377,-5.59001,119.20113,70.0,5.846004398508211,-5.601024710850219
-0.380024,0.930672,-0.191709,0.319632,220.053161,70.0,-0.1717164872389099,0.33112622604611625
-0.196273,-0.759741,-0.993073,0.172615,110.921606,70.0,-0.977876095559731,0.17762072723562106
-0.964761,-0.733871,0.94039,-0.655968,135.280562,70.0,0.9431461479117697,-0.6561767758158483
-0.175058,-0.207059,-0.09893,0.091947,334.108001,70.0,-0.09005578725063347,0.10954969834025344
-0.038598,-0.716423,-0.539731,4.146631,69.654926,70.0,-0.5207015034616534,4.12856107002986
-0.924008,0.204155,0.222857,0.105229,230.237166,70.0,0.2329010694363822,0.11404538754719998
-0.768394,-0.394902,-0.520546,-0.376516,172.788437,70.0,-0.5395817586067783,-0.3936818575442962
0.879207,0.835541,0.682621,0.583187,130.694622,70.0,0.6870959478136338,0.5639196719195054
0.93603,-0.137898,0.505276,-0.037661,146.318826,70.0,0.5015321174540619,-0.05399401472265883
0.356085,0.724372,0.811124,0.488355,157.385534,70.0,0.824005564206021,0.4761437764858306
0.514778,-0.132398,0.600604,-0.092307,246.922773,70.0,0.5916975395202326,-0.11211528327633219
0.784223,0.430145,0.599338,0.182239,165.306915,70.0,0.6151427320394113,0.16244860065993466
-0.549372,0.706996,0.628852,0.630524,152.859406,70.0,0.6286314575416068,0.6105240711473265
0.484233,0.511373,0.467549,0.352286,180.233464,70.0,0.4871866872629231,0.33840717157500194
0.652804,-0.320603,-0.450366,-0.363219,190.760467,70.0,-0.46976729673255774,-0.3758109288806656
-0.367447,0.3228,-2.371702,-0.634623,181.794574,70.0,-2.371071657474748,-0.6194279067352563
-0.706381,-0.150765,0.471141,0.442746,168.446745,70.0,0.48714780665082763,0.4286107885069116
0.091824,-0.721697,6.574104,1.458829,119.988321,70.0,6.591050837549701,1.461147830452371
0.435786,0.261692,0.397376,0.176166,236.462448,70.0,0.41280134897613885,0.16808237239029883
0.249277,-0.405046,-0.395683,2.129891,253.563853,70.0,-0.4144969264771728,2.1219625152908175
0.391035,0.124659,-0.388251,0.083406,268.02537,70.0,-0.38015006431024134,0.07616513945033489
-0.860076,0.697207,-0.449412,0.147603,140.415213,70.0,-0.43595558551841807,0.13508533248038995
-0.048995,0.535809,-0.543057,-0.258022,122.322468,70.0,-0.5622743108337843,-0.27623197562876933
-0.65454,-0.85582,0.505003,-0.138708,135.934575,70.0,0.49221773201995533,-0.15502524380247934
0.228609,0.237849,-13.885559,-15.078212,143.78175,70.0,-13.885415727502327,-15.0591822195694
-0.474025,-0.930687,-0.368451,0.475471,114.847685,70.0,-0.3546112629175094,0.4701082604158635
-0.055924,0.086056,-0.043742,0.06655,379.782156,70.0,-0.03720913167452954,0.08607356306941882
0.338858,-0.80798,7.324915,-10.949429,85.054587,70.0,7.344385010532335,-10.939906208390628
0.2836,0.466239,-1.029382,2.498148,92.463181,70.0,-1.030893170678395,2.5065675196016217
0.072885,0.979787,0.236869,1.916306,155.005523,70.0,0.2337467820715592,1.9238440765628957
-0.723374,0.251966,1.06395,0.075462,197.138887,70.0,1.071318420450961,0.08687604865568097
0.797449,0.721729,-0.523297,0.292685,143.843655,70.0,-0.5034121753035142,0.2753796004154081
0.09348,-0.887231,3.957166,1.595487,118.235335,70.0,3.9770137861324932,1.6073428564466108
0.316242,-0.921132,1.665659,-0.887766,136.866019,70.0,1.684915310053992,-0.896900554416424
0.526162,-0.790724,0.424645,-0.508171,148.662467,70.0,0.413339977370026,-0.5186661237767242
0.299292,0.208136,-0.215346,-0.082259,321.238898,70.0,-0.2233419332975831,-0.0727748031773751
0.147736,-0.994028,-8.456622,-23.904394,99.868045,70.0,-8.459441559051646,-23.906954767546654
-0.633968,0.907398,0.534,0.566805,135.136954,70.0,0.5400548266235473,0.5489880826643885
0.633887,-0.264302,-0.295444,-0.037171,204.508803,70.0,-0.29913973753370365,-0.035302203614540305
-0.129444,0.435961,27.16978,-29.472145,91.735034,70.0,27.163981858937316,-29.48663598857275
-0.795828,0.511485,0.56616,0.524773,161.034911,70.0,0.5760581374181791,0.5057311707017537
0.52794,-0.918866,-6.592821,3.831197,112.009206,70.0,-6.586787880195171,3.8316493186862823
0.622909,-0.774793,-0.620026,-0.75398,144.297662,70.0,-0.6082704759207865,-0.7739628109463338
0.061565,0.718606,-2.228121,1.211148,89.796285,70.0,-2.2326307872749975,1.214038456395578
-0.394488,-0.166453,0.335309,-0.290733,220.784888,70.0,0.3154460406893211,-0.2928440337864184
0.420254,-0.797984,-0.215673,0.100722,152.76965,70.0,-0.20602119038371727,0.11017739469124578
0.279027,-0.39763,0.008942,-0.535298,135.904402,70.0,-2.8291061502627377e-05,-0.515317986511274
-0.959759,-0.674236,-0.494407,0.042347,139.027304,70.0,-0.49020387062247417,0.026665074397825637
0.119987,0.625928,-1.534327,-4.198516,85.751016,70.0,-1.5511409344167204,-4.194889244011761
-0.025765,0.95964,0.843607,-0.578303,125.918039,70.0,0.8386574160392749,-0.5877922615027582
0.668056,0.009551,-0.731668,0.000525,193.857055,70.0,-0.731615500060293,-0.016863615302772826
0.528202,-0.514451,0.249522,0.001037,179.26302,70.0,0.2496256995353516,0.007388790658005626
-0.382209,0.209958,0.314024,-0.074896,295.931048,70.0,0.3067082276875117,-0.07488247346513328
0.761707,0.005735,0.006101,-0.000782,179.628535,70.0,0.006022800199254751,0.01920869517133816
0.390965,0.944035,3.683685,-2.16324,113.184335,70.0,3.7033641104243196,-2.1450701255934
0.401507,0.123143,-0.392672,0.011156,276.354097,70.0,-0.3915569784245421,0.0035048334455730096
-0.338696,-0.467489,-3.561492,0.6908,98.548747,70.0,-3.567639006941491,0.700888232301547
0.914284,0.369735,1.262176,-1.113866,122.4775,70.0,1.275271052750783,-1.093873669469881
0.12834,-0.983564,-25.509689,28.361634,70.846461,70.0,-25.518144415302338,28.35545778281649
-0.766763,-0.98608,0.954169,-0.897499,125.821469,70.0,0.9736653551048233,-0.8963305453287043
0.945517,-0.698336,0.00389,0.142271,137.560632,70.0,0.01694721505315204,0.16226721709425915
-0.933159,0.39745,-3.80475,-21.191218,112.983286,70.0,-3.7896184889180966,-21.171520669268133
-0.049965,0.239352,-3.383401,-7.91393,153.903999,70.0,-3.4025092550340283,-7.921008316196481
0.786099,-0.037961,1.204859,0.077306,179.348405,70.0,1.212398533964463,0.09663949327007289
-0.008588,-0.342253,-1.233349,0.999091,240.547012,70.0,-1.2525530722122622,1.0189555696700245
-0.239756,0.4172,0.034166,-0.443568,199.741478,70.0,0.0182086110820211,-0.42385911987817393
-0.112623,-0.854998,9.783267,0.247512,61.825576,70.0,9.80216677363787,0.25190876906189313
0.056286,-0.008833,0.043193,-0.000117,340.612051,70.0,0.04318130000066734,0.019418401181562392
-0.457138,0.874296,0.79605,0.783232,125.967929,70.0,0.7820618617391677,0.769862759566494
0.295739,0.490215,7.452211,-0.610128,104.896277,70.0,7.450394453875674,-0.5920164475637507
-0.950946,-0.553029,-0.860071,-0.466386,148.732086,70.0,-0.8745520906668095,-0.4743954781584781
-0.750789,-0.517056,0.440275,-0.148263,161.444938,70.0,0.4267698317098934,-0.16005524486285855
-0.155593,0.942455,-0.893717,-0.866883,122.951932,70.0,-0.8751287155752165,-0.8717109169662218
-0.164071,0.464279,-0.453513,-8.525779,108.341893,70.0,-0.4339837439353022,-8.538613857463943
-0.864985,0.201514,-21.177103,-1.538365,90.162121,70.0,-21.19684062793508,-1.526386450832069
0.852164,0.314356,-0.64943,0.234122,203.456253,70.0,-0.6310102316211368,0.21423332011219787
-0.61151,0.345169,-0.479851,0.293162,194.154283,70.0,-0.459961120085891,0.27842419418235353
-0.74925,-0.641889,0.483776,-0.268453,152.439289,70.0,0.4642959966146862,-0.28345328566122996
-0.234248,0.98964,-0.515786,3.255037,80.849474,70.0,-0.5265318188520058,3.2381202451110567
0.886888,-0.068216,0.811163,-0.061594,211.839389,70.0,0.8051005045586699,-0.07380213460254448
-0.513188,0.853501,-0.633727,0.341001,141.222185,70.0,-0.6139068494827477,0.3210083124393522
0.793567,-0.514894,-0.497754,-0.431151,160.945568,70.0,-0.5144286981161139,-0.44703844795780945
0.17579,0.505666,-1.513711,1.001325,110.687,70.0,-1.5328514796523103,1.0069563369992052
0.728095,-0.900909,0.712843,-0.47323,130.79734,70.0,0.6988423550436066,-0.4914703302571931
0.418116,-0.718734,-4.915068,-4.100591,112.154325,70.0,-4.93499980664223,-4.083618346402372
0.240484,-0.189751,0.136837,-0.00087,231.773945,70.0,0.13675000027437598,0.014628688366900218
0.860551,-0.725924,0.859584,-0.724344,139.800034,70.0,0.8688218425483221,-0.7323980785769175
-0.609176,-0.425468,0.514262,-0.302723,183.739569,70.0,0.49429468813317357,-0.3195579682519508
-0.847694,0.8114,0.804081,0.725291,135.204692,70.0,0.7947592684730094,0.7125296786915558
-0.793987,-0.543521,-0.700567,-0.597868,156.99215,70.0,-0.7036003022030032,-0.6165771690983679
-0.95001,-0.811226,-0.88377,-0.829219,130.600741,70.0,-0.8668920984806023,-0.8350058326723926
-0.274474,0.915901,-2.875168,0.268454,87.756149,70.0,-2.8556879739602015,0.2637257298159619
-0.453245,0.308441,0.567937,0.201739,222.471839,70.0,0.5848597409097166,0.18264357998035416
-0.035874,-0.93556,1.195775,0.068345,119.753291,70.0,1.2024772569393238,0.08742607671474274
0.04923,-0.593714,-0.051835,-0.385542,168.847192,70.0,-0.07057459195917598,-0.3662099651861761
-0.550799,0.722978,0.729529,0.511258,152.833722,70.0,0.7405780336598302,0.4937647028620274
-0.90906,-0.576968,-0.509365,-0.059876,148.195858,70.0,-0.5152635568255409,-0.07644157417363355
0.902423,-0.978393,0.052127,0.172783,123.031914,70.0,0.06733482082507576,0.19210753074317477
0.140622,-0.562214,-2.087775,-1.87064,147.31517,70.0,-2.0892053371190142,-1.8812077352792491
0.86467,0.503399,0.336289,0.143317,156.43421,70.0,0.3494252683090857,0.1411085393923267
0.626512,-0.207194,0.642859,-0.25746,200.896313,70.0,0.6236573332697833,-0.27740716696574375
-0.308245,-0.674985,-0.267625,0.806404,206.006119,70.0,-0.28317181307064776,0.8110155537630042
-0.467444,-0.334103,-0.189565,0.02292,214.135676,70.0,-0.187278013573784,0.034589017818603476
0.732757,-0.558937,-0.521322,-0.373807,160.847926,70.0,-0.5404391102931686,-0.3910125494611428
-0.059495,0.067649,-0.005616,-0.088437,376.659256,70.0,-0.014174306582242106,-0.06844488434592128
0.978338,0.92228,-0.617146,0.5869,125.50999,70.0,-0.6130336890367422,0.5669311982461972
0.753613,-0.023528,-0.857729,-0.039337,164.136462,70.0,-0.8616373864886009,-0.047560523485796806
0.564405,-0.044451,-0.086515,-0.00952,267.87877,70.0,-0.08746664054013824,0.008637785900820965
0.91006,-0.625922,-0.429986,-0.818089,144.440187,70.0,-0.41373105202856225,-0.8290349816244786
0.129246,0.232995,-0.070045,-0.063295,374.897359,70.0,-0.07626937116711614,-0.044509089258730386
-0.054485,0.262493,1.274595,1.612495,203.275507,70.0,1.294161877546686,1.63241443226182
-0.279789,-0.407187,-0.544386,0.118505,157.540037,70.0,-0.5332168525535129,0.10024047110242368
0.406125,-0.260671,0.453062,-0.436895,213.469429,70.0,0.4367112983114017,-0.4496952367744158
0.895371,0.503735,-0.81062,0.397947,152.971149,70.0,-0.79234957613865,0.38569590005864085
0.273504,0.779236,20.775004,-0.276172,70.366163,70.0,20.755363674832445,-0.2957634879472178
0.6223,0.989303,0.253231,-0.010537,129.187698,70.0,0.2521777873931537,-0.00453797926885773
-0.791565,0.163445,-15.837225,-0.477856,97.290832,70.0,-15.85089158157156,-0.4938222463679972
-0.977128,-0.584316,0.457644,0.038367,144.717208,70.0,0.46145721107543114,0.025218088228975824
-0.606606,0.771629,0.674489,0.403163,144.544433,70.0,0.6925410525442096,0.3836935654895292
0.766317,-0.505117,-0.463352,-0.139463,161.452974,70.0,-0.4761952353255715,-0.15303659760112634
0.503655,0.929669,0.702632,0.192573,139.781563,70.0,0.7190486267752234,0.17393781151953516
0.951785,0.654847,0.296288,0.417616,158.386775,70.0,0.31367131330560105,0.4194007492507093
0.009751,-0.122832,-0.044337,0.099377,253.544908,70.0,-0.03480320905280482,0.11888756694387659
-0.442602,-0.819999,0.431178,-0.277572,144.236003,70.0,0.4115117247428901,-0.28861754952781293
0.270609,0.124733,0.124475,-0.025456,354.421202,70.0,0.1219362676389579,-0.00920607591873887
0.393238,-0.8414,1.250849,0.784513,120.624436,70.0,1.236769593182845,0.8045046251707502
0.587301,0.767935,-0.74793,0.076703,144.889855,70.0,-0.740446351450306,0.060174380768402806
0.690859,-0.731722,-0.372795,-0.137428,144.895968,70.0,-0.3854815763663625,-0.143207934389647
-0.04655,-0.366392,0.816248,0.708917,132.827753,70.0,0.8084045454339359,0.6971155444677218
0.052406,0.789669,0.513386,1.278897,65.616704,70.0,0.5156074009071796,1.2621094856923916
-0.033235,-0.576121,-3.17614,1.762194,77.798542,70.0,-3.16462031026784,1.7424916386027118
-0.870615,-0.4302,-0.423124,-0.171586,157.52087,70.0,-0.438253807893229,-0.18195134601183563
-0.370164,0.655199,-0.71466,0.242031,193.871161,70.0,-0.6959465858335746,0.22386594635358129
-0.064749,-0.232673,-0.825771,0.562114,164.638498,70.0,-0.8192707933524089,0.5510944689780095
-0.541062,0.367883,-0.529454,0.332341,200.813891,70.0,-0.5095365869675743,0.3147351946213736
-0.998602,0.503886,-0.526536,0.275174,149.002695,70.0,-0.506914761154224,0.25770850381228927
0.813067,-0.786965,-0.331199,-0.017085,136.256275,70.0,-0.3329054228146802,-0.01878691274111558
-0.517912,-0.54669,-0.607894,-0.357028,172.750555,70.0,-0.6274363241881417,-0.3769238002420681
-0.216232,-0.208102,-0.217567,-0.148184,299.592436,70.0,-0.23106634034495427,-0.13889592342481077
0.436299,0.869931,6.924169,8.20036,103.465976,70.0,6.920961007568482,8.18040008818342
0.925531,-0.599953,0.503833,0.132246,147.934978,70.0,0.5161147615676196,0.11599668984682368
0.588438,-0.125377,3.556416,-0.764861,108.749823,70.0,3.5690339951009356,-0.7552142635970335
0.786884,-0.83533,-0.779106,-0.811181,135.22843,70.0,-0.7632631385031767,-0.8257609871263093
0.610818,0.011182,0.84529,0.008304,121.454386,70.0,0.8461201614313651,-0.0010367769245279157
-0.068909,-0.153785,-0.075704,-0.390044,319.368321,70.0,-0.09428156505481608,-0.3714597483880498
-0.66492,0.683969,0.601986,0.307121,152.565527,70.0,0.6219736169832211,0.2872941002680687
-0.540511,-0.371378,-0.251448,-0.037106,200.162641,70.0,-0.25513734927762394,-0.030937129808196732
0.246126,0.635901,1.078085,-0.26604,113.199336,70.0,1.058661078925831,-0.25349470650525746
-0.410732,0.833117,-1.150443,0.412853,148.811332,70.0,-1.1328290978699673,0.4300993228359312
0.194331,0.124517,-0.194194,-0.06322,364.531944,70.0,-0.20041124319189088,-0.05193001747602505
0.752756,-0.432782,-0.556541,-0.32717,169.036558,70.0,-0.576498695118635,-0.34589576191153215
0.23805,0.90717,-0.675774,1.089904,128.940934,70.0,-0.6905820007136935,1.0704643688844784
0.813773,-0.910997,0.696016,-0.624134,130.418705,70.0,0.695597577457693,-0.6429991607442986
0.86795,-0.362631,-0.77493,-0.473572,129.269369,70.0,-0.7889062018945152,-0.48843464142659815
-0.746547,0.780965,-0.741776,0.770811,139.78328,70.0,-0.754849982853912,0.7539437657875335
-0.325592,-0.218087,-0.803466,-0.229603,240.755704,70.0,-0.8217050258995159,-0.2424116147704013
0.612849,0.145156,-15.945929,-12.259616,107.34324,70.0,-15.925942705648447,-12.267052378666124
-0.370475,-0.567932,-0.089814,-0.094062,238.824921,70.0,-0.09887725299565593,-0.07604497538314466
0.772351,0.909821,0.828954,0.878318,130.567744,70.0,0.8099743243476791,0.8675654812352585
-0.631505,0.300047,-0.522214,0.301002,200.805048,70.0,-0.5022572628016782,0.2837511453226772
0.895464,0.056095,0.273376,-0.044344,217.088783,70.0,0.2689778431387819,-0.04029387883143881
0.793782,-0.905106,0.816731,-0.859253,130.557406,70.0,0.8350242512993846,-0.8710154261479619
-0.124033,-0.629157,-0.081683,0.156015,97.705045,70.0,-0.06761634528524525,0.17437002932660473
-0.236957,-0.536929,-2.041371,0.205251,92.096891,70.0,-2.0242637002938393,0.1910619746670767
-0.160537,-0.142219,-0.048237,-0.016164,297.287325,70.0,-0.04985164088818843,0.0032571123063436513
-0.270696,0.408699,-0.536041,0.600222,169.821903,70.0,-0.5332405794064534,0.5823132882234489
-0.996283,-0.528715,0.794955,-0.617967,144.552055,70.0,0.7939203090370831,-0.6314174798688752
-0.118222,-0.95502,0.049807,-0.067671,317.938898,70.0,0.043168283795933016,-0.048287985692868574
0.985133,-0.864822,-0.479588,-0.899687,125.906901,70.0,-0.4600440194944341,-0.9144070139554401
0.944986,0.371495,8.078427,-2.538082,134.275299,70.0,8.075952568866363,-2.5561033680095284
-0.284791,-0.476966,5.279096,-1.889314,141.361759,70.0,5.279531806289143,-1.8832498358598482
-0.361894,-0.358156,-1.200791,0.360885,252.585337,70.0,-1.1813343453873388,0.380110357251415
0.471968,0.361332,-0.585371,0.234342,210.452739,70.0,-0.5669426717878384,0.214801353369647
0.910335,0.004017,-9.883367,-0.003904,94.864273,70.0,-9.883757375208095,0.009315973612460966
-0.482969,0.74071,0.513481,0.505364,153.067065,70.0,0.5250164563373088,0.48857132384564544
-0.892142,-0.229664,-4.54222,1.227299,125.088762,70.0,-4.545143295828673,1.2122622448410174
0.033578,0.340962,0.040786,0.169479,261.362377,70.0,0.055777172037747666,0.18906456481751266
0.553059,-0.734314,0.424244,-0.60049,148.792365,70.0,0.4214701178933305,-0.6109509674761125
0.388138,-0.570259,0.550227,0.087783,202.748759,70.0,0.5587261511798148,0.06928830063178432
-0.350275,0.92062,-1.193417,0.675227,110.926576,70.0,-1.1980649577292881,0.6942360982028425
0.86059,-0.069715,8.586503,-0.397995,127.554081,70.0,8.56823452926228,-0.3880397999198016
0.308208,0.058376,-0.349009,0.016924,312.069235,70.0,-0.3473186190278879,0.013456635258248827
-0.868732,-0.786812,0.860533,-0.790221,135.228743,70.0,0.8750120170375512,-0.7981881233893308
0.05795,-0.040629,0.022367,0.022323,364.158593,70.0,0.024594667921486953,0.0421980596290254
-0.858959,-0.524782,0.588308,-0.191358,153.193307,70.0,0.571961072964099,-0.2109591223165846
-0.013921,0.03109,0.015004,-0.033446,332.851987,70.0,0.011674967326105882,-0.013502253613627509
0.531887,-0.571149,0.521485,-0.110608,172.428351,70.0,0.5109794703149086,-0.12782185391174858
0.697305,-0.391308,0.494198,-0.343004,180.048477,70.0,0.4744056443794671,-0.35867294568261165
-0.70836,0.597543,-0.669052,0.548465,156.939216,70.0,-0.6612771259554441,0.5288783720088712
0.911322,0.591631,-0.484687,0.569042,134.746095,70.0,-0.47884575004578417,0.5539816146493455
-0.454813,-0.047953,0.402537,-0.062208,263.630919,70.0,0.3964160220359622,-0.07076094969184948
0.047263,0.357203,-27.748967,21.041953,79.433984,70.0,-27.768955718921838,21.059361235421594
-0.481041,-0.853113,0.497846,0.036576,175.367437,70.0,0.5014832459374626,0.020682965357521396
-0.265045,-0.608371,-2.608753,-0.933061,85.519888,70.0,-2.588775164916849,-0.9152970974226904
-0.884175,-0.325119,1.297247,-0.890433,107.174677,70.0,1.3165736474578709,-0.8708438771852861
-0.281663,0.085369,0.231266,0.059237,333.884183,70.0,0.2371034691252976,0.06729102999866668
0.789391,-0.700396,-0.777823,-0.685772,144.224854,70.0,-0.7721563477572213,-0.7004395097206781
0.442373,0.962758,-17.941376,-5.396944,89.740044,70.0,-17.960590559826244,-5.40035700127836
-0.932571,0.281012,-2.946382,-1.11843,116.162012,70.0,-2.9336352936504753,-1.12963591901136
0.971943,-0.557093,0.41437,-0.0201,148.010573,70.0,0.4123633818754088,-0.029706999150564267
0.939799,-0.801126,0.687857,-0.622391,130.706845,70.0,0.6872643337025052,-0.6415113180615439
-0.524297,0.139512,0.438591,0.089642,249.297573,70.0,0.447258060756448,0.0779861859396841
0.7834,0.600497,-0.720345,0.625238,152.82149,70.0,-0.7200369591085674,0.6073181253052002
0.549787,0.277569,0.461851,0.236556,213.458485,70.0,0.48036422818390967,0.2230930222049345
-0.900583,-0.097634,-7.453759,-0.508016,84.072793,70.0,-7.465076805476293,-0.48983932757152404
-0.92907,-0.886041,0.535109,-0.459172,126.105556,70.0,0.5201398560702034,-0.47703902566831125
0.303693,0.174495,-0.237521,-0.094128,281.723109,70.0,-0.24659013592586904,-0.08665035504226352
0.734303,-0.56481,-0.207934,0.05022,159.691228,70.0,-0.20296460773951827,0.06035009646117821
-0.76377,-0.684268,-0.509031,-0.286215,148.201523,70.0,-0.5288360968937934,-0.3027618365173167
-0.488698,0.451793,0.57903,0.218687,190.731772,70.0,0.5967942063562102,0.1992912721841469
-0.714958,-0.293375,0.63903,-0.234753,183.907126,70.0,0.6205857402111712,-0.25472432296218067
-0.750495,0.431667,0.579633,0.426186,168.965913,70.0,0.5965766819616488,0.40677564983679965
-0.970621,0.766153,-0.06673,-0.131183,132.671183,70.0,-0.07892769254161436,-0.11228593425433214
0.735446,0.647236,-0.568661,0.383483,152.613201,70.0,-0.5498504641982193,0.36436617757483647
0.093959,-0.829029,-20.772424,30.543181,69.753977,70.0,-20.753627381840676,30.523539264403986
0.516746,0.941917,-1.655117,-15.560304,116.030744,70.0,-1.6685775766831503,-15.568488478881717
0.792294,0.077795,-0.402584,-0.077085,137.781359,70.0,-0.4101030598430369,-0.0856421979999131
-0.505362,0.379972,-0.500265,0.168838,200.901951,70.0,-0.48531633510953864,0.15279928224695866
0.195248,-0.470058,-0.089796,-0.728242,118.472471,70.0,-0.08021420613209793,-0.71022419402584
-0.265063,-0.916573,9.974874,-0.708864,79.47619,70.0,9.98271257886525,-0.6903742891160217
-0.842272,-0.062707,8.102802,-0.082121,107.736412,70.0,8.094818717738043,-0.1010631659699369
0.076142,-0.288441,0.161132,-0.417353,267.350129,70.0,0.14373569582496096,-0.4035002932825523
0.176634,0.682617,-2.239944,1.20765,90.715536,70.0,-2.244793871267226,1.2117046137220076
0.749823,0.270296,-3.907882,-7.264594,143.931884,70.0,-3.8882597087903674,-7.249167222174584
0.861187,-0.030799,-0.340512,-0.008061,266.029485,70.0,-0.3413178817670887,-0.010688654624799593
0.355211,0.027577,-0.290113,-0.019795,314.210287,70.0,-0.29208926970224536,-0.017396162653529525
-0.509914,-0.120314,-0.359157,-0.000694,213.441661,70.0,-0.359226399860727,-0.005155906416490332
-0.117911,0.276767,-0.535457,-0.767459,223.601388,70.0,-0.5226385055740183,-0.7853416363054992
-0.371173,-0.30783,-12.154877,3.197512,128.624481,70.0,-12.160396361264961,3.1881582668355994
0.302474,-0.320105,4.451252,-0.012004,215.602618,70.0,4.450052320590435,-0.03130526623367604
-0.009996,0.002171,0.003484,-0.002428,302.28897,70.0,0.0032412059639171987,0.01756896551273738
0.481767,-0.93819,0.308947,-0.353463,130.484776,70.0,0.2893319545942082,-0.3529418324643129
-0.151568,0.597097,4.774408,13.771877,88.524956,70.0,4.769350447888004,13.777979984003093
-0.594432,-0.619483,0.74081,-0.533472,161.003702,70.0,0.7316768816595351,-0.5503909449147005
0.350621,0.881428,0.67555,0.205374,118.996636,70.0,0.6926636681880427,0.18592911579836127
0.152499,-0.947097,-13.570741,-10.702346,118.325747,70.0,-13.568651720955096,-10.696255057206912
0.132493,0.80201,-22.264219,-12.764694,64.636826,70.0,-22.280957241548965,-12.76877404082166
-0.61432,-0.875136,0.754182,-0.428625,135.53229,70.0,0.7373691586617929,-0.4447935900357599
-0.415558,-0.286089,-0.192129,0.007349,273.314072,70.0,-0.19139426536522314,0.01880882976496434
-0.301407,0.255921,-0.3677,-0.173716,251.90163,70.0,-0.38296825026079684,-0.17900635204895377
-0.736312,0.804389,-0.647338,0.587769,139.689158,70.0,-0.64331077078158,0.5678593669193277
-0.636036,0.140443,-0.566231,0.157195,207.169241,70.0,-0.5520807090280858,0.13815100062645325
0.422223,0.302596,-5.211675,-1.259759,142.02911,70.0,-5.211987181178239,-1.2477324334271382
-0.272085,-0.938519,-8.117563,1.332762,104.151602,70.0,-8.110132989457371,1.3133981299004989
0.314093,0.965589,0.746575,0.017039,198.822096,70.0,0.7482768395434719,0.0004344690293852718
0.658031,-0.473771,0.313283,-0.065681,173.250658,70.0,0.30683232641379915,-0.06559337374444865
-0.673643,0.082407,4.985697,-0.007293,113.012298,70.0,4.984967861613831,0.012291242422136212
-0.977411,0.657016,0.554657,0.4795,144.260417,70.0,0.5682030910419673,0.4608412402243464
0.472069,0.067575,0.430829,0.073176,256.253922,70.0,0.4379844237013977,0.06215956202082671
-0.273396,-0.96848,-5.993832,-10.530284,109.2944,70.0,-6.007547312405775,-10.52780975928702
0.749592,0.391672,0.678602,0.458779,172.849598,70.0,0.6935971781092736,0.43940778416990534
0.837988,0.061206,0.658466,-0.051901,183.526416,70.0,0.6533339568524613,-0.07167421242976232
0.688232,-0.891008,-0.527098,-0.495121,135.017496,70.0,-0.5394547206566265,-0.5126138094097058
0.820689,-0.679396,-0.797443,-0.637442,144.245398,70.0,-0.7965309694624261,-0.6507073131368757
-0.609755,-0.153223,-1.306321,-0.035062,199.561529,70.0,-1.3098092678889974,-0.01567595628131113
0.784685,0.198599,-0.735353,0.102518,227.19087,70.0,-0.7255442796947889,0.08531438505548267
-0.140861,0.549807,3.629922,-15.509132,88.605042,70.0,3.613156014154428,-15.493834459510653
0.605181,-0.728771,0.486744,-0.695029,148.655741,70.0,0.4932920329375119,-0.7102239367031155
-0.458847,0.165452,0.431607,0.156493,249.422657,70.0,0.4457075936531207,0.14541171188075727
0.750517,-0.064767,0.551171,-0.046567,229.192341,70.0,0.5465562610417053,-0.06509742296004394
-0.53787,0.011351,-0.776018,0.014248,226.148394,70.0,-0.774594404870224,-0.0005416189156057204
0.782738,-0.519146,-0.533953,-0.489401,160.990146,70.0,-0.5467543736182223,-0.5072157816070133
0.712696,0.280637,0.336001,-0.026702,187.871456,70.0,0.3333387256166357,-0.028881834449090395
0.661181,0.473589,0.439456,0.229642,172.893125,70.0,0.45769662571677455,0.21791600334466774
-0.389332,0.499598,0.261442,-0.299923,144.759914,70.0,0.24149264642289522,-0.2947121063702821
0.744885,-0.724547,-0.741301,-0.710235,144.217202,70.0,-0.7333364749114796,-0.7271277105659409
0.545294,0.751509,-0.657251,-0.033735,145.097284,70.0,-0.6606085260224519,-0.05352609275704601
0.610127,0.399699,0.529438,0.33154,187.24201,70.0,0.549362525034251,0.3139349537745093
-0.266759,0.588415,-18.08412,1.63348,68.830564,70.0,-18.065094295885462,1.6179990487261375
-0.512047,0.030923,-0.104791,0.02297,297.697744,70.0,-0.1024990464422865,0.040286944732797036
-0.271878,0.5424,-0.248867,-1.780185,90.131815,70.0,-0.25887140229321054,-1.7737711345635045
0.11305,0.033531,0.0533,-0.007692,377.187707,70.0,0.05253098961577486,0.0116019710279514
-0.440094,-0.655122,0.546533,-0.416556,161.215102,70.0,0.5290975118589935,-0.43490695485411507
-0.634258,0.022272,-1.435945,0.281992,233.048132,70.0,-1.4162031260789658,0.2944783358620169
0.324981,-0.039153,0.408551,-0.128888,286.142475,70.0,0.3965359830319994,-0.13798063412905479
-0.037989,-0.480424,0.052742,0.135642,190.390313,70.0,0.06529000324475166,0.15495059121476867
-0.492424,-0.173421,-0.433773,-0.193356,241.833975,70.0,-0.45023422351249665,-0.20461694857067367
-0.681953,0.416168,-0.50812,0.267291,179.964981,70.0,-0.488666650044115,0.2507955057200646
0.533577,-0.169537,0.524196,-0.160622,225.365239,70.0,0.5098056124778877,-0.17797229202862014
0.595116,0.121146,-0.368053,0.439094,189.124037,70.0,-0.35182991981519574,0.4337696135647737
0.108986,-0.277508,0.747997,-1.697166,166.539155,70.0,0.7318582565303539,-1.7136908459491516
-0.084024,-0.189733,-0.023139,-0.02036,363.29027,70.0,-0.02517148522894187,-0.0004937040909009163
-0.836428,0.154157,2.569077,-0.636706,105.548506,70.0,2.5699155010933845,-0.6174794529687918
0.917688,-0.409661,7.997242,-1.887956,114.120118,70.0,7.99754202953015,-1.9010879972798493
0.834204,0.473177,-0.623656,0.456233,161.09444,70.0,-0.608493569783757,0.4362384345520365
0.679463,-0.259413,0.697589,-0.295614,194.244291,70.0,0.6776749201273328,-0.31442634466290065
0.048232,0.628319,9.226062,12.768637,99.737212,70.0,9.24301278987101,12.757723129155318
0.158962,-0.321005,2.925274,0.968451,144.069076,70.0,2.905442414935052,0.9590525485714368
0.863026,0.871416,0.846712,0.862107,130.546872,70.0,0.8283052512501299,0.8528921965858044
-0.108288,-0.003474,0.097033,-0.001553,372.258982,70.0,0.0968777015606367,0.016138960253738614
-0.388917,-0.53534,-0.175099,1.347727,171.55466,70.0,-0.1663016757821473,1.360539336912302
0.536367,0.72073,-0.640653,0.659291,152.870054,70.0,-0.6437378818898994,0.6393290227292729
-0.687101,-0.111091,-3.707163,-0.47935,142.308821,70.0,-3.72072012277242,-0.4603262858316323
0.900081,-0.338191,0.647832,0.347603,129.567108,70.0,0.6675530301114635,0.32769811837920454
0.030289,-0.933804,-0.350405,0.023456,259.862061,70.0,-0.34806477343419817,0.01985123479259754
-0.43869,0.937781,-7.910258,-30.045492,96.672753,70.0,-7.899482415200666,-30.051045667993122
-0.710389,0.490242,0.592633,0.509442,168.862089,70.0,0.603832947864375,0.4897595205397146
-0.50633,0.108716,0.527941,0.471805,238.849746,70.0,0.5420430495717553,0.4542714798085524
-0.812435,-0.603061,0.382938,-0.208436,152.316376,70.0,0.365667885254282,-0.2151791066700306
0.351164,0.01383,-0.327098,-0.018429,286.90743,70.0,-0.3289382931881093,-0.01972197111769376
0.440576,0.768844,1.752596,0.934547,117.448905,70.0,1.7326117223212434,0.9187692280968912
-0.036169,0.104933,0.029106,0.012199,378.156636,70.0,0.030325143723397324,0.031987583718242646
-0.394814,0.358454,-1.288907,-0.204036,204.55354,70.0,-1.3059510442803186,-0.18429577292800184
0.529802,0.386768,-0.570166,0.314698,197.504362,70.0,-0.5501660725587094,0.2955374897126771
0.406237,-0.373906,0.546109,0.104997,200.562075,70.0,0.5561330004951657,0.08666294569812368
-0.237739,0.323599,-0.170342,-0.114626,292.058085,70.0,-0.18118729102250122,-0.10145205015819676
0.730008,-0.760703,-0.280945,0.041381,142.94361,70.0,-0.2768363619884569,0.044687180258876476
0.865021,0.41129,4.60223,-9.865468,137.931984,70.0,4.618359223029009,-9.875935294742135
0.556648,-0.417629,-0.590933,-0.379061,190.718673,70.0,-0.609889149939769,-0.3987125967886736
0.91684,-0.670479,0.771518,-0.575836,139.891857,70.0,0.7663297726867863,-0.590924779761948
-0.746461,0.235339,-0.544279,0.049326,156.563741,70.0,-0.5393962534859167,0.031065833456805723
-0.658421,-0.081063,0.278678,-0.069727,180.777455,70.0,0.2718456951069447,-0.0661974558983076
-0.433136,0.280884,0.481308,0.294268,216.432953,70.0,0.5012091658995403,0.27943209112893985
0.815121,-0.266901,-0.187752,0.400338,191.526363,70.0,-0.16958014319030376,0.41215377886780014
0.202687,0.560918,0.054258,0.099811,256.817421,70.0,0.0638299201827434,0.11907952022005061
-0.650652,0.491107,-0.638896,0.49678,172.662005,70.0,-0.6266701512843641,0.47680796419503724
0.039885,0.346363,-0.118617,0.183489,285.945975,70.0,-0.10273597691263978,0.20007340707890858
-0.670919,-0.129466,-0.313822,0.047242,269.132654,70.0,-0.30914160885748804,0.047275726519913255
0.062894,-0.939114,0.384463,0.416665,150.689514,70.0,0.4018931455598588,0.4097785197669712
0.316987,-0.406549,-1.169323,-0.074651,228.803661,70.0,-1.17661596472911,-0.05652685638633349
-0.867539,-0.723585,-0.862648,-0.715601,139.804438,70.0,-0.8541941840941741,-0.7233736872083081
0.702442,-0.061759,-1.847375,-0.097224,119.134935,70.0,-1.8567189780555735,-0.11687196240243378
0.017532,0.664548,-3.444859,-20.515924,61.883767,70.0,-3.462618633388763,-20.517012753430272
-0.943483,0.88063,0.536596,0.568287,126.014148,70.0,0.5425094163043032,0.5503536491037797
0.745897,0.295662,-0.289622,0.069219,184.356835,70.0,-0.28283746096181295,0.07166657561159018
-0.806849,-0.708575,0.694292,-0.561292,144.166366,70.0,0.6877141110720265,-0.5802137064135097
0.976924,-0.837153,0.427541,0.109362,129.452204,70.0,0.43794030041722387,0.09862146233210392
-0.031312,-0.261544,0.413057,-0.539205,230.427289,70.0,0.40443759637791116,-0.5486966327522166
0.238209,-0.413597,0.26245,0.241984,155.663905,70.0,0.28116175514014696,0.24709750931086324
0.67094,0.481371,0.622027,0.490581,172.67122,70.0,0.6347374898486867,0.470590895023657
0.402212,-0.023179,0.375039,0.252615,212.758727,70.0,0.3940995245160144,0.24662060905558142
0.427545,-0.247388,0.455195,-0.157088,241.673925,70.0,0.4410522727297384,-0.17005139797535854
0.148393,0.037709,0.141987,0.038746,376.698953,70.0,0.1458374089698804,0.05391408487167111
-0.229312,-0.054649,-0.005768,0.024184,352.72054,70.0,-0.003355489191142913,0.044175683120484636
-0.486159,-0.877136,-4.79806,-1.61705,94.017529,70.0,-4.817527529058871,-1.6087424984074112
-0.018763,0.645193,-0.546708,1.231767,119.351684,70.0,-0.5491886016683419,1.2134090937232616
-0.24552,-0.446704,-1.558563,-3.61065,156.993598,70.0,-1.5442674497417632,-3.6094274299985605
0.246342,0.269481,0.027432,0.322274,248.911304,70.0,0.04741554002867755,0.34208616609570214
-0.835679,0.738474,-0.835664,0.738467,139.787786,70.0,-0.8461303990674067,0.728286202167767
-0.47432,0.100899,-0.709924,-0.285318,215.9484,70.0,-0.729716405479536,-0.30367610712008675
-0.189971,-0.840633,-4.748269,-1.062088,72.898981,70.0,-4.731740309524206,-1.0585192133695447
-0.524391,0.566694,0.23783,0.081126,169.622265,70.0,0.24572195433299343,0.08857497703051104
0.423343,-0.867473,-0.016477,0.136118,197.045877,70.0,-0.003891966350910145,0.15605016549846693
0.384676,-0.75753,2.229421,-0.158054,150.005148,70.0,2.215210134304837,-0.15503497038010258
0.185496,-0.371887,0.568588,-0.796422,142.909272,70.0,0.5834877665960297,-0.8155366757992693
-0.298031,0.991056,5.057444,1.952782,75.120021,70.0,5.05079062614877,1.9725438372780142
0.680554,0.062994,-0.784987,0.082876,115.868015,70.0,-0.7769345503837967,0.068704820639131
0.742507,-0.684626,0.714513,-0.624096,148.544526,70.0,0.7140907782969771,-0.6422671995443253
-0.51339,-0.548293,0.714191,-0.394255,176.461984,70.0,0.6957735103127297,-0.4124396276805367
0.841649,-0.413029,1.425327,-0.190843,164.907656,70.0,1.4090097986779826,-0.17754519861230755
0.226749,0.963787,-0.639613,0.40461,158.986528,70.0,-0.6216237090738131,0.38464188278455497
0.366084,0.780296,21.678357,1.145602,101.748782,70.0,21.66781515428491,1.1454652320429421
0.438012,-0.335902,-0.407236,-0.069825,232.955024,70.0,-0.4140775145034207,-0.0788003140763404
0.49572,-0.435748,-0.350028,-0.07786,191.124686,70.0,-0.35761881771375953,-0.08142767623869586
0.3791,-0.461335,-0.24118,-0.140737,171.640971,70.0,-0.2541206350067123,-0.13359995102090935
0.346406,0.047166,0.238427,-0.02616,266.452583,70.0,0.2358184529886574,-0.01876646082066196
0.725672,0.362416,-0.626148,0.341507,176.573111,70.0,-0.6063346834996857,0.3215081777893393
-0.872209,0.776554,0.824818,0.736571,135.239096,70.0,0.8145136338560414,0.7254720645541207
-0.463285,-0.429912,-0.074046,0.050107,195.397212,70.0,-0.06908755416062377,0.06875188298794715
0.471917,-0.49373,0.540789,-0.343079,187.299835,70.0,0.520997723702639,-0.3611940223246359
-0.119171,-0.899854,13.179648,3.453694,61.780196,70.0,13.15964905874826,3.4337505323586517
0.155518,-0.211047,-9.03033,4.936856,149.786922,70.0,-9.03900158875114,4.944670949331085
0.940915,-0.042164,-0.142052,0.012194,205.566811,70.0,-0.14083335534717445,0.027357847471586413
-0.652199,0.491439,-0.639864,0.499007,172.666851,70.0,-0.6278151514141571,0.47904031521193036
-0.384594,0.129712,-2.53973,0.386199,211.883876,70.0,-2.5210134636448602,0.4060242766377917
0.071824,-0.858184,-13.147456,21.895587,64.072065,70.0,-13.138259326711895,21.876142155007347
0.508361,0.023145,0.387183,-0.034379,192.495813,70.0,0.3837620054537292,-0.04152020294847669
0.995667,0.175478,-0.729046,-0.193493,207.223839,70.0,-0.7455150006022523,-0.21100965847289588
-0.749428,0.364869,-0.505324,0.4487,180.211305,70.0,-0.4896812028010953,0.43236421551320314
0.34945,-0.799465,9.430067,-1.15668,92.865703,70.0,9.439651742337624,-1.1766730069235682
-0.607967,-0.094768,-1.421879,0.289247,177.28939,70.0,-1.402033954735478,0.3028003578435347
-0.767754,0.357762,-0.642798,0.332405,172.749058,70.0,-0.6228811690017841,0.31245739086832186
0.909413,0.498915,-0.758254,0.490383,152.906211,70.0,-0.745528229184569,0.4744574195465263
-0.73042,-0.164882,2.625571,-0.261026,103.576045,70.0,2.6062726446103066,-0.24409668614565835
0.8201,-0.583322,-0.650453,-0.578208,152.848667,70.0,-0.6554117878874703,-0.5980856412851402
0.107012,0.558174,13.144404,0.883259,119.842112,70.0,13.125274329877113,0.863887825860512
-0.776658,0.701413,0.723994,0.60489,144.248559,70.0,0.7263314984853366,0.5871351387528657
0.643045,-0.342049,-0.526142,-0.285071,190.676141,70.0,-0.5459308408226173,-0.3025172655266913
-0.823969,-0.441316,0.691827,-0.2695,161.248632,70.0,0.6723235441490929,-0.2885001129244512
0.807828,-0.83952,-0.672968,-0.564694,135.08448,70.0,-0.6792236792724928,-0.5841976727570398
0.185985,-0.147797,-4.256445,-8.713505,187.170701,70.0,-4.248385371781937,-8.728686261731697
-0.02257,0.664514,4.294334,-18.652389,61.416942,70.0,4.3110086644792975,-18.669750562947097
0.494881,-0.534123,-0.585883,-0.368827,176.494141,70.0,-0.6051404999494692,-0.38837849285275344
0.996766,0.644895,5.741812,-1.448875,114.490859,70.0,5.725414533979586,-1.4670147085027687
0.75066,0.342296,0.412691,0.201076,179.981582,70.0,0.42957831238567495,0.19161659886364024
0.961175,0.473035,0.430685,0.296629,149.07418,70.0,0.45060822162378766,0.28562458344371855
0.300012,0.306858,-1.246649,-0.394192,130.34671,70.0,-1.2650689448863568,-0.374216935159737
-0.637875,-0.77129,0.636673,-0.768902,144.268631,70.0,0.6496019250448921,-0.7888845532479204
0.935772,-0.482425,-0.788368,-0.274969,152.857602,70.0,-0.8079852578069112,-0.28889958505165414
-0.111642,-0.368453,-1.422868,-0.650657,169.909962,70.0,-1.4206387947827195,-0.6371765354741334
-0.594555,-0.684627,0.398154,-0.22798,153.244244,70.0,0.3799821653575522,-0.2361347282842602
-0.525537,-0.69494,-0.323699,0.081439,155.973166,70.0,-0.3157782952136637,0.08048538823567158
0.142188,-0.238033,3.741425,-0.747291,201.820133,70.0,3.752632895031499,-0.7274935229519174
-0.628004,-0.86087,0.381142,0.046765,136.376755,70.0,0.3857760024137977,0.040191247185322784
-0.64716,-0.817744,-0.661023,-0.774225,139.849102,70.0,-0.6476925784278007,-0.7939581997280434
0.16999,-0.979276,-23.533306,8.222368,64.874439,70.0,-23.53866251259122,8.219513886964467
-0.699504,-0.569958,0.675444,-0.576733,160.992361,70.0,0.6703424538701565,-0.596180361535161
0.720883,-0.11725,5.51858,0.669402,99.463149,70.0,5.514500485004966,0.6538685939096908
-0.626051,-0.047534,0.842098,-0.086748,253.786768,70.0,0.8336926517819967,-0.0963698237047852
-0.898172,0.414831,0.602631,0.390237,168.972729,70.0,0.6212014079717446,0.37040173566189505
0.066701,-0.962599,1.15023,1.228745,77.017075,70.0,1.1474498263623176,1.2459805273701676
-0.401517,-0.301161,-0.220759,-0.02462,276.801081,70.0,-0.22321478667827827,-0.015615785374700474
0.380167,-0.53117,13.847932,13.332248,116.759891,70.0,13.8352353104352,13.352092895409985
0.629815,-0.693317,-0.744459,-0.493907,152.772595,70.0,-0.756910950095106,-0.5106285508198519
-0.573993,0.906724,0.930291,0.735578,135.429593,70.0,0.9200718664705002,0.7343600744017138
-0.690087,-0.289967,0.63637,-0.354589,190.844018,70.0,0.6167772511936234,-0.37457279564924784
0.529872,-0.439919,-0.61121,-0.333537,190.741717,70.0,-0.6311161992633705,-0.35346386915534656
0.28836,0.464787,0.521154,-0.010235,156.656867,70.0,0.5201309466788927,-0.027431978313270648
-0.327261,-0.277703,0.269762,0.204405,290.887172,70.0,0.28682532180378395,0.20880835285094296
0.653304,0.074071,1.201746,0.168274,229.322999,70.0,1.2166571368989199,0.18752545929033596
0.905645,-0.830139,0.79956,-0.768572,130.581719,70.0,0.8124637297923628,-0.7816781400638659
-0.153778,-0.553175,-0.770134,-6.97814,198.955949,70.0,-0.7635929886901665,-6.993319259397623
0.780508,-0.007721,0.300985,-0.005923,203.425566,70.0,0.30039278657548063,-0.0046065259833435925
0.235205,-0.903258,-1.886214,1.179211,81.500789,70.0,-1.8937646529685352,1.1592113958962706
0.935163,-0.707701,0.214787,0.112504,138.268221,70.0,0.22545339183838686,0.12203737473562483
-0.336456,-0.811586,-4.298448,-2.757835,110.98007,70.0,-4.317249187548886,-2.775397105921032
-0.330315,0.395418,-0.31101,0.552366,264.20621,70.0,-0.30359599912500157,0.5526809135218878
-0.205821,0.761262,-11.097658,-0.788186,105.827795,70.0,-11.083320114835352,-0.7784151499609641
0.527765,0.138999,0.37623,0.162488,251.692814,70.0,0.3907493478564038,0.15638009135553357
0.148363,-0.461144,-6.727452,3.123149,96.273051,70.0,-6.725610247674415,3.1110367215055965
-0.447929,-0.337886,0.306818,-0.043756,203.54222,70.0,0.30247722267836863,-0.04302203830776953
-0.845568,0.539152,0.612904,0.25093,153.113879,70.0,0.6319128120673051,0.2309893725402155
-0.4773,0.021355,0.383962,0.011856,283.68234,70.0,0.3851469057322024,0.00501657775327658
0.917427,-0.799612,0.172742,0.091047,132.20479,70.0,0.1815354678602176,0.10403942777206852
0.921155,-0.152938,-1.396716,-0.268477,146.532885,70.0,-1.4161965469585296,-0.2531852428075866
-0.435235,-0.992688,17.873567,18.896312,93.123827,70.0,17.878200134533262,18.89964745419098
-0.100645,0.456281,-1.971208,1.291233,107.133395,70.0,-1.9677656333294573,1.2730642216273311
0.719706,0.097626,-0.669133,-0.09677,171.155272,70.0,-0.678436813504024,-0.11635498806075904
0.79322,-0.346885,-0.597975,-0.157241,176.497611,70.0,-0.6121285414119915,-0.1770112587303106
-0.100876,0.576515,0.087078,0.470732,89.03738,70.0,0.10125593326742074,0.4888661124655901
-0.50801,-0.128746,-0.316593,-0.695413,217.122014,70.0,-0.31000869555998395,-0.695656367457827
0.163322,0.950512,1.711495,-0.880149,102.45266,70.0,1.7305316154555002,-0.8930867124925947
-0.738314,-0.851081,0.756232,-0.842954,135.246568,70.0,0.7738064318961009,-0.8590010812311188
-0.114103,0.263988,0.954042,0.140082,195.401779,70.0,0.9669326243675839,0.14123777612901917
0.854017,-0.534362,-0.643333,-0.277286,153.079579,70.0,-0.6629940523053389,-0.29722966789214456
0.98356,0.697891,-0.653073,0.834124,135.38575,70.0,-0.6702089568668788,0.8142770004622423
-0.546455,-0.272352,0.404424,-0.127765,216.368636,70.0,0.3924989486637538,-0.13648814100822662
0.577175,0.58147,0.285629,0.04588,165.708672,70.0,0.2901768656539457,0.04872336014621252
0.76171,0.057342,-0.150199,-0.014981,146.281737,70.0,-0.15169569947994088,-0.00036079447551195555
-0.24886,-0.59447,-23.780791,3.73123,70.66754,70.0,-23.784635048449534,3.749001510290388
0.740477,-0.809694,0.516564,-0.311728,139.370641,70.0,0.49656547774461335,-0.32868612844358486
-0.521822,-0.25529,0.42651,-0.16346,222.390496,70.0,0.4119239766063937,-0.17411342377897246
-0.651773,-0.349765,0.559236,-0.409635,190.721158,70.0,0.5414719530381438,-0.4284537162882597
-0.506704,-0.170865,-0.500453,-0.171508,236.458305,70.0,-0.5155777055052705,-0.18755794197543338
0.264794,0.399412,-0.884031,-0.46156,114.588094,70.0,-0.8988407125534027,-0.46732184415599665
0.914014,-0.172315,19.02663,2.259729,101.82467,70.0,19.00754150942167,2.272389056117949
-0.090084,-0.043511,0.096648,0.026352,375.718456,70.0,0.09927558179748724,0.0440618821042668
0.711875,0.482153,-0.597992,0.546096,168.862341,70.0,-0.589999409623782,0.5263254844094383
-0.456187,0.864555,-0.17789,0.170055,206.54007,70.0,-0.1628607625580933,0.18265178641629445
0.570677,-0.63027,-0.720416,-0.525619,161.014003,70.0,-0.7302405362508857,-0.5435357206921737
-0.94151,0.041676,0.67947,-0.01673,206.473118,70.0,0.6777989504042516,-0.036079439620781556
0.455736,-0.438508,-0.447651,-0.367375,183.610933,70.0,-0.4669471884993315,-0.3797548407381985
-0.002077,-0.909074,-3.823346,-18.08849,66.480707,70.0,-3.8356672945756776,-18.069199583815585
-0.806359,-0.470148,0.709826,-0.346952,161.182061,70.0,0.6900942391057159,-0.3653139935500811
0.229613,-0.894744,14.351742,19.506874,89.936946,70.0,14.348852196156866,19.48930245250494
0.030057,-0.829082,2.017015,0.432332,91.544221,70.0,2.0336241971027937,0.4165357984621873
-0.374302,-0.898339,4.108496,0.949802,131.001727,70.0,4.088509409492055,0.9473655123012761
-0.384849,-0.157025,-1.54049,-0.041807,197.561136,70.0,-1.5446403200619667,-0.038787952160523734
0.879124,-0.561309,0.482451,-0.068405,149.279646,70.0,0.47574309029437495,-0.0833173187513273
0.071603,-0.575803,-11.205583,6.55816,60.840781,70.0,-11.185965631361968,6.575508898000996
0.48054,0.427838,-0.510425,0.143613,197.435236,70.0,-0.49726642611297006,0.12698826523723514
0.679202,-0.6555,-0.682343,-0.572475,152.797014,70.0,-0.6878550737158943,-0.5917497651103806
-0.990444,-0.392369,-0.007293,-0.112902,193.924571,70.0,-0.017993038066737386,-0.09291529548890526
-0.537439,-0.743794,-0.463695,-0.601901,148.81458,70.0,-0.4663290779274199,-0.6154997687209538
-0.949853,-0.183601,-0.751596,-0.206211,133.239166,70.0,-0.7687528329174347,-0.22253044439577574
0.222517,-0.153225,8.130108,0.579542,131.36449,70.0,8.134937443882908,0.5599025368965501
0.742047,-0.41927,0.566494,-0.536064,172.748521,70.0,0.5575922377686858,-0.5551160169085585
-0.678656,-0.176112,0.150972,-0.015422,237.454189,70.0,0.14943132785359015,-0.0008546504708215
0.089271,0.381582,-1.038942,-0.144037,138.107865,70.0,-1.052132474894937,-0.134760266750493
-0.757916,-0.289526,-0.632453,-0.204259,180.329535,70.0,-0.6495087013232734,-0.2242547266931239
-0.056302,-0.271664,0.249791,-0.395519,261.928092,70.0,0.23142315600379873,-0.38919272242055863
0.142811,0.230956,-0.159409,-0.201014,319.437339,70.0,-0.17629298981644717,-0.1870375309663444
-0.316467,-0.868004,3.269267,1.426258,119.93628,70.0,3.2842675637144816,1.4101966582325902
-0.546292,0.473983,0.441736,0.216015,183.534945,70.0,0.45937586308063444,0.2041050678297121
0.239337,0.533871,0.773906,4.348746,117.169217,70.0,0.7788040392617916,4.3338150332554095
0.762203,0.343088,0.323336,0.033308,172.110196,70.0,0.3266514243977379,0.0323906485000821
0.281296,-0.262284,-0.354922,0.883303,148.917863,70.0,-0.37405295352009277,0.8792548893869965
-0.199457,-0.266514,-0.256711,0.020365,323.464801,70.0,-0.2546780173602667,0.026031153173343768
0.692907,-0.308282,-0.578433,-0.369766,183.846255,70.0,-0.5976649397109156,-0.38914707727545006
0.708517,0.037908,0.416898,-0.045124,231.728834,70.0,0.4124237861688327,-0.05495195084808304
-0.876543,-0.055435,0.331555,-0.53245,196.609785,70.0,0.3223310797422653,-0.5341873808974659
0.300237,0.08748,-0.286849,-0.058877,333.912611,70.0,-0.29265202723721345,-0.05615445279553043
0.269141,-0.553139,-0.426186,-1.273595,123.637236,70.0,-0.42787976266048544,-1.2842209889696203
-0.614201,-0.875186,0.754523,-0.428581,135.532335,70.0,0.7377077760678602,-0.4447294955223344
0.750824,-0.902055,0.812796,-0.74423,130.607814,70.0,0.8237490723983749,-0.7563083811072865
-0.846695,-0.404231,-0.706362,-0.431199,165.093928,70.0,-0.7230340472442575,-0.4496955281084926
0.094162,0.585616,-0.094179,-0.424492,152.607259,70.0,-0.11121207523822343,-0.40666874804120384
0.453712,-0.45601,1.158969,-0.286085,164.436599,70.0,1.139165717763019,-0.2684227452513767
-0.155148,0.423478,-17.195543,16.050466,122.152254,70.0,-17.21534249788163,16.042382385186396
-0.612367,-0.053973,-0.387617,0.118143,279.937573,70.0,-0.3764778999353021,0.11096127476442645
0.871217,0.551808,-0.614406,0.487765,152.8588,70.0,-0.60147935929123,0.4678133701179244
0.245436,-0.960164,-1.838925,-3.061887,110.444104,70.0,-1.8466862473214622,-3.0813596302399535
0.520861,0.117801,-0.694766,0.665964,196.508851,70.0,-0.6985083569165988,0.647057700403663
-0.112035,-0.977071,-20.577461,23.94231,110.540441,70.0,-20.57096067022108,23.92816580550286
0.370986,-0.84111,1.409361,-0.076939,124.975859,70.0,1.4018554710847655,-0.0624922483256339
-0.531533,0.51872,0.439761,0.155627,176.727886,70.0,0.4538000468627789,0.14387630911828747
0.129416,-0.900143,-0.541127,0.798758,99.263456,70.0,-0.5561815760371017,0.7806286787733606
-0.710386,0.536856,-0.404553,0.160196,164.494096,70.0,-0.3901922296221795,0.15146125247685777
0.932736,0.494015,-0.689339,0.32483,152.817144,70.0,-0.6693674593924074,0.3057536757271277
0.90775,0.558605,0.903391,0.548528,148.76661,70.0,0.9111600691795235,0.5446441545570562
0.472078,0.211564,-0.472082,0.198703,239.178209,70.0,-0.4553230109030045,0.18450137389780136
-0.24117,0.658237,-12.059385,1.570872,126.01531,70.0,-12.03938500143161,1.5544409158487031
0.994719,0.243306,-0.200761,0.030868,215.008431,70.0,-0.1976864404379162,0.041609932104929255
-0.750902,-0.411945,0.521579,-0.486723,176.48249,70.0,0.5085730246262543,-0.5039416377836234
0.441293,0.804266,5.009953,-18.603095,122.887526,70.0,5.028818131704147,-18.583163811051076
-0.699411,0.991826,1.044528,0.640806,125.975387,70.0,1.0432800642707898,0.6505739261498189
-0.387342,-0.052785,0.027435,0.053553,270.565759,70.0,0.03272653488674538,0.07336512507437057
0.842374,-0.214239,-5.490317,0.545563,164.888217,70.0,-5.482275579193886,0.5319588240313611
-0.716704,0.356175,0.393568,0.327907,183.667609,70.0,0.4135207685498584,0.32017312625505023
0.236411,-0.647629,1.458484,-0.794141,140.000005,70.0,1.4732306404915765,-0.7834908269590483
-0.695361,-0.92759,-0.853029,-0.81392,130.609874,70.0,-0.8370204585168339,-0.8225696447091112
-0.005121,-0.072492,0.004658,-0.062271,372.50481,70.0,-0.0014689753597633718,-0.042276423995817845
-0.36724,-0.210197,-0.411483,-0.26819,218.993625,70.0,-0.43095702835090366,-0.2775427949540375
-0.781612,-0.549086,-0.681712,-0.53258,156.990879,70.0,-0.6909243834323537,-0.5518715073456755
-0.486236,-0.163196,0.284329,-0.092112,244.22471,70.0,0.2754400034654631,-0.08914002129523231
-0.834262,0.556228,0.702016,0.421533,152.944781,70.0,0.719202288030748,0.4028755344471982
0.530202,-0.890224,-0.166497,-0.253612,175.085876,70.0,-0.1855874854748707,-0.2401512016250478
-0.002992,-0.290034,-0.469082,0.136737,201.091958,70.0,-0.4564489179250792,0.12274819953701147
-0.601414,0.035881,3.642338,0.198636,115.276499,70.0,3.6590933316461087,0.2147033678471495
-0.949753,-0.494482,-0.34093,-0.137199,149.339213,70.0,-0.3535988649032015,-0.13986808652157712
-0.765895,-0.390168,-0.433516,-0.280986,172.658719,70.0,-0.45324151378008626,-0.2922257001675285
0.448119,-0.463023,0.333318,-0.230706,200.930248,70.0,0.3150339957798406,-0.2326189446624607
-0.031226,-0.818862,-0.074746,0.02157,198.154529,70.0,-0.07259317913704097,0.04018944074982876
-0.612075,0.849075,-0.505913,0.573529,139.737714,70.0,-0.5005023203583753,0.557159304861236
0.401658,0.662847,0.115733,0.049751,216.391763,70.0,0.12065694943719978,0.0664948703254255
0.462783,-0.006805,0.380657,-0.136208,270.163474,70.0,0.3680649728110209,-0.14273592825433948
-0.366006,0.534878,0.334279,-0.492359,175.825012,70.0,0.32170628655802885,-0.4943675816210667
-0.301941,-0.723335,0.046702,-16.497838,106.379343,70.0,0.03224689199941331,-16.478380796045734
0.907049,0.773392,-0.892245,0.73461,135.239884,70.0,-0.9023808042541221,0.7296393682708887
0.398407,0.026822,-0.499853,0.0283,263.103498,70.0,-0.4970324343780883,0.012285929556765447
0.796075,-0.361944,-0.530431,-0.248645,169.118388,70.0,-0.5493675309456608,-0.26629694747726684
0.807334,0.860694,0.464569,0.152191,131.266485,70.0,0.47836126698477643,0.1385282736016925
-0.322963,-0.035932,-0.931393,-0.259921,244.562487,70.0,-0.9506620489642611,-0.2610289121869898
0.099026,0.336911,-4.640933,0.619112,180.891473,70.0,-4.640012672038531,0.6121174559592317
0.467372,-0.879172,17.453919,5.481701,95.00366,70.0,17.469151652968648,5.497062082994648
-0.246826,-0.400531,-1.82484,0.841628,123.466321,70.0,-1.8423507515291448,0.822524689390211
0.281444,0.224138,1.029314,-0.940117,96.637164,70.0,1.0493126066766492,-0.9317036489730497
-0.907239,0.033136,-2.471237,0.011343,114.098237,70.0,-2.4701033079987784,0.030902844094514985
0.922519,0.77751,-0.78359,0.505161,135.118245,70.0,-0.7720379664443124,0.49089158761752383
-0.395905,0.01839,1.267841,0.094671,164.852045,70.0,1.2769584988505431,0.11463962614625195
-0.913723,-0.945894,0.797336,-0.791441,125.679019,70.0,0.8118989090236993,-0.804714318947269
0.363892,-0.069506,-0.428102,-0.058229,308.365341,70.0,-0.4338429845331464,-0.06901681935618177
-0.188286,-0.52461,-0.187273,0.443635,146.089978,70.0,-0.17131965094023505,0.4554893919152983
0.876169,-0.220656,-0.28689,0.460838,163.544671,70.0,-0.2720318604402392,0.4635564853127745
-0.557154,-0.085033,-2.462257,-0.984849,104.521126,70.0,-2.4427041535056224,-0.9654961660737362
0.851668,-0.018817,0.515731,-0.00556,176.23797,70.0,0.5151750716137393,-0.022473820327890612
-0.260663,-0.95527,0.769294,1.122329,103.190022,70.0,0.7568501484792041,1.1070951794058288
0.770884,0.245473,-0.437872,0.082807,190.598899,70.0,-0.42982586688913693,0.07120968867687155
-0.341646,-0.047742,-0.586979,-0.08718,281.071496,70.0,-0.5954235282724667,-0.10675427974651243
-0.393586,-0.992109,-0.123689,-0.223006,136.058499,70.0,-0.14164747985420378,-0.20671038036031958
-0.382298,0.715481,-0.850326,-1.847601,129.611238,70.0,-0.8540397790183689,-1.8564935613060216
-0.90509,0.147041,-0.483118,0.102653,132.431602,70.0,-0.47329751698799394,0.08769631698586121
-0.686327,0.908983,-0.560775,0.1516,131.230889,70.0,-0.5470255920757383,0.13272973315035758
-0.730959,0.765498,-0.297934,-0.002804,140.855637,70.0,-0.29821439081416756,-0.0011832526497513984
-0.271841,-0.833369,0.582722,-0.030165,217.003246,70.0,0.579716923646706,-0.049647486461486
-0.432968,-0.88597,2.335874,-4.013033,146.286074,70.0,2.317122372266696,-4.0003982014054325
-0.505572,0.859734,-8.924859,-15.70086,120.999582,70.0,-8.925569177468715,-15.684841978976488
-0.449557,0.300861,0.36592,0.212727,222.465694,70.0,0.38340253530281676,0.20760851500047545
0.574799,0.642177,-0.632511,0.274378,160.861338,70.0,-0.6129053345803479,0.25438239403876434
-0.932609,-0.354724,-0.480904,0.525536,155.252525,70.0,-0.4710722350322451,0.510727214677802
0.157412,-0.377415,-19.845759,20.28895,122.238444,70.0,-19.82992257683002,20.29425814722529
0.789583,0.516179,-0.469874,0.387566,160.889519,70.0,-0.4512060817647408,0.3735207058172492
-0.579002,0.705337,0.735536,0.624149,152.83795,70.0,0.7359529228694377,0.6069547250599461
0.602449,-0.646549,0.591239,-0.449135,157.016607,70.0,0.5756233447565048,-0.4687922605183543
-0.55415,0.403814,-0.41767,0.216801,193.986938,70.0,-0.39999323202732184,0.20690588632287338
0.907514,0.587302,1.081426,0.945147,140.412624,70.0,1.061427781135958,0.9579507301442924
0.778391,0.425344,-0.656153,0.506234,168.972261,70.0,-0.6446887232780023,0.4864273769918984
0.756989,0.710026,-0.682185,0.569646,144.270251,70.0,-0.6764015431090399,0.5503670246850402
-0.589363,0.581879,-0.559375,0.322232,165.092858,70.0,-0.5393912900492848,0.3034085819257604
-0.358724,0.930027,-2.987811,-0.670779,92.750829,70.0,-2.983596777773589,-0.685152404695612
0.963877,-0.120906,-7.039276,0.481514,92.806723,70.0,-7.025878763802898,0.46545848887909685
-0.071424,-0.429891,-0.60225,-2.02402,215.282703,70.0,-0.5894373450051376,-2.0438503483180193
0.824902,0.123591,0.350274,-0.299952,193.952603,70.0,0.33032444038104075,-0.3035438789740006
-0.807929,-0.861604,-0.508713,-0.218179,131.139071,70.0,-0.5264538096738488,-0.23470795358807545
-0.97654,-0.713825,0.766158,-0.832488,135.347992,70.0,0.7832090237650257,-0.8479231337071582
0.747195,0.114296,1.286528,-0.017107,157.708757,70.0,1.2848193852179415,0.0026700484121620974
0.974297,-0.989568,0.864011,-1.029605,120.794593,70.0,0.8821430366722416,-1.037251921944712
0.326105,0.846925,-18.990962,6.163197,94.346658,70.0,-19.00225388439849,6.178402884397918
0.270864,0.413145,-6.150121,17.014664,85.573817,70.0,-6.155075248059235,17.030398366755833
-0.264975,0.561265,-0.119963,-1.407311,102.84664,70.0,-0.1336450090428637,-1.390802198807138
-0.824812,-0.620928,-0.818866,-0.585295,148.61392,70.0,-0.8231352474320764,-0.5968840862587834
0.063252,-0.916535,0.292195,-22.770354,90.160871,70.0,0.2784974659950628,-22.76816198588472
-0.19813,0.023408,-0.153982,0.019282,363.107747,70.0,-0.15205678567929015,0.03364146637749594
-0.58342,0.452017,0.590861,0.410073,183.711178,70.0,0.6086048803599067,0.39042274253956954
-0.948658,-0.100511,7.75022,0.534981,93.124179,70.0,7.759218612466206,0.5448979098429212
0.709916,-0.448047,0.572612,-0.524293,172.683538,70.0,0.5626721817194286,-0.5435221982601486
-0.327427,0.933308,-23.514984,-13.753922,85.752995,70.0,-23.508212004337146,-13.758575057277271
0.110197,0.072664,0.116412,0.042728,381.978828,70.0,0.12065237087021159,0.059434638931960534
-0.738067,-0.697329,-0.544147,-0.313945,148.252714,70.0,-0.5641469885225902,-0.33219977774637177
-0.0115,0.72148,-21.627918,-1.923946,89.470079,70.0,-21.62404361034123,-1.91908795578582
-0.092266,-0.716312,2.573362,-1.746839,78.16374,70.0,2.560622266395893,-1.7277348690084822
0.944194,-0.936589,-0.724702,-0.680217,125.601337,70.0,-0.7195702014510941,-0.6979391580456942
0.755646,0.143489,3.15801,1.729496,99.787392,70.0,3.1720371187588596,1.7095633444878147
-0.384619,-0.292927,0.363371,-0.338,227.850722,70.0,0.34351292697811764,-0.34287166494121457
0.768188,0.943207,0.26182,-0.039423,129.052837,70.0,0.257903179682878,-0.034248610111150525
0.483937,-0.47321,0.70596,-0.32291,187.295568,70.0,0.6859791407853295,-0.34142178238945553
0.761687,-0.327887,0.746043,-0.243908,187.372758,70.0,0.7272641764015074,-0.2605421272616979
-0.801868,-0.999639,0.714089,-0.650872,125.629048,70.0,0.7163395699562759,-0.6690608714847888
-0.936317,-0.678654,-0.924785,-0.569005,139.836237,70.0,-0.9306297885314081,-0.5707719728167601
-0.130891,0.114611,-0.020089,-0.061587,349.580446,70.0,-0.02615082837200354,-0.04168780718217528
0.269133,-0.677453,16.155635,-1.387583,68.771009,70.0,16.143456102909422,-1.3752015310387073
0.039572,-0.910124,-2.444187,-1.572177,91.583365,70.0,-2.4641865234372675,-1.5533584392001367
-0.447872,0.623145,-0.0677,-0.146104,171.129482,70.0,-0.08104514071029363,-0.12723892329239658
-0.794411,0.339085,-0.342314,0.358131,172.753438,70.0,-0.3227954343744449,0.3553248164722366
-0.993,0.641506,-1.12001,-0.544443,109.581178,70.0,-1.1281538423301234,-0.5289310511825466
-0.208247,-0.003009,0.185516,7.7e-05,361.990562,70.0,0.18552369999980978,0.01207244300148267
-0.564802,-0.63008,0.669452,-0.507875,161.025941,70.0,0.658122572161355,-0.5274534983340637
0.244229,0.761416,27.490056,-14.792344,74.583916,70.0,27.50987592574021,-14.778122870814428
-0.886653,0.014992,-0.341634,-0.009597,232.793216,70.0,-0.3425933317478907,-0.012335840111496792
-0.032554,0.865639,0.708322,-0.267885,165.005477,70.0,0.6888549430418216,-0.2863060847770801
0.798761,0.770583,0.746117,0.669892,139.75169,70.0,0.7419895274754733,0.6532619824733414
-0.809798,-0.282066,1.019082,-2.779464,141.176327,70.0,0.9996545130807242,-2.7719895142677387
-0.682296,0.644001,0.428954,0.196549,153.22475,70.0,0.4455944653311075,0.18568953562268922
-0.268237,-0.251605,-1.253256,0.206148,198.293051,70.0,-1.2361024055925867,0.22614514217395398
-0.719381,-0.633928,0.678488,-0.560388,152.803856,70.0,0.6718248078083782,-0.5797620487408283
-0.421788,-0.999216,-7.675955,-17.30331,94.066022,70.0,-7.656105491489208,-17.28776688881289
0.179074,-0.309337,0.079503,0.109354,360.987919,70.0,0.0899016170588616,0.12779451707419165
0.981415,0.63395,15.183618,-1.906141,107.095186,70.0,15.185732581145626,-1.8887832880416446
0.79963,-0.619448,0.333346,0.019949,149.510431,70.0,0.3353375937468319,0.018033268193473097
0.934671,-0.979594,0.68421,-0.566214,121.050332,70.0,0.6780988732937235,-0.5854381052437153
-0.044727,0.277647,-0.45282,-0.4049,204.062686,70.0,-0.47079659920089123,-0.4176816329743902
0.420352,0.850249,-0.043703,0.538994,141.285494,70.0,-0.035064561252082155,0.5585184088833048
0.13721,0.083225,0.222493,0.031679,359.099035,70.0,0.22564767004601832,0.040528045415728464
0.758024,0.105963,-1.46978,0.342574,155.313745,70.0,-1.449981509988422,0.35225157765365045
0.924628,0.222103,0.916366,-0.238554,191.517888,70.0,0.8977781019572012,-0.24115776771973882
0.883607,0.782709,-0.877162,0.778708,135.233826,70.0,-0.8908232463674887,0.7722919058180625
0.991941,-0.452929,-5.352925,1.821905,132.136114,70.0,-5.346723860490077,1.820684010830309
-0.383841,0.78744,-0.508023,0.51232,130.258237,70.0,-0.49706264416441326,0.49582999263615996
0.504268,-0.769702,0.429862,-0.386184,148.963569,70.0,0.4111449350072552,-0.3971196015012391
-0.377577,0.066022,-0.488131,0.185188,256.47557,70.0,-0.4721472773039657,0.16990324403752896
-0.371019,0.280084,-1.686477,0.155651,118.04857,70.0,-1.6724362439009055,0.14471724571696148
-0.623272,0.669364,0.232068,-0.001823,153.843687,70.0,0.23188570252433482,0.0061575558654694395
-0.005473,0.013497,0.000208,0.013231,308.450547,70.0,0.0015301351234936209,0.03323098918400097
0.840074,-0.883124,0.835265,-0.86295,130.548974,70.0,0.8537045570061429,-0.8731651211923855
-0.6711,0.822429,-0.6517,0.776239,139.813517,70.0,-0.6651798840730105,0.756375517684142
0.566697,0.478472,0.504602,0.198446,180.264836,70.0,0.5213469495447912,0.18215197666004834
-0.315293,0.868565,-23.67195,0.017672,71.150631,70.0,-23.670185098668412,0.02812617919874426
-0.026001,0.997916,-0.730001,-0.308586,108.474028,70.0,-0.7499932351807984,-0.32605636927479553
-0.023378,-0.915754,0.928077,5.140961,194.167776,70.0,0.9389043677873622,5.139522164436125
0.914122,-0.355564,-0.359272,-0.256276,129.47596,70.0,-0.37844021229860747,-0.26074911583955573
0.039753,0.131141,-0.001032,0.138719,353.203257,70.0,0.011754113847336661,0.15871873374459078
0.084299,0.806508,-19.266225,-33.261263,70.529175,70.0,-19.270161051446863,-33.27107100682752
0.977654,-0.574594,7.074473,-3.806959,119.705505,70.0,7.070789369456899,-3.82067861185881
0.795133,-0.19699,0.067261,0.036137,150.053158,70.0,0.07085506928600212,0.055016609236213335
-0.810189,-0.854072,-0.065205,0.157172,132.594907,70.0,-0.05105633452884152,0.17611845874307788
-0.382983,-0.790784,-2.406762,-14.80864,116.036387,70.0,-2.3872257747656955,-14.7914098046521
-0.708916,-0.752808,0.709396,-0.679553,144.212799,70.0,0.7144635934324595,-0.6979319941293483
-0.441079,0.778677,1.65125,0.532801,157.261757,70.0,1.6604427618991453,0.524970867157789
-0.775025,0.147097,10.05079,1.874303,115.724678,70.0,10.051854755606884,1.894301670038995
0.252337,-0.974859,0.276544,0.236441,215.010275,70.0,0.29505287406474506,0.2401803898293874
-0.451037,-0.572279,-0.492465,-0.652818,165.172411,70.0,-0.4900211756302446,-0.6683786600901079
-0.300455,0.255602,-2.444429,-1.182241,172.343573,70.0,-2.437159779675277,-1.1634142586987568
-0.089877,-0.567288,0.444515,-0.246567,151.687311,70.0,0.4256463484575189,-0.2586990284120721
-0.411841,0.186902,0.377774,-0.065064,243.723149,70.0,0.37138175964528664,-0.0713187488098018
-0.744391,-0.977138,0.918261,-0.70062,125.886891,70.0,0.92533469106517,-0.7030357664366692
-0.76545,-0.917175,-0.806214,-0.858526,130.565138,70.0,-0.7879502561588396,-0.8711223615985271
-0.957948,-0.232336,0.081743,-1.49832,109.029292,70.0,0.06304189636195538,-1.4799673544304843
-0.870059,0.912247,0.542118,0.293667,126.270976,70.0,0.5620131085786428,0.2754960536831935
0.129072,-0.693222,2.695666,-1.927918,100.460198,70.0,2.6999292758259688,-1.9156740473991163
-0.98117,-0.522633,-0.539436,-0.105737,148.310907,70.0,-0.5495239662628747,-0.12379426675165839
0.105086,0.184882,-0.931031,-0.768437,233.677029,70.0,-0.9181375874856899,-0.769581054766772
-0.68197,0.133683,-0.577388,-0.20947,109.769787,70.0,-0.5947100323624471,-0.22882501707699868
0.808652,-0.988036,-0.824462,-0.83392,125.739546,70.0,-0.8073365713555288,-0.8450485329838389
0.077255,0.420479,-11.240709,-11.732296,113.072843,70.0,-11.257842409761786,-11.713475321461404
0.996114,-0.305886,0.10195,-0.095778,190.634638,70.0,0.09273411346199308,-0.07832066950634131
0.972885,-0.714205,-0.767402,-0.801541,135.335247,70.0,-0.7521656738974059,-0.816896727446929
0.358186,0.030172,0.263575,0.008912,316.889952,70.0,0.26446590510244283,0.013916668187148963
-0.896845,0.727137,-0.58945,0.288224,139.443278,70.0,-0.5696179239825536,0.2686005034136174
0.988447,0.828921,0.524219,0.018921,129.773445,70.0,0.526108278846842,0.0015695640391618533
-0.319315,-0.725282,-0.193695,0.10362,184.677347,70.0,-0.18379039228947935,0.1149511364809675
0.189898,-0.376179,-0.449255,1.991822,99.825058,70.0,-0.4594403260007531,1.9793165810275755
-0.444759,0.940233,19.305473,-16.193467,92.495926,70.0,19.31857135828661,-16.206485299335665
0.488746,0.348469,0.085228,-0.075054,208.348737,70.0,0.07789752494419444,-0.05684263809256493
0.716871,0.44878,0.56092,0.496419,172.694159,70.0,0.5731743984973587,0.47754393375939613
0.643784,0.083893,-6.3957,-18.265397,151.090613,70.0,-6.391319832710804,-18.248479293633075
-0.014658,-0.360056,27.74874,-11.032577,78.854669,70.0,27.768398675116483,-11.015157600029003
0.539583,0.768854,-0.023997,0.128528,149.260912,70.0,-0.01201078218803968,0.1483842086285057
0.124037,0.683456,1.624259,0.69365,108.583248,70.0,1.6178414213574117,0.6883671764492699
0.846131,0.926654,-0.645685,0.43951,126.065536,70.0,-0.6294862839276836,0.41958535120120743
0.275152,0.481312,0.407274,9.10493,105.907272,70.0,0.4272659102315604,9.095951290217766
-0.590469,-0.013152,-0.431103,0.02317,146.505691,70.0,-0.4287911793518717,0.012130703701350252
0.959689,-0.512821,0.56857,-0.229199,149.032272,70.0,0.5503475873587018,-0.24831314610287025
-0.982466,-0.307567,-0.513513,-0.447219,156.973623,70.0,-0.5292476490200707,-0.4640134140286696
0.725656,0.102393,0.181763,-0.061097,110.094167,70.0,0.17574788488710222,-0.04880338239434249
0.916317,0.545329,0.891487,0.474561,148.783827,70.0,0.9053922874166664,0.46951698246250656
-0.655268,0.911392,-0.016883,-0.165788,132.79319,70.0,-0.031627311767368924,-0.1458592166170165
-0.22809,0.495941,0.472562,-1.041929,133.26388,70.0,0.49013989581335826,-1.0561643829142873
-0.720524,0.156359,-0.627035,-0.349493,147.584183,70.0,-0.6467236927697041,-0.3694925881386376
-0.081257,0.315931,2.177347,1.0991,174.58049,70.0,2.163172556295839,1.0969275094011364
-0.148631,-0.034823,0.121876,-0.019952,376.979387,70.0,0.11988410774451497,-0.0035519392377671467
0.724001,0.282076,0.25768,0.086322,186.731448,70.0,0.26604667392737347,0.09189515711577426
0.856183,-0.137424,-8.134805,0.242227,104.90005,70.0,-8.116084678483084,0.22250417793931457
0.307285,0.540236,3.57279,2.453531,174.503375,70.0,3.5669041411444398,2.464578162309655
-0.258138,-0.530871,11.586466,1.173487,76.017719,70.0,11.578388471296469,1.177207875777361
-0.340928,0.015495,0.463514,0.041604,290.754597,70.0,0.46764445982554587,0.02801850901866333
0.428471,-0.683901,0.135782,-1.06427,165.46354,70.0,0.15218685546791175,-1.0487048471781129
-0.332257,-0.240996,3.311129,-0.125304,123.582613,70.0,3.299402414789936,-0.13853846080228108
-0.41157,0.7426,2.85931,10.205193,119.205929,70.0,2.8730954225823364,10.202018817696123
0.875936,-0.14151,12.66994,-0.597546,121.061663,70.0,12.666874874233681,-0.5801682602803997
-0.358258,0.760654,-0.634208,-0.226615,153.824939,70.0,-0.6523223978066546,-0.24660632916449465
0.308577,0.250584,8.272479,-1.248812,170.480426,70.0,8.27326130651682,-1.2661515592504313
-0.433829,0.632898,-0.071435,-0.120876,175.951221,70.0,-0.08280004031349943,-0.10213823474910118
-0.874973,0.332077,1.375863,1.752202,101.385134,70.0,1.3881847830459901,1.7687522953562922
-0.788655,-0.918523,-0.722032,-0.701771,130.479849,70.0,-0.7148507661851724,-0.7196153240433149
0.392336,-0.011205,-0.582957,-0.027088,213.775734,70.0,-0.5856575258910133,-0.046575784312967675
-0.31823,-0.494443,0.241069,-0.076683,260.038363,70.0,0.23358720619795295,-0.06953558293617575
-0.107947,-0.271394,-2.209754,-0.891201,138.389833,70.0,-2.19040773467259,-0.8901375874548494
0.676345,-0.663733,-0.738325,-0.630028,152.787901,70.0,-0.7381540551532703,-0.64707815229116
0.644889,0.642014,0.733579,0.547094,156.937226,70.0,0.7414800069091728,0.5298005908998091
0.334721,-0.351907,-0.488941,0.134305,257.834625,70.0,-0.4764973881495283,0.11896812983483497
-0.508096,0.425223,-0.441397,0.216158,194.060443,70.0,-0.42375040237922007,0.2042753187555802
0.715433,0.288762,0.80331,0.318529,187.39849,70.0,0.8233052265446861,0.30570840807868166
-0.771289,0.943066,-0.171242,-0.112185,128.669953,70.0,-0.18188139363077463,-0.0990789000246326
0.110794,0.112518,0.081044,-0.065449,381.402778,70.0,0.0746152908942216,-0.0470686861840617
-0.90653,-0.05549,8.847291,0.132415,105.051627,70.0,8.859586095295047,0.1517725076211513
-0.614665,-0.679954,0.573991,-0.459826,152.903982,70.0,0.5590653081994003,-0.47909265580987137
0.006976,-0.753561,-3.895681,-1.731506,97.44844,70.0,-3.909564137732589,-1.7153318993522195
0.895746,0.795932,-0.717717,0.468632,135.046795,70.0,-0.7033917354106501,0.450596974933596
-0.764812,-0.187457,-3.742547,-0.298427,160.917458,70.0,-3.7624851558554617,-0.2786139077969786
-0.596537,-0.003766,-1.999928,0.004756,178.363802,70.0,-1.999452444823113,-0.012029346446006162
0.701304,0.811722,0.680779,0.757367,139.791689,70.0,0.6687511584036534,0.7380510894229347
0.604752,0.06427,0.939846,-0.246557,240.404323,70.0,0.9209776800455364,-0.24682017201245027
0.179715,0.470877,8.583163,-5.303956,131.863319,70.0,8.563499719294716,-5.294291857771949
0.024634,0.028059,0.016567,-0.015598,333.438334,70.0,0.015008780750860283,0.004333422853831714
-0.418356,0.694243,0.665895,0.371814,182.958161,70.0,0.685069721887498,0.3521659605868332
0.135022,-0.690239,7.207466,-3.382653,177.126358,70.0,7.22614494203345,-3.3844702006605463
-0.848689,0.091568,-0.421473,0.007636,219.915726,70.0,-0.42070958550467696,-0.0025877978386260377
0.978464,-0.951171,0.573385,-0.314451,121.36191,70.0,0.5533850212772714,-0.3337013078424871
-0.324744,0.032198,0.349533,-0.030708,291.419752,70.0,0.3464742512313919,-0.03422695929265613
-0.856349,-0.66177,0.856402,-0.660492,144.268609,70.0,0.859605488292409,-0.6688363050534735
-0.375668,0.149017,0.966496,-0.512971,258.868058,70.0,0.9555901561114284,-0.5105749485629395
0.534654,-0.064797,0.342661,-0.214864,239.821401,70.0,0.3250756710165584,-0.21770453602545228
0.960428,-0.08702,0.830442,-0.011511,113.862548,70.0,0.8292915354128423,-0.022137756629155396
-0.540836,0.172797,0.427633,0.085307,228.107595,70.0,0.43590737479778324,0.07455870266954161
0.201709,0.120956,-0.246421,-0.205262,331.370822,70.0,-0.2635288695086789,-0.19861693901692012
0.913103,0.529779,0.049524,-0.116521,150.519916,70.0,0.038519978798411084,-0.09713103003149362
-0.006132,0.946197,1.553808,-52.298563,79.780979,70.0,1.5673029827949918,-52.29686620945295
0.727709,0.608338,0.472063,0.251353,156.587935,70.0,0.4910849208740401,0.23715271178929828
0.342747,0.540936,-1.146646,0.499585,165.326168,70.0,-1.1346433354496912,0.5166359576314903
-0.494526,0.498505,0.684583,0.306013,183.759317,70.0,0.7045664118837293,0.28679921679466414
0.373125,-0.896114,0.222938,-0.183478,188.34929,70.0,0.20705764557269257,-0.17466888370188957
-0.988923,-0.823871,-0.677977,-0.251549,130.207313,70.0,-0.6970049660869202,-0.27093566978102723
-0.792785,-0.335553,-0.446001,0.398313,128.316338,70.0,-0.42774549527888717,0.38606316963896314
0.354336,-0.667527,0.674599,-0.1924,206.413652,70.0,0.6581922606174827,-0.21186691468508728
0.877557,-0.89748,0.248966,0.088084,128.925239,70.0,0.25749238846371036,0.0944884875384072
0.048385,-0.798887,-3.554145,-1.128524,129.149008,70.0,-3.542192024471893,-1.1190768176055612
-0.89779,0.838981,-0.8326,0.820788,130.559531,70.0,-0.8490107112051807,0.8103446755562752
0.755493,-0.42356,-0.372299,0.011608,169.604115,70.0,-0.3711388516100998,0.005875566908456444
-0.77913,-0.838607,0.773266,-0.815542,135.230541,70.0,0.7893712415320979,-0.8305154714210073
-0.475082,-0.710664,-1.32288,0.354642,129.5769,70.0,-1.3032883159875421,0.37355496065905064
-0.129179,0.892672,16.343981,-3.757643,62.415835,70.0,16.34520704921545,-3.737657817595254
-0.865446,0.450998,0.643436,0.340695,161.074632,70.0,0.6632602217851148,0.32075210727165704
-0.071737,0.318944,-0.057613,-0.257166,231.466752,70.0,-0.076806422391717,-0.23799009202433588
0.493645,0.687822,0.518938,0.667887,157.12675,70.0,0.5150069154836672,0.6508042125296791
0.216856,0.698317,-21.718053,-34.152702,95.963215,70.0,-21.73603322722393,-34.15677957865352
0.605719,0.324569,-0.408269,0.22433,197.592256,70.0,-0.39025263814749556,0.21526249206368367
-0.965505,0.756429,0.682196,0.21306,134.853151,70.0,0.6996946848008899,0.19378131741090288
-0.701778,-0.776477,-0.112052,0.134757,141.558578,70.0,-0.09957303406458018,0.1516993394793258
-0.244065,0.000228,0.242726,-0.0002,342.566357,70.0,0.24270600000333334,0.0067924159348864074
-0.163271,-0.098581,-0.129628,0.073988,357.386091,70.0,-0.12239681016653296,0.08993216135098639
-0.847295,-0.487177,-0.72723,-0.34374,157.142426,70.0,-0.7470116435249778,-0.3613435779616707
0.015564,-0.419127,3.060385,-7.116396,116.503421,70.0,3.0774736834516254,-7.134769856095856
-0.270749,-0.470985,-0.310956,-0.175847,237.78568,70.0,-0.3263610246558676,-0.175526687159099
0.15633,-0.56693,0.132735,-0.250329,135.643224,70.0,0.11374495919159948,-0.23457432605050463
-0.39305,0.007495,0.036063,0.018054,253.426731,70.0,0.037865949063131676,0.0377297449932496
-0.02741,-0.679684,-0.386082,0.780317,125.253208,70.0,-0.3998603179498576,0.7732787471004869
0.55081,-0.544521,0.724119,-0.414983,172.705832,70.0,0.7066069894611682,-0.4327321035387284
0.233706,-0.110476,-0.287772,0.08856,307.200867,70.0,-0.2792025780653756,0.09119107772521905
-0.762115,-0.863059,0.576466,-0.462454,134.970297,70.0,0.5617165184561855,-0.48178558545672195
0.566744,-0.726447,-0.062133,0.163467,150.993101,70.0,-0.04754649768035939,0.18250960990669163
0.608604,0.813247,0.502432,0.151795,140.465673,70.0,0.5161955625286124,0.13562776745174002
0.240901,0.821565,-1.347691,-1.800581,90.190491,70.0,-1.3558803983323178,-1.7826181504863607
0.040361,0.346807,-0.071695,-0.141859,318.057014,70.0,-0.08472097927908837,-0.12313034093193727
0.780708,-0.633695,0.424264,-0.091391,149.199726,70.0,0.41543964853640813,-0.10185367202979889
-0.508948,0.107193,0.295839,0.014674,249.231578,70.0,0.2973050838135727,0.01650346558157678
-0.406463,0.576019,0.861535,-0.017848,147.908044,70.0,0.8597525680152628,-0.02572311725887013
-0.841638,0.59291,-0.651511,0.222189,148.915608,70.0,-0.633588630183796,0.20232332203458178
-0.962226,-0.131062,-1.536846,0.225653,134.824751,70.0,-1.5187725885251657,0.22903175116160163
-0.751452,0.341888,0.656174,0.323412,176.614335,70.0,0.6761526005426448,0.3036056684204553
0.119927,-0.390639,18.247345,14.386489,80.948599,70.0,18.253715746466668,14.36665915997851
0.530933,-0.61566,0.517933,-0.07417,164.595398,70.0,0.5106848444104053,-0.09120030757689748
0.60242,0.873084,-0.602619,0.128821,135.912431,70.0,-0.5906093399293874,0.1089858893993847
-0.08051,0.860349,0.944732,-1.488032,121.420825,70.0,0.9264201841928046,-1.48780658438041
-0.120283,0.399804,0.341642,-3.349575,125.288251,70.0,0.3588891908171994,-3.352314632572559
-0.498547,0.92089,-0.965458,-0.275766,156.097816,70.0,-0.9850906195724158,-0.27347303277532337
-0.601603,0.855229,-0.432324,0.423842,139.579208,70.0,-0.41525694796383417,0.4127010948464059
-0.16993,-0.008633,-0.108514,0.005992,373.688043,70.0,-0.1079148896364568,0.02311969041562682
0.903191,-0.060987,-6.681166,-0.225614,113.470277,70.0,-6.6992377410407755,-0.23375290055167552
0.996877,0.510858,0.898402,0.568483,148.762988,70.0,0.9042966897858843,0.5641110109321791
-0.009891,-0.236787,-0.048331,-1.285826,142.264971,70.0,-0.051239542884415734,-1.2664071350614863
0.325628,0.837779,0.925876,-0.382371,107.472625,70.0,0.9070279783313773,-0.38402927368905576
0.549217,0.684256,0.736771,0.540547,156.984316,70.0,0.7452691129512045,0.5234161333265045
0.28792,-0.92221,11.99656,-0.580913,68.20285,70.0,11.991863711445925,-0.6000632917428972
0.416022,0.08289,0.323572,0.020318,277.624131,70.0,0.3256003069281724,0.019377073982530305
-0.860214,0.389367,0.641061,-0.120608,161.846651,70.0,0.6297180223859625,-0.14056742109863857
0.088037,-0.3616,11.769555,-9.652891,107.070231,70.0,11.78773238747561,-9.666203200332403
0.594558,0.741212,0.405004,0.624071,148.633096,70.0,0.4054287211425582,0.6152957032531476
-0.456255,-0.27858,-0.379526,-0.101406,230.917229,70.0,-0.3892376609285229,-0.10782691859626115
-0.101735,0.14516,-0.035329,0.170723,292.688237,70.0,-0.02025577339858234,0.19041177597601497
-0.297079,0.993446,-0.579832,1.439105,109.387886,70.0,-0.5640132489206287,1.4196898629363468
0.839063,0.130759,0.020672,0.043543,209.038116,70.0,0.024991982592738098,0.06343626218070056
-0.340352,-0.300703,0.584085,0.059616,172.517487,70.0,0.58995870834053,0.040103160649815395
0.079874,0.44941,0.062334,-0.476684,133.173554,70.0,0.04858208461711384,-0.4576475441156317
-0.764524,0.644872,-0.471275,0.175045,149.031087,70.0,-0.45592124585801097,0.16090031181250383
0.358449,0.457581,8.558708,1.163782,120.367219,70.0,8.549752501246404,1.1712382681609765
0.556059,-0.319676,0.400689,-0.144151,207.059006,70.0,0.3874899580537963,-0.15253653781136634
-0.797323,-0.613806,0.366223,-0.162844,152.198632,70.0,0.35167919200134434,-0.16799177002850108
-0.231772,0.602289,-0.237426,-0.030493,206.759978,70.0,-0.24046349993405597,-0.02300654486245539
0.67569,0.317788,-0.262774,-0.005425,191.428798,70.0,-0.2633164334769721,-0.0003428204958260241
-0.934753,-0.400523,0.37401,0.132423,211.179681,70.0,0.3863057262598616,0.12652685737590733
0.40809,0.768626,3.167287,-4.675053,124.647238,70.0,3.1869395170336547,-4.694888177027915
0.298085,-0.090429,0.175853,-0.014753,337.584359,70.0,0.17437903755493783,-0.001998650697578307
0.161955,-0.024937,0.163553,0.025604,374.764158,70.0,0.16610641194488382,0.03928107225866178
0.880074,-0.592761,1.016867,-0.31043,148.726952,70.0,0.9968704767542929,-0.30316141853189915
-0.539284,0.254548,-0.500465,0.251242,219.506694,70.0,-0.4814465107933944,0.2351913420662327
0.19451,-0.873773,0.350028,0.545663,132.653459,70.0,0.3580602637165731,0.5420953237613041
0.492945,0.921282,1.351397,0.670893,129.120178,70.0,1.3471716344073055,0.6886898205498894
-0.007652,-0.612127,1.731553,2.87481,78.333663,70.0,1.7509944832064845,2.860410263059111
-0.017821,0.487016,-5.452061,8.215105,162.311935,70.0,-5.456714368373583,8.204536107435594
-0.716272,-0.37773,-0.385907,-0.275404,179.959036,70.0,-0.40553268083817406,-0.2824258696324532
-0.502624,0.400761,0.567488,0.21969,197.555806,70.0,0.5852980643158424,0.20060797875095596
-0.409081,0.56883,0.190097,0.130315,224.632894,70.0,0.20222578973160527,0.1419407702909265
0.330976,0.713737,-9.005058,2.870603,78.758943,70.0,-8.985522097765356,2.880675738953451
-0.217723,0.724539,1.187427,-0.194603,137.289988,70.0,1.1708952732070566,-0.17578860553595554
-0.680706,-0.618319,-0.720043,-0.595326,156.929658,70.0,-0.7233273098338282,-0.6132592650742649
-0.093411,0.035719,0.089296,0.030216,373.237143,70.0,0.09230611835755731,0.04825545198853684
0.328017,0.979743,0.314026,0.294059,183.47606,70.0,0.33392507982153713,0.2940723265349118
0.546097,0.251745,-0.011323,-0.076565,217.825361,70.0,-0.01879384926862776,-0.056597044021764416
-0.914536,-0.598885,-0.97401,-1.205169,140.419185,70.0,-0.9689198130970607,-1.20202882664665
0.534005,-0.975601,-0.005328,-0.548912,136.735085,70.0,-0.01306167049688483,-0.5289190964762938
-0.922325,0.488466,0.87855,0.476342,152.96421,70.0,0.8923267276692722,0.4700575230496291
-0.358951,-0.895017,-0.16277,-0.191228,130.235651,70.0,-0.1791094336769282,-0.17749390351639524
-0.551625,0.845135,0.060452,-0.178899,132.980112,70.0,0.044854138106098174,-0.1598056765142039
0.1804,-0.023969,-0.007598,-0.010256,369.68386,70.0,-0.00862315056623931,0.009729569334701487
-0.849906,-0.368049,0.080469,-0.463179,156.981414,70.0,0.06576857997697226,-0.4447760944728089
0.208078,-0.8284,-0.285059,-3.844281,78.726581,70.0,-0.29232577518396546,-3.8413812304528694
-0.913117,-0.752173,0.855431,-0.726259,135.257156,70.0,0.864838264755682,-0.7346914515926126
0.228344,-0.227032,0.028873,0.107104,321.940487,70.0,0.039078766203305026,0.12689594918124686
0.270142,0.277843,1.4017,0.269376,153.943257,70.0,1.4212007061806928,0.2843418140188861
-0.286985,0.63925,3.01843,0.195605,102.070519,70.0,3.0350179126389683,0.17927892090060835
-0.125268,0.614827,0.049073,-12.59423,198.9814,70.0,0.04629606225451876,-12.574829025454145
-0.606456,-0.69892,0.768276,-0.538416,152.809388,70.0,0.7595854669437577,-0.5537155833038716
-0.746706,0.112595,-0.335603,0.084858,209.503915,70.0,-0.3273695231925615,0.08271773273873584
0.391692,-0.830268,-9.252607,4.101582,123.445933,70.0,-9.232683614633721,4.088546211537196
-0.31503,-0.713371,-2.247897,0.737034,145.952304,70.0,-2.2582410203276124,0.741863988451431
0.370784,-0.241652,2.885741,-0.000463,120.898421,70.0,2.885694700041355,-0.006211514435304675
0.562594,-0.482563,0.631186,-0.353317,180.116325,70.0,0.6115681090803444,-0.37331494444019114
-0.435604,0.800735,0.900724,0.452144,144.44001,70.0,0.9161498919518691,0.44799888466082466
-0.038928,-0.2548,22.378676,-14.579885,96.504233,70.0,22.39066468273891,-14.572711635570386
-0.429014,-0.435728,0.196411,0.109692,205.056121,70.0,0.2068384744376647,0.12079829399422838
0.71385,-0.32706,0.520451,-0.375218,180.213369,70.0,0.5013758255324401,-0.3923789805865555
-0.902753,-0.569391,-0.895282,-0.452693,148.771873,70.0,-0.9106728912191288,-0.4573688989249136
0.24595,-0.315266,0.269336,-0.38741,169.074502,70.0,0.250662489411272,-0.3829651024859702
-0.679885,-0.821776,-0.643841,-0.729805,139.790078,70.0,-0.6341223053092073,-0.7497447934680067
0.402586,0.254633,-0.308502,-0.056838,226.635401,70.0,-0.3141096006641589,-0.05627234890225294
-0.377225,-0.016664,-0.340773,0.078078,293.294811,70.0,-0.33316201798531936,0.07542447386214787
-0.069387,-0.181542,-0.065788,-0.149688,365.540281,70.0,-0.07939792992865964,-0.13076029404824752
0.816572,0.125623,-0.340725,0.039613,300.505782,70.0,-0.33678954937561684,0.03696423150374396
-0.657629,-0.775343,0.655555,-0.669273,144.225116,70.0,0.659621885357678,-0.6890878301251766
0.802015,-0.532378,0.719081,-0.532006,157.014905,70.0,0.7098177064605681,-0.5499816464708492
0.325506,0.772165,-0.090745,0.69785,105.517292,70.0,-0.09755892487389618,0.7158264122471831
-0.219208,-0.228431,-0.161692,0.177843,333.860738,70.0,-0.14616045160577595,0.1916552603430463
0.758602,-0.17918,10.130043,1.80339,82.162668,70.0,10.137975327337486,1.8219279769121495
0.517974,-0.402667,-0.512011,-0.306609,197.521302,70.0,-0.5319967500657458,-0.32332137980833137
0.375063,-0.311026,-0.265172,0.029519,266.233135,70.0,-0.2622308058370636,0.034368891050880944
0.592011,-0.064912,-0.232355,-0.659832,202.645917,70.0,-0.22921667688837213,-0.6518777684868333
-0.968522,0.057412,-0.272299,0.104471,229.505077,70.0,-0.262320550554628,0.10862653050057128
0.926613,-0.407918,0.54404,-0.657848,120.558346,70.0,0.5469822297045057,-0.6760984037195316
0.126238,-0.31178,-0.013434,0.872734,254.789206,70.0,-0.03223022401568293,0.892688898872132
-0.079366,0.100742,-0.101227,-0.069857,379.29353,70.0,-0.10807152136748062,-0.05236450421222852
-0.832685,-0.94248,0.803518,-0.723145,125.823953,70.0,0.8126493335421218,-0.7359496206546777
-0.262326,-0.906052,-11.07371,8.063554,107.292968,70.0,-11.063721507854074,8.07117031871707
-0.024179,-0.378002,-7.312396,14.4339,105.789511,70.0,-7.31065558345467,14.44230397772409
0.923208,0.351254,-11.664342,-12.518255,80.64062,70.0,-11.659576718204656,-12.522272399356702
-0.47327,-0.252673,-0.491543,-0.217792,231.027017,70.0,-0.509265909005337,-0.2332945727494662
-0.677533,0.703533,-0.684554,0.653429,148.560388,70.0,-0.6870584550231755,0.6342144118805131
0.274062,0.167577,-0.017345,0.04816,317.582315,70.0,-0.012575407586814153,0.06808483487262881
0.459125,0.510491,-0.548774,0.474049,183.72792,70.0,-0.5348319579784877,0.4556100910950224
-0.183613,0.020566,-0.159292,0.007571,368.816837,70.0,-0.1585350808078906,0.02155583558369474
-0.354311,-0.897687,2.489062,-1.292163,120.410047,70.0,2.4855280587816964,-1.2723093778202983
0.572725,-0.20445,0.49691,-0.254568,213.509747,70.0,0.4777912311919092,-0.2704040394636488
-0.198956,0.149994,-0.319506,0.017935,285.657991,70.0,-0.31771490280362463,0.017400390221187913
0.956428,0.677628,0.749169,0.240415,139.576234,70.0,0.7678247794252706,0.22395645790565413
0.894988,0.05609,1.395546,-0.082425,130.376777,70.0,1.3875348538343721,-0.06705809611480451
0.708271,-0.08698,0.311788,0.077109,263.781491,70.0,0.31930928372186157,0.07734612098035924
0.132216,0.159502,0.330175,0.313794,211.517179,70.0,0.35017496664531367,0.3121941376938627
0.748207,-0.884999,0.460837,-0.092459,131.375337,70.0,0.4519169324700051,-0.10584681907675139
-0.170014,0.581885,-0.041445,0.103851,348.670218,70.0,-0.0315203305055152,0.12342311248963087
-0.263226,-0.045882,-0.127728,-0.030621,320.578626,70.0,-0.1307781508273916,-0.014562855966877338
0.860018,0.328003,0.774534,0.474963,148.780024,70.0,0.7884103654319808,0.46007388959152423
0.754407,-0.689899,0.496891,-0.256996,148.153659,70.0,0.47770236366864727,-0.27283087891419266
0.863309,-0.369134,1.195778,-0.206229,120.926475,70.0,1.178620242106657,-0.18714783339683114
-0.033185,0.261112,1.759048,-0.107958,254.842348,70.0,1.748768882770107,-0.12412399260088389
0.515809,-0.795253,0.507111,-0.651689,148.789855,70.0,0.5094427320349076,-0.6681272295384777
0.186349,-0.036811,0.197357,0.030359,367.248623,70.0,0.20038125469717522,0.04138649687567963
-0.686832,0.412191,-0.17688,-0.088304,178.851103,70.0,-0.18542628390038735,-0.07562892527078549
-0.30911,0.780193,1.203306,-0.033847,135.414062,70.0,1.1999374334542203,-0.014553847228185497
0.708635,0.022128,0.609135,-0.002773,219.373582,70.0,0.6088577088845245,-0.022681068552013073
-0.101115,0.561901,0.438803,2.167862,133.652852,70.0,0.41904668879287127,2.156188964898464
-0.131816,0.565181,5.880964,-3.480443,141.927334,70.0,5.900811781110233,-3.4889674021353883
0.99165,0.668409,-0.640955,1.558661,114.800925,70.0,-0.6209918052450113,1.5387009068106337
-0.042533,-0.857414,10.224279,45.527176,75.670501,70.0,10.244111305965282,45.54028659317057
-0.559268,0.379651,0.418241,0.199877,197.340662,70.0,0.43506377079556113,0.18993230498426886
0.786115,0.239969,-0.087102,-0.040211,167.332951,70.0,-0.09109606380561844,-0.022077899898689798
-0.838656,0.713949,-0.565468,0.300575,140.129892,70.0,-0.5455141153335644,0.2815544469280491
-0.656271,0.047335,11.388672,-0.489495,110.194178,70.0,11.375877849981777,-0.47103270098013733
-0.433998,-0.206587,-0.454377,-0.205104,241.802324,70.0,-0.4714766801065145,-0.2180049993700453
-0.099889,-0.834869,-2.162023,-0.972413,114.928586,70.0,-2.14224661117867,-0.9761009592901451
0.356982,-0.199928,0.109099,0.071238,306.070508,70.0,0.11607311836365607,0.08833541138144861
-0.190056,-0.268414,-0.205793,0.332902,309.157987,70.0,-0.18588075827096864,0.3432161174704393
0.773843,-0.023445,0.85021,-0.013963,149.501626,70.0,0.8488148340158672,-0.02286595010709247
-0.037524,-0.660128,9.312466,34.489078,68.550797,70.0,9.319177318925721,34.47214948931212
-0.777605,0.799044,-0.210054,-0.089568,138.169382,70.0,-0.218714391103907,-0.07962126349025604
-0.462532,0.226204,-0.289384,0.053472,236.671115,70.0,-0.28410027690054446,0.05594319497954562
-0.192423,-0.059944,-0.212985,0.096871,336.112729,70.0,-0.203672247056622,0.10656239639082883
0.512964,-0.607028,-0.064586,0.147839,167.259603,70.0,-0.05111213547950255,0.1668051932967187
-0.316761,0.202369,-1.099841,-0.617475,142.867532,70.0,-1.1009248218974783,-0.6033128270831396
-0.779061,0.327271,0.470282,0.251663,183.752663,70.0,0.4893134737748942,0.23758868889326468
0.446142,0.302973,0.204573,0.111198,225.569064,70.0,0.21512868886546366,0.12161645034314532
0.063674,0.162495,-0.019412,-0.288365,307.356874,70.0,-0.039245894404809675,-0.26845913250211534
-0.953377,0.593387,0.417163,0.523536,130.6291,70.0,0.4271684360336002,0.5136849779979051
-0.952594,-0.254071,-0.793084,-0.046626,173.099733,70.0,-0.7977044795527968,-0.06021435737945571
-0.175033,0.225301,-0.793821,0.456185,259.087525,70.0,-0.7786554400765558,0.4426508122480823
0.63497,-0.056004,-0.980378,-0.027977,179.149329,70.0,-0.9831665847776438,-0.024209622587306995
0.74388,0.397419,0.459474,0.055294,173.207668,70.0,0.46493322816188526,0.0420077497089654
-0.587104,0.537876,-0.534082,0.289977,172.566484,70.0,-0.5142280174669034,0.2721563588555121
0.081626,-0.113815,-0.053701,0.137224,357.94665,70.0,-0.04103020072289351,0.15650737165378753
-0.889626,0.050871,2.325299,-0.183059,170.126977,70.0,2.3094441511878876,-0.1712612306179975
0.994144,0.573952,-0.474013,-0.267979,143.588738,70.0,-0.49348221034568424,-0.28231592757650514
0.416452,-0.697832,0.210159,-0.039394,164.176708,70.0,0.20624502356745592,-0.02945637421477284
-0.458297,-0.593281,0.431233,-0.485429,169.040454,70.0,0.4181289951266567,-0.49647913424205303
0.729227,0.121206,-0.692943,-0.135842,185.000073,70.0,-0.705506570908394,-0.15480697213680764
-0.883197,0.106546,-3.85988,0.480943,121.905972,70.0,-3.8464404225221682,0.49895329823804335
0.724526,-0.894945,0.514294,-0.137707,131.269192,70.0,0.5015858675172346,-0.15454369562043502
0.666268,-0.033501,2.948761,-0.083959,120.788934,70.0,2.9406095347747994,-0.0953611723886342
0.947008,0.35766,0.092799,18.285068,98.246073,70.0,0.0865237502188998,18.302953435581106
-0.809023,0.746773,-0.790279,0.711979,139.784597,70.0,-0.79840319514997,0.6981861684511486
-0.991014,0.025651,0.586022,0.004322,193.443847,70.0,0.5864541663617879,-0.015232415320696267
-0.882219,0.548136,0.451231,0.283762,152.59175,70.0,0.4710004458913984,0.2711029853164686
0.52063,0.232291,0.137714,-0.031894,226.056364,70.0,0.13453810092395377,-0.016450890514057945
0.111512,0.182251,-0.134456,1.221171,263.029345,70.0,-0.13798404756216098,1.2368190756349742
-0.908109,-0.594864,0.540796,0.183962,143.587113,70.0,0.5567057299969338,0.1658466810194602
0.114985,0.560376,8.612005,-35.486362,81.401302,70.0,8.592051460208761,-35.47428178264099
0.236621,0.889029,-0.087709,-0.071682,248.985547,70.0,-0.09472471425320583,-0.05357459105535619
-0.084277,-0.438543,-0.303979,0.349361,175.029934,70.0,-0.28428799160438933,0.3503785869843722
-0.597006,0.114423,-0.453641,0.005759,230.727466,70.0,-0.4530651795814759,-0.007085671409011281
-0.900531,0.781424,0.862793,0.697692,135.222194,70.0,0.8559939319909627,0.6899326750181954
-0.604706,0.703748,0.741944,0.427888,152.755713,70.0,0.7587966423591026,0.4110297991547424
-0.113489,0.590601,-0.061629,0.191598,326.42084,70.0,-0.04526825721804314,0.21065595629660874
0.230112,-0.513517,-1.899577,0.735919,129.926886,70.0,-1.9098254312421215,0.7159724225917844
-0.678771,-0.111964,-0.250807,0.119446,227.988808,70.0,-0.23955991739111787,0.12567581305866057
0.217374,-0.594863,0.146597,1.067004,199.959045,70.0,0.1303500614683513,1.0818676095921436
0.131953,-0.265699,0.057615,-0.126003,301.469348,70.0,0.045831862434227696,-0.10682714884479247
0.38896,-0.757485,-0.12636,0.112032,199.310465,70.0,-0.11573356496122232,0.1281713147863259
0.955094,0.264973,2.004339,0.703518,90.696532,70.0,1.9969949922959402,0.6869765507902492
-0.604278,-0.106871,0.900055,-0.142161,117.238454,70.0,0.8870061191787302,-0.14637153941362188
-0.185923,-0.804377,-1.343927,0.704071,159.259581,70.0,-1.351322416410021,0.7221961634787387
0.827798,0.798442,-0.778027,0.719349,135.24529,70.0,-0.7868189831109712,0.7046953663124366
-0.580619,-0.457063,0.52732,-0.337232,183.666343,70.0,0.5074529402334622,-0.35473556057301003
0.134936,-0.123498,4.433595,-0.416652,195.459437,70.0,4.416164216979623,-0.43634013802420557
0.373093,0.577703,-0.255713,0.037791,161.959595,70.0,-0.25195634804763467,0.043552793334282726
-0.537495,0.319108,-0.018047,-0.086371,208.601953,70.0,-0.026418124313932673,-0.06645236831895235
-0.758454,0.657541,-0.686746,0.540603,148.59902,70.0,-0.6782529567126572,0.5214503898346318
-0.709679,0.428836,0.288204,0.011139,175.619154,70.0,0.2893173242154434,0.013727247071038796
-0.555087,0.646562,0.052803,-0.133044,159.16521,70.0,0.040458355210268256,-0.11373699973419313
0.775605,-0.410561,-0.623492,-0.11266,169.240197,70.0,-0.6341715848481275,-0.1326541764329452
-0.299317,-0.623169,-0.285901,0.420264,158.598217,70.0,-0.26865015564087136,0.4230804338078343
0.403358,-0.756208,0.621073,0.082177,191.999825,70.0,0.6290614164741256,0.06219012299348708
0.417472,0.446002,0.589867,0.167261,213.199332,70.0,0.6047104353426322,0.14762949290238656
-0.039538,-0.511696,0.126849,-0.480029,160.378812,70.0,0.11334187497276067,-0.4639186136800246
-0.066492,0.475637,-0.116527,0.183629,265.844292,70.0,-0.10063747089103692,0.2003293140928056
0.031557,0.373346,-5.26294,7.507877,201.041628,70.0,-5.266120970654147,7.515459260061159
0.82185,0.826561,-0.761291,0.703823,135.187452,70.0,-0.7686633684800483,0.6880829656384511
0.01807,-0.295714,-0.199087,0.976934,284.487675,70.0,-0.21879092589929772,0.9878167595568249
-0.062817,0.229557,-0.167859,-0.128985,288.482475,70.0,-0.17988177008681414,-0.11562524733350896
0.159674,-0.365506,8.086555,-0.68069,181.03463,70.0,8.091732500567742,-0.6990488835665697
0.935891,-0.483241,-0.911193,-0.473705,152.973445,70.0,-0.9251596852185752,-0.476820737026711
0.164037,0.966259,-2.653272,0.094444,116.269686,70.0,-2.644174711012977,0.10974098050398644
-0.087556,0.444032,-0.189972,0.144146,97.67907,70.0,-0.17677333371176074,0.15578193923867376
0.846937,0.475915,0.265744,-0.059695,158.074223,70.0,0.2598627404910881,-0.054900621446830694
0.703195,0.594466,0.568088,0.375471,157.061377,70.0,0.5871555547032814,0.3563710955572182
-0.805279,-0.323192,0.557212,-0.663861,161.190593,70.0,0.5607475682674107,-0.6826102242111566
0.109754,0.632197,0.821778,1.453446,108.435066,70.0,0.83843287112353,1.4420954631157414
-0.660953,-0.632297,-0.732178,-0.573586,156.936784,70.0,-0.7375831919725289,-0.5909493620006149
0.977282,-0.82899,0.765534,-0.289254,130.281195,70.0,0.7456888677800037,-0.3047287397960304
-0.839035,0.34341,0.563207,0.030652,168.377704,70.0,0.5662602145278908,0.011702549692313526
-0.311215,-0.595246,-2.063889,0.456059,193.411817,70.0,-2.048715228751739,0.44354342878542335
-0.302982,-0.213564,1.908323,-0.128444,215.496856,70.0,1.8963435075825228,-0.14830764628107745
0.625787,-0.399754,0.517677,-0.264293,187.148681,70.0,0.49829544725030434,-0.28130987079084063
-0.660713,-0.605537,0.434004,-0.147,160.505629,70.0,0.42059225688724194,-0.15828003146312947
0.747735,-0.823457,-0.572772,-0.356587,135.572521,70.0,-0.5923236570148728,-0.37582059122874123
0.157641,-0.519735,-0.594413,1.292322,325.814774,70.0,-0.5908634100821039,1.2726087086073123
0.817661,0.424332,0.121464,-0.044536,163.556904,70.0,0.11704711517182982,-0.02811239285434977
-0.259776,-0.061204,0.49911,-0.072399,285.818449,70.0,0.49202718709660187,-0.08836844981970404
-0.662937,0.02114,-0.365727,-0.016026,195.130083,70.0,-0.367327885550307,-0.021125825370199698
-0.704288,-0.963378,-0.345878,-0.10602,129.571279,70.0,-0.35599039238768176,-0.1091785937068891
0.513466,-0.170687,0.464876,-0.136153,236.47893,70.0,0.45228824633804793,-0.1498381302232725
-0.736485,-0.107834,0.420126,0.002208,232.476464,70.0,0.42034679551478443,-0.007899796525563323
-0.373155,0.377633,-1.121214,0.05331,218.490966,70.0,-1.1159459030738306,0.06889766711384238
0.873534,-0.517514,-0.571966,-0.157967,153.251123,70.0,-0.5861707425654273,-0.17717833652625833
0.138845,-0.428391,0.200283,0.315408,198.581745,70.0,0.2202826101667155,0.3261902216783734
0.037488,0.055792,0.033862,-0.060135,368.486523,70.0,0.027938700171613276,-0.040420974637945806
-0.30732,0.869186,-0.610009,0.302517,178.315185,70.0,-0.5900428760181453,0.28260075121120587
0.416645,0.553258,7.377246,-14.511505,104.624075,70.0,7.38317348256343,-14.497756834185713
0.601974,-0.63123,-0.588511,-0.260098,160.806212,70.0,-0.6077847828832563,-0.2797031462540809
0.911328,0.697162,0.90732,0.668754,139.833204,70.0,0.9033039439475068,0.6652562997350763
-0.799278,0.534211,-0.711212,0.529971,157.012068,70.0,-0.7017688326850876,0.5116643809754012
0.485642,0.190633,-0.437735,0.190455,239.129605,70.0,-0.42144026544579016,0.17886885295364582
-0.035372,-0.503508,2.118506,-11.837248,148.237372,70.0,2.1088470019329333,-11.845092410160108
-0.453203,-0.975634,3.480661,-1.048432,114.661776,70.0,3.4979194561022666,-1.045947526546521
0.514834,0.816893,-0.991526,0.558651,135.453268,70.0,-0.9846992845692686,0.5635068027973213
-0.471302,0.822096,0.846952,0.152826,144.272293,70.0,0.8607901826780199,0.1436325040569571
0.95973,0.176291,0.082463,-0.025709,140.711717,70.0,0.07989917433291899,-0.0073850882896154164
0.91978,0.741053,-0.786568,0.649702,135.300886,70.0,-0.788702275235177,0.6356428257653848
0.869772,0.257647,0.922453,0.361399,198.889594,70.0,0.9418976908017809,0.3593998644624317
0.272674,0.823787,-0.294465,-0.189611,112.02467,70.0,-0.3107106518661718,-0.18764475471229242
-0.616948,0.959926,-0.918338,0.830326,130.664791,70.0,-0.9352750341423225,0.8279178773649897
-0.518602,-0.146136,-0.477141,-0.125772,241.744878,70.0,-0.48890546447912187,-0.14032525914805427
-0.108963,0.655084,15.546033,-5.533317,61.81227,70.0,15.534612582280127,-5.547112018423772
-0.006925,-0.387103,25.439723,-8.227389,103.610906,70.0,25.445561530847264,-8.226671404648517
-0.046607,0.668445,1.905716,1.498371,79.417268,70.0,1.9244189109912038,1.478478651920159
0.549297,0.030125,-0.634053,-0.049398,99.820132,70.0,-0.6389427283303513,-0.06938977952870963
0.315196,-0.497373,0.192227,-0.159275,306.378559,70.0,0.17793048357278302,-0.1478232033113858
0.644608,-0.066361,-0.046062,0.020077,239.842684,70.0,-0.04405767028315814,0.03954891350379082
0.675222,0.463839,0.400365,0.193457,172.971181,70.0,0.41683195773579335,0.18510088779168826
-0.262062,-0.475874,-11.716968,5.267382,129.66586,70.0,-11.698297168611765,5.258406824700831
-0.006898,0.059469,-0.002222,0.063923,364.672736,70.0,0.004062021633517407,0.08392176569169618
-0.500416,-0.491871,0.246663,0.02716,182.869747,70.0,0.24937065977837716,0.033782230919266985
-0.874176,-0.271308,0.261085,0.601945,181.708113,70.0,0.2637147161916617,0.6071903522957984
0.126368,-0.131572,-0.248661,-0.38479,345.367337,70.0,-0.2674267331135599,-0.378356625997324
0.665353,0.586556,-0.706446,0.559952,160.985184,70.0,-0.6997417145226433,0.5414586687940344
0.251865,-0.90762,-9.515596,4.943927,133.839936,70.0,-9.523625123748412,4.925953790382752
-0.363872,0.406776,4.127174,1.350637,195.029853,70.0,4.13623172023015,1.3463599353832285
0.677728,0.580365,-0.697488,0.568638,160.986113,70.0,-0.6916081234602658,0.5498222290988752
0.192616,-0.708015,-2.232454,0.381197,87.91381,70.0,-2.2135670347421876,0.3845154955182399
0.384329,-0.574276,3.950285,-0.312951,164.185947,70.0,3.9302853649751843,-0.3005481043222892
0.144441,-0.38187,-0.08157,0.251872,227.00919,70.0,-0.06253211152411162,0.27023151425033665
-0.08368,-0.406202,-8.99526,1.037552,119.364357,70.0,-9.013042459577685,1.0484587797475005
0.958254,-0.624847,-1.213276,-1.225574,120.412926,70.0,-1.2101821676251796,-1.2060422071055208
0.192177,-0.076558,-0.200765,-0.059435,354.776904,70.0,-0.20662140410904173,-0.048693405305514595
-0.706283,-0.496333,0.558989,-0.418942,168.808256,70.0,0.5416716417590823,-0.43775233888982995
0.127935,0.198572,1.376315,0.257231,270.343586,70.0,1.395510248691418,0.2737558758452263
-0.595526,0.993543,-0.568606,0.466183,130.352178,70.0,-0.5541109150175781,0.4470677946591606
0.469593,0.450465,0.61852,0.333346,194.17246,70.0,0.6384280378652809,0.3133699980003213
0.961263,-0.049519,1.492619,-0.117687,112.979045,70.0,1.4815178016009138,-0.11006683357250632
-0.259418,-0.031629,-0.243095,0.028676,339.720091,70.0,-0.2402372151751752,0.03563383276454175
0.416729,-0.037745,-0.544846,-0.310408,230.684886,70.0,-0.5648424821051864,-0.3286912233819128
-0.386952,0.506135,-25.522642,7.415144,97.378473,70.0,-25.534317847219363,7.407749602232019
0.611879,-0.151552,0.127789,0.030086,245.365834,70.0,0.1307862658041691,0.04614050705163561
0.860955,0.070557,-0.425613,-0.049002,209.093655,70.0,-0.4304643205229939,-0.059579401776985424
-0.14165,-0.718832,-0.540514,0.596097,145.199059,70.0,-0.537305767709969,0.5779936495710247
0.59607,0.142507,-0.951524,0.47707,168.318385,70.0,-0.9378001374287033,0.4779743119716521
-0.884906,-0.622443,0.887501,-0.569374,144.28644,70.0,0.8816915105338882,-0.5748027054985517
0.601037,-0.378026,-0.348438,-0.118535,191.025128,70.0,-0.3596096359204853,-0.12194611534799624
0.513904,-0.81199,1.054873,-0.371076,148.783262,70.0,1.0356774275426708,-0.36041881294997596
0.87959,-0.737272,0.584596,-0.304809,139.442431,70.0,0.5646178528848395,-0.32433298540296474
0.661485,-0.423994,0.604981,-0.453389,180.088196,70.0,0.5896346479669143,-0.4732529943412995
-0.065276,0.900614,15.657822,-44.422124,76.10964,70.0,15.641641888072789,-44.441498748575455
0.615692,-0.058581,-0.562053,0.036611,182.399788,70.0,-0.5584123124842217,0.017698774140248296
-0.575261,-0.416861,0.114988,0.072623,189.337078,70.0,0.12209175676138985,0.08940749861995058
-0.179982,-0.949923,0.309051,-0.706864,120.951121,70.0,0.31670519090801313,-0.7063532290027038
0.636136,-0.465162,-0.580103,-0.406027,176.414554,70.0,-0.5980299179267426,-0.4254486249957501
0.030556,-0.449748,-0.979669,0.71766,213.339185,70.0,-0.9883089664246506,0.7213577231131995
-0.915276,0.96229,0.559129,0.293063,125.154757,70.0,0.5790178400210404,0.2742479092641177
-0.786505,-0.783221,-0.653429,-0.517572,139.636498,70.0,-0.6639463151808048,-0.5374145730447665
0.407803,-0.054781,0.056903,0.043527,264.856113,70.0,0.06122142034922639,0.06272295802295459
-0.703824,0.838292,0.484039,0.17555,135.867873,70.0,0.499425066782043,0.16053233192429597
-0.83165,0.461111,0.793799,0.464684,161.147501,70.0,0.8083969591045544,0.45114819257945604
-0.104378,-0.283824,1.119849,-0.22672,118.613307,70.0,1.1017301539842999,-0.21121821897604046
-0.222019,0.521038,-0.811494,-1.438114,90.466425,70.0,-0.8272519181563978,-1.4502958997778421
-0.906644,0.028866,-0.542512,0.004427,189.042312,70.0,-0.5420693361498654,-0.013760371655996008
-0.855994,-0.683457,0.620805,-0.404052,144.059443,70.0,0.6027913948698581,-0.42403788837383316
-0.868515,0.875272,-0.826749,0.806939,130.531747,70.0,-0.8423294131810912,0.7960012165294289
0.693626,-0.220689,0.17882,-0.152696,180.096631,70.0,0.16499120604432527,-0.140171584977315
0.87617,-0.210121,0.038642,0.062794,246.825062,70.0,0.04481873973576698,0.08242185879549882
0.492709,0.959731,0.65602,1.9169,109.540726,70.0,0.652839124199842,1.8970915363488283
0.194745,-0.914116,-1.850503,1.457787,106.872861,70.0,-1.8336117273812502,1.4380830121873396
0.458402,0.366783,-0.188603,-0.057863,209.550797,70.0,-0.19430891522026955,-0.046115988792074486
0.522793,0.578435,-0.517596,0.372172,168.994405,70.0,-0.4984314866784892,0.3551593864996619
-0.245008,0.146055,0.173353,-0.034998,356.918129,70.0,0.16987103419360997,-0.022052084541719086
0.740851,-0.512754,0.470425,-0.325906,164.785357,70.0,0.4504594865281166,-0.3399904673983323
0.151763,0.674842,17.894088,-4.502833,74.920064,70.0,17.90407791169444,-4.501534900593443
0.07137,-0.485888,-8.45182,1.913469,89.361329,70.0,-8.454661691507777,1.9104327687136242
-0.324568,0.986448,0.523917,-0.05472,152.342535,70.0,0.5185130144799274,-0.07205639736416598
-0.761308,0.70162,0.569798,0.359851,144.460637,70.0,0.5892783325233641,0.340701072074187
0.12423,-0.070808,-0.137556,0.085046,362.255894,70.0,-0.12930539380511458,0.10049914451754519
-0.065446,0.054664,-0.039871,0.012691,374.682476,70.0,-0.038602751508240184,0.03229489031369255
0.740563,0.644477,-0.56036,0.378399,152.605414,70.0,-0.5413828465254724,0.35954252414772897
-0.274633,0.235996,-0.25921,-0.172927,310.57637,70.0,-0.2744271691859188,-0.16750094426525716
0.377339,-0.065985,0.426001,-0.087177,246.225441,70.0,0.4175567436756051,-0.09778731152011029
0.985953,0.907006,-0.616787,0.848094,125.708106,70.0,-0.6346009513447469,0.8281272348414714
0.044647,0.388802,0.139089,0.363874,251.041946,70.0,0.15847428629811516,0.3792293730846793
0.592851,0.047691,-0.261184,0.090062,256.825159,70.0,-0.25247910696383213,0.09529779820128129
-0.450488,0.641658,-0.869357,0.402321,122.856272,70.0,-0.8512688615681423,0.395170731564699
0.348299,-0.132209,0.208415,0.059984,222.626487,70.0,0.21432387557593252,0.07007259359896972
-0.041465,-0.895286,-13.565064,2.142481,118.717387,70.0,-13.584267495253119,2.148028829108378
0.924468,-0.468697,0.3637,-0.196476,149.240919,70.0,0.3470635853846366,-0.20137956738718682
0.61359,0.605675,-0.640388,0.442641,161.030535,70.0,-0.6243749003228725,0.4226774069712596
-0.427216,-0.222359,0.446381,-0.248477,239.0201,70.0,0.4274498810412256,-0.26075684636410273
0.820389,0.28385,-0.636133,0.168325,183.901564,70.0,-0.621218464731518,0.14834026454042643
0.668232,0.974415,0.315683,0.076558,129.489583,70.0,0.3231531999348953,0.07640562800995916
0.988484,-0.550244,0.871396,-0.535628,148.769588,70.0,0.8624552157283668,-0.542587476303539
0.047267,0.422507,-22.970948,6.758825,74.231094,70.0,-22.957120445944177,6.755114460040018
-0.929737,-0.082304,0.41727,0.05414,185.43246,70.0,0.4226181202182398,0.044279667374436886
0.711656,0.801458,0.710438,0.798478,139.796496,70.0,0.6954018719708158,0.7801403489729032
0.111276,0.215158,-10.345486,0.025452,119.420595,70.0,-10.342947664403797,0.027624679408247754
0.165534,0.134579,-0.025461,-0.072131,269.418647,70.0,-0.032518743401670845,-0.05229284687121981
-0.133085,-0.759062,-1.215663,-0.705601,108.980954,70.0,-1.2081256455563267,-0.6860192524503095
0.452582,0.537606,-0.664403,0.133839,161.280853,70.0,-0.6519959038108707,0.1141636401490916
-0.462881,0.364895,-0.18878,-0.018938,206.426725,70.0,-0.19067097123809718,-0.007205318578176197
0.790356,-0.486632,-0.640506,-0.330937,161.187557,70.0,-0.66043566816517,-0.3508998778875725
-0.826535,0.419064,0.767413,0.400564,161.15539,70.0,0.7855754055751197,0.3852089773528171
-0.792667,-0.357517,-0.037059,0.082127,174.419858,70.0,-0.029075167613936935,0.10178463887267229
-0.785088,-0.978395,0.922354,-0.912515,125.790075,70.0,0.9421299771850485,-0.9145239857108713
0.111899,0.694103,-1.332502,2.40096,192.017529,70.0,-1.3431523250648856,2.41953829818119
-0.206863,-0.742585,-3.037991,0.112861,95.920808,70.0,-3.027294426046569,0.09548485780395784
-0.629249,0.212592,0.396047,0.026433,204.378383,70.0,0.39868261137260946,0.018471110785580155
-0.961987,-0.108496,6.836147,0.015623,126.519465,70.0,6.837707711637763,-0.0029740528321196436
0.514746,-0.657031,-0.58972,-0.602522,161.103232,70.0,-0.5922925062755077,-0.6221506929862247
-0.719868,-0.817023,-0.537879,-0.378975,139.468107,70.0,-0.5568378902382022,-0.39696478050238526
0.297685,-0.811997,-1.107269,0.944158,80.979554,70.0,-1.1272682942328451,0.958834779638466
0.774137,0.92257,0.735614,0.741752,130.508203,70.0,0.7248690985375755,0.7245617104214229
-0.364626,-0.275871,-3.823806,0.058883,128.713315,70.0,-3.818002398576938,0.07816122085761361
-0.571033,0.644537,0.425827,0.036585,160.383495,70.0,0.42946513092538696,0.02598944204176485
0.736533,0.918224,0.84008,0.868114,130.582068,70.0,0.8214466393559855,0.8583157569635967
0.584966,-0.468941,0.581165,-0.332402,180.122314,70.0,0.5612481416733704,-0.35184870624098097
0.513026,0.433879,-0.588736,0.305575,190.771176,70.0,-0.5687544195749042,0.28596541731654146
0.209062,-0.289779,0.699929,5.891343,154.807301,70.0,0.6814187916547709,5.872611376873489
-0.311515,0.369847,0.450359,-0.259952,195.101244,70.0,0.43108912084103074,-0.2725433850273173
0.017923,-0.763071,-4.496112,44.565883,74.218517,70.0,-4.491675934836392,44.54823080591085
-0.928983,0.584471,-0.747255,0.33707,148.648293,70.0,-0.7273860820022345,0.3205034699065418
-0.798217,0.369693,-0.160473,-0.114812,171.556273,70.0,-0.1713339141953869,-0.10091183569288135
-0.575109,0.136962,-0.037982,-0.337224,192.795738,70.0,-0.05784915183700562,-0.3175835754311865
-0.084333,0.622762,-1.720285,-0.511858,141.747185,70.0,-1.7312839713188803,-0.5254533174743495
0.760684,0.812078,-0.345272,0.017797,136.245246,70.0,-0.3434946477789997,0.01469826019275033
0.602646,0.678969,-0.300421,0.086846,153.565886,70.0,-0.29200676026848055,0.08821874639104924
-0.569514,0.172479,-0.006039,-0.043354,237.534261,70.0,-0.010340526828352197,-0.023363116687549194
0.85237,-0.220315,-1.01008,2.277692,143.605477,70.0,-1.028556161918617,2.2843242262639087
-0.835827,0.247309,0.841292,0.044312,143.828462,70.0,0.8456870351388518,0.03461959497274107
0.521563,-0.095577,0.545649,0.015082,234.727563,70.0,0.5471557709675775,-0.003233625607566277
-0.361563,-0.783371,-1.086767,0.245701,142.318142,70.0,-1.0679272387305407,0.25891042216092586
-0.109236,0.077174,-0.10135,-0.075113,382.080039,70.0,-0.10868596414805567,-0.05762647056545574
-0.931495,0.369364,9.737064,-2.438387,104.266438,70.0,9.744378946112777,-2.438574319874054
-0.102874,0.997196,-0.07906,0.031236,218.594053,70.0,-0.07594908309705023,0.04969362160746722
-0.123399,0.034584,0.077579,0.017419,378.792812,70.0,0.07931869862669144,0.035933146134665965
-0.7391,-0.061225,0.240045,0.013149,195.225666,70.0,0.24135895294963872,0.02039196073023839
0.990214,0.529445,-0.398091,-0.2028,143.466972,70.0,-0.4150700501436922,-0.21094897535182625
0.379043,0.580076,-11.974205,6.383953,127.722405,70.0,-11.964549188647691,6.364278869550424
-0.664961,-0.003907,-0.440586,0.002592,188.64925,70.0,-0.44032680725588014,-0.009225349644385424
0.340213,-0.034357,-0.269463,-0.073798,283.480649,70.0,-0.2766764719412812,-0.06936548576545538
0.568731,0.65787,0.539078,0.44223,157.068266,70.0,0.5551156899139581,0.4241881535790208
0.828464,-0.012292,-2.759562,0.008615,117.99885,70.0,-2.7587007663877885,0.015272615530056394
-0.583364,-0.595185,-0.743229,-0.494811,164.9837,70.0,-0.755610081319142,-0.5115997133584878
0.724746,0.802624,0.700086,0.737561,139.777863,70.0,0.6896969116045881,0.7188348847213576
-0.305724,-0.29903,2.520443,-2.182358,216.449641,70.0,2.5403728429867063,-2.162370846824243
0.201835,0.238975,-1.617827,-0.216576,221.786184,70.0,-1.6354932314608874,-0.22123584266865506
0.458557,0.975703,-13.219969,-24.724971,94.932827,70.0,-13.202120049045895,-24.744811444835012
0.64447,-0.387411,0.530485,-0.263876,187.157537,70.0,0.5111137790967787,-0.2815304855338627
0.776468,0.104646,-2.659254,-0.271485,136.824276,70.0,-2.678800451430822,-0.25658017009532114
0.785614,-0.189938,-0.213476,1.11191,167.690135,70.0,-0.22671826707372042,1.1215584168767785
-0.294869,0.131728,0.114353,-0.03878,316.319863,70.0,0.1104992546897039,-0.021961055725287455
-0.051768,-0.068357,-0.438868,-0.437355,345.714411,70.0,-0.45519216803982926,-0.44903331251149237
-0.876939,-0.715425,-0.87637,-0.713829,139.809983,70.0,-0.8680771055473406,-0.7203200575913841
-0.148263,0.137662,-10.085431,4.011674,207.887444,70.0,-10.066727066191794,4.031413188723688
-0.316322,-0.423626,4.000143,-0.427303,110.827582,70.0,3.9832589281331066,-0.4191544159659226
0.124928,-0.338157,-0.321219,-1.404812,129.600542,70.0,-0.3347176717349516,-1.4055178268665112
0.60044,-0.405937,0.487917,-0.269077,187.299337,70.0,0.46842295490031804,-0.2843479456157424
-0.590968,-0.400108,0.517655,-0.301088,190.674622,70.0,0.4976976992922855,-0.31810371476578597
-0.617144,-0.333034,0.378124,-0.068331,197.124337,70.0,0.3714230621262928,-0.07461898360175992
0.693961,-0.59666,0.464795,-0.221537,157.270799,70.0,0.4469016620987215,-0.23521622224570085
-0.06927,-0.225592,0.171284,-0.188042,161.688928,70.0,0.1551303612383439,-0.17493907284402818
0.477509,-0.503465,0.446144,-0.308106,180.260984,70.0,0.4261531598061074,-0.3203671310522505
0.266041,-0.652904,0.594608,-0.495908,179.414881,70.0,0.5823132572084831,-0.5156245719996525
0.643944,0.764017,-0.617389,0.707162,144.273913,70.0,-0.625070713689021,0.6871918562291833
0.837816,-0.828681,-0.633272,-0.435454,134.962273,70.0,-0.6497052607076984,-0.4554478660990831
0.35996,-0.156229,-0.315735,-0.105995,294.844207,70.0,-0.3258452354174021,-0.10615257183391795
0.259476,-0.981811,-9.433501,0.062351,79.319965,70.0,-9.427366409775868,0.042370019837971354
0.710693,0.62224,0.240517,-0.0414,155.701169,70.0,0.23640650253131565,-0.03420105549109261
-0.012019,0.000744,0.012736,-0.000799,302.882507,70.0,0.012656100212534164,0.019160462277631053
0.507313,0.407694,-0.451381,0.223073,197.442492,70.0,-0.433419572144887,0.2104023759967886
0.109795,-0.682823,-12.07487,1.615281,61.542506,70.0,-12.055362685319652,1.5997811055380486
-0.210659,-0.543288,0.253948,0.025643,265.328839,70.0,0.25650527998115197,0.03157358378261359
0.954128,0.025163,-0.897293,0.030177,133.811067,70.0,-0.8942867372751698,0.02569686085199498
0.906871,-0.21769,3.177009,0.075986,133.179926,70.0,3.184426109239596,0.05629876082064908
-0.713466,0.784785,-0.636438,0.596069,139.873707,70.0,-0.633227004000835,0.5760854791818295
-0.111343,0.655262,13.750364,-2.787941,61.60873,70.0,13.730752646898287,-2.7692458354667813
0.985503,-0.650731,2.823992,-0.950799,108.575528,70.0,2.8439746918883166,-0.9504548781587036
-0.840456,0.463686,0.608013,0.41849,161.082788,70.0,0.6253529263219587,0.3985929901314608
-0.831944,-0.487064,0.595526,-0.473087,161.07907,70.0,0.5815151468325953,-0.49281876422290977
-0.081705,0.784851,17.779559,-31.278137,69.048386,70.0,17.79227350463856,-31.266231696402205
0.983973,-0.368212,-1.590463,-4.25718,164.48181,70.0,-1.6034274625440434,-4.2591434994203174
-0.538445,0.352532,0.348778,0.129406,203.769929,70.0,0.36083438742375806,0.1259613877643538
0.999955,0.239731,-5.998092,1.273057,105.326755,70.0,-5.996451850126858,1.2759533750377443
-0.843816,-0.012209,-1.166317,0.017921,134.719267,70.0,-1.164527297182659,0.03591599742336056
0.808885,0.925023,0.404482,0.115547,129.619414,70.0,0.4154045588953462,0.10681864010939815
0.866722,0.991892,-0.131006,-0.147011,123.621414,70.0,-0.14441855910630116,-0.1311504069406502
0.723674,0.788544,0.710254,0.756319,139.794003,70.0,0.6983100535318716,0.7379740122438723
-0.937297,0.841188,-0.918274,0.690355,130.534299,70.0,-0.9243786457195727,0.6879405240502062
-0.145215,-0.635652,-13.504771,27.208877,139.669485,70.0,-13.521107675486418,27.208469287200835
0.596039,-0.370151,0.550116,-0.315496,194.122299,70.0,0.5301164467132122,-0.33398647173055573
0.863819,0.206532,8.096953,1.404517,85.028793,70.0,8.110429889643617,1.3857706096986204
-0.817205,-0.763146,-0.737959,-0.622649,139.731913,70.0,-0.7385258771419276,-0.6397182550927166
-0.188637,-0.422531,-0.641752,0.275711,160.649553,70.0,-0.6221204305120136,0.2557560975657858
0.525176,0.63096,0.502596,0.049131,164.5468,70.0,0.5074598342531926,0.032954118434046276
0.538029,0.655922,-0.08186,-0.144901,159.301535,70.0,-0.09511529708444455,-0.1265530075074237
0.084688,-0.653418,-0.854235,-0.87547,93.810891,70.0,-0.8353470501326714,-0.8840107500340925
0.004164,-0.009523,-0.004175,0.011174,304.55791,70.0,-0.0030581812286019252,0.03116964250199077
-0.056726,0.613885,-4.828989,1.66941,90.041961,70.0,-4.811371306902626,1.6804206187349486
-0.441971,-0.208711,-0.119975,0.049795,246.074719,70.0,-0.11504678611536419,0.0663031237754147
0.202209,0.533568,3.547096,1.111966,97.295109,70.0,3.533857930106046,1.1207861407135786
-0.329195,-0.775762,-7.418512,2.343245,103.71453,70.0,-7.433539530003958,2.359677369562286
-0.227426,-0.353706,2.427746,-1.094676,152.073525,70.0,2.442229058404985,-1.0764770644444246
-0.729152,-0.851425,0.754612,-0.834054,135.250645,70.0,0.7717443462501813,-0.8501972431858527
0.100097,0.323348,1.842164,-0.234655,241.864034,70.0,1.823723531911805,-0.25419896360267763
0.507478,-0.817389,-0.757723,-0.684773,144.564865,70.0,-0.7521522243185794,-0.700730646043105
0.147959,0.740214,-5.061527,15.623488,126.811512,70.0,-5.053328417815046,15.643182900572663
0.780116,-0.591591,-0.643731,-0.42065,152.916653,70.0,-0.6609622812175375,-0.4405906433310339
-0.876768,0.164288,3.886881,-0.538307,106.400504,70.0,3.878180651052076,-0.5216310916965531
-0.819116,-0.884036,-0.838877,-0.869796,130.554656,70.0,-0.8201831901607901,-0.8796989393016085
-0.000281,-0.71862,-1.332068,-55.431837,89.382974,70.0,-1.3449375324677446,-55.41324267484599
0.157537,-0.271621,-0.042343,-0.054869,368.120345,70.0,-0.04776132980493063,-0.035315560642659435
0.873012,0.70659,0.837614,0.662453,139.813365,70.0,0.8342171006968471,0.652440528281734
-0.339907,-0.810696,0.268091,0.02187,236.939288,70.0,0.27027364412456667,0.026436196973569928
0.636959,-0.633932,0.671324,-0.521344,156.948067,70.0,0.6611293703365367,-0.5408834111911054
-0.49797,0.611954,-0.690514,0.378773,165.329187,70.0,-0.6715486870346726,0.3597323006573478
-0.883133,-0.809721,0.53971,-0.222264,134.674814,70.0,0.5217843028324177,-0.24033302982004404
-0.974874,-0.71477,0.818814,-0.795556,135.339443,70.0,0.8336558581883136,-0.8071493238915864
0.867336,-0.688602,0.187836,0.082269,141.252631,70.0,0.19583284989144265,0.09407800048624994
0.663457,0.719756,0.715936,0.654949,148.563088,70.0,0.7132808152017285,0.6368377063506082
0.946051,0.278682,0.771624,0.268045,118.832995,70.0,0.7910947197287063,0.25296317988085365
-0.196327,0.325325,18.819816,-4.547975,91.302424,70.0,18.833430126934463,-4.528195708598736
-0.258346,-0.018457,-0.240001,0.006499,339.622634,70.0,-0.23935121436824056,0.013746061885534285
-0.210081,-0.828181,19.931827,2.507473,83.438181,70.0,19.931246969053287,2.52034153623003
0.756684,-0.420237,-0.476776,-0.13624,169.287625,70.0,-0.4893705131665221,-0.15076819830415691
-0.924868,-0.262873,-5.536116,1.026661,85.453995,70.0,-5.554370300814169,1.0100840736888803
-0.106701,0.678231,1.177129,1.460239,73.563959,70.0,1.1941502935177981,1.4786793211257754
-0.972353,-0.337281,2.043478,5.981451,143.909836,70.0,2.0235165824849863,5.967411251078632
-0.681979,-0.016881,-0.386575,0.013105,229.657011,70.0,-0.38526543757625725,0.00602062211086509
0.284684,0.676776,0.956056,-12.956366,119.715417,70.0,0.9374766348901361,-12.955009222442818
0.566017,-0.955634,0.767549,-0.378881,130.969724,70.0,0.7485871185617057,-0.3942273049228587
0.659288,0.649787,0.164382,-0.100423,155.395386,70.0,0.15475638895899868,-0.08680653049606583
0.973462,0.98154,0.842073,0.970503,120.809169,70.0,0.8222690319363944,0.96087898469399
0.736254,0.217205,-0.845076,-0.278093,160.868854,70.0,-0.8647516864298507,-0.28745269424128134
0.570989,0.615808,-0.254285,0.045919,161.835199,70.0,-0.24973333660082028,0.051817391076982154
-0.109815,0.333986,-1.293124,0.69738,178.677663,70.0,-1.2998937179486398,0.7170480979044734
-0.691634,-0.297133,0.600429,-0.352571,190.839584,70.0,0.5807967328857487,-0.37237685842592744
0.092192,-0.526468,-17.435205,-14.97631,106.40838,70.0,-17.425325184892284,-14.962212782059673
-0.355724,-0.654944,-2.817689,4.831305,125.723073,70.0,-2.8342566756905643,4.832279053343884
0.355305,-0.384186,-0.418155,0.429915,232.371001,70.0,-0.4014123731556619,0.41997776740141823
0.979585,-0.10986,1.051835,0.075864,151.764032,70.0,1.059240777835053,0.0862628907393111
-0.412039,0.863324,10.590823,2.515484,112.839365,70.0,10.591043983216153,2.4975008877402476
-0.107655,0.644317,0.751678,-1.207714,108.014315,70.0,0.7565216620397253,-1.2240287026771213
-0.965073,0.016717,-1.348713,0.000313,207.256773,70.0,-1.3486817000127769,0.018230677380605746
0.958149,-0.387236,-4.692082,1.245847,130.983122,70.0,-4.693160482787472,1.2438197893549132
-0.276184,0.183358,-0.230936,0.106318,283.326756,70.0,-0.22079790870300708,0.11440222495635531
-0.29489,-0.219457,-1.098149,0.025394,153.625517,70.0,-1.0956164176079926,0.03943619482897493
-0.415398,0.409625,-0.357851,-0.014397,241.355331,70.0,-0.3592894569395487,-0.018731503751319836
0.574341,0.953098,0.946486,0.575964,130.802375,70.0,0.9516618644349355,0.5763647935617632
0.715128,-0.848357,-0.727491,-0.723674,135.286163,70.0,-0.7183126338956722,-0.7412651748171447
-0.333897,0.188052,0.09351,-0.045377,330.17389,70.0,0.08901113096876062,-0.027523496346670243
0.585301,-0.843378,0.795586,-0.73679,139.943776,70.0,0.8059091295542835,-0.7501937142505495
-0.651007,0.517052,0.587256,0.399069,168.887145,70.0,0.6054804946315439,0.37948905418670964
0.089288,0.669404,0.792937,0.661127,264.156731,70.0,0.789670847825242,0.6475278601438932
0.675781,-0.148197,0.751876,-0.117177,224.273089,70.0,0.7408172599763648,-0.13348024185680762
-0.739051,0.776259,-0.686339,0.659178,139.82172,70.0,-0.6894127166277797,0.6400137079137936
0.585848,0.343762,-0.381851,0.157186,197.676671,70.0,-0.36770134507131336,0.1505453279288288
-0.38764,0.936617,-0.404775,0.246716,140.538538,70.0,-0.3859014133842288,0.23796128698502297
-0.280351,0.146385,-1.152658,0.172442,264.859409,70.0,-1.1374723480432496,0.1897994238940938
0.295836,0.115439,-0.225114,0.10605,289.536434,70.0,-0.21499901945655378,0.11466324308506512
0.18614,0.448178,-1.972084,9.765678,143.196777,70.0,-1.991905498908947,9.747546014132087
0.535606,-0.072535,-5.302392,0.321976,100.151126,70.0,-5.282407273390746,0.3257841565104862
0.90904,0.227458,-9.147849,-1.179796,76.927392,70.0,-9.140352550036502,-1.1834975656993982
0.883034,-0.844085,0.805347,-0.792375,130.566505,70.0,0.819973768465798,-0.805038586621051
-0.538214,0.242926,-0.30505,0.108994,219.699367,70.0,-0.2946821512709498,0.1099046116205898
0.855987,0.57813,0.555224,0.124567,149.111918,70.0,0.5668908033583515,0.10588790113073474
0.632962,0.188302,-1.084813,0.177835,183.15121,70.0,-1.0692819556356683,0.19089707768584427
0.792898,0.239208,-2.024098,0.703966,125.846237,70.0,-2.031483659599838,0.6886140494485323
0.3711,-0.916324,0.312995,-0.255425,174.445227,70.0,0.2938512480820019,-0.25530857412167507
-0.654069,-0.930761,-0.84683,-0.591694,130.72603,70.0,-0.850472017972344,-0.6008983288971765
0.708261,-0.256843,0.975274,0.923018,186.709735,70.0,0.9553685962512184,0.9262829420987182
-0.763938,0.501589,-0.311697,0.10375,164.30531,70.0,-0.3017811004807185,0.10399622031590297
0.205744,-0.065119,0.042618,-0.001743,329.72835,70.0,0.04244370220637471,0.017804642109878078
-0.460194,-0.474466,0.631976,-0.31007,183.7691,70.0,0.6119801803771563,-0.3300666558228129
-0.343041,0.504926,3.837133,-14.017676,132.999759,70.0,3.820597597577782,-13.998795098038718
0.285405,0.798914,14.267566,3.149495,69.446329,70.0,14.26677597095895,3.1373595275718347
-0.658533,0.038229,0.731275,0.131081,157.390044,70.0,0.7434646075554568,0.11367300192678031
0.510222,-0.700461,-0.42318,-0.288946,153.29671,70.0,-0.44302128318310274,-0.299316134830107
-0.646181,-0.36512,0.252837,0.039758,189.8678,70.0,0.25678666610178763,0.0457945948772092
-0.565624,-0.448537,0.170107,0.071972,184.725739,70.0,0.17714986408535832,0.0851636223287114
-0.557574,0.847599,-0.127451,0.350772,141.140055,70.0,-0.10778518823363431,0.36684664070816475
-0.401781,-0.736866,11.262212,3.323709,92.895482,70.0,11.246414787166907,3.343147076711261
-0.502792,-0.425998,-0.640599,-0.318173,194.208203,70.0,-0.6605949726187301,-0.33813530936270714
0.246446,0.016139,0.002587,0.007628,341.280452,70.0,0.003349615077726647,0.027626326881078245
-0.758273,-0.28814,-0.464679,0.180192,179.323944,70.0,-0.449000534117033,0.16652124246891237
-0.772478,0.961876,0.794831,0.589186,125.931572,70.0,0.7987193317426488,0.5757263457829356
0.245397,0.388635,-2.190249,-1.909636,82.900314,70.0,-2.1877872183612967,-1.9105222954103118
-0.212339,-0.778637,-18.358111,-18.895733,88.130717,70.0,-18.36268779021599,-18.911229374254663
-0.554912,-0.407827,-0.242165,-0.026169,193.402156,70.0,-0.24477443932078333,-0.01912405204062598
-0.347072,0.764554,-2.984903,0.257801,98.818699,70.0,-2.965691822932889,0.24363131559270243
-0.149165,0.981976,25.661241,-18.573289,67.521308,70.0,25.68088311503964,-18.590849333165366
0.072317,-0.574003,-1.915803,-1.170398,79.987583,70.0,-1.907443860046938,-1.190160580583138
0.730959,-0.765733,0.314279,-0.015074,140.795214,70.0,0.3127730267600382,-0.015085973463386831
0.325707,0.165209,-2.517908,-0.522338,174.281455,70.0,-2.5280169869527733,-0.5023433679641672
0.673464,0.902953,-0.302334,0.072508,134.166073,70.0,-0.29524099455428954,0.07368983765279845
-0.063204,-0.271073,-1.153836,1.575817,138.697924,70.0,-1.1338423014589272,1.5932326442511127
0.083615,-0.679753,-2.040292,-0.280741,86.780795,70.0,-2.060013453863468,-0.2950058614816427
-0.615586,-0.147239,-0.075785,0.022602,271.572319,70.0,-0.07352960786252939,0.041183256768206944
-0.649882,-0.574237,-0.379184,-0.102817,164.376208,70.0,-0.3890187665025019,-0.10920551964834865
0.805425,0.773566,0.668188,0.518745,139.644675,70.0,0.678605363288018,0.49914107937297997
-0.680588,-0.650661,0.60689,-0.462224,152.867338,70.0,0.5921249945775742,-0.4821093142924939
0.348057,-0.207807,0.658898,0.218799,168.984506,70.0,0.6766673492658202,0.19903232091337628
-0.607716,0.12197,-9.607545,-1.391899,143.260392,70.0,-9.62006338533565,-1.4041132668300333
-0.049032,-0.073114,0.027349,-0.05021,379.767336,70.0,0.022380576385420806,-0.03039670074856495
-0.820609,0.027692,0.939937,0.00288,184.300135,70.0,0.9402249900468233,0.002625927226616372
-0.586255,0.815709,-0.745413,0.166187,140.320124,70.0,-0.7306417588541063,0.14951797673008893
-0.374558,0.809993,-1.25762,2.519749,139.800174,70.0,-1.2569726253866595,2.539748758458431
-0.446355,0.108496,0.480029,0.301033,233.116458,70.0,0.49998594074913394,0.2862831670009954
-0.507217,-0.803617,0.319481,-0.139318,143.881152,70.0,0.30664888330153206,-0.13985011066795036
-0.387812,0.03845,0.370925,-0.052319,293.803974,70.0,0.36575256767511766,-0.05791966362539288
0.224398,-0.549266,-18.536844,-17.69573,110.695339,70.0,-18.54667825623391,-17.695585266881267
0.482784,0.145288,0.401275,0.119792,246.903086,70.0,0.4125506763830328,0.11135329775651913
-0.152231,-0.549563,-0.901779,0.892477,168.546918,70.0,-0.9211572287388008,0.8884351511087981
-0.499968,-0.965987,-0.893307,-0.974182,110.02819,70.0,-0.8735577633585929,-0.9790496942897564
0.652129,0.340147,-0.424503,0.130299,190.452212,70.0,-0.41237548251463424,0.11981596665408635
0.845126,0.040527,1.481261,-0.009851,113.51643,70.0,1.4802762982694866,-0.0011935541237976452
-0.867319,0.971776,0.759572,0.695753,125.623803,70.0,0.7529556004227795,0.6799074944871109
0.636794,0.592011,-0.569418,0.354373,161.104571,70.0,-0.5498209258871478,0.3352340675519668
-0.066978,0.305502,0.610007,-0.213925,166.982565,70.0,0.5924665920797029,-0.23384123050383213
0.577607,-0.157021,0.305084,-0.106014,213.443919,70.0,0.2949721252707765,-0.10510678486656637
0.941532,0.321013,0.027295,0.312106,117.13542,70.0,0.047293946034598563,0.33192003465306275
-0.731558,0.700349,-0.556106,0.326055,148.272907,70.0,-0.5361413666973837,0.30734456100305535
0.766491,0.40839,-0.791501,0.319333,169.04725,70.0,-0.7715076915093648,0.30562891659477637
-0.187029,0.611752,0.324403,-0.572101,142.859897,70.0,0.31885498439415055,-0.5731249256407339
-0.280904,0.848784,-20.160812,2.666145,70.979272,70.0,-20.146970577610873,2.6854038144987697
-0.491873,-0.917643,-0.075619,0.003989,106.017401,70.0,-0.07522012644674508,0.022576391071405636
-0.832183,-0.505591,-0.761938,-0.446339,157.077895,70.0,-0.7777268184176176,-0.462039035352662
0.525595,-0.323884,-0.411161,-0.19046,210.284252,70.0,-0.4274560244646505,-0.19978432064796842
0.487235,0.966066,0.407858,0.630024,148.691197,70.0,0.4076874551386931,0.6209931444223812
0.677743,0.82389,0.637625,0.71941,139.786224,70.0,0.6288275383142407,0.69943164868595
-0.877568,0.70719,-0.856879,0.684209,139.80996,70.0,-0.8623955856337346,0.6759080687647806
-0.258166,-0.988917,0.974391,0.386228,114.918821,70.0,0.9931065140239103,0.3894057950869713
-0.721517,-0.541592,0.533232,-0.340279,161.14691,70.0,0.5134023178492176,-0.3580608953855091
-0.52915,0.580762,-0.338162,0.258821,165.371079,70.0,-0.3189227090662639,0.25642648435692333
0.862404,0.425796,0.795903,0.503136,157.05061,70.0,0.8076197431513096,0.4897558301083951
0.352011,0.241152,0.571601,-0.137787,228.597156,70.0,0.5588866911123379,-0.15698815574226593
-0.960492,-0.984097,-0.829991,-0.925075,120.820759,70.0,-0.8100666665677171,-0.9357399364952763
0.279151,-0.317193,3.918783,-0.136471,201.179359,70.0,3.9061705507514324,-0.12176055443784536
0.941236,-0.645069,-0.086455,0.717265,153.732841,70.0,-0.09505932555800697,0.7354253003437105
0.332656,0.944046,-0.788059,-7.452816,117.592166,70.0,-0.779630214426279,-7.466768740043973
0.580981,0.547701,0.136585,-0.070559,171.243124,70.0,0.12967455977185724,-0.055044396490592784
-0.797448,-0.702664,0.786153,-0.703068,144.229621,70.0,0.7934551327662275,-0.7171566600190072
0.332572,-0.458205,1.798084,0.904693,137.478536,70.0,1.7784398623507514,0.8865501916524362
0.955479,0.742123,-0.947414,0.685222,135.275764,70.0,-0.9530278846884638,0.6857155702787977
0.858416,-0.608591,0.91263,-0.518357,148.682997,70.0,0.9021795352153746,-0.5213307123017452
-0.584842,0.557908,0.719262,0.465298,168.87064,70.0,0.7338179200323568,0.4473302958420985
0.764158,-0.794911,0.621629,-0.487174,139.60118,70.0,0.6086573191680231,-0.5071628135876475
-0.06775,-0.675815,-0.50062,-1.035548,186.202464,70.0,-0.48274671789310625,-1.051607900534603
-0.416226,0.496845,0.808917,0.57801,152.053944,70.0,0.8138949672100756,0.5656247359337132
0.479115,0.483938,-0.203913,0.069177,184.439746,70.0,-0.19713241207054816,0.07965173137425095
-0.45139,-0.51096,-0.598181,-0.102951,157.18605,70.0,-0.6080274322507815,-0.12272436164994138
0.299751,-0.0853,-0.326363,-0.020353,325.353306,70.0,-0.3283947888516998,-0.02157261630669519
0.355419,-0.478105,2.154541,-0.534701,133.066531,70.0,2.1455173905823,-0.5391215770266613
0.481736,0.54394,-0.136304,-0.101478,182.437895,70.0,-0.14602195447097913,-0.08594567889058757
-0.007009,0.192927,0.121096,0.198671,251.75522,70.0,0.13785324248938158,0.21511557994188038
0.526339,0.172418,0.392752,0.05767,231.135932,70.0,0.39843941468350574,0.05001144260712241
-0.178739,-0.060827,-0.305718,-0.013859,347.093451,70.0,-0.3071027911311788,-0.013015124059294489
-0.325816,0.009728,0.32676,0.00684,314.131757,70.0,0.3274438666688377,0.005580760006257265
-0.496432,0.469543,-0.55253,0.256754,187.32015,70.0,-0.533348200680294,0.2381728738436924
-0.39566,0.147911,0.44266,0.137577,267.960398,70.0,0.4553580914885974,0.12559296493603073
-0.052112,0.15752,-0.675889,0.084707,272.061586,70.0,-0.6676692866397888,0.06527007525495963
-0.5632,0.301177,-0.492743,0.266839,207.221122,70.0,-0.4733001952620636,0.2512608903372897
-0.125294,0.190778,-0.204282,-0.077479,338.291711,70.0,-0.21183755479527888,-0.06703572081826058
0.413107,-0.906487,-1.608632,-0.170309,135.357198,70.0,-1.623677983640653,-0.17407003966553938
0.671846,-0.281862,-0.585163,-0.390201,190.837376,70.0,-0.6037347442838952,-0.40973720376838524
0.745059,0.198336,5.818666,1.221635,135.542415,70.0,5.8151836342532475,1.207975903044737
-0.56312,-0.351232,-0.533905,-0.314648,200.800504,70.0,-0.5539049402846423,-0.33246059942193945
0.840296,0.848786,0.564315,0.342821,130.950625,70.0,0.5841099774878143,0.3238364027058899
-0.455277,0.153054,0.376776,0.12026,254.377333,70.0,0.3880902986453877,0.11410012266210519
0.378303,0.142425,-0.947409,0.235577,245.203701,70.0,-0.9289330342195892,0.23607007043092398
-0.254803,-0.470728,-1.689079,-0.566839,164.073082,70.0,-1.6951305860886856,-0.5779896978030512
0.467861,-0.662518,-0.111119,0.00109,174.989807,70.0,-0.11101000053959462,0.01808173517163426
-0.932263,-0.552128,-0.902205,-0.549248,148.778409,70.0,-0.9099076732585009,-0.5532481187432403
0.378146,-0.501854,0.373564,-0.115154,186.190963,70.0,0.36267438385054324,-0.1210075101666723
-0.664207,0.670272,0.744531,0.625832,152.790973,70.0,0.7447796466660916,0.6091144002648937
-0.734912,0.336512,-0.279552,-0.008709,180.933985,70.0,-0.2804226247974491,-0.005265517559279112
-0.23463,0.57748,-1.046497,12.533035,117.463868,70.0,-1.0498151475954718,12.542974269264336
-0.286013,0.980099,-0.562583,0.091223,113.752583,70.0,-0.55377372797061,0.07229359973171709
0.516427,-0.409645,0.013705,0.087361,195.647541,70.0,0.022165932288430595,0.10731406161534887
-0.90571,-0.263048,0.253589,-0.359013,160.396292,70.0,0.2340898597992749,-0.35304814043596894
0.955531,-0.398229,-0.472481,-0.289746,183.5361,70.0,-0.49233218303976695,-0.3039756921978543
0.969065,-0.920001,-0.692642,-0.769789,125.657558,70.0,-0.6796455278174918,-0.7887635082739493
-0.454352,-0.288734,-0.465756,-0.164843,230.940914,70.0,-0.4804362977751986,-0.17859217078801007
-0.758816,0.585734,-0.542589,0.421902,156.823102,70.0,-0.5254216136302855,0.40371142655880937
0.432751,-0.758598,0.535656,-0.19617,178.528139,70.0,0.519036589208349,-0.21406153874871242
0.251465,0.365037,-0.84741,0.83472,146.93545,70.0,-0.8645766136207654,0.8255672025262759
-0.826577,-0.282445,0.654165,0.063017,176.220431,70.0,0.6603629457560101,0.04318377768679585
0.94923,-0.284966,-0.442998,-0.358201,183.764772,70.0,-0.46251503778817105,-0.3702120781518306
0.568987,0.963047,1.01977,0.692045,130.762452,70.0,1.0135046391680176,0.6995832561225045
-0.075808,-0.103027,0.037826,0.103507,380.488349,70.0,0.047720789123103756,0.12315036341391386
0.433105,-0.796626,0.457004,-0.536291,157.081776,70.0,0.44812257104796044,-0.549391620401508
-0.892284,-0.612621,-0.113421,0.117482,146.943067,70.0,-0.10233685954203216,0.13435119359534142
-0.329081,-0.856329,-0.376316,-1.07179,110.14199,70.0,-0.3603527937769396,-1.0779060972198635
-0.321809,-0.637227,27.348508,2.672415,78.829797,70.0,27.362795133966657,2.6740782681492616
0.133003,-0.620915,-0.181004,0.079762,202.664587,70.0,-0.17323755991486298,0.09211539702613533
0.278462,0.109564,0.302351,-0.086605,267.518107,70.0,0.29395862975368436,-0.08542485938080034
-0.562981,-0.015264,-0.167594,0.005324,225.814191,70.0,-0.16706166287637725,0.018703461501266647
-0.549926,-0.608277,-0.747504,-0.473979,165.004227,70.0,-0.7614510599705414,-0.49053156714081486
0.684198,-0.678527,-0.438441,-0.112187,152.173087,70.0,-0.449080562982923,-0.12383062144881628
0.002483,-0.262795,-2.667289,-3.128479,135.941483,70.0,-2.66859942592444,-3.1141218222968203
-0.7873,-0.155293,1.369003,2.337716,168.975899,70.0,1.353616414273612,2.3546416357154674
-0.004716,0.736559,1.215654,-40.715715,71.59362,70.0,1.2039529063388716,-40.6961334355663
-0.650027,0.998587,0.937675,0.486092,126.101132,70.0,0.95072884628038,0.4856117665515492
-0.745737,0.406204,-0.599198,0.524716,172.804048,70.0,-0.5892949099915507,0.5049276270538756
-0.928702,-0.688465,-0.913591,-0.59667,139.832989,70.0,-0.9167426612235251,-0.5995486465368427
0.973519,-0.060544,6.237899,0.221249,97.647848,70.0,6.2557794534185795,0.24073847447182783
0.435371,-0.713779,0.1197,-0.332846,164.48305,70.0,0.09978723502277752,-0.3163223670040046
-0.487464,-0.805401,-0.424052,-0.492484,148.671067,70.0,-0.43661498973778545,-0.5029285984406707
-0.381246,0.406833,-0.697684,0.368392,187.109703,70.0,-0.6784148028865585,0.349582882415008
-0.365748,0.865756,-0.336328,0.812849,121.100226,70.0,-0.3522721132913257,0.8106366632840931
0.763884,0.593808,-0.283297,-0.038673,153.81517,70.0,-0.28714024527493287,-0.03559900708663269
0.130552,0.179559,-0.208631,0.230146,256.897476,70.0,-0.19036976214280119,0.2402159371389465
-0.156655,-0.893903,17.463312,2.607767,62.715189,70.0,17.472413641520184,2.6237124374873253
0.164449,-0.109846,-0.144256,-0.058178,368.950743,70.0,-0.14999209897580162,-0.04315877797775852
-0.184839,-0.594686,1.533402,0.737183,149.119047,70.0,1.5230452301712396,0.7409006833049528
-0.885152,-0.742353,-0.089148,0.132321,137.763907,70.0,-0.07686032001482772,0.15036683758917985
-0.732171,0.401896,-0.526654,0.154855,173.037076,70.0,-0.5126700412750367,0.13738375756229448
0.663358,-0.944505,0.858692,-0.862062,130.621914,70.0,0.8770969882201094,-0.8701976456642683
-0.301522,0.318128,3.776181,-1.048496,115.894261,70.0,3.7934362210698116,-1.0285058268423748
0.770419,0.437824,-0.583206,0.388258,168.990655,70.0,-0.5645630257569256,0.3687646315763938
0.5086,0.037994,0.123924,0.000273,265.43198,70.0,0.12395129999152234,0.01655498382512401
0.565607,0.14971,0.268386,0.010679,231.221933,70.0,0.2694533926372153,0.01521647115537717
0.181747,0.629989,-1.895365,-0.14675,135.576956,70.0,-1.9087581868708297,-0.16672291717161136
0.222444,0.618207,0.271592,0.262343,237.834891,70.0,0.29092451486636867,0.266567661458262
0.20314,0.168462,0.222035,-0.079301,327.350502,70.0,0.2143110627537357,-0.07041090474672733
-0.659065,-0.911506,-0.034943,0.168821,132.734269,70.0,-0.019995464536305588,0.1885165223946254
0.31412,-0.588183,-7.367106,-22.616014,111.112814,70.0,-7.3667607065711875,-22.603019623688414
0.41656,-0.880721,-1.04311,0.604574,134.926647,70.0,-1.0407411210115056,0.6142179438891572
-0.277721,0.339216,-0.404286,0.124249,206.638232,70.0,-0.39264504022710744,0.11553827928107971
-0.800443,0.952854,0.791669,0.646559,125.879215,70.0,0.789847480717262,0.6328671577256972
0.622766,0.83145,0.665334,0.8141,139.877155,70.0,0.6493146752591361,0.7944415595982798
0.176759,0.78597,0.722866,0.655064,127.444942,70.0,0.7201994174356584,0.6372574951438326
-0.206538,0.711846,1.809321,-1.547285,125.136808,70.0,1.7894590365449596,-1.565871815429482
0.001442,0.22979,0.115402,0.671177,184.290871,70.0,0.11114887971826794,0.6879389500003517
0.074455,-0.637726,1.910581,-7.498834,113.462926,70.0,1.9146512044077355,-7.518670059080924
-0.259526,0.147347,0.108523,-0.028374,324.80294,70.0,0.10569510853012275,-0.011246774306457177
0.467259,-0.772903,0.520237,-0.69819,148.745967,70.0,0.5270828809088384,-0.7153399804143871
-0.182347,-0.709132,-0.734073,-2.825881,89.802242,70.0,-0.75407239752572,-2.843149540799948
-0.373678,-0.398764,15.023756,-16.242552,112.922496,70.0,15.032789627154745,-16.223327819398797
-0.023636,0.74144,4.222153,-17.631445,61.271986,70.0,4.21832416806946,-17.644182109221386
-0.615292,0.784782,0.609821,0.774491,144.306205,70.0,0.59647076029122,0.7545764787027693
-0.16655,0.787704,-7.559894,18.571961,110.205354,70.0,-7.579560692111276,18.591860366908637
0.94556,0.031238,5.247753,0.14929,109.991545,70.0,5.261333739496459,0.1582543899012293
-0.980548,-0.074415,-1.198042,-0.098317,112.257279,70.0,-1.2074824758801512,-0.07916922320683244
-0.684667,0.801223,-0.660838,0.715586,139.831413,70.0,-0.66929045647111,0.6958497970149949
0.161448,-0.538837,-1.081413,-1.389573,99.500209,70.0,-1.0937491409196454,-1.376770268568135
-0.239682,-0.331301,-0.511164,-0.381585,264.873248,70.0,-0.5300381665671995,-0.39825070356468173
-0.167997,0.480864,0.156714,-0.203571,137.484576,70.0,0.13969433114879218,-0.18940303388874632
-0.118419,-0.265433,4.595343,-1.345861,79.587102,70.0,4.586713634861273,-1.3569088207949493
0.868429,-0.315214,1.689582,-0.654236,111.919357,70.0,1.6921664992003822,-0.6654284192151483
0.194884,-0.58012,-0.554281,-0.963815,71.770044,70.0,-0.534394711152262,-0.9824601894151415
-0.079342,0.497179,-1.302192,0.689657,126.546225,70.0,-1.308230139677592,0.7091404260762689
0.082435,-0.51049,0.655879,-1.650887,93.573107,70.0,0.6374613129938993,-1.6706974054435948
0.201457,-0.114409,-0.021116,-0.015557,323.004738,70.0,-0.022670131679109584,0.0043316321464068105
-0.865555,0.619988,-0.113919,-0.094291,146.837208,70.0,-0.12300266074789942,-0.07744861085820742
0.136576,-0.568605,0.387793,0.767845,92.287074,70.0,0.3749448999618472,0.7606468513903084
-0.539319,-0.33844,0.164523,0.048919,204.873887,70.0,0.16936626798580098,0.06252513861064403
-0.160622,0.422175,0.57561,-0.25978,165.334338,70.0,0.5563447329237519,-0.2790894633683631
-0.510251,0.213238,-0.467916,0.247537,230.975859,70.0,-0.44901540875221657,0.2336317698018
-0.107282,0.911392,0.686227,-0.050451,226.848592,70.0,0.6812352354822725,-0.06961849284439797
-0.239688,-0.443061,0.859253,0.865338,189.644815,70.0,0.8407222860435984,0.8572536350343666
-0.527611,0.436863,0.62548,0.354101,190.747801,70.0,0.6450824882790009,0.3341030142803472
0.357697,-0.181583,0.411979,0.298037,223.118616,70.0,0.4319140533209869,0.28864039146269027
0.131248,-0.112334,-0.233775,-0.246128,306.387911,70.0,-0.25262905042081507,-0.23830425436761304
0.006727,-0.932795,4.530019,1.323346,95.866944,70.0,4.536566888302036,1.3075332448481953
0.506104,0.087512,0.269397,0.079175,247.00694,70.0,0.27710931326779265,0.08361394986301335
0.816642,-0.695632,-0.779558,-0.670244,144.234682,70.0,-0.775396091627025,-0.684793009868248
0.511719,0.453443,-0.039461,-0.077788,189.052823,70.0,-0.04704515596226956,-0.0581760313616452
-0.984316,0.606783,1.185527,0.681022,114.902618,70.0,1.1803174383411927,0.6997711013075595
0.206477,0.255903,1.612416,0.013621,202.115956,70.0,1.6137770472748045,0.00948900665531908
0.953529,-0.038155,0.375557,0.037606,170.731514,70.0,0.3792954796282698,0.03156221059934814
0.725045,-0.164285,-1.130614,0.322507,194.898462,70.0,-1.1106314186394135,0.33866619140640464
0.856604,0.950042,-0.884795,0.934658,125.744785,70.0,-0.904779714644743,0.9289693585498235
-0.650226,-0.347248,0.532768,-0.303275,190.692571,70.0,0.5127976094991951,-0.3210356091953196
-0.20247,-0.913877,-4.039195,-1.597651,104.231598,70.0,-4.059014977349843,-1.593201014714921
0.4707,-0.944596,0.177203,-0.169778,196.116773,70.0,0.162192052776549,-0.1571279269660791
0.169691,-0.010333,0.14738,0.008271,373.742297,70.0,0.14820686426412308,0.023082105991382038
0.337992,0.638354,0.426997,-0.237405,192.182645,70.0,0.4084518165511914,-0.24809960805010278
0.821978,0.988455,-0.768197,0.741055,125.674101,70.0,-0.7788830495266925,0.7257503298551121
0.964364,0.073647,1.063509,0.473415,198.373925,70.0,1.0774964279108306,0.4847928079159361
-0.219576,-0.410918,0.23132,0.178098,138.053596,70.0,0.24686760132240085,0.18614708691580345
-0.306369,0.86292,-0.709916,-1.273472,173.638383,70.0,-0.7115975065286095,-1.2918304245449137
-0.905639,0.921536,0.829173,0.922152,125.745688,70.0,0.809276195629747,0.9114179533956541
0.252068,0.512128,11.818059,12.617248,144.839297,70.0,11.823092042283859,12.600740897184684
-0.664267,-0.336481,0.527276,-0.375909,190.741788,70.0,0.5082217089551778,-0.393410431424993
0.770173,0.290287,-0.093072,0.036922,204.174842,70.0,-0.08940073651178242,0.05479520150964101
0.847,-0.468871,-0.50864,-0.308095,160.952053,70.0,-0.5286308068757797,-0.32461984248837417
-0.319905,-0.651153,-11.744019,-2.245373,79.771151,70.0,-11.724551573387433,-2.2566762614462372
0.074708,-0.382106,-0.871677,-0.464168,158.250956,70.0,-0.8863101819765333,-0.4711011255736146
-0.061072,-0.436288,1.266603,-1.067425,124.967718,70.0,1.2828253509090073,-1.0474498248455573
-0.688907,-0.456491,-0.500386,-0.369432,172.744507,70.0,-0.5196270800319225,-0.3854779434795703
-0.248945,-0.010886,0.213281,-0.009117,350.755391,70.0,0.2123696157181138,0.0005484931096649721
-0.968422,-0.260905,0.374642,0.176447,231.002973,70.0,0.3900852197102887,0.17049049572630062
0.977303,-0.469916,0.955488,-0.556217,148.67988,70.0,0.9484330140151156,-0.5549168969875092
0.114685,-0.484408,-0.030712,0.025438,189.260762,70.0,-0.02817505308873165,0.04520265627340423
0.556837,0.765606,1.560224,0.5291,139.292461,70.0,1.5697438573696232,0.5301567403681762
-0.455513,0.193428,0.258652,0.03551,244.605099,70.0,0.2621843724295535,0.04098974171463638
0.938997,-0.280654,4.056121,-0.506794,106.199658,70.0,4.044702654883908,-0.5040081433710685
-0.950647,0.469779,0.52902,0.023707,152.410329,70.0,0.5313851522938604,0.006121826557829557
-0.429115,-0.133377,-0.215058,-0.01712,261.130493,70.0,-0.2167679100257933,-0.007610457158056047
0.326072,0.300081,-2.334144,0.172853,181.400635,70.0,-2.318931633847842,0.18535322137609578
-0.537469,0.758073,-0.413347,0.389377,148.992208,70.0,-0.39474483361040424,0.37985985110156056
0.933007,-0.951148,-0.61392,-0.401955,125.317244,70.0,-0.6320237242931203,-0.4219031929601652
0.058921,0.277648,-0.548773,0.143499,137.975766,70.0,-0.5356230133647398,0.12506012982722875
0.427755,-0.715003,1.437102,-0.55052,129.257243,70.0,1.429516869628759,-0.5381242540836506
0.939844,-0.03375,7.06434,0.201319,98.570573,70.0,7.081240319065422,0.18688001131294577
0.75583,-0.758646,0.526379,-0.313147,140.137257,70.0,0.5063792561697424,-0.33060484132782786
-0.571165,0.428125,-0.575717,0.349111,187.240472,70.0,-0.5560216294562245,0.32979875201826964
-0.501993,-0.997811,0.345463,-1.084252,126.055367,70.0,0.3606449460014603,-1.087369607746477
-0.215094,0.914959,1.01752,-2.081303,144.889681,70.0,1.0341492737417946,-2.0739736224741985
-0.290623,-0.507343,14.726379,1.211113,135.581163,70.0,14.72186580293437,1.2072272244521993
-0.921025,0.326681,17.904936,2.310834,92.406077,70.0,17.88797599572926,2.3110482084505497
0.52974,-0.651494,-0.683922,-0.548067,161.063199,70.0,-0.6917335281939762,-0.5672990293311472
0.340186,-0.487159,-5.225027,-0.200256,172.848248,70.0,-5.241870237644752,-0.18932225929039653
0.31846,0.35635,7.238873,-5.25436,165.982894,70.0,7.220708199165005,-5.253039970593296
-0.833569,0.206421,-2.187829,0.105962,98.12734,70.0,-2.1777216120252487,0.1048340131059501
-0.686048,-0.408501,-0.576139,-0.471708,180.100159,70.0,-0.5902479262354688,-0.49103117639070903
0.327687,-0.570233,0.123495,-0.021081,271.692373,70.0,0.12139080140579425,-0.0047741405121321835
0.102089,-0.195225,-0.060888,-0.867076,142.69735,70.0,-0.042292601793677304,-0.8479957006565229
0.848213,-0.092089,-0.001545,-0.005267,141.836465,70.0,-0.0020716391215406123,0.014732403246717644
0.254531,-0.100654,-0.307956,-0.136211,336.172248,70.0,-0.3205482602630686,-0.13559077291963456
0.310085,-0.406177,-25.799912,-3.82251,109.4745,70.0,-25.805111456853773,-3.8421338111193624
-0.609793,-0.791244,0.575068,-0.712178,144.306296,70.0,0.5832103753446098,-0.7314732732439834
-0.43888,-0.258477,0.416263,-0.078734,239.096854,70.0,0.40859139473207995,-0.08850659700776892
-0.216916,0.299079,0.170973,-0.18418,106.131405,70.0,0.15505006928229795,-0.17105359258335245
0.614393,0.100026,-0.594083,0.377143,189.131008,70.0,-0.5750665685569935,0.35743530309365984
-0.868295,0.563855,0.400738,0.22905,152.471444,70.0,0.4189542667022773,0.22066001393414977
0.716254,0.078872,-5.941252,3.041051,180.384323,70.0,-5.931615989876003,3.0382825142238925
-0.399354,0.054406,0.098531,-0.003634,294.327626,70.0,0.0981676199956883,0.013987604771072746
0.395144,-0.818558,0.029574,-0.267878,167.577184,70.0,0.01010710357251167,-0.24809625724118756
0.493535,0.840548,10.608767,9.428325,111.984215,70.0,10.608412314671241,9.409629989892402
-0.910355,-0.337092,11.92578,6.89854,80.214765,70.0,11.92707547618179,6.878577639197386
0.497781,0.207988,-0.44455,0.21053,233.731224,70.0,-0.4271752251682071,0.19839518925232533
-0.340172,0.721574,-0.565224,-0.086111,140.817211,70.0,-0.5735715042838213,-0.10512399673695151
-0.498629,-0.465739,0.494197,-0.261423,183.812192,70.0,0.4748882593116754,-0.2770918835365911
0.32232,-0.762126,11.424413,-10.680431,87.17654,70.0,11.424314598176482,-10.663629742733482
0.951597,-0.511154,0.490781,-0.054851,148.187542,70.0,0.4853644029021492,-0.07030531692498486
-0.971687,0.85618,0.325257,0.286665,126.503859,70.0,0.34506831377919067,0.28555579594565805
-0.180469,0.84945,-6.444362,-1.974366,114.325551,70.0,-6.435715816696066,-1.9605165172676355
0.710964,-0.833864,-0.399201,-0.060548,136.12221,70.0,-0.40516373432086283,-0.06879821764274542
-0.750676,-0.616453,0.692127,-0.571849,152.809801,70.0,0.6865547777964455,-0.5908397245712069
-0.729894,0.672528,-0.65463,0.530277,148.605405,70.0,-0.6452138180478275,0.510449823878027
-0.814134,0.856815,-0.425814,0.10511,131.374579,70.0,-0.4157802228598154,0.09451554464148702
0.497578,0.798384,0.461549,0.52611,148.691203,70.0,0.47133073903113426,0.5126693706556831
0.433196,0.729328,0.464781,0.876055,125.984489,70.0,0.44587389580913855,0.8623767991136693
-0.180503,0.290679,-0.088651,0.164034,288.974342,70.0,-0.07402576406466961,0.18210120879560748
-0.560959,-0.031447,-0.26613,0.100699,260.46749,70.0,-0.2564802048936139,0.1054558951330892
-0.535495,-0.066136,-0.172741,0.068641,302.477176,70.0,-0.16601086194242884,0.0816335037976946
0.460039,-0.124891,0.422506,-0.156616,256.722071,70.0,0.4083966861271348,-0.1669284440963532
0.960541,-0.189376,0.018852,-0.026584,131.873631,70.0,0.016201421068420818,-0.00667278371023531
-0.83642,0.284059,0.57979,0.127326,160.883873,70.0,0.5916797798526695,0.10791187163681126
0.181896,-0.872523,-19.179145,-13.879173,81.227314,70.0,-19.184687999653747,-13.880714451133795
-0.490906,-0.656217,0.021737,0.253365,166.826797,70.0,0.040820107027817534,0.273246991939879
0.964038,0.587127,0.493357,0.526382,139.884605,70.0,0.5031150051993833,0.5107654573310928
-0.155198,-0.409937,-3.288956,-3.394947,124.272697,70.0,-3.269873211873791,-3.4097592250536457
0.191649,-0.953523,-14.247602,-2.231097,62.613269,70.0,-14.2278571699085,-2.2415878096497788
0.135969,-0.765769,-0.282003,-1.010218,116.913731,70.0,-0.2631392587356138,-1.0070162098992939
-0.280398,-0.647256,2.316693,0.58564,90.925094,70.0,2.3209285362775747,0.5967321418744113
-0.425108,-0.797863,-0.306053,-0.262222,156.70129,70.0,-0.3253824113974379,-0.26141159539385744
0.310862,0.653701,0.350911,-0.274197,214.847435,70.0,0.3313089191204716,-0.2778515249402988
0.760357,-0.678887,0.666995,-0.547807,148.505241,70.0,0.6591595435801851,-0.5674341966587941
-0.046439,-0.503872,12.417865,0.427308,115.454719,70.0,12.434748803850287,0.44204323104928767
-0.584772,-0.255755,0.352872,-0.120996,210.150391,70.0,0.3414970874779361,-0.12484314461037156
-0.47484,-0.628962,0.725068,-0.271569,161.443112,70.0,0.7055197715430725,-0.2892741650488214
-0.963453,-0.752433,0.806529,-0.380891,135.077877,70.0,0.7876319910634811,-0.3934628785908973
-0.144844,-0.38614,-0.15138,-0.177705,301.873407,70.0,-0.1669028503963211,-0.16316563638068204
0.150627,-0.408272,-1.604353,-0.495526,192.319453,70.0,-1.6166778499113499,-0.4988659450908257
0.167163,-0.49905,-4.797144,-1.842108,141.885221,70.0,-4.801396057441745,-1.8338839092078743
0.472262,-0.696206,0.437045,-0.543351,157.096322,70.0,0.42880154255114833,-0.5548808356718291
0.865077,-0.656542,-0.865791,-0.65667,144.277892,70.0,-0.8629653389839653,-0.6641521458460387
-0.503557,0.709877,0.489274,0.579387,153.020706,70.0,0.49411848375101036,0.5640287780272341
0.899453,-0.8959,-0.443933,-0.183516,126.493602,70.0,-0.45981566414017516,-0.19560170775413566
0.606386,-0.468602,0.514698,-0.314221,180.010098,70.0,0.4946980009527915,-0.331079466561788
0.202546,0.19665,-0.810942,0.05532,160.811809,70.0,-0.8054802706192941,0.043094367706310005
-0.901072,-0.320675,-0.550638,-0.171439,172.655628,70.0,-0.5657581899367355,-0.1899493034447897
0.421532,0.691614,-5.423404,0.471118,168.161934,70.0,-5.409253318178333,0.4630819854633357
-0.051516,0.162422,-0.119994,0.219639,293.282969,70.0,-0.10218625664561387,0.23614605107624953
-0.179425,0.409647,-0.688689,0.153606,177.479532,70.0,-0.6747946079058437,0.13451025110648027
0.940052,-0.549138,0.512302,-0.071289,148.240131,70.0,0.5053231019789601,-0.0880173470182475
0.640623,0.955008,0.86079,0.860921,130.637553,70.0,0.8424299620737616,0.8529774560138028
0.813572,-0.28709,1.310024,6.822383,128.262164,70.0,1.3186440629915008,6.841674679620584
0.886128,-0.852888,0.859316,-0.864749,130.548725,70.0,0.8778244750458295,-0.8728276021904839
-0.488556,0.846693,1.37599,0.630635,121.110767,70.0,1.3757583582510293,0.6471781616818593
0.374365,-0.042362,-0.336007,0.054993,287.536208,70.0,-0.33057673496184237,0.05281256912629627
0.024474,-0.662616,-5.850217,34.414388,68.060737,70.0,-5.8370947484581235,34.403193644190324
-0.583768,0.606893,-0.384133,0.049524,164.338496,70.0,-0.37923105501658566,0.04266851120617436
0.054267,0.064608,0.064604,-0.026496,380.433106,70.0,0.06196214370110634,-0.007530378003732685
-0.141111,0.340692,-0.841496,0.190973,139.20201,70.0,-0.825171284883501,0.1812984443944798
0.004264,-0.338312,2.565319,-0.912514,104.333667,70.0,2.5850949622593817,-0.8931873546275546
-0.003597,-0.448035,2.244827,-0.498126,209.275327,70.0,2.232707950437391,-0.4935944819609657
-0.127401,0.776098,1.892116,1.755635,64.039342,70.0,1.9041655718231645,1.7356478164910432
-0.128979,0.252736,-1.765086,-0.458789,210.837611,70.0,-1.7800805163794269,-0.47530307216959355
-0.273014,-0.538445,0.077671,0.034662,115.765525,70.0,0.08111987403799922,0.05317266436209782
0.354801,-0.854087,4.470604,-2.218233,110.965213,70.0,4.49051269371531,-2.236937718608761
-0.634726,0.164722,1.393674,0.598524,124.747776,70.0,1.3966424448674666,0.6140100436744286
0.49029,0.307049,-0.380342,0.085222,216.685281,70.0,-0.37207536438961697,0.07872385466881128
0.567962,-0.26251,0.39486,-0.096735,213.265755,70.0,0.3855592848751874,-0.10458786084474281
-0.012151,-0.215386,-1.433809,-0.61912,144.07719,70.0,-1.4347285288081857,-0.606467521232217
0.004147,-0.30655,-0.038757,0.199314,306.130524,70.0,-0.021964743967470345,0.21893964743416347
-0.178861,-0.119303,-0.773729,-0.385825,258.835581,70.0,-0.79245868563267,-0.40076773725780135
0.868222,0.209095,-0.172162,-0.025311,242.315754,70.0,-0.17468634898805413,-0.012274531965537365
0.26317,-0.903707,0.113061,0.055094,166.472461,70.0,0.1185009849357997,0.0719825051863615
-0.602929,0.567044,0.113172,-0.089063,167.271033,70.0,0.10455715637400569,-0.07218044338901006
0.307787,0.97545,0.240755,-0.191756,117.183736,70.0,0.22438517471101457,-0.18457926533250701
0.380696,0.351759,0.287383,0.111742,245.904831,70.0,0.2979848559431479,0.11441163464510558
0.019358,-0.652625,0.94935,-0.726157,188.823106,70.0,0.9587482623090469,-0.7254699148309017
-0.674259,-0.278813,-0.570545,-0.278236,200.870193,70.0,-0.5902232461844652,-0.2974073411616997
-0.013604,-0.650563,-0.465211,0.1403,266.062739,70.0,-0.45230371549312737,0.12659045939874689
-0.016482,0.980706,0.276334,0.013761,169.617198,70.0,0.27770901448471774,0.017521017444393487
0.725253,-0.677262,0.682231,-0.585866,148.573957,70.0,0.6780175538099512,-0.6051437508006456
-0.744964,-0.609865,0.493937,-0.22364,153.151107,70.0,0.4759507048793127,-0.23929271228466292
-0.001248,-0.970154,0.292758,49.894784,78.076478,70.0,0.27355186194478004,49.89692004467248
0.62508,-0.279212,-0.317723,-0.015427,203.553138,70.0,-0.3192641706601767,-0.01578335460600184
-0.712429,0.210431,21.589037,3.828332,120.660703,70.0,21.594796356218808,3.8368464742776465
0.720091,0.573289,-0.272044,0.000779,159.963284,70.0,-0.2719661001969703,0.004959470612340866
-0.736265,-0.413616,-0.586739,-0.510733,172.754303,70.0,-0.5978317566506569,-0.530302340158883
0.35668,0.713026,7.128599,-1.573746,82.965521,70.0,7.108601175103578,-1.5830758377644578
-0.173895,-0.660576,-0.061247,0.168145,302.403791,70.0,-0.046344463304486196,0.18721450726350203
-0.308106,-0.334556,0.74437,-1.156337,183.879897,70.0,0.7539848328390797,-1.1730634318045123
-0.881127,0.903868,0.423824,0.123871,126.602242,70.0,0.43543420176213166,0.11344585228987472
-0.697192,0.286807,0.557472,0.204172,190.678113,70.0,0.5745231560300486,0.1854137413008114
0.371421,0.47786,0.51965,0.767713,124.524186,70.0,0.5068120187817374,0.7505932937136369
-0.601271,0.436667,0.608075,0.428674,183.686251,70.0,0.6248851870372676,0.40877636269693046
-0.944013,-0.028267,0.324064,0.056192,216.069987,70.0,0.32960956268597014,0.055201931357831704
0.913974,-0.843488,0.89773,-0.839111,130.556287,70.0,0.9151177591989019,-0.8435485390115816
-0.50772,0.755268,0.099394,-0.154425,151.109,70.0,0.0854408154818023,-0.13684437618892464
-0.206139,-0.570593,-0.214642,0.029249,175.90886,70.0,-0.21172751495476685,0.03879511893247275
0.041912,0.412357,0.324887,-0.04131,146.196719,70.0,0.32078531081423733,-0.04238225912404399
0.490288,0.268559,0.411612,0.177897,225.313116,70.0,0.4271469499459608,0.1685328044351971
-0.33488,-0.329485,4.162958,-0.785467,138.9218,70.0,4.177105002268828,-0.7931527834946381
0.346501,-0.36466,-0.105406,0.086045,301.99259,70.0,-0.09706449381661761,0.1033310939393232
-0.837132,0.328028,0.549393,0.584379,164.29683,70.0,0.5537516910804056,0.5659162043535089
-0.835539,-0.899027,-0.737823,-0.678382,130.460235,70.0,-0.7328687714465935,-0.6954583388380025
0.04856,0.145878,-0.754545,-1.539194,277.669993,70.0,-0.7742958422905237,-1.555341197489464
-0.226548,0.408721,-15.893056,27.118102,81.767298,70.0,-15.902680048884628,27.10607271522006
-0.628569,-0.357277,0.564187,-0.394239,190.6971,70.0,0.5457688865969704,-0.4132195667398694
-0.757764,0.262779,0.39992,0.69726,168.17537,70.0,0.3931615749268073,0.6889443383141127
0.521016,0.713589,-0.481413,0.62772,152.933875,70.0,-0.4813531470175445,0.612877051598582
-0.710766,0.151352,0.021105,1.700645,122.822419,70.0,0.037035829504477286,1.7205337480386778
-0.222459,-0.865943,-0.139801,-1.031307,146.126006,70.0,-0.12174144122382795,-1.0159973438965777
0.099714,-0.099331,0.013128,-0.038069,381.396892,70.0,0.009344046496171394,-0.018112070628124408
0.547789,0.697373,0.121295,-0.147715,155.314522,70.0,0.10783030180649461,-0.13128175441707612
0.751796,-0.562099,0.527128,-0.270734,157.200769,70.0,0.5075975892077756,-0.2882282635293871
0.799693,0.432291,-0.425533,0.349815,168.804841,70.0,-0.40584999193019117,0.33924438869136153
-0.491207,0.286023,0.378328,0.155374,222.356516,70.0,0.39234901636966896,0.14906665413886214
-0.805398,-0.32992,0.951358,0.215275,161.664427,70.0,0.9689628690114939,0.21616272863968575
-0.968353,0.893955,0.659407,1.020212,125.772109,70.0,0.640898729882543,1.0004531371073706
0.693321,0.651427,-0.712589,0.614089,152.784625,70.0,-0.7111672471197701,0.5958382665570313
0.528152,0.649145,-0.694349,0.462535,161.048312,70.0,-0.6796049902067448,0.443615140684842
0.174372,0.669175,-0.712213,-0.582137,104.243667,70.0,-0.716790223626092,-0.6004030793891764
0.822108,-0.828927,-0.73598,-0.655066,135.158315,70.0,-0.7333132192214286,-0.6722375541276024
0.222722,-0.7141,15.545116,-8.789799,116.942697,70.0,15.545781919901334,-8.803527478570555
0.129215,-0.283749,0.908018,2.437167,201.400635,70.0,0.9005896435540494,2.4337380451994566
-0.968485,0.66549,-0.410856,0.464159,139.800932,70.0,-0.3962222045346399,0.45486167264662697
0.886601,-0.896804,-0.111324,0.147433,127.710236,70.0,-0.0978801670726294,0.1644139135451555
-0.593112,-0.428502,-0.272884,-0.031178,186.522081,70.0,-0.2759891873659043,-0.02707971050919842
0.173575,-0.720757,0.547103,-0.299115,109.314341,70.0,0.5271595558052706,-0.3174885449564505
0.240356,-0.328932,0.113966,0.318743,129.470522,70.0,0.1339607475741011,0.3355828540088929
-0.363083,-0.32864,0.247049,0.113387,295.74687,70.0,0.25778998183149643,0.11997279597180124
0.550265,0.30553,-0.31525,0.059501,209.982786,70.0,-0.3093872855043186,0.05939192707658431
-0.962093,0.10645,6.824538,-0.459573,103.55423,70.0,6.809595479782879,-0.47771184020792
-0.887049,-0.630128,0.84605,-0.568527,144.302595,70.0,0.8401595149051518,-0.5778005076492337
-0.559257,0.565934,0.693982,0.427368,168.885044,70.0,0.7108625868279685,0.40843627487678785
-0.351451,-0.842152,0.124756,-0.828673,142.870443,70.0,0.14160454531079686,-0.8124394733103509
-0.048216,-0.360266,0.216256,0.426069,216.278824,70.0,0.23320589526556587,0.435472981447541
-0.989718,-0.196709,2.691974,-0.386713,128.906592,70.0,2.6732756418877357,-0.37417922190766084
-0.096007,0.406465,0.112245,0.309055,278.005767,70.0,0.13223848697231305,0.32598707544755373
-0.53958,-0.718421,0.643892,-0.656607,152.866331,70.0,0.6467114240697269,-0.676546397394017
-0.49453,0.43724,-0.469924,0.192389,194.07178,70.0,-0.45351788971080037,0.17834014667659767
0.695319,0.225424,0.002243,0.142824,174.450204,70.0,0.015342053617511788,0.162822742250933
0.697845,0.674195,-0.268438,-0.044391,151.585908,70.0,-0.27284074168679157,-0.03985859340388292
-0.805295,-0.600809,0.577961,-0.493445,152.755129,70.0,0.5654729297082741,-0.5128143720238284
0.201333,-0.199792,0.498963,0.035389,306.895269,70.0,0.502483462003531,0.019428404353095428
0.101568,-0.951743,1.03449,-2.718794,136.161869,70.0,1.0173687872284014,-2.709913944341646
0.057024,0.404383,8.320318,-7.901084,111.476787,70.0,8.30087009924204,-7.915568513688145
0.471729,0.341302,0.530623,0.209488,213.525769,70.0,0.5479459320546369,0.1918270341691047
0.26238,-0.180939,-3.253251,1.435161,222.992359,70.0,-3.2376766410926163,1.4181977743458394
0.959468,-0.216322,2.737602,-0.561873,100.017963,70.0,2.7310790064549457,-0.553188875005385
0.283882,-0.790872,19.626026,-2.84531,70.260758,70.0,19.606105840135072,-2.860069148254387
-0.185971,0.383511,-3.518912,5.858056,222.382517,70.0,-3.5359115872408875,5.8642675478864765
-0.322327,0.656579,24.671807,8.209089,95.458985,70.0,24.66774073820018,8.195693959283668
-0.870208,0.417779,-0.341357,0.086398,165.714847,70.0,-0.33298342364695127,0.08368660154672995
-0.383992,0.244856,0.464458,0.036756,249.224511,70.0,0.4681129442941351,0.023101381934267376
-0.703117,0.706855,-0.699988,0.57179,148.520314,70.0,-0.6944101116553704,0.5530604453480236
0.119465,-0.157465,-0.070964,0.225247,304.680454,70.0,-0.05290801182236962,0.24400118079789762
-0.517718,0.707436,-0.187421,-0.132887,155.563822,70.0,-0.19975328852555593,-0.12104453138092465
-0.1193,0.928814,1.5916,-0.40521,167.052764,70.0,1.57363700961071,-0.4072866178160467
0.574651,0.159574,-0.408137,0.065823,228.086342,70.0,-0.4016728869173831,0.056767259457342824
-0.034386,0.081023,0.02528,0.088158,377.784736,70.0,0.03381308171782388,0.10799844300612105
-0.250935,0.527206,0.083097,-0.07381,119.627281,70.0,0.07588240884118179,-0.0555115866848611
0.746088,-0.50653,0.54182,-0.477312,164.948393,70.0,0.5281137510205534,-0.49547047624803686
0.74416,-0.907558,0.829746,-0.79124,130.593578,70.0,0.8442951246764088,-0.8019256545008513
0.668927,0.65945,-0.667318,0.553485,152.80743,70.0,-0.6600080420476038,0.5338640363255396
-0.621534,-0.113626,-0.302847,0.085958,229.081349,70.0,-0.29451340179137636,0.08708862346545902
0.288334,0.022049,-0.24473,0.000363,326.011872,70.0,-0.24469370001993007,0.007167315043374825
0.580064,-0.870779,0.364839,-0.284197,139.380033,70.0,0.34506301489383273,-0.28921091081446054
0.815341,-0.56855,-0.672389,-0.40305,152.948191,70.0,-0.6904459140271215,-0.422566409926601
0.384474,-0.144079,-0.270423,0.134688,257.438095,70.0,-0.2579494269199398,0.13902685087793717
0.469188,-0.350854,-0.547504,-0.216652,216.494233,70.0,-0.5651737929617461,-0.2350413478759109
-0.796616,-0.720244,0.577039,-0.37767,143.970366,70.0,0.5580389578086874,-0.3970161959793736
0.851037,-0.612888,0.867395,-0.559539,148.661831,70.0,0.8606518183834365,-0.5668721541918494
-0.809129,0.967604,0.900966,0.916005,125.765896,70.0,0.8811409465838539,0.9118835622298412
0.523607,0.267756,0.502779,0.248213,219.513132,70.0,0.521701587421224,0.2320253643832482
0.183291,0.572055,-0.088821,0.819147,112.020996,70.0,-0.10513736104107876,0.8372069112728147
0.528802,-0.420313,0.546081,-0.332831,194.170441,70.0,0.5261680951320991,-0.3511639353263911
-0.204574,-0.269688,3.009425,0.088379,114.595716,70.0,3.0179780640732448,0.07258944004418946
-0.644144,-0.12214,0.947932,-0.155267,227.404409,70.0,0.9339186159276376,-0.1547216472108112
-0.808877,-0.791756,0.467344,-0.190377,135.82299,70.0,0.4510537893672009,-0.20424106049192436
0.958735,-0.544465,-0.777318,0.45975,143.866785,70.0,-0.7623872505119137,0.4450482059712434
-0.829228,-0.828026,0.710097,-0.591116,135.113581,70.0,0.7063981637406982,-0.6094672356234658
-0.625678,0.234536,-0.485028,0.135326,213.582882,70.0,-0.47250461923300235,0.12024319880294107
-0.146386,-0.305149,-0.187944,-0.145066,173.188579,70.0,-0.20121164822720783,-0.13326571763646866
-0.645407,0.643527,-0.716909,0.511492,156.92546,70.0,-0.7058794788494183,0.49342219597733533
-0.241835,-0.528618,1.448109,1.494586,157.276243,70.0,1.4666744809912018,1.506099618037445
-0.488897,-0.892133,0.137734,-0.547019,102.595911,70.0,0.12982610370049205,-0.5315771614585714
-0.076471,0.754243,0.366044,5.149957,124.231253,70.0,0.3776165322851984,5.144826528944214
0.559539,0.170741,-0.525223,0.156768,228.284082,70.0,-0.5111029172930954,0.13936685276023308
-0.348409,0.295251,-0.148836,-0.405563,224.948105,70.0,-0.16678344135517356,-0.39085012815865855
0.281058,-0.252307,0.195509,-0.04735,282.188928,70.0,0.19081810943599317,-0.036168805256616865
-0.531532,0.539335,0.653751,0.333511,176.450009,70.0,0.6736574506117661,0.31367248484304017
0.59995,-0.635725,-0.273613,0.04799,159.927404,70.0,-0.2688599188153743,0.05201690937041857
-0.625939,-0.154241,-3.543713,3.82506,170.025365,70.0,-3.538267740368424,3.833575267941688
-0.328767,0.409534,-0.235949,-0.300893,220.058521,70.0,-0.2559050176806866,-0.2932697882697466
-0.962586,-0.174662,-0.911664,0.089907,112.22281,70.0,-0.9029730644160298,0.08683779651198821
0.453166,0.356036,-0.596291,0.240478,210.409781,70.0,-0.5776329508354604,0.22073389313401215
-0.098446,-0.579041,-0.848379,0.577089,127.72059,70.0,-0.8433118843094339,0.568022467052975
0.057658,-0.938747,0.08995,-1.457646,123.530112,70.0,0.07306628149666461,-1.439634883688078
0.479407,-0.604467,-0.210677,-0.044144,169.774352,70.0,-0.21505564425237125,-0.03425136049514749
0.718315,0.72109,-0.467582,0.257584,144.635063,70.0,-0.4483768685055215,0.24370279566011915
-0.636958,0.649882,-0.682435,0.435897,156.884302,70.0,-0.666027029412874,0.41662469194281
0.571983,-0.688308,-0.279399,-0.080939,153.626572,70.0,-0.2872737683163439,-0.07748044705042144
-0.387899,0.58935,-9.604094,0.183111,129.69316,70.0,-9.588235982028754,0.1706252969490159
-0.786304,0.591697,0.693349,0.518165,152.854851,70.0,0.7038158303673685,0.4992129586025897
0.658957,-0.905323,-0.382474,-0.233505,134.610284,70.0,-0.4008696430643663,-0.2402044053270615
0.240665,0.857478,0.048274,-0.079128,263.338992,70.0,0.040566023444792064,-0.05970777178392572
-0.375485,-0.771306,-14.953606,10.795916,94.910678,70.0,-14.964440784440937,10.812074267679472
0.654289,0.629487,0.718268,0.57557,156.929194,70.0,0.7234819121169797,0.5575588606156872
-0.21266,-0.179098,-13.030439,3.174169,160.423359,70.0,-13.033682249313237,3.1605428757745573
-0.101016,0.229278,-0.469861,0.430063,217.968307,70.0,-0.4531264733676783,0.41601863133761624
-0.532203,-0.743347,-0.226631,-0.031263,149.724226,70.0,-0.22974458401201445,-0.02278691462565869
0.567656,0.597271,0.717641,0.484559,164.985443,70.0,0.7308106052930863,0.4665206910952359
0.336277,-0.190108,-2.087006,-0.264875,118.484451,70.0,-2.106401831867282,-0.27550794539274265
0.853202,-0.238272,3.14399,0.581633,187.378935,70.0,3.1486162713776666,0.5616344368002489
-0.631176,-0.17643,-0.426422,-0.179628,137.980274,70.0,-0.4420653872150933,-0.19027397511188263
0.741748,0.557077,-0.355101,0.119315,160.361896,70.0,-0.3438647521472143,0.11524936150856642
0.793588,-0.165165,-12.853117,1.766386,96.472,70.0,-12.841942495002357,1.7691187127614327
0.073391,-0.514906,0.570495,-0.481181,131.570599,70.0,0.5570730576074223,-0.5003509162277202
-0.032109,0.335862,-4.045073,8.594995,165.941306,70.0,-4.061981091339232,8.598870080499083
0.828317,-0.483014,-0.720695,-0.528715,161.117714,70.0,-0.7302486985020813,-0.5466193049286974
-0.010778,0.849441,-0.985222,0.015409,96.021252,70.0,-0.9836826239938897,0.019650954410021813
0.547299,0.44791,0.618148,0.367159,187.256004,70.0,0.6374498569676073,0.34718485435145446
0.030826,0.091988,0.033325,0.053107,378.223732,70.0,0.03857351110260752,0.07283000286091516
0.041637,-0.201976,-0.380951,0.962449,159.953661,70.0,-0.40085137058036635,0.9558932889592292
-0.611148,0.437856,0.520591,0.308892,183.62781,70.0,0.5405840643798036,0.2917238336695706
-0.948861,0.500544,-0.87022,0.534619,148.721139,70.0,-0.8611890733925299,0.5275493941411543
0.637752,0.694156,-0.66535,0.345281,152.645628,70.0,-0.6455916523854113,0.3256228540972817
0.672179,-0.681297,-0.574536,-0.279376,152.518089,70.0,-0.5942342927397186,-0.298657207120702
-0.550671,0.87811,0.064259,-0.270543,133.283783,70.0,0.0447327127176874,-0.25156645482890694
0.388585,0.949394,-3.97972,-17.103909,98.119452,70.0,-3.966888598911517,-17.093940999820536
0.47195,0.070238,0.223499,0.037493,256.848504,70.0,0.22722637820164293,0.0462517165713571
0.493843,0.019663,-0.168004,0.005616,272.345862,70.0,-0.16744247379941748,0.018964958656908344
0.484024,0.996081,0.368866,-0.347977,124.587628,70.0,0.3491512292395209,-0.35337970831356086
-0.860118,-0.00712,1.080104,0.026617,183.470741,70.0,1.08275784978663,0.03931889255295158
0.339299,0.590444,-7.82501,0.348113,115.29264,70.0,-7.805297522461012,0.3510000417301766
-0.414512,-0.710584,0.190522,-0.225166,183.647137,70.0,0.17246949680438214,-0.21357483807667632
-0.784405,0.504657,0.673136,0.553941,161.059939,70.0,0.6804034939544041,0.5344410536021564
-0.225354,0.468566,1.125518,0.653544,140.404088,70.0,1.1230021359119702,0.6693977030145527
-0.808401,-0.799906,0.669211,-0.531434,135.368193,70.0,0.6598970496425874,-0.5510174058323852
-0.01813,-0.703338,0.317658,-1.443609,118.565063,70.0,0.3015676849359212,-1.4439588556191605
-0.998915,-0.760146,-0.503815,-0.648804,130.823606,70.0,-0.5017700332009165,-0.6650522606706976
0.233686,-0.437884,-0.571267,1.333153,101.859191,70.0,-0.5638007019590809,1.3139612164084433
0.486056,-0.856108,0.07566,-0.201642,187.903657,70.0,0.05874243084462879,-0.1830561228369857
-0.602874,-0.511057,-0.539066,-0.269558,172.799613,70.0,-0.5585707394135584,-0.2875993285367882
0.670003,0.748772,-0.581411,0.563995,144.323153,70.0,-0.575088966351025,0.5445425621699415
0.614335,-0.864277,-0.136554,0.16776,137.078128,70.0,-0.12167716742741808,0.18327655962369668
0.097752,0.920897,-21.616317,-36.499273,73.185097,70.0,-21.621920781956934,-36.493298401176034
-0.483801,0.762016,-0.328811,0.002384,149.63046,70.0,-0.3285726056455262,0.0009201367411976048
-0.79862,-0.406847,0.605522,-0.193895,161.354549,70.0,0.5890302236516267,-0.21376522014693927
0.115649,-0.287314,0.500203,-0.466016,226.813511,70.0,0.48569641364751964,-0.4820510130397968
-0.88756,0.782576,0.878096,0.766648,135.234396,70.0,0.8653398634539947,0.7603204388372684
0.75961,0.760683,0.618602,0.477952,139.94179,70.0,0.6322615709364537,0.45797559810025146
0.798899,-0.906989,0.794411,-0.821421,130.543678,70.0,0.8108578109439211,-0.8349116901606174
0.239606,-0.936336,-0.36794,0.228108,95.525282,70.0,-0.34976282270683395,0.22279450662507805
0.992451,0.1251,-1.572329,-0.22867,148.081284,70.0,-1.590529546730452,-0.2288232658203552
0.556551,-0.044011,0.271766,0.065149,265.659136,70.0,0.27816629393941394,0.06935665248003707
0.312162,0.498726,-7.444758,1.636568,205.186007,70.0,-7.425829766690466,1.6543509096870923
0.086925,0.941267,-18.489557,-27.383135,67.804212,70.0,-18.470210788375034,-27.387678936868102
-0.129013,-0.32867,-1.383631,0.023917,291.308626,70.0,-1.3812449963718372,0.0400187934728235
0.047781,-0.94662,-11.412749,48.800025,78.233713,70.0,-11.430038469425854,48.81743009357168
0.153801,0.93338,-0.290173,-0.244258,90.973809,70.0,-0.3089638375566271,-0.24186511944688774
-0.67476,-0.685727,0.242459,0.076705,151.475624,70.0,0.24994283402034298,0.08372242469400187
0.988203,0.735652,-0.510394,-0.029032,134.421643,70.0,-0.5132870149761057,-0.0456550112154201
0.102108,0.135157,0.237023,-0.32113,283.483912,70.0,0.2170351465556696,-0.31360618995728284
-0.415599,-0.969018,1.02948,0.295089,165.320668,70.0,1.0493891501090784,0.3035174078940013
-0.2888,0.135506,-0.370486,0.146189,254.835091,70.0,-0.35713452946113,0.14063049340794312
-0.546824,-0.464748,0.65484,-0.392012,183.728514,70.0,0.6363362249596617,-0.41183641045075636
0.985365,-0.972768,0.828806,-0.940494,120.823717,70.0,0.8488050161463478,-0.9512589949348003
0.687029,0.898223,-0.315081,0.079059,134.192296,70.0,-0.3073793908790637,0.07896682686218964
0.425815,0.670199,1.600634,-0.797058,155.789584,70.0,1.615576117317267,-0.8000307112628142
0.041467,0.929487,-0.280254,-0.434291,115.179141,70.0,-0.29675327042065597,-0.43091669029980795
-0.104334,0.463955,-3.087912,-1.374745,81.769255,70.0,-3.099048187891691,-1.394028911324531
-0.312513,-0.412847,-0.044675,-0.222433,282.950658,70.0,-0.06260818555883838,-0.20292989264569425
-0.72114,-0.192669,11.291032,7.086529,117.732717,70.0,11.275679517193911,7.10644162667127
-0.181577,0.241443,0.003855,0.182854,241.225446,70.0,0.01969734457232067,0.20285028485877465
-0.060277,0.929664,0.411809,-0.212277,112.688425,70.0,0.39434836533450035,-0.22165859828089823
0.861062,-0.131193,-2.332662,-0.566298,141.085342,70.0,-2.3387651279059116,-0.5539138080198774
-0.967144,-0.795162,-0.790635,-0.812901,130.637794,70.0,-0.774687747966972,-0.8266680299405965
-0.280419,-0.994887,-1.268154,1.315943,103.21587,70.0,-1.262309937544785,1.335909849193711
0.929418,0.724935,-0.614649,0.455284,135.492934,70.0,-0.5994248551533715,0.43533069583534845
-0.010698,0.19855,1.459619,9.376439,164.163071,70.0,1.4644059702318355,9.386992932871792
-0.968781,-0.30665,-0.718649,-0.098106,195.646048,70.0,-0.7280708691692984,-0.11610054319437804
0.140567,0.508373,1.638393,-0.506827,147.59925,70.0,1.6269773643644232,-0.5134587044845363
0.226177,-0.651033,-0.955485,-0.524264,94.629526,70.0,-0.9654273346677281,-0.522964196353134
0.088746,-0.447706,0.643632,-2.302774,113.956657,70.0,0.6610052949115153,-2.3227154030503674
-0.587458,0.588661,-0.699491,0.466532,164.977701,70.0,-0.6850199834346317,0.44778507206167006
-0.368031,0.500518,-11.37052,-13.942984,112.662788,70.0,-11.38181089534109,-13.923900658976335
0.212592,-0.964648,0.183117,0.38478,115.602449,70.0,0.20188307894867452,0.39696653644005575
-0.831344,-0.391063,-0.741468,-0.299168,172.804976,70.0,-0.7614118417916338,-0.3160517644701985
-0.598076,0.139272,0.17876,-0.036385,215.669311,70.0,0.17514153720686734,-0.023855907666193873
0.736854,0.302515,-0.503547,0.13311,183.909316,70.0,-0.49119716312784206,0.11687738052012094
0.374,-0.186641,0.249793,-0.043466,286.957907,70.0,0.24548053595762126,-0.037139912151792825
-0.873015,-0.755333,0.410037,-0.129239,135.97319,70.0,0.39799394133509775,-0.13846373691047734
-0.877438,0.900749,0.073718,-0.159219,127.835228,70.0,0.05942540022738996,-0.14056227407167374
0.89002,0.559578,0.706948,0.289746,148.895987,70.0,0.726799183039767,0.2712718420756824
0.820158,0.394176,0.054093,0.050401,181.401252,70.0,0.05907992260147145,0.06967393524113241
0.913676,0.151705,-0.259092,0.118799,173.030401,70.0,-0.24789847635332773,0.12423641221947888
-0.292481,0.263831,-0.680593,0.184967,239.786047,70.0,-0.664622571007594,0.16564627470690002
0.207499,-0.563573,-0.425201,0.792046,218.31788,70.0,-0.4398053104006539,0.7815035871964368
0.021439,0.321181,-10.160594,8.013271,70.266147,70.0,-10.146608976118564,8.030450954353672
0.081145,-0.197046,0.748742,0.88088,128.074048,70.0,0.729683097546782,0.8643972355592902
0.252024,-0.237998,5.55481,-1.151696,170.054338,70.0,5.564829159563218,-1.169244928522038
-0.035109,-0.084192,-0.040061,-0.016633,377.435182,70.0,-0.04172238331682072,0.0029671187622188483
0.989628,0.68165,2.00949,0.730597,130.01164,70.0,1.9997021612804913,0.7143505399138741
0.484827,0.492843,0.055485,-0.107111,174.313174,70.0,0.04527863180056917,-0.08787572265755866
-0.787558,-0.494467,0.686781,-0.513544,161.079349,70.0,0.675923232302561,-0.5326956018732557
-0.500596,0.477775,0.542003,0.211384,190.695028,70.0,0.5594199124192051,0.19321786117947407
-0.042669,0.859149,9.127584,-34.798027,69.019073,70.0,9.146243122520715,-34.799721496615646
-0.287412,-0.540364,2.749408,-0.951954,123.956873,70.0,2.7693855545893626,-0.9443478835783374
0.106325,-0.994753,-9.862198,-0.985555,105.001446,70.0,-9.842660120697468,-0.9739945400516549
-0.808777,0.882633,-0.823202,0.823485,130.564425,70.0,-0.8397653737522415,0.8122519955651131
0.416206,-0.830624,0.013575,-0.140267,149.996363,70.0,0.0006702364563185414,-0.12031305247180514
-0.302704,0.460281,0.226295,0.120787,265.226726,70.0,0.23765271578276917,0.12929350672617504
-0.059436,-0.946181,13.949876,46.610352,77.23179,70.0,13.960734288048176,46.6264612411513
-0.471129,-0.273492,0.034059,0.06004,226.783461,70.0,0.039973225360949736,0.07975069630464106
-0.577864,-0.155011,-0.450452,9.306124,161.189284,70.0,-0.43927049886193165,9.293525390751567
0.735637,-0.14054,-0.185234,-0.120246,220.790458,70.0,-0.19654714417643313,-0.1082280041124658
-0.062427,0.796992,-0.131002,-0.009087,349.342498,70.0,-0.13191038738809296,0.006773836729391478
-0.957708,-0.204229,0.170921,-0.105217,266.675455,70.0,0.16087796828107925,-0.09208666971900648
-0.475107,0.881895,7.681493,-1.102583,132.701084,70.0,7.6954195853920275,-1.0873943136986925
0.013571,0.079598,-0.010469,0.11198,374.567816,70.0,0.00015302939507984455,0.1319526062655075
-0.191314,0.588619,-0.618838,-0.582788,154.010529,70.0,-0.6233518273047046,-0.6027655340915621
0.913023,-0.823776,0.779245,-0.735943,130.601516,70.0,0.7894954921300115,-0.7505134688559233
0.796485,0.516934,-0.303855,0.125061,160.354857,70.0,-0.29214810821052517,0.12609097072760725
0.104693,-0.419838,1.483829,0.819237,111.903216,70.0,1.4675074358331908,0.8276622448797888
-0.210611,0.268651,-0.120157,-2.2384,186.167408,70.0,-0.1005415916556276,-2.2219021576736524
-0.789579,-0.456292,-0.670726,-0.440832,165.089327,70.0,-0.6868468250097074,-0.4603840836038853
-0.893843,-0.813412,-0.191175,0.087244,132.134429,70.0,-0.18272467062139572,0.09878188524630035
0.988361,-0.61855,0.061506,-0.556246,138.59244,70.0,0.054453727671094035,-0.537184316821858
0.029844,-0.418411,0.500984,0.735076,138.738032,70.0,0.4908080508605001,0.7189944321953026
-0.2347,-0.611204,-0.022505,-0.146973,163.670076,70.0,-0.035914740047515464,-0.12709948521004727
-0.508352,0.132553,0.451096,0.113728,249.395233,70.0,0.46186573129418135,0.10107943979256136
-0.18291,-0.163198,2.924648,1.141204,168.440161,70.0,2.9137349875303604,1.1318608520172524
-0.864848,0.506552,0.042286,-0.110034,154.695825,70.0,0.03182935698908238,-0.09047936365637148
-0.375397,0.70506,0.737535,-0.035478,145.172719,70.0,0.734005777309606,-0.05256931364102604
-0.057356,0.017466,0.025259,0.011242,346.038086,70.0,0.02638260809652205,0.03108270763049384
-0.451774,-0.967433,0.731622,-1.260797,155.774628,70.0,0.7312060361379873,-1.2781878874949002
0.359893,0.72568,-0.029558,0.1525,184.933227,70.0,-0.01574337239257169,0.1722819784262509
0.507987,-0.26935,-0.465578,-0.224262,222.454365,70.0,-0.4835914082737362,-0.23799823856379493
-0.964454,0.429169,-0.001132,0.174244,151.417627,70.0,0.014170301128089249,0.19424367964485525
-0.959296,-0.887217,0.633576,-0.927095,125.791206,70.0,0.6535168715539811,-0.947088090152107
0.536132,0.764563,0.533686,0.707125,148.786241,70.0,0.5260077026429895,0.689322369815016
0.013295,-0.556618,-1.150191,-8.05786,104.379609,70.0,-1.1606686816171572,-8.040626451382154
0.927595,0.085435,3.498373,0.243576,122.771022,70.0,3.5171403743507863,0.24780592144325495
-0.086726,0.389057,0.292464,-0.123577,221.120554,70.0,0.28087774981330443,-0.12141172580559742
0.877851,0.039002,1.049306,0.023758,142.619696,70.0,1.0516762164299474,0.03394003795098102
-0.491744,-0.741913,-0.423812,-0.271602,149.086938,70.0,-0.44336092563089696,-0.2820261236119385
0.67292,-0.226021,-0.272632,0.009222,232.563232,70.0,-0.2717101267517659,0.013344951484089006
-0.73773,0.968117,0.725044,0.37183,126.151647,70.0,0.7442182669500471,0.35412371883913196
-0.858965,-0.630626,-0.183141,0.062388,147.094041,70.0,-0.17700288823298063,0.0745726333462883
-0.930968,-0.775287,0.736323,-0.409503,135.034572,70.0,0.7185528921347502,-0.426656943841118
-0.252497,0.284732,-1.390574,0.33283,222.04538,70.0,-1.3706610858100363,0.34851034856509017
-0.506731,-0.622697,0.647299,-0.079441,153.073313,70.0,0.6395621508177936,-0.09935100302303307
0.325209,-0.207049,-2.160451,0.292606,216.597864,70.0,-2.140567023459354,0.28876365193909564
0.124597,0.109535,-0.141536,0.022146,368.992949,70.0,-0.13932592281052375,0.037343441761602404
0.958171,-0.023294,0.346893,0.021261,156.816484,70.0,0.349015097840206,0.01800222118743946
0.494041,-0.657949,0.500308,-0.67065,165.214857,70.0,0.5045096109766233,-0.6866912862457729
-0.146455,0.522617,-0.046425,-0.104782,343.566674,70.0,-0.05643039008037286,-0.08531840510445735
-0.375315,0.078369,-0.246782,-0.059456,261.355187,70.0,-0.2526404120285477,-0.0528449989925585
-0.858595,-0.405438,0.089783,0.164746,159.567663,70.0,0.10445670845511829,0.18276437019700448
-0.195825,0.765251,1.808805,-0.35583,92.312149,70.0,1.789237544354707,-0.37439770167575426
-0.433763,-0.261423,-0.290926,-0.12318,236.521959,70.0,-0.3024798676924037,-0.12086189533920315
0.257585,-0.770425,10.077709,-1.126909,67.796635,70.0,10.089791068344415,-1.1070602528631706
-0.532617,0.30571,0.16313,-0.039226,211.144556,70.0,0.15923250010234286,-0.025518095460774732
0.070344,0.263996,-0.698308,-0.214019,172.811763,70.0,-0.7158529222423601,-0.2328068153269141
0.97351,-0.215412,-1.131041,0.288015,106.580581,70.0,-1.1112116374563727,0.30419931501810354
-0.43438,-0.631895,-0.554092,-0.400677,172.961142,70.0,-0.5722496712602362,-0.41931534325266445
-0.256274,0.796505,0.24467,0.444626,232.153212,70.0,0.26056338649568833,0.4514359568215257
0.854375,-0.512033,0.557755,-0.411062,156.942001,70.0,0.540056968518042,-0.4298300563593902
0.259234,0.948477,1.913445,-3.221689,120.223423,70.0,1.9212422400341584,-3.2414864312874365
-0.939141,-0.145301,4.768686,-0.4236,125.61192,70.0,4.751606344173464,-0.41804434790262046
-0.080619,-0.96271,15.080515,17.683179,63.535123,70.0,15.089237727538451,17.703178810660976
-0.269578,-0.792738,8.601964,0.049146,89.9479,70.0,8.606829289206877,0.06041108865955808
0.457023,-0.813858,0.504857,-0.197662,149.172507,70.0,0.48815505001418147,-0.21397079705821614
-0.516548,0.376417,-0.121869,-0.079887,201.841498,70.0,-0.12964695761437386,-0.06348653859639448
0.440652,0.045184,0.139317,0.002641,282.035991,70.0,0.1395810923247916,0.017981754530674948
-0.590603,-0.267913,0.387445,-0.241267,204.122202,70.0,0.36875868190701805,-0.2484326697464986
-0.814,-0.894935,-0.827858,-0.865996,130.554228,70.0,-0.8093026319660017,-0.8768407697588253
0.831827,0.516869,0.716398,0.568979,157.051895,70.0,0.7222452749795,0.5508873530743195
-0.978007,0.642551,-0.40256,1.446314,125.39266,70.0,-0.38631050305722686,1.4377589712898555
-0.650883,0.6094,0.487206,0.202717,160.639855,70.0,0.50418066238778,0.18749206374668656
0.190797,0.729872,0.825933,-1.411199,159.349003,70.0,0.8119700080669315,-1.42220500817277
0.95395,-0.958343,0.385565,-0.039288,121.918072,70.0,0.38166141915557533,-0.046277836539646795
-0.876423,-0.033774,-1.458319,-0.038151,160.605747,70.0,-1.4621110050855286,-0.027486864579782066
0.352444,-0.479323,1.216953,0.844621,129.6603,70.0,1.1992996078046054,0.8642285838276597
0.019318,0.683025,2.476149,-1.684352,85.022914,70.0,2.4592870447719464,-1.664695580426246
-0.390944,-0.592193,1.095104,0.619089,134.164873,70.0,1.096026625518953,0.6329127508065309
-0.988703,0.869722,0.50683,0.97221,125.881005,70.0,0.4870505942752751,0.9557877928692963
-0.585973,-0.448586,0.600893,-0.421651,183.709862,70.0,0.5837127500431445,-0.4414632545400522
0.614897,0.568032,0.571471,0.328511,165.07406,70.0,0.5914195290205431,0.3093134857370783
0.913871,-0.567215,0.583273,-0.138026,148.379209,70.0,0.5705402512235022,-0.15752086581690444
0.820593,-0.294524,0.494112,0.114156,147.944835,70.0,0.5049177713454389,0.09849240030674337
-0.063094,-0.423564,12.497709,-0.495019,80.0845,70.0,12.485344260619714,-0.4761860738028117
-0.84304,-0.976185,0.812623,-0.810328,125.703191,70.0,0.828413655949261,-0.8224201654767083
-0.748143,-0.047641,-0.372221,0.031377,187.164753,70.0,-0.36909615548699604,0.025652040086283565
-0.706439,0.871956,0.692414,0.801147,135.249671,70.0,0.6772032264948683,0.7821652969455307
0.968218,0.84172,0.598219,0.018637,129.827957,70.0,0.6000800039483165,-0.0011369317415392335
0.793813,-0.383244,0.702868,-0.331174,172.854879,70.0,0.6829403316577235,-0.34980060690873266
0.81568,-0.866273,0.69668,-0.557816,130.711321,70.0,0.6897748591847764,-0.5766590079880703
0.55384,0.382462,-0.470904,0.267946,197.445163,70.0,-0.451435545140911,0.2538275650592888
0.038008,0.79279,-0.039174,0.175001,163.535579,70.0,-0.02382306585578553,0.19461857442815916
0.428625,-0.10696,-0.324882,-0.013895,263.408579,70.0,-0.3262703824689492,-0.014966759842813348
0.326018,-0.610188,-2.87703,1.147136,103.218022,70.0,-2.887441176357263,1.1422270156396879
0.565468,-0.185741,-0.417741,-0.166324,216.517082,70.0,-0.4325214740209947,-0.17622528318148292
0.253463,-0.042997,-0.224962,-0.02029,345.184407,70.0,-0.22698752134462108,-0.011663041202844452
-0.646123,0.612425,0.462085,0.165293,160.568158,70.0,0.4767958215918673,0.15181272696030432
-0.969734,-0.321373,0.38027,0.001521,215.196859,70.0,0.380422098533861,-0.0049703355399253225
0.678503,-0.393379,0.21136,0.004561,180.940482,70.0,0.2118160604671903,0.014394222232337734
0.476428,-0.676122,-0.79674,-0.362331,153.090618,70.0,-0.8161626701581548,-0.37564884247853525
0.415804,0.412276,0.680959,0.18578,213.280371,70.0,0.6969782367731173,0.1664687647322429
-0.87208,0.959625,0.844396,0.866324,125.720455,70.0,0.8258284173906928,0.8569042658873314
0.424264,0.607451,0.977142,0.474468,148.634631,70.0,0.9910539703262097,0.4779170911284816
-0.577585,0.533939,-0.706233,0.450972,172.697763,70.0,-0.6907327780754228,0.43247056871568623
-0.081655,-0.368696,1.630217,1.442031,89.518586,70.0,1.6462130928501615,1.4361759657875783
-0.678088,-0.630195,-0.654884,-0.456986,156.877088,70.0,-0.6699972187343745,-0.47680982820721496
0.307923,-0.739673,13.960791,-15.63601,89.357248,70.0,13.953749889164603,-15.62057129653494
0.311793,0.303153,-1.26647,-1.447234,103.938906,70.0,-1.2827729604888691,-1.4272581668016797
-0.909228,0.611268,0.131089,-0.173171,137.140439,70.0,0.11585600854654216,-0.15731546452548664
-0.415648,0.208712,-0.356152,0.001443,241.371132,70.0,-0.35600770125194897,-0.0027254874196024036
-0.174974,-0.782065,-0.151566,-0.177809,168.154095,70.0,-0.16709540609556822,-0.163282414749719
-0.164284,0.878221,-3.818375,-7.487039,163.745743,70.0,-3.8131577246381796,-7.467623317753646
0.257412,0.331674,7.212458,11.510307,195.460817,70.0,7.2293183339538825,11.508987448897162
0.444416,-0.69936,1.189448,-0.355987,188.912291,70.0,1.169883797919866,-0.33710501800285897
-0.148604,0.40793,0.134065,-1.216314,132.316074,70.0,0.13807004359001213,-1.2006416039191392
0.079752,0.386364,1.081918,0.142145,138.997766,70.0,1.094965668240468,0.1549864877652103
-0.388554,-0.42927,0.970881,-0.178157,159.922021,70.0,0.9553296880701714,-0.17532621750822333
-0.733626,-0.051736,0.226581,0.035794,185.815772,70.0,0.23014132239270405,0.044274613878404326
0.476624,0.6254,0.699196,0.457283,172.734157,70.0,0.7142897496760098,0.4385258146935823
-0.894419,-0.504977,0.621175,-0.213873,153.176106,70.0,0.6036370910288968,-0.23386024384844611
0.851472,0.687659,-0.59721,0.378988,144.018725,70.0,-0.578251523768069,0.35922944779216076
-0.51882,0.190622,-0.444074,0.255357,231.025151,70.0,-0.424932217573025,0.2432600608221134
-0.212233,-0.994444,3.420368,-1.576025,63.70064,70.0,3.400374834366598,-1.5795449618308073
0.377726,0.448685,0.776832,-0.130084,259.530127,70.0,0.7647215858491168,-0.14481869992522692
-0.959197,0.777201,-0.351668,0.148756,131.441741,70.0,-0.3381265100221856,0.14502707591314
0.41446,-0.162776,0.386838,-0.216617,265.865637,70.0,0.3691698468862022,-0.223725966531588
0.219551,-0.013772,-0.207271,0.008466,357.707188,70.0,-0.20642465280440764,0.018653207017132453
0.539833,0.969877,1.064565,0.670026,130.767398,70.0,1.0604244168611412,0.6814904957649557
0.714881,0.997093,-1.112247,0.768753,125.944963,70.0,-1.1251645533610228,0.7837633659495149
0.146645,0.658818,10.554699,-5.602036,120.187645,70.0,10.549477148146893,-5.618154262617124
0.749271,0.996314,-1.007714,0.852966,125.87508,70.0,-1.0257441235601747,0.8593745551401218
-0.945478,-0.64702,-0.714487,-0.800896,140.3112,70.0,-0.6992925357143546,-0.8190682855523063
-0.457014,0.96533,4.226108,3.687419,105.748662,70.0,4.2180906983784485,3.6743794771352434
0.2989,-0.391011,0.318221,0.819009,143.506744,70.0,0.30191262350190207,0.8186028544558355
0.274001,-0.868071,6.108532,-1.902291,94.106663,70.0,6.110263370944133,-1.8894444719291978
0.326695,0.769415,8.275009,2.316299,68.208397,70.0,8.258344933685061,2.2990869063872816
-0.43827,-0.002427,0.843753,0.010346,181.6497,70.0,0.8447871386313596,0.0008695930454409116
-0.785519,-0.217662,0.052024,-0.239819,147.597235,70.0,0.03338978458874882,-0.22049181756979297
-0.237528,-0.139242,0.090183,0.00832,322.282933,70.0,0.09101476004977668,0.02632097464012228
-0.24049,0.087084,0.152198,-0.029339,349.527838,70.0,0.14927461132294528,-0.014855927531684049
-0.373255,0.695308,-2.357249,-4.031913,153.947325,70.0,-2.3765727458490886,-4.017696496191796
0.036746,-0.415152,-0.517592,-0.363269,199.982581,70.0,-0.53699208189594,-0.38028140319146075
0.541087,0.057324,-0.503135,0.232749,162.580822,70.0,-0.484769155945443,0.21654048276966992
-0.553369,-0.466731,0.646562,-0.404073,183.727376,70.0,0.6285493073824854,-0.4239898516348527
-0.351399,0.030973,0.356805,0.069189,295.068338,70.0,0.36358671684818217,0.06495666899917019
0.570505,0.480689,0.649775,0.414773,180.104305,70.0,0.667297144638167,0.39488798467032804
0.936299,0.381831,0.334009,0.179489,271.18425,70.0,0.34964372282198203,0.1775072836950165
-0.571262,0.797939,-0.62567,0.095147,149.084709,70.0,-0.6165101609252465,0.0751487536531129
0.965963,0.947207,0.027442,-0.183379,123.12466,70.0,0.011567665674638204,-0.1635669706594053
-0.285673,0.696009,-0.449324,-0.152551,242.430953,70.0,-0.4631423150266037,-0.16506180304149567
-0.17538,0.381367,-6.403936,17.629307,96.63365,70.0,-6.400317228399294,17.64577120881542
-0.368361,0.961124,1.053205,0.649313,135.532867,70.0,1.0511094066500113,0.6598286712571902
-0.392327,0.166777,0.212742,0.034534,271.855334,70.0,0.21617826508452698,0.044246645720144306
-0.973617,0.417038,0.282742,0.131458,168.381113,70.0,0.29496147448504373,0.13458682153472926
-0.84473,0.61854,-0.830993,0.588715,148.642829,70.0,-0.8270584777949973,0.5781349621578518
-0.20564,-0.183386,-1.088766,-1.523806,232.886993,70.0,-1.1082165120376986,-1.5104471449365424
-0.172047,0.411941,-0.149621,-0.242804,252.833878,70.0,-0.168361551515395,-0.22814441480410286
-0.509335,-0.393796,-0.436371,-0.231467,200.749752,70.0,-0.45468571229033183,-0.24294169756601536
-0.53326,-0.496073,-0.589509,-0.296474,180.095447,70.0,-0.609430858784124,-0.31609863514996805
0.50898,0.421619,0.602514,0.274477,194.175428,70.0,0.6221216192312956,0.2546432376482871
0.151732,0.164391,3.352974,2.623893,229.854279,70.0,3.363480455238779,2.6140616366405234
0.913752,-0.576212,0.252325,0.27477,141.617644,70.0,0.2719383735718564,0.2808553871696063
-0.403472,0.84169,-0.315476,-0.454973,156.113801,70.0,-0.33072029505289857,-0.4551046725128785
0.282642,0.357661,-0.289814,0.308227,295.413865,70.0,-0.2698227972980596,0.3106555188040906
-0.790334,0.859011,0.314897,0.006376,133.996379,70.0,0.31553449200301925,0.006302226703195257
-0.605505,-0.717834,-0.235917,-0.075971,149.522257,70.0,-0.2433327161828399,-0.06834482993902742
-0.634056,-0.577327,-0.611336,-0.38124,164.898922,70.0,-0.6302215503476981,-0.4011679417241837
0.863174,-0.638765,-0.663987,-0.384772,144.440153,70.0,-0.6827533555829873,-0.40445478219914305
0.271329,0.228886,2.393159,-0.41876,110.023712,70.0,2.375832543967732,-0.40225979076235724
0.894852,-0.228568,0.176558,-0.020118,215.514704,70.0,0.17454959096611444,-0.007418033886125594
0.460232,-0.881424,2.730461,-1.10239,108.28446,70.0,2.7444014309492157,-1.0930682756439292
-0.096995,-0.186909,-1.459155,-2.215167,268.436875,70.0,-1.439219383246569,-2.2045736818797166
0.620452,-0.055275,1.298362,-0.008022,232.727681,70.0,1.297560015080876,0.011544333721456813
0.999568,-0.266314,0.752223,-1.185088,133.035614,70.0,0.7592262635959343,-1.2013711179467563
0.055976,0.794661,-2.517847,-0.361934,154.394138,70.0,-2.5372791017901464,-0.34193922757356204
-0.128483,0.586097,-3.200218,0.158547,128.266729,70.0,-3.18597248739687,0.13940009806254394
0.533046,0.896522,0.596253,0.174344,148.074381,70.0,0.6115617381508963,0.15460049941597145
-0.157729,-0.955035,-1.406084,0.134042,142.752975,70.0,-1.393660988482151,0.14871342018891473
0.727693,0.331175,-0.110406,-0.094731,177.822757,70.0,-0.11952883870321443,-0.07770176577740043
0.063517,-0.465945,-0.036503,0.194524,179.646977,70.0,-0.019975720695109896,0.214191806447418
0.869702,-0.920441,-0.70691,-0.594235,125.917834,70.0,-0.7103018793463071,-0.6127106133614889
0.1525,-0.934153,3.779607,-1.494641,72.652472,70.0,3.7610394742779945,-1.474664497607896
-0.304006,0.573213,-0.317814,0.635448,185.551508,70.0,-0.318526795943563,0.6350825468758093
-0.007002,0.321874,-0.864451,0.471592,218.506749,70.0,-0.8503338544831315,0.463985753372358
-0.257064,-0.474294,19.488654,34.572365,88.049766,70.0,19.48717078190168,34.55239404263071
0.540835,-0.187824,0.350666,-0.176631,236.464491,70.0,0.33521109497099766,-0.18026143469042744
-0.754262,-0.883175,-0.485612,-0.130479,131.293368,70.0,-0.4977538257785896,-0.14560008891663273
0.478643,0.557125,-0.650233,0.351814,183.729791,70.0,-0.6305864239232005,0.3319339409170284
-0.395506,0.72814,5.357369,1.217027,139.593371,70.0,5.353433837487313,1.2153627776566869
-0.147966,-0.857438,-0.620304,2.124577,150.040832,70.0,-0.6389310297495123,2.1045930560268973
-0.953107,-0.864924,0.268957,-0.07155,126.920749,70.0,0.26195364848990443,-0.06706815833461761
-0.784908,0.04803,-3.111503,-0.18355,133.220671,70.0,-3.1273877302393656,-0.20332407980538522
-0.751577,0.249775,0.338654,-0.075686,183.140898,70.0,0.33126475981213477,-0.0781293544528352
-0.035449,0.217053,-10.332308,-0.075109,147.032749,70.0,-10.339643592026377,-0.07163198188886057
0.012267,0.177504,-5.108259,-1.876845,192.723676,70.0,-5.109069836930091,-1.858491073124826
-0.691432,-0.905544,-0.487555,-0.067084,131.409842,70.0,-0.49413831586389695,-0.08233154439421739
0.518835,0.062326,-0.412669,0.294717,227.745761,70.0,-0.39276342602459813,0.28525953729356845
-0.486455,0.158457,-0.314509,0.091704,246.830444,70.0,-0.3056565707291712,0.0916690265537219
-0.805463,0.588429,0.722246,0.635176,152.847748,70.0,0.7215603874271082,0.6173413505919916
-0.279901,-0.295205,-0.00806,0.012204,293.336286,70.0,-0.006840357206792894,0.03218776129793795
0.493189,-0.977387,-0.221065,0.673281,124.926111,70.0,-0.225523468691822,0.6822578806735088
-0.945154,0.800916,-0.731249,0.690239,130.665041,70.0,-0.7373425982694294,0.6728297219758025
0.997312,-0.16989,3.126532,0.428185,205.580253,70.0,3.143368630640152,0.40824167903045067
0.655732,0.882951,-0.723032,0.849272,135.303591,70.0,-0.7408991934846406,0.8314730596733545
-0.236396,0.889276,-0.10971,24.940258,105.332224,70.0,-0.1261214976495055,24.95732363044119
0.056107,0.997518,17.885816,-16.049203,115.196366,70.0,17.905632942016414,-16.047080790248973
-0.713406,-0.206286,-0.145294,0.122744,195.061367,70.0,-0.13377574840171022,0.13769447609000945
0.951078,0.759767,-0.806719,0.432666,135.103063,70.0,-0.7901284324703628,0.42010890401979545
-0.59139,0.504912,0.547137,0.339983,176.369137,70.0,0.5669705151730416,0.3216081122784354
0.064091,-0.826659,-6.63546,-0.324601,114.92133,70.0,-6.655432748735267,-0.3283895122954332
0.334166,0.329798,-0.269062,0.093269,267.490782,70.0,-0.2600695082903012,0.09774060808445945
0.918282,-0.428332,0.789842,-0.376896,157.096961,70.0,0.7708179325042237,-0.39072044399202893
-0.973838,0.698417,0.334422,0.257914,135.954491,70.0,0.3536363162680854,0.25589119119122694
0.290611,0.305752,2.914287,-1.187423,180.385533,70.0,2.921071074463142,-1.1958379302607562
0.770678,0.79143,0.63322,0.500865,139.616276,70.0,0.6451200322276003,0.4808710057996764
-0.439839,-0.367007,-0.339661,-0.235615,213.564851,70.0,-0.35813842038905885,-0.2381582687631998
-0.290908,0.711935,1.006644,0.133536,159.967383,70.0,1.0190273170241253,0.13984310570316952
-0.515837,0.326829,0.531378,0.313751,210.391481,70.0,0.5513779583298637,0.29605472929241283
-0.986045,-0.452933,0.527765,0.194783,145.554281,70.0,0.5443068506750598,0.1772579536265322
-0.440864,0.403116,-2.201887,0.445702,143.528968,70.0,-2.186059160979905,0.4459792053724295
-0.83611,-0.494563,-0.400546,-0.004439,157.731501,70.0,-0.40098986355537414,-0.012811553293789421
-0.119669,0.72939,18.509799,-7.936129,62.755461,70.0,18.491462462669595,-7.938681782752964
0.861907,0.071757,-0.693238,-0.023515,126.475147,70.0,-0.6955840859343102,-0.04247058440837911
0.023115,0.496924,-0.92477,-0.484374,114.672895,70.0,-0.9379535227198744,-0.486142466946209
-0.20161,-0.45419,0.052043,0.132925,268.052671,70.0,0.0643782799110722,0.15225169366961186
0.426562,-0.775522,-0.515932,-0.158825,167.345494,70.0,-0.5301970116513409,-0.1757495386085662
-0.192573,-0.573179,-2.955177,-0.842407,112.663035,70.0,-2.9376287440064828,-0.8543303342275017
0.572285,0.389488,0.529645,0.328592,194.127867,70.0,0.5495929466379841,0.3109771409331926
0.118275,-0.143977,-0.020144,-0.049687,334.470025,70.0,-0.02506174617919212,-0.029788359453616364
0.171189,-0.828066,-0.283016,1.346061,208.599426,70.0,-0.274368596616581,1.349162755975114
0.692802,-0.076055,5.712417,-0.159308,111.39949,70.0,5.698118176069017,-0.1784856904945213
-0.257842,0.441363,-0.044568,-0.100871,265.214971,70.0,-0.05423285704378208,-0.08136552515124788
-0.016441,-0.322418,14.581955,20.876986,79.602914,70.0,14.568882378068706,20.861102456382447
-0.887015,-0.068163,0.102359,0.051069,228.796866,70.0,0.10741058474906028,0.06850633647912456
0.380083,0.050489,0.432158,0.071527,255.889444,70.0,0.43915919708352724,0.06039988468579198
0.562621,-0.023437,0.199289,0.083413,250.310562,70.0,0.2073905756919687,0.09427880629489495
0.097199,-0.368643,0.045779,-0.034892,352.363904,70.0,0.04230747280193071,-0.015413645686356583
0.212412,0.002415,-0.176972,0.000974,361.972742,70.0,-0.17687460038500388,0.01364195686760045
0.592693,-0.610363,-0.494916,-0.289412,161.215789,70.0,-0.5147630884620422,-0.3051254653175523
-0.3664,-0.082708,-0.352743,-0.000969,285.548815,70.0,-0.3528398996208949,-0.004803484718887936
-0.078706,-0.803517,1.28665,-1.575744,80.666822,70.0,1.266656119555436,-1.555968771834146
-0.711999,-0.564202,0.65356,-0.566858,160.994619,70.0,0.6475102248746232,-0.5866989283703637
-0.541593,-0.548418,-0.513818,-0.141518,172.443025,70.0,-0.526818084554253,-0.15832895655921647
0.734727,0.562101,-0.35549,0.110907,160.343581,70.0,-0.34495903920912674,0.10680328144515522
-0.770829,0.679072,-0.541643,0.345614,148.292608,70.0,-0.5218898406524916,0.3274629495558594
-0.836365,-0.784337,0.654654,-0.492337,135.399459,70.0,0.6420795756942361,-0.5121638611515619
-0.34903,-0.148601,0.074291,-0.039529,304.166207,70.0,0.0703637854954923,-0.02089299583083609
0.468897,0.759121,-0.345923,0.26721,152.60875,70.0,-0.3264715324786453,0.264046962846478
0.551823,0.495974,0.528529,0.286847,180.040128,70.0,0.5483427996810136,0.26928526804780245
-0.17249,0.958436,16.192978,-0.259572,62.681406,70.0,16.173718329359875,-0.2444900701604008
0.425825,0.832769,-0.95455,0.576441,144.452619,70.0,-0.9494202252340668,0.5776474874507768
0.344402,0.36324,-0.127204,0.082853,319.784555,70.0,-0.11915365577912025,0.09894232473430947
0.976207,-0.89499,-0.635915,-1.027194,125.778818,70.0,-0.6176825421866267,-1.047179575147915
-0.092295,0.797921,-0.122198,0.345149,316.100052,70.0,-0.10243761093383,0.36153060954968286
0.656759,0.152273,0.217868,0.02454,239.462209,70.0,0.22031584701996174,0.03380140879734089
-0.740742,0.346597,0.579761,0.418933,176.535535,70.0,0.5970788084687997,0.39951956862013915
-0.743396,-0.258167,-2.539137,0.345015,172.237151,70.0,-2.51937454735541,0.36484801079374335
0.992942,0.37389,5.118722,0.650746,122.915269,70.0,5.1164839504605935,0.6686593294010863
-0.034728,0.319844,-7.264144,1.858029,128.045133,70.0,-7.261459467954252,1.8618533911989488
-0.373695,-0.68499,-0.051762,0.032202,165.946957,70.0,-0.04855569550518625,0.05153590439333436
-0.623624,0.743597,-0.574764,0.483119,148.480414,70.0,-0.5614863628867756,0.4638317478296955
-0.367917,0.421376,-14.797301,-1.575535,94.13104,70.0,-14.817295386506677,-1.5723668487870355
0.058087,0.272,0.082436,0.356975,145.359186,70.0,0.10197945084463163,0.37529999351816484
-0.494865,0.803084,-0.464314,0.60817,148.761011,70.0,-0.46230255335073345,0.5945259071193029
-0.569139,0.487608,-0.606841,0.398012,180.117413,70.0,-0.588573221245906,0.37812721029942925
-0.780226,0.736585,0.226975,-0.068216,142.751637,70.0,0.22028489855016004,-0.05977108507875465
-0.209778,0.262246,-1.014241,-0.666343,168.57006,70.0,-1.010461419234886,-0.6593196819371603
-0.435152,0.393425,-0.428935,0.199359,187.392676,70.0,-0.4121403000583917,0.18850113119671402
0.293937,0.203685,4.003765,0.814478,173.710405,70.0,3.9877230726641297,0.8222944915294695
-0.672729,-0.562491,-0.285428,-0.009386,164.025462,70.0,-0.2863662555052699,-0.0065227454579773764
0.216792,-0.368997,-2.307342,-4.156538,115.984288,70.0,-2.32604341474753,-4.146235804594358
0.271399,-0.59564,-2.158147,-0.397331,197.629739,70.0,-2.1764423954956156,-0.4013991962000199
-0.918596,-0.842806,-0.905311,-0.823568,130.55704,70.0,-0.8887429756991317,-0.8272633243803179
0.958146,-0.438968,0.557867,-0.349396,164.597561,70.0,0.5381766047605112,-0.36816792350097727
0.259037,-0.367821,0.248221,1.557772,100.911205,70.0,0.268178606712946,1.5642470199007978
0.027738,0.189104,12.338812,-10.522161,109.306228,70.0,12.32451695063394,-10.513769024514659
0.264381,-0.555288,-0.997063,-0.585082,75.683094,70.0,-1.0013530540693987,-0.5796909939321918
-0.721437,0.803855,-0.698255,0.742112,139.780264,70.0,-0.7090302473819923,0.7233223682365624
0.395086,0.202911,0.426509,0.133315,230.344067,70.0,0.43887495521612513,0.12266166085338884
0.323883,-0.492886,-0.239353,-0.18746,291.904964,70.0,-0.25547225462249684,-0.18015258000830625
0.063651,-0.224785,1.390477,-0.651052,233.396439,70.0,1.3927454547153408,-0.6353656321128786
0.030715,0.219623,-0.337546,-1.189093,221.30342,70.0,-0.3309192592721154,-1.1914263474709792
-0.795722,0.291953,0.4191,-0.541802,175.484199,70.0,0.4107156609361644,-0.5518211312800346
0.848591,0.269512,-0.30165,-0.016893,140.74138,70.0,-0.3033372920440413,-0.015642888917646702
-0.306679,-0.35935,1.403555,-0.547892,193.046618,70.0,1.3957273648144641,-0.5330498832465047
0.400618,-0.819384,0.35039,-0.411991,137.002634,70.0,0.3327354300707531,-0.4155942897627934
0.61314,-0.951311,0.963161,-0.745678,130.687866,70.0,0.9742349391804203,-0.7436133643740951
-0.684691,0.390636,-0.431694,0.305146,180.227241,70.0,-0.41171430630096173,0.2940574704073208
-0.573993,0.89475,0.957617,0.710332,135.424105,70.0,0.9496435781624888,0.7118444750408935
0.057097,-0.36611,19.624379,4.602222,119.496033,70.0,19.60733724335187,4.587352206098798
0.79517,0.426208,0.491018,0.050584,165.535788,70.0,0.4960226424954719,0.03511465030457373
-0.719195,0.486524,0.526832,0.390831,168.784504,70.0,0.545380271985898,0.3733511009974692
-0.990278,0.398797,-0.228246,0.172502,226.483314,70.0,-0.21305644416039737,0.1808315313830124
0.573173,-0.684108,0.640935,-0.281743,156.777628,70.0,0.621197128958639,-0.3017032193702006
0.198595,-0.207119,-0.132433,0.045117,283.030951,70.0,-0.1279594684304886,0.060890259662297316
0.950893,-0.349477,5.831174,2.276354,89.287947,70.0,5.812647025809697,2.2636346710538517
0.339212,-0.866279,-6.990202,-9.507923,94.301611,70.0,-6.982124930737159,-9.526394525229666
0.45698,0.470796,-0.444436,0.315843,190.728845,70.0,-0.4244367087363994,0.3037172530824913
0.66654,0.538758,0.514946,0.296302,165.123469,70.0,0.5348663324656963,0.27943020316664435
0.901294,0.05415,-1.652073,0.023015,156.7796,70.0,-1.649776576146406,0.015109203240432764
0.101848,-0.239924,0.470079,-0.340393,299.938922,70.0,0.4502508056667151,-0.3544528810784039
-0.406851,0.054979,0.259254,-0.115802,258.499679,70.0,0.2483100885931076,-0.11038017937035727
0.031752,-0.340017,0.224661,0.019602,319.876296,70.0,0.22661806323979408,0.02825610480496099
-0.673246,0.747985,0.592416,0.57954,144.309067,70.0,0.5972456379642138,0.5598613834926011
-0.610929,0.109034,8.260771,1.165717,177.919265,70.0,8.251988934995428,1.147824012142176
0.533726,0.333868,0.506015,0.294667,207.249367,70.0,0.5259200880619047,0.27829144680228446
-0.675666,0.084346,0.121026,0.041257,166.7531,70.0,0.1251225016971217,0.05770556303225064
-0.390616,0.913188,0.419469,1.075756,123.84298,70.0,0.40374784634537425,1.0657049498582287
-0.047012,-0.122433,20.056351,11.965605,146.809016,70.0,20.05360441558066,11.98498715178929
0.262827,-0.663101,-2.000539,-1.594245,117.349379,70.0,-2.0204016973196866,-1.6109970469372092
-0.735073,-0.367138,0.512764,-0.439894,176.527958,70.0,0.4965878360831237,-0.4566476242635871
-0.489695,-0.303493,-0.452969,-0.154754,219.537697,70.0,-0.4669457361679226,-0.16754708959586553
-0.808686,0.406866,0.477441,0.146676,169.291893,70.0,0.4908286902079754,0.13210217918653266
0.189673,-0.160495,0.140885,0.039917,342.409618,70.0,0.14485025172138039,0.05515668090579211
0.562389,0.07637,-0.324715,0.111045,251.075348,70.0,-0.31417230971075005,0.10998991653316963
-0.444144,-0.724906,0.48407,0.003167,138.087451,70.0,0.48438668676489155,-0.011852715243149983
0.505669,0.777323,0.554673,0.725864,148.776348,70.0,0.5453006112484257,0.7072046642247045
0.471778,-0.824407,0.006992,-1.085758,130.794095,70.0,0.02207547935163196,-1.0657702207712367
0.190596,-0.653593,-2.218588,-0.500593,153.39499,70.0,-2.2305098825222918,-0.4986487610763195
-0.936469,0.771187,0.747849,0.408225,135.044401,70.0,0.7656773877690947,0.391691821515732
-0.666855,0.165216,1.033363,0.901799,152.305038,70.0,1.013775266908289,0.9105779331446493
0.792847,-0.619626,-0.179927,0.057268,151.315098,70.0,-0.17427813709796217,0.06970591682358673
-0.059619,-0.02196,0.056142,-0.002141,350.868268,70.0,0.05592790408918041,0.01707617967165525
0.915055,-0.676325,0.865278,-0.647874,139.8447,70.0,0.8672304324458011,-0.6554036960530297
-0.99701,-0.744848,0.590627,-0.04152,134.613845,70.0,0.5865047594492016,-0.061165887056578966
-0.662508,-0.768802,0.676808,-0.739707,144.245049,70.0,0.6873798621246557,-0.7591220665169632
0.746115,-0.049095,-1.673007,0.007213,114.74798,70.0,-1.672285856353753,-0.002568925905807631
0.864801,0.712313,0.83045,0.665607,139.808775,70.0,0.8267427184745746,0.6549809211073662
-0.148162,-0.161058,1.188643,0.480807,214.441205,70.0,1.2020926461261239,0.49966229134570167
-0.895011,-0.449897,-0.600272,-0.086607,156.762942,70.0,-0.6086645517860078,-0.10641067008414648
0.573305,-0.461623,-0.527312,-0.334044,183.669855,70.0,-0.5472132307340257,-0.3515471735181986
-0.489554,0.058646,3.771936,0.14388,175.022665,70.0,3.7851146693974367,0.16387897503910778
-0.336545,-0.306,0.188081,-0.121413,306.13968,70.0,0.17667181341561794,-0.10962378168721228
-0.94481,0.581566,-1.250424,0.659287,130.066444,70.0,-1.2535084866761734,0.67927735024298
0.386088,0.988347,1.988799,1.175381,107.704593,70.0,1.980895096589758,1.1580168409741123
-0.853028,-0.842289,-0.552964,-0.336221,130.963436,70.0,-0.5728424432997125,-0.35481813771943616
-0.353864,0.607347,-0.31557,-0.303817,119.943316,70.0,-0.33554326534511664,-0.30395807229426963
-0.317637,-0.525574,-2.026174,-1.195575,124.127607,70.0,-2.0201622170739117,-1.2107930683881667
0.675851,-0.969827,0.43622,-0.285516,130.00948,70.0,0.4164247588208051,-0.29697832677646224
0.116483,-0.26401,2.443946,-3.997277,173.232705,70.0,2.4257999045821332,-3.9784666132795166
0.784311,-0.089904,-0.607007,-0.022597,156.202732,70.0,-0.6092618953261842,-0.042483562061818955
0.98329,0.162213,-8.545845,1.044785,79.480856,70.0,-8.563284872571124,1.0510331091123397
0.30688,-0.269566,-26.037858,-9.835614,102.053471,70.0,-26.020149455058714,-9.839328411093309
-0.60298,-0.277766,0.486674,-0.330974,204.038766,70.0,0.4667446422000442,-0.3461643842395265
-0.407216,-0.085449,0.258848,-0.034583,258.509689,70.0,0.25540690788391845,-0.02912211088778929
-0.149145,-0.674916,-25.884424,13.879303,82.369084,70.0,-25.878868510771397,13.862988573310673
0.688949,-0.836678,0.163398,0.113147,138.013255,70.0,0.17411872887908206,0.12683537724836158
-0.047257,-0.250045,0.095785,0.349954,289.4001,70.0,0.11546553834879893,0.3677038164556135
-0.503564,0.601184,0.815509,0.700897,161.339837,70.0,0.8084094061236883,0.6890359619967932
0.102651,-0.742615,0.452785,-1.459379,188.493014,70.0,0.43580901893950497,-1.472157940792538
0.873354,0.460005,0.792291,0.379888,157.080517,70.0,0.8112206196291109,0.36624156308656236
-0.702633,0.84102,0.553264,0.294815,135.672055,70.0,0.5731705227569476,0.2762068455638661
-0.97426,-0.389159,0.663624,0.023939,176.733977,70.0,0.6660121879018313,0.004249810660181125
-0.593407,0.614761,0.620432,0.43351,161.048556,70.0,0.6369752855345668,0.4135255473269455
0.293908,-0.284305,0.061137,0.081325,256.547028,70.0,0.06904723561762162,0.10039782055948772
-0.316896,-0.06554,-0.21265,-0.010367,321.736873,70.0,-0.21368623581648902,-0.0006463130063890273
0.463767,0.528216,0.462811,0.585391,172.785517,70.0,0.46707086820827026,0.5718571849007533
-0.271787,0.07845,0.094,0.028751,338.455353,70.0,0.09686520766385091,0.04658236576390658
0.508578,-0.332303,-0.395168,-0.197226,210.292119,70.0,-0.4118459258721908,-0.2051071780028501
0.986698,-0.560504,9.181173,-1.881834,105.011344,70.0,9.18086085345856,-1.888743999603928
-0.390594,-0.719082,3.349809,0.247325,114.508615,70.0,3.368702648550806,0.23721925858108336
0.387502,0.749235,-0.148854,-0.580383,113.308998,70.0,-0.15360179013547515,-0.5656713474821029
0.397926,-0.061684,0.423843,0.18866,289.000787,70.0,0.4400330000041064,0.1782332308778356
-0.718744,0.071199,-5.578453,0.143221,98.020965,70.0,-5.565323972114074,0.1246630948428357
0.647892,-0.882568,-0.749539,-0.839443,135.310206,70.0,-0.7321348596455106,-0.8558804925037486
0.671722,-0.364521,0.048877,0.118969,185.594346,70.0,0.06008460769497653,0.13837472627275776
-0.512669,-0.422742,-0.459021,-0.222297,194.071916,70.0,-0.47694816040362664,-0.2355493565306227
0.967575,0.024755,0.249471,0.018494,255.435267,70.0,0.25131776551554597,0.024850626415715952
0.04914,-0.099946,-0.101901,0.091569,352.623588,70.0,-0.09306067831049412,0.10902872096901961
0.212646,-0.05491,-0.166729,0.0186,359.572231,70.0,-0.1648716800307581,0.03204363045952914
-0.87885,-0.828411,-0.528627,-0.318538,130.999567,70.0,-0.5486222068621995,-0.33610441916089806
0.893259,-0.997052,0.683841,-0.516325,121.086636,70.0,0.6732178241603675,-0.5355592507961194
0.552673,0.768704,0.40208,0.43293,148.668599,70.0,0.41865580961564913,0.4244183829140736
-0.391312,-0.772426,-1.119954,-0.543177,133.301713,70.0,-1.128213307565595,-0.527668586666578
-0.17079,-0.473845,-0.342434,-1.480226,145.841782,70.0,-0.360418061608124,-1.4830440643148066
0.081651,0.312581,0.587706,-0.347022,289.39175,70.0,0.5679753829242012,-0.3666110705403923
-0.447853,0.940035,-0.346108,-0.209581,140.030665,70.0,-0.36343557822881595,-0.21276230297155518
-0.829369,0.798581,0.786505,0.733104,135.239914,70.0,0.7764993095264953,0.7190403457098211
-0.249159,0.386949,-8.198152,2.451007,117.809579,70.0,-8.204278606287284,2.431231744358027
-0.550792,0.833502,2.559357,2.181735,125.738983,70.0,2.5394324673529654,2.2012064368159825
0.667584,0.081392,-3.5986,-0.283395,104.360856,70.0,-3.6183638561622193,-0.27029412674490566
-0.040414,0.760533,10.149332,-39.610442,71.778684,70.0,10.151961818698933,-39.59271298913371
0.282252,-0.198144,0.198837,0.031667,328.869744,70.0,0.2019904850622797,0.04257072594284697
-0.207799,-0.472758,1.424057,-0.578705,126.726504,70.0,1.4191463755183726,-0.5653126058134652
0.359589,-0.390856,-6.832347,0.685899,126.015672,70.0,-6.838025830675148,0.6674451096388444
0.889761,0.217633,24.308698,4.096761,84.332954,70.0,24.328657750990164,4.085597695867568
-0.240099,0.651107,-3.247197,-0.967767,134.478347,70.0,-3.227356673042936,-0.9850431092390458
-0.841113,-0.587335,-0.448045,-0.034352,149.312582,70.0,-0.45146333430663343,-0.046762761347828634
0.654291,0.663469,-0.602778,0.470315,152.869033,70.0,-0.5885706860459321,0.4504778581729357
0.924416,0.659211,0.813075,0.665629,139.879718,70.0,0.809365556623198,0.6535728682116616
-0.642143,-0.495378,-0.640063,-0.484417,172.660115,70.0,-0.6532432888643089,-0.5043825267682396
0.188584,-0.475623,6.863506,36.711867,95.890679,70.0,6.883007066245018,36.69244018911035
0.198257,0.102265,-0.119347,0.063285,350.819532,70.0,-0.11312357917902942,0.07982849540364176
0.772831,0.975912,-0.925327,0.854562,125.80713,70.0,-0.9434256182379476,0.8528490216626055
0.159089,-0.186739,-0.34682,-1.832691,166.575142,70.0,-0.3519871764514762,-1.8359425761517163
-0.519072,-0.046011,-8.943877,-1.533873,132.589564,70.0,-8.963537133944984,-1.519064418953275
0.699987,0.687703,0.634143,0.539894,148.606213,70.0,0.6427001795684233,0.519902480511211
0.219113,0.625591,0.159129,0.46386,112.882805,70.0,0.1737831600742195,0.477856483567596
0.302386,0.209195,7.160621,-0.541234,195.460341,70.0,7.152185126888109,-0.547624165493765
-0.064992,-0.327555,0.101694,-0.995911,153.786892,70.0,0.12098445873559614,-0.9784411920592306
0.783577,-0.426375,-0.508123,-0.45354,168.922455,70.0,-0.5234596645244841,-0.47003566391651985
-0.086026,0.160996,-0.148892,0.075034,374.296765,70.0,-0.14156338579823255,0.08974307799930763
-0.136567,0.717118,0.096879,-0.102945,288.261838,70.0,0.08703309000166962,-0.08524586313515561
0.600387,0.705034,-0.757605,0.468548,152.784914,70.0,-0.7432738749006423,0.45258324353821433
-0.494474,-0.631078,-2.580945,7.033935,148.611884,70.0,-2.5924376626667867,7.052801043598331
-0.520229,0.505399,-0.713682,0.38171,180.133975,70.0,-0.694811971853447,0.36350424201582593
0.244149,-0.582795,-0.907909,0.365379,133.090551,70.0,-0.8885612884710411,0.3619393071031787
0.972082,-0.221516,-1.910685,-0.100388,127.198473,70.0,-1.920307542910473,-0.12022272752084644
0.972688,-0.038455,5.686888,0.123003,138.84084,70.0,5.698427415476443,0.10325879257326528
-0.317328,0.66957,3.148651,2.624099,77.780815,70.0,3.159174978265304,2.604111453770827
-0.540379,-0.156954,0.417437,-0.123844,238.464838,70.0,0.40582899682690815,-0.13371885851852872
0.074054,0.628184,0.359812,-1.22316,84.35359,70.0,0.3631440954454423,-1.2276857315535399
-0.107805,0.126339,3.043557,0.379755,161.949263,70.0,3.062490908145741,0.3621100210584256
-0.617652,-0.883593,0.822205,-0.709429,135.366007,70.0,0.8300955272629948,-0.7207443537878631
-0.548795,0.409471,-0.197684,-0.008099,193.2057,70.0,-0.1984936786664008,0.0029012019240728763
-0.015201,0.518984,1.859735,-0.895736,91.658869,70.0,1.8791912827130124,-0.9155771910480408
0.559752,-0.252107,-0.509811,-0.296115,216.49699,70.0,-0.5297296563217457,-0.3127055230714295
0.839191,0.286235,-0.231254,-0.057223,175.543201,70.0,-0.2368985459809065,-0.04916787161819704
0.744956,0.472293,0.046146,-0.135572,166.686126,70.0,0.03360344840278591,-0.11610200576010848
-0.169992,0.9398,0.656477,0.837144,113.583315,70.0,0.6391872755567952,0.8173418976219378
-0.777099,-0.703287,0.743638,-0.642929,144.232873,70.0,0.7450977477600382,-0.6596954507926709
-0.152149,0.839305,0.171533,0.273217,187.085451,70.0,0.1911153941621906,0.2863011050064655
0.195916,0.754489,0.401683,11.993112,115.853257,70.0,0.39624629500333086,11.984636324999332
0.704541,-0.785902,0.592602,-0.506669,139.949739,70.0,0.5811733945196622,-0.5263509290283819
-0.657668,0.57812,0.463098,0.216276,161.29787,70.0,0.4807501480004194,0.2027210679694197
0.465337,0.911956,23.763072,-4.711166,101.457623,70.0,23.78307162608091,-4.694275950497184
-0.761893,0.870683,0.326651,0.03683,134.086903,70.0,0.3303132194272987,0.03558163856631434
-0.437591,-0.584177,0.160564,0.112695,184.89359,70.0,0.17124654392613378,0.12658861995217313
-0.255659,-0.855266,-31.909409,12.665368,77.019929,70.0,-31.89990859703082,12.649743622070524
-0.462159,0.490712,0.570876,-0.154005,177.084146,70.0,0.556952936276469,-0.17318574399898168
-0.611433,-0.358268,-0.575085,-0.333863,194.132184,70.0,-0.5949880191891191,-0.35315872047485986
0.589961,-0.530583,0.661502,-0.437323,172.698047,70.0,0.6451759833448075,-0.4570483452806747
0.498507,0.406794,-0.620565,0.301853,197.536288,70.0,-0.6006028490977915,0.2818680274274083
0.979451,-0.374827,0.116419,-0.07033,176.516905,70.0,0.10953005390082363,-0.05362374590039229
0.288997,-0.82813,15.97582,-13.011987,98.092415,70.0,15.95998692874682,-13.016576001894512
-0.373134,0.740275,1.654705,0.867067,109.437823,70.0,1.6361099331395494,0.8589201307373963
-0.191515,-0.789305,-0.74205,-2.778014,104.504406,70.0,-0.761442531321619,-2.794866495099936
0.151358,-0.125678,-0.094021,0.008234,353.970788,70.0,-0.09319783258651981,0.026064414604413624
-0.269655,-0.084871,0.181647,-0.046208,336.144098,70.0,0.1770671997377356,-0.03390523466223872
-0.431799,0.747447,-11.976916,1.629198,92.420867,70.0,-11.957762647067781,1.6095744143055952
0.346671,0.50552,-0.999729,-0.082907,183.195932,70.0,-1.0077842871544411,-0.07725974833873461
0.27899,0.979047,2.333925,6.41847,88.471926,70.0,2.3464451598314513,6.430953118397537
0.844642,-0.104517,5.681851,0.155763,119.394571,70.0,5.695899729861476,0.1359447611016796
-0.61112,0.912072,0.601697,0.653852,135.250865,70.0,0.5991505835676161,0.6340289150330293
-0.811201,0.138226,0.081846,0.123647,234.884733,70.0,0.09343795521559473,0.14199554960176738
-0.833455,0.126605,0.775945,-0.065589,178.564848,70.0,0.7695030354294681,-0.08038353212598812
-0.152803,-0.153911,-0.120981,0.135049,311.296136,70.0,-0.10847922857651834,0.15150012252636005
-0.779746,0.805932,0.471181,0.190275,135.825556,70.0,0.4874652909970728,0.17613695897836154
-0.699464,0.107274,-3.0901,1.228293,120.155107,70.0,-3.0929249276601154,1.2089522197490383
0.948767,-0.07751,-1.525871,-0.054966,118.189929,70.0,-1.531298666414989,-0.0505111521682402
-0.712836,-0.632946,0.599255,-0.428826,152.893317,70.0,0.5824530531316856,-0.44861519914823433
0.078139,-0.720439,-1.243332,0.875959,119.916957,70.0,-1.2622359720075924,0.8959147601543735
-0.411619,-0.086009,0.225302,-0.002015,272.180872,70.0,0.22510050340887994,0.006581272033732514
0.444154,0.900608,6.34483,0.162604,126.184239,70.0,6.359357323071611,0.18166148028798565
0.517675,0.56216,0.632645,0.370608,172.741972,70.0,0.6518536593611669,0.3506126794016274
0.223684,-0.551113,9.130655,1.771095,67.011425,70.0,9.141435901593594,1.7690947193781918
-0.556863,0.805227,-0.917526,0.327508,140.063709,70.0,-0.8975705306444914,0.32501928818667464
-0.550638,-0.566876,0.605508,-0.373598,168.930165,70.0,0.5863847589509613,-0.39346806086785374
0.522369,-0.543577,-0.721328,-0.388932,176.471272,70.0,-0.7399464645271634,-0.40680800666789985
0.104706,-0.208353,-2.026919,-1.48755,143.457599,70.0,-2.0452113808824737,-1.502719622466103
0.203501,0.235667,-6.503133,32.012725,104.735417,70.0,-6.49999402532952,32.02180158377254
0.854286,-0.020002,-0.002366,0.000285,212.761384,70.0,-0.0023375000096454678,0.020283600527321335
-0.17871,0.426208,1.144318,1.158425,184.77732,70.0,1.1348867766538047,1.175353132561672
-0.72926,-0.671072,-0.622812,-0.474969,148.646896,70.0,-0.6366879333356602,-0.4949614200087136
-0.698722,0.574727,0.649405,0.527001,160.981705,70.0,0.6591089260776647,0.5071120568640055
-0.565494,-0.265622,-0.515343,-0.254621,213.472648,70.0,-0.5344633240429,-0.27151408200610144
-0.300781,0.772855,-12.935349,2.879424,68.583455,70.0,-12.916020959105449,2.874010471799436
-0.624285,-0.364541,0.566986,-0.384605,190.695137,70.0,0.5482138765319865,-0.4036719270171394
-0.84446,-0.835733,0.185284,0.113995,133.450997,70.0,0.19607622002081915,0.12600899889019898
-0.164455,0.011062,-0.148441,0.004442,374.408608,70.0,-0.1479968365185655,0.01918159919727383
-0.085123,-0.655691,15.540966,12.509746,62.199074,70.0,15.535378885178167,12.496322243822066
-0.196814,0.154283,0.099487,-0.083852,350.423675,70.0,0.09134530688678802,-0.06627581199713062
-0.970679,-0.199042,3.004889,-0.4818,127.614167,70.0,2.991513012587398,-0.49730711296995944
0.706186,0.865271,-0.733336,0.849818,135.263789,70.0,-0.7512276609619694,0.8325123968166932
0.60779,-0.88135,-0.835133,-0.604463,135.415816,70.0,-0.8375129004873035,-0.6146894673457052
-0.843868,-0.882423,-0.833371,-0.856038,130.547101,70.0,-0.8152100627592316,-0.8664154927554585
-0.877779,-0.830752,-0.575165,-0.395756,130.891446,70.0,-0.5935234536926036,-0.4150538232190107
-0.441447,0.602764,-0.114668,-0.12324,178.603019,70.0,-0.1262267646955272,-0.10643812176960621
0.651746,-0.102333,-9.692772,1.00131,111.970623,70.0,-9.711912914611657,0.9967343635741779
0.094834,-0.126176,-0.217164,-0.20304,344.581462,70.0,-0.23415572117528918,-0.19371625167546963
-0.648315,-0.231648,0.394828,-0.269477,204.013846,70.0,0.37532505360226814,-0.27732691773320245
0.689629,0.593014,-0.11262,-0.108416,159.286588,70.0,-0.12293837824490733,-0.0915039126924052
0.790849,-0.192669,-0.289635,-0.136114,164.881624,70.0,-0.3022197227659346,-0.1336677146220877
-0.181702,0.136839,0.109272,0.057683,369.089651,70.0,0.11496066100019986,0.07477142903146382
-0.149962,-0.408738,-0.175457,-0.025883,136.109848,70.0,-0.1780380811352587,-0.013098173012135414
0.336786,0.36546,-0.15845,0.070286,329.747748,70.0,-0.15156518481237602,0.08433090481060308
0.280142,0.343003,-0.196899,-0.102335,295.917236,70.0,-0.20669176816857326,-0.09126932307321482
0.850839,0.050026,0.52527,-0.047315,187.982382,70.0,0.5205825118766252,-0.06471846362656543
0.793385,0.414273,0.70488,0.470674,165.134347,70.0,0.7190620234828508,0.4521216064958919
0.693856,-0.354604,-0.489919,-0.380682,183.777496,70.0,-0.5088228434114044,-0.3960814579236283
0.175833,-0.781853,0.036905,-0.061047,212.116453,70.0,0.03089465358101587,-0.04138652971314244
-0.597823,0.385202,0.548147,0.346044,190.700666,70.0,0.567893378775338,0.3276294666149526
0.091526,0.279491,-0.131496,0.783258,109.33289,70.0,-0.1454859964242522,0.7990886955189409
-0.59103,0.563931,0.637765,0.375189,168.839943,70.0,0.6568410459295456,0.3552113047983738
-0.011085,-0.298323,1.924905,0.202901,187.080147,70.0,1.9418893855168207,0.18329866395938677
0.093299,0.069658,0.090617,-0.064711,382.671535,70.0,0.08425821804656866,-0.046728980981340366
0.741154,0.572649,0.601056,0.420656,157.032592,70.0,0.6182869766204651,0.40084152385780875
0.512667,0.389887,0.433875,0.239395,200.747517,70.0,0.4524937738212964,0.22812562336342015
0.836791,-0.055897,-1.61557,0.086732,178.483997,70.0,-1.6071661036493712,0.08229193781233964
0.537606,-0.456917,0.54182,-0.328458,187.254517,70.0,0.5218710916852503,-0.3466164762480369
0.59669,0.561612,-0.633919,0.381424,168.83848,70.0,-0.6150395140107342,0.3614318408016731
-0.995232,-0.857901,0.506272,-0.976361,125.930062,70.0,0.5259856679603747,-0.9927512943198558
-0.734036,-0.94467,-0.611916,-0.563251,130.372322,70.0,-0.6183085749063676,-0.5831837769381348
0.937397,0.838773,0.928497,0.726273,130.550301,70.0,0.9190884998053026,0.7248760587489609
-0.742408,0.340483,0.170112,-0.104803,184.855016,70.0,0.16010479164831096,-0.09161175349210522
0.489379,0.988731,1.252989,1.355938,115.428614,70.0,1.2625161039122317,1.375934673004185
-0.398637,0.108517,0.274878,0.008899,276.006281,70.0,0.27576760639098397,0.01280192033042128
-0.15586,0.453844,-0.53253,-0.721924,184.978035,70.0,-0.5235074670007305,-0.7396736537483999
-0.242478,0.677472,22.031843,-16.125192,80.196222,70.0,22.049245431919434,-16.14477941733884
0.276754,-0.595555,1.096015,-0.430992,153.132867,70.0,1.079331527731881,-0.4171025570965325
0.503784,-0.902113,-0.241973,-0.399074,143.078101,70.0,-0.26019728867106695,-0.39201108587675465
0.180612,-0.446692,-15.731687,25.884609,84.084942,70.0,-15.743270987388112,25.864749538963153
0.442299,-0.28738,0.517681,-0.106431,225.273429,70.0,0.5075331696970323,-0.12344808095509267
0.010378,0.420477,2.085349,-2.136331,105.087869,70.0,2.104371612922518,-2.147103921104336
0.95177,0.401006,-1.699286,0.550795,128.534897,70.0,-1.6917263223092873,0.5388118505307764
-0.28687,0.574148,4.826865,0.98887,77.851019,70.0,4.807400650905354,0.9997026865052516
-0.300981,-0.592578,0.57316,0.555315,194.276721,70.0,0.5802993157011797,0.5360708069469864
0.54836,0.279651,0.515511,0.280624,213.440034,70.0,0.5352305046047384,0.26372193070517747
0.095012,0.858973,-1.921345,-0.454814,106.597758,70.0,-1.9365995826898326,-0.4744838650109828
0.757914,0.261554,0.734834,-0.625054,190.84847,70.0,0.7345075614241063,-0.6422840254345226
-0.059753,-0.261758,-0.168721,-0.18904,233.656658,70.0,-0.1849332813230579,-0.1757445188793755
0.641617,-0.341063,-0.069835,0.080906,192.031291,70.0,-0.06196326522518709,0.09969910567652362
-0.243665,0.730546,2.045229,0.278135,115.794088,70.0,2.064905439289253,0.26422049190534647
0.283794,-0.279338,0.190648,-0.023812,330.658045,70.0,0.18827242171160397,-0.012231108505923079
-0.831747,0.829705,0.666491,0.505763,135.036895,70.0,0.6779938389098851,0.48612617983564216
0.843683,-0.213235,0.11828,-0.019291,182.914036,70.0,0.11635388986070057,-0.00268778080798409
0.157981,-0.8096,-1.581226,0.535446,143.671487,70.0,-1.5722689392711802,0.5344035053318253
-0.949034,-0.421384,-11.669158,-7.115334,127.254133,70.0,-11.65212473444197,-7.119821973070354
-0.206225,-0.019254,0.185178,0.013766,362.156939,70.0,0.18655351330122286,0.025788471632802495
0.397327,-0.132781,1.443492,-0.163671,204.972108,70.0,1.4288915482580435,-0.15178296296768468
0.350869,-0.947086,-0.248105,-0.717189,167.256146,70.0,-0.23950753577949485,-0.7107030059379822
0.319731,-0.287946,4.351121,1.092759,168.410433,70.0,4.336506405030241,1.0733112473998643
0.487408,-0.12938,-0.134395,0.091491,226.918208,70.0,-0.12556167563819282,0.1071428738131415
-0.49217,0.093485,0.539056,0.062099,232.678325,70.0,0.5451666000833558,0.04405810308298476
-0.806008,-0.584593,0.733876,-0.613869,152.846485,70.0,0.7324323036427461,-0.6311474705536831
0.750901,0.397231,0.383446,0.252253,172.551584,70.0,0.4024955287619431,0.24546208952243748
0.267666,0.657728,-3.154088,-0.309901,86.828278,70.0,-3.1740834669652798,-0.329861979274603
0.437163,-0.594232,0.758547,-0.447382,165.312929,70.0,0.7428224180989081,-0.46328983893508957
0.744071,-0.391093,-0.592891,-0.461664,176.525202,70.0,-0.6076937210006171,-0.4813510421283798
0.891958,-0.863004,0.850947,-0.799332,130.534047,70.0,0.8660393021676861,-0.8081688946091254
-0.50594,0.659919,-0.506781,0.658233,157.127902,70.0,-0.5097613053464067,0.641813590132519
-0.73919,0.432778,-0.502715,0.453338,172.692151,70.0,-0.4873653780028743,0.43715412382215985
-0.300207,0.419716,-4.178852,-0.404071,100.054443,70.0,-4.196864779532035,-0.41319833692149877
0.168758,0.31165,-0.891814,-0.132853,151.502127,70.0,-0.9041436116453543,-0.13786536784037137
-0.10535,-0.611226,0.138027,0.060739,188.4879,70.0,0.14400796299172236,0.07616220150899577
-0.881795,-0.324546,-22.860367,19.375561,85.915544,70.0,-22.85057611069113,19.38272420836005
-0.646464,0.887107,0.723246,0.845834,135.311695,70.0,0.7055359225641039,0.8280448296285936
-0.386348,0.650017,3.307748,-0.241305,132.560399,70.0,3.2890603277493042,-0.2547910476320191
0.843696,-0.00377,-3.463116,-0.012628,118.10273,70.0,-3.464377961108279,-0.011891758280194125
0.635343,0.211243,0.541696,0.132104,213.553514,70.0,0.553966551300438,0.11395072451868685
0.363096,0.560958,-0.691934,0.300493,168.110876,70.0,-0.6719806735374174,0.2814962306846591
0.017438,-0.917146,-0.038003,0.505413,265.228485,70.0,-0.02647154684137572,0.5250530280424675
-0.467391,0.556225,-0.473935,0.394591,172.771991,70.0,-0.4555306355659356,0.38025951191660917
0.471536,-0.897484,-8.396689,-4.438457,106.050967,70.0,-8.392693340513937,-4.4467590565161945
-0.020487,-0.331423,0.898255,-1.222677,178.214252,70.0,0.9016347106298637,-1.2270633323613156
-0.224626,0.71782,-8.861429,20.0848,97.707929,70.0,-8.8635642211695,20.10375398596719
0.403804,0.7356,-0.670941,0.569672,161.31668,70.0,-0.6651600320778468,0.5501244524118329
-0.771753,-0.848116,0.728151,-0.748621,135.207623,70.0,0.7394688004110199,-0.7661806769296606
-0.283454,-0.008148,-0.358749,-0.016988,313.050307,70.0,-0.3604457579853833,-0.0214101254570736
-0.947461,0.028598,0.292039,-0.082759,262.845189,70.0,0.283997261544692,-0.0805514805322355
0.639508,0.216426,-0.458444,0.320447,190.774025,70.0,-0.43845388308765987,0.307237913419067
-0.534125,0.957243,-1.477416,0.594504,130.727089,70.0,-1.4740506340408708,0.6035064342216366
0.379065,0.943783,-4.162931,-8.713624,121.494641,70.0,-4.154882264185094,-8.721307290750113
0.159129,0.486626,-3.610143,5.663008,173.633268,70.0,-3.6109568975406328,5.676958754263104
0.729144,0.7247,-0.665589,0.598835,144.261371,70.0,-0.6626513142479394,0.5791812681509012
0.040038,0.915275,1.925794,0.609639,184.386084,70.0,1.9276592385257043,0.5900544972157008
-0.970414,0.250281,-27.754212,24.073812,94.261741,70.0,-27.737507529185983,24.09095605493436
0.464896,-0.48664,0.684784,-0.280418,194.186998,70.0,0.6650679438242438,-0.29962619321535416
-0.957611,-0.575812,-0.278649,0.149846,150.281709,70.0,-0.2650274968484365,0.1533783985482871
0.329397,0.170074,-0.306165,0.055242,300.515353,70.0,-0.3007107745524967,0.056041213678012035
0.42922,-0.106848,0.101573,0.048684,260.534474,70.0,0.10639346411388255,0.06615969552387754
0.208667,-0.932175,-0.88408,-0.437607,113.178044,70.0,-0.9003895955940353,-0.4433641517300173
0.936932,-0.979206,0.693302,-0.587229,121.031408,70.0,0.6892218916068461,-0.6061825423039039
0.477957,-0.972807,-0.173384,-0.603464,138.783391,70.0,-0.17586306058117748,-0.5905204476378972
0.030397,0.877797,-7.612381,-42.790759,73.607393,70.0,-7.61877654826082,-42.77206081566118
-0.860717,-0.075869,5.349373,-0.555182,126.056016,70.0,5.342221262116115,-0.556048277791179
0.870248,0.253755,2.570623,-0.642226,92.81142,70.0,2.5720126263863428,-0.6230426050836516
0.852366,-0.285791,0.365653,-0.113479,206.555629,70.0,0.35490425863606234,-0.1185716696404483
0.719037,0.853183,-0.749083,0.817347,135.257627,70.0,-0.7652946060794463,0.8008835733634488
-0.545441,0.773715,-0.61838,0.479268,148.824223,70.0,-0.6048168497717537,0.45929268851717797
-0.174115,-0.35863,-2.311319,-0.871393,108.94411,70.0,-2.2925690193389676,-0.8607519855022083
0.508543,-0.916557,1.196895,-0.719768,126.335032,70.0,1.2057245981207496,-0.7006536635040066
-0.572262,-0.009016,0.397709,-0.003032,216.468397,70.0,0.3974058116137202,-0.011146075196755591
0.459757,-0.858889,-0.218734,-0.244427,137.059417,70.0,-0.23753061798235603,-0.23524243322354724
0.646324,0.774546,-0.656267,0.754761,144.258979,70.0,-0.6680856190292868,0.7349559616574254
-0.210918,-0.896972,1.324591,3.702139,88.989307,70.0,1.3179427399102077,3.7209956288999355
0.587188,0.874111,-0.18486,-0.159436,136.963417,70.0,-0.19916777056467588,-0.14738813041157545
-0.823116,-0.107586,-0.102009,-0.023741,233.493347,70.0,-0.10437752840169351,-0.006286549224280097
-0.205473,0.617499,0.141109,-0.043409,192.736539,70.0,0.1368021020495521,-0.028183834795327687
0.308498,0.933437,-2.063607,1.014597,119.474089,70.0,-2.0823207339020735,1.0020594452122487
0.282577,-0.720406,-14.498167,1.959156,94.142455,70.0,-14.505417989576777,1.9397020123242679
0.142425,-0.262911,-0.653266,0.470419,106.600571,70.0,-0.6390660078272936,0.4505743924145818
-0.743877,-0.339253,-0.445085,-0.276948,180.109507,70.0,-0.4647398278924233,-0.2891252944278862
0.175946,-0.879121,19.430102,13.680802,94.798744,70.0,19.417049733807694,13.661369844207982
0.606155,-0.360076,0.586142,-0.369347,194.128916,70.0,0.5668986024033585,-0.3889039307177653
0.194299,-0.415284,1.316803,-6.309922,129.824006,70.0,1.3141372872486015,-6.290820180613243
0.328432,-0.043064,0.52437,-0.019197,258.68228,70.0,0.5224532463802207,-0.03655594042518819
0.221151,0.885272,32.014053,-34.235318,86.239892,70.0,31.994069165957633,-34.255090542232686
0.760774,0.327733,-0.024932,-0.073075,174.686133,70.0,-0.03207799131562282,-0.053230200014223225
0.210698,-0.794335,32.079579,-18.02504,91.558737,70.0,32.06295806556787,-18.044728689276763
-0.384966,-0.124324,0.464933,-0.079824,263.639143,70.0,0.4571608468408846,-0.09351328634343803
0.488394,0.440061,0.57106,0.240701,194.192924,70.0,0.5897260684448067,0.2215150517640978
0.105241,0.789263,-7.935376,-19.028122,95.830712,70.0,-7.9509530023099995,-19.036038606139975
-0.852209,0.91675,0.419933,0.089975,126.660605,70.0,0.42863005949651123,0.07988386197721475
-0.186948,-0.034442,0.188659,-0.025057,366.51501,70.0,0.18615984990693585,-0.013314521515271838
-0.874311,-0.542583,0.61745,-0.491631,152.855461,70.0,0.6048207534192712,-0.511601476026744
0.807947,-0.840916,-0.64947,-0.519645,135.041949,70.0,-0.6598104307296896,-0.5395332580443138
0.727868,-0.727879,-0.692386,-0.653039,144.235366,70.0,-0.6899202427313336,-0.6720215849234347
0.544319,0.368398,0.386024,0.172541,200.604214,70.0,0.40121609263039254,0.16550817638688078
-0.335625,-0.844569,-11.758082,1.907121,96.921964,70.0,-11.760294006077723,1.8946864573447915
-0.678217,-0.790539,-0.436567,-0.194535,140.385523,70.0,-0.45309489872992437,-0.2060257452584488
-0.593889,0.50082,0.62795,0.429891,176.434308,70.0,0.6446939395284298,0.40989103395371296
-0.718722,0.431541,-0.49501,0.352297,172.796643,70.0,-0.4753725211960183,0.33657772118649004
0.910733,0.697676,0.906445,0.669524,139.832902,70.0,0.9023535422582171,0.6659401819582939
-0.158904,-0.695377,1.423069,0.983345,121.983631,70.0,1.403485081334171,0.9968106096464846
0.806188,-0.394523,0.784843,-0.369448,172.881096,70.0,0.7656023566042365,-0.38362933706994545
-0.743131,0.189872,-2.779877,0.64439,127.094887,70.0,-2.7814824178474122,0.6491009511736711
-0.820545,-0.897294,-0.80436,-0.822117,130.540046,70.0,-0.7878736866289471,-0.8348568264112721
-0.818751,-0.748445,-0.81877,-0.748616,139.783035,70.0,-0.8074526118328851,-0.7602129089687651
0.890263,0.65219,-0.822088,0.564521,144.276576,70.0,-0.8158158911095739,0.5531960007420578
-0.65044,0.06289,-2.154906,0.257624,152.894903,70.0,-2.135699752414387,0.2532390275705539
0.992562,-0.007904,-0.79456,0.00231,147.834876,70.0,-0.794329005135962,-0.011169686592352675
-0.841012,-0.88319,-0.834127,-0.860035,130.548288,70.0,-0.8158022787484915,-0.8703477920845745
0.218432,-0.811255,0.827708,-0.326615,129.260204,70.0,0.8077467737964867,-0.3374723700769429
-0.761258,-0.471446,-0.605277,-0.455671,165.054136,70.0,-0.6204760190742897,-0.47553841870670055
0.406925,-0.812465,-0.174465,-0.730256,144.389066,70.0,-0.16470691287352301,-0.7173950451756406
0.907493,0.240969,-1.563481,-0.152156,174.252652,70.0,-1.577270732151434,-0.15142463042311746
-0.031809,-0.621374,-16.52033,1.613555,88.384117,70.0,-16.500785337696446,1.6256675678751522
0.571351,0.694236,-0.498565,0.410488,153.001079,70.0,-0.48084030578232506,0.3945514201368474
0.028724,0.763522,-6.941979,-41.499702,72.477966,70.0,-6.9450348801460615,-41.519470265020765
0.519825,0.705476,0.571725,0.2343,156.744761,70.0,0.5901516957839782,0.21509537840614004
0.933846,-0.854839,0.790306,-0.448137,130.341585,70.0,0.7746281841319377,-0.4619278762157986
0.715279,-0.308387,0.270049,0.017928,180.948633,70.0,0.2718394000079548,0.02230335256599655
0.939867,0.339317,0.610049,-1.390133,137.374838,70.0,0.5976688290895703,-1.4100496140697898
0.899116,-0.564148,0.857142,-0.450869,148.773076,70.0,0.8416352710706962,-0.4591459963205242
0.363323,0.376798,0.851581,-0.681206,159.044404,70.0,0.8568083242792116,-0.6899859747001406
0.844501,-0.475046,-0.67249,-0.479587,161.13164,70.0,-0.6860296891465713,-0.4991011998461274
-0.09177,-0.383968,0.278417,1.004324,123.085686,70.0,0.2593656425520378,1.0078792314423313
0.65034,0.269686,-0.569655,0.369917,197.634426,70.0,-0.5504272101970672,0.35077120173559473
0.618598,0.7828,-0.621087,0.77566,144.304352,70.0,-0.6345240547941033,0.7556730723348335
0.513105,-0.242275,0.500274,-0.254347,225.325788,70.0,0.4811617306978512,-0.27038625540589534
0.089002,-0.138319,-4.248265,-2.45776,244.465792,70.0,-4.242784598778689,-2.4723961823103324
-0.7244,-0.98641,1.006645,-0.713151,125.913602,70.0,1.0148761500462469,-0.7068437993995413
-0.597791,0.927851,-0.119212,-0.162797,132.536205,70.0,-0.1337525813487841,-0.146245922111654
0.395605,0.930111,-1.212384,2.036262,126.750831,70.0,-1.2261120720912035,2.0557744108137697
0.374517,0.513104,11.613713,-1.057268,91.689908,70.0,11.630508246252745,-1.0562504576654
-0.256941,-0.412813,-16.79545,26.485588,117.128649,70.0,-16.78619582041279,26.47232462230283
-0.142693,-0.234747,1.627385,0.100166,249.059612,70.0,1.6369880753381765,0.0945823362936786
0.607787,-0.927306,0.195742,0.156719,132.311779,70.0,0.20985861206538003,0.16788086849212938
0.76624,0.203125,0.058691,-0.269198,221.309201,70.0,0.039194254029780426,-0.2500529961348868
-0.071354,0.76003,16.736484,-35.245335,70.725873,70.0,16.73062164118335,-35.25367631858941
-0.169789,0.356777,-2.016908,23.377782,136.772984,70.0,-2.029011438611714,23.361979237862258
0.358129,-0.930828,12.515022,-17.966356,88.782847,70.0,12.495894054540829,-17.947011557119424
-0.421851,-0.050376,0.450599,0.064639,212.576103,70.0,0.4569509551413355,0.05202897737801752
-0.661252,0.339839,0.348009,0.195541,190.954285,70.0,0.3645933363549019,0.19217216389716785
-0.317804,0.666293,2.445057,-0.960704,79.205249,70.0,2.464974008832351,-0.9418561585664419
0.391314,0.818148,-0.335315,0.230636,168.687892,70.0,-0.3170338337395986,0.22852436956624106
0.614549,0.720138,0.444199,0.4925,148.759509,70.0,0.4567607447492937,0.4803931089137776
-0.647581,0.11362,-0.224632,0.141779,211.496516,70.0,-0.21161209233267045,0.15043571916679252
-0.392581,-0.105387,-0.043729,0.010632,281.17991,70.0,-0.0426663006938954,0.03015584508986948
0.757045,-0.348978,-0.183136,0.092156,184.826682,70.0,-0.17424306214412577,0.10434102983862668
0.725057,0.032188,0.178463,-0.015477,196.097087,70.0,0.17691684425518378,-0.0029247715898921035
0.981238,-0.33395,-0.374107,-0.015147,203.977936,70.0,-0.3756202524149723,-0.02105241083101285
-0.697314,0.24148,0.524968,0.450063,166.564494,70.0,0.5405255056719576,0.43267443713822296
0.548944,0.094169,-0.173592,0.003457,263.412906,70.0,-0.17324631721394493,0.016384688708708732
0.690552,0.112376,-11.184842,1.493622,89.440771,70.0,-11.166312585389079,1.5098476052142924
0.70015,-0.574179,-0.644631,-0.521779,160.979185,70.0,-0.6547881810701252,-0.5417125127071732
-0.233403,-0.807597,3.193268,0.709471,80.936623,70.0,3.185373613595607,0.6901348796929304
0.720241,-0.910659,0.803955,-0.671961,130.652954,70.0,0.8082846941746559,-0.6847320205437386
0.558018,0.607785,0.743386,0.435884,164.998159,70.0,0.7597947138822476,0.41910382412082764
-0.964309,0.855578,0.120406,-0.095246,127.681176,70.0,0.11123736138005764,-0.07876224618172503
-0.298838,-0.569177,-1.914768,-0.923449,85.558626,70.0,-1.8948584555026955,-0.9432272162015093
-0.163468,0.591178,-7.479274,-29.774476,74.97312,70.0,-7.46050907890009,-29.75538554741716
-0.070168,0.685747,15.540125,-27.883792,66.701218,70.0,15.521565933313775,-27.897153295416672
-0.644235,0.350137,0.52516,0.268662,190.661635,70.0,0.5446447275862886,0.25126395921159117
0.751802,-0.461859,-0.429946,-0.318405,168.702077,70.0,-0.44994149360357977,-0.3293476336571663
-0.464317,0.225257,-0.403883,0.124037,236.446897,70.0,-0.3922592856378407,0.11536257384348003
-0.100317,-0.0312,-0.104715,0.02833,374.494552,70.0,-0.10189146439312793,0.04565074582677628
-0.37614,0.217524,-0.324563,0.122502,291.634423,70.0,-0.31306454060190275,0.12146209567085897
-0.069059,-0.67768,11.547219,-2.658579,141.380556,70.0,11.533933486529769,-2.6510980577114833
0.239933,0.546035,0.961371,-1.1758,205.731291,70.0,0.9692363968713898,-1.173913488349472
-0.786955,-0.346702,0.638526,-0.457797,161.242104,70.0,0.6234660228737776,-0.47777095754642224
0.973964,-0.594203,3.060481,0.542181,118.739402,70.0,3.0688309151475677,0.5238033542818631
-0.777816,-0.747616,-0.534425,-0.304026,140.138908,70.0,-0.5543993347243902,-0.3218621850848045
0.821091,0.073555,4.064097,-0.219989,140.46858,70.0,4.046273351781464,-0.21799497345386853
0.244593,0.876612,-0.051898,-0.127563,158.892524,70.0,-0.06380682875907627,-0.10823258072937439
-0.783586,0.278331,0.856357,0.37409,176.508625,70.0,0.8754657755679391,0.36574160552313273
-0.082775,0.808729,17.999217,-32.345573,69.673701,70.0,18.01917585334641,-32.35446440388548
0.310672,-0.542181,-9.061859,-12.650511,93.814386,70.0,-9.070027025508692,-12.645683189845474
-0.432356,-0.600994,-0.765596,0.131071,192.117278,70.0,-0.7534071852609334,0.11560018869063092
-0.91051,-0.939735,0.838326,-0.895992,125.725655,70.0,0.8577881954065811,-0.9059427730480227
-0.13059,-0.830697,1.179572,-1.125824,94.849598,70.0,1.1917403544227307,-1.1072904757689461
0.475757,0.042307,-0.292852,-0.00586,289.246915,70.0,-0.2934379161577423,-0.0037333017977767063
-0.938125,0.941228,0.716439,0.639027,125.570049,70.0,0.7153686646460649,0.6209371012800762
-0.781545,0.576706,-0.294684,0.061361,156.065792,70.0,-0.2886437124231489,0.06330545020529914
0.698438,0.639981,-0.578933,0.407249,152.915286,70.0,-0.5610605943929731,0.38785564083498086
0.152615,0.992261,-0.478375,0.254499,239.036222,70.0,-0.45925825794332226,0.23986137404073438
0.933319,0.289639,-1.00946,0.377901,144.703544,70.0,-0.9904671833047737,0.38447470269159684
-0.02893,-0.21924,-3.960824,-7.262375,239.275089,70.0,-3.9411599958264754,-7.250815708965752
-0.767104,-0.72428,0.74178,-0.675775,144.213134,70.0,0.7464812398349933,-0.6926420192705809
-0.982296,0.546694,-0.099953,-0.166365,146.979562,70.0,-0.1147362357960481,-0.14881109594682682
0.293916,-0.147813,0.26473,0.009874,276.596142,70.0,0.26571699893459777,0.014766759924620312
-0.29787,-0.308721,-0.668938,-0.054389,226.08186,70.0,-0.6743101093074935,-0.07397793059858271
-0.677932,-0.011163,-1.528101,-0.023266,212.661294,70.0,-1.5304223560315917,-0.019028822226438452
0.376423,0.536557,-0.290057,-0.222826,227.213093,70.0,-0.30800754987225804,-0.22042160317450335
-0.09076,0.597015,6.268416,22.208316,80.203103,70.0,6.250722120629263,22.22826149166902
0.030804,-0.284273,18.41733,4.711537,140.291802,70.0,18.397330181467368,4.7004042414267015
0.230935,-0.683446,30.542931,5.766087,75.407119,70.0,30.53237342358047,5.7592777018414045
-0.67489,-0.87985,0.704996,-0.841532,135.284063,70.0,0.7225021112717892,-0.8600800574812214
0.369298,0.783575,0.687737,-0.393456,179.183029,70.0,0.6692885076183173,-0.4125798343977085
-0.462376,0.840149,0.952231,0.719176,135.595432,70.0,0.943454558933645,0.7201509338660219
0.376514,0.072826,0.408579,-0.00566,273.238221,70.0,0.408013075547598,-0.01475512794260133
-0.012174,-0.61187,0.037859,-0.407191,73.860025,70.0,0.019983991966561667,-0.38754825726826236
0.299799,0.727828,-0.539878,-0.914466,114.416377,70.0,-0.5200738447163253,-0.9325422254420734
0.605456,-0.107551,0.417642,-0.0338,250.885335,70.0,0.41427806640253634,-0.04369268029024627
0.395843,0.928838,-6.342395,1.333654,133.981539,70.0,-6.334882247428526,1.3527839357237146
0.976613,-0.059627,-8.947538,0.191635,95.213431,70.0,-8.931175129386043,0.20619504543029826
-0.145038,0.351798,-1.004115,0.163264,167.10891,70.0,-0.989542393787569,0.16933061242148045
0.674378,0.271016,0.065858,-0.045376,192.704655,70.0,0.06135922840599886,-0.0264505564878149
0.957576,-0.014672,-8.811045,0.045677,102.792255,70.0,-8.80651690488635,0.06562383885492085
-0.592437,0.919577,0.637378,0.625681,135.270458,70.0,0.6376417454267946,0.6057015149877525
-0.664373,-0.11568,0.386253,0.087053,197.652454,70.0,0.39468601414256543,0.07999874351332582
-0.241357,-0.490029,-0.417968,-0.039802,152.197511,70.0,-0.42192197935367187,-0.04972299984044044
0.077909,-0.576021,-12.001089,6.42059,60.967497,70.0,-11.988404225512424,6.401575216475254
0.81243,0.508065,-0.191472,-0.008598,159.798407,70.0,-0.19233153518599552,0.00291561301398666
-0.956837,0.448769,0.099551,-0.129981,172.260187,70.0,0.08744878449911225,-0.11240786680395326
0.464122,0.502428,-0.617735,0.341071,176.695085,70.0,-0.597915787339708,0.32109899624659344
0.309566,0.867516,24.954086,0.61813,71.993177,70.0,24.95510441244888,0.6306672570945678
0.334881,0.341772,0.456291,0.127663,206.127885,70.0,0.46820786125727987,0.11461633715532517
0.167827,0.665016,-0.253672,2.008148,114.095189,70.0,-0.2652268804653896,2.014104936783758
0.917839,0.116535,4.803498,-0.228238,87.993754,70.0,4.785315404197991,-0.2194389622229766
0.601461,0.759075,0.216133,0.010384,147.399073,70.0,0.21717093352941771,0.019798835161176
-0.230954,0.349479,0.068139,-0.061228,277.427893,70.0,0.062111392692616466,-0.042377546713381196
-0.305605,-0.310459,1.029661,-0.567978,97.460241,70.0,1.0237180723076535,-0.5595331812960653
0.112273,0.972871,23.750586,12.042088,98.713536,70.0,23.74064528051288,12.058276890162306
-0.964023,-0.328012,-0.252399,1.040525,109.486801,70.0,-0.2700434351418956,1.04660333761655
-0.891712,0.990944,-0.527947,0.238811,121.462808,70.0,-0.5093496317737117,0.22127719116768935
0.796919,-0.188781,0.885069,0.650534,160.050336,70.0,0.8828520185608882,0.6448716321558801
-0.835228,0.318923,0.363652,0.597247,183.636161,70.0,0.36674666910561,0.5923480862483287
0.133444,0.79266,-0.470042,-0.044001,139.3423,70.0,-0.47440669005130776,-0.05805824941363437
0.237507,-0.215355,-0.144938,0.093015,333.169837,70.0,-0.13596820326396394,0.10798909915969403
0.526385,0.946978,0.290079,-0.016705,131.965887,70.0,0.28841044167574614,-0.014302787233092373
-0.146922,0.6867,1.942354,-0.692839,137.022169,70.0,1.9486947146411266,-0.7120209934456212
-0.63956,0.917681,-0.13341,-0.169197,132.457768,70.0,-0.1483824904906485,-0.15348399677431945
-0.543679,0.38112,0.54324,0.307839,197.494636,70.0,0.5632300143924949,0.28962146473014877
-0.512361,0.754604,-0.368973,0.239656,149.190159,70.0,-0.3503447109547009,0.23424299026109435
0.634414,0.591125,-0.494299,0.25727,161.233386,70.0,-0.4751026565019484,0.241594779587345
-0.963689,-0.720449,0.886929,-0.766825,135.310016,70.0,0.8996987640245434,-0.7723087357442026
-0.592659,-0.818124,-0.230586,0.143126,141.340482,70.0,-0.21746414009399276,0.1512422258591021
-0.218159,-0.594244,-0.412555,-1.728018,153.530074,70.0,-0.4266870882761288,-1.7374654162826528
0.545939,-0.401738,0.582801,-0.357217,194.136956,70.0,0.5632627046837003,-0.37670127044298674
-0.012379,-0.049744,-0.00935,0.053281,357.215274,70.0,-0.004084700716810622,0.07325914835527955
-0.041323,-0.510842,-0.122408,-0.993621,144.64114,70.0,-0.10305835130018445,-0.9772514467297111
0.279306,0.293606,0.656178,-1.571295,157.567159,70.0,0.6361780621687092,-1.5911012760445855
0.631983,-0.265638,-0.23116,0.010053,204.689116,70.0,-0.23015512327336618,0.01811673137945936
-0.569836,0.766774,-0.445237,0.622602,148.737678,70.0,-0.4446654247620773,0.6104126513242043
-0.824052,0.161224,0.512933,-0.384364,178.227038,70.0,0.4941525758915279,-0.4011268483765637
-0.316548,-0.214641,0.179896,0.113091,242.187289,70.0,0.19061200096777775,0.12553134428407295
0.535729,-0.000175,-0.559989,-0.000237,193.274765,70.0,-0.5600126999944532,-0.01908107829790595
-0.936962,0.471932,0.715736,0.441219,153.018067,70.0,0.7318338898867641,0.42309923124345816
-0.231234,-0.341756,1.522337,2.755555,92.505039,70.0,1.5410592170822262,2.7603536561075113
0.102653,-0.719057,1.578269,1.493472,116.86714,70.0,1.5967927638977075,1.492724906534181
0.802096,0.832024,-0.773396,0.770373,135.215522,70.0,-0.7864368056795891,0.7554081499462401
-0.165736,0.470405,-0.606931,1.230844,183.73241,70.0,-0.6095031622287577,1.2109582476804528
0.092891,-0.784864,-17.565765,21.102213,64.910188,70.0,-17.585052577830734,21.122028949952
0.789391,-0.703057,-0.783514,-0.702867,144.224434,70.0,-0.7762305833289478,-0.7171417365592159
-0.280475,0.056948,-0.340335,0.109648,288.929527,70.0,-0.32991128045982615,0.10703789297336601
-0.873616,-0.859849,-0.852804,-0.869383,130.547703,70.0,-0.8341249106144363,-0.8780529261864587
0.525819,-0.552262,-0.206449,0.045127,175.356978,70.0,-0.2019744937726579,0.05538485826013099
0.125795,0.238096,-0.137238,-0.333142,239.132022,70.0,-0.15714798155522441,-0.3176686876388283
-0.319882,-0.251194,-0.320816,0.027106,232.227544,70.0,-0.31811369060429817,0.026440449434922898
0.181833,0.072279,-0.106728,-0.029032,374.851606,70.0,-0.10962101497610575,-0.011812775654033481
0.79527,0.100613,-0.04681,-0.060512,211.293274,70.0,-0.052769297940842064,-0.041057297934229124
-0.998649,-0.288424,2.260008,-0.399965,123.057138,70.0,2.241820595228038,-0.39396932992385597
0.453546,0.752637,0.879807,-0.529247,150.573764,70.0,0.8703000731029975,-0.5354120204547838
-0.422667,0.229263,-0.551903,-0.020723,225.020534,70.0,-0.5539715939309596,-0.039280839750586855
-0.768419,-0.816869,0.627271,-0.463847,135.442935,70.0,0.6126159552506408,-0.4838467256704759
0.887822,-0.381011,0.634952,-0.106541,179.880083,70.0,0.6247946923602904,-0.126530000279751
0.355518,-0.81627,2.296942,-1.572011,91.485939,70.0,2.276942368856615,-1.5626137375365652
0.952595,0.266844,-0.196516,0.075416,292.752659,70.0,-0.18915185617552832,0.08651356024092056
0.844703,0.922585,-0.523024,0.230572,126.363586,70.0,-0.5047454304054128,0.2132803021911683
-0.117955,-0.467865,-13.626513,0.863883,94.473906,70.0,-13.644988485968629,0.8749823342060916
0.597512,0.379395,-0.221996,-0.004262,191.424408,70.0,-0.2224221677433521,0.0046315886125297395
0.494322,0.073858,0.452069,0.178196,224.859756,70.0,0.4676227639612862,0.16547221933176476
-0.66282,-0.010794,-0.22129,0.004305,287.090688,70.0,-0.22085953324284346,0.013261768769533538
0.577146,0.084574,0.365526,-0.083479,250.989865,70.0,0.35741839048950547,-0.08855938723654806
-0.572459,0.675436,-0.717976,0.415596,156.907697,70.0,-0.7004936817736147,0.3975721854663101
0.054264,0.013627,0.057752,-0.004628,341.115009,70.0,0.05728924130067806,0.014543954389663258
-0.978263,0.327623,-0.142107,0.073157,219.788598,70.0,-0.13495335056852842,0.08831726072817173
0.357304,-0.784096,-4.928061,-0.617677,115.31804,70.0,-4.929124651030326,-0.6000533262194868
-0.303736,-0.896665,8.638685,-5.456007,94.681178,70.0,8.621917460011222,-5.441914079208467
-0.252166,-0.16069,-0.20304,0.15932,244.925133,70.0,-0.18874033707325155,0.16986900049773573
-0.718503,0.120203,-0.456983,0.145836,186.078539,70.0,-0.4436578326427861,0.13273696643487887
0.248739,0.55329,2.818276,-4.627517,224.249062,70.0,2.8365020494407482,-4.626601581109238
-0.847927,0.896823,-0.700586,0.588161,130.389317,70.0,-0.6965971755590706,0.5694525025157277
0.898215,0.297635,-25.047324,-1.707601,91.908889,70.0,-25.062824731352514,-1.6893974681839192
0.344305,0.7375,11.329182,16.132349,92.854062,70.0,11.31214335761194,16.1522545139672
-0.842373,0.233852,-17.175289,2.036577,114.246508,70.0,-17.18903996250983,2.0266853748081024
0.350401,-0.809238,17.340069,-0.660151,98.090241,70.0,17.343238823926782,-0.6541156311684054
-0.85918,-0.237674,11.269477,14.783281,115.935235,70.0,11.249556117986442,14.802877218511618
-0.592918,0.821398,-0.785662,0.552428,139.998435,70.0,-0.7782537577475577,0.5383045327413173
-0.759898,0.389285,0.596891,0.467336,176.547841,70.0,0.6113064019894234,0.4475824147507482
0.707638,-0.733597,-0.630839,-0.578835,144.284081,70.0,-0.6357370213922712,-0.5988334118296691
0.43904,0.948243,-0.64021,0.058116,151.814482,70.0,-0.6344798408315138,0.038151341347090556
-0.876055,0.138053,-0.248426,-0.519158,160.285806,70.0,-0.258808085888487,-0.5127023794148126
0.262947,-0.655872,17.82812,7.04718,68.276432,70.0,17.8155693367456,7.054872298602018
0.761452,-0.270155,0.566932,-0.170147,213.158866,70.0,0.5518966942044276,-0.18921229617731677
-0.490361,0.509886,-0.652744,0.404261,180.139114,70.0,-0.6347394853888952,0.38440996559632756
-0.346169,-0.060414,0.240199,-0.019505,325.773068,70.0,0.23825159043837837,-0.012276396072648913
0.623609,0.98871,0.24292,-0.022728,129.132648,70.0,0.24065208868428503,-0.015753763042966475
-0.750589,0.854184,0.731405,0.796392,135.231145,70.0,0.7165072348040793,0.7789904060941645
0.2728,0.957411,-0.22138,-1.085233,104.568829,70.0,-0.20626209723487998,-1.0762842791675369
-0.785144,0.082863,-1.389204,-0.048373,122.752435,70.0,-1.3939942751461718,-0.03260797876191983
0.680363,0.858127,-0.714012,0.650404,135.343211,70.0,-0.7162160610874097,0.6322119279927155
0.544414,-0.041644,0.074639,0.00564,183.494594,70.0,0.07520292525041225,0.024263344553203735
0.092188,-0.600944,-0.575764,1.082022,69.389319,70.0,-0.5910901671857399,1.0627085306175705
-0.069316,-0.99519,-2.137399,-3.165753,103.465177,70.0,-2.134988837295328,-3.171827106737683
-0.15935,-0.197218,0.328794,-0.062003,303.333827,70.0,0.32269254157174654,-0.06346516781328461
-0.636032,0.213572,-0.419236,0.181443,235.68178,70.0,-0.4034801720359025,0.17141210061229548
-0.488685,0.678726,-0.435402,-0.008751,164.575259,70.0,-0.43627682079689944,-0.020146198117537928
-0.645253,-0.761452,0.589316,-0.63307,144.305189,70.0,0.5897911022330663,-0.6526909043525758
0.26873,0.550483,4.484232,2.303612,85.785197,70.0,4.466900372024255,2.2854327802615955
-0.030055,0.871845,0.003546,0.502275,246.290582,70.0,0.015332412281478287,0.5222718565533473
-0.903223,-0.47418,-0.2374,0.024949,155.917245,70.0,-0.23491156562141322,0.03243786605032902
0.44917,-0.80279,0.746732,-0.375761,157.153275,70.0,0.7276732169452352,-0.3923567742653824
-0.48613,-0.386908,0.167825,0.044356,204.881278,70.0,0.17222432747808195,0.05771828265950087
-0.75479,0.251364,14.109215,-30.3608,93.226858,70.0,14.092304447027777,-30.358013896651446
0.681444,-0.972487,0.190889,0.077252,128.836199,70.0,0.1984235320868975,0.08881323446012647
-0.588145,-0.949849,-0.873099,-0.418702,130.894365,70.0,-0.8904283523139683,-0.42550156896094055
-0.107544,0.506742,-0.749887,-0.692388,236.24959,70.0,-0.7435890748970351,-0.7088056431699188
0.819296,-0.095971,0.537453,0.002993,202.464319,70.0,0.5377522888286914,-0.01497812592072208
-0.987257,-0.833284,-0.280235,0.149002,129.106009,70.0,-0.2666754167739832,0.15237818244807025
-0.996531,-0.70341,0.637003,-0.801145,135.387697,70.0,0.6522136436458444,-0.8211261479607286
-0.215946,0.587647,0.914748,0.155098,208.221799,70.0,0.9287493211527674,0.1523338962706773
0.583663,-0.367998,0.368247,-0.130657,194.384004,70.0,0.35609103458075086,-0.13600008382958487
-0.950431,0.114581,0.177788,0.040685,89.4493,70.0,0.18182849774009696,0.05328970737736362
-0.228874,-0.689989,-13.403811,11.867036,68.032857,70.0,-13.396857684640793,11.857008502867307
-0.63829,0.264682,-0.668409,0.318406,194.178627,70.0,-0.6484135085193781,0.29880646779567144
0.507277,-0.187799,0.43653,-0.232213,236.521815,70.0,0.4181854422928053,-0.24370071669165522
-0.33743,0.819422,-7.716904,-1.056406,84.345985,70.0,-7.700062107235361,-1.0437465286002545
0.018103,0.263152,-13.741295,4.568352,107.217873,70.0,-13.756328675895915,4.586705850534946
0.787558,0.494404,-0.686721,0.513489,161.079416,70.0,-0.675858613786453,0.49433566998508965
-0.551706,-0.522617,0.593608,-0.331513,176.419341,70.0,0.573683240802626,-0.35121255004393526
0.373468,0.878713,1.842884,0.895756,125.668836,70.0,1.8234272542097563,0.8761968753680166
0.535739,0.164007,-0.113267,-0.07434,215.271626,70.0,-0.12053099730309798,-0.05746253864204105
0.462757,-0.439619,0.344166,0.016182,200.28625,70.0,0.3457824350061608,0.013192571450396443
-0.668766,0.04935,1.03419,-0.038516,147.030781,70.0,1.0303621633093492,-0.029662835083816192
-0.571537,0.182902,-0.508284,0.109577,219.588977,70.0,-0.4978663405627516,0.09307223769882284
0.026127,-0.887974,19.737781,29.993664,92.294456,70.0,19.723047674261025,29.988305019343183
-0.178165,-0.423014,0.753501,2.521019,162.039291,70.0,0.7542752941598679,2.5048104205866077
0.409544,-0.793833,-2.48305,-0.854861,99.034991,70.0,-2.4649386777927975,-0.8350889401076732
0.043126,0.815123,0.512234,0.491839,94.030666,70.0,0.5248471112973766,0.4751143809814658
-0.229819,-0.571273,-1.31027,1.311746,105.957104,70.0,-1.304828577545143,1.3310311761410456
0.618935,0.433673,-0.487763,0.25463,183.560973,70.0,-0.46864241199398426,0.2393690034900078
0.742278,-0.53149,-0.606521,-0.485544,161.040088,70.0,-0.619616314972146,-0.5054253344456187
-0.756245,-0.20989,0.231464,0.170193,237.981996,70.0,0.2465023387794341,0.17822890249378584
0.376905,0.637835,0.516303,0.128643,148.326101,70.0,0.5282984217682204,0.11169872280112336
0.09373,-0.688243,0.347255,-1.124434,134.192699,70.0,0.3595333724120953,-1.1277284896838153
0.707261,0.935121,0.818052,0.879059,130.594733,70.0,0.7990490890945746,0.8674036685257804
0.577642,0.421958,0.53823,0.304871,187.264122,70.0,0.5582084359078537,0.28686591049827875
-0.155977,0.491539,-0.139017,-0.985671,134.609876,70.0,-0.11948160318831733,-0.9703110146748963
-0.712099,-0.244962,0.442372,-0.222483,204.073301,70.0,0.42443660139515427,-0.23444396542266932
0.929177,0.675008,0.918759,0.675069,139.850405,70.0,0.914126411128163,0.672702676379928
0.866996,-0.398737,-3.772449,-0.18496,151.972127,70.0,-3.7884190076061746,-0.16496161010551785
0.430152,-0.434528,0.550958,-0.045979,200.902246,70.0,0.5464004942538565,-0.06450139848341348
0.892499,0.236731,-0.214905,0.091296,164.870662,70.0,-0.2060891748331362,0.10081899989757982
0.743409,0.479246,0.133599,-0.114409,166.379358,70.0,0.12277194786697626,-0.09870769667080334
0.686498,-0.034748,-0.308018,-0.076698,274.552167,70.0,-0.31550118486979745,-0.07608396996733745
-0.016345,-0.710922,4.115549,35.574928,68.664015,70.0,4.1341616780828465,35.57179312557322
-0.46721,-0.398691,0.422175,-0.20595,204.011128,70.0,0.40503159484623785,-0.2162340693750587
-0.805853,0.021275,-0.375452,0.017061,214.412649,70.0,-0.37374796844600755,0.011027220534557198
-0.427159,0.745309,18.109571,-3.790123,99.606091,70.0,18.107553257041175,-3.8070857994973726
0.415591,0.837097,0.238292,-0.48716,147.607846,70.0,0.22531925359953603,-0.47975391884130275
-0.912157,-0.618817,-2.132337,-1.077262,140.285278,70.0,-2.1167093850300027,-1.083816399980319
-0.4598,0.140194,-0.426642,0.115486,256.782083,70.0,-0.41572455159345256,0.10482140708803604
0.23859,-0.011283,0.144754,-0.032745,310.529761,70.0,0.14149410971156323,-0.017758709756946864
0.369303,0.881561,1.987467,0.355216,116.597405,70.0,2.0070470639715765,0.33778613265124313
0.390731,-0.981218,0.233265,0.808441,122.503908,70.0,0.21759085193249986,0.8163116560104016
0.676166,0.318638,-0.292803,0.139396,190.36099,70.0,-0.27996490140832175,0.1415275703571654
-0.643161,0.386725,-0.439891,0.141675,186.962744,70.0,-0.42687898854217354,0.12991379201325384
-0.313945,-0.481171,4.346943,-0.130114,74.977321,70.0,4.334830198496717,-0.14946001377455723
0.960513,-0.66154,1.958116,-0.732345,130.350576,70.0,1.9680558997248994,-0.7510217434682482
-0.511179,0.614971,-0.457859,0.585196,165.124569,70.0,-0.4535800812736198,0.5720308955362146
-0.180563,-0.719956,-0.40472,-0.038721,153.633005,70.0,-0.40856795570740095,-0.047470767613539494
-0.298617,-0.857913,-0.453014,0.489677,199.953514,70.0,-0.44023384413295374,0.47688045174642385
-0.944331,0.634963,-0.209194,0.198583,170.054312,70.0,-0.19244156289337822,0.2086042542706654
-0.17761,0.909728,7.146402,2.948036,62.594423,70.0,7.162874611401461,2.9403157430483744
-0.198078,0.907146,-4.331974,2.150431,72.758726,70.0,-4.35138439049189,2.131518454859775
0.400541,-0.106211,-0.372033,0.077412,297.750959,70.0,-0.36448364913385206,0.0717050559375225
0.906938,0.910403,-0.75525,0.792845,125.796487,70.0,-0.7699087827411021,0.7767395019277633
-0.856683,-0.264073,-0.607139,-0.523907,144.231907,70.0,-0.6171122951190894,-0.5437949616311547
-0.281328,-0.275138,-0.399674,-0.130315,281.988264,70.0,-0.4118027897316053,-0.1386082825913519
-0.23738,0.36025,-0.113392,-0.059418,341.564631,70.0,-0.11924677860310258,-0.04254724872378775
0.719834,0.247623,-0.153142,0.02063,208.848543,70.0,-0.1510826564142792,0.03504780948769043
-0.197923,-0.497614,-14.548405,2.661677,91.092221,70.0,-14.534889517939245,2.64398717580907
0.594165,0.129839,3.670532,0.307039,151.348938,70.0,3.690519326793949,0.32462033012210195
0.207984,-0.408137,-1.470445,0.778943,151.812149,70.0,-1.4841234003952575,0.7885623277891685
0.447422,-0.175247,0.347845,-0.083679,251.875979,70.0,0.33971911158521767,-0.08703166930180192
0.616515,-0.228369,-0.22254,-0.121432,209.966816,70.0,-0.23395074705201285,-0.11258716975123069
-0.2037,0.41615,-3.722046,-0.692311,238.458543,70.0,-3.7157553836345585,-0.6728810403123715
0.227644,0.018325,0.124846,-0.010917,351.878699,70.0,0.12375484204331103,0.005311268079017158
-0.016928,-0.51251,1.103746,0.586618,122.864236,70.0,1.1078859043125153,0.6010531894067076
0.237675,0.607898,3.049064,31.911386,97.882361,70.0,3.061394089306885,31.89348848210415
0.941928,0.988485,0.810764,0.855009,120.846018,70.0,0.7926464045158477,0.8427692853959087
-0.532932,-0.991145,-0.681318,-0.22466,130.31173,70.0,-0.6993486658119448,-0.24396186391755387
-0.178521,-0.395645,-0.856842,0.430198,136.51405,70.0,-0.8401148700664806,0.421893702646216
0.398825,-0.950624,0.904088,1.085495,135.241385,70.0,0.8889872631507992,1.081679551158714
0.864149,-0.23997,-9.717929,2.034743,104.801641,70.0,-9.731546212370398,2.0326460385428486
0.818808,-0.29378,0.392219,-0.688495,157.212012,70.0,0.398146260584745,-0.6961042928742981
0.441174,0.81593,0.545257,0.618892,148.775491,70.0,0.5461993040952976,0.6005921553128215
-0.663716,0.92609,-0.804945,0.526161,130.767653,70.0,-0.7951677096855176,0.5134663239749137
0.794742,-0.766053,0.785324,-0.748002,139.779278,70.0,0.7965907109282137,-0.762149378795427
0.947333,-0.181256,-0.006008,-0.143427,170.05711,70.0,-0.019152560906342157,-0.1234360233374132
-0.371213,-0.971506,-1.107197,-0.749937,121.367312,70.0,-1.0957709437161505,-0.7352651124413179
-0.101961,0.348573,0.001354,-0.279264,163.814662,70.0,-0.01834235159289306,-0.2592644583272495
0.458817,-0.659562,0.582131,-0.454384,172.727808,70.0,0.5668486437115452,-0.4738530440614489
0.742767,-0.321645,-0.325533,-0.11188,176.067868,70.0,-0.3361465549854253,-0.11301676051021099
0.120442,0.261882,0.60457,-0.807023,196.315057,70.0,0.6201556785920928,-0.8268821674150578
-0.552008,0.404346,-0.417721,0.219123,193.990568,70.0,-0.3999368044142179,0.2092234545808604
-0.157731,-0.979923,25.735657,14.524563,66.635099,70.0,25.728495899677004,14.504724108281916
0.437526,-0.493749,-0.478072,-0.322572,190.760399,70.0,-0.4980543090826516,-0.33718896177490787
-0.443902,-0.66576,-0.785065,-0.283841,165.271401,70.0,-0.8048356404237884,-0.29800667420076493
0.579489,-0.52232,0.291056,-0.006916,173.399103,70.0,0.29036453782491906,-0.004610808211588527
-0.6373,0.903277,0.582343,0.655805,135.215382,70.0,0.5796029974842434,0.6363311144010063
-0.627415,-0.963393,-0.829703,-0.844586,130.640994,70.0,-0.8120512530539143,-0.8552752890689798
0.248935,-0.147926,1.532801,0.310909,203.026664,70.0,1.5527983590019,0.31468571898777864
-0.196375,-0.482293,-6.691652,-9.032808,90.945758,70.0,-6.71015737005095,-9.041893124253585
0.09422,-0.442865,0.541056,-0.315251,127.841003,70.0,0.5210562979703917,-0.33337732190573355
0.765506,-0.144944,-9.408898,-0.35444,124.338319,70.0,-9.428493734912097,-0.374376989825
-0.079672,0.951726,8.659131,7.665062,87.788735,70.0,8.670852370276132,7.680529581184783
-0.332731,-0.217584,-9.262442,-1.779147,86.63815,70.0,-9.272536147392017,-1.7929126160069881
-0.936019,0.331851,0.921614,-0.826198,121.695958,70.0,0.9383279031377536,-0.8282805975126917
-0.586619,0.686723,0.333836,0.14226,153.437899,70.0,0.3468923818076636,0.14029549929908536
-0.247208,-0.829924,-1.595701,-1.476506,85.568654,70.0,-1.6135191984786648,-1.4789900360824748
-0.537667,-0.570466,0.614486,-0.402637,168.920865,70.0,0.5964113669429251,-0.42258918433845294
0.174785,-0.383467,-0.402685,0.48693,164.77163,70.0,-0.38969475693575917,0.4783636742564432
-0.924886,-0.562889,0.331346,-0.144272,145.144417,70.0,0.3181378696470187,-0.14598855896007173
-0.476272,-0.69619,-0.567504,-0.051449,157.401084,70.0,-0.5725923435049411,-0.070531500363707
-0.86651,0.56344,0.319193,0.134456,152.207714,70.0,0.33164842969640673,0.13395267967888422
-0.263427,0.574801,2.06837,6.660816,152.77837,70.0,2.087371269165414,6.648653059063716
0.684627,0.528354,0.528286,0.338899,165.083304,70.0,0.5481331813927116,0.32134890860005844
0.048544,-0.124273,-0.279948,-0.948809,200.05059,70.0,-0.2599580201989638,-0.9454045329183548
-0.647919,0.424209,-0.485926,0.314186,180.156914,70.0,-0.4659260001786853,0.29904437815373536
-0.313823,-0.416778,4.710228,-3.768934,141.796657,70.0,4.710325718041982,-3.769150093833733
-0.790958,0.376716,0.558814,0.03891,160.653984,70.0,0.5626805008781433,0.020105613878960805
-0.531281,0.760252,-0.48102,0.69928,148.764614,70.0,-0.4879681943564879,0.6844634205391178
-0.440148,0.426641,0.315615,0.175638,210.497109,70.0,0.33100668746898365,0.17549242782128596
0.56321,-0.12776,-0.137574,0.07825,232.649891,70.0,-0.1299471149175051,0.09370200177275344
0.739603,0.511951,0.518815,0.414754,164.891531,70.0,0.5363380605800502,0.3976776123030392
0.356516,-0.037066,-0.516322,0.039322,275.741458,70.0,-0.5124150846020605,0.022376713498807363
-0.974195,0.696468,0.593668,0.823276,135.38118,70.0,0.5771163492989577,0.8035754147462681
-0.460662,-0.348576,-0.033242,0.068153,211.954081,70.0,-0.026557835963857763,0.08787737775933756
-0.511692,-0.009735,-2.708106,-0.047454,131.342755,70.0,-2.7128069998252653,-0.036216727334201504
0.387677,-0.318647,1.512038,-0.421805,171.812644,70.0,1.4948656392365323,-0.41601333058117124
0.504102,0.449855,-0.371653,0.100883,190.404704,70.0,-0.36198709238999754,0.09521248633676647
0.718581,-0.814373,0.599142,-0.514293,139.625308,70.0,0.5883472096796272,-0.5340805596735275
0.831213,0.194718,1.63566,-0.171579,163.341203,70.0,1.6205306499194,-0.1779522552159311
0.622438,-0.68326,-0.714028,-0.6068,152.805442,70.0,-0.7161757037680833,-0.6249914071855766
0.442024,-0.903419,0.976323,2.627053,125.696152,70.0,0.987097018025959,2.630421389503843
0.233704,-0.132186,-0.48202,0.063782,259.899413,70.0,-0.47574936585305916,0.048898436655394686
0.352061,-0.912223,-4.899396,22.62173,103.805222,70.0,-4.8991697154127785,22.637822398390018
0.271278,-0.622763,11.542053,8.949009,95.110076,70.0,11.555871211642787,8.956966493405481
-0.784179,0.311482,1.035712,-0.220557,168.005292,70.0,1.0178626566514717,-0.211567616473316
-0.929824,0.453335,0.817193,0.360866,161.149183,70.0,0.8366500943922132,0.3491409705016317
-0.797732,0.512044,0.380645,0.248247,160.669388,70.0,0.3995686880298449,0.2417202060369831
-0.080308,0.268435,6.753992,-5.583202,177.304442,70.0,6.746977898680973,-5.59731354110135
-0.411983,-0.195383,2.126564,0.478456,204.000026,70.0,2.1401867135065418,0.47135898754388184
0.205201,0.807628,-2.577511,9.74072,146.257134,70.0,-2.5975102054345918,9.759697243685459
-0.196406,0.997895,9.699751,3.074834,62.481134,70.0,9.706303585611666,3.070940401312432
-0.382593,-0.237155,-0.912701,-0.213318,216.898204,70.0,-0.9302121636748801,-0.2162846910344413
0.141044,0.520681,7.738465,-30.733972,112.469981,70.0,7.733165460843212,-30.723051984997895
-0.91091,0.342407,-0.19403,-0.122643,216.959617,70.0,-0.2055399932659462,-0.11133948416111605
0.830504,0.273733,0.845513,0.432703,168.211864,70.0,0.8621015009268449,0.42338194735833967
0.631219,0.890868,-0.748765,0.840395,135.328084,70.0,-0.7662158467412339,0.8239135383623535
0.816781,-0.369635,2.729149,0.261755,164.116682,70.0,2.7484663672092267,0.27119260074737067
-0.457645,0.355199,0.378415,0.106657,210.55892,70.0,0.3885822985934859,0.10034139869958274
-0.165108,-0.970258,-1.428649,-2.2919,204.704022,70.0,-1.4107629443044742,-2.2788521554151666
0.876654,-0.084159,-0.346393,0.034474,146.070798,70.0,-0.34296264584724134,0.03126456312746226
-0.452618,0.853659,0.462446,-0.144088,180.628415,70.0,0.4492516919469363,-0.1575949188175799
-0.546281,0.653145,0.62598,0.228128,160.827505,70.0,0.6441580114098407,0.20812936716590325
-0.597617,-0.149094,0.286208,-0.067429,228.276482,70.0,0.27959211655805316,-0.06464296357203435
0.181023,0.450687,-20.597982,-30.782415,98.275726,70.0,-20.5985012421694,-30.79793310445746
0.694989,0.683071,0.449208,0.241981,148.957179,70.0,0.4679196492097671,0.22947924928922606
0.371642,0.186808,0.7456,0.694043,222.575484,70.0,0.7391452119465775,0.6773843175061955
-0.317319,0.821276,5.337681,2.583943,127.021372,70.0,5.344601750171431,2.5842456395595037
-0.811894,0.496611,0.377576,0.242835,160.68542,70.0,0.39631763398195574,0.23659906107663303
0.548211,-0.211686,0.00722,0.078962,229.498365,70.0,0.014912656250325668,0.09894896931523545
0.197063,0.03918,-0.094462,-0.007243,363.990736,70.0,-0.0951861416873078,0.010567394861175968
0.496019,0.597938,0.662294,0.436678,172.721836,70.0,0.6786571886317564,0.4169658897936314
-0.4617,0.213741,0.046336,-0.054998,240.124079,70.0,0.040905253746188815,-0.03553235962183387
0.351755,-0.048747,-0.284806,0.006825,295.015348,70.0,-0.28412363245593975,0.009749799883905952
0.705542,0.048227,-1.597494,-0.013119,167.295854,70.0,-1.5988049594161404,-0.015780845553765632
0.547739,-0.154104,-0.11902,-0.00979,223.116005,70.0,-0.11999860908277891,0.006771848876469824
-0.033403,0.601267,-0.169983,-0.04308,247.884516,70.0,-0.174257764035605,-0.029879059953296937
-0.50006,-0.512071,0.376219,-0.067584,183.301304,70.0,0.36958849115097087,-0.07369086118704757
-0.374843,0.019958,0.368698,0.061404,284.121609,70.0,0.3747423866417038,0.05601746900591373
-0.571135,0.93831,-0.552948,0.140858,131.347749,70.0,-0.5399981415591526,0.12226145101434677
0.18334,-0.598068,-0.820717,0.002649,113.738042,70.0,-0.8204521077451677,-0.008788734709888488
0.269706,0.945631,-0.132879,0.105204,223.42229,70.0,-0.12283709251579554,0.12094979923730703
-0.779185,0.237098,-0.283234,0.210125,200.666032,70.0,-0.2658793192387978,0.21320521790172353
0.912138,0.300785,0.640028,0.103738,199.305512,70.0,0.6499428573739116,0.08377226812737178
-0.709759,-0.918067,-0.832947,-0.744887,130.623734,70.0,-0.8219390152704408,-0.7553007150625917
0.054649,0.481823,-19.730537,-0.975531,82.041456,70.0,-19.710809507477954,-0.9815842241911762
0.005201,-0.586585,15.18945,-39.90524,78.149576,70.0,15.209437704667849,-39.888179338976535
-0.737366,-0.90753,-0.819583,-0.746799,130.611633,70.0,-0.8084158875420676,-0.7583295760725928
-0.856685,-0.309059,0.242553,-0.45073,153.180961,70.0,0.22703749629356604,-0.44372137846368287
-0.360534,0.50547,-0.348907,0.045877,185.93334,70.0,-0.3443594264874678,0.04241968125088941
-0.558338,0.014169,-0.791942,-0.045922,208.981331,70.0,-0.7964939555262615,-0.05959392983537362
0.142431,-0.164831,-2.238799,1.380436,274.677524,70.0,-2.2271946666158016,1.38437842553449
-0.312316,0.906645,10.65372,-7.905578,96.81179,70.0,10.634381863161005,-7.9253865526523875
-0.020601,-0.240102,-4.137663,-4.639284,80.614318,70.0,-4.1189842746176755,-4.644579348877521
0.602678,-0.796946,-0.58689,-0.701806,144.348336,70.0,-0.5797054996967524,-0.7213784512706222
-0.273069,0.527274,-14.500071,4.019525,87.065445,70.0,-14.481103520242627,4.000116079103187
-0.100196,0.004971,0.104215,-0.005293,369.50856,70.0,0.1036857617844566,0.012052690643912504
-0.452874,0.542989,0.502237,0.101308,190.519706,70.0,0.511940092695662,0.08515225451592538
0.018463,0.308944,-0.429279,0.139261,193.650857,70.0,-0.41645125591937276,0.12837425809717568
0.413521,0.049746,-0.412234,-0.056635,242.946813,70.0,-0.4178221120307301,-0.06605411118907184
0.088704,0.840611,0.458088,0.554566,177.942139,70.0,0.46529723087087604,0.5413836651681868
0.155315,0.374293,-5.682643,32.288324,76.310985,70.0,-5.70142769817572,32.268516569826446
0.740873,-0.155448,-9.781978,-1.242592,88.947618,70.0,-9.780574647980746,-1.2383210680116754
-0.622057,-0.919778,0.166677,0.064552,133.546757,70.0,0.17302070497846916,0.07799948001429684
-0.715507,0.469569,0.46814,0.302505,169.037836,70.0,0.4881060541317674,0.28858367837272064
0.038125,0.761357,-9.623372,-42.272093,73.318993,70.0,-9.608037074302427,-42.283017085656
0.128476,-0.700268,1.365999,0.756863,103.372626,70.0,1.3540114638356946,0.7739467542706158
0.593701,0.333038,0.388076,0.099317,200.504924,70.0,0.39760451608797964,0.09209245504436911
-0.630395,0.946576,-0.92148,0.734171,130.673974,70.0,-0.9315779350198213,0.732075075802059
-0.904303,-0.618037,0.262567,-0.354892,144.829829,70.0,0.24298035714999025,-0.349789802686693
0.657993,0.889976,-0.660401,0.788632,135.279443,70.0,-0.6747699438018608,0.76888876989684
-0.169668,0.392134,0.334417,0.65521,131.829687,70.0,0.33173594849894744,0.6531876886279381
0.601464,0.811684,0.329884,-0.06813,141.019677,70.0,0.32320200375637775,-0.06970085387629028
-0.033942,-0.471545,0.044346,0.087086,312.02938,70.0,0.05278200633026857,0.10659636903779247
0.740581,0.950911,0.379233,0.127983,129.634786,70.0,0.3911755452213137,0.12158983724841005
-0.044076,-0.793219,-6.392447,-0.051143,106.319001,70.0,-6.397505744467095,-0.034054035450190694
0.364604,-0.097572,-0.527923,-0.001877,229.813027,70.0,-0.5281106972446317,-0.01940965417417838
0.113934,0.891909,-2.645176,-2.296677,107.348932,70.0,-2.627508778426192,-2.280871141193196
0.313772,-0.439724,0.236972,-0.016882,282.57349,70.0,0.2352858040369575,-0.009353464836022615
-0.441501,-0.311967,0.379491,-0.15338,222.511969,70.0,0.3656128725162207,-0.1597976037752681
0.778144,0.25882,-13.702092,-3.743333,116.818837,70.0,-13.699441997508822,-3.7268781634686228
-0.015285,-0.895351,-0.818636,4.278644,135.195564,70.0,-0.8073773671497237,4.2670361762999915
-0.160095,-0.712302,-1.206544,0.50269,161.46028,70.0,-1.1947911408876664,0.5220659439597263
0.339251,-0.212307,0.114893,-0.091802,262.956714,70.0,0.10603178404837751,-0.0750123373215823
-0.245442,0.851519,-1.094199,2.102017,92.406419,70.0,-1.1118879346653674,2.1157752073781433
-0.528436,0.569116,-0.716168,0.343805,172.721213,70.0,-0.6963873153923426,0.32570356016416196
-0.869096,-0.897719,-0.461302,-0.145058,129.732104,70.0,-0.4745690495921566,-0.15848032819099003
0.03759,-0.232253,0.110941,-0.004772,245.461087,70.0,0.11046384527700602,0.012229117031196885
0.531534,-0.511426,0.299501,-0.038196,179.452406,70.0,0.29570457663434324,-0.03673148542186236
0.463802,-0.875696,-0.901858,1.154938,113.096612,70.0,-0.9115952696468534,1.1509038884188687
0.172309,0.00221,-0.010283,-0.000341,373.000864,70.0,-0.010317099983478411,0.019632570800656893
-0.862774,-0.648433,0.828478,-0.591245,144.284357,70.0,0.8247918419774194,-0.6020376238063713
-0.205834,0.545645,0.17212,0.003129,139.536278,70.0,0.172432887235608,0.016168652904297125
0.661701,-0.787628,-0.383311,-0.072574,143.380404,70.0,-0.3904101760529762,-0.07935221097157409
0.337229,-0.198535,-0.40868,-0.289504,210.583516,70.0,-0.4285282218337294,-0.2986081220027146
-0.773512,-0.417062,0.633226,-0.322411,169.042081,70.0,0.6132430203664911,-0.3424049794883904
0.431482,-0.076829,0.586237,-0.109269,265.816217,70.0,0.5758456446510346,-0.1288279170806941
0.733417,0.53912,-0.62148,0.521518,161.015259,70.0,-0.6113003439965534,0.5015296902365707
0.996377,0.105103,7.831157,-0.164634,88.937814,70.0,7.816490904125413,-0.16235648788161205
0.45951,0.979016,-12.25642,0.565126,88.245851,70.0,-12.250205367698404,0.5655468340395207
0.324439,0.841781,0.099261,-0.063462,181.185304,70.0,0.09302076035391776,-0.04587503911193998
-0.185675,-0.644897,-0.943317,0.538542,120.275088,70.0,-0.9346378169707195,0.5386259201460478
-0.783938,0.359029,0.636373,0.35141,183.775609,70.0,0.656027097388235,0.33142621642694237
0.204995,-0.653396,-9.873645,-21.970964,85.339823,70.0,-9.875660032782221,-21.958488881295246
0.373694,0.678682,10.923977,10.33675,93.697963,70.0,10.943744800401515,10.329742219320693
0.604167,0.238513,0.459629,0.310044,213.507664,70.0,0.4796247662971334,0.29674616814862675
0.695911,0.168231,12.648116,1.053746,118.409921,70.0,12.631132139300444,1.0720985507555678
-0.539191,-0.189961,-0.342819,-0.082349,225.507836,70.0,-0.3508231819224102,-0.08520517496987497
-0.670097,-0.315987,0.469076,-0.401881,190.776698,70.0,0.45096913183370135,-0.41586937164191373
-0.793336,0.409718,0.846366,0.401358,169.094034,70.0,0.86449501700857,0.39211250167729456
0.13063,-0.494654,0.473031,0.788439,137.879865,70.0,0.4586754876095301,0.7741707130644953
0.344657,0.647676,0.357149,0.651486,157.083593,70.0,0.35483743072748475,0.6472200543409445
-0.503203,0.660171,0.353133,0.011813,160.296142,70.0,0.35431361325799154,0.007940246091084199
-0.498675,0.763301,-0.402953,0.291653,149.113756,70.0,-0.3830794994188684,0.28306246470047314
0.797886,0.068795,0.393615,-0.039579,259.671553,70.0,0.3896828829596391,-0.04731720790996986
0.244401,-0.346177,-0.046745,-0.44662,148.044423,70.0,-0.06251655431350277,-0.4271637914882594
-0.203214,0.585126,-2.039821,-0.659367,113.621269,70.0,-2.0367286092839394,-0.6736648350743334
0.214001,0.719104,-3.435893,0.034008,158.622184,70.0,-3.4325085645535536,0.03202536978602821
-0.01683,-0.856513,4.303691,48.956106,77.356204,70.0,4.298477969773282,48.93829909655761
0.581344,0.649232,0.324149,0.13344,157.562487,70.0,0.3365247770995271,0.13244144186889803
-0.359358,0.273783,-4.368478,0.067033,105.520566,70.0,-4.361899500138021,0.047253883356246494
-0.520779,-0.726711,0.665778,-0.636402,152.885546,70.0,0.6665861268653898,-0.6560522213644779
0.164651,-0.710541,-1.106889,30.275089,86.005858,70.0,-1.0959452957075995,30.28973993887135
-0.061937,-0.979044,0.542115,0.123951,174.303522,70.0,0.553731714857582,0.10578017901982892
-0.786852,-0.620456,0.38575,-0.176038,152.233871,70.0,0.37033280152592396,-0.18304516692596876
0.000819,-0.239498,1.280777,0.882283,116.85527,70.0,1.2616760358969514,0.9021374926212815
0.764482,0.656406,0.716592,0.588681,148.576404,70.0,0.7205298557069761,0.5705976317835036
0.210901,0.610465,14.0872,8.604018,114.279677,70.0,14.070790891665842,8.608962876004862
0.077463,-0.073746,0.05384,0.03716,381.709346,70.0,0.05753465647163561,0.0564396794617162
0.559086,0.564559,-0.612721,0.353111,168.935771,70.0,-0.5930991119592293,0.33317178992101876
0.54758,-0.82681,7.454701,-8.049129,130.863525,70.0,7.443489839488352,-8.030913232975832
-0.188054,-0.616262,-10.265123,-10.891916,106.969231,70.0,-10.24774966273573,-10.8821408709333
0.479888,-0.523647,0.642482,-0.524818,172.784398,70.0,0.6325877730894334,-0.5447678699902986
-0.936974,0.28352,-0.050315,0.157092,130.960141,70.0,-0.03617198990168791,0.1764624311776396
-0.871945,-0.784283,0.861861,-0.786971,135.22945,70.0,0.8761139135095185,-0.7948161403995953
0.559377,-0.557531,-0.514961,-0.26722,169.043569,70.0,-0.5344127000933174,-0.2840926022679964
-0.421355,0.279934,1.472914,0.203923,202.292798,70.0,1.4899521292582252,0.21332513344129098
0.84507,-0.911269,0.319688,0.010432,129.229815,70.0,0.32073072703128513,0.009879196948339226
0.296114,0.786122,0.163085,0.083069,200.178846,70.0,0.17115511243030188,0.0967801809628831
0.35965,0.637201,-0.226148,-0.001084,256.634596,70.0,-0.22625639946926715,0.007435808523032973
-0.569464,-0.978454,-1.041856,-0.740079,130.760054,70.0,-1.0312525780184305,-0.7305451032195068
-0.87607,-0.110121,-7.749101,-1.129108,139.04194,70.0,-7.7371948980322465,-1.119094070719232
-0.800315,-0.900639,-0.825594,-0.868391,130.557903,70.0,-0.806950593523802,-0.8794252977215057
0.965769,-0.319253,-1.167565,-2.702082,178.537539,70.0,-1.183763677737977,-2.6840328898050863
0.313841,0.725106,-0.189785,-0.142848,144.089378,70.0,-0.20288586713093526,-0.13119685650281226
0.853659,-0.549443,-0.75958,-0.609401,152.903083,70.0,-0.7614689334697182,-0.6252460173691565
-0.488122,0.137833,0.469998,0.107414,244.34043,70.0,0.4802304140382205,0.09335988075990219
0.556253,0.943059,0.811856,0.458535,130.911593,70.0,0.8268673126967685,0.4463818302825494
-0.008824,-0.311036,-0.213654,0.194407,142.207847,70.0,-0.19713331221855437,0.20403982133324447
0.421725,-0.064106,-0.382722,-0.073569,266.717221,70.0,-0.3899141085683011,-0.08029176744229895
0.570878,0.747842,0.486001,0.745016,148.779538,70.0,0.4749822473303552,0.7298694793116233
0.977062,-0.521894,0.893356,-0.542684,148.788063,70.0,0.885051817759046,-0.5475469414875311
0.529479,0.949711,0.752439,0.463263,130.931796,70.0,0.7671337231541568,0.4469924335081126
-0.210564,-0.947288,20.567984,-4.655887,97.642547,70.0,20.587191175726613,-4.669345541406801
0.929113,-0.403904,1.113074,-0.583109,149.140467,70.0,1.108591450278956,-0.5680441102637173
-0.406326,0.873967,0.396971,0.176901,137.166034,70.0,0.4124430282805078,0.16885443343265183
0.757566,0.405192,0.64857,0.35056,172.841024,70.0,0.6682396600269573,0.3306624429277565
0.054909,0.854118,-13.335291,-38.759558,72.051988,70.0,-13.31867042634672,-38.77481600198354
-0.830999,-0.606077,-0.726026,-0.356303,148.751929,70.0,-0.7455836169524105,-0.37396340554395585
-0.337365,-0.097143,0.210476,-0.06927,273.994818,70.0,0.2036866635891753,-0.059359896533124984
-0.679733,-0.269676,-0.021716,0.103338,202.273945,70.0,-0.011835901206551081,0.12322021961970256
-0.440079,-0.405852,-0.594003,-0.552515,172.541303,70.0,-0.6014031604043744,-0.5722213325864893
0.844294,0.051784,-11.408284,-0.203124,95.634184,70.0,-11.425280150256699,-0.18550331509443493
0.331683,0.597359,0.073305,0.005382,147.461465,70.0,0.07384313504626727,0.024053566549820236
-0.187904,-0.109398,-0.17671,0.060246,363.904595,70.0,-0.17077609906599123,0.07293422024162105
-0.651192,-0.582895,0.49575,-0.258962,161.228103,70.0,0.47650686208982834,-0.2747269232637915
-0.713217,0.957336,-0.474565,0.326962,130.066289,70.0,-0.4546059635125183,0.31258663991962476
-0.054973,0.076737,0.054729,-0.072604,380.459282,70.0,0.04762701938106935,-0.05334815479806013
-0.283163,0.874223,-0.186696,-0.230061,239.960545,70.0,-0.20495376972946253,-0.21816018538954104
-0.939857,-0.169626,-0.215251,0.065409,247.354095,70.0,-0.20882607874873332,0.0749015596649546
-0.896793,-0.401256,5.912055,-0.959686,100.293393,70.0,5.931981015089211,-0.9653063699615433
0.088837,-0.917556,-3.358846,-1.688402,72.572885,70.0,-3.375486720072203,-1.6977178430427287
0.628577,0.496414,0.509147,0.270352,172.808131,70.0,0.52866914596394,0.2537986505605465
-0.763439,0.888639,-0.719542,0.539517,130.732169,70.0,-0.7109507606790537,0.5215616112816158
-0.638971,0.822358,-0.664416,0.786894,139.856561,70.0,-0.678663510717333,0.76721887346926
-0.632819,0.207835,0.477479,0.236031,203.894736,70.0,0.4959723008929746,0.22145457704778
-0.920605,-0.602554,0.207779,-0.108452,161.455276,70.0,0.19745753802754107,-0.09830854190687624
0.87059,-0.000736,-1.884124,-0.001382,130.860372,70.0,-1.8842621989002046,-0.021381827113871488
-0.363527,0.20455,-0.369519,0.068135,239.537081,70.0,-0.36283653248961606,0.06266944829640098
-0.128815,-0.996953,-3.058786,-1.691221,103.6023,70.0,-3.075268696251566,-1.7095311133888358
0.210345,-0.738541,26.204136,0.67027,74.561238,70.0,26.19997154858002,0.6822873332249825
-0.650439,0.077416,0.412787,0.344166,222.382085,70.0,0.43256232090629165,0.3346981416000761
-0.873303,0.395574,-0.544712,0.558801,179.970375,70.0,-0.5378993856094043,0.5405232124234893
0.413633,-0.067198,0.109281,0.006491,288.49113,70.0,0.10992998605357265,0.023578961391636497
0.606682,0.503553,0.004508,-0.108668,174.410272,70.0,-0.005831957311549488,-0.08867308030090662
-0.788344,0.302683,-0.581554,0.255123,187.379384,70.0,-0.5624190118466682,0.23566724391800425
-0.80306,0.967391,0.900171,0.896866,125.771619,70.0,0.8806888586119755,0.8926668013153298
0.94428,0.512652,0.94329,0.534795,148.780443,70.0,0.9523052195536621,0.5348762201690602
0.134028,0.603421,3.394088,3.409783,85.214573,70.0,3.374613963756935,3.403713841996924
-0.30509,0.347493,-0.3782,0.157539,284.608228,70.0,-0.36402541953319745,0.15124380224179534
0.316558,0.38297,-0.001496,0.576433,148.782689,70.0,0.0036345479996046553,0.5964324404986087
0.579018,-0.440555,-0.210393,0.046299,184.574642,70.0,-0.20580434201028383,0.0562163120346752
-0.416,0.28581,-0.197524,-0.002504,246.173188,70.0,-0.19777439345833459,0.008509560930670377
-0.394587,0.177362,-0.430892,0.215578,235.579137,70.0,-0.4132727731701394,0.20455630444376122
0.919678,-0.973846,0.326978,0.021389,122.105097,70.0,0.3291128251479969,0.02010800401145145
0.57271,-0.469342,0.322602,-0.023231,180.672899,70.0,0.3202841203484605,-0.024075022738039256
-0.226933,-0.067741,-0.1382,0.001302,341.785782,70.0,-0.1380698009196462,0.016714181845959977
-0.515938,0.637711,0.223546,0.071931,161.90318,70.0,0.2305850265582521,0.08068549100024276
0.002367,-0.21599,1.655706,-0.193352,204.910802,70.0,1.6392450036718866,-0.20159018567324674
-0.146936,0.446868,21.192164,21.432257,83.752294,70.0,21.198968097844336,21.44540655120416
0.51646,0.148187,-0.466389,0.160668,239.074959,70.0,-0.4519954182856571,0.14687292819735218
0.581678,0.261897,0.159871,-0.014662,208.005372,70.0,0.1584061129606201,-0.0007186148185997169
-0.297666,-0.880615,-0.143578,-0.103534,204.718378,70.0,-0.15347513544457927,-0.08847009287580274
-0.49597,0.232064,-0.470233,0.217366,230.970566,70.0,-0.4525298723303393,0.20329517067655523
0.307208,-0.758112,24.039597,9.783808,83.927329,70.0,24.0200982388113,9.797489461560382
0.412035,-0.920191,2.57836,17.151319,111.145921,70.0,2.5622847402097557,17.170269270649026
0.354086,-0.872588,-2.6016,0.011024,98.061584,70.0,-2.6004981581364652,0.029105128857351732
0.413215,0.896536,-12.238759,-32.579795,99.024442,70.0,-12.22981123323875,-32.58113922079041
0.084403,0.561055,-1.874378,-0.959704,117.840444,70.0,-1.8544521396743046,-0.9796760351554253
-0.354849,0.048957,-0.299485,0.028414,318.211172,70.0,-0.2966531487734294,0.029880110278077902
0.816308,-0.306638,0.387457,-0.493036,172.938322,70.0,0.3749370087736277,-0.5002027900690126
0.336038,-0.20383,2.703339,-0.240924,147.721182,70.0,2.684664935481047,-0.22929561602890747
0.224704,0.594662,-0.271873,-0.224501,147.108641,70.0,-0.2898967800297621,-0.22030380864625787
0.483268,0.276932,-0.38823,0.098389,222.560809,70.0,-0.3787831773139069,0.09115009702915343
0.398876,-0.08617,0.215161,-0.006263,299.360347,70.0,0.21453480235632846,0.00323748038207958
-0.260999,-0.609713,-0.16271,-0.053727,318.123073,70.0,-0.16801831282667032,-0.03998854251628152
0.560479,-0.021339,-1.916782,0.04275,141.898045,70.0,-1.9125394791710322,0.023002696131105425
-0.640859,-0.918031,-0.252073,0.140788,132.130623,70.0,-0.239128476852469,0.14689738750080192
0.659721,-0.0687,-0.110301,-0.088246,231.363925,70.0,-0.11884203974258577,-0.07121126174835138
-0.636129,0.572414,-0.675189,0.474573,164.963299,70.0,-0.6612845751132813,0.45511970122091105
0.563293,-0.734917,0.28914,-0.190741,149.298977,70.0,0.2728286989435172,-0.188245593839443
0.256684,0.079931,0.222728,-0.043744,321.664002,70.0,0.21838839408173713,-0.03491603530129659
-0.596806,-0.517359,-0.64058,-0.392839,172.691978,70.0,-0.6590522316873567,-0.4128014258637901
0.754277,-0.867273,-0.548127,-0.419569,134.915963,70.0,-0.565412906095601,-0.4379827528766755
-0.264731,0.674178,8.733963,0.307598,136.795842,70.0,8.753952238414458,0.3266294687119004
0.913613,-0.912008,-0.784092,-0.872299,125.763637,70.0,-0.7653106841279871,-0.8865331930756766
-0.119419,0.92207,15.865456,-7.895737,62.259799,70.0,15.84589029670216,-7.909849894940683
-0.766531,0.910121,-0.833995,0.879575,130.569997,70.0,-0.8530139368698816,0.8692509003287426
0.402588,0.299212,0.498673,-0.751761,191.350035,70.0,0.5102482818932026,-0.7677041029521529
0.862016,-0.088749,-0.930191,0.250542,208.357099,70.0,-0.9111942868561023,0.2493140931133768
0.401765,0.460642,14.991191,2.606226,137.479827,70.0,15.000155154443275,2.6243016602546554
0.008097,0.091757,-0.006181,0.045056,375.868567,70.0,-0.0017134140853522209,0.06504644956993609
0.155798,0.496984,2.445317,-1.635214,197.584871,70.0,2.42634547162989,-1.6163574772258662
0.81275,-0.104544,0.238358,0.053932,159.560858,70.0,0.24368607478346604,0.06133194994558072
0.921161,-0.049223,-0.757954,0.029473,199.612843,70.0,-0.7550173559018551,0.013529289584158076
0.703534,0.289042,-0.556098,0.220886,197.412885,70.0,-0.5382338392121296,0.2021758436328783
-0.069097,0.687711,12.124385,-14.699701,61.738484,70.0,12.143312819921467,-14.71163097585391
0.366843,-0.46712,-0.67155,-0.077493,176.567951,70.0,-0.6791068510316026,-0.09702757646151847
-0.891552,-0.310915,-0.682013,-10.585558,105.363396,70.0,-0.6912358990941153,-10.604841544897122
0.449381,0.746046,-7.139699,1.928783,113.486298,70.0,-7.144046747614275,1.9204488469767251
0.797752,-0.175979,-0.346806,0.187914,215.782081,70.0,-0.3306599116619316,0.18466380523003526
0.312931,-0.5759,-15.958355,-5.809901,93.240593,70.0,-15.944358233696397,-5.816170260405675
0.848648,-0.779443,-0.688853,-0.543862,135.352645,70.0,-0.6970498730935599,-0.5629528669293462
-0.09774,-0.711808,1.939271,-1.7768,80.525657,70.0,1.9289749380058396,-1.7960669810425256
0.647349,-0.010228,-1.115088,-0.009639,193.442938,70.0,-1.116051526892258,0.005557592641009013
0.095544,-0.183638,0.466924,-0.028053,340.562625,70.0,0.4641278896603909,-0.041886758764310625
-0.402027,-0.868719,-1.932483,-0.088478,130.79601,70.0,-1.9410450120595732,-0.10791593889076452
-0.562664,-0.699798,0.596857,-0.561911,152.87905,70.0,0.5903375987816006,-0.5816640528917925
0.495798,0.880819,-3.001047,1.022126,130.770516,70.0,-3.019481890959774,1.0068643651106466
-0.071103,0.977176,-0.062435,1.11307,123.939894,70.0,-0.07559011399750362,1.1321033563061793
-0.611101,-0.782622,0.608202,-0.776175,144.321198,70.0,0.6216771554684678,-0.7960739165617626
0.477914,0.301845,0.535615,0.218983,219.504108,70.0,0.5533927862334858,0.20109329397452722
-0.891808,-0.623464,0.786492,-0.490337,144.317191,70.0,0.773762680845859,-0.5044015785724174
-0.554944,-0.943432,-0.697228,-0.348519,131.050926,70.0,-0.7169335773804328,-0.3673435688426069
-0.267141,0.158724,0.359262,-0.060193,301.921573,70.0,0.3533331606273526,-0.0646651411657716
-0.329593,0.523317,-0.536098,-0.258775,156.444023,70.0,-0.5553360338229807,-0.27668624863841
-0.618559,-0.119358,0.267941,-0.083347,246.225067,70.0,0.2598454590088187,-0.07876620048419025
-0.054804,0.905437,7.817127,-10.88364,60.834363,70.0,7.834075591859456,-10.879975358853546
-0.317319,0.817034,-14.845907,9.508013,89.037531,70.0,-14.853992301857952,9.515840174830547
-0.105375,0.958527,6.482849,4.302629,113.621253,70.0,6.492049148754679,4.313463330100002
-0.04016,-0.971528,7.539488,27.407773,65.32757,70.0,7.520911627052889,27.427772972049414
-0.478816,0.540998,-0.288093,-0.075369,179.306761,70.0,-0.2954527738254846,-0.07276974666955165
0.551343,0.419286,-0.596713,0.375451,190.723162,70.0,-0.5776448418329664,0.3557002081273175
0.934751,0.355615,-7.303623,-0.82186,100.530005,70.0,-7.287151249788635,-0.8142599410369024
0.828082,-0.431965,0.662302,-0.222865,165.253827,70.0,0.64434973073089,-0.24257697494142913
-0.032542,-0.927979,6.246267,27.896666,65.319456,70.0,6.265267108313795,27.916326226083715
-0.549766,0.082929,-1.762026,0.089952,225.127375,70.0,-1.7533310117143655,0.0736124698336223
-0.20582,0.789985,-8.171632,1.294995,71.417132,70.0,-8.167819678449801,1.274998046868601
-0.728553,-0.789469,-0.72527,-0.782024,139.788482,70.0,-0.7113684549914472,-0.7997197610038853
-0.605653,0.794617,0.564157,0.69697,144.320852,70.0,0.5574258760792528,0.6779903790459403
-0.867715,0.315856,-0.141115,-0.927787,116.60837,70.0,-0.12116893061730408,-0.9125622238714659
0.587943,-0.443039,-0.602145,-0.400716,183.68838,70.0,-0.6203010359475924,-0.4205449808592909
-0.154372,-0.52602,0.027626,0.219169,259.549289,70.0,0.045412299613955945,0.2389785042068457
-0.824487,0.843208,0.348237,0.025068,134.096933,70.0,0.3507372414675877,0.021676691866626317
-0.1992,0.051262,-0.141597,0.044119,363.822178,70.0,-0.13722079513200822,0.059312475611817995
-0.435525,0.125552,-0.425601,0.117024,261.399908,70.0,-0.41455501152391083,0.10644761668540367
0.151698,-0.40828,12.231368,-20.862005,73.311593,70.0,12.243271243318745,-20.864085563909764
0.030718,0.271152,-0.472953,-1.253469,109.970242,70.0,-0.4726362071048285,-1.2677318200594936
-0.750925,-0.802606,-0.581319,-0.424929,139.529615,70.0,-0.5983291312156515,-0.4443792977535025
0.60106,0.009003,0.427213,-0.141119,275.699782,70.0,0.41424326252655835,-0.151831854300203
-0.679397,-0.617597,-0.71449,-0.589098,156.927444,70.0,-0.7183869634536556,-0.6072701602593662
0.045913,-0.331848,-1.463707,1.575775,124.590608,70.0,-1.4437131964767251,1.585979504275218
0.631167,0.026367,-0.344397,0.070479,233.789899,70.0,-0.33749406760965645,0.06746673295381396
-0.847298,-0.533525,0.515364,-0.125666,153.314938,70.0,0.5036081093780421,-0.1425602060691835
-0.951218,0.886155,0.623981,0.82721,125.825441,70.0,0.6072117326751918,0.8072147033588242
-0.39683,0.481435,-0.637797,0.170202,180.343414,70.0,-0.6227580679037246,0.1502244561414049
-0.519972,0.834853,-3.155539,1.247513,153.238558,70.0,-3.1564510896913562,1.2275616054443694
-0.629903,-0.78582,0.601872,-0.655649,144.236886,70.0,0.6045965487757464,-0.6754743998896451
0.72126,0.221013,-0.580164,0.1718,177.406562,70.0,-0.565020205067708,0.15237691953717114
0.567054,0.478699,0.538437,0.242166,180.206905,70.0,0.557155173706997,0.224151908107231
-0.502333,-0.710278,0.511501,-0.66871,152.9811,70.0,0.515512745575934,-0.6853943107192081
0.35334,0.590288,-0.444279,0.753275,153.131117,70.0,-0.45597741500097544,0.7411617421741106
0.978086,0.686069,-0.351355,0.094013,136.327622,70.0,-0.3422961152727792,0.09031483162693615
0.768874,0.461306,0.371621,0.008569,165.702854,70.0,0.37247763785636023,0.002901555096194333
-0.827102,0.901886,-0.743682,0.700327,130.475379,70.0,-0.7507282772966006,0.6835629483811972
-0.004561,-0.653519,0.291818,-0.27618,238.020698,70.0,0.27217752381106336,-0.27395051691750927
0.308488,0.750222,7.159001,-0.363338,133.643173,70.0,7.139602596569753,-0.3698814627116083
0.982957,0.559002,0.500034,0.715073,140.029695,70.0,0.49162806476354787,0.6990480931153117
-0.857163,-0.343939,-0.742238,-0.184737,172.783226,70.0,-0.7581945732088105,-0.20157936383378647
-0.578429,0.346281,0.12565,-0.059285,198.500362,70.0,0.11980794004953489,-0.04310385452358993
-0.047076,0.792018,0.024147,0.139986,131.759353,70.0,0.03703028293412583,0.15984040758438842
-0.554539,-0.143711,0.44497,-0.047232,222.291454,70.0,0.44029058109522756,-0.05940016976351839
0.657029,0.685964,-0.647718,0.365196,152.643903,70.0,-0.6283656610271262,0.3452900111089084
0.995325,0.420059,-1.310529,-2.627265,96.075295,70.0,-1.3213208729079824,-2.607986702548171
-0.060375,-0.72181,0.809977,0.69026,244.066898,70.0,0.8038814016090806,0.6779581389427414
0.546235,0.567349,-0.274045,0.066368,169.565077,70.0,-0.267529336064303,0.07035258473274095
-0.566082,-0.140997,0.246179,-0.044861,222.027987,70.0,0.241730423472022,-0.03819311868213981
0.265838,-0.067533,-0.180214,0.019085,323.316237,70.0,-0.17830839512631094,0.03150042905593411
0.970053,-0.326846,-12.682602,9.687541,82.630906,70.0,-12.701945233318545,9.704257561318244
0.702558,-0.108829,-11.569575,1.030627,114.377676,70.0,-11.58766367304572,1.0359922523864287
0.904883,0.371806,-0.391795,0.476263,203.416559,70.0,-0.3780125465625328,0.46869293552370667
0.941236,-0.645084,3.461737,2.026355,128.204712,70.0,3.4487459299112144,2.0269534187788074
0.06958,-0.567165,-15.464339,-1.837325,79.582134,70.0,-15.46905716245268,-1.8442331877497862
-0.336319,-0.517834,4.295313,0.241203,106.436342,70.0,4.313997035881528,0.22379304498810512
0.764634,-0.796753,0.580408,-0.406689,139.50948,70.0,0.5625105303533545,-0.4261178842614723
0.974843,0.183203,4.27544,0.00562,123.503564,70.0,4.276001926042783,-0.01072759247720077
-0.913906,-0.024881,-8.706185,0.002525,109.856785,70.0,-8.705932506707635,0.020521988335827683
-0.180417,-0.270521,2.492984,1.006531,172.218606,70.0,2.4740009659275803,1.026428165973132
-0.653986,0.450985,0.528589,0.365902,176.449124,70.0,0.5479233973626729,0.34833739782760875
-0.295242,-0.13721,-0.406198,-0.025344,274.476216,70.0,-0.4087256225622517,-0.03422643279994956
-0.083146,0.557354,0.065215,-0.193069,155.228894,70.0,0.04877009367387966,-0.174122861560565
-0.54991,-0.338127,0.551435,-0.337339,204.040607,70.0,0.531569174731713,-0.3558793396204918
-0.894431,-0.694015,-0.869412,-0.672523,139.822069,70.0,-0.8650274557176962,-0.6796681316709938
-0.312263,-0.203294,0.527147,-0.121658,259.102983,70.0,0.5157176994977527,-0.13915318426826448
-0.754107,-0.26923,-0.445755,-0.271845,200.821982,70.0,-0.4653090429764107,-0.28407537536142363
-0.952419,0.689896,0.201684,0.010192,136.600243,70.0,0.20270275892685974,0.020855961025274854
-0.920645,0.723298,0.272989,0.008882,136.411777,70.0,0.27387690807032894,0.012970011737713342
0.468595,-0.331979,0.591906,-0.2449,213.510369,70.0,0.5730932750281312,-0.26456944648314634
0.43141,0.700254,0.522603,0.557963,172.844368,70.0,0.5294943428812752,0.5406924951790737
-0.835207,0.673895,0.828988,0.665124,144.249693,70.0,0.8253281921961138,0.6543743482143893
0.161363,0.027654,0.151835,-0.016251,374.859402,70.0,0.15021168766303236,-0.0017429175160418586
0.772891,-0.024535,0.267542,0.071881,260.10541,70.0,0.27457634624681837,0.07650062971318955
-0.36076,0.702591,-10.479721,-0.558528,137.050438,70.0,-10.48655927541857,-0.5691911131428911
0.441177,0.854483,-0.586861,0.084904,145.06735,70.0,-0.578623331286619,0.06533214536212181
-0.708572,-0.962093,-0.342648,-0.097607,129.545373,70.0,-0.3520258239324763,-0.10044624919779623
0.105292,-0.354642,0.097508,-0.293224,214.50573,70.0,0.07761747132147044,-0.2755542414526818
-0.459716,-0.439477,0.557849,-0.165099,204.003284,70.0,0.5431513284412088,-0.18387030239307392
-0.283617,-0.757411,1.752218,-0.542134,76.964618,70.0,1.7438638142923346,-0.557888514267365
0.195245,-0.520194,1.469915,-0.876806,107.119908,70.0,1.4888464566087127,-0.8671402388723066
-0.896134,0.675733,-0.509882,0.246639,140.260828,70.0,-0.4910109624163502,0.23004451285219527
-0.955017,-0.96963,-0.678578,-0.56176,121.060699,70.0,-0.6851116745983299,-0.5811318127554082
-0.576406,0.343748,-0.430015,0.168674,200.634676,70.0,-0.41507723525956763,0.1577255913729984
-0.630743,-0.890158,0.755812,-0.837199,135.329342,70.0,0.7731044884002327,-0.8532711134598396
-0.892869,-0.444013,0.820919,-0.536517,152.939754,70.0,0.8120578261191411,-0.547938158160528
-0.520093,0.805193,-0.155477,0.227055,178.810486,70.0,-0.13734399546919795,0.2413100036181101
0.886271,-0.447657,0.882077,-0.470323,157.123209,70.0,0.867870249123518,-0.476271681751396
0.230648,0.496732,-0.532016,1.331775,133.986799,70.0,-0.5246777158730443,1.3140490920731502
0.567509,0.116109,-0.531973,0.125093,233.698481,70.0,-0.5202635138495777,0.10736908390038506
-0.562547,-0.722982,0.310008,0.119459,151.724364,70.0,0.32125615755058,0.11987409672871799
0.836479,0.695521,-0.620324,0.42656,144.06067,70.0,-0.6034002182513154,0.406575976002958
-0.386181,-0.54293,-0.254017,-0.24024,219.038906,70.0,-0.2726664648820035,-0.23431600623435248
0.976018,-0.06528,1.070086,0.017475,134.008854,70.0,1.071831277332336,0.02938746013223134
0.84356,-0.294783,-3.714684,-0.176491,132.929853,70.0,-3.730130015215133,-0.15724867758473976
-0.42138,-0.134723,0.423851,-0.128899,263.555066,70.0,0.4118351036702285,-0.1393264517938189
-0.290022,-0.39245,14.643803,0.782419,125.901458,70.0,14.629873084187512,0.7709876913568372
0.094824,-0.28765,-0.370588,0.793507,265.341549,70.0,-0.3852917378345454,0.7879386959839032
-0.53596,0.119344,-0.519332,0.137181,241.740596,70.0,-0.5066645279685831,0.12007775595122691
-0.179893,0.539372,0.806223,2.555139,116.413769,70.0,0.8103789816118082,2.542543337482636
-0.775083,-0.81719,0.683227,-0.576985,135.341754,70.0,0.6781498243140127,-0.596235987425319
-0.51854,0.893394,3.563829,0.721377,120.82882,70.0,3.5548553182438916,0.731666330377896
-0.733791,-0.823601,0.346194,-0.009447,136.269311,70.0,0.34524965125462836,-0.012636793182742904
-0.261802,-0.111561,0.463118,0.043702,275.829795,70.0,0.46745350588347306,0.030145597446099154
0.988357,-0.677451,-1.475939,-0.572141,135.816978,70.0,-1.481483172477752,-0.5630069212069861
0.07645,0.895934,-0.720541,-1.846814,78.172438,70.0,-0.7243320813612684,-1.8647251623838985
-0.035593,-0.217433,-1.369685,-0.709711,268.850415,70.0,-1.3617685680428246,-0.6928217951832876
-0.395188,0.074771,-0.463659,0.195818,260.898307,70.0,-0.44705919727646076,0.18222187126846065
0.681231,-0.547948,0.62288,-0.474812,164.941568,70.0,0.6089927642570658,-0.49480460605153964
0.636418,0.269917,-0.485544,0.344633,204.068044,70.0,-0.46577571331275364,0.3295163626166304
0.496987,0.859865,0.847262,0.009097,171.439896,70.0,0.8481713863549649,-6.895420358548135e-05
-0.24706,-0.3348,-1.938838,1.726455,130.397466,70.0,-1.9245957451464593,1.7071764488521837
-0.975429,-0.037697,0.981292,0.042531,117.85235,70.0,0.9855131166830987,0.046388101548827124
0.423344,-0.860507,-0.697575,0.061086,152.694537,70.0,-0.6915609339675175,0.04227318012655132
-0.546693,-0.268794,0.531351,-0.27508,216.509592,70.0,0.5117315840473433,-0.2927750124940671
0.384113,-0.209045,-8.77821,-1.416923,142.189195,70.0,-8.792577028679899,-1.3970062026711787
0.575645,0.860765,0.789165,0.706324,139.964022,70.0,0.7815607258415289,0.6924507124204845
0.870152,0.636795,-0.738177,0.479425,144.355543,70.0,-0.724625392139959,0.462367116198767
0.619184,0.632223,0.346441,0.120665,157.533045,70.0,0.3577886717604643,0.11745082542593158
-0.232819,-0.989135,-0.007158,-2.76412,80.678316,70.0,-0.02616419495373251,-2.7441328078737532
-0.389173,-0.832174,-1.100593,-1.815593,115.204429,70.0,-1.1073910450678595,-1.8013778283348791
-0.340079,0.286739,0.8028,-0.31649,156.781087,70.0,0.7828013580656219,-0.32934969352016663
-0.78253,0.020225,0.353144,-0.011273,210.685541,70.0,0.35201729681302274,-0.01514683308347633
-0.072397,-0.773385,-0.088017,0.424367,280.889102,70.0,-0.07097737677863634,0.4424613091019412
-0.276566,-0.246536,0.707834,-0.330375,242.074239,70.0,0.6878997015085392,-0.34881503431714905
0.467581,0.627198,0.557281,0.518009,165.231115,70.0,0.5677611203012506,0.4992573750853833
-0.686982,-0.104081,0.525499,-0.12305,225.570219,70.0,0.5139557460476992,-0.14046473609963803
0.713548,0.601844,0.698495,0.608888,156.93613,70.0,0.7004349978848671,0.5901066041486034
-0.81258,0.962093,0.889826,0.886812,125.766787,70.0,0.8705956821594996,0.881607427458384
-0.10703,-0.846747,0.448946,-0.186219,139.465915,70.0,0.4329005182323513,-0.1987002894574782
0.715334,0.619147,0.28545,0.000171,155.894426,70.0,0.2854670999979166,0.003032077186545366
0.009291,0.148472,-1.045959,0.307824,313.460508,70.0,-1.025969033057828,0.317716547255049
-0.63915,-0.187773,-0.471518,-0.000293,218.907236,70.0,-0.4715472999895193,-0.01445485733575745
0.092332,-0.177556,-0.46896,0.334281,281.788537,70.0,-0.44906113569920003,0.3203009213729446
-0.182444,-0.340804,-9.06138,27.306183,96.58303,70.0,-9.081215449298325,27.311057279768026
0.102099,-0.018756,0.008117,-0.011209,371.526492,70.0,0.006996686706849845,0.008774530838523795
0.76226,-0.703284,-0.621065,-0.446366,144.365859,70.0,-0.6368521609420643,-0.4663528480147397
-0.102295,0.735015,15.723894,-9.844315,62.070017,70.0,15.741181513452732,-9.86425158648306
-0.598182,0.35583,-0.315121,0.093354,194.495932,70.0,-0.3061209167528206,0.09325782690653943
0.431843,-0.015885,-0.623759,0.020822,151.951304,70.0,-0.6216805594188798,0.0008271971049939007
-0.983462,0.946367,-0.526142,0.21398,121.52355,70.0,-0.5085989502506829,0.19653373447330874
-0.416558,0.905703,1.534906,1.012423,136.387888,70.0,1.5161166675027546,1.015992800801595
0.146341,-0.447027,1.25692,-0.734689,100.658128,70.0,1.2670626138116226,-0.7146890200135545
0.811664,-0.359833,0.462716,-0.154424,179.972092,70.0,0.448762887124953,-0.16795081903282724
0.294957,-0.665035,-0.288587,-0.194395,248.053416,70.0,-0.3051070114080455,-0.19184473558170367
0.759417,-0.471842,0.557133,-0.337866,165.140922,70.0,0.5372733378863526,-0.3566124728394765
-0.253738,-0.573215,-0.094552,0.14017,298.906884,70.0,-0.08165464859410054,0.15797629855662995
-0.024382,0.211595,0.152473,0.142443,314.186955,70.0,0.16554323884364763,0.15690709371915107
0.279722,-0.712735,1.346889,-0.380849,149.711785,70.0,1.3279906159713013,-0.36285103069778407
-0.937457,0.161487,-4.017506,-0.590234,98.397323,70.0,-4.021291478514216,-0.5836997659847268
0.105351,0.63566,-1.088328,0.863823,145.912722,70.0,-1.1068011875129196,0.8771492265399579
-0.457231,-0.675638,-0.727314,-0.254515,157.072154,70.0,-0.7464312122306662,-0.27211458941565153
0.552175,0.412208,-0.282337,0.000678,191.315938,70.0,-0.2822692001298607,0.003846816427713155
-0.023072,0.223274,0.637625,0.213222,211.130307,70.0,0.6551315237759916,0.19324364868594998
0.57195,0.767149,0.366667,0.414992,148.590857,70.0,0.384178575788757,0.40980133861647544
-0.524122,-0.917757,-0.722695,-0.103327,139.563152,70.0,-0.7325741423735002,-0.12114128440621685
-0.745183,-0.287147,0.608355,-0.235698,197.610162,70.0,0.5898744047591015,-0.2555984470600204
-0.083309,-0.17563,-2.929396,0.457539,194.798379,70.0,-2.914319058446049,0.4477787182702354
0.191395,0.772152,-0.180329,1.839307,133.713202,70.0,-0.17580367195085292,1.8517134111007922
-0.437798,-0.078854,0.360876,-0.057601,258.687674,70.0,0.3551952007841405,-0.062230307086270795
0.701953,-0.277365,0.677867,-0.23759,180.270864,70.0,0.6593148977137986,-0.25697937008801536
0.329034,0.067259,-0.286814,0.094904,240.333512,70.0,-0.27767576931992843,0.09763001458247168
0.418932,0.997432,13.42948,1.091524,95.077015,70.0,13.414781374840398,1.083793845143524
-0.156604,-0.037495,0.001699,0.026076,375.689461,70.0,0.004299218535413067,0.04607527835408981
-0.181546,0.75814,-0.208564,0.07753,225.285034,70.0,-0.20100372337923444,0.08760572535407288
0.064497,-0.006965,0.06792,-0.002866,347.037566,70.0,0.06763340980873174,0.015991759698825464
0.942772,-0.838179,0.928181,-0.673054,130.53679,70.0,0.9326173370486028,-0.6744824623179465
0.718337,-0.909599,0.789565,-0.628799,130.678521,70.0,0.7896130468819889,-0.6426434479177041
0.368189,0.153826,-0.168487,0.088616,242.362348,70.0,-0.1599125184906322,0.10192895285736675
-0.645592,-0.467909,0.608159,-0.440798,176.410767,70.0,0.5920361629014228,-0.46069648432533994
-0.141814,0.5307,0.289231,-0.223121,178.180445,70.0,0.271267461383555,-0.22063462298688052
-0.518044,-0.769504,0.176127,0.165802,146.061079,70.0,0.19087225765186783,0.1785352319317148
0.947331,-0.20929,2.776512,0.618377,112.696771,70.0,2.777505743721715,0.6234143008108112
0.46043,0.45023,-0.588942,0.217423,204.016836,70.0,-0.5712362208755627,0.1978093772820428
-0.986733,-0.023672,2.727485,-0.00592,154.108664,70.0,2.726893086444,0.003663981094001319
0.147012,0.826623,-5.529748,2.740539,62.728896,70.0,-5.511606151093187,2.724326690048102
-0.950649,0.43863,-0.263975,0.031923,153.536045,70.0,-0.2607962377537587,0.03688893078201403
0.050488,0.55744,2.561825,-3.287456,180.610091,70.0,2.575152206511841,-3.268042408672294
0.898547,-0.113524,6.878993,0.695321,97.470096,70.0,6.872417383401482,0.6755846573069362
0.004969,-0.4795,4.242966,-0.638334,101.657587,70.0,4.243967128377369,-0.652603955700975
-0.948566,-0.550843,-0.435699,-0.540114,140.231252,70.0,-0.4442362897942585,-0.5515335933367435
-0.018805,-0.060621,-0.004338,0.067399,367.283826,70.0,0.002275052258745731,0.0873942956234379
-0.849405,0.042919,0.037468,-0.023517,186.700454,70.0,0.035121715446603474,-0.0038669374989409692
-0.657155,-0.811058,-0.652231,-0.725676,139.852824,70.0,-0.6428752233094965,-0.7455332186649569
0.549061,0.066805,0.093285,0.26203,215.077974,70.0,0.11260947236495777,0.2798936331164573
0.790054,0.433835,-0.204626,0.034744,167.920356,70.0,-0.20116904909322764,0.04515792587635954
-0.534098,-0.59199,0.28211,-0.101414,169.493729,70.0,0.2723976397268124,-0.09822277235378264
0.429511,0.78792,3.207034,0.201277,120.302328,70.0,3.223932072780188,0.18233812418631432
0.572128,-0.251568,-0.055849,0.067979,217.630351,70.0,-0.04918123797874464,0.08720427625785629
-0.09756,0.306416,0.165831,0.317189,277.770368,70.0,0.18582870522088601,0.33069898142133164
-0.067729,-0.328934,21.667908,13.047544,99.479699,70.0,21.681330506888177,13.04845181895191
-0.398379,0.435936,10.496762,-0.252154,129.242432,70.0,10.47771548923321,-0.2642183840866113
0.770262,-0.206565,-1.899009,-0.725212,108.101652,70.0,-1.8896942586390553,-0.7451626457440341
0.257666,0.60052,-8.221789,5.193605,97.06536,70.0,-8.206959261143414,5.174320225652734
0.941732,-0.310001,1.227787,-0.207843,126.010552,70.0,1.2105468684267056,-0.18805072094542394
-0.186047,-0.899027,16.570252,-3.253488,116.341352,70.0,16.580866855675502,-3.245682222686417
0.054179,0.59001,-0.040554,-0.251618,212.715393,70.0,-0.05958408989981605,-0.2320277499095066
0.298073,-0.280484,-0.91498,-0.991608,207.689873,70.0,-0.8955804157905286,-0.9943491245108508
-0.101692,0.855419,17.2725,-16.860064,63.767026,70.0,17.262515889338,-16.860689857284918
-0.979729,-0.312355,-1.234873,-0.609846,143.344253,70.0,-1.2367176277490375,-0.5899643017806385
0.255835,-0.176912,-15.740792,-0.301555,119.286275,70.0,-15.760752296267203,-0.32128617298898676
0.643725,-0.907693,-0.450987,-0.395348,134.912799,70.0,-0.4693616032607079,-0.40798811498076387
0.41066,-0.043167,0.337306,-0.076751,270.126581,70.0,0.3298179003613216,-0.07906050969161811
0.485168,0.225408,-0.483966,0.222733,233.773796,70.0,-0.46601955298231756,0.20772015409853178
0.433047,0.224671,0.288581,0.111959,241.88276,70.0,0.29920124998925585,0.11450985951927119
0.044233,-0.569373,0.33926,-0.479005,125.976637,70.0,0.32567753319795595,-0.48150848921858175
0.554622,-0.464902,-0.632992,-0.366002,183.714759,70.0,-0.6523238365735177,-0.38599653991967287
0.394023,0.339427,-1.453745,0.338536,180.855824,70.0,-1.433893372480871,0.34958426645979707
0.742429,0.004942,1.852362,-0.003973,142.236982,70.0,1.851964726129788,-0.023708001714929563
-0.937561,0.407769,-3.886063,3.92748,128.147253,70.0,-3.871886316250848,3.944200928316071
-0.61914,0.106273,-3.599077,-0.159017,197.7722,70.0,-3.6133554625312247,-0.14588012234743258
0.138508,-0.092663,-0.134848,0.084693,374.105139,70.0,-0.12662956295845312,0.10031663295158569
0.615621,0.748696,0.47678,0.378477,148.357765,70.0,0.4957546895389496,0.3639485267940714
-0.671099,0.843247,-0.119244,-0.13313,137.857724,70.0,-0.1315954099649733,-0.11658071875958603
0.457214,0.388629,-0.614652,0.268146,204.059081,70.0,-0.5951789745630951,0.24819267534925735
-0.305942,0.029417,-0.392166,-0.038619,299.937562,70.0,-0.3960039457738123,-0.0462233911912017
0.405434,0.136595,-0.441948,-0.066581,276.233833,70.0,-0.44848379820469486,-0.07850795666191353
-0.243231,0.012685,0.230708,0.007485,350.856376,70.0,0.23145632528356563,0.015590074075726965
-0.802775,-0.240038,0.511582,-0.373177,112.26444,70.0,0.49244647284549903,-0.38986577600276284
-0.312697,0.498962,1.528011,-0.750628,115.783499,70.0,1.539493701064195,-0.7463820269533492
0.046113,-0.985543,-8.358526,15.681166,61.707189,70.0,-8.355854283905261,15.669563684442933
-0.019832,0.682767,1.387952,-1.544907,91.562167,70.0,1.368119330459473,-1.5290652458686456
-0.727692,-0.311359,-0.628665,-0.367149,187.407891,70.0,-0.6479671188514675,-0.38714896998976667
0.990162,-0.34138,6.311362,-5.82215,104.746164,70.0,6.326206924694134,-5.802348153430798
0.432432,-0.112914,-0.327821,-0.108923,263.675326,70.0,-0.33818277656168877,-0.11028811126734331
0.25216,0.051121,0.241985,0.000816,342.256796,70.0,0.24206659977360914,0.007877791428530278
-0.810531,-0.594714,0.593198,-0.514781,152.783853,70.0,0.5824443231783973,-0.5344734286639016
0.649414,0.705386,0.445063,0.328141,148.877592,70.0,0.4650141476749853,0.31596545084873817
-0.580682,0.47855,-0.637913,0.434006,180.109997,70.0,-0.6213976385363543,0.414029009047045
0.995749,-0.447316,-0.964497,-0.49234,130.377681,70.0,-0.9770711910151145,-0.4901425252077375
-0.044848,0.233415,-0.057615,-0.069483,345.827915,70.0,-0.06442436772075222,-0.05030714884479247
-0.986836,0.251302,-2.179463,1.09431,130.191654,70.0,-2.1939712749430087,1.0923479749970828
-0.359948,0.346347,4.933909,-0.281556,158.026751,70.0,4.914174155253538,-0.2636634207345008
-0.943527,0.146297,-0.62936,-0.152647,167.960669,70.0,-0.6431852536131919,-0.1726467288360464
0.818311,-0.640509,0.726124,-0.603466,148.582424,70.0,0.7236451378765637,-0.6211218039425969
0.968573,0.807073,0.905362,0.832344,130.629045,70.0,0.8883185067237013,0.8286536879305272
0.474389,-0.939403,1.151349,1.592331,101.185998,70.0,1.1712331764279509,1.6096230228726578
-0.549966,0.71529,0.71272,0.634883,152.860351,70.0,0.7120636709311959,0.6166376283047484
-0.126831,0.353476,17.831756,5.418102,83.51148,70.0,17.850277117214667,5.4254574150869574
0.871581,0.664876,-0.795658,0.585231,144.259774,70.0,-0.7913825002983831,0.5718326304107041
0.570225,-0.221472,-0.067802,0.092466,205.089399,70.0,-0.058881305953574346,0.11132768711397499
-0.282195,-0.851797,0.029907,0.007433,256.972759,70.0,0.030650128899545385,0.027209809195332543
-0.157023,0.91403,23.594536,-9.737234,64.942555,70.0,23.614535274759575,-9.733989295054151
0.097226,0.07134,0.100647,0.051788,382.441835,70.0,0.10576812068558646,0.06930854061865335
-0.996215,0.622418,1.245713,0.842056,124.497759,70.0,1.2281816097614262,0.8620261736368185
0.985809,0.49819,0.841825,0.430028,148.752856,70.0,0.8585614430504795,0.4203822521601577
-0.918863,0.671526,-0.763402,0.565944,139.898866,70.0,-0.7572651701723006,0.5503350783100572
0.337947,-0.118174,-0.217671,0.058249,307.196647,70.0,-0.21192809966389745,0.06752786483486878
-0.146775,-0.84441,10.844712,3.548204,80.760509,70.0,10.82681106586826,3.5345082590799426
0.008012,0.66141,-2.044356,-38.533969,70.145177,70.0,-2.0271823529371695,-38.54794608361254
0.309637,0.0683,0.569228,0.005789,268.622783,70.0,0.5698068191683927,-0.013344408797330749
-0.08536,-0.644854,-0.147326,-0.188865,274.056284,70.0,-0.16352802745466344,-0.17405026577324367
-0.059732,0.076717,0.038747,-0.027114,380.708537,70.0,0.0360438979425729,-0.007488160015949343
-0.612121,0.077911,4.774468,0.322082,181.081405,70.0,4.794452309620947,0.32819069755570285
-0.542759,-0.151971,-0.447788,-0.096613,225.187276,70.0,-0.45707791283392357,-0.10900359777537316
-0.169316,0.306224,6.402866,4.816405,111.087048,70.0,6.385510412444989,4.832929720692903
0.709528,-0.959336,0.444728,-0.274467,129.973077,70.0,0.4251205779052891,-0.2866159551588109
0.442047,-0.515388,-0.557721,-0.414157,176.724778,70.0,-0.5752727598437765,-0.4329238812410805
-0.12276,0.779689,21.982977,-15.855858,65.057647,70.0,21.996454982657866,-15.875841308662169
0.225602,-0.312592,0.21698,-0.088234,301.603455,70.0,0.20844004534527555,-0.07889397740144265
0.267737,-0.150691,-3.167074,-0.839865,158.840209,70.0,-3.1496491070434307,-0.8597028947052194
-0.671516,-0.172717,0.798894,-0.298612,148.234507,70.0,0.7789543989402634,-0.31176837445704575
-0.856043,0.486337,-0.622065,0.392604,156.999384,70.0,-0.6035837728189191,0.37261377586511013
-0.134005,-0.226096,0.087595,-0.122706,361.132791,70.0,0.07607985515247709,-0.10459375329951544
0.004932,0.896301,-0.843544,2.52223,81.832513,70.0,-0.8426487115616019,2.512735193233062
0.123603,-0.60892,0.227045,0.398643,175.909324,70.0,0.24528700062434441,0.4070815690343185
-0.118727,0.555592,-0.714834,-0.356902,233.030203,70.0,-0.7343790004074895,-0.3750597662279983
-0.15827,-0.047492,0.14831,0.017638,376.359574,70.0,0.15007151457020065,0.032386450515997596
-0.191514,-0.775202,-12.577271,-4.406146,107.73844,70.0,-12.576479578192348,-4.386175697249479
-0.817548,-0.524887,-0.734291,-0.580161,157.032006,70.0,-0.7390603526091137,-0.5974185330163854
0.217883,-0.038309,-0.117009,-0.016142,353.171574,70.0,-0.11862144805957378,0.0005317447214141513
0.132654,-0.478154,-1.24876,17.954098,110.571852,70.0,-1.2293101760340621,17.97408248998087
-0.339109,0.597644,-0.325452,-0.156887,169.199271,70.0,-0.3395805078787284,-0.15801567351156023
0.595588,0.049791,2.528721,0.063426,187.881337,70.0,2.5349578192636084,0.08336637814336674
0.832944,-0.704963,-0.36731,-0.083872,143.375849,70.0,-0.37545351985336656,-0.0891247311610749
-0.312176,-0.750062,7.121493,1.18931,119.914541,70.0,7.114886737389133,1.1793576389523723
-0.291453,-0.450584,2.652789,3.545657,112.765508,70.0,2.634775931334145,3.560985051188224
-0.961323,-0.958393,-0.523177,-0.244025,121.473053,70.0,-0.5419598460940106,-0.261324380796097
0.296909,0.155815,2.814431,-0.181294,171.574311,70.0,2.798684353945295,-0.1799946769046517
0.784681,0.141843,0.184914,0.094112,176.214305,70.0,0.19398170985163588,0.10615555887320197
-0.052901,0.90001,12.989996,-43.203199,74.764445,70.0,12.97630628462613,-43.21360719283246
0.474424,-0.356777,-0.111626,0.043658,209.22207,70.0,-0.10729478959613493,0.06062293894483678
-0.350866,0.997895,-0.662075,7.212496,93.388214,70.0,-0.6820316725009365,7.192780199166003
-0.37641,-0.322302,0.130858,-0.41378,176.731748,70.0,0.11328819738153498,-0.3979103953751927
-0.930752,0.854285,-0.816447,0.516453,130.399393,70.0,-0.805834671420598,0.5046676165731191
-0.024792,-0.679836,1.3933,2.379941,90.592652,70.0,1.3809326204785133,2.3954506839036056
-0.00425,0.576859,-0.114548,-1.625129,85.047907,70.0,-0.1338145178257379,-1.6083206155025411
-0.724621,-0.701744,-0.611266,-0.41388,148.385692,70.0,-0.6288310228174963,-0.4338073468290495
-0.216578,-0.030701,-0.173192,-0.029938,351.877453,70.0,-0.17617463212527693,-0.016979816690952387
0.004978,-0.332833,1.077082,-0.235488,124.39027,70.0,1.058609443676491,-0.2230209781933679
0.069584,-0.507105,-0.173777,0.857576,201.71772,70.0,-0.19200182161423393,0.87048956745992
-0.915333,-0.002591,1.273271,0.000774,210.60199,70.0,1.2733483998067983,0.02070486788579028
0.445746,-0.340973,-0.370314,0.02472,216.120358,70.0,-0.3678482893015269,0.019178017827559023
-0.732361,-0.796413,-0.721804,-0.768192,139.785579,70.0,-0.7089293264361937,-0.7860466091199297
0.693931,0.895737,-0.324236,0.086681,134.219458,70.0,-0.315836731835534,0.08567375281407628
0.652866,0.724421,0.702853,0.654071,148.568323,70.0,0.7002848633298031,0.6354438468804199
-0.652747,-0.720949,-0.699012,-0.696381,148.572538,70.0,-0.6923363691619207,-0.7151445624590717
-0.988866,0.127378,0.765493,-0.120797,156.641425,70.0,0.7541344611240656,-0.1362743368493925
0.836137,0.957727,-0.890896,0.927227,125.751127,70.0,-0.9108378814746125,0.9221258149812028
0.525971,-0.006423,0.4173,-0.209001,269.996576,70.0,0.40000145905096607,-0.21886394257428127
0.0529,-0.906647,0.497636,1.220766,86.463042,70.0,0.49406809481400626,1.2048857224935008
-0.018468,-0.396536,-0.676777,-1.621462,113.546702,70.0,-0.6961386721097523,-1.640877810528986
-0.584446,-0.784512,-0.531409,0.126681,154.060685,70.0,-0.5195711465796932,0.1089832850746149
0.69902,0.428468,-0.566543,0.466956,176.431839,70.0,-0.5521012834268324,0.44790249297059076
-0.746528,-0.897638,-0.758912,-0.601427,130.688272,70.0,-0.7615930575891935,-0.6173126899732382
-0.594784,-0.529926,-0.641605,-0.423405,172.688168,70.0,-0.6586947935811555,-0.44336088366181203
-0.460834,0.764527,-0.441351,0.089504,149.446325,70.0,-0.4326963782003769,0.07762501915359936
-0.592529,-0.633722,0.617808,-0.28381,160.850314,70.0,0.5980378279490461,-0.30378238854161865
-0.969186,0.896023,0.667102,1.02146,125.770374,70.0,0.6486413839782035,1.0018348624683742
-0.53304,-0.803638,0.158246,0.378334,133.893713,70.0,0.17722520454928373,0.39239342097847507
-0.751801,0.478999,-0.447186,0.167472,165.369553,70.0,-0.4323284314954668,0.15512871366192757
0.532073,0.550398,0.745927,0.411031,172.730731,70.0,0.7636264751813506,0.3943904350338593
0.544106,0.79145,0.768791,-2.68421,134.190466,70.0,0.753703790314426,-2.6994763637838037
-0.103242,0.810185,0.691362,-0.996815,92.089714,70.0,0.7106283962461497,-1.0158295803791837
0.782789,0.336808,0.770549,0.268418,187.248783,70.0,0.7900282101715488,0.2532657953132901
0.73751,-0.676485,0.733729,-0.66398,148.551351,70.0,0.7372762802239202,-0.6812658691441638
0.308809,0.16081,-0.386822,0.389804,234.859167,70.0,-0.3682355590785179,0.3826965290046519
0.738958,-0.324816,-0.726299,-0.343072,176.608641,70.0,-0.7460903771519508,-0.3607195762542083
0.821239,0.564767,-0.67173,0.390775,152.961474,70.0,-0.6531796341314878,0.3712442920531984
0.037937,-0.39328,-0.074152,0.081483,123.617602,70.0,-0.06622725517000207,0.10012404497296147
0.139907,-0.582328,3.336905,11.898948,121.418098,70.0,3.3407905412753647,11.88775050557678
0.815826,-0.419484,-0.080559,0.072155,167.253379,70.0,-0.07349901105103036,0.09055437946959702
-0.261302,0.296761,3.974727,-0.544329,182.217209,70.0,3.966572746888546,-0.5339312841738855
-0.336649,-0.054708,0.477482,-0.055021,287.283721,70.0,0.4720490401979045,-0.0695976283618168
0.514883,-0.360414,-0.525178,-0.253268,204.063313,70.0,-0.5442582014588684,-0.27066692852210833
0.517912,0.542354,0.731763,0.429753,172.721692,70.0,0.7485144827822826,0.41236908017929635
-0.655703,-0.397247,0.594039,-0.439524,183.689561,70.0,0.5778411050933213,-0.4592309469206207
-0.528472,-0.02298,0.138726,0.041032,249.951403,70.0,0.14280047614111946,0.056410606175797996
-0.22892,0.537236,-14.682724,-0.379248,97.030191,70.0,-14.701674179287929,-0.3872899647796672
-0.679491,-0.204832,0.071044,0.154636,230.436102,70.0,0.08501229341826,0.17338739992497137
-0.606749,0.375179,0.439785,0.228014,190.819886,70.0,0.4579582545100997,0.2162613671250926
-0.367488,-0.365983,1.070729,-0.315826,171.979329,70.0,1.0507296944970714,-0.3038619516392108
0.91596,0.536039,0.395979,0.03071,149.458504,70.0,0.3990379464156297,0.022754349187770376
-0.788987,-0.500727,0.67994,-0.54885,161.0676,70.0,0.672200612157456,-0.56818749622806
0.275716,-0.040892,-0.280485,-0.011578,317.199609,70.0,-0.2816421534284038,-0.008226461402181631
0.723275,0.076869,0.414419,0.232576,180.754782,70.0,0.43277798805726675,0.22296470346091557
-0.061351,0.873823,-1.065729,2.857466,90.298107,70.0,-1.0459540660483617,2.8690256790077133
0.343851,-0.900974,2.340926,-0.936574,108.763949,70.0,2.3609172869306905,-0.9235516526234796
-0.671299,-0.515768,0.635282,-0.501375,168.854114,70.0,0.6234229963677707,-0.5213628787484603
-0.509155,0.629186,0.732134,-0.026291,161.561618,70.0,0.7295124654510666,-0.04365654516945536
0.726637,0.593257,0.690027,0.614346,156.939088,70.0,0.6914231167325875,0.5952904554438468
0.874336,0.963673,-0.80971,0.794607,125.686196,70.0,-0.8244880801563969,0.7822840981755459
0.451207,-0.570329,0.205176,0.083652,163.794321,70.0,0.21329942123675008,0.09401893074897268
0.48383,-0.26368,-0.476903,-0.22292,228.22526,70.0,-0.49485769289936177,-0.23745692359800905
0.335742,0.820133,-0.775495,0.039881,173.041826,70.0,-0.7715332768790261,0.025056224509221167
-0.027149,-0.291611,5.000479,-9.327223,182.026121,70.0,4.991105772780848,-9.307392660975575
0.89479,0.736317,0.106194,-0.127766,137.835964,70.0,0.09426886838421196,-0.11051967405313728
-0.727628,0.758662,0.463147,0.177038,143.628861,70.0,0.4786277059633095,0.1634794654280839
0.836557,0.018271,-0.218642,0.006779,146.392946,70.0,-0.2179642297958218,0.01597173833243859
-0.921531,-0.176215,3.429358,-0.272271,136.123268,70.0,3.409795055539019,-0.2749027373001213
0.352115,-0.00895,0.344703,0.055493,300.460574,70.0,0.3501813697535205,0.0524504855532858
-0.426441,0.809892,1.18788,0.1793,115.083866,70.0,1.2035029296261606,0.19812971126625895
-0.137853,-0.89058,5.813529,4.460723,70.623416,70.0,5.8073808686921815,4.446693212032768
0.025707,0.060671,0.024924,0.066757,368.952792,70.0,0.03147642937922827,0.08660189943980409
-0.3053,0.827427,-2.432501,1.435482,119.976429,70.0,-2.4169065224500534,1.4538729754985864
0.565584,-0.222794,0.486429,-0.300692,219.52282,70.0,0.46647432467932104,-0.3158664359666535
-0.490817,0.839074,-0.904774,-0.018652,140.188109,70.0,-0.9066364974352092,-0.02240008641700663
0.310765,-0.971225,1.069737,1.425287,96.15622,70.0,1.0846731646681307,1.437171408092077
0.621707,-0.967091,0.820284,-0.834097,130.641812,70.0,0.8374185644490997,-0.8455702282777728
0.095871,-0.703238,-0.538716,-12.826206,96.291629,70.0,-0.5579827537664183,-12.844232195015971
0.671045,0.246937,0.660749,0.265616,206.968051,70.0,0.6801627742831926,0.24587835822081883
0.274915,0.492665,-29.515418,-11.13824,82.026576,70.0,-29.50029423980611,-11.158179556954464
0.228106,-0.220766,0.387842,0.521444,230.840695,70.0,0.3980280250540059,0.514241279965101
-0.410845,0.92677,-0.680377,0.215121,140.524868,70.0,-0.6627794438510519,0.19579470439475688
0.219895,-0.219864,-0.167355,0.069555,358.323544,70.0,-0.1605388628776992,0.08295221649456287
0.753622,0.123529,-4.76093,-0.186866,102.784039,70.0,-4.777014020784076,-0.1820594136398106
0.159444,-0.220447,0.366558,-0.564981,182.262353,70.0,0.3603295871163533,-0.5701611341101565
0.946039,0.070469,1.425825,0.027186,123.717125,70.0,1.4285352358181789,0.04044656252923013
0.372357,0.201334,0.233949,0.067824,297.881129,70.0,0.24060214678032063,0.07563172926046603
-0.186456,0.241959,-0.413856,0.311929,202.910252,70.0,-0.3938572435080067,0.30236711427995877
0.599726,-0.403151,0.396152,-0.157203,187.472832,70.0,0.38200114368038335,-0.1651745202332279
0.239756,-0.421818,-13.544607,-26.311569,102.151292,70.0,-13.537020874078161,-26.308012162147623
0.505328,-0.952143,0.435058,-1.479812,123.728095,70.0,0.41709209071329584,-1.4911789109703988
-0.659863,-0.323837,0.322746,-0.148432,191.069334,70.0,0.3092283714100714,-0.14929040968957244
-0.728781,-0.63062,0.698532,-0.59493,152.793984,70.0,0.695208634219837,-0.613710123741861
-0.825922,0.724905,-0.647388,0.433977,139.964435,70.0,-0.6308710030814683,0.41406784231187704
-0.517862,0.286803,0.479047,0.23463,216.493361,70.0,0.4974865001087832,0.21994666451327194
0.29513,0.247502,-0.029788,-0.066728,173.091167,70.0,-0.03633768936406116,-0.046949421463294776
-0.241952,-0.484819,-1.459612,0.437602,97.79838,70.0,-1.4433021150182794,0.4481565274683574
-0.359043,-0.442415,4.45246,-1.715546,132.398507,70.0,4.437473423233914,-1.7348152627269982
0.323055,-0.416748,16.261735,21.257429,97.634461,70.0,16.251676056750114,21.276055704164328
-0.289084,-0.631081,2.172294,8.292371,145.919284,70.0,2.1606545770867664,8.289696946110196
-0.58439,0.158612,0.273581,-0.156084,202.6987,70.0,0.25950944118303293,-0.15205395621620504
-0.208282,-0.596576,4.995865,30.250629,85.400981,70.0,5.004684731852317,30.270394095886196
-0.653731,0.751074,0.509316,0.434346,144.458537,70.0,0.5258121612739413,0.4177831718734913
-0.699076,0.628596,-0.250452,-0.038511,155.735536,70.0,-0.2542793459325989,-0.03224746292577331
0.810737,0.057209,-0.256081,-0.094307,215.766961,70.0,-0.26516608617226245,-0.08858045620590171
-0.490411,-0.332372,-0.539966,-0.262366,213.509337,70.0,-0.5592991039816191,-0.28044598948747856
-0.179853,-0.793978,-3.189432,0.409872,73.444946,70.0,-3.171678854531922,0.3904414279928012
-0.386289,-0.355846,-1.201998,0.401635,209.343502,70.0,-1.183880698399174,0.42089327377802166
-0.700303,0.006676,-2.30073,-0.009416,140.755936,70.0,-2.3016712521916722,0.0003139386537050655
0.209701,0.436808,-11.232807,-1.634195,111.933789,70.0,-11.251810538253944,-1.6156562742244218
-0.565219,0.356288,-0.094867,-0.077781,199.419823,70.0,-0.10245050823954648,-0.05998906689931206
0.129234,0.029509,-0.101265,0.004013,377.88766,70.0,-0.10086372692697053,0.021503653230327272
-0.036977,0.524116,0.493937,-2.937815,69.745537,70.0,0.47690648694427645,-2.953467712284663
0.816781,-0.35536,1.030268,0.934559,126.194133,70.0,1.0102836747849082,0.94305880328298
-0.53272,0.579307,0.729547,0.44252,168.904085,70.0,0.7455673461669814,0.4250275754435603
0.412733,0.797183,2.953613,-11.748215,120.233343,70.0,2.93735417186962,-11.760012403530418
0.258209,-0.274779,-3.01678,0.697469,148.411643,70.0,-3.023558091924112,0.6812387831400607
-0.203374,-0.109696,0.240369,-0.143734,319.26507,70.0,0.22720131625092368,-0.13652124946797176
0.333561,0.160934,-1.53463,-0.295388,163.830648,70.0,-1.5545419745457694,-0.2917910458147551
0.817846,-0.468302,-0.26311,0.094619,162.137171,70.0,-0.25399712968554317,0.099668675247548
-0.759448,-0.035291,-0.888014,0.01534,181.028128,70.0,-0.886481503616528,0.009960686334136326
0.868142,0.859547,0.843246,0.861172,130.5483,70.0,0.8248760224777032,0.8516509760304638
0.413134,-0.463045,-0.245854,0.444334,167.734099,70.0,-0.2299429048071553,0.45103251309662334
-0.397078,0.315694,1.299278,0.236442,167.494895,70.0,1.3177869119530279,0.25598915687422763
-0.138467,0.790008,1.316668,-0.103608,154.352455,70.0,1.306764434821329,-0.08450218474318016
-0.335622,-0.803277,-2.561319,-0.961663,110.471914,70.0,-2.541410947473077,-0.9422373077331317
-0.684847,-0.216859,-0.345015,-0.054566,243.713136,70.0,-0.3504041567314577,-0.05763934759998396
-0.755793,-0.619235,0.716255,-0.638392,152.801011,70.0,0.7172619210642619,-0.6564897383754271
0.509945,0.638936,-0.455904,0.23967,160.77143,70.0,-0.43727520145588566,0.22665269354440098
0.60098,0.665513,0.709026,0.438671,156.905836,70.0,0.7252737823007288,0.42027744546457263
-0.719185,0.661584,0.374324,0.076506,152.019439,70.0,0.381789376026454,0.07057986017211365
-0.753033,-0.221357,-0.41703,0.680758,188.782076,70.0,-0.42221406846195736,0.6709185549461179
-0.340676,0.253459,-0.347,-0.424338,244.41237,70.0,-0.36404114140230875,-0.42760733535253953
-0.122325,0.086856,-0.302956,-0.658138,332.032133,70.0,-0.2999850889209608,-0.6570182592710107
-0.203121,0.152529,-0.356362,0.326615,289.850518,70.0,-0.33640077379648675,0.3224259760738281
-0.450092,-0.691809,-2.740583,-0.884247,138.88506,70.0,-2.7214247349141076,-0.8758323621727256
0.762391,-0.496342,0.447023,-0.341303,164.81107,70.0,0.427206913022664,-0.3536334568411435
-0.024492,0.36861,4.236455,-2.233353,200.702498,70.0,4.256162652415024,-2.2471592770087474
-0.764781,0.323573,-0.657467,0.213392,187.363894,70.0,-0.639952262489968,0.19360403260403602
0.294877,0.001352,-0.367298,0.024428,301.403039,70.0,-0.3648612691593781,0.01917642672217869
0.720318,0.381256,-0.519853,0.26128,176.639766,70.0,-0.5005479913474213,0.2441498074312316
-0.236218,-0.11047,-0.396353,0.110243,298.052802,70.0,-0.38587854679663636,0.10225304937601387
-0.669732,-0.191008,-0.559985,0.416544,196.937893,70.0,-0.5425489240013475,0.39770005572185163
-0.268032,-0.82029,-0.175576,-0.216496,156.2345,70.0,-0.19323847975669295,-0.20372032644815236
-0.606925,-0.592518,-0.624093,-0.350071,164.897239,70.0,-0.643771452150442,-0.37006653638857967
-0.444449,0.140683,-0.439408,0.140638,256.729084,70.0,-0.4264749149626383,0.12891589213418275
0.455135,-0.53825,1.244129,-0.121657,171.690019,70.0,1.2326997815605378,-0.1016961001533918
-0.360769,0.557161,0.282613,0.053164,244.397577,70.0,0.2878670111171534,0.05630556204909651
0.205997,0.196386,-0.189466,0.103265,313.796196,70.0,-0.17959224891594885,0.11494205665804336
0.654677,-0.842898,0.467571,-0.362165,139.449005,70.0,0.4481443768248685,-0.3760454124102407
-0.594308,-0.5377,-0.381738,-0.130019,172.224359,70.0,-0.3938432406193177,-0.13664901208839786
0.876116,0.87471,0.813054,0.760537,130.513037,70.0,0.8007744113762366,0.748479192714699
-0.74701,-0.993015,1.013251,-0.86174,125.870865,70.0,1.0316433634695523,-0.8548094626149526
0.400219,0.481745,-2.42333,-0.555688,133.242586,70.0,-2.430434460724066,-0.5376766281933444
0.684908,-0.748369,-0.662171,-0.692804,144.241007,70.0,-0.6558336049035262,-0.7125181859344173
0.155991,-0.267485,-0.259705,-2.23774,177.283932,70.0,-0.24007681759286614,-2.232361604291116
0.375898,-0.285875,0.656813,0.088659,240.236034,70.0,0.6653913660837255,0.06886164057397907
-0.6932,-0.614536,-0.712436,-0.595811,156.934517,70.0,-0.7156724586361141,-0.6140679857238192
-0.50341,-0.80799,4.065995,0.679648,134.59213,70.0,4.060918217153912,0.6814530852860488
0.108962,-0.667966,-1.113967,1.160709,116.569798,70.0,-1.1231962019994128,1.1758324756115694
-0.504274,0.660743,0.536434,0.465774,161.062808,70.0,0.5509572350584544,0.44784782679965845
-0.89151,0.396683,-0.888094,0.495882,149.026138,70.0,-0.8757972066090454,0.4905103919623602
-0.956117,0.534436,-0.587404,0.483208,148.866436,70.0,-0.574133019954692,0.4636250422237721
0.27348,0.375489,4.854918,-0.772159,91.753398,70.0,4.868093695634585,-0.7590822514013702
0.850885,0.821941,-0.646682,0.435858,134.970708,70.0,-0.6302717997354929,0.41594224504093635
0.365429,-0.232798,3.878983,0.566364,166.191343,70.0,3.8850798423788637,0.5834628216577079
-0.643632,0.478022,0.345754,0.078878,175.831172,70.0,0.3534389017869068,0.07573165128387857
0.12038,-0.771355,-0.28475,0.481637,128.489798,70.0,-0.271361898911185,0.4845673395643742
-0.170798,-0.61029,2.285346,-6.351965,190.623674,70.0,2.278602803122341,-6.343606579463705
0.851853,-0.910606,0.120172,0.146771,128.468208,70.0,0.1335667464006528,0.1632679943446665
-0.554253,0.676018,-0.737986,0.548628,156.983435,70.0,-0.7302261464746728,0.5315601521781945
-0.163823,0.622742,0.575287,-2.063367,104.386987,70.0,0.5908542965558093,-2.082668023959033
0.423367,-0.466591,0.547535,-0.171767,180.415898,70.0,0.5323933608172915,-0.19015756647042473
0.01326,0.858283,-3.23702,-47.981995,76.612727,70.0,-3.2552665539724734,-47.99976126965122
-0.837447,-0.968452,0.874753,-0.917769,125.747687,70.0,0.894600562885932,-0.9244127905584163
-0.770589,0.710388,0.759342,0.691706,144.220246,70.0,0.7531088417878353,0.6758464712001767
-0.510919,0.983494,0.995335,0.517946,135.395708,70.0,1.0058204855829613,0.523170402886731
-0.417977,-0.941213,2.441113,23.969499,92.139046,70.0,2.4501167295292925,23.988211254456452
-0.96798,-0.841334,-0.665568,-0.105031,129.993964,70.0,-0.6755949424772679,-0.12468512081959085
-0.305706,-0.001158,0.080342,0.000183,318.203075,70.0,0.08036029999744645,0.01859087484650336
0.530052,0.577538,-0.698025,0.467541,168.899672,70.0,-0.6836238156516626,0.4487435008768558
0.682578,0.096759,-0.652509,0.208729,220.952702,70.0,-0.635224126659212,0.1888751164368085
0.231102,0.130682,3.460344,-12.61485,219.888424,70.0,3.4555433966249303,-12.614390832241385
0.367592,0.125852,0.363314,-0.037035,205.403029,70.0,0.35963162910891316,-0.041901136427476046
-0.802767,-0.100869,-0.087445,-0.155521,227.847847,70.0,-0.10147649531782796,-0.1374023967971176
0.692252,0.672801,-0.517124,0.229615,152.41438,70.0,-0.49888448177514905,0.21262724989936332
-0.237242,0.681473,-31.036455,-5.228851,75.428647,70.0,-31.05340771979075,-5.235266760261245
-0.487581,-0.769867,-0.334439,-0.388465,148.524327,70.0,-0.35307446929298814,-0.3904895000841327
0.844704,0.93733,-0.796406,0.727017,125.820654,70.0,-0.8058800884782258,0.713674258099543
-0.300762,-0.907438,-5.897502,-17.262978,89.414615,70.0,-5.877564232382447,-17.269978919982012
0.69436,0.11287,6.986219,-0.809905,110.615063,70.0,7.001983660787057,-0.8285255663908018
-0.986571,0.705915,0.695511,0.757545,135.352433,70.0,0.6834689417871527,0.7386631303492622
0.318307,-0.216366,0.266278,-0.108633,290.889228,70.0,0.2559410388001676,-0.10389048145513304
-0.461439,0.602488,0.600349,0.50169,168.994411,70.0,0.6121826239007523,0.4818852551277206
0.007986,0.214148,-0.425054,-0.276612,131.584389,70.0,-0.44470258467144486,-0.2871419180372472
-0.81188,0.735347,-0.686518,0.517511,139.889311,70.0,-0.675995496846241,0.4983518358889542
0.976901,0.773062,0.580575,0.625865,130.786666,70.0,0.5808203469177604,0.6064321601352354
0.860687,-0.42901,-0.770571,-0.367944,161.183097,70.0,-0.7898521485649702,-0.38309476863912795
-0.372961,-0.353089,-0.107296,-0.032074,228.058629,70.0,-0.1104896693959086,-0.014883737547083262
-0.372376,-0.528695,0.338088,0.0059,223.009123,70.0,0.33867791442914014,0.003512831292452213
0.223853,0.298625,0.250095,0.275383,153.692528,70.0,0.26972027634158047,0.2816804311829144
0.982556,-0.184855,0.036908,0.05526,172.633078,70.0,0.042363957198069846,0.07492041524076033
-0.864602,0.639611,0.69929,0.425792,144.397112,70.0,0.7162545822680221,0.4070380787141603
-0.058705,-0.657921,13.25303,24.47217,64.720196,70.0,13.256241308618325,24.453014897140076
0.325412,-0.80106,-2.259656,1.023036,117.827056,70.0,-2.2780554106749653,1.0289980797518612
0.580771,-0.987877,0.68651,-0.594887,130.525126,70.0,0.6831823940778229,-0.6140463936219456
0.743683,-0.918176,0.834539,-0.878591,130.578678,70.0,0.853527266337188,-0.8888684698380517
0.218176,0.87676,22.83256,-21.458866,74.70935,70.0,22.823321227395912,-21.44918404308795
-0.294863,0.242659,0.286907,0.207393,206.35599,70.0,0.304124277584493,0.21010980108026384
0.364841,-0.11852,-0.129964,0.016692,297.725151,70.0,-0.12829673714722914,0.03261585438409885
0.030031,0.727398,-0.513436,-0.723146,203.932099,70.0,-0.5043045774890725,-0.7399362315412765
-0.620756,0.948052,-0.937221,0.706077,130.691731,70.0,-0.9448024233681953,0.7055513809176335
-0.087825,-0.076369,0.091325,0.000686,382.646989,70.0,0.09139359986548806,0.018636914324958273
0.462035,-0.57971,-0.510401,-0.533714,176.579281,70.0,-0.5195125822896176,-0.55033740043844
0.808098,-0.303122,-1.038593,-0.247089,150.854732,70.0,-1.0574788949186358,-0.23784319949242816
-0.565873,-0.634893,0.748726,-0.516519,161.022438,70.0,0.7381192662379377,-0.5330026706099285
-0.646603,0.538336,0.494057,0.263721,168.640495,70.0,0.513424359058075,0.24806082077187638
-0.191948,-0.063226,-0.332303,0.180316,337.735188,70.0,-0.31661683849559463,0.17850411419063153
-0.647396,-0.77939,0.632878,-0.644785,144.218246,70.0,0.6345227872276251,-0.6647798030350526
0.793934,-0.348529,0.629095,0.29847,172.505382,70.0,0.6490334932896318,0.27847015072594716
0.272917,0.916602,-12.909868,-2.292444,91.642704,70.0,-12.892006352388803,-2.2953673016500664
-0.667563,0.274379,-0.308433,0.176755,193.942515,70.0,-0.2929702274598647,0.1773275483037298
-0.514813,-0.453797,-0.591252,-0.258545,187.307642,70.0,-0.6104837330051558,-0.27820250011543146
-0.964555,0.731222,0.920146,0.742518,135.300917,70.0,0.909336571057517,0.7402894579463242
-0.345509,-0.973078,-1.90847,0.385173,128.219941,70.0,-1.889717547670721,0.36531107268375157
-0.527289,-0.153128,0.1833,-0.014739,233.15312,70.0,0.181827433751382,-0.0025669790803262878
0.379902,-0.980195,1.156922,-0.796019,121.377602,70.0,1.1717948531428566,-0.7784537058970843
-0.130459,-0.628404,0.450382,0.754976,104.217927,70.0,0.4385460432769966,0.7423828280838908
0.420113,0.846341,0.239517,-0.165884,138.570625,70.0,0.2247662036185797,-0.15859184859988226
0.457098,0.445232,0.480074,0.223796,194.247868,70.0,0.498067111558523,0.20904312827124505
-0.980267,0.649441,0.566744,-0.754547,115.886555,70.0,0.5785453484132247,-0.7736066075970092
-0.843424,0.572805,0.599451,0.50164,152.829212,70.0,0.6112886543911261,0.48184797214283925
-0.874625,0.175854,-3.632691,-0.149821,114.187744,70.0,-3.646310672511366,-0.1343465589084312
-0.416079,0.952243,-2.540903,0.800842,108.622989,70.0,-2.556093952400223,0.8206514645892823
0.35554,-0.435908,13.806238,-30.612731,94.760266,70.0,13.7908950167869,-30.592801264325686
-0.310901,0.685503,0.842031,-1.026485,132.548043,70.0,0.8602924850469065,-1.0361126968575256
-0.758886,-0.589677,-0.416417,-0.211593,156.495317,70.0,-0.43384417644071016,-0.22137903047361635
-0.701499,-0.099517,-12.770025,-1.482266,103.690071,70.0,-12.788097380965214,-1.4717692465417478
-0.577248,0.184719,0.175044,-0.028954,223.056278,70.0,0.17215870320935286,-0.016137440338358573
0.569065,0.274824,-0.485606,0.284365,210.356067,70.0,-0.4658275144446312,0.2692443037954084
0.972863,0.905027,-0.684439,0.968094,125.754341,70.0,-0.7042751766646658,0.9488762239571531
0.781717,0.320037,0.058042,-0.055004,192.618422,70.0,0.05261067629188491,-0.03584032391166821
0.856937,0.535502,-0.734246,0.428525,152.946325,70.0,-0.7174277448526629,0.41126519305490955
0.186114,0.014253,-0.03733,0.007937,368.32426,70.0,-0.036536508316514595,0.02758962801931922
-0.44552,0.145982,-0.439648,0.143016,256.731319,70.0,-0.426534443558832,0.13127445494302098
-0.488875,-0.519253,-0.572865,-0.143384,179.974237,70.0,-0.5860063197279174,-0.16262013898507643
0.909907,0.814214,0.597957,0.455279,130.836941,70.0,0.613181469096221,0.4355090133950579
0.486424,-0.666999,3.439414,0.155356,147.720337,70.0,3.453433732712516,0.1537240245995186
-0.256935,-0.311054,3.228289,-1.413538,162.396349,70.0,3.2141595056014243,-1.4316881762145877
0.111629,0.145652,-2.988585,1.160351,148.752813,70.0,-2.9978459475593264,1.1459238829012421
-0.023198,0.112315,-0.128137,-0.15911,228.522259,70.0,-0.14242197307130147,-0.14307627018285465
-0.326419,-0.122775,-6.259925,-0.111689,176.663402,70.0,-6.270522361490872,-0.09182410807961713
0.527695,0.971899,2.014216,-0.363039,130.64466,70.0,1.994810339896333,-0.3790053261170503
0.707244,0.650789,-0.727205,0.629443,152.79022,70.0,-0.7273174463357825,0.6118382355706516
-0.190202,-0.719398,0.212842,0.28216,99.361648,70.0,0.23258655737154832,0.2918639028745277
-0.91527,-0.942197,0.814228,-0.838981,125.702708,70.0,0.8316093318346353,-0.8509449355434424
0.500662,0.624131,0.970004,-0.030644,157.000408,70.0,0.9669515760974766,-0.027900061539916202
-0.225987,-0.163416,-0.321149,-0.353609,269.47112,70.0,-0.34076118943907086,-0.3543078311839564
-0.525914,0.970788,0.832497,-1.843368,130.335172,70.0,0.8283681456005164,-1.853820107348892
0.033355,0.594448,0.302997,-0.135455,272.836075,70.0,0.29046356387213884,-0.1343393528636432
0.887724,-0.02447,1.311426,0.021148,109.495546,70.0,1.313536861291239,0.04040222454187333
0.735385,-0.377878,-0.443079,-0.381019,176.447053,70.0,-0.4619718130396687,-0.3930365537991782
-0.988607,0.47466,-0.314039,0.168433,149.380838,70.0,-0.29911727138588645,0.16844502653517315
-0.394834,0.023626,-0.713652,0.075479,255.056308,70.0,-0.7062819991552736,0.05727200029332667
-0.91985,0.079874,-0.22863,0.006277,135.779261,70.0,-0.22800240304424815,0.01457160482779854
0.436293,0.778143,-2.286002,-0.43788,102.060647,70.0,-2.3022957795588286,-0.42946202802372646
0.250352,-0.339172,0.20438,0.562855,252.9432,70.0,0.21081008504825186,0.5732899200461757
-0.460309,-0.419537,-0.084915,0.116776,192.673344,70.0,-0.0738896944270033,0.1350002777400563
0.833547,-0.574589,-0.66881,-0.578683,152.873051,70.0,-0.6737227571070155,-0.5982745083975205
0.885418,-0.777066,-0.875269,-0.780691,135.233845,70.0,-0.8614635970926342,-0.7872860987274247
-0.147193,0.13385,-0.052643,-0.224824,337.123615,70.0,-0.07068075618910591,-0.20551283057647612
-0.380132,-0.877611,0.326561,-0.302689,120.702978,70.0,0.30659388273228133,-0.3039283788567724
-0.002223,0.630566,-10.216434,15.070039,68.559803,70.0,-10.217394204464368,15.083731786990196
-0.077742,-0.604075,14.72004,14.038609,62.116499,70.0,14.737660330384,14.034103459526289
-0.69506,0.134365,-0.383115,0.243478,179.608729,70.0,-0.364351015133561,0.2367182323249513
0.26857,-0.150992,0.057079,-0.072057,236.940676,70.0,0.050028181008810194,-0.05286598958797152
0.282385,0.049151,0.375552,-0.069349,296.277237,70.0,0.3687552332365872,-0.0753923127748223
0.07884,-0.938121,-0.464083,0.201728,114.499725,70.0,-0.44716084537780093,0.18810080604199442
0.99307,0.524764,0.722707,0.357435,148.651452,70.0,0.742240626588569,0.33962126110231544
-0.29364,0.796911,2.552977,0.566349,124.963973,70.0,2.559075270966064,0.585956212844309
-0.309839,0.538265,-0.503587,0.127879,198.940243,70.0,-0.491652798716715,0.11164404416282661
0.615799,-0.266797,-0.332433,-0.157617,203.833801,70.0,-0.3466130821389942,-0.15944183196816863
-0.050968,-0.623187,-0.139212,0.112563,259.880802,70.0,-0.12854061773419215,0.1279104892372151
0.098521,-0.153056,0.05256,-0.093162,375.388492,70.0,0.043577067005409705,-0.07384867269432904
-0.409828,0.023364,0.063396,0.007149,332.951773,70.0,0.06411074777117176,0.026152621579027778
0.676565,-0.972003,0.32697,-0.091988,129.535855,70.0,0.3180921131396681,-0.0932681976301611
-0.454293,0.694915,0.015934,-0.076308,180.879458,70.0,0.008486996549018464,-0.056371439522494037
-0.563451,0.085049,2.360897,0.191842,204.905072,70.0,2.3772717646386083,0.2063127136549916
-0.584069,-0.441131,0.5237,-0.274347,183.764528,70.0,0.5040949473676114,-0.29167256707715156
-0.082161,-0.879419,16.779738,30.552091,68.568963,70.0,16.798211667870422,30.540043316343727
-0.393502,0.407026,0.843132,0.315484,189.887186,70.0,0.8631315612711368,0.3059529522174378
0.891164,-0.209859,0.008963,0.033499,140.249254,70.0,0.01229725861992974,0.05347891951886431
0.896294,0.011607,-0.111748,0.001321,276.181841,70.0,-0.11161590096049756,0.018279474657893657
-0.914668,-0.830888,-0.854032,-0.826016,130.564459,70.0,-0.8373280991046865,-0.8345751015799584
-0.727795,-0.057438,0.661207,0.032709,169.68494,70.0,0.6644633383785349,0.01297880404266714
0.646552,0.600028,-0.72294,0.542252,160.996106,70.0,-0.7145965369984374,0.5244488657684755
0.6707,0.450885,-0.595347,0.429447,176.406553,70.0,-0.5785788193264525,0.409718165478354
0.019772,0.303154,-0.297978,-0.794731,112.057282,70.0,-0.2831915674317337,-0.7931146382176196
-0.886594,-0.981449,0.303181,0.043156,124.249617,70.0,0.30746318809821416,0.04425327531648726
0.794944,0.624894,0.463747,0.115568,149.132192,70.0,0.47467131800886503,0.1019654187388751
0.587877,0.447902,-0.600172,0.421597,183.708442,70.0,-0.5829889861144734,0.4017947301261357
-0.111254,0.154982,-0.12823,-0.17263,180.10755,70.0,-0.1434278795535588,-0.1566018309421532
0.782618,-0.536471,0.347418,0.011945,157.789009,70.0,0.3486117899813407,0.008634434076313414
-0.467576,-0.547212,0.579203,-0.294116,176.461457,70.0,0.559303349092932,-0.313515940991784
-0.996823,0.390474,-0.408362,0.30996,152.30988,70.0,-0.388366408295437,0.30088420377138614
0.6908,0.279323,0.448018,0.246144,187.270938,70.0,0.466872584175627,0.23373535604133244
0.575465,-0.166115,-0.08108,0.105028,202.340404,70.0,-0.07105331709773316,0.12340689432275277
0.104436,-0.743985,0.144067,0.755709,261.824364,70.0,0.13217203676600475,0.7707406958618843
-0.153938,0.772085,-12.388059,-26.785098,78.123737,70.0,-12.406418893236008,-26.77253398940972
0.426032,0.317366,0.792376,0.249977,213.596275,70.0,0.8113549670201766,0.23633677826007624
-0.033881,0.565684,-18.924837,-23.911489,106.591248,70.0,-18.928357051781305,-23.89288916106896
-0.556356,-0.675739,-0.740619,-0.531724,156.976584,70.0,-0.7499072772001211,-0.5486531225897969
0.857907,0.848755,0.71981,0.639395,130.648293,70.0,0.7187029192148674,0.6214514318794033
-0.974432,0.725415,0.893883,0.72778,135.316318,70.0,0.8843417844476872,0.7229681937786747
0.054861,0.044574,-0.027784,-0.032837,366.143701,70.0,-0.03105296691139246,-0.013029677494935141
-0.836729,-0.909394,-0.54531,-0.316371,130.053016,70.0,-0.5653087770699325,-0.3346729824432858
-0.189711,-0.474646,26.203603,17.074727,89.677411,70.0,26.193138458538236,17.086701685284446
0.619952,-0.470688,-0.421239,-0.164077,176.69955,70.0,-0.43586716861396335,-0.1742806792990829
-0.848662,0.532521,0.51449,0.123823,153.318483,70.0,0.5260962930131313,0.10697573365422458
0.080524,-0.636108,-7.235237,-8.598906,89.956744,70.0,-7.218541024928956,-8.597948975924835
0.940989,-0.796112,0.600425,-0.495716,130.829721,70.0,0.5881151192208355,-0.5155218028235058
-0.257873,-0.074004,-0.2082,-0.037574,335.371727,70.0,-0.21193533598241035,-0.02746684799921677
0.22021,-0.932885,-3.334777,-1.374836,102.438747,70.0,-3.3459207455653712,-1.3862091785140125
-0.998203,-0.790747,-0.806638,-0.830155,130.66797,70.0,-0.7897100663247891,-0.8427183994271608
-0.082337,0.162511,0.162216,0.028251,291.731613,70.0,0.16503171451002663,0.042025316016800915
-0.678984,0.308239,0.507205,0.449311,190.792053,70.0,0.5228096526729236,0.43286741789404554
0.570002,0.019554,-0.464364,-0.111501,254.016196,70.0,-0.47494541290578524,-0.12514874826070263
0.644311,0.934374,0.863452,0.591746,130.730637,70.0,0.8670889047940832,0.5840474553188194
0.019215,0.94097,11.261958,-18.923711,120.384143,70.0,11.254711235147289,-18.904278917571265
0.875869,0.73035,0.770251,0.57021,139.743454,70.0,0.7759804435491133,0.5550383614646268
0.995732,-0.724119,-0.632539,-0.405549,135.081374,70.0,-0.6504870590957995,-0.4255445470750075
-0.273339,-0.01562,0.153035,0.010574,325.108512,70.0,0.1540919074549277,0.024999223048326177
-0.524702,-0.66035,0.003074,0.138054,159.042428,70.0,0.015808907908834137,0.1580516376775062
-0.508451,0.472361,0.514865,0.210713,183.857763,70.0,0.5322488310097953,0.19384555415352817
0.969167,0.791016,0.754248,0.789633,130.653115,70.0,0.7398096087506533,0.773468295558467
0.599968,-0.341985,-0.579387,-0.339452,197.495061,70.0,-0.5992272824283212,-0.3588564061281503
0.250326,-0.775288,0.279428,0.203938,271.138479,70.0,0.2964669147512657,0.207393696603093
-0.272016,0.229489,7.625451,7.153289,89.555337,70.0,7.606746274957982,7.171483764917962
-0.986404,-0.496126,-0.451437,-0.037043,148.095276,70.0,-0.45512015721137666,-0.04971795632247092
-0.396281,-0.29126,2.494836,0.206681,142.191983,70.0,2.5120169394840053,0.22659606908490654
0.795325,-0.979069,-0.907522,-0.926207,125.780733,70.0,-0.887588148205841,-0.9296848097892398
0.792935,0.852623,-0.532396,0.328032,134.793321,70.0,-0.5124440939040384,0.31028852550520736
0.039859,-0.082381,1.849985,-9.359986,258.389001,70.0,1.843618542587053,-9.379681042579724
-0.574029,0.299773,-0.496613,0.216756,207.198988,70.0,-0.47893833754033377,0.20093811809413467
0.291367,-0.993914,0.182209,0.226938,114.564855,70.0,0.2003370653957991,0.2391964076623635
-0.705159,0.395286,0.22671,-0.039401,177.373222,70.0,0.2227953371050211,-0.030932070741714047
-0.434458,0.06071,0.45609,0.074247,258.965694,70.0,0.4633453316034335,0.061215578182045996
0.356216,0.927432,10.606378,9.415343,86.819343,70.0,10.607321146163413,9.396734203902271
-0.650162,0.720957,-0.696009,0.696733,148.574826,70.0,-0.7027178017777873,0.6778676068248013
-0.872842,0.145339,0.893689,0.002399,180.02519,70.0,0.8939288942472383,-0.0024316341137522674
0.709906,-0.609896,0.667351,-0.545167,156.921731,70.0,0.6592733368847753,-0.5647873239863984
-0.528886,-0.984755,-0.776693,-0.420254,130.817483,70.0,-0.7939443503226656,-0.43499809528998423
-0.774532,0.446194,-0.351611,-0.038349,165.816666,70.0,-0.35542244407914336,-0.04207232388401828
-0.814041,0.420008,-0.669756,0.255772,165.221492,70.0,-0.650602232349952,0.23619973258343824
-0.933845,0.871807,-0.03384,-0.1727,128.239378,70.0,-0.04904242895181371,-0.15298560405225461
0.458646,0.460726,0.13622,-0.130842,185.864309,70.0,0.12404934909113502,-0.11530438847734906
-0.586381,0.700054,0.722651,0.625012,152.829354,70.0,0.7229816380091764,0.6071957159445264
-0.1956,0.556876,-8.977337,-1.40625,94.363056,70.0,-8.990941428833539,-1.3938866625093578
-0.584617,0.33781,-0.326082,0.051647,200.335979,70.0,-0.3209745105193087,0.05045543259201972
-0.430302,-0.09245,-0.213227,0.017179,269.950068,70.0,-0.2115112116512108,0.02684922028878205
0.186465,-0.083162,0.250442,-0.09778,350.773926,70.0,0.24104889925012432,-0.09151551323877936
0.301995,-0.364862,0.069553,0.120268,160.644011,70.0,0.08086795831704208,0.13907073485241903
-0.228579,0.269065,0.140518,0.144845,301.772891,70.0,0.15376910313043085,0.1601084220004495
0.176563,-0.512594,-0.539815,-0.339998,151.8405,70.0,-0.5596483219769566,-0.3580715285782177
0.824969,-0.752089,0.804211,-0.717473,139.781049,70.0,0.8128340975990138,-0.7302243088522514
-0.35236,-0.112228,0.443511,0.311295,226.540611,70.0,0.4635089490310432,0.2992429427318923
-0.215889,-0.438033,1.588845,1.293413,214.26513,70.0,1.5925019045557038,1.2916105814481553
-0.014015,0.449772,0.184241,-1.038407,101.671262,70.0,0.20198416655949802,-1.0263097796581926
-0.678207,-0.626499,-0.702505,-0.542569,156.926621,70.0,-0.7108196427165812,-0.5612087957916605
0.43815,-0.011627,-0.06517,-0.008051,153.102106,70.0,-0.06597488257821837,0.01089657943281431
0.588043,-0.767163,0.697368,-0.372902,148.725004,70.0,0.6782244932580477,-0.39172183544171385
0.295279,0.752832,18.430314,-0.900135,68.848195,70.0,18.449867443642507,-0.9101664116743239
0.845562,-0.64271,-0.320813,0.005718,145.22941,70.0,-0.3202412778939024,0.005052749268842662
-0.030713,-0.190979,0.604685,0.817765,157.033531,70.0,0.588448950115747,0.7979044735341867
0.224027,-0.776473,-25.709911,9.923465,93.674355,70.0,-25.721985371219816,9.904115491827808
-0.189108,-0.341423,-6.340171,-0.642805,124.92337,70.0,-6.338723619447244,-0.6236113647389471
-0.302699,0.542646,-20.35284,8.657457,89.161084,70.0,-20.365647895430676,8.664080739038216
0.244246,-0.955771,1.052725,-0.038531,123.480436,70.0,1.0488956910495493,-0.02805618867144132
0.362859,0.568915,0.170064,-0.090578,272.972584,70.0,0.16131267987643916,-0.07738314595263393
-0.251387,0.94253,-2.163848,-9.297376,100.631474,70.0,-2.175743887028903,-9.300884437811888
-0.892082,0.774835,0.885264,0.778058,135.23697,70.0,0.8716502991035451,0.7724143370011886
0.64561,0.772855,-0.655066,0.764852,144.260185,70.0,-0.6676832968102396,0.7450305903559045
-0.619809,0.875074,0.759089,0.492577,135.47993,70.0,0.7716447521178854,0.47670206981049146
-0.638215,-0.487858,-0.384929,-0.126781,173.067879,70.0,-0.39677491210814086,-0.1337112119514559
0.578405,-0.744284,0.303985,-0.307986,148.295127,70.0,0.28399452654490986,-0.3069690122389699
0.824398,-0.345073,0.533141,-0.388296,180.042113,70.0,0.514499401980904,-0.4060737282642479
0.360731,0.798619,-1.024934,-1.971862,141.821212,70.0,-1.016514280487247,-1.9638479948047
0.392509,0.907123,-0.837231,-0.745926,131.6124,70.0,-0.8261364179260093,-0.7559716083114559
0.018364,0.640518,-0.201996,0.929149,131.1978,70.0,-0.22195160223486196,0.9397865531580974
-0.812155,0.107161,0.986461,0.024718,157.012409,70.0,0.9889265122241019,0.029080953321363977
-0.94642,-0.47906,0.88727,-0.491853,152.987054,70.0,0.8746579752215249,-0.49730393462227024
0.435973,-0.596992,0.741461,-0.22102,165.408088,70.0,0.7235908179974841,-0.2379041396926638
0.360531,-0.563245,-4.894019,0.833154,91.866788,70.0,-4.911104737234837,0.8489213404000077
-0.453614,0.107342,0.417171,0.191191,254.347127,70.0,0.4335082996895271,0.18133928177896624
0.102295,-0.722916,4.275181,8.80892,187.334506,70.0,4.2764262510261295,8.792587342201463
-0.044398,-0.190002,0.44356,-1.346041,146.415838,70.0,0.43491440005221466,-1.358096967308335
0.641261,-0.325966,0.423542,-0.129711,193.88996,70.0,0.41146129133549203,-0.14011207148856342
-0.505635,-0.21539,-0.397629,-0.171151,231.002781,70.0,-0.4127303229200047,-0.17925776251080386
-0.058589,-0.713459,12.353267,26.618205,65.435385,70.0,12.371474037521821,26.627886018865276
0.888876,-0.658761,-0.698317,-0.427055,144.157493,70.0,-0.7152143522450035,-0.44584250674438053
0.206047,-0.967742,0.093462,-0.01379,183.278364,70.0,0.0920840923915252,0.004065666501941047
-0.846474,-0.683277,0.739244,-0.573165,144.213373,70.0,0.7337982866793761,-0.5901669349712919
0.157082,0.06879,-0.150494,-0.043433,376.38657,70.0,-0.15480324161076736,-0.02883294018261303
0.155134,-0.666189,0.05469,-0.411728,186.363306,70.0,0.03702308740548001,-0.39247110121802103
-0.637519,-0.778279,0.640391,-0.747097,144.266278,70.0,0.6515828221837126,-0.7670605749332772
-0.529109,-0.729375,0.685353,-0.578108,152.86873,70.0,0.680384524977331,-0.597300263638553
-0.607722,0.012526,-0.645418,0.020083,183.357867,70.0,-0.6434130733046668,0.00015605344567911142
0.526539,-0.457939,0.64617,-0.365825,187.285794,70.0,0.6268336341235002,-0.3857453841396401
-0.584054,-0.189356,-0.446249,-0.089605,213.557752,70.0,-0.4549127260784355,-0.10187442477191001
-0.511516,0.943796,-2.484868,0.792933,114.921079,70.0,-2.4995327679110466,0.8127316119326013
0.381242,-0.470946,1.052421,-0.107589,146.187685,70.0,1.0421735536810142,-0.09714009784767676
0.808188,-0.784556,0.176703,0.107825,138.045017,70.0,0.1869707059967003,0.12051376133098228
-0.025764,0.976983,-2.844417,-1.360658,81.399172,70.0,-2.854356419791161,-1.362354320743953
0.155794,0.430945,4.61166,-29.936216,86.098919,70.0,4.629621448724261,-29.94586842098469
0.896894,0.097747,-1.559153,-0.141013,130.397513,70.0,-1.5721146666583494,-0.13984932489722196
0.831348,0.460827,-0.755121,0.394673,161.162941,70.0,-0.7367198466394982,0.3785598568475555
-0.874081,-0.673429,0.560994,-0.299767,143.940815,70.0,0.5410457619825947,-0.3186445117614987
-0.329578,0.784639,2.159823,-0.053193,134.002751,70.0,2.154566190793598,-0.05709695917607213
-0.571813,-0.45765,0.608752,-0.418691,183.71978,70.0,0.5914220985556311,-0.43859536403490385
0.273101,0.003494,0.256503,0.003035,339.59867,70.0,0.2568064883517725,0.00872109791029419
0.729912,-0.36323,-0.296353,0.055816,177.30938,70.0,-0.2908435727853621,0.057594275089102046
-0.812479,0.665518,0.325866,-0.006174,145.202074,70.0,0.3252486980545928,-0.007344005086817039
-0.644365,0.162839,-3.551908,-1.462234,103.746168,70.0,-3.5690331946166594,-1.452984574992962
0.833847,0.473905,-0.623372,0.463914,161.098378,70.0,-0.6087215153928991,0.443920116729724
0.914113,-0.49672,-0.847537,-0.505035,152.937917,70.0,-0.8590993168787578,-0.5141765035811142
-0.375794,0.03355,-0.25652,-0.161994,265.535752,70.0,-0.27100532978182457,-0.15630953195790626
-0.129481,-0.183386,0.039716,-0.043153,345.501556,70.0,0.035434104945173385,-0.0235460459981359
-0.170231,0.928708,16.624218,22.153075,83.030432,70.0,16.60973733048626,22.155689799414034
0.7911,0.013034,-0.98762,0.000855,195.75199,70.0,-0.9875345002604274,0.005330988068175531
-0.931261,0.302459,12.86107,-14.481021,112.901234,70.0,12.864028581243817,-14.479078081075851
-0.576669,-0.081767,-0.723838,0.008386,116.963841,70.0,-0.7229996457056568,-0.00937603713818841
-0.251502,-0.986857,-0.439179,-1.258943,93.54901,70.0,-0.43940958874748864,-1.2706465458084435
-0.113766,-0.071614,-0.010198,0.049966,365.254029,70.0,-0.005253215188627234,0.06994000583175891
0.380488,0.86242,0.437856,0.175533,140.653662,70.0,0.45324098062418505,0.16393699225345867
0.685741,-0.751894,-0.690019,-0.737942,144.230742,70.0,-0.679597374095501,-0.756997787477021
0.916323,0.64499,-0.904951,0.285336,144.173374,70.0,-0.8851583359279516,0.2816053014551745
0.346926,0.789565,0.146467,-0.061289,278.808424,70.0,0.1404335765986742,-0.04641669536532427
0.22269,0.753942,-1.36967,-1.779125,112.91207,70.0,-1.3797660465700237,-1.7622349918034255
-0.494245,-0.777499,-0.282437,-0.228725,148.223375,70.0,-0.30063982605755835,-0.22556605765273102
0.582048,0.476363,0.640046,0.437784,180.105271,70.0,0.6563453447038518,0.4178183735332603
0.230706,-0.519369,-8.350606,-2.193348,160.515084,70.0,-8.330614313585366,-2.2055861619601713
0.972083,-0.205206,13.187367,-1.287857,85.558658,70.0,13.184257669701775,-1.307843598044905
-0.902562,0.643036,0.830884,0.455307,144.242214,70.0,0.8461066531759516,0.44471771376455327
-0.490453,0.956493,-0.675502,0.239926,139.80266,70.0,-0.656863901003939,0.22047999331023127
-0.229435,-0.115974,0.357905,-0.131109,308.26586,70.0,0.3457131727207785,-0.13544877524959015
0.828124,0.281894,-0.815588,0.318922,160.907231,70.0,-0.7955936706423267,0.30706732371938555
-0.20781,-0.655331,-7.664057,1.883397,96.734713,70.0,-7.663901142362168,1.8996609250265772
-0.153933,0.848188,16.029312,-1.212742,62.426431,70.0,16.033666350933593,-1.2120232081592301
-0.500516,-0.176481,0.256233,-0.060708,238.853276,70.0,0.25025499521798295,-0.05499602146322641
-0.119998,-0.8057,19.683449,13.351738,63.789599,70.0,19.66930904085976,13.341405172445928
0.602772,0.786109,-0.606269,0.738959,144.356254,70.0,-0.6167772924604991,0.7190804223902824
0.138414,0.327005,0.011852,-0.096012,325.10159,70.0,0.002615352111887695,-0.07604710720022692
-0.020712,-0.100383,-0.028936,-0.035403,376.950182,70.0,-0.0324578401353554,-0.015611958144271774
0.859663,0.3516,-4.032437,6.826854,142.166041,70.0,-4.024222498111668,6.83196017936554
-0.657527,0.951545,-0.832186,0.870878,130.624149,70.0,-0.850917997143125,0.8603993902251518
0.614969,-0.218036,0.333003,-0.16734,213.379032,70.0,0.31815427115869516,-0.1692215867210262
-0.522886,-0.1369,-0.635889,-0.959752,192.962349,70.0,-0.6159635531660751,-0.9797376737093942
-0.874745,0.166137,1.085127,0.296924,143.737182,70.0,1.1050527823546363,0.3100098398031321
0.258379,0.572768,3.042011,-0.381171,77.265243,70.0,3.0231231796386773,-0.3987426694212524
0.505464,-0.669269,-0.556163,-0.608676,161.116787,70.0,-0.5581240968201306,-0.627388451867879
-0.40244,0.192594,-0.340251,-0.056634,245.994895,70.0,-0.3458390160133436,-0.05923577863678619
0.928199,0.244861,16.509974,-0.035911,115.629243,70.0,16.506402165094585,-0.02299095839441284
-0.620862,-0.830991,-0.668658,-0.809058,139.879917,70.0,-0.6529456028480531,-0.8286525591109917
-0.468599,0.255421,-0.501784,0.213114,231.017918,70.0,-0.4842827009315014,0.1969849991113047
0.865947,-0.031515,-8.414908,-0.124377,115.009946,70.0,-8.426559365764911,-0.13098940717099936
0.319617,-0.203012,-0.065562,0.051431,325.842604,70.0,-0.06047539728588439,0.07036599457074749
-0.020124,-0.218089,-0.025923,-0.305353,198.216307,70.0,-0.045903615554722374,-0.2855207654125733
0.572449,-0.852907,0.881906,-0.69998,139.985707,70.0,0.8889197916053426,-0.7059450056693521
-0.805148,-0.119913,-2.090666,0.060056,134.136162,70.0,-2.084750246214192,0.04973480719683721
0.627872,0.642502,0.722361,0.571862,156.935231,70.0,0.7279319736665801,0.5540325580136346
0.524186,0.000379,-0.928558,0.002164,193.019291,70.0,-0.9283416042223865,0.0007731439158821735
0.367417,-0.828634,0.542129,-0.130569,179.920382,70.0,0.5299800237621537,-0.14874040584949022
-0.843942,-0.132419,-1.539876,0.063548,169.451059,70.0,-1.5336275902588459,0.06662772993650323
0.43285,0.909609,-0.092078,-0.1602,92.031914,70.0,-0.10643904877629473,-0.14228241420753188
-0.205917,-0.849327,1.69403,1.001799,116.660073,70.0,1.674903320506393,0.9902407516276561
-0.633657,0.119744,-3.498407,-0.559676,208.565772,70.0,-3.5051372822021754,-0.555442755529802
0.537715,-0.630931,-0.269752,-0.100504,161.740326,70.0,-0.27938471044096685,-0.09609967169251257
-0.058883,0.350543,-0.124276,-0.049155,216.745389,70.0,-0.12914216216594937,-0.03289348293158901
-0.415652,0.131795,-0.157054,0.013745,285.124304,70.0,-0.1556805817338721,0.027888948011726356
-0.928356,-0.871171,-0.341859,0.073415,129.201408,70.0,-0.3346812633710847,0.07065387359737903
0.222219,0.841812,-15.263421,0.012094,82.614187,70.0,-15.262212336918141,0.024228196117913367
0.326529,-0.022814,-0.188043,-0.029595,325.306863,70.0,-0.19099171132028864,-0.017802712271812536
0.561979,-0.824437,-0.05979,-0.037739,146.507869,70.0,-0.06354154437995456,-0.018626074826872157
-0.310386,-0.650488,-0.222491,0.714021,146.700749,70.0,-0.23080136230952852,0.7228702247736968
-0.744353,-0.341058,-0.470523,-0.041428,180.544987,70.0,-0.4746362376536912,-0.05551942349633969
-0.163256,0.149781,0.221629,-0.156691,342.465551,70.0,0.2075143715388043,-0.14776455456389448
-0.627126,-0.107882,-1.104644,-0.279054,122.246462,70.0,-1.1243366952947345,-0.2645568017813466
0.81885,0.416385,0.806256,0.433974,165.141148,70.0,0.8227731660837,0.42138090099844194
0.18007,0.442866,-0.372219,1.052231,104.807617,70.0,-0.38928237717221903,1.0465062317176825
-0.750745,0.225213,0.588301,0.099138,190.667089,70.0,0.5978137743310256,0.07953701680007524
-0.84869,0.062422,-0.221389,-0.01845,186.401437,70.0,-0.22323138426903105,-0.009502084060937391
-0.868259,-0.82539,0.005477,0.157318,132.836177,70.0,0.019635980690344952,0.17731050108641108
-0.337835,0.007005,-0.489782,-0.01586,225.278942,70.0,-0.4913663382650529,-0.031250712662076074
-0.260359,0.144079,-0.206569,-0.02979,316.918528,70.0,-0.20953699681309548,-0.01954244501681882
-0.467874,0.449202,-0.62699,0.198197,187.229789,70.0,-0.6102586793508165,0.17819744124684464
-0.26169,-0.226533,-13.170709,-7.17442,173.998509,70.0,-13.151361880549775,-7.194276410306895
0.653858,-0.601969,-0.658587,-0.448045,160.955632,70.0,-0.674270526477398,-0.4678163917885093
0.712625,-0.918332,0.838034,-0.771383,130.613019,70.0,0.8511512156845382,-0.7813590917342705
-0.401811,0.76065,6.11324,-0.221192,126.341112,70.0,6.095362101031374,-0.20798822861147634
0.245058,0.689895,-0.912577,0.363642,157.613035,70.0,-0.8931860190416263,0.36066304671479077
-0.926624,0.228428,9.668119,-0.834912,129.376958,70.0,9.685295457169605,-0.8418467604725642
-0.813872,-0.74068,-0.769748,-0.661637,139.800718,70.0,-0.7664315431636511,-0.676841364875648
-0.60276,-0.584565,-0.736163,-0.502035,164.980655,70.0,-0.7479687933728418,-0.5191971648335105
-0.777294,0.021252,1.39227,-0.024824,145.315162,70.0,1.3897939689744658,-0.009249491262291899
-0.821091,-0.077719,4.00061,0.089367,104.159693,70.0,4.009252268904366,0.09747291370051119
-0.222696,-0.858643,0.160402,-0.04101,106.109678,70.0,0.1563296777460095,-0.027104731656131264
0.781715,0.289498,-0.740809,0.397638,169.039019,70.0,-0.7225260281034668,0.3807190017588518
-0.403513,0.163535,-0.84221,0.231449,234.323455,70.0,-0.8238960109903415,0.22183699651368008
0.533299,-0.843507,0.703531,-0.43829,148.766562,70.0,0.687261030486132,-0.4568923597720605
-0.824265,0.577889,0.703875,0.614925,152.873835,70.0,0.7052133522042462,0.5963353015113355
0.581,0.866171,0.039452,-0.127528,137.674064,70.0,0.027545983318762998,-0.10791585495690259
-0.261773,0.389107,0.394929,0.123156,148.874938,70.0,0.4064809085999721,0.11529679375517946
-0.27626,0.90622,-14.738002,16.388144,79.236073,70.0,-14.732873706906567,16.385404294399304
0.842689,-0.918354,-0.259647,0.078492,127.211898,70.0,-0.2519977492251592,0.08387598182558875
-0.778526,-0.679244,-0.363134,-0.091336,147.752746,70.0,-0.37195341542908505,-0.09618467537029224
-0.061521,0.024445,-0.031907,-0.000282,354.31017,70.0,-0.03193519999065593,0.0194640251921485
0.85517,0.846953,0.67324,0.551422,130.718053,70.0,0.6807415922133613,0.5319243672912929
0.740571,0.785039,0.738919,0.781545,139.784618,70.0,0.7250519318175332,0.764525972121385
0.144042,0.907582,-0.10234,-0.183754,193.56129,70.0,-0.11823711719197634,-0.1663157330877945
-0.266292,0.433599,-0.276735,-0.22651,110.648302,70.0,-0.2948449446048282,-0.2227893750582348
-0.507061,-0.171687,-0.111454,0.02384,235.533089,70.0,-0.10907564155685896,0.04081404180561208
0.454962,0.552251,0.071141,-0.095052,174.317848,70.0,0.06198960704348133,-0.07630397590769411
-0.322738,-0.254997,7.675005,-1.992148,109.908971,70.0,7.685218368310747,-1.9765452800719452
0.267554,0.779274,0.337018,0.651436,85.689097,70.0,0.33471139729143623,0.6491551000305097
-0.736596,0.038756,0.779912,-0.014519,147.394065,70.0,0.778461374924409,-0.029043697020603415
-0.625992,0.947652,-0.9298,0.730394,130.679018,70.0,-0.9395701307825245,0.7291270692458969
-0.816108,-0.323609,-0.80048,-0.444814,165.28819,70.0,-0.816361967075627,-0.4578505082825164
-0.899824,0.653776,0.693334,0.380285,144.130365,70.0,0.7122507687884081,0.36133247947616276
0.010698,-0.201853,4.61866,0.055433,127.090402,70.0,4.624132598989614,0.046399445850780346
-0.540165,-0.558796,-0.453458,-0.084334,172.305263,70.0,-0.46164369484559364,-0.09716463891940172
0.309077,0.663853,3.081872,-6.631127,165.654898,70.0,3.062156635383073,-6.650241966393438
-0.626953,0.798205,0.403933,0.164716,143.600309,70.0,0.4186046698221652,0.15603706887923952
-0.569656,-0.215378,-0.352717,-0.140816,219.355677,70.0,-0.36566365745517865,-0.14464793291952058
0.147056,-0.426538,-16.794078,5.353778,129.998444,70.0,-16.774120694221377,5.340617623636323
-0.825678,0.832106,0.671011,0.525713,135.054106,70.0,0.6808273474681075,0.5061669341290841
-0.802023,0.403838,-0.665587,0.402223,165.124258,70.0,-0.647494682364244,0.38256923109675683
-0.702138,-0.833977,0.135878,0.146189,137.010247,70.0,0.14922947053886995,0.16174812275608785
-0.650559,0.059324,2.674502,0.488704,173.306468,70.0,2.6873568475156095,0.5025497896243424
-0.944278,-0.481596,0.710901,-0.218174,152.780366,70.0,0.6931604211775205,-0.23649312093229785
-0.192084,-0.361502,-3.607007,0.873953,135.345262,70.0,-3.625844527147688,0.8876773390478888
0.228814,-0.327095,0.067628,-0.947152,198.44473,70.0,0.08762253820303306,-0.9282845335922896
0.513494,0.290067,-0.462188,0.211438,216.510408,70.0,-0.44476843380995973,0.19795011994373682
-0.843822,-0.111306,-0.562026,0.067774,212.461778,70.0,-0.5553775686663865,0.048862652619232456
-0.722589,-0.549566,0.64707,-0.569161,160.994331,70.0,0.6412401322299879,-0.5890731599742722
-0.561249,-0.906868,0.904282,-0.713036,135.442291,70.0,0.9125026677724669,-0.7168324033441076
0.262457,-0.890386,-5.263507,-2.544071,79.467812,70.0,-5.266574531622931,-2.536541237705407
-0.722342,-0.409902,0.502806,-0.482149,176.468832,70.0,0.48945597909786426,-0.49833822113290216
0.773336,-0.538957,-0.101993,0.103229,159.267855,70.0,-0.09212237977754623,0.12068423186629665
-0.254064,-0.053364,-0.127102,-0.008551,340.045671,70.0,-0.1279568395047652,0.007544381425093675
-0.888244,-0.724691,-0.750531,-0.518201,139.717273,70.0,-0.7609947625549209,-0.5345817794350219
0.118947,-0.856647,-1.261045,-7.422332,85.629613,70.0,-1.2499601629658676,-7.402336857283974
0.336929,0.768499,5.185678,8.670255,88.035996,70.0,5.1738785924888555,8.684251429689825
0.168764,0.423551,-9.283123,-34.354785,86.661512,70.0,-9.30009857134201,-34.36997470575981
0.621945,-0.96633,0.822492,-0.834052,130.641446,70.0,0.8396242430588639,-0.8453436771390649
0.897791,-0.818586,0.537547,-0.347951,130.967215,70.0,0.5178317918674802,-0.36592624920341565
0.031983,-0.46897,-0.012132,0.106928,255.961187,70.0,-0.0019413738061770536,0.12689121492571462
0.021374,-0.769972,-4.374947,-0.123886,103.306849,70.0,-4.386558423109059,-0.14375063177611067
-0.917278,-0.691066,-0.913557,-0.645112,139.836186,70.0,-0.9118796257531047,-0.6479940110928419
-0.749369,-0.646238,0.25141,0.026673,151.569292,70.0,0.25406940016315205,0.03284548480254777
0.675133,0.955416,0.733781,0.80455,130.583698,70.0,0.7183514846571893,0.7872667469771092
-0.329198,-0.823252,5.702712,0.319582,126.248291,70.0,5.722704648937615,0.3001515672434657
-0.398725,0.633199,-1.514934,1.506945,156.311777,70.0,-1.495944620122312,1.5124588805045747
0.181848,0.316978,-2.18122,1.33101,163.389303,70.0,-2.17395293387235,1.3292229009587007
-0.544246,0.856617,0.17381,0.6331,178.771218,70.0,0.1733318986188672,0.64601104737286
-0.843624,-0.787979,0.765997,-0.67862,135.262052,70.0,0.7709742832859953,-0.6940653669836115
0.431466,-0.350392,-0.372977,0.060834,210.841516,70.0,-0.36698697242212897,0.05503664459834979
0.96157,-0.889312,-0.646598,-0.966826,125.779477,70.0,-0.6267460258003429,-0.986742523384955
-0.660334,-0.240914,-0.093877,0.029663,212.239377,70.0,-0.09092156316297037,0.047499932892731536
0.960111,0.581501,-0.803995,-0.008218,135.959612,70.0,-0.8048165687666313,-0.020985941970393655
-0.712875,0.715211,-0.287068,-0.037368,147.356165,70.0,-0.29078309647648126,-0.03466715056385932
0.55884,0.423486,-0.370274,0.165038,190.436489,70.0,-0.3555804661037863,0.15949986130374
-0.463807,0.796321,-0.667399,0.188774,149.11628,70.0,-0.6512023094597266,0.16915460742250737
-0.228557,0.648613,0.030175,0.290661,237.739419,70.0,0.05003711660511674,0.31043379882145816
-0.766864,-0.676889,-0.640214,-0.506093,148.47397,70.0,-0.6516898274940888,-0.5260576348799882
-0.478234,0.327857,0.556695,0.226245,216.52226,70.0,0.5747936833784227,0.20751383465245335
0.29234,-0.63652,-0.988069,-4.609463,123.455994,70.0,-0.9706595010221791,-4.604943262126402
0.007421,0.720465,0.906336,-0.117536,129.807095,70.0,0.8952473651002298,-0.12113054108504571
0.852667,0.766522,-0.377625,0.081552,136.08136,70.0,-0.3696939204194273,0.0753114055349163
0.938173,-0.131074,0.198911,-0.02205,184.816231,70.0,0.19671046427142994,-0.011152478333763245
-0.952778,0.663826,-1.85908,0.572959,130.30713,70.0,-1.8536144679124813,0.5531261532120396
0.928619,-0.706633,0.577397,-0.19289,139.358124,70.0,0.5609622877438262,-0.21224524377575282
-0.373483,0.878231,-10.409779,5.460824,83.186508,70.0,-10.393278867959229,5.456603641531641
0.426713,-0.242893,-0.451659,-0.229261,239.148637,70.0,-0.469883967032273,-0.24195312109242495
-0.301254,0.820293,-0.92716,-0.398284,205.593838,70.0,-0.9454166890695763,-0.39981428250968676
0.672275,0.933049,0.864203,0.760422,130.637075,70.0,0.8519324906089856,0.7527928227446962
-0.25111,-0.412081,-0.370555,-0.499479,135.461534,70.0,-0.3825661418047952,-0.5050441344196253
0.151297,0.847455,-21.086291,-6.939322,63.710711,70.0,-21.08351814473762,-6.935582123351645
-0.816686,-0.036775,-0.252188,-0.031241,174.622812,70.0,-0.2552994108163148,-0.025142563830418154
-0.081009,0.489295,-1.341971,-1.081515,96.786668,70.0,-1.326612308714979,-1.0633080197141085
-0.41233,-0.030395,0.561489,-0.100462,248.114617,70.0,0.5518599705322295,-0.1193558038353212
-0.845052,-0.785177,0.742972,-0.637634,135.284816,70.0,0.7439032101407822,-0.6544366663917415
-0.471463,0.121904,-0.437381,0.123828,256.776314,70.0,-0.42577429979431874,0.11227072595301898
0.844367,-0.72713,0.826198,-0.697877,139.793505,70.0,0.8330144632800447,-0.708860871899371
-0.879535,-0.349062,-0.01428,-0.099103,207.119949,70.0,-0.023789695442827007,-0.07915395794601653
-0.677021,-0.699482,-0.633281,-0.578852,148.593501,70.0,-0.6381773731428547,-0.5988458437905064
-0.201023,-0.587784,-6.897061,-0.750232,133.449785,70.0,-6.885610744343261,-0.7701798737669847
-0.882362,0.141167,-1.674721,0.000443,142.607287,70.0,-1.6746767000362242,-0.00948806504845366
0.600038,0.837871,0.706679,0.770453,139.91295,70.0,0.6936321298892508,0.7519685534651621
0.098039,-0.250546,-10.875716,3.855464,158.205318,70.0,-10.867419252280303,3.844182849397994
-0.930028,-0.978403,-0.629199,-0.450125,121.172078,70.0,-0.6447526087286373,-0.47012480619377384
-0.013229,-0.332054,-0.156884,-0.213725,259.227437,70.0,-0.17441479008878638,-0.19956903782466895
-0.824754,0.359106,-0.150731,-0.041789,154.727025,70.0,-0.15487955922823887,-0.027205148051329668
-0.511841,-0.506879,-0.675096,-0.3291,180.15752,70.0,-0.6950402195602104,-0.3485554562575506
0.888689,0.202411,9.864339,-2.334852,134.938465,70.0,9.879906969235885,-2.323117495795798
-0.07619,-0.527051,0.759192,1.290981,81.334059,70.0,0.7626095400222813,1.2751123368770187
-0.151083,0.754021,1.070192,-26.682455,77.150273,70.0,1.0503030156804363,-26.670534026941684
0.823731,0.4491,-0.395369,-0.004468,161.788843,70.0,-0.39581576283643105,-0.012367647631930585
0.029516,0.075879,0.062985,-0.124845,374.481436,70.0,0.051295627982525106,-0.10582860775049482
-0.700979,0.645527,0.695461,0.590859,152.790065,70.0,0.6991850898599908,0.571975482550001
-0.620457,-0.029156,-0.117716,0.030797,294.878323,70.0,-0.11464845623527029,0.04743159747465889
-0.029226,0.796098,7.941121,-18.814146,118.902452,70.0,7.944643521471327,-18.822586844667406
0.0264,-0.287618,-0.258065,-0.435869,231.18676,70.0,-0.2744745714443188,-0.4303328282193852
-0.003219,-0.103417,-0.000167,-0.057338,374.504812,70.0,-0.005822577544189303,-0.03733800697224959
-0.125611,0.853852,3.909965,1.693215,72.72857,70.0,3.926333940030416,1.7085083762898814
0.690768,-0.265377,0.271757,-0.243745,180.500424,70.0,0.25298379110400737,-0.23953646766701192
-0.191515,-0.785329,0.066788,0.354605,227.223786,70.0,0.08638042750413875,0.37350016548635573
0.972554,-0.278174,-0.271307,0.176577,187.292066,70.0,-0.25585552300228553,0.18082951407753503
0.724612,0.560885,-0.594842,0.488496,160.957982,70.0,-0.5819712249253145,0.4687755160131082
0.799467,0.646112,0.762586,0.660413,148.582808,70.0,0.7593903099582513,0.6447531901636556
-0.790052,-0.411906,0.709551,-0.433991,169.004764,70.0,0.6930347925680583,-0.45236387580202064
-0.897019,-0.201898,-13.518687,2.59857,105.5331,70.0,-13.510413637846545,2.5995534621901233
0.708159,0.025879,1.591102,0.047465,161.158949,70.0,1.5958040689997652,0.045437919399686215
0.951512,0.070582,-3.913429,-0.209361,96.102355,70.0,-3.930745581229309,-0.19429313465283116
0.276497,-0.917887,-19.20329,-18.293916,98.597804,70.0,-19.196181045195278,-18.29784770652146
-0.922776,0.901755,0.718703,0.793789,125.806266,70.0,0.7039801610100962,0.7757968143065614
-0.196946,-0.071036,0.032239,0.04409,350.567067,70.0,0.03661237509644995,0.06383072386542997
0.100792,0.006067,0.013035,0.003924,369.7043,70.0,0.013427374825120792,0.023881537227987987
-0.037725,-0.039946,0.037477,-0.04002,355.400991,70.0,0.033501653270813295,-0.020370105140325383
0.628586,0.640654,0.700673,0.554124,156.937533,70.0,0.7079234418461502,0.5354185799578527
-0.522003,0.694727,-0.595795,0.301124,156.831214,70.0,-0.5758374645002825,0.2813878627663353
0.282961,-0.277457,-0.541052,-0.172503,184.536593,70.0,-0.5562416208927358,-0.19062915286193063
0.784985,-0.759888,0.770071,-0.730519,139.781517,70.0,0.7798520358765055,-0.7457023607873414
0.556127,0.830205,-3.423615,1.110993,137.142383,70.0,-3.436925847961599,1.1077931196032633
-0.739338,-0.057447,-0.536469,-0.013263,189.610231,70.0,-0.5377943281067357,-0.0311907249332902
0.48021,0.895879,-4.8485,-1.649856,113.585092,70.0,-4.8669576341918255,-1.637271508875187
-0.964818,0.300981,6.631511,0.450155,150.479486,70.0,6.647062722574279,0.44675495135498194
0.584908,0.544608,-0.010117,-0.103612,170.621125,70.0,-0.020020912693249168,-0.08363758296632076
-0.772867,0.427859,0.633597,0.464348,168.962814,70.0,0.6482179059788892,0.4443549651551746
-0.970866,0.662083,-1.204138,0.06667,130.771619,70.0,-1.197593791079337,0.08598490950426674
-0.365278,0.77233,0.842125,1.168086,104.167562,70.0,0.8335563857227967,1.1584665433933996
0.55128,-0.640655,-0.740384,-0.453032,161.020808,70.0,-0.7557532208136363,-0.4699736236745477
0.509027,-0.78438,-0.658772,-0.553358,144.57306,70.0,-0.6660937777923207,-0.5731265941729503
0.923415,-0.164462,1.298536,0.130922,101.526882,70.0,1.3107129981663745,0.15048472252281572
-0.113064,-0.274443,-4.830435,7.714409,110.522471,70.0,-4.8151106595230155,7.725540044120695
-0.556101,-0.387906,-0.3627,-0.091261,194.452201,70.0,-0.3715126833981461,-0.09606755869797491
0.465897,0.336626,-0.614698,0.166775,210.418451,70.0,-0.5998871806421573,0.14682136179138167
-0.326655,-0.088224,-0.239785,0.03469,337.280629,70.0,-0.236333367941558,0.0419571897385258
-0.775726,0.37846,-0.364494,-0.170018,164.21379,70.0,-0.3795207960116131,-0.17499850509488138
0.775701,-0.787529,0.661787,-0.549297,139.662075,70.0,0.6540888489905651,-0.5690176182761324
0.007188,0.808548,-1.822241,-40.476191,71.601323,70.0,-1.8416104542212466,-40.49521575061805
-0.732283,0.513487,-0.569329,0.497857,164.956361,70.0,-0.5571885624329452,0.4787206527960485
0.173532,0.558513,-1.420961,0.81726,167.920031,70.0,-1.437167509586521,0.8308807216256661
0.925446,-0.023053,8.951805,0.048728,111.002692,70.0,8.956629734282346,0.06299221927954962
0.546269,-0.863533,-1.011865,-0.317803,137.276894,70.0,-1.0318616808912746,-0.3110026403432817
0.598796,-0.033177,-0.277114,0.072239,294.378624,70.0,-0.2700461524362995,0.07592237987252225
0.386131,-0.299563,1.017913,-1.236721,136.663988,70.0,1.0199013162352442,-1.2293550707367102
-0.755836,0.663556,-0.7273,0.627721,148.561188,70.0,-0.7272402470170974,0.6101207456110646
0.387039,0.96721,0.977749,-1.621055,135.211968,70.0,0.9583771674494352,-1.6175461342877442
-0.09711,-0.124123,1.086767,0.013269,150.445889,70.0,1.088092926787319,0.026478422160925844
-0.13902,-0.507046,0.324661,0.38487,127.552655,70.0,0.3434239647437996,0.3838203090522191
0.084313,-0.943987,-19.326465,41.573643,75.396968,70.0,-19.316473642662622,41.559105658939814
0.40234,0.123077,-0.776777,0.02369,242.242181,70.0,-0.7744135357856947,0.008951581633220117
0.561339,0.422539,-0.301396,0.085064,190.202953,70.0,-0.29314375413955657,0.08633946040063542
-0.391329,0.928293,-0.650195,-24.263925,92.547105,70.0,-0.6688537584564545,-24.283805474266376
-0.175809,-0.821366,-5.150319,-1.024812,72.889936,70.0,-5.131989930826405,-1.0085211215789802
-0.699394,-0.706577,-0.717532,-0.614125,148.540855,70.0,-0.7189501619649535,-0.6321680140734061
0.552862,-0.046089,-1.063407,-0.248094,201.274668,70.0,-1.0823257309847152,-0.23672458217954986
-0.616142,0.504022,-0.53583,0.285226,172.784432,70.0,-0.5160389187192215,0.26732669172011786
-0.9055,-0.732494,0.225839,0.044117,136.599082,70.0,0.23021500971428702,0.05266475442841742
0.96714,0.718667,-0.866298,0.77709,135.31778,70.0,-0.8798406283441735,0.7696548965858144
0.630077,-0.291532,-0.463276,-0.367559,197.520559,70.0,-0.48256734205138363,-0.381127014921191
0.224193,0.008086,-0.166002,-0.003068,357.819889,70.0,-0.16630878796767057,0.010429367614476246
-0.096389,-0.012629,0.090406,-0.008129,369.105504,70.0,0.08959332380215075,0.00986224535198563
-0.254961,0.863579,0.064284,-1.733894,83.161353,70.0,0.05057374169555333,-1.7149182444660502
0.171068,-0.857678,-0.040191,0.228881,290.76837,70.0,-0.021981716432048392,0.24847852803473192
0.998203,0.79574,0.815424,0.751503,130.644983,70.0,0.8038697675036123,0.7396351191722101
0.003446,-0.086315,-0.002922,-0.045348,375.520638,70.0,-0.007418043305676933,-0.025350134483032104
-0.702231,-0.402741,-0.503099,-0.333756,180.038959,70.0,-0.5230030687860784,-0.3499624079394086
-0.874041,-0.005089,1.402013,0.003881,195.671473,70.0,1.402401075643689,0.01882603218908175
0.471378,0.456733,0.613562,0.188368,194.133875,70.0,0.6297348388544972,0.16842241410766431
0.314853,-0.266644,0.341674,-0.144785,222.675483,70.0,0.32842739154456396,-0.14752780237295982
0.511776,-0.574459,0.709498,-0.412007,172.725755,70.0,0.6918441819406732,-0.430381969116968
-0.938726,0.832642,-0.940397,0.781366,130.571475,70.0,-0.9542511639313653,0.7811579241461394
0.222063,0.208927,-7.321883,8.614746,116.907386,70.0,-7.33765547048206,8.624001082654116
-0.563856,-0.720464,0.692349,-0.338165,152.713427,70.0,0.6724928959417386,-0.3571487496796148
-0.846202,-0.116309,-5.697699,-0.755617,130.557408,70.0,-5.68581143401532,-0.7751601004761668
-0.808177,0.976082,0.894753,0.929137,125.768576,70.0,0.8747974777146489,0.9244096835658835
-0.981484,0.196462,-9.969241,1.355517,86.735149,70.0,-9.9597509337165,1.3737846665244502
-0.069766,-0.551111,0.768817,2.079369,77.688695,70.0,0.7522959510681904,2.0641043160042387
-0.527686,-0.821899,-0.065625,-0.281365,166.909552,70.0,-0.08535673590779828,-0.2624320347822789
0.346003,-0.719184,-17.271346,-13.330296,92.484698,70.0,-17.25880073368563,-13.331037189710447
0.67863,-0.26373,0.148109,-0.962906,179.411282,70.0,0.16800476279213522,-0.9481439807567174
-0.512965,0.599311,0.389914,0.299855,169.150245,70.0,0.40986286879966394,0.29245937311074144
0.620502,0.770783,-0.616674,0.699666,144.320899,70.0,-0.6236583771319841,0.6796998891989351
0.550031,0.364233,0.397542,0.176843,200.618083,70.0,0.41301035232939204,0.1687441915074193
-0.339899,-0.688964,-5.353805,-1.753333,81.061518,70.0,-5.366037500297933,-1.7546418129244334
0.575716,0.051249,-0.353025,-0.085208,248.719448,70.0,-0.36129036077743676,-0.0890701577552187
-0.653818,-0.726435,-0.696348,-0.609422,148.553015,70.0,-0.6982348428464727,-0.6282761103433718
0.808052,0.92224,0.517364,0.297563,130.014553,70.0,0.5372951804979879,0.2805625956605532
0.086932,-0.938473,4.14618,1.592578,132.083912,70.0,4.166061506868492,1.5864663953409297
-0.919361,0.302711,0.351914,0.310546,160.930025,70.0,0.371910736167137,0.30679291009676357
-0.334292,-0.44525,-0.83773,0.799016,133.444118,70.0,-0.8528015484390823,0.7890135716801598
0.680658,-0.179047,0.25126,-0.035627,241.677938,70.0,0.24771611210700045,-0.029440249174197505
0.76048,-0.617155,-0.715763,-0.6419,152.804547,70.0,-0.7144058966593461,-0.6600186256748575
-0.520758,-0.371425,-0.355432,-0.057922,201.13427,70.0,-0.3611435697651239,-0.06202004178889091
-0.545918,0.748665,-0.380939,0.624684,148.711225,70.0,-0.3805755669326543,0.6181294226736131
0.819452,0.522466,0.740002,0.515769,157.03647,70.0,0.7506722430683694,0.49880710533386813
-0.915629,-0.983058,-0.591978,-0.368973,121.270402,70.0,-0.6112315535828198,-0.3886437488298811
-0.256494,-0.899858,-23.047092,-2.902809,73.113076,70.0,-23.065688361999097,-2.913556613740998
0.083187,0.116715,-1.135116,0.340793,266.143733,70.0,-1.1152930770342286,0.35721335015942834
-0.363473,-0.886683,-0.871097,-0.931644,114.468347,70.0,-0.8511263356100693,-0.9386314998929546
-0.487007,0.870639,0.040313,0.119581,191.619996,70.0,0.05157124314864229,0.13917608920527857
0.829063,0.061999,2.717709,0.179896,135.352746,70.0,2.7333690713310554,0.1903262380807998
0.014441,0.710072,-3.384565,-27.147303,64.445939,70.0,-3.37249264677193,-27.15427233065568
0.182161,-0.422966,0.010435,-0.164476,246.031309,70.0,-0.004220348878342623,-0.1445032161313607
-0.786062,0.660032,-0.714355,0.624467,148.560992,70.0,-0.7139698707338957,0.6062892056066138
-0.841859,0.875682,-0.843051,0.874937,130.550167,70.0,-0.861921357455979,0.8653988319160936
-0.413158,0.053898,-0.006139,0.000452,286.556295,70.0,-0.006093800038477244,0.020442578909484147
-0.135411,0.149273,0.268577,0.052543,307.001616,70.0,0.2737710669992141,0.05706186713643499
0.82687,-0.795645,-0.745608,-0.66012,135.273675,70.0,-0.7424412369284916,-0.6767782397827522
-0.412721,-0.595169,-0.441453,-0.018644,205.484452,70.0,-0.4433147009101697,-0.03053118522834833
0.995178,-0.040645,1.754998,-0.132669,176.757743,70.0,1.7426828811805355,-0.14859324207823466
0.880579,-0.102372,3.528007,0.036418,164.29713,70.0,3.5316287082847477,0.04348735188329383
-0.559044,0.1547,-0.406209,0.178896,231.030488,70.0,-0.3906113258816756,0.17001258165033578
0.038226,0.46713,-13.035319,-2.311976,71.683932,70.0,-13.018419797412488,-2.3259552480399557
-0.947522,0.990915,-0.839527,0.930028,120.81541,70.0,-0.8594882631553993,0.9201815854989595
0.307254,0.017966,-0.081403,0.004969,318.206887,70.0,-0.08090615111899943,0.023335131680405227
-0.037817,0.414769,-0.178101,-0.13873,125.968925,70.0,-0.1908879596759507,-0.12614960949800047
-0.981532,-0.607792,-4.792745,-9.597927,108.740875,70.0,-4.777513431672382,-9.590105853932757
0.844049,-0.065231,-0.383323,0.038054,147.718765,70.0,-0.37954051941534295,0.031274660058306106
-0.332543,0.95125,10.401062,2.033985,79.406972,70.0,10.387500402202281,2.030620450983143
-0.337902,0.881965,-0.14691,0.07031,171.746546,70.0,-0.14002293154657125,0.08515264885003636
-0.817405,-0.120987,3.923703,-0.760562,115.486617,70.0,3.935984561832885,-0.7461893019458108
0.575662,-0.841176,0.681063,-0.22016,140.297137,70.0,0.6632316009653294,-0.23946852684798356
0.355275,-0.890114,-0.02449,0.025443,182.282115,70.0,-0.02195255712839928,0.045293247231479955
-0.149191,0.539692,17.694596,14.450408,82.166506,70.0,17.694687820328745,14.46787862869826
0.608833,0.658029,0.745864,0.531035,156.944827,70.0,0.7552132410633374,0.5143909410399349
-0.505296,-0.507854,0.104777,0.076375,182.288634,70.0,0.1122302212515196,0.09369264512222467
0.50417,-0.420142,0.644789,-0.311937,194.165256,70.0,0.6247902346031291,-0.331869219230318
0.670584,0.504467,-0.567098,0.407252,168.889874,70.0,-0.5492257290421206,0.3881816949315549
0.571861,-0.740476,0.47676,-0.744379,148.748126,70.0,0.48772553626438286,-0.7589060986389585
0.825597,-0.193393,-0.697396,0.24682,175.566476,70.0,-0.6785189749766741,0.2280011123451454
-0.354696,0.628841,-7.012364,-1.033668,95.8104,70.0,-6.994407146304997,-1.0511782506710703
0.932792,-0.56823,-0.728264,-0.667667,144.528021,70.0,-0.7243544887026498,-0.6852212649272631
-0.234474,-0.81169,1.205929,0.566382,134.738287,70.0,1.2120241280289552,0.5857426093093673
-0.069115,0.381951,2.332436,-18.483288,101.438371,70.0,2.351761003371421,-18.470921562024653
-0.551464,-0.455848,-0.337881,-0.130887,186.854172,70.0,-0.35005522148088897,-0.13325361541216932
0.565094,-0.461346,-0.628077,-0.41533,183.716782,70.0,-0.6455722228426596,-0.4353299854157298
0.15189,0.80698,-0.70962,1.406102,136.185199,70.0,-0.696026423389202,1.3877318513903254
0.910994,-0.927963,-0.848627,-0.956227,125.740183,70.0,-0.8286742415423782,-0.9652714206396706
-0.269128,0.764937,-13.728006,0.83661,88.269073,70.0,-13.745268820988894,0.8543957777912865
0.289824,-0.933585,0.244465,-0.370476,104.81543,70.0,0.22525266847430536,-0.3636467717305977
-0.760954,0.649034,-0.542001,0.284492,148.85131,70.0,-0.5222206334865205,0.2663259448412456
0.320195,-0.474365,-1.360936,-1.737921,134.211571,70.0,-1.3743503090644933,-1.7205794894524113
-0.657194,0.533718,0.415722,0.162245,168.437049,70.0,0.4302246253259522,0.15251964046096697
0.205438,0.789231,8.846118,1.669395,71.211077,70.0,8.863736403044307,1.6887816673071543
0.601009,-0.839281,0.695111,-0.794484,139.912616,70.0,0.7098807894905186,-0.8133790189929143
0.202822,0.832741,7.854471,-6.656487,95.164948,70.0,7.835339102939431,-6.6565359365537216
-0.124585,0.092823,-0.069635,0.063728,363.576334,70.0,-0.0633694938013125,0.08252793873299842
0.082879,0.954505,3.895274,-0.828799,102.992311,70.0,3.912129330973762,-0.8126009925332849
0.36377,-0.112361,-0.108763,-0.001946,297.661487,70.0,-0.10895759692945681,0.015168820313570277
-0.444823,-0.13702,-0.442938,-0.13656,256.72823,70.0,-0.455557355198381,-0.14856628010578687
-0.898566,-0.190499,-10.085787,-1.717316,105.600226,70.0,-10.100655782347367,-1.6975825730462912
0.278112,0.235154,-0.162616,0.135327,243.486625,70.0,-0.15009254126442573,0.14907228723110708
0.225541,0.674739,-3.607925,-0.026929,84.603649,70.0,-3.6106097706512257,-0.013138030720997528
0.330253,0.565459,-13.546655,-2.118814,103.464214,70.0,-13.528245516901427,-2.1150558168504365
-0.329386,0.0089,-0.233799,-0.003181,316.080713,70.0,-0.23411708658859517,0.004640536829434447
-0.42308,-0.710644,0.503599,-0.019645,161.751139,70.0,0.5016376574417585,-0.03588065661773328
0.20255,0.25336,0.539635,-0.216299,220.879329,70.0,0.5219817708614356,-0.23436481337212753
0.221741,0.79549,-1.342434,-4.805202,99.226593,70.0,-1.324549191874667,-4.787014229339644
-0.199612,-0.876984,1.902975,-1.236115,100.655198,70.0,1.9050236068019244,-1.25603388013155
0.526748,-0.952289,1.032831,-0.745355,130.773865,70.0,1.0438780279511004,-0.7366238987552127
0.874314,0.591404,0.961342,0.442195,148.74537,70.0,0.9773817808451637,0.44407862456063835
-0.275224,0.306916,4.433599,8.625345,89.258564,70.0,4.418500075036069,8.605656932342281
0.331655,0.129906,-0.038165,-0.005882,269.066495,70.0,-0.038753115209921626,0.013754961847165839
-0.676915,-0.904082,0.114104,0.123506,133.23412,70.0,0.1256844622075126,0.14033840505369127
-0.906271,0.295549,0.170166,-0.102896,154.869114,70.0,0.16032435539499604,-0.08970881288221741
-0.707498,-0.923501,-0.847374,-0.817486,130.602922,70.0,-0.83115425761424,-0.826641998220942
0.713218,-0.938991,0.772338,-0.842666,130.579609,70.0,0.7898986664420437,-0.8577008307369611
0.379548,-0.937862,-0.071144,-0.003406,165.086149,70.0,-0.07148458353671898,0.015341919614800862
-0.640927,-0.067818,0.646953,0.081535,229.799099,70.0,0.6548825189325331,0.061621748078478644
0.180189,0.442206,-1.114045,-20.079847,124.20439,70.0,-1.1114180146907982,-20.064718421446045
0.155689,0.672031,-1.652085,-1.326988,84.789524,70.0,-1.658975911785652,-1.3348948990130711
0.831311,-0.153574,0.510084,-0.075594,174.735421,70.0,0.5027033096553055,-0.09219975378357839
0.883399,-0.713643,0.879348,-0.705121,139.814603,70.0,0.886840871958518,-0.7113296690828096
-0.199534,0.425433,0.36468,-0.025213,180.68524,70.0,0.3621653729400704,-0.030211516982506837
0.256224,0.351798,14.032063,-0.347522,113.491706,70.0,14.01234062333818,-0.3374887469837619
0.677368,0.518451,-0.518889,0.310885,168.697756,70.0,-0.4988916801435484,0.2938047612587455
-0.401191,-0.810322,4.564492,-1.222193,123.280462,70.0,4.567919404623775,-1.235671148769154
0.924648,0.561986,0.813226,0.485831,148.771484,70.0,0.8262996091218482,0.4737869197455788
-0.69333,-0.789359,-0.568013,-0.461224,140.001183,70.0,-0.5828452732690689,-0.48032167844100593
-0.75013,0.562657,-0.493211,0.218764,157.277934,70.0,-0.47544325729490383,0.20315658279953944
0.575703,-0.158967,-0.804151,-0.230128,202.544806,70.0,-0.8224115037054158,-0.24288393065557867
0.241192,-0.285389,-0.393945,0.627724,150.103098,70.0,-0.3938855470157653,0.619955372766018
-0.534492,0.794243,-0.707582,0.213044,163.894513,70.0,-0.6900840900419104,0.19459422324122266
0.843187,-0.556865,-0.763977,-0.599846,152.893092,70.0,-0.766814645207438,-0.6154189069032322
0.774344,0.40125,-0.704034,0.308129,169.04299,70.0,-0.684043090336373,0.28954517226092497
-0.185477,0.688948,1.432776,2.541283,139.753005,70.0,1.4355677413175663,2.5540153112746418
-0.843096,0.091757,-0.484617,0.03496,144.095413,70.0,-0.4811387762239007,0.01990422156096977
0.153591,-0.596672,4.32792,-35.485231,92.348365,70.0,4.307974483827042,-35.504007811673915
-0.26795,0.556118,17.042574,3.123496,78.368371,70.0,17.044381197014367,3.1049968179504406
0.6808,0.204286,-0.048561,-0.038971,177.186941,70.0,-0.052433485620277304,-0.01955765202787972
-0.563048,0.849192,-0.88299,0.218295,139.970458,70.0,-0.865243837687308,0.21243354790567268
0.369317,-0.895685,0.311652,-0.157241,144.093365,70.0,0.29749845858800855,-0.15699028003139284
0.219257,-0.942537,8.67951,-6.138818,143.572024,70.0,8.692725285547962,-6.122140966345869
0.776221,-0.06025,3.14691,-0.062933,140.302914,70.0,3.140720041258759,-0.08292593187314785
-0.6268,-0.629408,-0.384949,-0.160699,157.427296,70.0,-0.39934473389269237,-0.1676310880089165
-0.466374,-0.346868,0.335928,-0.063677,210.67498,70.0,0.32966733728295544,-0.06584957779264936
0.189717,0.574589,-0.265617,-0.002442,256.334076,70.0,-0.2658611939323223,0.0023647072833643383
-0.882397,-0.449348,0.548896,-0.167169,161.394728,70.0,0.534058732157005,-0.18561263077518983
-0.189153,0.905101,1.733914,-0.329575,83.701614,70.0,1.7139733818103475,-0.34413758028553815
0.028286,-0.604143,1.487961,4.316453,69.465975,70.0,1.4959127036657243,4.32450172636231
0.161445,-0.588785,-0.387907,0.226926,164.404669,70.0,-0.3697794415329566,0.21971721649681986
0.286154,-0.604467,8.737394,-2.657934,67.545872,70.0,8.724156768490221,-2.6387998604899194
0.726861,0.360355,0.587902,0.300026,180.267092,70.0,0.6078520834802283,0.28043298613493517
0.484054,-0.504174,-0.620161,-0.394229,183.738358,70.0,-0.6385795031655204,-0.41421236597941324
0.353806,0.415124,-2.377334,-0.158008,102.803738,70.0,-2.391541628513239,-0.14245278128994096
0.984822,-0.090379,-0.26852,-0.034221,157.579821,70.0,-0.2719254263344974,-0.029696580446646872
-0.994629,-0.72366,0.640684,-0.333285,135.012495,70.0,0.6207753787624998,-0.3532467859678318
-0.556774,0.297356,0.468504,0.200736,210.327632,70.0,0.48537307190087675,0.1867885670545267
-0.345177,0.610222,0.563713,-0.361661,146.384762,70.0,0.5442744569048549,-0.3806265734058542
0.004621,-0.338695,0.159716,-0.158293,345.85197,70.0,0.14548832713705284,-0.14433850695531353
-0.450584,-0.964094,10.469084,31.753146,97.853595,70.0,10.488951204025666,31.743397448645286
0.47723,0.812625,0.854005,0.269647,140.345413,70.0,0.8735117058285227,0.2610854582380284
-0.206332,0.185079,-1.631552,-0.93071,162.143496,70.0,-1.6115866102692618,-0.9366925539915643
0.630291,-0.706695,-0.149991,0.141217,151.175763,70.0,-0.1370138040706728,0.15585139083754354
0.581901,0.003496,-0.025353,0.001647,207.69713,70.0,-0.025188301861521614,0.02148652141960135
0.761938,-0.110601,0.618178,0.157677,200.00241,70.0,0.6323623127269317,0.1377027020839472
-0.875501,-0.538142,0.760848,-0.596713,152.919591,70.0,0.7577005851239502,-0.6124803266478009
-0.560829,0.143829,-0.430884,0.206824,236.548221,70.0,-0.4136957447845681,0.1958029720119865
-0.659583,0.388326,0.465305,0.32269,183.75897,70.0,0.485286809399773,0.30897361682723934
0.595006,0.26661,0.097867,-0.060209,208.279452,70.0,0.09193663256493871,-0.042556087405842574
0.914707,-0.514656,0.185506,0.091847,150.053709,70.0,0.19437124993934027,0.1038432431573248
0.180716,-0.71431,-1.358643,-13.801038,70.39939,70.0,-1.3564504481013204,-13.783583399761966
0.59478,0.461899,0.554778,0.314785,180.135459,70.0,0.5747779021141196,0.29612188719056043
-0.865621,-0.485988,-0.653331,-0.431324,157.042582,70.0,-0.6699961394258518,-0.4511677978455778
0.005582,-0.179105,-2.885005,-14.462571,190.918715,70.0,-2.8838811129960864,-14.468248981374403
-0.224062,0.192172,-0.128786,-0.601719,186.469137,70.0,-0.1314381182959458,-0.5857241481659041
-0.159079,0.359279,0.133043,0.050805,322.600072,70.0,0.13806903634350354,0.066540681984566
0.40115,0.120944,0.065813,-0.014932,264.578289,70.0,0.0643211868249964,0.003994898203777738
0.700821,0.698813,0.734011,0.681298,148.55292,70.0,0.7287747960687994,0.6640263322927152
0.955109,0.520018,0.939811,0.517957,148.787086,70.0,0.9502955488626982,0.5176903282946209
-0.050838,-0.440632,0.066833,-0.107551,293.86424,70.0,0.05658881716695312,-0.08865730994751266
0.304576,-0.985645,-4.39482,-4.53443,125.137324,70.0,-4.382228572214897,-4.5544270935312605
0.269762,-0.111605,-0.324595,0.139955,285.984764,70.0,-0.31171408837119513,0.13891190001271495
0.262775,0.45421,1.374502,-0.754557,252.290852,70.0,1.3863041557524463,-0.7379306759161235
-0.092971,-0.557797,0.105393,-0.080713,354.520913,70.0,0.09753901113606135,-0.06342625223804227
-0.886174,0.076403,-0.85147,0.036563,176.271736,70.0,-0.8478340323914306,0.027773053439351998
0.098443,0.52687,-8.327122,2.273208,84.369768,70.0,-8.345765176714062,2.2592009555870822
-0.888554,0.073669,-6.033149,-0.044003,108.085971,70.0,-6.037513885230361,-0.03769999835149103
0.158813,-0.821937,-16.271743,0.304533,62.531814,70.0,-16.251766161774245,0.32350069068612936
-0.300251,-0.320502,9.395413,0.233268,128.314847,70.0,9.413799329575262,0.213483188236095
-0.675245,-0.839724,-0.287619,-0.003188,138.573984,70.0,-0.2879377864998629,-0.000541756018126022
0.765173,0.263459,-0.367083,0.025638,221.695863,70.0,-0.36452621591550255,0.02040717533027652
-0.041638,0.195652,1.331165,3.004005,201.03535,70.0,1.3438639145568776,3.022632390896773
0.328615,-0.966957,-0.189002,-1.337978,111.564476,70.0,-0.19691369948729803,-1.326263304519608
0.359554,-0.976472,3.453363,-3.987633,83.57747,70.0,3.4356433444772625,-3.9878718862143336
0.443226,-0.706205,8.012309,-1.159187,126.075816,70.0,8.021672959354929,-1.1734170879105477
0.805129,-0.190199,-0.24335,0.031448,250.422205,70.0,-0.24021814288078666,0.03838191997947333
-0.681189,-0.747788,0.631474,-0.641064,144.265309,70.0,0.6327476844104122,-0.6610615108050383
-0.077014,-0.369394,0.230295,0.135933,286.619827,70.0,0.24286565003758823,0.14407581340405587
-0.406216,0.732761,-14.094295,-4.174119,92.844674,70.0,-14.112301829744291,-4.169864563354759
-0.491599,-0.308366,0.500609,-0.253364,216.544148,70.0,0.48152592290360297,-0.26942324492601283
-0.704159,-0.795927,-0.68933,-0.753844,139.805273,70.0,-0.6775854813583445,-0.7729205946052742
0.85159,0.678452,-0.766649,0.596088,144.235654,70.0,-0.76343987936803,0.5806841363459752
0.74835,-0.483571,0.572515,-0.451205,165.042502,70.0,0.5570295129703974,-0.4704315290307011
0.621825,-0.992264,-0.307684,0.113068,127.286316,70.0,-0.2969699410963448,0.11371541341607716
-0.974047,-0.812289,-0.922341,-0.727602,130.61713,70.0,-0.9128154321158638,-0.7296122791314601
-0.141167,-0.596047,-1.783345,0.887451,76.414711,70.0,-1.802592776140543,0.8699771329394727
0.246401,-0.739325,-0.092842,-0.057723,342.089557,70.0,-0.09853449567002483,-0.03983948918667981
0.162113,0.641319,-28.321923,15.411096,87.624911,70.0,-28.301997706738085,15.391659514725793
0.647588,0.005983,-0.121651,0.00316,199.748843,70.0,-0.12133501314754255,0.019572928462639808
0.553059,-0.734079,0.428581,-0.629076,148.773333,70.0,0.4286567467471187,-0.6399041228341754
0.334271,0.0979,0.354326,-0.019733,273.683756,70.0,0.3523559000496409,-0.02372272633813797
-0.590771,0.903637,0.856145,0.771262,135.396524,70.0,0.8430369207860983,0.7628943454842633
-0.570635,-0.658376,-0.543638,-0.442972,157.063325,70.0,-0.5596312466955845,-0.46120592379060044
0.67415,0.437269,-0.547269,0.431578,176.420198,70.0,-0.5306179173118646,0.41319790422358027
-0.827946,0.718251,-0.490579,0.202003,140.293593,70.0,-0.47364220355132863,0.18656151294760953
-0.359559,0.888331,6.544566,0.056966,93.331514,70.0,6.550185886095048,0.062182812358743775
0.178204,-0.920933,-0.24114,-0.036744,188.327632,70.0,-0.2447937644956363,-0.029603214520626354
-0.122915,0.165572,-0.609643,-1.50304,124.770357,70.0,-0.6285062055010195,-1.522952869476102
0.762833,0.93132,0.674397,0.643233,130.439486,70.0,0.6729069350188777,0.6237614625219262
0.702572,0.133272,-0.089844,0.091096,218.053594,70.0,-0.0810461314308647,0.10911172203037774
-0.105178,0.266843,0.960657,-1.521945,306.880726,70.0,0.9412506526991681,-1.520129581876325
0.824417,-0.023362,-2.149524,0.041429,130.026087,70.0,-2.145410664484049,0.036520573464765914
-0.64695,0.710993,-0.55718,0.539025,148.651647,70.0,-0.5485443572799197,0.52027688991605
-0.335168,0.837184,0.902761,0.207785,183.181821,70.0,0.9199981908452747,0.20383937322833487
0.554677,0.456512,-0.279273,-0.013671,184.387083,70.0,-0.2806390356409735,-0.010200037562511944
0.600896,-0.734781,0.489946,-0.77559,148.658463,70.0,0.5033778691779526,-0.7909911805900979
0.539761,-0.242663,-0.453694,-0.179686,222.416333,70.0,-0.46934100033934345,-0.19253473345563415
-0.434636,-0.935474,3.381089,0.2271,133.738603,70.0,3.399223902545833,0.21980592545646807
-0.518294,-0.969275,-1.266346,-0.565039,130.780124,70.0,-1.272568901043278,-0.5450625612444544
-0.597467,0.373924,-0.399279,0.131464,193.849238,70.0,-0.38705905052992995,0.12320667755401574
0.543938,-0.039176,1.438555,0.052928,155.87669,70.0,1.4437862363576999,0.06520939273739543
-0.427382,0.988464,5.915638,-17.677074,103.347152,70.0,5.907468627741334,-17.682349625105267
-0.879625,0.147916,-1.064704,0.144837,212.392597,70.0,-1.0514534960906716,0.15631288262962284
0.016917,0.320811,5.275145,-11.158189,166.771211,70.0,5.288890380760443,-11.15174954320644
-0.124258,-0.40466,-0.146027,0.542205,108.085303,70.0,-0.1376792657418392,0.5571066873630803
0.88174,-0.589198,0.919184,-0.279781,148.689741,70.0,0.8994787394957039,-0.2821051168303027
-0.653378,0.680316,0.74657,0.570935,152.789731,70.0,0.7522299446363439,0.5543301903215146
0.066146,-0.29052,-0.181218,-0.186458,237.583587,70.0,-0.19727773755240008,-0.17412143980503678
-0.766618,-0.549262,-0.472247,-0.155593,157.384788,70.0,-0.4862836250986085,-0.16980623924280192
0.551233,0.574783,-0.701222,0.444253,168.885665,70.0,-0.6853059984704949,0.42556708129575643
0.371917,0.804491,3.507958,1.04495,148.280926,70.0,3.490526210397147,1.050111523771064
-0.91771,0.051056,-0.757316,0.033978,158.986074,70.0,-0.753934521325614,0.01799585251605194
0.104343,-0.30904,-1.2001,-0.861276,160.004612,70.0,-1.1817259125561859,-0.8420698025125528
-0.028508,0.864595,-0.474091,0.392186,222.547728,70.0,-0.45559383538819814,0.37784363511102725
-0.758149,-0.212634,0.164694,0.251182,201.302378,70.0,0.18371063181204705,0.2647756005815072
0.259711,0.95969,-0.862702,-0.680207,134.328495,70.0,-0.8575711679778699,-0.6879747114079134
-0.491518,-0.936607,-6.491415,-3.542317,111.561924,70.0,-6.4732593141162,-3.532212410333811
0.45012,-0.828685,-0.185595,0.00952,143.202494,70.0,-0.18464335945986177,0.02150912071624219
0.294813,0.923223,-1.378312,0.564727,165.322356,70.0,-1.3720594552328231,0.5811385604086188
0.600774,-0.785509,-0.704452,-0.74703,144.398239,70.0,-0.6932657311954142,-0.7655983379272037
-0.043791,0.005973,0.023842,-0.005645,328.16739,70.0,0.023277574948560847,0.014213057973637373
0.388596,-0.869159,0.113419,-0.588326,104.775143,70.0,0.10944634542623848,-0.5714566989670046
0.044031,0.024028,-0.005633,-0.024437,341.176755,70.0,-0.008070624133315142,-0.0044449321478697915
-0.161498,-0.304704,3.078325,-2.596725,116.152285,70.0,3.0702199614165147,-2.6157326182032956
0.8338,-0.321536,-0.401374,0.562844,150.315547,70.0,-0.394942873362526,0.5543963231930197
-0.060522,0.800753,-0.469165,0.084622,197.437387,70.0,-0.4609530363372412,0.07062726880400393
0.259398,-0.297392,-0.1238,0.097926,299.231862,70.0,-0.1143940121438684,0.11421518169574076
-0.265342,0.39,0.26942,-0.483262,127.039896,70.0,0.25615306035561697,-0.47882529280115776
0.735405,-0.040796,3.277755,-0.228235,127.582375,70.0,3.259572529153917,-0.24377624102362264
0.343928,0.395887,2.915155,0.550358,125.463333,70.0,2.9227551176047655,0.5418644061646082
-0.333652,0.308541,-0.243465,0.108597,196.026615,70.0,-0.23313112084534157,0.11552013209197916
-0.347695,0.291494,0.043188,-0.291329,187.151079,70.0,0.02331816382004104,-0.2717934916794869
-0.860351,0.074342,-7.094136,0.033481,94.100255,70.0,-7.090803516203428,0.02125605567910373
-0.52662,-0.904694,-0.391893,-0.647477,140.400148,70.0,-0.3899800817517796,-0.655056134446877
0.802836,-0.74208,0.708418,-0.571334,139.850996,70.0,0.7027963355185897,-0.589751344085649
-0.145653,0.018033,0.032755,-0.01277,376.911213,70.0,0.03147886750686962,0.006962376485591164
-0.927255,-0.373094,-3.858128,-0.781083,145.937458,70.0,-3.8442942603998342,-0.7629972124026659
-0.586312,-0.154072,0.528451,-0.286985,197.05229,70.0,0.5086353263415239,-0.30454299830305337
0.515038,0.243309,0.482504,0.225394,225.354952,70.0,0.5005663052096637,0.21047814997991943
-0.701502,-0.145426,11.809335,-0.806487,89.688071,70.0,11.824887033094813,-0.8224859882301832
-0.177914,-0.196101,3.285515,-0.866436,252.310649,70.0,3.30408674200392,-0.8814772338080104
0.127391,-0.93779,-21.258028,12.871436,64.494169,70.0,-21.238048671100312,12.888752392145179
0.558276,0.941308,0.656099,0.285334,131.120763,70.0,0.675891635347464,0.2655266286068989
0.561288,-0.43268,0.587228,-0.347333,187.247144,70.0,0.567502493968135,-0.3669123747762895
-0.051591,0.912316,2.586605,6.908148,235.66542,70.0,2.586940568043199,6.92681863902605
-0.710325,-0.428467,0.360312,-0.101665,175.916141,70.0,0.35057770568609636,-0.10623942039843233
0.75448,0.54003,-0.577283,0.525132,160.990821,70.0,-0.5674160736732771,0.5057796306376732
0.289791,0.51846,14.883804,9.292724,90.919073,70.0,14.896070599451965,9.303877674132845
-0.247653,-0.301994,-0.289163,0.014965,227.161209,70.0,-0.287667896038338,0.017458124117058983
0.389859,0.360275,-5.092065,0.180008,122.430784,70.0,-5.076397964532009,0.1989444508653043
-0.865666,0.751959,-0.300536,-0.018719,138.55706,70.0,-0.30240516821530417,-0.017357726714551634
0.171151,0.530672,-0.135166,0.53707,180.946908,70.0,-0.12635443596992693,0.5526737603500924
-0.987407,0.646266,-0.797044,-0.383478,141.913182,70.0,-0.815854705655666,-0.39677314724205726
-0.215052,-0.375002,-0.243209,0.218024,223.182824,70.0,-0.2254753518738067,0.22497114373866697
-0.656332,-0.970093,-0.581883,-0.563096,130.411577,70.0,-0.5882902598994052,-0.5825593526135571
-0.346457,-0.898472,19.94136,10.557152,106.583181,70.0,19.953002099966128,10.570735402777572
-0.617039,-0.575733,-0.722536,-0.511295,164.968375,70.0,-0.7335819493545577,-0.5291165063391057
-0.33724,-3.6e-05,-0.562102,0.000748,265.165148,70.0,-0.5620272001743786,-0.018165819256051433
-0.603249,-0.801172,0.456537,-0.464395,144.112135,70.0,0.4419193013707796,-0.47746029810703206
0.697371,0.706481,0.723053,0.628913,148.546484,70.0,0.7229935531593298,0.6111150175057222
-0.165892,-0.155123,-0.083802,-0.053093,333.212422,70.0,-0.08904916015661193,-0.03482315648728607
0.848027,0.786489,-0.777258,0.692775,135.25498,70.0,-0.7835926444695865,0.6780691388137262
0.512335,0.806274,-0.245398,0.425794,132.730676,70.0,-0.22843352365871933,0.43253546200044185
-0.956631,-0.094543,-1.34845,0.087296,161.329976,70.0,-1.3399949578597863,0.1052253466676735
-0.977913,0.216293,0.108742,-0.562423,181.791943,70.0,0.1022710235522318,-0.5453070932315353
-0.769368,-0.761202,-0.704142,-0.630072,139.824217,70.0,-0.7039666553181674,-0.6486518333613416
0.476625,0.631505,-0.59796,0.54693,161.262613,70.0,-0.5900439297335016,0.5271599680297091
-0.294945,0.867174,-2.242016,4.055785,86.268477,70.0,-2.2222156834990225,4.060042289899513
0.598575,0.246104,-0.467089,0.328882,210.394594,70.0,-0.4471431652621914,0.31503632970246037
0.269345,0.885423,-0.393022,-0.234671,222.680687,70.0,-0.41146308744380733,-0.24235449241906754
-0.697754,0.856752,0.735651,0.758885,135.284382,70.0,0.7235022247929405,0.7416966018277513
-0.561815,-0.419695,0.465086,-0.273584,190.641059,70.0,0.44549617826916554,-0.28728443674603854
0.185573,0.930171,4.311696,0.229783,73.202188,70.0,4.329942403884199,0.2116259987312768
-0.619293,-0.462701,-0.428682,-0.191892,179.815034,70.0,-0.44505963496170886,-0.20272861314117924
-0.614299,-0.517252,-0.651459,-0.463811,172.685333,70.0,-0.6661164942958214,-0.4836772789476016
0.544418,0.034084,-0.765111,-0.054548,176.263624,70.0,-0.7704984232876955,-0.07004950250955135
0.851826,0.636153,0.036055,-0.120157,146.466967,70.0,0.02474919624374393,-0.10048111155091079
-0.17064,0.060599,0.16877,-0.061711,371.122322,70.0,0.16269635607142238,-0.048419179796319295
0.489737,-0.993511,0.666409,-1.654496,124.746538,70.0,0.6481349956486414,-1.6741343741001897
0.058969,-0.914405,0.312063,-0.351363,129.572906,70.0,0.29240803281472516,-0.35115337730228036
-0.400223,-0.555172,-3.86241,0.8904,128.1543,70.0,-3.881735798114698,0.9082988494069731
-0.772437,-0.340763,0.691289,-0.209093,183.868247,70.0,0.673985843423379,-0.22810984228127215
0.788472,-0.154736,2.992076,0.957077,170.948583,70.0,2.972129260532959,0.9424103186247774
-0.650984,0.913285,-0.027525,-0.167147,132.76255,70.0,-0.04236079254092792,-0.1473361076383777
-0.415574,-0.544344,0.498222,-0.448705,190.866174,70.0,0.48257951435743984,-0.4646208322088706
-0.78534,0.791499,-0.4547,0.177764,139.127636,70.0,-0.43917342998978925,0.16483833573038487
0.726635,0.551089,-0.651519,0.595243,161.000437,70.0,-0.6482265031259691,0.5753774146125743
0.148733,-0.237803,-0.198523,0.329568,255.520581,70.0,-0.1785823279208997,0.34049803558215774
-0.755704,0.879796,-0.325685,-0.044307,131.779145,70.0,-0.33007954735956646,-0.045458935608327505
0.731734,0.259928,0.252057,-0.092409,203.655639,70.0,0.24314140790509933,-0.0862980889957076
0.612648,0.771098,-0.617863,0.595664,144.390212,70.0,-0.614612035988183,0.5756913233070218
-0.152472,-0.600804,-6.937581,21.287597,91.76689,70.0,-6.944928130563807,21.267766763885916
0.279377,-0.504968,-0.236547,-2.559758,118.09252,70.0,-0.24115365057015073,-2.5521901078925042
0.997841,0.707373,-0.601641,0.870524,135.396268,70.0,-0.6203605636192125,0.8507016590137628
0.811916,-0.134611,-3.983012,-0.47864,126.656512,70.0,-3.9966212360505,-0.46895873624117296
-0.399359,-0.019741,-0.49791,0.127107,255.424073,70.0,-0.48603783714396476,0.11121008095156633
0.206139,0.576619,13.045059,-8.741849,67.337818,70.0,13.050452435266546,-8.756507963085799
-0.757815,-0.596259,0.109858,0.125862,154.39086,70.0,0.12162974157519742,0.14291990830164142
0.670314,-0.037786,0.913235,-0.004414,142.964364,70.0,0.9127936358323399,-0.007327871274060139
0.933454,0.553839,0.658056,0.08785,148.388565,70.0,0.6665612156317346,0.06807067226949595
0.379331,-0.577108,0.224978,0.040997,191.692878,70.0,0.2290490494793422,0.04962251527250398
0.550662,0.968572,0.978248,0.61301,130.750623,70.0,0.9797773586882893,0.6165679807679294
0.786145,0.742344,0.507444,0.253285,140.213696,70.0,0.5265247110066752,0.2368278250679525
0.571965,-0.980419,1.003134,-0.747501,130.746529,70.0,1.0143592815885394,-0.7415279382370356
0.095697,0.376305,0.099867,0.039239,356.563173,70.0,0.10376577496593595,0.05679702371611159
0.556172,-0.412672,-0.554132,-0.311695,190.731915,70.0,-0.5741304818682665,-0.3303347935647027
0.226287,-0.798578,0.03934,1.106917,130.88965,70.0,0.025727720940231354,1.1265313369797052
0.293973,0.798426,27.124251,-0.583539,72.891308,70.0,27.119810366679822,-0.6007670595984365
-0.853133,-0.602847,-0.937956,-0.548006,148.677789,70.0,-0.9457731433106806,-0.5484581410855386
-0.042382,-0.321091,0.309173,1.533919,203.804569,70.0,0.32883397784556484,1.5344175748821995
-0.582113,0.418836,-0.537093,0.310821,187.258794,70.0,-0.5170957859392206,0.29286570208175267
-0.631032,0.249666,0.424561,0.221937,210.419144,70.0,0.4424721714573348,0.21144902767034496
0.140694,0.650904,10.699202,-27.162231,80.875869,70.0,10.712429806246158,-27.182151957973854
-0.252017,0.35076,-0.494334,0.195304,165.232222,70.0,-0.4777629218576167,0.17962660610853814
-0.768439,0.845674,0.752268,0.799884,135.228377,70.0,0.7371395349053019,0.7836034953739284
-0.758527,-0.571293,-0.678912,-0.6177,156.955989,70.0,-0.6799733542782431,-0.6370634804766745
0.279129,-0.674013,5.326402,2.580179,190.105011,70.0,5.332968399152027,2.5816083315934373
-0.129601,-0.202918,-0.275965,0.010828,301.191406,70.0,-0.2748827288954739,0.014624253055217945
-0.444159,-0.979842,14.416736,-5.401311,112.257038,70.0,14.397647191489838,-5.421012624269747
-0.206242,-0.310442,-0.814585,-0.802778,175.241338,70.0,-0.7992688338262203,-0.8147133083306238
0.402381,0.815601,-0.474133,0.226318,152.804126,70.0,-0.45603121130068786,0.21197270823090714
-0.185939,0.915078,0.2127,-0.528053,155.468276,70.0,0.20308819517264942,-0.5183366830086484
-0.275756,-0.629937,-18.892966,-26.569762,95.648916,70.0,-18.90865636113149,-26.550231262101377
0.646752,-0.031456,0.803965,0.025748,195.550822,70.0,0.8065326934412126,0.01297774905171111
-0.676057,-0.484811,-0.505173,-0.281041,172.50208,70.0,-0.5248994211217682,-0.2973680680953096
-0.211548,0.51874,-1.864958,0.465686,92.332639,70.0,-1.8504287161372985,0.4457858926575311
0.460957,-0.696362,1.081453,-0.35727,157.267035,70.0,1.061915837605791,-0.3444641957796749
0.242272,-0.126256,0.436422,0.261638,273.44017,70.0,0.455736333212997,0.2501591256975971
0.018447,0.043066,0.016371,-0.052407,351.901078,70.0,0.011190067563474388,-0.032473965007579604
-0.188218,0.625741,2.899089,1.145418,93.335227,70.0,2.8885315222803003,1.1384047569489182
0.826422,-0.327978,-6.138892,0.556765,99.427806,70.0,-6.1318883177732095,0.5717817581946206
-0.326163,0.174591,-14.633913,0.707117,140.217963,70.0,-14.641590558656073,0.6948884653412037
0.348711,0.787052,0.513289,1.804048,129.752782,70.0,0.5211608811392766,1.7872657601177204
-0.009118,0.747645,1.81173,-1.38935,97.477446,70.0,1.7994114193959851,-1.4080244108441713
-0.328499,0.91483,-0.61527,0.462418,192.197932,70.0,-0.6005180873435548,0.4424605509417196
-0.445614,0.562691,0.368214,0.293779,168.754213,70.0,0.3881102510190225,0.2884390963006593
-0.846492,-0.987144,0.654547,-0.513905,125.459834,70.0,0.6437195669289512,-0.5337332631935523
-0.929081,0.936551,0.795559,0.826918,125.695357,70.0,0.7788056633147946,0.8135122819492947
0.605112,0.113051,0.829636,0.53478,191.828124,70.0,0.8386525584953393,0.5240850487515399
0.053113,0.667452,-0.965206,-1.347812,139.145498,70.0,-0.9740109569612863,-1.345544068423512
-0.130606,0.908372,0.751443,-0.308572,208.491946,70.0,0.731450803875991,-0.32490028441368995
-0.9941,0.160866,-8.444707,1.113929,84.128597,70.0,-8.457797290288854,1.11019178128716
-0.333523,0.481533,-0.125661,-0.058117,261.151452,70.0,-0.13139125497620074,-0.04193650105085283
-0.880817,0.109201,-1.074449,-0.401242,110.525017,70.0,-1.0925829127703721,-0.3889819379553326
-0.651223,0.89781,0.608635,0.704901,135.236038,70.0,0.6011625302864196,0.6849977821878986
-0.508536,-0.967002,1.085491,1.418348,118.980514,70.0,1.0999567976239073,1.4314613453246725
-0.408526,-0.095,0.377264,0.012289,276.242547,70.0,0.3784921268630906,0.006082713293781075
-0.663095,-0.630152,-0.733077,-0.583874,156.935524,70.0,-0.7374849632843276,-0.6011925720430851
-0.97155,-0.844746,-0.324756,0.162061,129.178933,70.0,-0.3102660512459895,0.16100182226449888
0.360175,-0.531102,-15.739305,0.510314,88.886273,70.0,-15.728177403068814,0.49055907388993103
-0.226283,0.869798,-0.586544,-0.582465,170.57637,70.0,-0.5910892880274814,-0.602030305993992
0.699899,-0.789994,0.618885,-0.575863,139.897438,70.0,0.6136993803047395,-0.5958407562489755
0.569333,0.784707,-0.070395,-0.151262,146.276504,70.0,-0.08411984232188592,-0.13248812683903657
0.570978,0.427099,0.536824,0.290702,187.277151,70.0,0.5566865967946838,0.2727585670954323
0.251037,-0.821542,-0.296192,1.732821,130.487442,70.0,-0.2824038184944972,1.7346153107443785
0.336385,-0.380761,-0.223097,-0.03111,323.511952,70.0,-0.22619546964511364,-0.02231516109538171
0.548291,-0.866255,-0.104942,0.087971,161.999955,70.0,-0.09642583456804792,0.10528038514010775
0.858223,0.150118,9.905613,-0.526021,102.451122,70.0,9.895823499045838,-0.5112168505718138
-0.959802,0.613721,0.686135,0.221501,144.764747,70.0,0.7040267293694982,0.20233088245802228
0.812022,-0.346285,0.243574,-1.375373,118.970241,70.0,0.23238570288269642,-1.3684600950622081
-0.014768,-0.20362,0.04009,0.116145,292.275597,70.0,0.05106260456264802,0.13574454154827323
-0.238717,-0.109632,-0.180234,-0.00135,281.093966,70.0,-0.1803689989748461,0.011063861010692075
-0.583739,-0.901454,0.918218,-0.743178,135.416684,70.0,0.9290828998999345,-0.7455980348974356
-0.741882,-0.809052,-0.518092,-0.31316,139.37311,70.0,-0.5380917503677048,-0.3301986390353267
0.260176,0.778546,-0.089309,0.976286,96.786127,70.0,-0.10902393112491333,0.9943248906191751
-0.979651,-0.995521,-0.865869,-1.040845,120.791019,70.0,-0.8482396541284816,-1.048319911670859
0.277917,0.952179,29.602235,-8.171612,74.503669,70.0,29.60258209264121,-8.190355735093496
-0.719678,0.376605,-0.521506,0.494017,180.163892,70.0,-0.509062659752385,0.4768020770210198
-0.392486,-0.504222,1.088936,-0.601263,121.742198,70.0,1.0862386913374464,-0.587891498148787
-0.45303,-0.078532,0.460199,-0.126143,258.856544,70.0,0.44840455306062543,-0.1394833533605716
0.120947,0.750221,0.698273,-0.622671,115.817298,70.0,0.6977083219776085,-0.6414600150084293
0.965332,0.335903,-0.285155,0.205643,138.792256,70.0,-0.26802742655470085,0.20853327065334337
-0.480349,0.775964,-0.550008,0.714214,148.772708,70.0,-0.5583359134260231,0.695727647113346
-0.370248,-0.749806,-0.3345,-0.177736,193.540277,70.0,-0.35002480493816424,-0.1797665686575763
0.008448,-0.011324,0.008441,0.011503,307.026788,70.0,0.009590665910903086,0.03148519002367168
-0.330045,0.927888,1.256285,1.053544,130.824792,70.0,1.23929048069718,1.0735439690131943
-0.98965,0.960294,-0.772973,0.770785,120.909717,70.0,-0.7860450151816436,0.7557921205466219
-0.338635,0.563667,22.025502,1.016112,103.688617,70.0,22.006842256532536,0.9964063147608221
-0.455977,0.393355,-0.191246,-0.090022,192.884963,70.0,-0.19994729161321495,-0.07848991489434123
-0.882178,-0.768966,0.815635,-0.710855,135.25034,70.0,0.8236563585357717,-0.7227058905807067
-0.018128,-0.669716,0.260733,0.363204,156.712774,70.0,0.2801346609470933,0.3684833119846133
0.087423,-0.679681,-2.688759,-1.415118,80.337919,70.0,-2.7029998749747772,-1.4023353169046928
0.594653,0.330168,0.330808,0.042972,200.332648,70.0,0.3350722129903047,0.04130904866245198
-0.865279,-0.752436,-0.281629,0.034673,138.482541,70.0,-0.27817904244590497,0.0379117021146139
-0.200051,-0.253697,0.627299,1.353687,153.891937,70.0,0.6366275848379268,1.3336872598601586
0.110684,0.273697,1.349706,-0.673899,139.379989,70.0,1.3542246921731347,-0.6560256611121852
0.02707,0.96285,0.872447,0.223615,172.67193,70.0,0.8904322017253713,0.21675415103276952
0.619539,0.592081,0.119551,-0.096912,163.356415,70.0,0.11023461885290688,-0.080379976873151
-0.89177,0.01977,0.035076,-0.003674,197.943907,70.0,0.0347086206632622,0.016019206134339697
0.272788,0.746788,2.81166,-0.612501,97.141339,70.0,2.8100798953524526,-0.6109252958415651
-0.730099,-0.767568,-0.396686,-0.121767,140.50314,70.0,-0.4081242436324143,-0.12978746678611855
-0.511987,-0.973766,-1.024805,-0.743138,130.757231,70.0,-1.0139434586142317,-0.7351358155695995
-0.085209,-0.106355,0.064534,-0.087328,381.534694,70.0,0.056076057982865066,-0.06836015714273325
0.484927,0.174182,-0.261834,0.047008,244.106023,70.0,-0.2571763622820043,0.05218103754267989
-0.524532,0.196901,0.379454,0.124004,228.282041,70.0,0.3910750287598046,0.11758990067777148
-0.692755,0.863388,0.743584,0.822553,135.273879,70.0,0.7270730425359421,0.8057836058757855
0.95933,-0.54595,-0.78845,-0.589091,144.516453,70.0,-0.7923476500346597,-0.6030157001480991
0.219712,0.706502,-3.788584,0.725316,141.000018,70.0,-3.797907943301949,0.7452288947897137
0.18116,0.756554,2.271085,-0.504061,230.33369,70.0,2.2594433465585806,-0.4970183097681428
-0.589566,-0.832061,-0.840363,-0.653682,139.962262,70.0,-0.8378334461324628,-0.6634555620933558
-0.45729,0.332432,-0.453865,0.100538,225.216521,70.0,-0.4442293100347175,0.08767616684924447
-0.810169,-0.517538,-0.54718,-0.159742,157.361373,70.0,-0.5615091348523537,-0.17811858516400744
-0.258093,0.23807,-0.005892,0.08911,251.154921,70.0,0.002727085020701908,0.10910132171167836
-0.753243,0.238401,-0.034014,-0.172256,168.595465,70.0,-0.049187541236038815,-0.15254454156539093
0.803933,-0.302826,0.042359,-0.161565,181.603558,70.0,0.027903283934079447,-0.14201189692429483
0.4078,-0.107452,0.310684,-0.051797,265.972146,70.0,0.30556200932385247,-0.051449490952342525
0.046862,-0.385527,0.129744,-0.221135,271.129393,70.0,0.11186865693346032,-0.20519784430429777
0.452962,0.937603,12.029432,0.800931,98.960459,70.0,12.01423526008394,0.7829825077315362
0.300298,-0.894091,-10.992093,3.558894,126.640527,70.0,-11.009491852067484,3.5585458888228843
-0.981564,0.856227,0.433528,0.680946,126.049007,70.0,0.42832577636332786,0.6697053072758026
0.610166,-0.940116,0.824634,-0.367264,130.925185,70.0,0.805334895726174,-0.37837823744642896
-0.528178,0.919763,-0.079381,0.739615,131.111488,70.0,-0.08994505135338049,0.7580602366083705
0.461182,-0.921532,11.012046,18.623493,100.717979,70.0,10.993955072498473,18.625138309766367
-0.188675,0.943956,-0.005697,0.24294,272.965179,70.0,0.013048297055416408,0.26293188659637035
-0.932623,-0.597451,0.162419,0.159523,165.782343,70.0,0.17673284813465148,0.17328259078638072
0.64445,-0.720877,0.664297,-0.702749,148.576933,70.0,0.6715694256844488,-0.7224262592052663
0.214391,-0.726922,-1.927991,1.536725,130.034835,70.0,-1.9082805126387978,1.5171862278393626
0.620793,-0.33639,0.493394,-0.330341,194.136,70.0,0.4734594264310313,-0.34595985396607026
0.29212,-0.34528,-1.381758,1.242072,88.303202,70.0,-1.3832132190487332,1.2582841833428176
0.880375,0.470383,0.764173,0.339352,157.145455,70.0,0.7840145412167581,0.3237913988728556
-0.271849,-0.971943,-0.314563,-1.829414,259.498733,70.0,-0.3200460429563255,-1.8294543734366815
0.558956,0.366195,-0.431838,0.183403,197.614703,70.0,-0.4159622058987561,0.1723024891315215
0.635193,-0.316972,-0.363604,-0.048894,197.077962,70.0,-0.36844484235926744,-0.05378825983397843
0.65909,-0.671113,-0.73991,-0.625572,152.790194,70.0,-0.7401846444392668,-0.6425387674419129
0.596122,-0.979985,0.764648,-0.735796,130.616715,70.0,0.7748858668760517,-0.7513267164843946
-0.605024,-0.642508,-0.520186,-0.358372,157.112214,70.0,-0.5396992954461255,-0.3755193559802824
-0.628872,0.550167,0.399001,0.139385,168.394796,70.0,0.4118382551096037,0.13115300553278295
0.655794,-0.075531,6.362854,-5.642648,135.387828,70.0,6.36163288231407,-5.624213903691508
0.549374,-0.665657,0.600789,-0.565532,157.013956,70.0,0.5946129706831484,-0.5853428301991842
0.298364,0.595938,-1.599871,-1.087987,91.750936,70.0,-1.5849348271604105,-1.0908842373503593
-0.062807,0.397151,0.506893,0.101376,254.008669,70.0,0.5166020382476484,0.08495019783647173
0.909869,0.166863,0.562641,-0.101529,162.922667,70.0,0.5529185883650755,-0.12046027166442394
0.469816,0.194381,0.386755,0.12997,241.794092,70.0,0.39885633972716716,0.12286879205660395
0.956053,0.37967,-0.356359,0.252445,199.399618,70.0,-0.3373036314613986,0.24825626942003
-0.878509,0.897267,-0.229452,-0.101449,128.852838,70.0,-0.239167419723367,-0.09322926244856217
0.360611,0.789402,0.861092,0.633754,140.068598,70.0,0.8605485199806907,0.6258381808659583
-0.514614,0.886388,-0.920762,0.585708,140.126166,70.0,-0.916533109729887,0.5835406848127378
-0.478104,0.504261,-0.533864,0.512969,172.786413,70.0,-0.5229579884627658,0.49515826534029317
-0.890306,0.625108,0.981074,0.522647,144.281151,70.0,0.9911563126391817,0.526482708507669
0.188007,-0.169552,-0.186993,-0.195765,286.719501,70.0,-0.20358984591694945,-0.18388806826043844
0.336956,-0.784333,-3.998493,3.321839,116.009985,70.0,-4.01417483944275,3.330137989091176
-0.288172,0.68924,-0.376605,0.411245,85.356532,70.0,-0.35891549966402586,0.40510139365228925
0.055883,-0.777453,9.83146,3.208543,80.586189,70.0,9.824889306141328,3.2174687750373945
-0.650138,-0.877394,0.760643,-0.804006,135.310872,70.0,0.7760378458350663,-0.8197859300875442
-0.353554,-0.189526,-0.62792,-0.461971,221.432649,70.0,-0.64270205913475,-0.48197096029332986
0.634676,-0.995272,-0.59294,-0.105377,126.603991,70.0,-0.6029968649775354,-0.1250649049799516
0.456556,-0.655051,0.380327,0.026061,145.039881,70.0,0.38292573125925966,0.019564273305904864
0.562738,-0.062258,0.384887,-0.032567,234.569964,70.0,0.38164467296048343,-0.039493272005232685
-0.374621,-0.253376,5.713562,0.622089,148.594502,70.0,5.714184852347628,0.6029441183097523
-0.48563,0.013369,0.135638,-0.00749,291.00642,70.0,0.13488917506678505,0.008084191196006547
0.699358,0.111836,-1.264963,0.327475,203.002254,70.0,-1.2450073108255066,0.3474576721894435
-0.372459,0.086445,-0.255439,-0.025788,309.114847,70.0,-0.25801066028761466,-0.019999973746885644
0.875317,-0.551927,-0.262657,-0.067697,151.963411,70.0,-0.2692981687331005,-0.06260350541165158
-0.240988,-0.281981,-0.32496,-0.968373,148.892479,70.0,-0.30512740633319513,-0.9694525485535324
0.745296,0.188861,-0.939458,0.037738,153.869386,70.0,-0.9357065538450783,0.03743603186635407
0.187374,-0.798341,-0.121692,2.768363,68.792261,70.0,-0.10255800480502497,2.7847735852289377
0.286861,-0.726668,17.922162,-0.566083,69.043477,70.0,17.91603840112613,-0.5675899578885878
0.892566,-0.643941,-0.845712,-0.553067,144.283771,70.0,-0.853060849907267,-0.5623704413662836
-0.722131,-0.847574,0.738191,-0.758049,135.26961,70.0,0.7502732602262244,-0.7751061528421131
0.828365,0.335546,-0.542448,-0.170079,177.122822,70.0,-0.5574788207973376,-0.18826370838038234
-0.473516,-0.389911,-0.636007,-0.278059,200.811067,70.0,-0.6556820763367128,-0.2980442236798803
0.764596,0.573271,0.646921,0.598637,156.958237,70.0,0.6498782695521466,0.5787234506130536
0.972124,0.488398,0.772935,0.350023,148.660522,70.0,0.7926143088414196,0.3350276058202959
0.502375,-0.59089,-0.845947,-0.501032,161.408019,70.0,-0.8578336058814006,-0.510314632272173
0.918839,0.920141,-0.828469,0.956525,125.7421,70.0,-0.8484196892917019,0.9457316184931837
0.809494,-0.833906,-0.735853,-0.6824,135.172983,70.0,-0.730510519936733,-0.6995780617450073
0.534792,0.246565,-0.269393,0.008237,221.963264,70.0,-0.26856953284082186,0.012676339885573096
0.0154,0.832784,-3.957031,-46.17081,75.396186,70.0,-3.937059094062421,-46.158943273962684
0.602625,0.321022,0.567928,0.320385,200.799114,70.0,0.5879183108394779,0.3012898476075952
-0.581793,-0.192537,-0.108443,0.081594,220.431799,70.0,-0.10050806494643036,0.09872535534036991
0.029936,-0.862685,1.057496,0.833785,120.044962,70.0,1.0403775483590283,0.8446632234278271
0.846827,0.614742,0.866226,0.582624,148.653781,70.0,0.8707558026465755,0.5751822130859207
-0.035128,-0.395994,-0.220296,0.009405,135.113065,70.0,-0.21935584659088656,0.018450532764716462
0.524149,-0.634387,-0.274478,-0.134095,161.690149,70.0,-0.28690516464517746,-0.1301528565335534
-0.136429,-0.953895,-12.039543,-12.020035,143.624792,70.0,-12.031572380245702,-12.03751468588469
-0.121542,-0.751977,1.689339,-0.35885,80.401441,70.0,1.6698362412630094,-0.3700222723658323
-0.470916,-0.691034,1.089821,-0.435466,153.180153,70.0,1.0733884232901498,-0.4220288167241873
-0.207643,0.136382,-0.026826,0.012204,362.970792,70.0,-0.02560635720679289,0.03202436099507536
0.164324,-0.199753,-0.102305,-0.119843,357.232847,70.0,-0.11358488822060953,-0.10240301954410423
0.753442,-0.906293,0.835106,-0.824065,130.581533,70.0,0.8517018118353623,-0.8342937876011769
-0.06448,0.291172,0.307526,-0.518984,201.814152,70.0,0.2971290460727383,-0.5183207950678571
-0.279533,-0.11015,0.413019,0.092522,251.836309,70.0,0.42194470578440463,0.08303371222275385
0.702554,-0.180942,-6.538029,-25.438914,110.185305,70.0,-6.5580130560969385,-25.433069016200367
0.915703,0.224367,-0.252901,-0.052915,210.306165,70.0,-0.25813098160390635,-0.04688450694756235
0.938921,0.43759,-0.337491,0.185555,153.522818,70.0,-0.32148524445776633,0.18322711505792724
0.579637,-0.036258,-1.439522,-0.089088,138.277377,70.0,-1.4481390997462509,-0.07688307117119877
0.60418,0.445083,-0.404053,0.169328,183.394673,70.0,-0.38907182749761987,0.1606382591787257
0.504291,-0.384895,0.539456,-0.21628,200.849655,70.0,0.5218036639587855,-0.2343381265166925
-0.927609,-0.331496,-0.030344,0.198968,182.745665,70.0,-0.013570563300572387,0.2187382516377021
0.538667,-0.620387,-0.467676,-0.385819,161.200487,70.0,-0.48640589604997314,-0.3997069700257846
-0.837999,-0.240946,-3.318027,0.819523,117.177817,70.0,-3.3343650765996116,0.8068134839069518
0.414926,-0.340821,8.543489,-0.677136,108.407042,70.0,8.548322416491644,-0.6711121271772472
-0.179619,-0.852978,0.138572,7.70147,165.891263,70.0,0.15303342525662364,7.716858447337959
-0.006918,-0.273433,-0.005211,0.230194,249.596542,70.0,0.013052194872125618,0.25018721175378716
0.408228,-0.919856,2.250669,-9.316926,125.644381,70.0,2.240398980436008,-9.311827488925864
-0.016187,-0.058519,0.019911,0.008352,365.094097,70.0,0.020745957270619807,0.028252969852582382
0.478418,0.778632,0.022892,-0.15187,146.6099,70.0,0.00912299687595808,-0.13200086794628038
0.475756,0.034638,0.333445,0.117465,256.427844,70.0,0.3445277253738567,0.1155394139498333
0.154843,0.448012,0.933696,-0.755098,142.406091,70.0,0.9455417887746728,-0.7559758974467259
-0.258674,0.464813,-0.070713,-1.030543,118.635602,70.0,-0.052620744989612035,-1.011780113691802
0.118435,0.536257,0.660505,1.570871,106.575983,70.0,0.6805049986059781,1.5511294337088857
0.865192,-0.718217,0.860805,-0.712912,139.800542,70.0,0.8690143621015808,-0.7208541673509441
0.934281,0.457604,-0.39849,0.214138,153.383895,70.0,-0.38093936837702297,0.20595260308904087
0.943026,-0.565279,-0.536703,-0.485364,144.658506,70.0,-0.5498119146403522,-0.5033020852681382
-0.647773,0.883317,0.741483,0.845859,135.310929,70.0,0.7237717611224733,0.8289760396475864
-0.088486,0.820298,12.62807,-1.909194,119.892155,70.0,12.630487911775962,-1.8901381796204406
0.749694,0.104849,-1.88836,-0.065274,154.192746,70.0,-1.8947721353458156,-0.0852711025717661
0.196737,0.555024,0.087547,0.095653,314.185844,70.0,0.09675179090186233,0.1137672818898926
0.284809,0.791727,18.569674,-0.670793,100.759882,70.0,18.57388959078381,-0.6673820216963393
0.548658,-0.706996,-0.588166,-0.590227,152.878295,70.0,-0.5919521658589252,-0.6098252955390885
-0.480962,0.471422,0.268838,0.050877,191.26384,70.0,0.2738710049608457,0.05537043823026057
-0.809779,0.036358,-0.397747,0.009742,268.242562,70.0,-0.3967731851958612,0.0016244517321395216
-0.935848,-0.79786,-0.561606,-0.425916,130.903412,70.0,-0.5785640116024727,-0.44481363778194044
0.371031,-0.083783,-0.238454,0.028345,307.569444,70.0,-0.23562897942446714,0.035736030379041564
-0.145926,-0.576672,-0.778738,2.999633,136.363813,70.0,-0.765704384562751,2.9850278474396608
-0.131918,0.854352,-1.039821,0.327889,108.128772,70.0,-1.019868107898753,0.3372435158368459
-0.905762,0.856188,-0.867848,0.781559,130.534611,70.0,-0.8817160769852763,0.7742680097053104
-0.044072,-0.709978,10.604438,31.147246,67.160505,70.0,10.584952854458535,31.128709168516796
-0.599481,0.520635,-0.679274,0.458469,172.678458,70.0,-0.664258326867705,0.4391146112990384
0.316737,-0.595754,-0.15404,-0.318366,138.722161,70.0,-0.1740355760090221,-0.30401057143588134
-0.836323,-0.073186,-1.724071,0.441461,178.752005,70.0,-1.7079874826083683,0.4275904586567139
-0.036373,0.684606,8.674403,-28.87272,65.723136,70.0,8.677385079674437,-28.856330272989585
0.171785,-0.813084,-0.775104,-0.396131,135.164945,70.0,-0.7934475429567243,-0.4109819926842852
0.497248,-0.74793,0.408977,-0.2497,149.120045,70.0,0.39000678863236266,-0.25883055642183717
-0.451127,-0.094352,-1.899718,-0.172027,215.123351,70.0,-1.9148766127009473,-0.19197254256004603
0.230507,0.132542,0.178253,-0.264876,237.651499,70.0,0.15885714373946447,-0.2523074294505024
-0.367534,0.86038,1.226782,-0.334901,140.741476,70.0,1.206889458523083,-0.31512341769945934
0.405602,0.94994,4.309054,3.664184,166.20677,70.0,4.298966881305933,3.6461393574500542
-0.354527,-0.542146,15.392484,-3.781667,92.113046,70.0,15.391309095248992,-3.781535000699325
0.160147,-0.401205,-0.157577,0.166354,263.65793,70.0,-0.14279450510701458,0.18046092274949324
0.946012,-0.372848,-25.487584,4.608215,103.151849,70.0,-25.504931732287847,4.604174648587019
-0.454115,-0.306537,0.513614,-0.275156,210.298238,70.0,0.4939931098833531,-0.29195589637427466
0.035472,0.174563,-16.720654,-24.079423,122.599029,70.0,-16.73766041168957,-24.086300954882798
-0.124424,0.801608,20.474922,-10.852787,63.738429,70.0,20.490037802078017,-10.85817651802055
0.626734,-0.48743,-0.433439,-0.198475,176.128572,70.0,-0.45018553515881815,-0.20970833029956845
-0.23907,-0.04382,-0.069675,-0.011324,344.43291,70.0,-0.07080679505105106,0.007474573625480041
-0.480843,0.475098,0.012627,-0.076749,185.348806,70.0,0.00513908581475305,-0.05678884704365825
0.96859,-0.911475,-0.71094,-0.91812,125.733792,70.0,-0.6910881423107945,-0.9364375555974471
0.836326,0.139194,-0.257128,-0.033983,289.167165,70.0,-0.2605099714750148,-0.028356850626208886
-0.573922,0.090681,0.453559,-0.121888,247.573353,70.0,0.4421108326518227,-0.13472638495582537
0.083428,0.171964,0.055774,-0.244498,342.366672,70.0,0.0369749575582055,-0.22527065786917178
0.204529,-0.477777,0.249346,-0.868994,144.895268,70.0,0.26801115151339305,-0.8626255229856702
-0.003851,-0.719761,-18.14567,3.175636,77.317199,70.0,-18.149057919057995,3.157046704391043
0.969377,0.32398,-0.108561,0.064581,130.125942,70.0,-0.10221454483378857,0.08170626315127845
-0.874784,-0.498651,0.750575,-0.33872,153.010449,70.0,0.7307256179927866,-0.3550982545919255
-0.824422,-0.05451,-1.764794,0.091611,156.113573,70.0,-1.7559499110755288,0.0751134172679539
-0.154042,-0.983949,5.093425,-2.696354,63.002577,70.0,5.077568878694845,-2.6774617454538028
0.766355,0.128804,0.400407,0.198705,233.067826,70.0,0.4171660982457267,0.19034507212289958
0.801419,-0.550444,0.613337,-0.55524,156.970995,70.0,0.6061906789200208,-0.5751839146669947
0.695171,-0.264457,0.322351,-0.066503,206.835967,70.0,0.31582257404882824,-0.0673219444406503
-0.734075,0.396992,0.372965,0.275699,176.266832,70.0,0.39259634018135625,0.26990279308882914
0.241734,0.830281,0.912017,-5.207807,104.702,70.0,0.8962725271916465,-5.210841316859873
0.525794,-0.973994,0.842083,-0.523496,130.877074,70.0,0.832074100692843,-0.5331191386835632
0.080543,-0.310296,1.666422,-2.359306,155.371037,70.0,1.6803424161026697,-2.368508364757378
0.85911,-0.946549,-0.879841,-0.925736,125.745034,70.0,-0.859911031026227,-0.931897785928529
-0.652881,-0.97391,-0.502572,-0.413661,130.233392,70.0,-0.5201474848579366,-0.4298364701938581
-0.508863,-0.465512,-0.240257,0.007286,187.986437,70.0,-0.23952856114893525,0.014509195708275184
0.139961,0.318628,-0.538118,1.920443,185.404626,70.0,-0.541648148707941,1.902442789398891
-0.817079,-0.646003,-0.645708,-0.510435,148.51124,70.0,-0.656825540665599,-0.5303594492035195
0.624585,-0.604403,-0.711805,-0.521825,160.991167,70.0,-0.7219582181766799,-0.5401076583365538
-0.193037,-0.372579,-2.588802,-19.304314,99.379012,70.0,-2.604060198640465,-19.285723247050825
0.06336,0.883233,-8.830129,9.878481,87.944491,70.0,-8.845455194815344,9.898198258726358
0.494707,0.534511,0.705661,0.47591,172.730081,70.0,0.7194690119144254,0.45738692026197386
-0.481783,0.671467,0.75119,0.333111,161.393798,70.0,0.7711002751068698,0.31676811874648775
-0.656252,0.373523,-0.549306,0.321614,187.210981,70.0,-0.5293198916586925,0.30315455094125754
-0.202064,-0.087968,0.236837,0.021974,340.140155,70.0,0.23902998171234355,0.02951504047406836
-0.479691,-0.161948,-0.432447,-0.177468,246.912679,70.0,-0.447954895287754,-0.18861911797635847
0.13795,0.525587,-0.025497,-0.146086,347.529446,70.0,-0.0388407999666947,-0.12624830425369224
-0.466386,-0.552811,-0.565131,-0.360602,180.029783,70.0,-0.5845941868406141,-0.3796121092092574
0.90436,-0.423859,0.57896,-0.25899,164.95816,70.0,0.5597160992894162,-0.2783840189383917
0.198031,0.313567,-1.334486,-0.383461,109.515143,70.0,-1.3532972830709353,-0.36495708089911266
0.118818,0.97307,-0.111472,0.015998,298.43561,70.0,-0.10987390548103772,0.03297108976868167
0.382126,0.390233,-0.204703,0.079347,201.38378,70.0,-0.19697481984270965,0.08975435129146851
0.652582,-0.062452,-0.089859,0.084255,201.873002,70.0,-0.08168051380579404,0.10227007058512944
0.36374,-0.626584,-0.472881,-0.065244,139.203712,70.0,-0.4792902936365372,-0.07950177178690684
0.996345,-0.42911,-0.276375,0.652905,148.647546,70.0,-0.2788274589454898,0.6566609904730831
-0.046833,0.870934,1.316499,-1.095847,143.222355,70.0,1.3309010538424033,-1.076736194775812
-0.216266,-0.78431,-27.425001,11.668186,74.76452,70.0,-27.405489470075615,11.67716740637873
0.098184,0.183689,0.215404,-0.176376,261.440266,70.0,0.19996529279409786,-0.16689690996484716
-0.731782,0.94496,-0.621298,0.584253,130.393704,70.0,-0.6169270126467307,0.564265320697686
-0.062696,0.261799,-2.513004,0.132058,130.166619,70.0,-2.500737081521284,0.15205798175841131
0.05097,0.646087,3.18727,-2.627858,131.427855,70.0,3.176428248414583,-2.6473386583325906
0.781047,-0.945771,-0.425296,-0.043214,126.746964,70.0,-0.42958385341424776,-0.053764484623340505
0.420114,0.853573,0.256939,1.061214,130.874011,70.0,0.24036125843381678,1.0668582836332583
-0.001986,0.62455,17.905924,-16.332365,70.981816,70.0,17.90631565483016,-16.33224958809436
0.812455,0.926368,0.22637,-0.082206,128.870593,70.0,0.21837892498354805,-0.07370628167574364
-0.525136,0.04203,0.238338,0.079299,270.231984,70.0,0.2460617527626015,0.0867008079740794
0.396373,-0.154267,0.236077,-0.033757,284.284904,70.0,0.2327173052201153,-0.026145623543407843
-0.759844,-0.691837,-0.210309,0.071276,147.085681,70.0,-0.20333132027991677,0.08120060571368413
0.296268,-0.623928,3.371839,-1.565218,68.60955,70.0,3.351846778928141,-1.573365257013941
-0.366271,0.084053,0.789421,-0.020801,225.863245,70.0,0.7873446480597727,-0.03465583658150494
0.684093,-0.447646,-0.4227,-0.144719,176.042883,70.0,-0.43594166293597236,-0.15504806147360906
0.411625,0.176545,-0.526443,0.270088,238.904888,70.0,-0.506926607473683,0.2526270369206051
-0.815021,-0.058241,0.505048,0.001127,131.070098,70.0,0.5051606994035696,-0.015192845498178963
-0.852949,0.489242,-0.781596,0.527904,157.0929,70.0,-0.7719711313566178,0.5134955825041424
0.696184,0.763233,-0.663366,0.577548,144.161359,70.0,-0.6583433000431803,0.5578542962554516
-0.336092,-0.704404,-0.545357,-0.673454,140.232876,70.0,-0.5408816683162004,-0.691757877114031
-0.921942,0.918908,0.824009,0.959633,125.74244,70.0,0.8040825301554875,0.9484668559721803
0.086223,-0.849299,1.547913,0.845045,97.153659,70.0,1.530239719744623,0.8473283431226876
-0.174531,0.652548,-0.666662,0.118994,178.010927,70.0,-0.6554523218041689,0.09936043097940708
-0.631664,-0.379592,-0.448119,-0.267663,187.324159,70.0,-0.4675809542285212,-0.28007956340297624
0.198332,-0.62775,-0.409712,-0.660458,115.417173,70.0,-0.40651186785554033,-0.6696538882393481
-0.590287,-0.948455,-0.890421,-0.429904,130.882157,70.0,-0.907164228521142,-0.4350510995464021
-0.684004,-0.047124,-0.739591,0.044611,174.741899,70.0,-0.7351668006643884,0.02762736455047595
-0.011907,-0.116137,0.858118,-12.428765,165.011653,70.0,0.8708183020770204,-12.436953048428862
0.077594,0.115478,-0.19498,0.028627,352.91672,70.0,-0.19212706498045282,0.0398520164186436
0.835337,-0.492295,0.503812,-0.090096,157.498183,70.0,0.49510404602808533,-0.10634408574415533
-0.002918,0.955908,0.274068,0.082519,115.158709,70.0,0.28208775823453425,0.08650133081469845
-0.048617,0.891964,0.061272,-0.546957,178.216186,70.0,0.05335840931072697,-0.5278882465628438
-0.766051,0.984179,0.954522,0.890527,125.819712,70.0,0.9351929360850667,0.8917306925382474
-0.90135,-0.981356,-0.273779,0.071596,122.292843,70.0,-0.26677133991465424,0.07560664794837059
0.353315,0.166193,-0.315501,0.031838,230.544346,70.0,-0.31233062999324357,0.03170382754233744
-0.791578,-0.05513,-1.982079,-0.06154,112.042133,70.0,-1.9881363492856827,-0.0792277422372988
-0.564475,0.870245,0.726352,0.297826,135.713174,70.0,0.7462853431697294,0.28018091822594465
0.21251,-0.351778,-0.136928,-37.928667,86.084002,70.0,-0.15516506238352235,-37.91317406481622
-0.325838,-0.367158,-13.131409,-0.017112,129.802045,70.0,-13.13311811295358,-0.036119229570273956
-0.830158,-0.460353,0.450009,-0.241623,160.827325,70.0,0.4313100220370085,-0.2541871727076112
0.848587,0.208827,-0.908449,1.751928,118.412152,70.0,-0.8961056461899888,1.7485415149562642
-0.250689,0.676981,1.701142,1.093837,111.356993,70.0,1.6866012084526838,1.0817057714935834
0.027495,0.103457,-0.028825,-0.038308,377.209146,70.0,-0.03263241913903983,-0.018515360841258943
0.803609,0.264735,-0.719309,0.132707,204.032146,70.0,-0.7069908872424701,0.11474136061769058
-0.601706,-0.873694,0.721589,-0.289789,135.6731,70.0,0.701737293836353,-0.3076532865099444
-0.182708,-0.780359,0.619836,-0.035289,126.887683,70.0,0.6163253822964783,-0.055271014364493734
0.502548,0.328597,-0.342601,0.057052,210.669258,70.0,-0.33697286092361894,0.054217403279158194
0.723025,-0.11531,-0.55207,-0.109425,152.095201,70.0,-0.5624746812827885,-0.12798905986052034
-0.014494,0.3942,-0.309713,0.020867,137.250698,70.0,-0.30763008383701557,0.021311589912034037
-0.682014,-0.606159,-0.557772,-0.36113,157.074032,70.0,-0.577222968041776,-0.37989864371514837
0.278463,0.129646,0.358413,-0.02077,284.141331,70.0,0.3563397313333985,-0.025159350841398274
0.962984,0.867992,-0.443513,0.554822,126.088136,70.0,-0.43632765404473317,0.5427697831242508
0.346312,0.472454,-2.980464,-0.449822,104.952785,70.0,-2.9960366392636493,-0.4636749480880408
0.53347,0.037959,-0.192826,-0.142685,212.173496,70.0,-0.20591454664327224,-0.13128236313432434
-0.030653,0.811783,7.270159,-42.547174,73.259493,70.0,7.285730984033359,-42.54276102656766
-0.365329,-0.088962,0.181431,-0.016387,307.081991,70.0,0.17979413291084068,-0.004067211984737274
0.817695,0.993637,-0.71996,0.658981,125.616347,70.0,-0.7230142491805062,0.6410440619502591
0.062009,0.181143,-0.026948,-0.044042,268.674888,70.0,-0.031316691134635186,-0.02422327417614898
0.46496,0.575524,0.460632,0.083558,172.363928,70.0,0.4687468306474619,0.07018541761503143
0.824844,-0.843905,-0.289431,0.03505,133.85907,70.0,-0.28594391372430245,0.0375165309268207
0.490701,-0.791534,-0.921546,-0.531895,144.722055,70.0,-0.9308191297341192,-0.5339843604254008
0.694151,0.600286,0.584703,0.40223,157.03275,70.0,0.60279501926524,0.38270369682336147
-0.987418,0.45884,0.38677,0.941419,144.539857,70.0,0.36677028026162856,0.9343163898115321
-0.282002,0.388742,3.51399,0.194315,109.62166,70.0,3.5305055007323216,0.20005685441550253
-0.409691,0.320106,-0.312147,-0.008071,162.969862,70.0,-0.31295388095394444,-0.007869776859121878
0.018949,0.477059,0.582527,-0.805373,241.278815,70.0,0.5980087486509734,-0.8248510699515637
-0.069279,-0.36606,-0.010188,0.970925,118.270878,70.0,-0.029986029997984803,0.9908990567746988
-0.362712,-0.107788,-0.437048,0.011556,250.483402,70.0,-0.4358930428932446,2.5919198584417255e-05
0.413473,-0.759281,5.182848,-10.513791,108.492041,70.0,5.1679802590214825,-10.499593826301147
0.764468,0.407245,0.502037,0.403512,172.770543,70.0,0.5200740014991188,0.38736805207391845
0.573878,-0.840573,0.913966,-0.499377,140.007292,70.0,0.9019467040224406,-0.502218531965983
0.491863,0.748484,-0.488439,0.305008,152.608084,70.0,-0.4684599327618938,0.28970339818556307
-0.22557,0.852157,0.814606,2.166114,132.769289,70.0,0.7948776469781029,2.154180376808244
0.210454,-0.907186,-1.059469,-1.082652,80.395101,70.0,-1.044183384580401,-1.0716087457036414
0.928911,0.211599,-0.897817,0.344778,167.072279,70.0,-0.8780509193148195,0.34034894455765663
0.340267,0.863594,2.378858,0.900025,92.136006,70.0,2.3593068708099403,0.9156755587577476
0.425316,0.278907,-1.04503,0.453798,192.872963,70.0,-1.0297099078689524,0.46360970095567466
-0.4073,0.503926,1.51202,-0.46648,182.684639,70.0,1.4975453945140444,-0.46068660772965486
-0.52008,-0.978188,-0.973515,-0.63936,130.797726,70.0,-0.9724114138655661,-0.6362687222771214
-0.410829,-0.803549,-7.570587,1.731841,117.671101,70.0,-7.556727995826861,1.75160485055411
0.748999,0.428329,0.196266,-0.026304,171.549321,70.0,0.19364317667271108,-0.015185650141388255
0.919868,0.216996,-21.476589,-3.026378,96.901332,70.0,-21.487483703109785,-3.009526985200108
-0.944913,0.842938,-0.886541,0.54873,130.464388,70.0,-0.8787905484404874,0.5432089615520068
-0.733548,-0.733979,0.742096,-0.729801,144.218884,70.0,0.7518143450908092,-0.7466510175487753
0.020165,0.91592,-6.510708,-2.456386,111.858832,70.0,-6.505095588272281,-2.4479907640171787
-0.137107,-0.354145,0.928819,-1.533818,131.109091,70.0,0.9091598764317294,-1.5351828180960991
-0.114489,-0.222131,-0.046989,-1.634395,115.55659,70.0,-0.06598629453042221,-1.6149444570754818
0.649018,0.043659,-0.862125,0.016495,205.174553,70.0,-0.8604773693818013,0.008674150617390738
-0.230572,0.784351,12.774136,4.676222,81.673993,70.0,12.754462122444588,4.686366631415444
0.589957,-0.592129,0.743491,-0.491058,164.988068,70.0,0.7308173745162115,-0.5078324603294053
0.085341,0.32654,-3.862258,2.38498,150.46226,70.0,-3.8742254873739412,2.4028856261966793
0.154813,-0.056382,0.166038,0.001936,375.100676,70.0,0.16623159697655004,0.015430710818601848
0.393956,-0.786991,0.844809,-0.376152,134.222274,70.0,0.8257621069788028,-0.3855352816599123
-0.965267,0.75334,0.778395,0.325053,135.021209,70.0,0.7983653389707657,0.3104244361347026
-0.616448,-0.649642,-0.742221,-0.578651,156.941939,70.0,-0.7471368590014577,-0.5954942805710602
-0.538992,-0.83716,-7.187906,6.110751,116.909979,70.0,-7.203091151326732,6.106997677443298
-0.144732,-0.507169,23.775516,-4.570546,83.497954,70.0,23.790693467913172,-4.553022622861002
0.00588,0.828691,5.947816,-25.260207,98.784333,70.0,5.935914983990586,-25.262324030719626
-0.191865,-0.675157,-0.001682,-0.202403,146.62685,70.0,-0.018640036481660596,-0.18240370727683128
0.631634,-0.130656,0.628988,0.270182,159.225027,70.0,0.6485064449977236,0.2501821120471753
0.064032,0.183164,-1.158273,0.373037,166.490683,70.0,-1.139133405988352,0.3906664942717498
0.436286,0.655645,-0.653767,0.610052,161.316435,70.0,-0.6519428854204106,0.5902136878183877
-0.579108,0.926325,0.626628,0.500669,135.211382,70.0,0.6385437795110124,0.4806697144692732
0.747826,0.707663,-0.52951,0.315454,144.525939,70.0,-0.5095104190829841,0.2978455384727632
-0.315637,-0.916922,-10.382322,2.910174,107.112065,70.0,-10.364009230713537,2.908668800243654
-0.70513,0.87559,0.66447,0.753333,135.228022,70.0,0.6527668811664057,0.7336588435351408
0.0396,-0.440667,0.40063,-0.40805,313.461683,70.0,0.38279368841917494,-0.41643018108196095
-0.285188,0.852792,0.801803,0.346884,158.811604,70.0,0.8215358697177071,0.33394810843844247
0.875103,-0.150946,0.256603,0.12932,282.548673,70.0,0.2686525245612359,0.13499650986074693
-0.945168,0.565765,-0.140603,-0.110706,147.105586,70.0,-0.15111686755340548,-0.0954480720478201
0.81293,0.912599,0.677456,0.589449,130.388452,70.0,0.681318530217062,0.570049592488033
0.053868,-0.641464,-1.287663,0.595759,171.116233,70.0,-1.2844214100103206,0.6155188300094903
0.915891,-0.613263,-1.93914,-0.753471,135.36339,70.0,-1.927425693246351,-0.7727414909974826
0.886824,0.857708,0.86491,0.86025,130.5482,70.0,0.8465766756034091,0.8526862243536515
-0.496157,-0.909706,-0.314304,0.124816,246.495676,70.0,-0.30261698121274766,0.12480152653716123
0.566762,-0.425022,0.308389,-0.025151,187.778637,70.0,0.3058805238596208,-0.02457405351349448
0.654977,0.196626,-0.630395,0.220281,197.444183,70.0,-0.612558124344606,0.20028207792148706
0.692082,-0.181053,0.237128,0.0317,207.806145,70.0,0.24028474374023098,0.039214080311728725
-0.965537,0.223156,7.481254,0.004043,80.472699,70.0,7.4816582724646175,0.02319154751668788
0.576414,-0.21192,-0.450791,-0.237998,222.47316,70.0,-0.46935830501208053,-0.2506229196249321
0.253246,0.306205,-1.211808,-0.226079,268.567299,70.0,-1.2298996129888624,-0.20657931123183615
0.395691,0.37536,6.383169,-4.001321,152.833188,70.0,6.364856586017319,-3.9837685670127003
0.668627,-0.385678,-0.537961,-0.42338,183.694737,70.0,-0.5550520921185654,-0.441373361925738
-0.08898,0.516317,2.485451,0.484827,87.188967,70.0,2.4986004238492043,0.5046337803776136
-0.263509,-0.787738,0.162055,0.121389,292.873017,70.0,0.17346221532019795,0.13517498455819293
0.481863,0.664181,-3.089331,1.542347,133.855591,70.0,-3.069533000096305,1.5230259435807083
0.895176,-0.769237,-0.879517,-0.770908,135.238128,70.0,-0.8664356781650205,-0.7771006018107244
-0.566422,0.144705,-0.477805,0.10369,235.335669,70.0,-0.467894311564466,0.0890912750673292
0.054429,0.796151,-0.61917,-0.210502,157.801687,70.0,-0.6365433879037552,-0.2304810797445857
0.914631,0.199033,-0.740368,-0.313019,105.904872,70.0,-0.7603676749496083,-0.3299614739619582
-0.843993,-0.982645,0.73915,-0.673711,125.612747,70.0,0.7436503763010304,-0.6907178833827705
0.693697,0.969827,0.053162,-0.159187,128.289449,70.0,0.03887163881885598,-0.139889399244025
-0.121649,-0.55093,0.015219,-0.270973,251.522065,70.0,-0.004316545487184131,-0.25103087655455925
0.516177,-0.619183,0.449531,-0.683717,165.175561,70.0,0.45500027762260226,-0.6962439463115567
-0.609667,-0.675276,0.313108,-0.098035,153.524355,70.0,0.30369239421571664,-0.09792987394819107
0.643673,0.218853,10.636866,0.098167,122.621938,70.0,10.646293249439127,0.07866110582925182
0.267352,-0.619546,0.962369,0.814154,108.627279,70.0,0.9463464428116818,0.8161398427830768
-0.704155,-0.729356,0.503363,-0.342045,144.520806,70.0,0.4835570888136318,-0.3582668638747248
-0.287984,-0.142677,-0.321842,0.131283,308.97554,70.0,-0.3096363840812725,0.13051491546732935
0.026372,-0.76545,-5.404359,27.284814,64.710804,70.0,-5.423808306447646,27.27855576023097
-0.911336,-0.830758,-0.836326,-0.810978,130.567458,70.0,-0.820495536471331,-0.8211017609835545
-0.550766,-0.717061,0.708464,-0.638991,152.86127,70.0,0.7095307404955916,-0.6574065501671756
0.356606,-0.527375,-5.35833,7.339474,138.233642,70.0,-5.375178216592896,7.337714030517407
0.402062,-0.548091,0.373602,-0.158984,224.397305,70.0,0.359325848402611,-0.16484114366591476
0.232486,-0.614013,-10.935504,-14.980517,109.653235,70.0,-10.925992128436457,-14.986434118595586
0.277432,0.802644,-12.284644,1.335295,75.689032,70.0,-12.276979419617675,1.3385240691305234
0.033831,0.599446,-0.244437,0.961502,172.321222,70.0,-0.26434658811774725,0.9683338599106898
0.894344,-0.766401,-0.861046,-0.753385,135.240401,70.0,-0.8493386647739225,-0.7613050432915438
-0.90208,0.738961,0.469768,0.224376,135.798154,70.0,0.48778635868071957,0.21033825409831797
-0.277811,0.837195,-1.370123,-0.135364,99.695996,70.0,-1.3826493433527938,-0.11849829574469559
0.730332,0.690629,0.718808,0.627928,148.544592,70.0,0.7188470530469786,0.6099404020907553
-0.593252,-0.79122,1.01322,-0.499496,144.566484,70.0,1.001210217527788,-0.4925683706223383
-0.032363,0.077315,-0.039244,0.10622,377.392656,70.0,-0.029114357541132535,0.12583621088679958
-0.56527,-0.495769,-0.437254,-0.214975,179.887471,70.0,-0.45484461354063477,-0.22652190682484682
-0.389762,-0.721918,0.366829,-8.531578,125.069324,70.0,0.38622498870869226,-8.5367843045734
0.72316,0.154979,-0.185015,-0.063406,180.849872,70.0,-0.19124991896380067,-0.05137050611735462
0.730166,-0.102727,-2.178666,0.314325,115.877023,70.0,-2.1586660068669925,0.3122836752234988
-0.534445,-0.420396,0.490057,-0.175895,190.86432,70.0,0.4746489146330764,-0.19130325971407877
0.397152,0.926007,-2.523357,-1.358699,126.486617,70.0,-2.533125950123524,-1.3387244107200993
-0.602218,0.52799,-0.594253,0.379105,172.649551,70.0,-0.5752982534287797,0.359394414383962
-0.069047,-0.477904,0.144308,0.139372,252.730201,70.0,0.15714425821708694,0.15438778771312753
-0.126487,0.12749,0.000951,0.023289,353.736845,70.0,0.0032746404712099453,0.04328877390017601
0.716313,-0.9302,0.826547,-0.880473,130.590699,70.0,0.8455935250837687,-0.8914276894301193
0.126154,0.26667,-0.617416,0.549061,146.102555,70.0,-0.6096960726139324,0.5290907089359251
-0.077053,0.97244,-0.211094,0.534131,283.840557,70.0,-0.20201955863249907,0.5439873764528189
-0.208047,-0.652415,-23.781913,-16.07728,82.144608,70.0,-23.7626687779728,-16.05945730008439
0.866907,0.098037,4.548666,0.182589,124.197398,70.0,4.564492155892382,0.16798499629206534
-0.295892,0.940028,-6.847561,2.249608,89.40682,70.0,-6.866926988998891,2.2306214942851867
-0.955639,0.567907,-0.623519,0.666544,140.354572,70.0,-0.6273183166735993,0.6465497585974116
0.814573,0.52572,0.739269,0.573323,157.027461,70.0,0.7446995086028011,0.5563223817278953
-0.217401,0.14599,0.710855,-0.112075,283.709408,70.0,0.7002249223753793,-0.13039596632933434
-0.350254,-0.72195,0.573881,0.141871,168.448252,70.0,0.5869078898411174,0.12260729850747439
0.191374,0.42535,-21.152133,-11.984665,106.445444,70.0,-21.147513793427418,-11.974774102609626
0.859733,-0.461891,-0.680321,-0.257928,161.264885,70.0,-0.6995357047686218,-0.27725573608077814
0.997307,-0.259189,-0.128988,0.019892,291.529348,70.0,-0.1270020780026404,0.03587471674821721
-0.190431,-0.573775,24.177423,5.759957,94.754893,70.0,24.16739093366801,5.7612401613258015
0.565599,0.015097,-0.300199,0.039638,258.065081,70.0,-0.296261098283449,0.04103289318608007
-0.268209,0.218447,-2.032516,0.533545,197.426898,70.0,-2.0233893766645674,0.5187460233573686
-0.559825,-0.978277,-1.041332,-0.704662,130.775264,70.0,-1.0338817047893307,-0.6951741990963939
0.105135,-0.998937,-0.434964,-0.166421,190.829109,70.0,-0.44975100697280423,-0.17778017548947464
0.867805,-0.809687,-0.72216,-0.533028,135.084247,70.0,-0.7313325959690158,-0.5508665398002315
-0.40369,-0.823915,-0.103178,0.311301,187.734789,70.0,-0.08318004238545348,0.3286980804332177
0.45496,0.515326,-0.606451,0.394759,183.829132,70.0,-0.5880532176740343,0.3748784281762156
-0.918022,0.799093,-0.15538,-0.101545,132.273084,70.0,-0.1651038098306014,-0.08728319430433827
0.356232,-0.816552,-0.888082,-0.419725,148.514215,70.0,-0.9053600542764298,-0.4250977639366939
0.213963,0.082257,0.064441,-0.003336,363.21601,70.0,0.06410741546895024,0.015634789835522325
0.490274,0.027209,0.088569,-0.012525,295.519644,70.0,0.0873173185341414,0.005545724110754992
-0.697191,0.313589,0.267899,-0.012787,191.445016,70.0,0.26662117097560367,-0.00820211223375443
0.493732,0.159273,0.420487,0.148082,241.782489,70.0,0.4339788125410969,0.1379430695868361
0.89948,-0.433847,-0.878268,-0.361524,161.168196,70.0,-0.8977097618973698,-0.3678352423339868
0.334323,0.95841,-0.498374,0.419994,153.287427,70.0,-0.4811095097671287,0.404068967715875
-0.010965,-0.291188,0.327281,0.811973,245.582643,70.0,0.3113899242832344,0.8106617677079866
0.01137,-0.900623,-2.871188,44.482122,74.356153,70.0,-2.859204529658614,44.47778135819242
-0.763313,0.992821,0.955001,0.886319,125.838214,70.0,0.9357842857111465,0.8875705022102001
0.347674,-0.641928,23.333704,-10.706063,99.735914,70.0,23.33616256326224,-10.72424571666896
-0.875651,0.941751,0.875893,0.93953,125.741562,70.0,0.8558951723361014,0.9329938430303868
0.008313,-0.281128,-0.165335,0.001836,219.040088,70.0,-0.16515140257872457,0.015382512935518618
-0.919363,0.272345,-0.606352,1.327224,103.444876,70.0,-0.5994389380546956,1.3073445108991322
-0.70091,-0.1939,0.996605,0.180098,197.241788,70.0,1.012277628089227,0.18544488719786065
-0.881854,0.684072,-0.46157,0.173605,140.381128,70.0,-0.4463089217051432,0.1601628156323373
-0.801163,0.849734,0.515496,0.28686,134.728709,70.0,0.535309976617604,0.2699587326568859
-0.515859,-0.04148,-3.303307,0.084586,125.272568,70.0,-3.2950983190092673,0.07077535589027563
0.845645,0.760605,0.455468,0.156097,139.109707,70.0,0.4695404825907676,0.14311282527389316
-0.516072,0.376923,-0.264827,-0.018782,201.390704,70.0,-0.26670244054852843,-0.013898645910971563
0.944582,-0.414202,-0.369686,-0.735702,144.422829,70.0,-0.35945620931513383,-0.7411836141144943
0.506756,-0.959468,-0.993685,-0.533444,113.786517,70.0,-1.0028206092524632,-0.5283790441752344
0.214224,0.463991,1.611926,0.367163,116.6967,70.0,1.6312277522005518,0.36307896186096106
0.288646,-0.732264,-17.795253,1.327519,90.627366,70.0,-17.788312263894948,1.338127903564615
0.834869,-0.358735,1.343568,0.25038,153.094341,70.0,1.3625596403713391,0.2685203100853467
0.735463,0.934464,0.748022,0.798458,130.550448,70.0,0.732987190813805,0.7819345624671714
-0.469216,-0.113704,-1.351902,-0.074685,222.612315,70.0,-1.3591981305179028,-0.05691127782854726
0.976587,-0.50047,-0.535147,-0.092431,152.503247,70.0,-0.5440645613550088,-0.11029973290988926
0.594432,0.61521,-0.597187,0.406917,161.070892,70.0,-0.5792997180745806,0.3871588042301298
-0.170253,0.558067,-2.869306,1.878207,90.787925,70.0,-2.8686312688416886,1.8740502618107358
-0.575471,0.056186,0.253023,-0.019579,235.657623,70.0,0.25106822573512794,-0.013560140261059554
0.315792,-0.488371,1.186649,-5.108864,157.995988,70.0,1.1786478649074144,-5.09007613640578
-0.045815,-0.020701,0.049522,0.011904,339.437628,70.0,0.050711697266616416,0.03129401898698671
0.073237,0.893955,0.03181,-0.03044,326.378764,70.0,0.028777738690996296,-0.01069243619674267
0.700068,0.037,1.117806,0.04393,168.503186,70.0,1.1221637609122803,0.05930188713410762
-0.14006,0.005558,0.140157,-0.001644,376.813023,70.0,0.13999260185136791,0.013642724815890383
-0.580269,-0.588007,-0.618991,-0.39157,165.02693,70.0,-0.6375115040611927,-0.41154825323483446
-0.625433,0.352459,-0.214104,-0.053286,193.182791,70.0,-0.21936978164332688,-0.04369263960251852
-0.223776,0.991177,-4.203562,0.745459,73.109031,70.0,-4.214617696015508,0.7342081511417046
0.708006,-0.546836,-0.381931,-0.111635,161.522796,70.0,-0.3925237814722168,-0.11828321768018077
-0.676357,0.466649,-0.510567,0.359878,172.740077,70.0,-0.4910872791407397,0.34324537538410205
0.97053,-0.295238,0.400912,0.115859,172.236226,70.0,0.4118606818896348,0.10745322216288403
-0.062343,0.207335,1.433563,0.31994,208.672452,70.0,1.4535546463583449,0.33261152088674634
0.677866,0.897252,-0.455319,0.357129,134.833425,70.0,-0.43577882663594036,0.3441561619694702
0.113266,-0.330854,-0.359909,-0.396207,238.447188,70.0,-0.37824951318659533,-0.4007421794103614
-0.665216,-0.292381,-0.726907,-0.261642,187.404835,70.0,-0.7462214370484958,-0.27926088593726023
-0.053875,0.518136,-2.056167,-1.697093,84.146602,70.0,-2.0723100540466617,-1.7102014106443955
0.311643,-0.215404,-0.753193,0.097166,243.323237,70.0,-0.7438541504202667,0.08093939603708433
-0.295603,-0.203835,-0.912435,-0.453244,216.383313,70.0,-0.9277906463743217,-0.4562369941333281
0.137299,-0.419356,-5.949651,0.813027,147.63189,70.0,-5.965605852974385,0.8110925249130734
-0.116971,0.072259,0.106028,-0.08565,364.477457,70.0,0.09772241050308117,-0.06839527425216571
0.454369,0.577637,0.235568,-0.096331,173.812466,70.0,0.22630306961887328,-0.08867257833640768
0.344727,-0.170871,-0.201132,-0.07546,278.606897,70.0,-0.2085002345187824,-0.06474938097815243
0.178219,-0.671601,15.395831,28.358527,76.768884,70.0,15.387658161380486,28.35832430372913
0.40794,0.239926,0.646715,0.133575,241.275307,70.0,0.6591013793036145,0.11365954788372815
0.438736,-0.17003,-0.432151,-0.144757,254.394626,70.0,-0.4453955105324183,-0.15588353364645344
0.30433,0.880655,0.030386,-0.259316,155.94391,70.0,0.011133245877375818,-0.239546383580334
-0.833028,-0.70826,0.074035,0.128649,142.184784,70.0,0.08603090186580196,0.14729428097259004
0.270696,-0.414177,1.902345,-1.019537,141.262991,70.0,1.920878744383941,-1.0394614497370147
0.919831,-0.39501,4.166369,-2.437612,96.252732,70.0,4.17375602136302,-2.4456115583400098
-0.93687,0.017953,-3.698871,-0.069436,133.722599,70.0,-3.7056759483297377,-0.05068446736994731
-0.256564,-0.06641,-0.215531,-0.045594,352.235218,70.0,-0.22005101024749446,-0.0361260948517451
-0.150287,0.121021,0.575446,-0.042675,311.380649,70.0,0.5712108087865263,-0.06198018463573125
-0.000236,0.025511,-0.00024,0.019269,323.127828,70.0,0.0016839203536427357,0.039268985600001735
0.770434,0.682414,0.43671,0.183634,148.000246,70.0,0.4525998327514748,0.17213155343823738
-0.672445,0.215523,0.398753,0.1383,215.979595,70.0,0.4115068666941289,0.1300906137010057
0.299529,0.191414,-0.172723,0.021099,302.63958,70.0,-0.17061701140425695,0.03409287220341923
-0.905761,0.868335,-0.760723,0.555122,130.389389,70.0,-0.7535656591588029,0.539346986356204
0.102576,-0.010518,-0.061844,-0.004765,370.973761,70.0,-0.06232045492194727,0.014286424517963086
-0.774476,-0.624612,0.526488,-0.378758,152.603081,70.0,0.5075222108710606,-0.39622115699040905
0.141395,0.41749,-1.14106,0.476602,159.751302,70.0,-1.1273021318048055,0.4933543936207452
0.761718,0.194836,-1.097091,-0.180207,176.01431,70.0,-1.1127703971254026,-0.1662403381725004
0.607002,-0.12017,1.38381,-0.273441,199.818573,70.0,1.364223064547528,-0.25734983041548004
0.305994,0.845133,0.495171,0.013889,175.403298,70.0,0.4965587839157748,-0.001840227903834436
0.153164,0.224528,-0.833172,-2.975302,291.225025,70.0,-0.8479502273365103,-2.985696499137505
-0.356427,-0.470508,-0.250394,-0.284282,147.072717,70.0,-0.2701712519584998,-0.2780129549592544
0.178092,-0.806368,0.073679,-0.395148,252.480481,70.0,0.05529650820956715,-0.37648986925447725
-0.628381,0.798612,0.351897,0.071493,143.355667,70.0,0.3588950121094393,0.06774157990998853
0.276851,-0.95831,1.161114,-10.490858,102.266888,70.0,1.1448133520016994,-10.473096127976845
-0.317088,0.708869,0.420379,-0.707386,102.418988,70.0,0.4280813907296775,-0.7175156195782683
-0.04639,0.328305,0.873418,0.090691,150.217591,70.0,0.8821794795313156,0.0839214394954227
-0.171758,-0.741846,-16.296064,-7.910044,73.725447,70.0,-16.31528338431139,-7.890447007056532
-0.206312,0.511392,-17.89107,14.17377,90.945307,70.0,-17.871404012115665,14.175369103825485
0.966829,-0.498391,0.790772,-0.489776,148.739969,70.0,0.777999460780946,-0.5035330890425487
-0.459499,-0.799307,0.613893,-0.165753,144.827633,70.0,0.5991510532599494,-0.18570099856608988
0.046253,-0.632373,-10.828204,26.541391,64.97825,70.0,-10.814424649870222,26.526540242315036
-0.289995,0.046202,-0.225383,0.017991,306.809458,70.0,-0.22358632537531922,0.02657995769603243
0.524774,-0.120552,0.005408,0.076134,252.523687,70.0,0.012838851828383426,0.09612668882948687
-0.113366,0.657467,-0.397858,-2.345363,86.853883,70.0,-0.3829710712888101,-2.3534906916126896
0.044582,-0.703978,3.462603,-3.110623,155.531222,70.0,3.4595183963100284,-3.1099380258750684
0.234568,0.387764,0.158069,0.38,165.847121,70.0,0.17699500175374827,0.3940720040378104
-0.851109,-0.582167,-0.603274,-0.163737,149.021448,70.0,-0.6178789615388026,-0.18358039766717404
-0.484969,-0.877882,-1.100892,0.234816,147.179302,70.0,-1.0824453050277794,0.24905218850869948
-0.564151,0.30616,-0.554224,0.314883,207.227351,70.0,-0.5342241309478148,0.29623987354722536
-0.375207,-0.096773,-0.049417,0.011229,262.474608,70.0,-0.048294689852674676,0.03062158973400038
-0.455609,0.576328,-0.698439,0.178018,173.039459,70.0,-0.68289643217076,0.15923468001631363
0.338135,-0.963537,-5.168806,11.82666,115.280706,70.0,-5.158233831063036,11.841810423635703
-0.158206,-0.96235,6.195874,12.101136,71.663041,70.0,6.181313733751512,12.119260260071256
-0.214112,-0.586069,-0.011418,0.088323,244.985762,70.0,-0.002869998342118766,0.10829041617039543
-0.059456,0.718114,0.426638,-3.108433,87.64591,70.0,0.42333720590538393,-3.119097254521617
-0.653014,0.791818,0.325484,0.005562,143.159308,70.0,0.32604012830895385,0.0044301316025795665
0.083378,-0.672892,-0.916806,2.157601,131.740454,70.0,-0.936376694620334,2.1550408640743233
0.700299,-0.072308,-0.663229,0.177942,201.891555,70.0,-0.6476912162926838,0.15824591239262753
0.714408,-0.94304,0.725618,-0.781245,130.549833,70.0,0.7394634346590245,-0.7989245176443011
0.325213,-0.142341,4.645062,-3.534128,173.042057,70.0,4.663545850335619,-3.5407342549606726
-0.32097,-0.545661,7.180497,-1.356548,124.494946,70.0,7.170916306054661,-1.361026317349444
-0.922538,0.896225,0.655797,0.668738,125.889533,70.0,0.6517825113710493,0.6489264698151544
0.848593,0.306938,0.292474,0.611589,157.048327,70.0,0.2941450028316298,0.613753280069486
0.707024,0.945301,0.726675,0.787689,130.55679,70.0,0.7123718090106752,0.7700591472157404
-0.334452,0.873545,8.726104,4.261006,113.861189,70.0,8.738774777228349,4.279781236976976
-0.324031,0.016044,-0.352837,0.017634,277.389065,70.0,-0.3510758838756643,0.013790290085913747
-0.353615,0.786049,-7.745196,-2.146682,105.554944,70.0,-7.7258793736205,-2.1363319751659526
-0.872565,0.801684,0.797644,0.654364,135.179484,70.0,0.7950468086539075,0.6411137360789058
-0.093811,-0.689825,-1.089244,0.822774,115.75304,70.0,-1.1057674191205886,0.8361683902410445
0.119003,0.079747,-0.032678,0.019775,379.878721,70.0,-0.030703720519576354,0.039508630460755284
0.307129,-0.077121,-0.105962,0.019043,326.482662,70.0,-0.10406057606035071,0.03630106212550689
-0.177551,-0.107562,-0.433431,0.101972,322.088869,70.0,-0.423669898842638,0.09073933160039441
0.212753,-0.266178,0.177703,-0.605748,168.29004,70.0,0.17545073474489825,-0.5931366943260556
0.345706,0.279187,-0.148343,-0.11997,232.038834,70.0,-0.15963337333402072,-0.10522377860945614
0.29821,0.020593,-0.379886,0.089577,286.846879,70.0,-0.37122479765878796,0.08312199753351318
0.112626,0.909829,-9.541271,5.215869,155.600636,70.0,-9.525042294226786,5.19916681753776
-0.502542,-0.22028,-0.407936,-0.174504,230.995364,70.0,-0.42325502942617466,-0.18354181443652118
-0.240037,-0.307031,0.555374,-0.360462,169.742367,70.0,0.535907596075336,-0.3791464544768394
-0.26768,-0.895634,-10.596524,-9.277299,92.702241,70.0,-10.609971235402908,-9.295524265334898
-0.922847,-0.296352,-0.695007,-0.337245,180.191276,70.0,-0.7148739100842314,-0.3561434254439862
-0.790782,-0.667389,-0.535606,-0.351816,148.304822,70.0,-0.5552525386431463,-0.3697053036197392
-0.813304,0.80076,0.719032,0.622652,135.298677,70.0,0.7195985772623942,0.6046742059322785
0.376277,0.087936,0.523963,0.122712,250.840969,70.0,0.5354786354147568,0.10537330943589025
-0.055461,-0.12893,0.560302,0.030266,140.662423,70.0,0.5633170613089803,0.01141145803194413
-0.918671,-0.104307,-4.116374,-0.359762,123.600172,70.0,-4.135856346235487,-0.3629783277678619
0.908226,0.561568,0.778403,0.300014,148.672982,70.0,0.7983529987152861,0.2853859816811804
0.278873,-0.987751,30.418813,19.903428,77.425287,70.0,30.401835800658297,19.908823872433448
0.87233,-0.744406,0.498956,-0.198394,139.234066,70.0,0.48221389450678753,-0.2143541738045215
0.776127,0.374241,0.621774,0.247481,180.286456,70.0,0.6406727593914524,0.227491706765153
-0.130562,-0.362007,10.780148,3.788374,126.015582,70.0,10.781991660385222,3.770761957092762
-0.252263,0.222632,-0.263995,-0.020404,278.489325,70.0,-0.266031862400275,-0.015440006610953625
-0.216324,0.240008,0.13229,-0.132195,336.681074,70.0,0.12001226394289943,-0.11641295236211315
-0.191712,-0.109407,0.199413,0.087002,337.183405,70.0,0.20784138940092,0.09785739385043248
-0.809128,0.98454,0.850998,0.874675,125.755416,70.0,0.8321363393599998,0.8658426808449972
-0.828619,-0.602326,-0.577937,-0.173342,148.995512,70.0,-0.5931810664985915,-0.19271077395882769
0.702176,-0.519643,0.577644,-0.449024,164.998444,70.0,0.5620214118531017,-0.4683854500971536
0.356481,-0.615764,-0.005667,0.001338,320.599016,70.0,-0.0055332009980587965,0.021329971814905466
0.858674,-0.272266,0.013149,-0.016601,243.196053,70.0,0.011490805644540594,0.003355791516827942
0.031283,-0.223644,0.393364,1.26212,192.050563,70.0,0.39391222517920876,1.2544049433225395
-0.791848,-0.582747,0.63419,-0.377866,152.959913,70.0,0.6151960869037674,-0.397857382081093
-0.227218,-0.853487,-1.777434,-0.011356,140.85686,70.0,-1.7785689899086015,-0.028534721196263033
-0.558009,-0.460758,0.617529,-0.349412,183.716593,70.0,0.5978388852612958,-0.36938290356448117
0.033197,-0.053995,-0.029783,0.052994,365.700199,70.0,-0.024545393694867138,0.0727726527255001
0.500216,-0.865501,-0.09368,-1.633728,114.875618,70.0,-0.11269804334517809,-1.6158821647052881
-0.469258,-0.811018,-0.490474,-0.642468,148.754037,70.0,-0.489060233122106,-0.6579028118364284
-0.777261,0.576533,-0.421928,0.245152,156.561596,70.0,-0.40310673667231506,0.23488912286759556
-0.215022,0.119891,-0.235054,0.06976,280.775081,70.0,-0.22821859372831638,0.07746587866618954
-0.995836,0.976851,-0.853193,1.023618,120.803465,70.0,-0.8715695191294406,1.014983145133498
-0.064015,0.105019,-1.717421,0.912036,239.171924,70.0,-1.737189771198025,0.8986521233832325
-0.951851,0.243529,14.138119,-1.318977,75.948959,70.0,14.131985462609098,-1.3190722055250264
0.994266,0.628891,8.669719,1.217327,105.10061,70.0,8.66581325546511,1.2334438174700986
-0.232667,-0.430804,0.43562,-0.230451,207.278229,70.0,0.41734634484107397,-0.24186410682884962
-0.527758,-0.030822,0.177553,-1.176871,149.344447,70.0,0.18531981435450112,-1.1642480558308637
-0.033055,0.437907,15.366891,-15.585411,97.580679,70.0,15.355388428003648,-15.582727814619185
-0.089948,0.246641,-1.617954,-3.606603,128.10314,70.0,-1.6033783679281675,-3.6112751922068123
-0.700559,-0.288466,-0.293708,-0.141925,186.934918,70.0,-0.3067389867898529,-0.13988343569650674
-0.254584,-0.786434,-0.673281,-0.169726,218.373773,70.0,-0.6882885104694857,-0.1892227191323064
0.40778,-0.434673,-0.135594,0.11721,191.916401,70.0,-0.12453251049080653,0.1327869513112768
0.45194,-0.244048,-0.51871,-0.192102,233.796091,70.0,-0.5350996791389071,-0.20917291936559743
0.290947,-0.060593,-0.605417,-0.057525,300.04382,70.0,-0.611090511831315,-0.07739402318060248
-0.383283,0.170505,-0.533158,-0.007003,234.890168,70.0,-0.5338581569082768,-0.02478150701703129
-0.315376,-0.526501,6.093825,1.300014,123.046883,70.0,6.09812876697389,1.3116996357992683
-0.899813,0.838024,-0.834903,0.821594,130.559822,70.0,-0.8513596484140971,0.8113477734878093
0.673306,0.258642,-0.386977,0.017339,204.404326,70.0,-0.38524527118929114,0.010217042912893725
-0.99876,-0.152493,0.569466,-0.096733,190.593609,70.0,0.5601654619340322,-0.11587332516378858
-0.953758,0.188208,-10.677323,1.565154,87.174715,70.0,-10.657330958435052,1.5451581860154013
-0.793789,0.794191,0.120111,-0.134682,137.013266,70.0,0.1076378959340571,-0.11818155777517932
-0.0295,0.190531,1.881336,1.590658,108.470312,70.0,1.9012374595094277,1.570661275272441
0.247287,0.15964,1.328105,-0.15201,195.064871,70.0,1.3143258462790017,-0.13327338663068214
-0.929052,-0.574082,-0.335909,-0.171792,171.690662,70.0,-0.3510522723641897,-0.1739626890263397
-0.600071,0.602638,-0.211704,-0.060111,163.739101,70.0,-0.2176250074574356,-0.05030774735819081
0.528562,-0.462727,0.641525,-0.371887,187.287451,70.0,0.6223523547619035,-0.39184341313327414
0.949397,0.514135,0.744688,0.290926,148.649508,70.0,0.7645532055308167,0.2742170233370852
-0.941084,-0.79347,-0.550201,-0.417797,130.923406,70.0,-0.5675753553575478,-0.4362907096216138
0.143875,0.099434,0.175621,0.115745,314.746774,70.0,0.18656014003523075,0.12851721098974894
-0.813904,0.710363,0.582246,0.383166,143.986438,70.0,0.601067281278138,0.3636943269177452
-0.926296,-0.253074,0.295454,0.228278,172.321271,70.0,0.31363826149008445,0.23014580075819466
0.585153,0.661685,0.728171,0.578744,156.954642,70.0,0.7330778437724258,0.5611852805386568
0.943661,0.118811,0.242646,-0.079744,221.611374,70.0,0.23488121868906403,-0.07274408949434742
0.848333,-0.067142,-0.346292,0.035457,154.028567,70.0,-0.3427648443750347,0.03225753264450691
-0.447392,0.686779,-0.742256,0.311217,165.363319,70.0,-0.7222581641923285,0.29437560696184284
0.693318,0.592228,0.078573,-0.1182,158.571586,70.0,0.06742916629454189,-0.09972367948780264
-0.423678,-0.749512,5.174485,-1.864239,112.247665,70.0,5.1724170434180365,-1.8494653649799104
0.944774,0.817791,0.906295,0.8316,130.590342,70.0,0.8892905549142128,0.8280014257527928
0.614823,-0.674404,-0.298271,-0.07669,153.580641,70.0,-0.305753442972235,-0.07510284409754575
-0.709997,-0.912113,-0.789254,-0.61122,130.692389,70.0,-0.7909617709485977,-0.6250868755506823
0.11215,0.906537,-1.359953,0.195252,103.596445,70.0,-1.3433848339460406,0.21264227165960073
0.166076,-0.756388,0.340242,-1.570671,106.007207,70.0,0.3202420039267012,-1.5732718862820554
-0.616843,0.719388,-0.449694,0.492071,148.754676,70.0,-0.4370989018429755,0.47953135128099433
0.754626,0.997557,-0.979823,0.853359,125.8645,70.0,-0.9978700964529518,0.8570718565186666
-0.055505,-0.876739,13.351139,37.958225,71.634208,70.0,13.37038625138058,37.944038402550746
0.645672,-0.192843,0.186225,-0.036463,213.747973,70.0,0.18259886620378799,-0.0245243643654549
0.888121,0.652034,-0.844394,0.596986,144.290902,70.0,-0.841273547878655,0.5875660894597409
0.728619,-0.10083,-6.054445,0.12863,125.788986,70.0,-6.042450618480242,0.13691456622660178
-0.651366,0.484017,-0.556018,0.378857,172.705881,70.0,-0.537055355522268,0.36014967157752664
0.86992,0.750737,0.197299,-0.092141,138.155332,70.0,0.1884074057280541,-0.08110866489388066
-0.364913,0.899172,2.748649,-1.006332,129.452928,70.0,2.7676382895739353,-0.998655741584482
0.382577,-0.036596,-0.375468,0.054617,276.229498,70.0,-0.3700739320816515,0.048581695103627046
0.930203,-0.083641,0.456716,0.019094,194.753694,70.0,0.45862250077719907,0.00601515451091734
0.246595,0.525163,-11.328258,22.271719,103.318754,70.0,-11.347976609772717,22.291633272528554
0.415077,0.199681,0.144762,0.033284,246.115137,70.0,0.14807505757970335,0.048269760459634665
0.038715,0.679449,-4.226784,-0.590291,80.917124,70.0,-4.230563881391899,-0.6033817052716991
-0.504895,0.233969,0.462921,0.221519,228.162275,70.0,0.48081353370785307,0.20797708800721537
0.311783,0.138924,0.10657,-0.014715,313.06165,70.0,0.1050998272477841,0.0025122559673985082
0.901826,0.989187,0.595648,0.363618,121.272855,70.0,0.6150395685720622,0.34388424805468815
-0.730016,0.621002,0.557112,0.341841,152.985097,70.0,0.5769207360208839,0.3230952590299181
-0.81454,0.033708,-0.355111,0.098111,211.278359,70.0,-0.3456886897919944,0.09404438239340134
0.538497,0.522441,-0.70365,0.401855,176.450974,70.0,-0.6855420278180627,0.3832570139245712
0.661684,0.92408,0.77802,0.45686,130.825461,70.0,0.7931414682685772,0.4422058899213709
-0.988735,0.323817,0.20535,-0.094185,194.369256,70.0,0.19627578415644714,-0.08383295314209445
0.390228,0.56898,-0.181046,0.034806,152.139032,70.0,-0.17758294257817042,0.04715609371623147
0.850895,0.987688,-0.61023,0.427976,125.354113,70.0,-0.5933820979810873,0.40805774299247477
0.072706,-0.023285,0.022086,-0.022305,359.82959,70.0,0.019860120887050414,-0.0024268239720489637
0.648862,-0.577424,0.107341,0.101663,163.291004,70.0,0.11707511960122097,0.11885096200625592
-0.761972,-0.460473,0.39835,-0.27109,168.629311,70.0,0.3788119510462615,-0.27926262111912575
0.826175,-0.471007,-0.773056,-0.466902,161.141218,70.0,-0.7875014517855179,-0.4818893848796222
-0.221997,0.896391,-2.12163,0.226726,127.927393,70.0,-2.1035108999517536,0.219169902863007
-0.354325,0.860118,22.428938,13.941938,95.76921,70.0,22.4401424042193,13.9535285828386
0.004334,0.833249,-1.117125,-47.898402,76.455493,70.0,-1.1304768178973545,-47.88307376794432
0.414062,-0.864935,-0.336619,0.37295,151.249993,70.0,-0.31747688345184594,0.37070874421908134
-0.954553,0.834935,-0.919758,0.57045,130.505266,70.0,-0.9140515546960413,0.5681829037869038
0.747459,0.549515,-0.48025,0.333744,160.793875,70.0,-0.4603458138573952,0.31897925063583416
-0.298087,0.05773,-0.527646,0.105571,297.90894,70.0,-0.5175723708305505,0.08805169077361791
0.273166,-0.894099,-0.247229,-2.262958,93.23589,70.0,-0.2282393632648375,-2.256389202813475
0.879675,0.691243,0.669315,0.431065,139.980089,70.0,0.6859944451927658,0.4114837084388384
-0.272197,-0.806955,-0.87136,-0.440165,157.653463,70.0,-0.8875202123062302,-0.4471278512060872
-0.491297,0.77339,-0.502077,0.578051,148.793876,70.0,-0.4971030038658986,0.5619046912704263
0.360136,0.807038,2.824128,0.602086,93.523716,70.0,2.8267437379547573,0.6024165237760698
-0.11395,0.838911,-8.876373,-27.122244,77.794983,70.0,-8.86638794924026,-27.103819416095426
-0.424457,0.150272,0.06241,-0.033126,258.084641,70.0,0.05911252516165267,-0.014091876019423782
-0.371136,0.315603,-0.21518,0.21751,159.931369,70.0,-0.19747017669106987,0.22700880839083448
0.339602,-0.31135,-4.461083,-0.879381,164.967372,70.0,-4.442070073550617,-0.8984014679344837
-0.857787,-0.825232,0.445095,-0.119652,134.416987,70.0,0.43383088929211644,-0.13183008768673482
0.332632,0.541849,-9.140727,-2.0229,93.01078,70.0,-9.128000544370023,-2.0258994710553058
0.854048,-0.009807,1.301085,0.011746,185.816774,70.0,1.302258924875531,0.031254124695203424
-0.827727,0.389006,0.273679,1.208105,149.445731,70.0,0.268873283207413,1.212125444317344
0.019987,-0.081032,0.009989,-0.110303,375.51219,70.0,-0.0004905640649044175,-0.0903279398452267
0.09768,-0.300173,0.070797,0.146639,314.034194,70.0,0.0841819411892107,0.165398976199722
0.990493,-0.780353,0.695721,-0.869772,130.669185,70.0,0.7144139565942946,-0.8886469360081656
0.607797,-0.751228,0.332315,-0.091353,147.783705,70.0,0.3234940588162878,-0.09316608087156539
0.103398,-0.188336,-14.851594,-4.545486,157.640928,70.0,-14.838163255896262,-4.537138720344293
0.639314,0.957338,0.842035,0.86085,130.636267,70.0,0.8236777789201659,0.8512226537481383
-0.026015,0.766553,-1.79765,-0.26514,67.65805,70.0,-1.817052279115969,-0.28326450170741047
-0.543471,-0.120289,-0.115128,0.013744,256.890103,70.0,-0.11375468149782589,0.03052088152623599
0.298922,-0.020636,-0.292752,0.02445,320.341987,70.0,-0.2903130855637318,0.026586641239682712
-0.831713,-0.601804,-0.668146,-0.271239,148.846891,70.0,-0.6876872274493436,-0.29084375191925466
-0.514461,-0.553841,-0.712255,-0.335765,172.721685,70.0,-0.7321384115080424,-0.35402936841629495
-0.413736,0.336991,0.327213,-0.049842,216.975584,70.0,0.3222802311736282,-0.05114644684639897
-0.191658,0.805448,0.174894,-0.300851,215.996802,70.0,0.15493826114666576,-0.2880229286765508
-0.830921,0.713073,-0.311052,-0.003656,140.827884,70.0,-0.311417579638955,-0.0033452859643476993
0.619902,0.691124,-0.765974,0.594557,152.810522,70.0,-0.7626138585875148,0.5791101719366575
-0.282697,0.713725,-21.606033,-0.870736,69.85718,70.0,-21.58730598326895,-0.8637882894602404
-0.431305,-0.9417,-1.152283,-0.183674,113.542626,70.0,-1.1681752615340315,-0.16633523620410381
0.850052,0.81958,-0.697634,0.526048,135.066214,70.0,-0.6878468535817567,0.5072371834238981
0.68868,0.639524,-0.363326,0.104047,153.426245,70.0,-0.3533843187674204,0.09917969964203333
0.48044,0.76162,0.596949,0.732316,148.710328,70.0,0.5870116168644791,0.7125615079291253
0.547182,0.482615,0.311074,0.01598,180.713292,70.0,0.3126703002679827,0.016288514299286773
-0.68623,0.528321,-0.553884,0.382626,165.040033,70.0,-0.5350445230158133,0.3639952103866277
-0.51029,-0.448497,0.602994,-0.272191,190.76104,70.0,0.5834327204117516,-0.29203088114368325
0.109655,0.970189,3.019608,-2.560868,202.947389,70.0,3.014893405502548,-2.5772618394545534
-0.025643,-0.978519,-18.077267,7.435392,107.90473,70.0,-18.087241927934265,7.420353933198076
0.035266,0.720473,1.151449,0.5866,153.965881,70.0,1.155590665311265,0.6038970452991121
0.988157,-0.051289,-0.356089,0.001315,168.21691,70.0,-0.35595750094746914,-0.0028473255704286344
-0.022489,0.02001,0.020556,-0.00598,322.506757,70.0,0.019958089099013806,0.013914455676892284
0.313636,-0.71474,-2.024277,5.368204,132.832191,70.0,-2.0044657166931232,5.35286352828134
-0.634985,-0.200654,0.547598,-0.175575,222.472129,70.0,0.5322103361289338,-0.19396804160756015
-0.394105,0.281645,-2.726151,0.376891,145.831704,70.0,-2.7071267782278468,0.3865918530503401
-0.385322,-0.10666,0.317573,0.031548,307.598657,70.0,0.3207147333597289,0.031206643111591506
-0.629182,-0.667329,0.278836,-0.04522,153.661935,70.0,0.2743524299909211,-0.04170600901277465
0.200101,-0.897204,-1.253181,-0.575718,144.594884,70.0,-1.2583806224591954,-0.5557209860158567
0.687027,0.858918,-0.727667,0.717087,135.306774,70.0,-0.7362552536323148,0.6995042059025753
-0.156957,0.020271,-0.084401,-0.008278,375.70176,70.0,-0.08522856366511916,0.009967390916642466
0.700504,-0.627579,0.27338,0.018988,155.830409,70.0,0.2752759487802057,0.023037729455347246
0.282633,0.205892,0.156234,0.059577,280.341947,70.0,0.16210398021058567,0.07377880429389655
0.428878,0.160603,0.448085,0.132084,256.731019,70.0,0.46035397189248006,0.11967010219511204
-0.748863,-0.140102,0.395503,-0.110052,271.145473,70.0,0.3850448226472586,-0.11796395628644603
-0.690597,-0.866525,0.740354,-0.840182,135.274019,70.0,0.7577944309764701,-0.8571252178744946
0.318584,0.445333,-8.151019,1.174218,177.367703,70.0,-8.159029602028271,1.1542912451084346
0.706691,-0.6434,-0.703206,-0.603155,152.787426,70.0,-0.7057157193120625,-0.6217692711833033
0.372564,-0.30856,6.965605,-1.230628,127.735778,70.0,6.968198581347188,-1.2499007171503878
0.037865,0.390549,-0.162551,-0.174539,211.184474,70.0,-0.17787227933596572,-0.16078899184685913
-0.043144,0.884235,4.874684,23.950901,83.77677,70.0,4.881990541934838,23.965407069276406
-0.662775,0.748426,0.513013,0.429199,144.453748,70.0,0.5297946848091711,0.4124317893529698
0.794898,-0.154331,-9.99537,-0.467011,181.096886,70.0,-10.009807911107993,-0.447838319376218
0.159538,-0.640397,0.037336,0.960108,180.667131,70.0,0.017413655717074334,0.9797605166695992
0.847011,-0.282244,0.222446,0.128158,150.250991,70.0,0.23440257821180766,0.13701126009399908
0.330191,-0.48664,-1.167099,0.586265,203.348212,70.0,-1.162924566682773,0.6042939867286556
-0.954246,-0.014563,0.109164,0.003666,146.074585,70.0,0.10953057947142308,0.02076003801000356
-0.760315,-0.61037,0.694475,-0.568154,152.816245,70.0,0.6885488796486605,-0.5870697708026823
-0.480868,0.045602,0.408803,0.007694,253.230906,70.0,0.40957221023628776,-0.0014210720293463567
0.437852,0.979653,11.128534,-3.85749,122.044804,70.0,11.120053336280815,-3.845151987891858
-0.965613,0.938739,0.49328,0.214833,124.997502,70.0,0.5108638521484148,0.19922126904132512
-0.616149,0.376233,0.595501,0.382872,190.712633,70.0,0.6143322048530698,0.36314064400370666
-0.654504,-0.256195,0.529503,-0.262166,197.626705,70.0,0.5101750273137444,-0.27977412958415254
0.127786,-0.304786,6.129688,-5.470587,94.484578,70.0,6.1137590337517205,-5.456193837779973
-0.535517,-0.436025,0.517556,-0.315931,190.724644,70.0,0.49755678475577747,-0.3329415101053513
-0.278904,0.456372,-10.285439,6.108029,140.889491,70.0,-10.30079988459666,6.115984377604721
0.238006,0.16545,0.281058,-0.21483,271.110877,70.0,0.2634742907935239,-0.21153496480081985
0.714515,0.861408,-0.739367,0.848823,135.258906,70.0,-0.7572139730072914,0.8318275457500838
-0.322353,0.220745,1.461161,-0.478287,167.268136,70.0,1.447525917901426,-0.4678643620667364
0.053446,0.268597,3.28509,8.686885,88.479673,70.0,3.2746725599416435,8.671815788732735
0.307461,-0.497061,0.896406,-0.969685,152.40035,70.0,0.916221227224839,-0.9742515407195068
-0.102286,0.886268,-0.385641,-0.700473,152.604504,70.0,-0.37858106070627623,-0.707469956774345
-0.498888,-0.815713,0.900751,-0.484432,144.605532,70.0,0.8875718393681851,-0.48857447392707304
0.304292,0.243745,2.131846,1.856569,172.17701,70.0,2.134675138028724,1.8499682313706896
0.621773,0.13062,-0.393905,0.146522,233.415407,70.0,-0.3805287546680872,0.1387570588320046
-0.67704,0.988042,0.851588,0.384415,126.165791,70.0,0.8703666698157773,0.3756356542466128
0.021248,-0.885878,0.365391,1.176408,124.922811,70.0,0.35758154031116507,1.171340671108138
-0.947529,0.876446,0.491639,0.504635,126.093524,70.0,0.5032339319203372,0.4891263637235739
0.435565,0.534524,0.734715,0.337324,180.374795,70.0,0.7545809986714831,0.32008793532635627
-0.254646,0.161154,0.18401,0.086146,344.371557,70.0,0.1923606847258464,0.09826160751610405
0.521409,-0.682349,0.283373,-0.158837,157.640238,70.0,0.26910714728338236,-0.15577051700225997
-0.2313,0.545538,-2.46722,-0.00467,85.512154,70.0,-2.4676869575646725,0.01480209330725717
0.849161,-0.150135,-0.721159,-0.389898,183.570224,70.0,-0.7397419677281694,-0.40778157934557163
0.67824,-0.817187,0.668415,-0.795301,139.814088,70.0,0.6832397535549312,-0.8149004127279248
-0.469093,-0.050861,0.175082,-0.035619,221.456214,70.0,0.17153889945053274,-0.0228053577707912
-0.819365,0.927933,0.231894,-0.10408,127.320078,70.0,0.22194945548488118,-0.09608349242112124
-0.238396,-0.727422,-0.822395,-1.916815,111.382048,70.0,-0.8192225162948624,-1.9281146819551298
0.216243,0.38983,1.928316,1.137022,93.948914,70.0,1.917054941779982,1.1174901930462013
-0.128858,0.285651,4.757286,4.97471,208.46591,70.0,4.752160022411268,4.979162088184356
0.930532,-0.544794,0.879483,-0.494221,148.760072,70.0,0.8670556370673314,-0.5004168346353343
-0.356131,0.501366,-25.781018,-5.694132,82.453298,70.0,-25.77711665302251,-5.714032499770493
0.451841,0.097873,0.442508,0.172887,251.694409,70.0,0.45772257321010373,0.1609151374864106
0.958226,0.907058,-0.741523,0.990954,125.753051,70.0,-0.7609383849478185,0.9740731844259485
0.917068,-0.830878,0.864621,-0.832946,130.563871,70.0,0.881695916118448,-0.8405365212938448
-0.570673,0.695197,0.426966,0.301583,153.149406,70.0,0.44692647241452177,0.29089101164878645
0.179,0.460077,3.546914,5.171676,107.740666,70.0,3.5601862685455354,5.180479802497498
0.505758,0.275509,-0.060353,-0.06872,221.104207,70.0,-0.06709057681223675,-0.04962373183624018
0.487487,-0.80879,0.828479,-0.252049,148.79878,70.0,0.8094356952368458,-0.26284153961608386
0.66805,-0.08687,-0.300651,0.075554,211.602259,70.0,-0.2932740274656552,0.07690379972977654
-0.017348,0.427979,5.084383,5.407344,97.274078,70.0,5.103283126111757,5.4265135962070365
-0.951834,0.517593,-0.091384,-0.106875,150.373698,70.0,-0.10157006543984158,-0.08892668789239508
-0.815469,0.416063,0.865198,0.479322,161.160306,70.0,0.8787571811843484,0.4717848931671911
0.777653,0.012315,-3.156685,0.048483,125.269706,70.0,-3.151884045756221,0.0285399177126512
0.985029,-0.622452,0.189754,-0.12204,222.88138,70.0,0.17829337243508783,-0.11038633699463238
0.4516,0.039447,0.310413,0.056393,265.59975,70.0,0.31597787175499187,0.05676760462920862
0.985882,-0.277609,0.77068,-0.492386,172.205617,70.0,0.7581093864624209,-0.5075296509722236
0.221958,0.456024,0.297882,1.430503,107.123456,70.0,0.31315993066965403,1.4321289301929416
0.391583,-0.666898,0.164004,0.142731,171.069881,70.0,0.1770960244715972,0.1563751316846915
-0.550849,-0.125541,0.339451,-0.130353,233.668429,70.0,0.3273191889946943,-0.13287543784772868
0.027025,0.20521,-0.8083,0.186757,222.301534,70.0,-0.7922224600996626,0.17432334912694888
0.97242,-0.536739,0.099781,0.108771,146.979061,70.0,0.11012977260282027,0.12633314013257146
-0.976441,0.954585,-0.618436,0.41142,121.23067,70.0,-0.6007546717169236,0.391444411135868
-0.290204,0.545671,-0.931885,0.760547,84.90452,70.0,-0.9441653779304379,0.7594882155684112
-0.90788,-0.735431,0.472997,-0.234289,135.78738,70.0,0.454570731891024,-0.24855490420503717
-0.392472,-0.275879,9.633319,1.951688,101.85597,70.0,9.626768894159296,1.9416102912960065
-0.706523,-0.537651,-0.47836,-0.269346,164.708889,70.0,-0.49786003981169313,-0.28398260376988355
-0.302804,0.76714,0.379241,-0.176165,169.235697,70.0,0.3638157146751751,-0.18255892077282837
-0.681448,0.909626,-0.507875,0.079475,131.376963,70.0,-0.5001350156338209,0.06299337189932583
0.07663,-0.072099,-0.070433,0.022452,381.568536,70.0,-0.06819251281290765,0.04122456276298822
0.229684,0.306807,0.424706,-1.510348,160.338386,70.0,0.4056125671740017,-1.520848315929182
0.50052,0.233614,-0.132973,-0.037879,228.912206,70.0,-0.13673829495773923,-0.02213899838119371
0.345851,0.724552,0.363563,1.029742,146.99303,70.0,0.3454367488046228,1.0248517156106338
-0.456809,0.414724,0.640319,0.242909,197.53574,70.0,0.6590632161140612,0.22294499201535403
0.263646,-0.901307,-0.009708,-0.046962,263.941844,70.0,-0.014361164071717189,-0.026985556690233208
-0.266855,0.964146,0.102503,1.778641,99.092687,70.0,0.11264079753844164,1.7960712796602583
0.398478,-0.786434,1.076459,1.087339,118.026335,70.0,1.0614798111064623,1.0997572464086522
0.397043,-0.904518,0.681558,-0.479589,132.466552,70.0,0.6680184580535683,-0.49888456426074956
-0.238562,0.487971,-0.715893,0.95008,145.306155,70.0,-0.735878553363424,0.9319668826739145
-0.665703,-0.472596,-0.521149,-0.356554,172.734892,70.0,-0.5407013515673857,-0.3737507230336116
-0.928496,0.768114,0.871203,0.624991,135.214827,70.0,0.8715357377203612,0.6180134331076097
-0.310045,-0.925154,10.046071,0.01125,78.512425,70.0,10.04719540683213,0.031237661886124514
0.935336,0.198762,12.099621,4.479208,116.601337,70.0,12.09174262067225,4.465386840562796
0.588851,0.825707,0.64706,0.114861,140.420817,70.0,0.6579250284147503,0.09494874643057263
-0.348123,-0.901158,-0.561654,-1.813472,128.239822,70.0,-0.5686511307870619,-1.8323712088123258
0.229287,-0.373704,-3.063162,1.464898,93.237166,70.0,-3.045900720900222,1.4464162346247518
-0.840061,-0.913359,-0.326315,0.000849,129.2623,70.0,-0.32623010025498317,-0.0003658252047123745
-0.820257,-0.061631,2.330403,-0.067776,108.248324,70.0,2.3237543800405382,-0.055569976705099826
0.171333,-0.399231,6.728846,-1.187869,96.355856,70.0,6.735588101832567,-1.2000919121357365
0.129974,0.479635,1.357158,-1.106229,122.10737,70.0,1.370820604205187,-1.088702383398013
-0.775901,-0.574179,-0.530916,-0.427183,156.833982,70.0,-0.547806501099305,-0.4448576968401006
-0.222556,-0.496222,-0.01522,0.095887,158.772735,70.0,-0.005994441005379013,0.1158291158430331
-0.010783,0.778424,0.017956,-0.022599,221.587337,70.0,0.015700905949132038,-0.0026795503561879534
0.973409,0.085217,3.046161,-0.190621,124.720641,70.0,3.029856645863929,-0.20838707184523114
0.239529,-0.237924,0.038639,0.057813,196.165652,70.0,0.04434012284436986,0.07744091639633574
-0.794019,0.915176,-0.737574,0.724825,130.494335,70.0,-0.7468544774181278,0.7077357121228992
-0.629589,0.50227,-0.644189,0.466732,172.662818,70.0,-0.6297317960899459,0.4467949349143876
-0.352198,0.602693,4.144901,0.44122,150.983055,70.0,4.160998830544768,0.43523030155429715
-0.546408,0.514605,0.423323,0.123605,176.77452,70.0,0.43491153236861224,0.11322264027004708
0.964848,0.207827,-0.176547,0.108484,153.431403,70.0,-0.1662227972171248,0.12118481585954666
0.949775,0.868599,-0.343869,0.19652,126.589464,70.0,-0.3272301435919534,0.19355994108732974
0.535243,-0.164221,0.547744,-0.273178,213.36,70.0,0.5281623990197534,-0.29157677062367165
-0.054513,-0.197494,-0.420593,3.334053,108.060237,70.0,-0.4370031897288764,3.3239049340496862
0.718251,-0.354394,0.373613,-0.031662,180.702424,70.0,0.3704600086842955,-0.037520195428870355
-0.296729,0.877717,0.283037,-0.289436,81.814274,70.0,0.2631896154708882,-0.28633631863343095
-0.211846,-0.496538,0.10144,-0.174093,141.216499,70.0,0.08614742602548689,-0.15661084038010575
0.678635,-0.18772,-0.063357,0.063534,236.329784,70.0,-0.05710992019563258,0.08253883684162787
0.982034,-0.9618,0.749648,-0.718009,120.9411,70.0,0.7583194286711136,-0.7344402806771841
-0.969417,-0.993807,-0.869332,-1.03483,120.792248,70.0,-0.8514266138561827,-1.0419826031494344
-0.918352,-0.738455,0.72056,-0.571596,135.357211,70.0,0.71496348404005,-0.5895063169084251
0.794231,0.637729,0.743492,0.564012,148.597457,70.0,0.7498124207931004,0.5472375941266306
0.313121,0.623426,-0.347744,0.430206,89.883731,70.0,-0.33101730862860373,0.4268632882041294
-0.082013,-0.390993,-1.653502,-0.852781,127.221594,70.0,-1.6354798903274754,-0.8608178555601684
0.572389,0.14164,-0.023034,0.384222,197.075239,70.0,-0.004248697824359961,0.40408950526045456
0.535209,-0.735655,-0.67459,-0.388175,152.76446,70.0,-0.6932359778655142,-0.4076421210738218
-0.154576,0.035511,0.017834,-0.024506,375.710799,70.0,0.015389527453494705,-0.004585460217132718
0.837519,0.178534,-0.73963,0.110938,167.591855,70.0,-0.7290964038849718,0.09395642446597594
0.617241,-0.037891,0.431725,0.027043,204.7032,70.0,0.434421067033624,0.01595189061914025
-0.840283,-0.644314,0.034203,0.130132,146.194447,70.0,0.04631723378390685,0.14984025078335506
-0.98847,0.791594,-0.792245,0.891932,130.657118,70.0,-0.8116096730818365,0.8782822006087423
0.315043,0.934419,6.186999,-1.029945,84.674552,70.0,6.205116662916856,-1.0122137125177277
0.782505,-0.441628,-0.399217,-0.317449,168.731145,70.0,-0.4192142944724991,-0.3257006751406197
-0.448268,-0.039584,-0.415798,0.08884,289.651245,70.0,-0.407203286918018,0.07910800020930474
0.718863,-0.072595,0.359539,-0.006399,178.836715,70.0,0.35889920916988677,-0.010898135486533657
-0.106009,0.302487,-10.717729,2.029683,89.005049,70.0,-10.73097129303381,2.010011771520322
-0.104833,0.068405,-0.111045,0.086593,380.461527,70.0,-0.10265371900946034,0.10358863713030363
-0.317837,0.112296,-0.582935,0.018521,267.320798,70.0,-0.581085546036514,-0.0009662894852767792
-0.642557,0.539811,0.525696,0.304745,168.704342,70.0,0.5456738469927772,0.2873205848879747
0.60631,0.25847,0.299533,0.015295,206.74151,70.0,0.30106100957473325,0.016756323150148657
0.107456,0.013416,-0.030931,0.00626,372.811167,70.0,-0.030305102209316533,0.026021294662168064
-0.510429,-0.780771,-0.615431,-0.22027,140.47876,70.0,-0.6332673780505355,-0.24022849225339155
-0.414287,-0.927035,0.777844,-0.671919,144.506546,70.0,0.7821695936779796,-0.68658508200985
-0.682256,-0.680802,0.360298,-0.023621,151.909637,70.0,0.3579413875778943,-0.028194057498411015
-0.240178,-0.669248,0.433661,-1.386793,172.074049,70.0,0.42154486154914794,-1.3980446908500987
-0.0552,0.261178,-8.627365,-3.838179,209.855967,70.0,-8.634059984304747,-3.8249114389246865
-0.374866,-0.366086,-0.315899,-0.052727,303.546666,70.0,-0.32111083346593994,-0.052900971270104465
-0.804073,-0.049812,-0.519254,0.072539,255.205559,70.0,-0.5121580961425157,0.05543980046372281
0.806933,0.125179,0.901574,-0.14288,151.795998,70.0,0.8884707151446307,-0.1469419237766826
-0.111119,0.422892,-4.022357,2.890076,85.054077,70.0,-4.0033300303119885,2.8961498773258483
-0.460209,-0.737416,0.429241,0.616229,143.402012,70.0,0.430449216970227,0.6053454459866386
0.250353,-0.322689,-0.156652,-0.027315,273.209491,70.0,-0.15937501626049494,-0.013142658529647275
0.558272,0.885271,-0.863728,0.524704,135.49872,70.0,-0.853823867443451,0.5170309359763889
0.750725,-0.566787,0.613705,-0.43484,157.025806,70.0,0.5972368204117007,-0.45478663492881294
0.013465,0.298896,-0.043323,-0.077243,152.970296,70.0,-0.05085669838722574,-0.057710388716538295
-0.458099,0.732081,0.755283,0.417519,153.138347,70.0,0.7726711081148815,0.40141545872233264
0.083107,0.777765,-20.721943,28.038089,88.856568,70.0,-20.703441565440688,28.01812847888908
-0.111344,0.643585,-0.084893,0.074948,296.385159,70.0,-0.0775723883054587,0.09317318388361431
0.731123,-0.013872,-0.925522,-0.009849,171.906194,70.0,-0.9265065019730205,-0.011542549181360797
0.853548,-0.425032,-0.896581,-0.435077,161.178748,70.0,-0.9130357195025642,-0.4396265012449279
0.48095,-0.677631,0.298219,-1.322652,143.582755,70.0,0.291736726198765,-1.3210596605510259
-0.947863,-0.725387,0.80434,-0.700789,135.310706,70.0,0.8114294962023598,-0.7135303680895171
0.422172,-0.553312,-0.215686,0.045799,190.866846,70.0,-0.21114602252317113,0.05525324912946358
0.492328,0.552235,0.693763,0.351687,172.717965,70.0,0.7134119490902425,0.3327482245574796
-0.581634,0.474971,-0.640063,0.424427,180.095188,70.0,-0.6230265189800195,0.4044614732317604
0.843496,0.63291,0.572442,0.367795,148.396246,70.0,0.5917271020536987,0.34857048275339125
-0.676809,0.868872,0.744156,0.822339,135.285911,70.0,0.727657128692084,0.8056008454543342
-0.861897,0.102818,1.021038,-0.120164,185.912857,70.0,1.0097316188261873,-0.112508447825373
0.058787,0.035393,-0.045696,0.034588,360.36101,70.0,-0.04225441534128696,0.0540682359185702
0.851452,0.360188,8.472866,0.516629,107.847315,70.0,8.483463406499967,0.5156859333557224
-0.322952,0.152731,-0.020354,0.028707,252.317133,70.0,-0.017493147019592883,0.048603518031979195
0.948947,0.958808,0.264291,-0.082566,122.341765,70.0,0.2562669363952303,-0.07763068582035507
0.687452,0.007853,-5.733873,0.01427,127.469461,70.0,-5.7324472104591315,-0.0041896917914720205
-0.01668,-0.343012,-7.177312,11.350509,233.280515,70.0,-7.1732626444640655,11.345720850821966
0.994309,-0.656703,-0.416746,-0.127185,152.62846,70.0,-0.42862443903600234,-0.13699970979310197
0.79971,0.734216,0.48109,0.204016,140.294816,70.0,0.4981329977699735,0.18919471959079753
-0.026416,0.028143,0.028319,0.031659,334.450932,70.0,0.0314716950668134,0.05145884330944586
0.999391,0.764565,0.57509,0.773739,130.730304,70.0,0.5617958483781107,0.7544431480131785
0.039137,-0.218841,-0.013258,-0.447041,241.923844,70.0,-0.029003630622536428,-0.4270849275513271
-0.063631,0.548171,8.418341,-3.164847,60.867335,70.0,8.420661198544993,-3.1711344548491884
-0.889308,-0.60771,0.161204,-0.059703,145.512057,70.0,0.15532197586695617,-0.045855487453259125
0.219174,-0.349703,0.116318,-0.135585,301.323441,70.0,0.10377443583776216,-0.11887319530215112
0.544988,-0.38597,-0.470165,-0.277724,197.457741,70.0,-0.4898340347260216,-0.29178999606161987
0.99678,0.886839,-0.504669,1.018165,125.833078,70.0,-0.523253872238115,1.001867092371521
-0.890157,-0.874774,-0.759888,-0.611907,130.4235,70.0,-0.7615273119190845,-0.627733204565834
-0.328646,0.439412,-1.32066,-0.416031,146.416805,70.0,-1.3381211481858688,-0.3970470133337371
-0.795702,0.644124,-0.771157,0.652232,148.577547,70.0,-0.7735426530775525,0.6371195498672234
-0.214018,0.9978,-0.394428,0.631156,172.689582,70.0,-0.39471173740949855,0.6233428880924994
0.031957,-0.899201,-7.386065,31.644584,67.241071,70.0,-7.367864972978748,31.6589590932479
-0.873916,0.094256,0.472313,0.039418,190.519614,70.0,0.47622932999806833,0.025200118209202288
0.16767,0.028359,0.125745,0.022149,374.865566,70.0,0.12795537535193607,0.038324560218004816
0.62624,-0.782881,-0.610172,-0.720604,144.272198,70.0,-0.6012674673676934,-0.7405217323174358
0.123917,0.673394,-9.225332,-0.410821,91.651113,70.0,-9.243041243881574,-0.42167362538873543
-0.267073,-0.699456,-3.236405,0.18878,123.724501,70.0,-3.2202079574719953,0.17098557127751843
0.24447,0.806193,17.678466,7.998855,94.487771,70.0,17.69344438298567,8.01705314678964
-0.316212,-0.576023,-10.295471,-5.654346,88.873318,70.0,-10.295523077587312,-5.647320663949177
0.776726,0.432675,-0.434377,0.373636,168.822995,70.0,-0.41525487208075745,0.3623251868124604
-0.028316,0.086867,-0.027813,0.098216,377.453209,70.0,-0.01838142933991564,0.11802292072340122
-0.020015,-0.38938,-5.316811,4.804583,98.367995,70.0,-5.334723428055106,4.806966969358609
-0.307974,-0.113323,-0.476754,0.292515,257.409562,70.0,-0.456871004294047,0.2779883137594609
-0.615323,0.272781,0.393811,0.259675,204.127169,70.0,0.413073444556287,0.2519187223094019
0.631349,-0.912474,-0.395946,-0.289238,134.744547,70.0,-0.41579093342890505,-0.2971906230208463
0.05393,0.398567,-0.546056,0.226703,151.085125,70.0,-0.527937873831736,0.20837106406250344
0.709482,0.266793,-0.5991,0.235382,210.373423,70.0,-0.5806315091507597,0.2155950512989936
-0.014445,-0.769646,-6.478739,29.375372,99.840821,70.0,-6.464701951509001,29.386549488860137
0.552196,0.755253,0.1662,0.033065,147.495769,70.0,0.16949145816551497,0.046547749827705875
-0.458742,-0.084243,0.593029,-0.17546,243.966994,70.0,0.577648684728834,-0.19514946917753193
0.124533,-0.979301,0.19786,0.788069,103.869815,70.0,0.18353027431668487,0.7990544988857962
0.894933,-0.858139,0.86641,-0.828997,130.544286,70.0,0.8832759806410956,-0.8364217049438312
-0.746913,0.632913,0.682454,0.596562,152.789216,70.0,0.6856163258254444,0.5772901998857914
-0.624294,-0.512569,-0.631374,-0.451978,172.676619,70.0,-0.6468104521772141,-0.4719756660722615
-0.750185,-0.354797,0.572054,-0.173222,176.735395,70.0,0.5568177042972151,-0.19243578149971255
0.92695,-0.748467,-0.901221,-0.750668,135.259131,70.0,-0.8897350241230307,-0.7547644817371589
0.520827,-0.457562,-0.226608,-0.024382,189.951907,70.0,-0.2290401650453891,-0.015903831447976982
-0.244068,-0.057937,0.12016,-0.021895,351.312127,70.0,0.11797487082438206,-0.005397327262564755
0.247887,0.242665,1.553374,-0.318486,257.686766,70.0,1.533378679975634,-0.3167459699550388
0.464925,-0.013285,2.341782,-0.050902,115.539526,70.0,2.336746575532872,-0.03781480365991384
0.710891,-0.054715,-0.824277,-0.030243,168.43233,70.0,-0.8272897875747115,-0.04138689981031729
0.406676,0.998127,0.716162,-1.166923,181.156227,70.0,0.7248355545450602,-1.1850246949827203
-0.481273,-0.75437,-0.460349,-0.344935,156.831826,70.0,-0.4801126804026013,-0.35828652523602733
-0.695527,0.273043,0.612562,0.260752,190.872202,70.0,0.6318531433490165,0.24081403496903608
-0.967335,-0.006556,-0.29746,-0.013437,272.180691,70.0,-0.29880268935718496,-0.011769013141331917
-0.181027,-0.526744,-0.069346,-0.151407,192.170048,70.0,-0.08308138562516267,-0.13259722071250576
-0.979214,0.344408,6.568445,-1.407144,111.399276,70.0,6.554775176501798,-1.4042640891263178
0.466376,0.381179,0.424852,0.14775,213.532817,70.0,0.4383192859876552,0.13723726091948896
0.471946,-0.000857,-0.021259,0.002162,303.577658,70.0,-0.0210428042106902,0.02204912007216943
-0.395424,0.100917,1.050877,-0.061452,189.040862,70.0,1.044828037988028,-0.05113506060628516
0.106226,-0.661503,-0.792828,0.146154,159.147262,70.0,-0.7794791355691337,0.1325468697171873
0.114633,0.639587,1.885724,0.219468,289.881457,70.0,1.9035239528577952,0.19946814761247292
-0.467789,-0.138107,-0.479863,-0.122728,241.756253,70.0,-0.49137994354337755,-0.13746661700593954
0.835221,-0.443456,-0.848879,-0.482492,161.176495,70.0,-0.8622034611980458,-0.49151393743742416
0.837271,0.015453,-0.526445,0.064452,266.698707,70.0,-0.5201107794500991,0.04699093939467758
-0.278406,0.823073,-19.163546,17.744549,95.428631,70.0,-19.14979440343516,17.744565918687755
-0.604958,0.479089,0.367007,0.083554,176.867608,70.0,0.3751214650506949,0.07833051116927389
0.051547,0.348891,1.170019,1.628832,99.076475,70.0,1.1891828571221619,1.6469854630516871
-0.1938,0.797262,15.238195,30.164484,81.240201,70.0,15.238714394153943,30.178521764987355
-0.409633,-0.701708,0.647596,4.275466,125.963364,70.0,0.6591158632679246,4.255558833299608
0.400938,0.563859,3.023162,-1.379215,127.857181,70.0,3.0116573280803274,-1.3958098151862728
0.77611,0.079876,0.346301,0.039247,264.374945,70.0,0.35020055961515123,0.036046644238548996
0.47015,-0.189385,-0.20516,-0.004391,243.89385,70.0,-0.20559906472487166,0.005977298988861822
0.998976,-0.218701,0.79609,-0.103224,206.329361,70.0,0.7862198146447305,-0.11659026518103034
0.29076,0.797903,11.608154,2.853328,68.981869,70.0,11.627986601312287,2.854900257885728
0.348557,0.194176,0.22037,-0.044869,273.605381,70.0,0.21592064351643664,-0.03583006774932425
-0.47833,0.704402,-0.632342,0.632798,157.202484,70.0,-0.6327899094777099,0.6128020469397775
0.882795,-0.870924,0.822556,-0.763498,130.516156,70.0,0.8350679525924101,-0.7747843941564546
0.375955,0.681339,-0.406369,-0.31586,175.086743,70.0,-0.42636827687977774,-0.3247577505785906
-0.72719,0.113602,0.180756,0.193666,101.414401,70.0,0.19723481026597214,0.20603889117405777
-0.685506,0.698278,-0.674545,0.626668,148.565422,70.0,-0.6743799488017231,0.6071998475738277
-0.038954,-0.706116,0.507259,-0.025609,133.660136,70.0,0.5047050921476014,-0.04205565534250526
0.312895,0.827762,-12.805797,3.589011,91.029663,70.0,-12.821519335669112,3.5963115883096055
0.195342,-0.882573,-0.878791,3.388052,122.880479,70.0,-0.897656079399091,3.3817904069156945
0.596808,0.55577,-0.708932,0.472065,168.880171,70.0,-0.6948483990801655,0.45366775636057366
0.833187,-0.621805,0.829302,-0.619853,148.623076,70.0,0.8284556996905766,-0.6305761597179127
-0.680422,0.147423,21.010279,-0.036231,95.64365,70.0,21.006675684135534,-0.04004664349669188
-0.261926,-0.193016,0.353005,-0.153091,260.185981,70.0,0.33914769688323054,-0.15695119538085292
-0.01255,-0.93531,-0.140277,-0.242457,141.918341,70.0,-0.15900540415306913,-0.22717801574993335
0.239264,-0.681925,-0.155994,-0.154375,230.464685,70.0,-0.1699436019333858,-0.14015630727850123
0.892966,0.078706,-0.342171,-0.004637,130.625492,70.0,-0.342634658457907,-0.007429024271005077
0.817902,0.478453,-0.686131,0.535951,161.122579,70.0,-0.677219120189444,0.5167807684327487
-0.633216,-0.459465,0.227261,0.019987,177.264743,70.0,0.22925637482330463,0.02840598092751749
-0.225399,-0.287743,8.701338,-15.61158,114.557189,70.0,8.692068437795678,-15.593799702308523
-0.094096,0.524178,-3.34591,-0.35135,129.243212,70.0,-3.3655652075758007,-0.3617902645173135
-0.132278,0.801908,22.220016,-12.646755,64.602745,70.0,22.212192243297945,-12.655027994644804
-0.338845,-0.963678,-0.364314,-0.003754,112.592547,70.0,-0.3646893779573446,-0.008717070134283808
-0.537093,-0.925358,0.344341,-0.422126,137.225002,70.0,0.3271851163181805,-0.42513273080879804
-0.496636,-0.962868,0.181214,-1.177656,110.103404,70.0,0.18890841571870456,-1.1653191249683181
-0.923406,0.321756,0.194077,0.067125,293.135236,70.0,0.20066418724132537,0.07842463816545607
-0.240469,0.430208,-3.00461,-1.827724,86.185365,70.0,-3.0102553702618877,-1.8432134783441405
0.506452,-0.056157,1.222795,0.043848,198.348897,70.0,1.2271447575613215,0.0635623612333898
0.175829,-0.833929,0.888887,0.125481,237.678818,70.0,0.900627918905098,0.12018582028777776
0.149734,0.587388,-0.111996,0.050012,231.096901,70.0,-0.10704675812891072,0.06695731469135846
0.233548,-0.753707,-5.986736,-14.966372,112.266541,70.0,-5.976004658568098,-14.964603317690548
0.454544,-0.470945,0.59791,-0.281584,194.147503,70.0,0.5781747010201645,-0.3013532753004081
0.823089,-0.336607,-0.290507,-0.229083,168.340667,70.0,-0.3087246287551709,-0.22672328285116733
0.646769,0.246834,0.32696,0.126056,207.037944,70.0,0.3387474196509433,0.12477680032070351
0.544614,-0.670764,0.435554,-0.360182,157.212785,70.0,0.4160811905244205,-0.37158968635565354
0.469843,0.656168,2.984653,0.333783,147.536757,70.0,3.004556804471907,0.31963096982451045
0.211704,0.116101,0.119465,-0.029049,361.621233,70.0,0.11657030291363078,-0.012512138423392792
-0.686125,0.295343,-0.554514,0.405164,187.378897,70.0,-0.5365489875110926,0.3865103935237646
-0.171559,0.609937,-0.186631,0.118372,309.182073,70.0,-0.17547288781416545,0.13027803800289758
-0.78086,0.091518,0.767801,-0.102423,163.820762,70.0,0.75800055983445,-0.11775313273927183
0.141528,0.660841,-0.103172,-0.099136,193.973328,70.0,-0.11268459840240422,-0.08173862358908243
0.753311,0.90439,0.828673,0.798348,130.588068,70.0,0.8136454471373645,0.7875717984006411
0.080816,0.280762,7.781244,-0.944662,149.742481,70.0,7.80124280732516,-0.9375475284800215
0.767163,-0.286075,-0.325451,-0.170341,176.907486,70.0,-0.34049909167727266,-0.1714695736709111
-0.064393,-0.253703,-0.236097,-1.075433,235.08753,70.0,-0.22035590050939027,-1.0678234730866616
0.015265,0.564984,2.548172,2.294229,141.72943,70.0,2.530391368638575,2.3139253062528753
-0.313018,-0.899558,2.916935,1.268848,163.957033,70.0,2.9181553353575156,1.2601935935055057
-0.87862,-0.958319,0.834205,-0.846495,125.711014,70.0,0.8519456928312934,-0.8568011082169473
-0.459731,-0.698858,-0.3634,-0.336622,164.893083,70.0,-0.38327398893412495,-0.3414964775419724
0.291008,0.971001,-6.229418,-0.783541,168.821257,70.0,-6.215407793480581,-0.7642593884711238
-0.387427,0.508024,4.552097,-22.600047,106.246797,70.0,4.554035960311048,-22.61441444899096
0.358513,-0.476938,-1.651486,0.445498,233.913115,70.0,-1.6356456985106669,0.43764615647751665
0.110537,-0.211113,-10.49628,-15.836027,113.537605,70.0,-10.48433097985848,-15.848052905951786
-0.168363,0.317896,9.802231,-5.073598,149.577661,70.0,9.79756930176112,-5.067373745356682
0.871854,-0.743659,0.536952,-0.248752,139.334127,70.0,0.5180120290989716,-0.26670108275968957
-0.681756,-0.269521,-0.342996,-0.110078,207.005149,70.0,-0.3534563934747094,-0.11295169242942912
0.1561,-0.427694,0.439559,-1.129525,132.592353,70.0,0.45143157017343055,-1.141259339069531
-0.247017,0.390846,-6.823036,1.40731,151.702653,70.0,-6.809354063896088,1.3892349432860562
0.945212,0.176566,-15.484357,1.686165,94.869838,70.0,-15.467593232187497,1.6774159281434387
-0.453725,0.252211,0.496373,0.180281,233.735767,70.0,0.5120569899638449,0.16447781635257805
0.911145,-0.386068,-0.653685,0.294833,150.948202,70.0,-0.6337783034966077,0.2749936489118215
-0.637068,0.795111,0.453602,0.227197,143.738074,70.0,0.47174099070017533,0.2143553182202636
-0.568429,0.406385,0.54732,0.319038,190.721933,70.0,0.5673140497821415,0.30065589416471167
0.117337,0.081756,0.328696,-0.09285,366.326255,70.0,0.3197409538156926,-0.09430239386293147
0.076128,-0.511899,1.862502,-2.533949,86.411206,70.0,1.8604381926066405,-2.553823091380248
0.509707,0.639458,0.173366,-0.081767,158.415351,70.0,0.16541518776067426,-0.0688220754796722
-0.628744,0.700133,0.614571,0.235387,152.521488,70.0,0.6330396827334858,0.2154342300495155
-0.861501,0.751318,-0.468338,0.165746,139.147812,70.0,-0.453596526319592,0.1518104692382753
-0.590185,0.756598,0.849375,0.197706,144.73321,70.0,0.8660793700302369,0.18872835702107382
0.138521,0.128369,-0.116968,0.08668,373.072719,70.0,-0.10856882258974279,0.10335600854232636
-0.494166,0.554205,0.584195,0.433998,168.946801,70.0,0.600710812658298,0.41448275054242756
0.525927,-0.744434,-0.191257,0.143155,151.400393,70.0,-0.17813295165979195,0.15468618636227727
0.302554,-0.977319,-0.965687,-1.079139,116.295705,70.0,-0.9501772065774717,-1.0768232852828228
0.191392,0.71851,30.29931,-5.202946,78.045027,70.0,30.283869909965112,-5.187650478626325
0.002202,-0.997732,3.072788,-25.962841,68.299472,70.0,3.089712991808091,-25.981669106623855
-0.886051,0.13599,4.895352,0.111389,142.530684,70.0,4.905923907175957,0.12723799643753694
-0.41723,-0.376541,-0.290434,-0.149852,193.646315,70.0,-0.304055942473542,-0.14748503399700355
-0.519837,-0.900133,1.479177,-0.529613,120.96223,70.0,1.4697022896383922,-0.5207681642410682
-0.541712,-0.560734,-0.586381,-0.209464,172.567544,70.0,-0.6037027324338704,-0.2290259195743199
-0.26136,-0.678342,0.374858,0.118543,215.140047,70.0,0.3860302994711015,0.11256587940311745
-0.892749,-0.433011,-0.714318,-0.082511,156.847276,70.0,-0.7223370253614428,-0.10069033711751582
0.377646,-0.896058,9.720191,22.31449,102.479861,70.0,9.700212074311233,22.31261812110556
-0.045031,-0.840469,0.105453,0.121555,194.145071,70.0,0.11687384653480262,0.1388387295097145
0.231493,0.704957,0.051986,1.694704,130.672967,70.0,0.0682689319100464,1.7140321594281096
0.214237,0.686181,-16.403407,0.627366,79.170137,70.0,-16.403311747288306,0.6462500862580913
0.646451,0.902833,-0.542441,0.583293,135.139723,70.0,-0.5379763840743864,0.5651085830283653
-0.087886,0.903135,11.116924,-6.884454,61.249644,70.0,11.114227255419575,-6.873050011958008
0.986763,0.531118,-0.937772,0.362224,144.398907,70.0,-0.9183467802799676,0.36175346381092927
0.500096,-0.888742,-4.540856,-3.32198,102.673795,70.0,-4.52516541336557,-3.3371063398533227
0.907903,-0.87649,0.570182,-0.227269,129.961696,70.0,0.5520399775523959,-0.24642996891872876
0.825235,-0.278614,0.472705,-0.673469,164.822831,70.0,0.47718179363535607,-0.6877144237873145
-0.668035,0.333885,-0.432025,0.291763,187.381377,70.0,-0.41215026719108194,0.2806469387031692
-0.386982,-0.0128,0.392717,0.098183,262.2813,70.0,0.40214566051228534,0.09052767594823642
0.867298,0.681954,-0.429881,0.149606,143.60783,70.0,-0.41627707977603023,0.13866880772320037
-0.394692,0.406114,-0.317264,0.016654,290.091619,70.0,-0.31560052395039484,0.016343539005626132
-0.449459,-0.059154,-0.4994,0.08656,245.171296,70.0,-0.4910117146185956,0.07057310806671642
-0.207847,0.715022,-38.72586,-13.460256,82.967168,70.0,-38.70644740745676,-13.452076112047841
-0.632065,0.888807,0.749173,0.838526,135.328605,70.0,0.7318142217533967,0.8220676851677341
0.17907,-0.366266,-0.384606,1.184023,146.110272,70.0,-0.3917089211818384,1.1771230959608006
0.175544,0.360836,7.804283,-2.145737,93.187471,70.0,7.823574919136974,-2.1408181261498176
0.57857,0.031667,1.997248,-0.062327,149.598831,70.0,1.9911156941321724,-0.07925655181402717
0.22555,0.817867,1.162868,-0.95847,185.614947,70.0,1.1828040964130166,-0.9406281872349908
-0.106677,-0.924409,1.720314,0.926135,79.225116,70.0,1.7003807346002877,0.912537555723967
-0.535773,-0.743863,-0.483998,-0.724249,148.769184,70.0,-0.474768584386547,-0.7392639599775188
-0.097481,-0.358703,0.029975,-0.18122,207.666573,70.0,0.014232917336671869,-0.16144420500044443
-0.719508,-0.77397,-0.465636,-0.237619,140.279345,70.0,-0.4841891854216831,-0.2513594536301567
-0.114578,0.281483,-0.00364,-0.139007,285.020183,70.0,-0.01644824642036936,-0.11901031230856772
0.887,-0.182734,-0.407047,-0.154977,202.55123,70.0,-0.4210396782460199,-0.16393542009662165
0.781505,0.754092,0.702175,0.600745,139.837321,70.0,0.7049236263095049,0.5820932675978017
0.031449,0.57134,-7.503988,-11.609109,118.453198,70.0,-7.523933384554423,-11.589429167600597
0.509205,0.212337,0.380279,0.159391,231.018957,70.0,0.39458362593157426,0.15289881319014131
0.742495,-0.886594,0.429448,-0.049879,131.477628,70.0,0.4245116455600573,-0.06077991485951374
-0.977551,0.300763,19.504265,25.753632,84.999168,70.0,19.505007605204803,25.733805862764783
0.916344,0.995643,0.786204,0.760195,120.892237,70.0,0.7739514241296807,0.7461099602685054
-0.234014,0.930421,0.013846,0.854647,199.02813,70.0,-0.0042562338506348316,0.8745990912103286
-0.416799,0.857247,0.074525,0.456398,183.217509,70.0,0.08967666518781137,0.47502549788060117
-0.246861,-0.990514,-0.177358,-0.594955,111.417596,70.0,-0.18067890051068347,-0.5823169364031989
0.436822,-0.32747,-0.639607,0.0711,196.976487,70.0,-0.6326458170997628,0.05113184892813963
0.211216,-0.092289,-1.385044,-0.26329,284.207138,70.0,-1.4044005595001159,-0.24727242021763562
0.903217,0.366161,-3.998496,-7.881372,112.910217,70.0,-4.018308734929179,-7.873073283863097
0.066278,-0.061867,-0.073555,-0.002061,378.791978,70.0,-0.07376109635228896,0.01660159262955404
0.197009,-0.866503,18.356286,21.384559,75.17914,70.0,18.3584546233843,21.368947899013058
0.6801,0.438843,-0.595366,0.492514,176.412064,70.0,-0.5828053446815861,0.47278485375474
-0.372266,-0.676506,-1.728675,0.358154,108.407845,70.0,-1.7091569361144212,0.3439554766948831
-0.043205,-0.145825,-0.847223,-1.082243,190.608357,70.0,-0.8319110408205018,-1.0914124203444007
-0.877223,0.509551,-0.381873,0.195961,156.572318,70.0,-0.36526522529387584,0.18931825278038128
0.016435,0.218484,0.853544,1.241612,202.316396,70.0,0.8520429067679508,1.2330088185022472
0.065189,-0.370515,2.016797,-10.03645,124.915401,70.0,2.018459727798824,-10.052259563213775
0.746165,0.800599,0.648351,0.570999,139.676077,70.0,0.654004805974014,0.5510992411086212
-0.340616,-0.729066,0.072631,-1.506108,103.025874,70.0,0.05366805649019868,-1.4874123851530103
0.579361,-0.687626,-0.312412,-0.120744,153.504491,70.0,-0.32376617615863174,-0.12056927568671431
-0.93407,-0.910004,0.787551,-0.961217,125.7473,70.0,0.807463274765174,-0.9752060907273956
-0.442114,-0.609434,0.468174,-0.175746,169.378492,70.0,0.45277541848797853,-0.18966976255036194
-0.751228,0.112195,0.412054,-0.028301,115.991938,70.0,0.4092333353775668,-0.03770422855161459
-0.339862,-0.060303,0.269123,-0.015554,322.973331,70.0,0.2675691674139468,-0.011088337704918133
0.480086,0.80436,-0.97742,0.551517,144.682337,70.0,-0.9699272150623075,0.5549934712734735
0.876678,0.334677,2.389812,1.521672,112.92727,70.0,2.409211727125713,1.537980762781802
0.923653,-0.171918,1.296554,0.213044,121.526588,70.0,1.3140519099580896,0.23264698004234693
0.574179,0.224622,-0.393567,0.234256,216.486069,70.0,-0.3751420152504621,0.22652221847596843
-0.777801,-0.509412,0.662357,-0.560901,161.050393,70.0,0.6557421989284351,-0.5806120441412067
0.305211,-0.322858,-3.49821,4.013746,110.946204,70.0,-3.4794336957674767,4.0179599887649955
-0.279992,0.18025,0.740608,-0.137341,112.30893,70.0,0.7279281504849193,-0.15427070826850695
-0.54179,0.128271,-0.189566,0.000463,230.038906,70.0,-0.18951970004135535,0.012131936603615502
-0.156252,-0.125863,1.450992,-1.040708,261.670899,70.0,1.4686278114924678,-1.0294313055407862
0.623652,-0.27295,-0.375211,-0.215361,204.18447,70.0,-0.3928199482760721,-0.22137179799616652
0.524345,0.66028,-0.651068,0.333613,160.95801,70.0,-0.6311625373762197,0.3137422451452078
-0.673754,0.218589,0.494529,0.227486,176.805332,70.0,0.5126801455741418,0.21179650551760915
-0.175506,0.271957,-0.654119,-17.374157,169.896317,70.0,-0.6363513555375477,-17.39399081460408
0.777752,-0.318946,-0.253454,0.11674,175.633323,70.0,-0.24243169819369123,0.12271774381894159
-0.527783,-0.455653,-0.615522,-0.356856,187.295415,70.0,-0.6350679755070053,-0.37681507616435245
-0.167271,0.669808,-12.861476,-10.462101,70.276617,70.0,-12.879268926732767,-10.460198493019345
-0.536409,0.57546,0.570958,0.383834,168.950577,70.0,0.5897565826840462,0.364650934715912
-0.243111,0.035676,0.178896,0.020979,352.967225,70.0,0.1809900549306447,0.03349748881049758
-0.389145,-0.353935,0.40105,0.256504,213.765683,70.0,0.4202247067992486,0.24808570217804216
-0.591997,0.305557,0.551504,0.33118,204.026383,70.0,0.5714316173506552,0.31263707384938955
-0.507569,-0.704965,-0.173402,0.137233,155.533824,70.0,-0.16073050439675196,0.15017518009903497
-0.352357,-0.065066,0.334493,0.019037,276.244844,70.0,0.33639382665650847,0.017007127726513804
0.430823,0.839639,0.748191,0.294281,140.00758,70.0,0.7680922949376774,0.2777670901321241
-0.18832,0.905145,-0.018952,0.106524,166.284744,70.0,-0.008796156838943393,0.12643427259610723
0.76985,0.864359,-0.465111,0.240183,134.629696,70.0,-0.4464635949379375,0.2264807420546661
-0.723066,-0.571485,0.259525,0.010004,159.911235,70.0,0.2605249828853178,0.015399730454672727
-0.952566,0.216356,11.920101,-1.397887,130.657303,70.0,11.90712129792503,-1.41780649371759
0.298337,0.150008,-0.314685,-0.054571,281.024582,70.0,-0.32007463823586757,-0.054623573403555656
-0.8229,-0.482897,0.528984,-0.401805,161.002165,70.0,0.5108739055712103,-0.41938845831670374
-0.057348,0.15521,-1.714267,10.158461,185.55821,70.0,-1.7042112147782869,10.145313147793514
0.613297,-0.313762,0.544546,-0.294982,200.794411,70.0,0.5246378714540089,-0.3132530422906734
0.602215,-0.570941,0.415735,-0.14953,165.370862,70.0,0.40213665178820107,-0.15925649547114412
0.189666,-0.284105,-1.142024,0.651827,124.632366,70.0,-1.1443694373700593,0.6686318576893234
-0.945437,0.045912,1.044006,-0.036093,127.87848,70.0,1.040416259172577,-0.02637065793365894
-0.364327,0.749346,7.162315,1.661115,100.689474,70.0,7.180310058006149,1.654885582446148
0.26428,-0.245345,0.149305,-0.110034,316.233298,70.0,0.13884835698908238,-0.09535293717996186
0.48244,0.368159,0.594322,0.268485,207.278005,70.0,0.6138027280872641,0.24877324597064582
-0.349003,0.314595,13.752856,4.420973,120.835245,70.0,13.750586570052409,4.439755247924992
-0.598649,0.50451,0.33835,0.101324,175.87888,70.0,0.34805449175000813,0.0989108206459894
-0.698769,-0.207847,-0.489947,-0.120484,219.413841,70.0,-0.5012797626049665,-0.1358852443871695
0.707994,-0.752998,-0.710113,-0.683499,144.214329,70.0,-0.7046646946558052,-0.7018495994155722
0.355228,0.311252,0.215914,-0.083006,293.720081,70.0,0.20784965232612396,-0.07357184875110585
-0.791245,-0.449806,-0.531272,-0.451764,165.022673,70.0,-0.5467220502695085,-0.46945532920236765
0.114771,0.958055,-5.568771,-1.080797,111.536659,70.0,-5.553366417853787,-1.0989723202680937
0.023494,0.871329,0.480848,0.214745,198.108134,70.0,0.49842765754092444,0.1999399791485822
0.433002,-0.542579,0.868452,-0.373069,186.788678,70.0,0.8493133347289412,-0.3803037136179283
0.868711,0.418471,0.610574,0.00819,156.65927,70.0,0.6113927711219999,-0.011731334530358406
-0.752411,0.231746,-0.127118,-0.165448,172.780287,70.0,-0.14183931811491546,-0.14935356836724856
0.94915,0.367521,10.518542,2.286542,98.661522,70.0,10.500422640733778,2.272815394396946
0.918776,-0.138908,0.490032,-0.093101,126.618453,70.0,0.48105451751724865,-0.10850766573080507
-0.620922,0.165105,-1.363164,-0.741335,133.469618,70.0,-1.3524542927392973,-0.7241055569528118
0.91624,-0.750467,-0.858332,-0.726529,135.258986,70.0,-0.8489009170555428,-0.7346975193716621
0.896225,0.849407,0.871336,0.861536,130.550573,70.0,0.8529516594913655,0.8545708989842051
-0.013132,-0.710023,3.050972,26.335365,64.083179,70.0,3.0456360904116138,26.31738314091707
0.644914,-0.926659,0.721813,-0.307488,130.985832,70.0,0.7018241254137626,-0.32534220356986854
-0.354699,0.568609,0.425613,0.653782,236.919864,70.0,0.4230735267545535,0.6432045982230146
0.617974,0.293211,0.508134,0.365483,200.792734,70.0,0.5274790745058872,0.34898671411442483
-0.00589,-0.988349,1.479632,48.427794,77.134979,70.0,1.4749491652170974,48.4365980041433
0.820987,0.326584,-2.947351,0.223606,132.288085,70.0,-2.9293661919657366,0.21231995128419395
0.905675,-0.320987,0.609286,-0.735491,167.526199,70.0,0.6194976539866319,-0.7554005090145574
-0.831433,0.106665,-0.992619,-0.084303,142.59496,70.0,-1.0008018662864813,-0.07934124062576012
0.72349,-0.302324,-0.186043,0.101605,184.850373,70.0,-0.1763139474899401,0.11355823240367796
0.844031,-0.368706,0.565217,-0.045538,172.548167,70.0,0.5607024450418427,-0.06455077953922236
-0.841816,-0.400723,-1.094208,-0.037609,165.6905,70.0,-1.0979467743401639,-0.023850139419702848
-0.955417,0.299567,9.008606,1.842371,96.230424,70.0,9.012832355025232,1.852135652902957
0.821186,-0.323025,-0.549226,-0.556209,142.083364,70.0,-0.5562817345535361,-0.5746653686539318
0.917401,0.761391,-0.91364,0.756975,135.251022,70.0,-0.9256364995147568,0.7541012025284154
0.703542,0.433329,-0.196744,-0.073175,175.220732,70.0,-0.2038993303203798,-0.062096415009449416
0.961565,-0.972569,0.750462,-0.729312,120.925805,70.0,0.7601375772495549,-0.7456967372515012
0.040675,-0.370331,-6.023584,-18.625008,134.3836,70.0,-6.005558186763243,-18.619619617710025
-0.159993,-0.996371,1.179165,-1.523923,152.50432,70.0,1.159711767578084,-1.5054048116609915
-0.000699,0.254584,8.765442,0.01279,146.055914,70.0,8.76672012841131,0.03254996145513711
0.795982,0.068321,-0.294243,0.018204,139.517477,70.0,-0.2924251125189057,0.020192336526525356
0.273166,-0.898779,-6.256338,7.063734,102.052675,70.0,-6.270133102752713,7.08355407594557
0.220077,0.839261,-0.11396,0.022732,278.182206,70.0,-0.11169169126477022,0.039572177694665533
-0.544975,0.598237,-0.698122,0.489571,164.99947,70.0,-0.685333692405552,0.47077681581956643
0.57111,0.640709,-0.69543,0.36596,160.956771,70.0,-0.6760970873063458,0.34707546150715884
0.399035,0.587787,0.376786,0.311975,187.152876,70.0,0.39678480725806586,0.3058141712814631
0.939698,-0.495331,-0.529622,-0.181108,152.548023,70.0,-0.5453571718097769,-0.19872176968273939
0.964552,-0.767005,-0.193002,0.147135,133.557265,70.0,-0.1795802452281941,0.15852317311589792
0.954742,0.345545,-1.923038,-1.143264,98.939757,70.0,-1.912298193983541,-1.162902526689703
-0.421114,0.341318,-0.784356,0.025641,206.75362,70.0,-0.7817989183773181,0.011425364626751477
0.538698,-0.107791,-0.189321,-0.083381,233.729706,70.0,-0.1974196498865762,-0.07169217444891979
0.360974,0.885236,0.36698,0.198196,149.453144,70.0,0.38371126586236354,0.19297511750423826
0.163966,-0.21784,0.257472,-0.255559,197.865346,70.0,0.23832437350366598,-0.2499658697806144
0.771249,0.381205,-0.686883,0.335708,176.596719,70.0,-0.6669989747330248,0.316559339923237
0.916578,0.923963,-0.83884,0.959423,125.740941,70.0,-0.8587682579480935,0.9495168462737127
-0.94586,0.932211,0.749012,0.759646,125.655567,70.0,0.7368028615924179,0.7431785430702125
-0.321482,0.84779,2.616881,-0.60984,123.825456,70.0,2.6150357748092317,-0.5924641164537473
0.81337,0.301881,0.927589,0.10556,157.229026,70.0,0.9376616788758143,0.10407249521648558
-0.280381,-0.365303,-4.683648,0.88971,114.063079,70.0,-4.7029559186430925,0.886845783966074
0.355247,0.639474,-7.677089,8.264869,89.075667,70.0,-7.686389104326876,8.280340498134931
-0.359486,0.126196,-0.574231,-0.063001,261.872175,70.0,-0.5804274245041126,-0.08227408136196365
0.984004,0.150457,0.281563,0.050487,203.372934,70.0,0.2865582505042682,0.05373221482745019
0.733851,-0.171556,-0.478392,-0.373469,132.669925,70.0,-0.49751901468187926,-0.3881077843410291
0.661498,-0.209911,0.659668,-0.153154,180.044702,70.0,0.645806154847577,-0.17290880534183134
0.019381,-0.271403,-0.139672,16.848243,120.929004,70.0,-0.12868164950515393,16.863560953505168
0.531401,-0.743569,0.264446,-0.096521,149.527046,70.0,0.2551642354423926,-0.09160070796612096
0.834322,0.441571,-0.491054,0.103352,161.539474,70.0,-0.48117268398802393,0.08788036874566021
-0.514516,0.523962,0.471376,0.212881,176.649249,70.0,0.48886600986622225,0.19872917312721924
0.225611,-0.149334,0.56812,1.44308,242.626227,70.0,0.5841788398502417,1.423979146613918
0.145997,-0.22367,-0.202048,-0.170038,229.274989,70.0,-0.2170761157675329,-0.1594048506716798
0.770236,-0.648145,0.65938,-0.463469,148.65325,70.0,0.6446992587097742,-0.4832282807188196
0.632584,-0.162969,-5.177709,0.796891,142.479926,70.0,-5.192640011534941,0.8114454098528243
0.983989,-0.10307,-2.403031,-0.22372,128.308405,70.0,-2.4210207920970537,-0.2066822298756061
-0.301258,0.749637,0.089167,-0.825723,166.52197,70.0,0.10585476932810894,-0.8076779816310699
-0.850876,-0.6718,0.829313,-0.660755,144.264769,70.0,0.8325424459486973,-0.6714772311722746
-0.944501,-0.234701,-0.265788,0.650779,136.761089,70.0,-0.26802932878226465,0.6555691067309142
-0.612237,0.12866,0.679938,0.141902,214.990216,70.0,0.6929672419092906,0.12256445272269664
0.39265,-0.724727,-0.516554,-0.31344,161.197162,70.0,-0.5365538706644752,-0.3303975982764648
-0.488473,0.23254,-0.489591,0.229345,230.982666,70.0,-0.4713625749738884,0.21396649168844248
0.296663,0.014461,-0.602597,0.006979,237.917963,70.0,-0.6018992416256488,-0.0128558285630931
-0.962066,0.563182,0.887782,0.625941,144.478547,70.0,0.8880197474721043,0.620539344883905
-0.604808,0.985265,-0.609435,0.539007,130.427864,70.0,-0.6007977337546214,0.5190960807263065
-0.654858,-0.203625,4.146298,-0.746919,156.090008,70.0,4.157475065667783,-0.7530418391573955
-0.331256,0.587561,2.567548,-1.097725,92.163044,70.0,2.581819112515111,-1.0784569053071795
-0.861069,0.019386,-0.33833,0.098131,264.615785,70.0,-0.3289059256960582,0.09571980604608812
-0.181697,0.217529,0.249638,-0.047068,311.458387,70.0,0.2449745274615245,-0.040727209857904484
0.004634,-0.117866,0.196294,-0.622822,215.125747,70.0,0.19574441611740834,-0.6117059777152725
-0.980354,-0.804323,-0.895676,-0.795982,130.641164,70.0,-0.88080562084763,-0.8006195818108378
-0.250647,-0.627004,1.410112,-1.869293,167.357101,70.0,1.4085473412507892,-1.8548982847530513
-0.05393,-0.404029,1.244794,0.283445,143.456306,70.0,1.264558621621839,0.303409945718767
-0.522858,0.320692,0.532646,0.311504,210.376291,70.0,0.552644237417358,0.293749003481134
-0.123348,0.898115,21.373132,-18.360263,65.594557,70.0,21.38594167560811,-18.340289526706282
0.614292,0.407605,0.544067,0.318058,187.199432,70.0,0.5640632000873836,0.29980649206125926
0.61117,-0.064648,0.643468,-0.196366,213.523722,70.0,0.6268376933888467,-0.21630865082382833
-0.540174,-0.705149,0.03965,0.125066,154.732847,70.0,0.05135729717812991,0.14467425496532224
0.552439,0.844328,-0.13886,0.425021,131.247466,70.0,-0.12185470945667957,0.44039103566779964
0.61558,0.050865,0.739746,0.247208,242.582106,70.0,0.7586358078766252,0.23023255521043404
0.893559,0.050299,1.228217,-0.07027,140.847,70.0,1.2213336870446596,-0.050471585420834277
-0.623149,0.730673,-0.610165,0.734262,148.608055,70.0,-0.6202707889099602,0.7143443311205131
0.417168,-0.656744,0.94302,-0.673536,130.613902,70.0,0.947503323378082,-0.6734817796741104
0.11182,-0.648135,-3.600062,-0.681093,106.346053,70.0,-3.5948455837633033,-0.6678820103488273
0.799395,-0.566552,0.00536,0.133284,154.806182,70.0,0.017723518641370554,0.1532768180298803
-0.044174,-0.434158,0.899248,-0.246118,154.948529,70.0,0.8803942832372182,-0.2504073962788225
-0.90036,-0.354266,5.045673,-2.819898,148.975237,70.0,5.025687193839754,-2.799989369401733
-0.141926,0.650775,2.652666,-0.536116,140.219296,70.0,2.6437688946007682,-0.5207800506758449
-0.420907,-0.190316,-0.245425,-0.046669,256.491673,70.0,-0.25004966312261906,-0.0399300800528736
-0.648958,0.969214,-0.659932,0.689706,130.529213,70.0,-0.6659748108495209,0.6699553330726499
-0.411963,0.145237,-0.393,0.123211,251.7029,70.0,-0.38144360205945144,0.11552953880040598
0.992816,0.262461,0.619512,-0.443831,129.044546,70.0,0.6035704793107894,-0.46381161438667146
-0.825365,0.093601,-0.381895,-0.056793,201.112118,70.0,-0.38749828102141387,-0.06343782228768896
-0.840885,-0.761368,-0.525473,-0.255254,139.314157,70.0,-0.5446117950131089,-0.272667457404195
-0.308749,0.858856,1.172322,0.608299,111.184823,70.0,1.1743206116379852,0.6265479091930307
0.793308,-0.880177,0.758943,-0.660923,130.63905,70.0,0.7621890243451191,-0.6768068063898366
0.869849,-0.452473,0.750246,-0.337297,157.161551,70.0,0.7303796894843652,-0.3536941143276546
-0.721387,-0.351852,-0.580093,-0.467266,180.241806,70.0,-0.5945132533257413,-0.4866873862222191
0.428595,-0.606141,1.543142,-1.86241,139.757322,70.0,1.5408922127551263,-1.8596533709722882
0.582815,-0.628849,-0.751771,-0.523013,161.014777,70.0,-0.7618216866907743,-0.5393223215552779
0.942753,0.854323,0.7158,0.269041,130.152039,70.0,0.7352932401575949,0.25092394130672085
0.598641,-0.642708,0.456294,-0.283597,157.22708,70.0,0.4365270589667787,-0.2966438902229169
0.004506,-0.270932,-0.071961,0.048518,247.246016,70.0,-0.06715664816593428,0.067237309987185
0.447977,-0.85088,-0.654791,-0.465724,144.569895,70.0,-0.6693176722240513,-0.4855490577290873
-0.73654,0.974915,0.866437,0.581603,125.960166,70.0,0.8710661899633568,0.5741808021787069
-0.601926,-0.566129,0.32065,-0.045992,168.129801,70.0,0.31609122846605964,-0.04664095953164841
-0.921928,-0.837739,-0.908721,-0.836631,130.562192,70.0,-0.8914571186841824,-0.8399906746773597
0.122208,-0.057411,0.126021,0.054207,380.03321,70.0,0.13137557593047597,0.07036631287316861
-0.907329,0.517028,0.673802,0.488275,152.881107,70.0,0.6866896828524955,0.46878996131807427
-0.314724,0.425705,23.489985,0.224491,76.281882,70.0,23.508008346580905,0.21744926824232266
0.817839,-0.585307,-0.645536,-0.57363,152.842102,70.0,-0.6509369555768049,-0.5935559354460617
0.75062,-0.334858,0.666265,-0.30131,180.283137,70.0,0.6463062617095168,-0.32095109497406493
0.04867,-0.010652,-0.020438,0.005931,334.642996,70.0,-0.019844986926748284,0.025826662884031005
0.973298,0.219943,0.76442,0.170878,114.171604,70.0,0.7795034096496111,0.15533292794385278
0.575405,0.834426,1.023862,0.576256,140.05632,70.0,1.0290096536923588,0.5841716729198311
0.202739,-0.56605,6.788183,8.184959,103.843439,70.0,6.78650317130548,8.168642063089008
0.389615,0.264798,-0.074823,0.057098,245.416883,70.0,-0.06919044696533345,0.07571462817319699
0.462101,0.531697,-0.300877,0.193386,183.944244,70.0,-0.2844140728145147,0.19471325040189064
0.226316,-0.302527,0.18647,0.280427,293.184408,70.0,0.20618620727225853,0.2923459705278357
-0.577939,0.574957,0.295765,0.003649,168.019915,70.0,0.29612987975568345,0.005485834431912682
-0.690471,-0.749805,0.694522,-0.73535,144.228622,70.0,0.7047215278659494,-0.7542642437999932
0.028765,-0.539226,-13.988539,-9.476769,141.177882,70.0,-13.983398254927089,-9.463236936833301
-0.778629,-0.41637,0.617533,-0.509049,168.986622,70.0,0.6063005139506261,-0.5290199251290828
0.074099,-0.621658,5.148316,-4.379578,232.83156,70.0,5.146453530938385,-4.363171746095712
-0.210811,0.896472,10.261214,17.173747,71.778143,70.0,10.2439081524668,17.183861269413928
0.997492,0.856113,-0.537284,1.035288,125.934272,70.0,-0.5551689341502768,1.0173242971991074
0.689215,-0.364065,-0.431373,-0.257418,183.566986,70.0,-0.4505734915075394,-0.26847980065209087
-0.832089,-0.920517,0.019854,0.167434,128.005394,70.0,0.034709024416218745,0.18733553557093713
0.873828,0.42202,-0.413991,0.100342,161.649133,70.0,-0.40437248993780506,0.09076825929417624
0.898454,0.314659,1.733845,0.213001,146.164539,70.0,1.7513408270131756,0.19844315011775326
0.48175,0.770012,0.529514,0.764309,148.744286,70.0,0.5169388806165369,0.7467003488006854
-0.406461,0.608264,-0.677202,0.304942,165.284967,70.0,-0.6572232357361393,0.28553643026791253
-0.905951,-0.313163,0.656101,-0.347649,183.846922,70.0,0.6363807360362895,-0.36745634370088737
0.676318,0.869957,-0.744018,0.823256,135.285835,70.0,-0.7605685279301765,0.8065102960922299
-0.639605,0.165707,-0.335995,0.025253,235.026158,70.0,-0.3334764047330855,0.023073761977484793
-0.95744,0.310553,-1.509868,1.137503,91.869642,70.0,-1.5210892748484028,1.1435020265918494
-0.534336,-0.587101,-0.509217,-0.395733,165.114418,70.0,-0.5275763661176047,-0.4122902769571702
0.597873,0.45031,-0.306393,0.066557,183.089961,70.0,-0.2998594700751767,0.06733343137505209
0.356585,-0.877715,-10.867967,-7.54525,89.168296,70.0,-10.868509696518577,-7.557162386524294
0.244513,-0.464734,0.240884,0.189884,293.010367,70.0,0.2571455598359983,0.19704869231106328
-0.78202,0.593371,0.68316,0.503751,152.860213,70.0,0.6948268464647065,0.4844981972417129
0.788415,0.897444,0.838806,0.869754,130.562945,70.0,0.820113683516041,0.8598448927769774
-0.666355,0.575135,0.526351,0.304395,161.165163,70.0,0.5463271695144378,0.2869385250006441
0.30155,0.146602,-0.213627,0.059936,337.663849,70.0,-0.20772271032281198,0.06957118744061633
-0.056559,-0.593792,-0.74922,0.480732,170.31779,70.0,-0.73576480397069,0.46427635599028166
0.136234,-0.319436,3.32131,4.216166,147.072951,70.0,3.3371039844750854,4.203711672041236
-0.769122,-0.6404,-0.382236,-0.058755,149.294635,70.0,-0.38802735099293456,-0.0654319755458117
0.80514,-0.00941,-0.362647,-0.017516,209.75472,70.0,-0.36439636165508804,-0.022317413862962016
-0.158283,-0.264846,-11.173243,-2.079158,126.026068,70.0,-11.156733852077803,-2.0636374379988323
0.741034,0.55379,-0.499563,0.352798,160.820643,70.0,-0.47993507850891043,0.336801319149332
-0.449012,-0.536605,0.660321,-0.194777,184.008917,70.0,0.6437794865718518,-0.21452150632584904
-0.71664,-0.561391,0.648463,-0.56875,160.995941,70.0,0.6425938294236357,-0.5886486358277075
0.701737,0.102063,1.583631,0.646275,157.741164,70.0,1.5818377645123358,0.6449924134317723
-0.630215,-0.022052,-0.90397,0.016394,181.368673,70.0,-0.9023324352601997,0.012566968538866718
-0.635897,0.480199,0.489904,0.265592,176.248032,70.0,0.5093171973268925,0.250193499234572
0.696291,0.558509,-0.546547,0.352975,161.118254,70.0,-0.5269224844910558,0.3346234885149663
0.854054,0.089243,-0.53897,0.099186,116.21811,70.0,-0.5294530036674858,0.08114881687473971
-0.08548,-0.670037,1.460687,9.611779,107.251193,70.0,1.4445949567265488,9.62224206339367
0.696056,0.621125,0.631207,0.45212,156.864444,70.0,0.6466344193887517,0.43212208577744343
-0.754858,-0.90351,-0.827213,-0.794737,130.58855,70.0,-0.8124261634269141,-0.805635907757119
0.70235,0.394959,0.34828,0.092383,179.59724,70.0,0.35719326464841883,0.08898745421361656
0.081088,0.851064,-14.533973,-13.894131,62.448787,70.0,-14.54093636943314,-13.91244753879214
-0.162997,0.509085,-0.074403,0.410277,161.83732,70.0,-0.05666854135840453,0.428908935965499
0.183945,-0.432209,16.88208,14.530335,87.343728,70.0,16.87438302459545,14.512013386410812
-0.140368,0.833158,0.937805,0.336379,188.387068,70.0,0.9576816977521946,0.3359117629039003
0.884773,0.388187,0.613908,-0.410691,127.348432,70.0,0.5961927186114833,-0.43063910660768157
0.25428,-0.318143,-0.686638,1.372134,233.254553,70.0,-0.6757196351021643,1.3529782822308027
0.963735,-0.513412,0.824882,-0.499929,148.744314,70.0,0.8129068697525945,-0.5110226108082165
-0.910184,0.534325,0.456,0.266142,152.580162,70.0,0.4754263490225364,0.25311740678944905
0.396873,0.244648,-0.567321,-0.02774,174.312358,70.0,-0.5700861143259566,-0.04681701320075502
-0.193271,-0.306691,-5.54926,0.100769,152.456515,70.0,-5.539604074173497,0.08349301319441407
-0.562758,-0.266496,-0.529487,-0.291241,213.469223,70.0,-0.5493558319050904,-0.308848370776106
0.998292,0.296212,1.209291,2.077495,172.378713,70.0,1.1928762921415728,2.096937199916171
0.428189,0.566056,-13.847477,-8.851054,110.341419,70.0,-13.852868907997332,-8.831203500331691
-0.298939,-0.267985,-2.727162,4.210515,169.28239,70.0,-2.7110276801836317,4.220127318495052
-0.018838,-0.611268,1.908131,1.924278,61.601085,70.0,1.904224044603195,1.9044121247015742
0.414896,-0.83634,3.158948,-1.790017,95.063077,70.0,3.149806692442543,-1.8099417452291615
-0.363137,0.751652,0.695469,0.247902,176.604812,70.0,0.7143814947147034,0.22901874611857465
-0.981371,0.101697,3.18136,-0.146458,128.719153,70.0,3.1679885133134236,-0.16606394040689734
-0.773696,0.497313,0.389239,0.028936,161.696799,70.0,0.39212251560856076,0.02160313063151031
0.343129,0.968842,-0.055934,0.582326,93.316304,70.0,-0.05137517679136764,0.6015489316668735
-0.667595,-0.271902,0.572856,-0.122775,183.974528,70.0,0.5613352142551014,-0.14201089260978444
0.147575,0.294714,-0.352678,-0.474302,236.788719,70.0,-0.36660189148286837,-0.4781301050990586
-0.743763,-0.421949,-0.438098,-0.361783,172.614597,70.0,-0.45753366903873693,-0.37339871641002204
0.303285,-0.68729,0.768734,-0.458591,121.041581,70.0,0.7537263883486935,-0.4738610454931967
0.715473,0.957745,0.429107,0.238504,129.899873,70.0,0.447693052027608,0.22763169062636507
0.815766,0.574797,-0.739552,0.581292,152.861495,70.0,-0.7348925601803625,0.5643063052807787
0.60677,-0.009562,-1.913738,0.024132,149.825966,70.0,-1.911330651302646,0.004338749553643353
-0.713201,-0.775785,-0.421302,-0.166056,140.41819,70.0,-0.43606440614786807,-0.17626509720415925
-0.616397,0.218224,-3.876415,-0.928014,159.491463,70.0,-3.8564672775588247,-0.9107833828773979
-0.313665,0.237018,0.194203,-0.164102,261.797772,70.0,0.17957312665115965,-0.15281276037775507
-0.431603,0.051787,-0.293233,0.868948,184.134445,70.0,-0.31189649866348945,0.8710368103790788
0.390052,-0.393817,0.405966,0.787104,155.241658,70.0,0.3917037593713937,0.7782423595942858
-0.883411,0.503286,0.700582,0.286798,153.068032,70.0,0.7203951320137497,0.26808936110925485
0.726865,0.414717,-0.456339,0.38347,176.396098,70.0,-0.4375280226025715,0.3704196994557468
0.14553,-0.069606,-0.086706,0.049916,373.843442,70.0,-0.0817660601154332,0.06806577071077363
0.137622,-0.983645,-25.079376,22.919519,68.582833,70.0,-25.059425733854766,22.938811252160413
-0.124669,0.681526,1.111677,-1.175142,79.183986,70.0,1.1196028522341088,-1.1601693633914378
0.399695,-0.330825,0.156188,-0.036123,255.394714,70.0,0.15259530793195963,-0.02191795717251987
-0.179919,0.102786,-0.211111,0.151978,340.278028,70.0,-0.1973341658203689,0.16183289719290178
-0.479057,0.495516,0.4884,0.289883,183.81896,70.0,0.5082528465411187,0.2745809091283206
0.1425,-0.994178,1.125391,0.569296,147.065986,70.0,1.131207952709492,0.5851419575019889
0.846959,0.839528,0.317955,0.000422,131.694503,70.0,0.3179971999686869,4.244932191755442e-05
-0.051168,0.017735,0.044083,-0.004882,341.30186,70.0,0.04359484848072935,0.014634136000053172
0.07985,0.042658,0.073021,-0.045503,374.445805,70.0,0.06850985477744136,-0.02682127447321071
0.953551,0.325067,-0.381624,0.111277,133.972044,70.0,-0.37106160186922155,0.10465774437513915
-0.606207,-0.521282,-0.659769,-0.461226,172.690286,70.0,-0.6746011391028811,-0.4809792261496763
0.809227,0.67753,-0.686625,0.462361,144.342964,70.0,-0.6718692390594196,0.4432049085440104
-0.754388,0.99339,0.988955,0.871644,125.857175,70.0,0.9701962996113722,0.8762500011900032
-0.09096,-0.767682,1.393894,0.268916,172.252719,70.0,1.4133844403161915,0.2843881123555128
-0.431999,-0.61318,-0.805424,-0.69012,148.756086,70.0,-0.7993417370206918,-0.7027776258431997
0.283518,-0.90862,-0.003206,-0.556467,141.243906,70.0,-0.010237587532524005,-0.5364695695539764
0.829642,-0.207163,0.448487,-0.063208,206.754549,70.0,0.4422708973653063,-0.07565339160544197
0.207951,-0.96863,34.497308,31.456048,86.664524,70.0,34.50129329017308,31.436947521944674
0.237187,0.393998,8.250336,-1.744695,138.79804,70.0,8.237431726010517,-1.7630296308356248
-0.071333,-0.886844,-1.970454,1.481473,102.321859,70.0,-1.9524157281324659,1.4632728322887634
0.815212,-0.731085,0.644193,-0.441694,139.957863,70.0,0.6281233428400045,-0.4616310333739869
0.652081,-0.473076,-0.288858,-0.01421,175.603057,70.0,-0.29027780474278686,-0.011686616693854495
-0.983364,0.602708,0.215611,0.205772,189.910172,70.0,0.2327452307751927,0.21523285759006697
-0.285227,0.193671,-0.217555,-0.099842,299.917743,70.0,-0.22712964197695384,-0.09055286069326213
-0.974339,0.28003,0.353426,0.175899,206.064549,70.0,0.36883434038611973,0.1719975048152071
0.458022,-0.025435,0.042984,0.033686,270.833918,70.0,0.046336695462197784,0.05322586917749568
0.508176,0.909111,0.237408,6.610254,120.89115,70.0,0.25736635113392087,6.617742124244489
-0.574857,0.373829,-0.313925,0.065696,194.542057,70.0,-0.3074729065949602,0.06571942653054104
0.949581,-0.391225,-0.404407,0.670793,134.332499,70.0,-0.4086225907838117,0.6620713888032383
0.678802,0.618189,0.715966,0.589867,156.927718,70.0,0.7197875087434615,0.571756979178987
-0.090161,0.658314,16.07038,-13.702625,62.501948,70.0,16.08170441237323,-13.697845942700111
0.27588,0.71615,0.296353,-1.344983,193.80133,70.0,0.28780292460857665,-1.343204724910898
0.329131,-0.302649,-0.127203,0.019735,259.139273,70.0,-0.1252327010224282,0.03582438413394624
-0.627478,-0.01485,0.208828,-0.058908,282.918741,70.0,0.2030220061921316,-0.048855088485382205
0.410174,-0.211753,-0.23691,-0.070151,249.141311,70.0,-0.2437821387211223,-0.0626167212303024
-0.924299,-0.695105,-0.892583,-0.593131,139.823059,70.0,-0.8960836278659007,-0.5980688851622153
-0.634545,-0.792964,0.507947,-0.359691,143.952547,70.0,0.48846305008648494,-0.3761767056265985
0.648524,-0.258476,0.71943,-0.285644,187.353627,70.0,0.6996329359662511,-0.30360431911865116
-0.200856,0.21462,2.464847,3.858879,214.030758,70.0,2.473453252504617,3.8782955623806754
-0.883486,-0.749904,0.448095,-0.183654,135.860197,70.0,0.4322039527777916,-0.19606868184157086
0.370076,-0.131894,-0.213695,-0.038715,307.03006,70.0,-0.2175423669154579,-0.029085771980306076
-0.748194,-0.890729,-0.653451,-0.389091,130.883823,70.0,-0.6720636517266876,-0.4089332974346669
-0.483129,0.044228,2.029089,0.352268,238.370535,70.0,2.0487270282494183,0.3372406854705096
-0.658593,-0.976163,-0.376353,-0.179989,129.792588,70.0,-0.39201885439788925,-0.1861086198637632
-0.365575,-0.217481,0.645049,0.148268,156.731435,70.0,0.6585545370765021,0.12833793635343654
0.79292,0.607705,-0.59631,0.513301,152.759461,70.0,-0.585431833063756,0.49355659026031695
-0.303683,0.004666,0.056417,-0.000451,318.277566,70.0,0.05637190003822243,0.018758542964792742
0.428743,-0.118154,0.643795,-0.225114,235.447482,70.0,0.6257447356374601,-0.24505414959907182
0.18259,0.791867,-1.871227,-0.571944,81.871627,70.0,-1.8767900977372514,-0.5918968999377855
0.902391,0.493561,-0.802099,0.398515,152.976327,70.0,-0.7838517555251343,0.38560169745968853
-0.713944,0.746697,0.726421,0.723432,144.222738,70.0,0.7172641417883874,0.7057901676133872
-0.259731,0.697891,5.815234,22.166691,97.391472,70.0,5.799848417191603,22.152783232290716
-0.549789,-0.30745,0.157371,0.047577,209.369567,70.0,0.16208395432986944,0.061698517842763895
0.689308,-0.803486,0.683211,-0.778114,139.810077,70.0,0.6968288027893915,-0.7973654211340373
-0.197133,0.780729,-0.088905,-0.133041,248.207726,70.0,-0.10124940875403905,-0.11498469937888355
-0.289867,0.20916,2.105206,-1.452531,168.444042,70.0,2.0886019627865706,-1.461580598792212
-0.639792,-0.988867,0.387724,0.072505,127.081735,70.0,0.39481672494520376,0.06531328943588377
0.106293,0.473336,0.540473,-0.934013,104.98837,70.0,0.560455089480705,-0.9521146073230662
-0.643011,0.922516,-0.596084,0.124839,131.265075,70.0,-0.584395114837581,0.10509820440849235
0.71864,0.176852,0.30193,-0.001808,201.061056,70.0,0.3017492024625341,-0.000585835382877079
0.355157,-0.880016,13.932074,0.786323,94.191726,70.0,13.917866619986873,0.8034221065085024
-0.421054,-0.647108,0.718015,-0.513492,153.1586,70.0,0.7071528656843348,-0.5315141238423251
0.060891,-0.608686,-2.139977,-1.869137,63.531697,70.0,-2.1415572104593332,-1.8749649858564366
-0.192175,0.116206,-0.186006,-0.147591,313.504798,70.0,-0.1994615266906835,-0.135634801331599
-0.923282,0.392895,0.850219,0.259868,143.871582,70.0,0.869486628526803,0.25096585581345243
-0.606366,0.800252,0.440394,0.374088,143.981939,70.0,0.45950283460484975,0.36228614575631923
-0.157236,-0.665517,2.429558,0.813272,125.191482,70.0,2.413588385547841,0.8315453357934045
0.659063,0.865127,-0.728291,0.633606,135.366251,70.0,-0.7288196853372186,0.616053029035557
0.192948,0.871043,-13.484978,-7.632111,140.124308,70.0,-13.493882815771514,-7.634492377880269
-0.377242,-0.297928,-0.367619,-0.254773,176.741652,70.0,-0.3867437768912133,-0.26005554013034793
0.725583,0.874389,-0.603163,0.589167,135.103195,70.0,-0.5992728045286974,0.569324991730564
-0.151869,-0.463355,0.437301,0.006884,225.571744,70.0,0.43798926407929545,-0.0046667440562803515
0.387132,0.535239,0.399128,0.223404,180.468077,70.0,0.41710396227570384,0.2151604328611861
-0.23818,0.913389,-0.21504,0.352593,154.425781,70.0,-0.19540815294078526,0.3621041263139646
-0.667789,0.474504,-0.573172,0.43746,172.675142,70.0,-0.5568539006643679,0.4182154802099605
0.995213,0.53896,-0.709207,0.529685,144.551849,70.0,-0.6997386310558185,0.5112985603955907
0.306094,0.51658,16.294867,13.70005,92.14516,70.0,16.283331286741323,13.719622733644
0.152426,-0.169232,0.015002,-0.06912,361.911985,70.0,0.008226774767798472,-0.049176238624694495
-0.282353,0.497318,0.155617,-0.065588,308.91922,70.0,0.14917513010017402,-0.051342819725253244
0.415679,0.324138,0.573208,0.180027,213.593232,70.0,0.5888762163966976,0.16078150041456918
-0.206258,-0.585179,0.264316,0.622341,137.546072,70.0,0.2649136640831064,0.6272738914531695
0.899866,0.046371,2.081807,-0.006776,114.0635,70.0,2.081129529623584,-0.017845641005544862
-0.640171,0.653976,-0.560365,0.254604,156.672805,70.0,-0.5412451746597359,0.23574735750781756
-0.619033,-0.084145,0.131248,-0.222677,186.413316,70.0,0.11330402539027727,-0.20683116077723332
-0.220268,-0.052486,-0.243523,0.078446,343.425825,70.0,-0.23587799969403844,0.08536369037581601
-0.135476,-0.941739,20.285204,11.97501,63.986418,70.0,20.281529205964503,11.98751951675052
0.196127,0.31123,0.024888,-0.662676,218.024874,70.0,0.028306873185773154,-0.6428306534100043
0.841589,0.586401,-0.182445,-0.013578,151.491796,70.0,-0.18380175721185202,-0.0013382482818896386
-0.353314,-0.154234,-0.685513,-0.090516,172.551128,70.0,-0.6942587447481302,-0.10970375633204744
-0.218681,0.620062,-19.919454,-0.285134,97.577609,70.0,-19.93924375289423,-0.2732366401868799
-0.618124,-0.801907,0.267792,0.017074,143.01735,70.0,0.26949732682324645,0.02166930215679618
0.357127,0.235951,0.692493,0.017442,231.996077,70.0,0.6942349898973257,-0.0015372129185767802
-0.368874,0.332066,0.846817,0.280711,218.023801,70.0,0.866537954696923,0.27150551697349457
-0.959097,0.451527,0.849244,0.351329,152.928079,70.0,0.8688995957235353,0.34233965290605933
0.819629,-0.493778,0.519983,-0.104189,157.464141,70.0,0.510028999900334,-0.1213258986531377
-0.923127,-0.987603,-0.72531,-0.641592,120.980051,70.0,-0.7239836272680602,-0.6592858966752778
-0.645599,-0.587198,0.555882,-0.337651,161.122476,70.0,0.5360198068516122,-0.3563535140474828
0.959219,-0.40562,-0.002176,0.465835,169.567196,70.0,0.012343040487237382,0.485833816267677
0.736645,0.792263,0.733021,0.782283,139.786899,70.0,0.7191008462352975,0.7649616276971235
-0.428587,0.73667,2.35785,-11.185908,104.330094,70.0,2.369456500920304,-11.171649287983312
-0.795584,0.614412,0.406567,0.220069,152.335571,70.0,0.42439427595364493,0.2111535211729695
0.424147,0.637663,0.309551,-0.030707,164.452103,70.0,0.30649235005501746,-0.030246214238698152
-0.797331,-0.747183,-0.731052,-0.623903,139.82019,70.0,-0.7314935172021653,-0.6413219665526719
0.101242,-0.423612,-3.765455,-19.802815,78.778187,70.0,-3.745484051976259,-19.782819964189272
0.360142,0.898528,-5.761854,-0.002643,126.300994,70.0,-5.762118292307341,-0.01984902394683522
-0.437207,-0.134873,0.346726,-0.045056,259.047788,70.0,0.3422584140853522,-0.048298300854641894
-0.804415,0.199278,0.042244,0.101936,192.901899,70.0,0.052001958873011046,0.12149151731717817
-0.738248,0.267167,-0.65554,0.267333,187.356786,70.0,-0.6360856752231318,0.24751796628784484
0.268142,0.663634,1.536856,2.551808,110.994244,70.0,1.540685591339998,2.5551857655306227
-0.297833,0.314054,0.135268,-0.007306,302.339173,70.0,0.1345375624795789,0.008291377761200614
0.310021,0.526745,-1.481178,-0.612618,155.341415,70.0,-1.4827464409496818,-0.6039530727909079
-0.99798,0.956707,-0.784779,0.785558,120.905112,70.0,-0.7989324332608377,0.7713721507521487
-0.632467,0.125306,-0.009794,0.029379,278.536217,70.0,-0.006866654343159893,0.04935502418286368
0.011784,0.047925,0.007027,0.056279,355.381738,70.0,0.012580921031365402,0.07626665658762424
-0.516564,0.110868,3.633695,-0.34574,169.900015,70.0,3.6139438180614074,-0.33020214822588767
-0.636499,0.356602,0.556376,0.39458,190.700949,70.0,0.574780794952501,0.37586003980449323
-0.589579,0.939722,-0.70928,0.220958,131.12943,70.0,-0.6914126029356262,0.20257443421524984
-0.099192,0.881237,0.379071,-0.465535,115.865417,70.0,0.3645313434940944,-0.47191281062234053
0.951984,-0.010181,3.41289,-0.025876,102.166789,70.0,3.4103096130126143,-0.030129457357393117
0.892034,0.417061,2.402218,-0.373029,128.848768,70.0,2.383078173879762,-0.35603394922094384
-0.448387,-0.044793,-0.021942,0.306372,207.682897,70.0,-0.001957158460231378,0.3262517578373528
-0.840913,0.776595,0.523904,0.279821,135.66668,70.0,0.5436099442946193,0.26248525088029695
0.22639,0.943055,-3.727546,1.635645,79.625795,70.0,-3.7085881588999023,1.6551979730628525
-0.075881,0.673195,0.129506,0.728684,200.481418,70.0,0.11988543230783166,0.7446355235807738
0.395325,0.221564,0.316681,0.006138,298.962601,70.0,0.3172947036506125,0.005885833217543882
-0.178812,0.705533,0.936861,0.890164,242.211855,70.0,0.9175412913104759,0.8896023942231108
-0.10121,0.965212,21.737139,-36.700981,73.408756,70.0,21.71790833191856,-36.706905702930364
0.317874,0.500978,0.087741,-0.206007,161.091378,70.0,0.07059465985353844,-0.18790095007944843
-0.056364,0.693236,-0.067955,-0.106399,182.210347,70.0,-0.07810007268302774,-0.08754240647480065
-0.781973,-0.617747,0.56152,-0.447258,152.687471,70.0,0.5457877587262001,-0.4661528202970213
-0.465615,0.40271,-0.01306,-0.075479,199.129572,70.0,-0.020430000844726407,-0.055521625750100556
0.349643,0.447132,9.81846,-1.179752,93.916071,70.0,9.825960529007066,-1.1720076107213189
0.949613,0.149827,0.271725,-0.076412,168.965549,70.0,0.26426834539619076,-0.07220033936999609
0.149171,-0.874677,-1.252118,0.402116,99.515424,70.0,-1.2340211243166284,0.42211089473814684
-0.689241,-0.07703,1.888151,-0.189762,126.101025,70.0,1.8718965454772498,-0.20975944739647429
-0.637651,-0.995442,0.671696,-0.183759,126.456854,70.0,0.6557985794138474,-0.20329043987822373
-0.395263,0.816479,-0.764031,0.296723,157.418164,70.0,-0.7441069577088845,0.2811534819714873
0.561805,0.250771,-0.512944,0.298062,216.500872,70.0,-0.49300874552462964,0.2812985516521939
0.702807,0.084555,-1.36777,0.183439,170.343634,70.0,-1.351892016663586,0.20042999994234362
-0.885154,-0.785351,0.871762,-0.75988,135.231964,70.0,0.8839896640041927,-0.7668051520137477
0.599221,-0.893744,-0.871107,-0.754108,135.381393,70.0,-0.8593411228273505,-0.7610945629012361
0.839533,0.032292,3.6117,0.029302,123.383639,70.0,3.6146197283666406,0.04336389692175747
0.736708,-0.144994,-3.755293,0.147311,106.181595,70.0,-3.7418582021750706,0.16725760095097267
-0.912335,0.38337,-9.871226,5.186181,132.409847,70.0,-9.856904488612336,5.198466137161064
-0.69417,-0.92242,-0.835132,-0.71267,130.643933,70.0,-0.8269447112766235,-0.7228965532844169
0.892058,0.826099,0.63686,0.510246,130.766413,70.0,0.6479932465988144,0.49026423640231354
0.242572,0.911766,-12.549256,6.030451,103.547937,70.0,-12.568320134793195,6.050377817168492
0.049582,-0.676509,-0.028109,1.150521,222.802176,70.0,-0.03822967898387132,1.1703237959631894
-0.090695,-0.317123,10.118791,-22.771949,147.826206,70.0,10.10497768170366,-22.75301827596697
0.109682,-0.57945,-2.1546,-38.457089,106.348908,70.0,-2.1425234657183725,-38.46150382275751
-0.815162,-0.425858,-0.533011,-0.32059,164.986498,70.0,-0.5530006623036834,-0.33836176884966224
0.598458,0.278383,0.191284,-0.065869,206.318089,70.0,0.18481553397614225,-0.054340019792086525
0.775575,-0.915894,0.791423,-0.832807,130.553499,70.0,0.8084906744039213,-0.8465167635010367
0.568778,-0.547612,0.493028,-0.212916,172.475595,70.0,0.4755362928154135,-0.22851196736793186
0.28164,-0.471193,-5.355478,-1.518085,105.1082,70.0,-5.374787390527968,-1.5195607065732215
0.660729,0.869223,-0.749503,0.738406,135.318084,70.0,-0.7599642005494085,0.7219664569562639
-0.976577,0.677972,-0.331947,-0.343953,140.438316,70.0,-0.3517254934322645,-0.3457294293490842
0.682603,0.513498,-0.557514,0.37813,168.773715,70.0,-0.5385283712512683,0.3593702848572359
0.355245,0.602878,-4.660203,-0.959221,117.9923,70.0,-4.640273042797899,-0.9643805817702217
0.569817,0.91571,-0.897573,0.719803,135.432383,70.0,-0.9064057384345082,0.7153501536848788
0.335987,0.930855,0.592025,2.50092,85.934499,70.0,0.5907903732046106,2.481248402402332
0.880695,-0.152181,1.344727,-0.242282,114.029861,70.0,1.326004743426095,-0.2241907994034807
0.290082,-0.599905,-4.463228,-1.74149,77.736967,70.0,-4.47637546932052,-1.7604430692898771
-0.604601,0.472883,-0.372011,0.137785,179.681307,70.0,-0.35929684549767144,0.13208016450531568
-0.259555,-0.337528,-0.121372,0.233811,210.917073,70.0,-0.10296437013354562,0.25023985556033607
-0.824867,0.454966,-0.393437,0.253683,164.766652,70.0,-0.3743443989823228,0.24596120884081848
0.60738,0.229442,-0.510831,0.30679,210.462092,70.0,-0.490844574982037,0.2901427292121698
0.228893,0.999083,-8.158853,11.970967,72.626642,70.0,-8.162129653516255,11.95098856239292
-0.408305,-0.388087,0.457584,-0.010302,191.215521,70.0,0.45655425550775947,-0.02344639016725523
-0.578967,-0.702927,0.717045,-0.627966,152.834997,70.0,0.7170097469464591,-0.6460299707664408
-0.088465,-0.839349,-0.0585,-1.45553,113.421504,70.0,-0.07526934739405078,-1.436379479976319
-0.934975,-0.130899,-3.970636,0.507043,113.132669,70.0,-3.959238106817343,0.5177879841505074
-0.026326,-0.463356,-2.063744,1.429498,91.250514,70.0,-2.0485311184887647,1.4169711220645744
0.381904,0.667997,-0.623716,0.198128,197.317339,70.0,-0.6069884606226159,0.17813329558854213
-0.982535,0.535101,0.861871,0.474504,144.465439,70.0,0.875780383750246,0.466659779465868
-0.556303,0.209768,0.360485,0.201562,216.594786,70.0,0.3773983007964995,0.19697073990322916
-0.430591,-0.942671,0.071577,-0.104078,170.777792,70.0,0.06163262900945005,-0.08534520420223826
0.536095,0.141725,-0.457189,0.192263,228.105381,70.0,-0.4407900992283568,0.17914840656833486
-0.026961,0.860631,5.037246,-23.775554,63.406848,70.0,5.046882756153918,-23.75558260366585
0.632796,-0.596852,-0.646428,-0.451285,161.019845,70.0,-0.6619084229902279,-0.4712030677825081
0.703307,0.484409,-0.578415,0.493984,168.863255,70.0,-0.5659690764027876,0.4746033671319001
-0.534047,0.272433,0.502515,0.2654,216.4796,70.0,0.5219235716133893,0.24922788274835844
0.778211,-0.604244,-0.718164,-0.632601,152.816839,70.0,-0.7177357857954333,-0.6506166582244011
0.479199,-0.110195,0.348971,-0.061698,246.731989,70.0,0.34289859468965284,-0.0651616222223101
-0.05543,0.384277,0.22063,-0.156073,239.683332,70.0,0.20655922288422351,-0.14705726855035872
0.540249,-0.04091,-0.425117,-0.135507,244.187467,70.0,-0.4376544879772967,-0.1460422736340446
0.431977,0.240394,0.402578,0.198017,236.32481,70.0,0.4192994522843694,0.18946034431097802
0.308557,-0.084087,0.316969,0.008673,319.320464,70.0,0.31783602819592577,0.00839203577820493
0.747274,-0.561889,0.416492,-0.112257,157.481438,70.0,0.4058465103622998,-0.12204957064549934
0.328086,0.13947,0.428894,-0.151772,221.154536,70.0,0.4151321063084764,-0.16262642538863512
0.07862,-0.640401,0.641357,0.484018,104.261598,70.0,0.6545672726137902,0.4640604853700559
0.779313,-0.084111,-0.277871,-0.056901,215.24234,70.0,-0.2834846476870265,-0.05329205145497573
0.344154,0.189719,0.333396,-0.228857,298.206592,70.0,0.31518770917419653,-0.23077770875607478
0.60915,-0.011525,0.704473,-0.000684,160.411879,70.0,0.7044046001333389,-0.01925155759057886
0.303755,-0.79017,-1.824856,-8.299619,89.699066,70.0,-1.8126349343056471,-8.318722784264345
-0.394779,0.952052,-0.415784,-0.351157,160.883057,70.0,-0.4354427666818367,-0.36088777669200545
-0.855118,0.028035,0.177923,0.07836,214.685352,70.0,0.18556005269253653,0.09095422305083611
-0.815857,-0.110017,-0.468296,0.139763,219.517793,70.0,-0.4554297820571072,0.12583048215624715
0.940707,0.46956,0.774317,0.303437,157.045326,70.0,0.7942882651397987,0.28853340987460646
-0.096677,-0.845506,-0.577751,-1.344009,106.644066,70.0,-0.58621292342773,-1.363373129498926
-0.417593,-0.49014,0.642098,-0.127558,176.651721,70.0,0.6301895729440022,-0.14751055033071486
0.210804,0.980013,0.299177,-0.618471,155.716359,70.0,0.2981926447770905,-0.6169741743390064
-0.926865,0.180692,-3.274997,-0.383919,133.523332,70.0,-3.2937926793445516,-0.39963235299061584
0.894403,0.231524,-0.626218,0.25341,161.453397,70.0,-0.6071335465520464,0.23341110304718488
-0.78179,0.462384,-0.66906,0.483172,165.065207,70.0,-0.6557863268915317,0.4635855338343248
-0.716789,0.922103,-0.845599,0.840259,130.594163,70.0,-0.8630431985834538,0.8309455571300126
-0.221738,-0.744446,-0.024357,0.193607,314.809478,70.0,-0.007881533841191737,0.21345886736043806
0.089066,0.934896,1.574584,0.551403,150.90883,70.0,1.5820873534654532,0.5510242553206393
0.789413,-0.339788,0.227856,-0.100992,197.352606,70.0,0.21818055134084108,-0.09262702776442908
-0.822501,0.233583,-8.220254,-3.06911,115.624526,70.0,-8.227344635501863,-3.0884348888742106
-0.169092,0.064243,-0.021243,0.009464,371.755678,70.0,-0.020296953154162748,0.029351289760447992
-0.264588,-0.929356,-1.407942,-1.650699,86.442058,70.0,-1.4263670077826325,-1.6361544831525492
0.310493,0.460069,11.33327,18.094201,142.47072,70.0,11.3451364798127,18.114062668672492
0.385576,0.381235,-13.977874,-2.034345,96.159171,70.0,-13.964285964610937,-2.020047229000843
-0.587841,0.159784,-0.043759,-0.132868,216.256793,70.0,-0.05608979266584267,-0.11334480585101767
-0.505648,-0.424135,-0.645352,-0.322909,194.188291,70.0,-0.6653328635883923,-0.342836509064561
-0.434475,-0.218613,0.398965,-0.179175,244.37127,70.0,0.3833498777721784,-0.1874037134208551
-0.227443,-0.626517,-18.503562,-5.786174,88.777257,70.0,-18.491354465218006,-5.789344039852216
0.126629,0.258254,-1.656523,-17.971645,77.267595,70.0,-1.6754898001497711,-17.979957563800966
0.473798,-0.877014,15.183228,-2.562184,96.565138,70.0,15.178385617152632,-2.5448069472546604
0.028161,-0.698621,-0.255083,0.964573,121.271873,70.0,-0.2749610745744312,0.9703950936654164
0.281658,-0.1739,0.240622,-0.005503,326.219924,70.0,0.24007176943378766,0.0016861473042633105
-0.744851,-0.707009,0.449468,-0.193451,144.72802,70.0,0.43300138279382255,-0.20597303456216767
-0.692665,0.374253,-0.062986,-0.117602,181.616702,70.0,-0.0740801270086096,-0.09858563872524859
0.066255,-0.449711,7.575784,8.975946,128.32703,70.0,7.591418571280552,8.995623560405354
-0.28962,0.35615,7.290861,-2.880074,138.425974,70.0,7.2715497684393915,-2.8736690737129313
-0.185838,0.625625,0.535878,-0.114513,170.026458,70.0,0.5250422050562409,-0.13241444921488735
0.886296,-0.019508,-0.112498,-0.01426,227.913894,70.0,-0.11392279208341789,0.002658596644310141
0.136886,0.641488,-0.006337,-0.018508,232.360981,70.0,-0.008185159529793415,0.0014819614476335348
-0.518374,-0.319402,0.325894,-0.060598,210.675377,70.0,0.31992649324962913,-0.06177080028004397
-0.181299,0.899792,0.343528,0.799587,160.922357,70.0,0.32841897782794705,0.7966606698274463
0.80968,0.284698,0.182054,0.1597,194.427105,70.0,0.19638020448403898,0.17197065122221306
0.923384,-0.678279,0.926269,-0.677418,139.844121,70.0,0.9311297757817218,-0.6790371058331927
0.168068,0.724945,-0.071235,-1.007164,197.388307,70.0,-0.05227198901968917,-0.9884192515406968
0.145438,0.377424,0.637002,-0.732959,187.304889,70.0,0.6469951328594455,-0.752940152301349
-0.642603,-0.236518,-0.17587,0.058278,214.214335,70.0,-0.17012432185162435,0.07103103979672826
0.846953,0.74414,0.78912,0.652108,139.767436,70.0,0.7867466588483581,0.6382314714290535
0.76627,0.700069,-0.601471,0.404448,144.407127,70.0,-0.5834746356773648,0.3846279270461402
0.052042,0.675568,-0.016144,0.139447,341.37164,70.0,-0.003301991226169882,0.15938187818713884
0.278988,0.945284,-0.258784,0.212443,230.161765,70.0,-0.24131527613728818,0.21791004564157343
-0.609376,0.214123,-0.003892,-0.053286,217.883953,70.0,-0.009157781643326883,-0.0332897867964954
0.772211,0.554209,0.653904,0.48552,157.004817,70.0,0.6670011288743415,0.4656834309925523
0.598869,-0.812248,0.375948,0.040211,140.903196,70.0,0.37994206380561846,0.03412995018066465
0.544157,-0.35809,0.504742,-0.272135,200.804527,70.0,0.4851818876849141,-0.28843713768166757
-0.417956,-0.581873,-0.00316,0.1244,185.445479,70.0,0.008493235085910508,0.144397503651933
0.458025,0.021429,-0.42322,0.04411,276.195592,70.0,-0.41884467332712577,0.033736445083158
0.156451,-0.52622,-13.281346,-7.213758,132.623487,70.0,-13.26138142240972,-7.2319098346337105
-0.177867,0.584047,-0.215003,1.113428,149.230535,70.0,-0.22813112725507873,1.1229423809867203
0.077189,-0.688063,-0.843159,-1.852952,73.15006,70.0,-0.8463457187590022,-1.8624806740013162
-0.279274,0.245068,-0.004006,-0.068051,235.865165,70.0,-0.010680549674708394,-0.04805501187486666
0.8509,-0.931246,-0.75333,-0.65072,125.870267,70.0,-0.7510945341494013,-0.6669385912988708
0.541116,0.536642,0.367232,0.096076,173.170017,70.0,0.3764743240052714,0.09083079541790039
-0.653072,-0.174379,-0.380118,-0.284416,212.566511,70.0,-0.39989724185906206,-0.290892956552286
-0.78272,0.827662,0.786784,0.814289,135.231041,70.0,0.7707533668037556,0.8002451965439318
0.506913,-0.318836,0.403169,-0.191354,213.39491,70.0,0.3868223034260211,-0.19996403625490083
-0.672981,-0.78909,-0.258673,0.04668,141.047059,70.0,-0.2540472666961754,0.05215772204435397
-0.239543,-0.000827,-0.210363,-0.005757,304.776558,70.0,-0.2109386205014048,0.004162917120927921
0.102254,0.588865,1.436127,0.327296,146.432818,70.0,1.4560838720598224,0.3397681133770288
-0.951336,0.900386,0.72881,0.981422,125.756743,70.0,0.7091879662313231,0.9638939640242511
0.78326,0.254245,-0.766375,0.149769,189.041724,70.0,-0.7527591359018768,0.13434767479461082
-0.900644,0.869239,-0.775858,0.605694,130.426548,70.0,-0.7736003691770272,0.5908936149784072
-0.706332,0.677797,-0.470474,0.258371,148.920253,70.0,-0.4512470505998755,0.24428305412984955
-0.265621,-0.297447,-0.293387,-0.449037,228.039767,70.0,-0.3090087764339871,-0.4469635060181109
0.807953,-0.736418,0.665271,-0.487007,139.916013,70.0,0.6522866126026723,-0.506666598768522
-0.979585,0.114383,-2.065658,0.336283,132.957807,70.0,-2.045780240183076,0.32390589869012
0.44088,-0.123448,0.456,-0.060361,251.809344,70.0,0.4500551178663623,-0.07338559321055092
-0.792569,-0.704854,0.783728,-0.706383,144.227571,70.0,0.791337730729621,-0.7206427395313771
-0.476517,-0.824929,-0.693505,-0.900628,130.72261,70.0,-0.6739412560727277,-0.9195750521635129
-0.574343,-0.979441,-1.01873,-0.747886,130.742334,70.0,-1.007472875213596,-0.7404441752297846
0.528677,-0.519158,-0.254408,-0.017556,177.182053,70.0,-0.25616134628936443,-0.011669362959393734
0.517553,0.517427,0.692377,0.347193,180.155207,70.0,0.7121048127269449,0.32821013169769786
0.398078,0.4912,0.487201,2.799248,119.62122,70.0,0.5070027244513763,2.7840233879825695
-0.407629,0.971246,0.582282,-1.105341,114.488569,70.0,0.5960093196603639,-1.124813494757013
-0.265576,0.462603,5.350945,-8.822701,133.490572,70.0,5.348328365889096,-8.823724301884928
0.968711,-0.881158,-0.576019,-0.94012,125.810898,70.0,-0.5560203897844889,-0.9594400775375435
0.369327,-0.728123,7.570852,-2.348579,129.403655,70.0,7.585522250933984,-2.3288192270509946
0.443301,0.567411,-0.77816,0.460252,169.089586,70.0,-0.7632626977465735,0.44560742115265245
0.475545,0.486303,-0.644236,0.248243,183.719411,70.0,-0.6253124414251374,0.22830630802964313
-0.710621,0.595825,-0.663969,0.541152,156.94272,70.0,-0.6555256927241769,0.5214688985633515
0.027214,-0.610819,-3.993798,7.471702,60.124931,70.0,-4.000479088441575,7.480425835254188
-0.035381,-0.645932,-12.504975,7.887559,84.193854,70.0,-12.485256198457412,7.9066240217080885
-0.177871,0.518712,0.245516,-0.323036,117.348695,70.0,0.2255356958708948,-0.31630564861830984
-0.000267,-0.481293,-7.870078,-2.292415,127.68844,70.0,-7.8522150478863955,-2.2940228994753484
0.909425,0.70417,0.858811,0.607089,139.810163,70.0,0.8609299686503358,0.5989642267243194
0.979612,0.340297,-13.778637,2.162476,85.396526,70.0,-13.798302336050272,2.1819858262251377
-0.62154,-0.229754,0.498166,-0.251887,204.133866,70.0,0.4791276519383808,-0.2677994403898339
0.530633,0.350278,-0.533338,0.295218,204.035974,70.0,-0.513427625863279,0.27743125524668866
-0.870594,-0.071048,1.981091,0.206715,138.318535,70.0,1.998273679684727,0.1889813584621171
-0.101066,-0.616565,-0.045447,0.101168,309.931983,70.0,-0.0357561516778246,0.12065386060215567
-0.610195,0.455851,-0.610976,0.426504,180.076797,70.0,-0.5940492347713506,0.4065791437408755
-0.504002,-0.754679,-0.457195,-0.540652,148.835897,70.0,-0.46568360678524134,-0.5537670464232196
0.103256,-0.58405,12.783795,-16.105125,121.321722,70.0,12.802097226953961,-16.095824295523645
-0.129939,0.123371,0.092202,0.087693,368.487555,70.0,0.10069300340007666,0.10560507305964371
-0.500598,0.453043,0.656644,0.314635,190.787492,70.0,0.6766439434191646,0.29483524799692845
0.29792,-0.853669,-0.942451,-9.339865,112.411084,70.0,-0.9506894852431629,-9.339867679607686
0.378171,-0.084834,-1.121984,0.144488,177.333059,70.0,-1.1087596577344994,0.16012379561684326
0.195296,0.34426,12.446862,13.014978,133.359069,70.0,12.462510566349206,13.031512408169313
-0.021282,0.305991,0.624382,0.137958,128.284818,70.0,0.6371095041304873,0.11796187394345492
0.786655,-0.697189,-0.745991,-0.624059,144.240619,70.0,-0.7464169208711804,-0.6406960138213158
0.341561,0.609787,0.858677,1.736108,131.357081,70.0,0.8722252289567994,1.7279709840709105
0.692694,0.115052,0.064777,0.034863,184.714975,70.0,0.06824567118238507,0.05382312333131599
-0.32374,0.894454,-10.915509,-0.719045,84.151102,70.0,-10.906744332134656,-0.7268393798139805
-0.904132,0.251533,3.508498,1.69872,152.950894,70.0,3.5245444721907635,1.703933675620606
-0.485833,0.60378,0.789139,0.767684,161.372041,70.0,0.7763032426052147,0.7538088397619797
-0.264198,-0.3692,0.513945,-0.441808,204.88562,70.0,0.49788213218810146,-0.4586258332337126
0.862968,-0.091603,3.102252,0.272222,101.160734,70.0,3.1218139250978667,0.2526076757937686
0.429956,0.27284,-0.362674,0.102949,244.185515,70.0,-0.35282774183238425,0.09814496514119705
-0.37035,-0.478369,1.164953,-0.644119,141.468385,70.0,1.1665314038312695,-0.6261839463829316
0.046408,-0.025206,-0.006962,-0.022813,343.937586,70.0,-0.009238356284969107,-0.0028251161374624398
0.367218,-0.175236,-0.355664,-0.029266,190.704543,70.0,-0.3585801668876207,-0.03338674678006054
0.808621,0.498178,-0.678641,0.560937,161.086716,70.0,-0.6720295964344022,0.5415667547684743
0.884539,0.442288,-0.942309,0.408815,161.189114,70.0,-0.9245074273462763,0.40879812039431007
-0.467746,0.590512,0.64993,0.382411,168.929883,70.0,0.6687766833517746,0.3625276503302717
0.740221,0.90083,0.771176,0.620693,130.676951,70.0,0.7719383683290408,0.6055817944493799
0.247253,-0.420278,-2.198739,1.151159,77.881188,70.0,-2.2088045992175553,1.1511214142708384
0.383922,0.582754,-1.0007,0.310961,195.308661,70.0,-0.980702557170832,0.3167013335228625
0.342453,-0.38412,-8.332156,1.682273,141.8997,70.0,-8.315183157424011,1.6686296799720748
0.090773,-0.374699,-1.040741,1.639161,252.464209,70.0,-1.0218980994067826,1.6485967329528985
0.431606,0.009055,0.346148,0.06319,295.925421,70.0,0.3523623917569407,0.06000474801974333
0.184713,0.469592,0.525236,-0.135707,119.533274,70.0,0.5126829358874512,-0.1531087880386452
0.429537,-0.770782,-0.161322,0.42092,152.467502,70.0,-0.14410444099962677,0.4347589959976273
-0.53815,-0.68987,-0.716931,-0.500817,156.983276,70.0,-0.7288348897624738,-0.5188858609741047
-0.651222,0.919865,-0.574123,0.113043,131.291373,70.0,-0.5634110521963185,0.0937728067025677
0.164951,0.328796,0.158298,-11.765885,111.728846,70.0,0.14313025286973957,-11.751829277832709
0.067546,-0.756925,-10.590869,7.871157,61.003813,70.0,-10.570942702987237,7.853171875122299
0.363893,-0.058424,-0.342727,0.069612,295.184509,70.0,-0.3359055043945849,0.06676493103477046
0.069222,-0.587474,-0.843602,-1.963018,120.787116,70.0,-0.8359924599095855,-1.9725077016374957
0.324756,0.177753,-0.513842,0.010554,273.464258,70.0,-0.5127870897557677,-0.006258256607797901
-0.510946,0.530144,-0.529733,0.178129,179.974764,70.0,-0.5141834488676963,0.16050997500591907
0.124107,-0.135107,0.474722,0.414214,323.595019,70.0,0.4922710264620818,0.3998277289250427
-0.735522,0.083671,-0.497561,0.168053,198.378483,70.0,-0.48266460057057287,0.1521772828572358
0.264467,0.892403,0.154687,0.699569,98.44924,70.0,0.14771171298864452,0.7138793042875619
0.612462,-0.346066,0.495934,-0.310892,194.138461,70.0,0.47593666869637985,-0.3266682392153257
-0.338112,-0.644582,-1.116669,-1.002074,156.721836,70.0,-1.0975503761777785,-0.9867750989105787
0.518334,-0.367957,0.337512,-0.040314,201.181533,70.0,0.3335078442031964,-0.042643970655726796
-0.256482,-0.692819,3.378525,3.299227,104.616334,70.0,3.3643436946379466,3.2916947912915475
-0.216166,0.899909,-24.807054,-30.852312,79.693329,70.0,-24.800695882219387,-30.853464158110107
0.767117,0.937815,0.516246,0.338308,130.078326,70.0,0.5361003866912974,0.3213667516255675
-0.140692,-0.611084,-0.023787,-0.052544,205.626728,70.0,-0.02898116356799351,-0.032685288674072124
-0.483717,0.169119,-0.48232,0.189055,241.769284,70.0,-0.46610684035138816,0.1741514139715469
0.38031,-0.12597,0.358515,0.02395,251.111996,70.0,0.36090428002783065,0.019550698407888187
0.822868,-0.0657,8.078389,0.065039,108.142493,70.0,8.084778871433532,0.04701928028833595
-0.21545,0.934125,0.313757,0.292538,172.226155,70.0,0.3336402439979478,0.29257822650877563
-0.152945,-0.538512,8.742408,4.505633,98.259825,70.0,8.732176506623706,4.524907045488877
-0.76534,0.931523,-0.658284,0.609954,130.410461,70.0,-0.6564501264854835,0.5901780627154266
0.10914,0.323241,-0.150184,-0.252369,252.280414,70.0,-0.16923705905994324,-0.2377477709669529
0.712203,-0.007535,-5.592613,0.031057,109.402272,70.0,-5.589519766473924,0.012018085603504699
-0.645689,-0.096247,0.76776,-0.560348,136.91357,70.0,0.7610930364598903,-0.5756807655863115
0.36906,0.798575,-0.877527,0.379626,161.210424,70.0,-0.8585889403146559,0.3732444872894199
-0.347192,0.744615,-4.796134,-0.979669,103.952184,70.0,-4.776478801100521,-0.9715370795370625
0.736942,-0.218051,2.033129,0.233098,171.57107,70.0,2.051508633110824,0.21834032705687448
-0.774832,-0.601376,0.703644,-0.571477,152.824679,70.0,0.6980360604269553,-0.590075206755579
0.678723,-0.69891,0.637416,-0.582087,148.590556,70.0,0.6328339092216502,-0.6020663125805606
-0.584528,-0.161359,0.605307,-0.048977,210.096524,70.0,0.6004581048521492,-0.06884476334209452
0.045179,-0.682234,-2.344209,1.433666,84.85319,70.0,-2.3287288677705495,1.4469357539434173
-0.312337,0.558888,-5.218848,-1.777951,115.402592,70.0,-5.2290452158344785,-1.7665051687683577
-0.770679,-0.806989,0.302654,0.023168,136.385149,70.0,0.3049656219886345,0.024317892072142973
0.942716,0.223627,-0.585461,0.138147,158.923475,70.0,-0.5727189224788938,0.11860443752816975
0.494446,0.146797,0.482441,0.144601,241.816642,70.0,0.49567381735319355,0.129689347643238
-0.775025,0.148474,-0.558855,0.112118,207.456246,70.0,-0.5482212802809114,0.09331221793871317
-0.597012,0.011678,1.158504,-0.051305,166.597893,70.0,1.1534295839745148,-0.03366460894848352
0.271387,-0.805246,29.300608,13.412745,74.82528,70.0,29.282872879194112,13.404608392812646
0.236362,0.535455,0.695455,0.953669,130.056342,70.0,0.6754863025924664,0.9347852848933983
-0.609687,0.988879,-0.511525,0.390329,130.232212,70.0,-0.49295800978165777,0.373643365948478
0.094109,-0.316733,-0.324936,-3.227036,113.617008,70.0,-0.31664921408405594,-3.228113152044591
0.672891,-0.727238,0.591772,-0.333107,148.311222,70.0,0.5718616870503412,-0.35277401588435453
-0.680758,0.492073,0.378597,0.143378,169.272075,70.0,0.39173786742216504,0.13704513256699935
0.269286,-0.110044,-0.108883,-0.024062,273.427149,70.0,-0.11128339944417866,-0.0069533916195357315
0.484821,0.393401,0.117124,-0.046992,199.605169,70.0,0.11246791830495001,-0.030324608758950617
-0.106695,0.78431,12.849712,-4.202147,61.519706,70.0,12.833097446597383,-4.1990773929856475
-0.109173,-0.862744,3.80922,-0.110151,102.128317,70.0,3.798753385281774,-0.09053605381121455
-0.138091,-0.889745,-0.972173,0.017943,112.491849,70.0,-0.9703811060195449,0.02090162183585908
0.057495,0.319504,-13.516444,16.936039,71.347898,70.0,-13.51359756503866,16.93679837638114
-0.101611,0.227851,-3.372914,7.470705,149.542749,70.0,-3.3796889776519197,7.462656036340163
-0.513201,0.636945,-0.416535,-0.003471,164.383606,70.0,-0.41688208257607234,-0.013267319723010818
-0.857031,-0.114159,4.536911,-0.20761,114.91869,70.0,4.519682690825563,-0.22299146456880636
-0.67336,0.836207,-0.463906,0.30529,139.356836,70.0,-0.44392566274429446,0.2916757668696298
0.12741,-0.62544,-0.708426,0.630135,90.635876,70.0,-0.7086076444309017,0.6117179678301893
0.231401,-0.850283,24.41734,24.305901,75.797892,70.0,24.434089087694844,24.287767085684177
-0.711947,0.307765,-0.665362,0.356374,187.381088,70.0,-0.6458058693353196,0.33671607505409756
0.609535,0.462949,0.588195,0.409813,180.088961,70.0,0.6059508616731969,0.3902141263584403
0.780525,0.29109,-0.607876,0.207373,197.016765,70.0,-0.5906597401722289,0.1874773833399404
0.347957,0.107943,0.509485,-0.152489,251.193,70.0,0.4956711678360541,-0.16906129498729136
0.1972,0.345423,-1.212776,0.223269,135.989796,70.0,-1.1948059597168914,0.24278997632775284
-0.474722,-0.648139,0.460945,-0.583657,169.001762,70.0,0.45651587291761747,-0.597052840555927
0.724575,-0.067807,0.443072,-0.026658,254.986165,70.0,0.4404140865244189,-0.03867499425313182
0.368946,0.87058,14.854986,-17.488687,111.241158,70.0,14.864943717338836,-17.480032691198943
-0.15515,0.395913,1.440016,1.506046,96.758733,70.0,1.4589769720426689,1.5182117563831299
0.111543,0.704082,-10.505052,0.563151,61.803275,70.0,-10.498649950464532,0.5504359776251718
-0.494547,0.145598,0.370897,0.081234,244.152389,70.0,0.3787988768048802,0.07563602440238507
-0.928818,-0.651302,-0.615784,-0.732006,139.935687,70.0,-0.6058735313804606,-0.7519667342399837
-0.440671,-0.36414,-0.312823,-0.149784,213.069647,70.0,-0.3264399627733377,-0.14965037445828414
-0.100415,0.328612,-0.692361,0.361135,155.45199,70.0,-0.6729101483146416,0.34215162800795923
0.986523,0.498941,0.604385,0.13634,148.406567,70.0,0.6169872797679588,0.1164830326610885
-0.294507,0.226842,-0.21988,-0.075959,215.985327,70.0,-0.22729460170740112,-0.06687638471675537
0.525335,-0.688274,0.594964,-0.623076,157.03045,70.0,0.5944398069621363,-0.6427985128640702
0.176602,0.146934,0.469699,-1.720636,157.634567,70.0,0.45505429882988385,-1.7346688302790128
-0.485625,0.108413,-0.453296,0.084791,246.790015,70.0,-0.44506862957383037,0.07197279224869466
0.094257,0.182869,-1.303488,-0.018769,160.108493,70.0,-1.3053621462727631,0.0006847522151583428
-0.525257,0.011776,-0.272465,0.080973,253.340792,70.0,-0.26458710644085914,0.08511229134412886
-0.084325,0.757892,18.799296,-28.237628,67.948132,70.0,18.79564598319123,-28.218256198490494
-0.107866,-0.906429,0.02705,27.956663,159.930068,70.0,0.04704691721580016,27.97648035305323
-0.344176,-0.56191,-0.34002,0.045292,227.321096,70.0,-0.3355294135352853,0.04271312679735636
-0.020203,0.444822,6.769545,-11.507484,171.859811,70.0,6.752838186156528,-11.52265392028341
0.130571,0.511428,6.009707,7.919934,87.465102,70.0,6.028629389879646,7.923974101891288
-0.428286,-0.205821,-0.553736,-0.094378,224.740564,70.0,-0.562827410791265,-0.11300340263777524
0.764643,-0.647911,0.576751,-0.332872,148.785962,70.0,0.5568384777652907,-0.3522108723123121
0.560498,0.28522,-0.51918,0.290554,210.349968,70.0,-0.49931914050418885,0.2734586399694786
-0.305697,0.14244,0.317738,-0.005615,316.520375,70.0,0.3171765737600028,-0.005972854366875657
-0.014612,0.42399,-0.14267,1.294375,160.524546,70.0,-0.13891855987962634,1.3094984796317561
-0.004801,-0.689969,1.08012,31.392399,66.255766,70.0,1.0777726691352667,31.405102128407254
-0.305747,-0.6947,-0.024571,0.189939,218.213118,70.0,-0.008306238927683007,0.20978825623530212
0.177418,-0.143694,0.418361,-0.154682,205.892532,70.0,0.40438941476189677,-0.16463710461760878
0.942488,0.395249,0.436227,-0.376073,221.716021,70.0,0.4171776987748371,-0.38753590040125235
0.943846,-0.775029,-0.525399,-0.109263,134.557492,70.0,-0.5357898426867422,-0.12667281642956985
0.091842,-0.404447,0.006758,1.430082,214.512452,70.0,0.022008728080435205,1.4500705834453131
0.451567,-0.520968,-0.39514,-0.596455,183.831631,70.0,-0.39831289077169285,-0.6043336044870958
0.091024,-0.15231,0.718251,0.682113,300.335742,70.0,0.71293618253204,0.6641011216261209
0.120612,-0.874778,-23.025405,23.332554,67.713807,70.0,-23.033630307120546,23.323694879317735
-0.399913,0.656314,-0.527147,0.078248,163.714214,70.0,-0.5195202998045069,0.06075281573173552
0.662235,0.176022,2.791654,-0.66685,161.542243,70.0,2.795483355010442,-0.6632911154551709
0.407518,-0.84455,-0.967037,0.108001,160.777158,70.0,-0.9567541943961981,0.11045075296307673
-0.356318,-0.641313,-9.550427,0.291503,82.437614,70.0,-9.530555189417745,0.2753217980564963
-0.546988,0.780746,0.859621,0.407626,144.655453,70.0,0.8774764532078315,0.3995753082829735
-0.002248,0.222875,-0.29084,-1.069499,158.808064,70.0,-0.27473982393005736,-1.067172353515397
-0.144202,0.403481,-0.249133,1.05448,93.185031,70.0,-0.2660779851498883,1.0608686647007142
-0.697732,-0.776567,0.097176,0.147665,142.26994,70.0,0.11063700062942758,0.1653502868651809
0.246635,-0.79914,17.675792,4.912187,69.007715,70.0,17.664968963332758,4.9304944375993
0.861554,0.140778,2.163312,-0.315987,160.074085,70.0,2.143312835147667,-0.3195481939928985
0.056505,-0.328342,-15.330122,33.181506,94.775661,70.0,-15.31888069576435,33.18776713783217
-0.444584,-0.122046,-0.144586,0.031862,252.401664,70.0,-0.14141326036165858,0.046859410154603154
0.775979,-0.126581,-0.588931,0.076907,172.511557,70.0,-0.5814284373022159,0.057293592486188004
0.54769,-0.975451,0.977143,-0.709443,130.766651,70.0,0.985034813682133,-0.7059938103698141
-0.398117,0.845124,4.151723,-13.428843,99.51232,70.0,4.170144009181011,-13.435479975815115
0.003195,-0.302568,0.621315,-2.131491,165.774045,70.0,0.640182603823629,-2.151478738892365
0.734389,0.875664,-0.524914,0.406786,134.89776,70.0,-0.5070208617611535,0.3894001056928362
-0.707711,-0.502297,0.277841,0.000228,167.922157,70.0,0.2778637999950615,0.0038398992583050092
-0.097317,0.392908,-0.081911,0.454311,123.940175,70.0,-0.06662393566964066,0.4726569622631056
-0.400877,0.456418,13.431388,-5.952883,126.938736,70.0,13.451322885912937,-5.96043683356178
-0.983896,-0.347653,-1.072711,-0.448319,121.375283,70.0,-1.0883775090214671,-0.4361967151311193
0.995648,-0.142477,-1.144675,0.10595,138.39801,70.0,-1.1345686475271692,0.1228971171595463
-0.603609,-0.856951,-0.395765,-0.33343,139.43418,70.0,-0.41567223150205695,-0.34136601219559565
-0.77081,0.998748,0.885216,0.831699,125.81388,70.0,0.8682063454011121,0.8260507322331178
-0.04387,0.670654,1.070409,-0.444058,204.724277,70.0,1.0544811976283128,-0.43211960998340704
-0.325742,-0.738021,-0.353117,0.317488,137.174624,70.0,-0.3331197700546319,0.31361681582044787
0.075822,0.343515,0.052471,0.454247,254.343858,70.0,0.06776219025330037,0.4735626374836835
-0.539951,-0.963034,-0.250066,-0.244337,131.5444,70.0,-0.2688595413194147,-0.23803681639385474
0.293537,-0.515707,-3.099264,0.498907,126.58047,70.0,-3.0872071712972056,0.4793532592219268
0.506958,0.443296,-0.657004,0.323057,190.75421,70.0,-0.6370237891561517,0.30326236162650383
0.476829,0.057185,-0.254771,0.052379,248.288807,70.0,-0.24959277203573066,0.058230935334610635
-0.889696,0.872752,-0.784925,0.663378,130.461219,70.0,-0.7884130186958757,0.6492024462801701
0.347819,-0.206408,-0.914005,-0.104763,213.273374,70.0,-0.9240087448827017,-0.10760067147488407
0.894793,0.784386,-0.859108,0.707292,135.221657,70.0,-0.8668017149323048,0.6991943745530084
-0.822533,-0.313449,-0.48643,0.084129,140.362203,70.0,-0.47826301378868064,0.06895449889205692
-0.134332,0.274643,0.153119,0.029163,268.333662,70.0,0.15602497657893594,0.04358240340506167
-0.074209,0.771818,-1.144897,-1.06353,175.057408,70.0,-1.1284499277688667,-1.0465711045177077
-0.060794,0.229574,-0.309231,0.516999,183.298225,70.0,-0.2986649905279087,0.5174917766637784
0.457326,0.279652,0.503821,0.187685,230.989319,70.0,0.5199535636605107,0.17143638948718568
0.117505,0.898576,-21.576624,-22.04963,66.760832,70.0,-21.570858839867768,-22.040009446292373
0.36761,0.422033,8.88955,-1.393566,92.231662,70.0,8.876902043701211,-1.3756936318837194
-0.886712,-0.973056,0.610098,-0.394708,125.309029,70.0,0.5916982181616178,-0.4146250604533035
-0.152156,0.716133,-3.251684,-14.967438,78.496916,70.0,-3.241042765802902,-14.984483714102751
0.054206,-0.962071,1.767767,-0.134891,109.121532,70.0,1.7552775652268933,-0.15155482025903683
0.468764,0.523315,-0.567958,0.252428,183.6981,70.0,-0.548903147816414,0.23333195566716908
-0.637342,0.18995,0.29486,-0.120534,210.633415,70.0,0.28352311791540175,-0.11860706716833375
0.492423,0.145121,-0.31736,0.060122,258.913967,70.0,-0.31143794186195933,0.05980194019846188
-0.958689,-0.685013,0.28912,-0.159055,136.159628,70.0,0.2748388768749939,-0.15655760948061714
0.987546,-0.316794,1.396294,0.116166,138.350469,70.0,1.4072683602388951,0.13148492185555138
-0.351534,-0.234479,0.12705,0.032646,329.155591,70.0,0.13030012228240348,0.048744467538758565
-0.883802,-0.058295,-1.091478,0.019963,142.611562,70.0,-1.0894850132166218,0.033522451199244845
0.234512,-0.55378,0.01864,-0.071596,165.726552,70.0,0.011632339914654243,-0.051682799542564495
0.626827,-0.924849,0.454178,0.029749,131.632355,70.0,0.45714194214824305,0.01686321340739462
0.06956,-0.907612,-6.756395,0.768485,107.966677,70.0,-6.76929208155312,0.7542041969968595
-0.230103,0.650651,-12.742964,28.114341,82.906663,70.0,-12.728617374085463,28.127038232326484
-0.516105,-0.17158,0.413726,-0.260333,228.152406,70.0,0.39444595529677334,-0.2698834656901563
0.250238,-0.257603,-0.294678,-0.190407,264.869405,70.0,-0.3109699508958338,-0.18846195263797358
0.47091,0.581465,0.463357,0.443789,172.828896,70.0,0.4793010566293028,0.43021503518600646
0.678609,-0.610892,0.631882,-0.472052,156.973088,70.0,0.6177974760820297,-0.49204882550565104
0.733829,-0.541571,-0.638842,-0.566633,161.002209,70.0,-0.6449132172339288,-0.5866053205355312
-0.18205,0.281666,-0.291064,-0.156471,221.796122,70.0,-0.3051630333766637,-0.15416660288175657
-0.041557,-0.440853,0.820292,0.581345,159.97782,70.0,0.8249462854938331,0.5698724270054342
0.57899,-0.918934,-0.509048,-0.366082,135.01003,70.0,-0.5283777844624322,-0.3826297913454415
-0.531763,0.666096,-0.176558,-0.007546,158.149369,70.0,-0.17731242097723984,0.005153966113874407
-0.925251,-0.687258,-0.933543,-0.649512,139.844553,70.0,-0.9314276172309546,-0.6504051824415318
-0.741627,-0.528967,0.572983,-0.407776,161.094107,70.0,0.5551343094253699,-0.42701536563530873
-0.354244,0.217148,3.590099,0.631153,118.405265,70.0,3.5898155625603416,0.6435999059900486
-0.395505,0.751275,1.754861,-0.011498,135.310535,70.0,1.7537118332626902,-0.02741394960185818
0.677736,0.711895,0.727439,0.67469,148.559769,70.0,0.7228432886990412,0.6570963516678403
0.816683,-0.004971,12.517869,-0.032909,85.436846,70.0,12.514592930126957,-0.01349422509676804
0.458447,-0.888084,-5.56005,-0.920348,102.998755,70.0,-5.540172307106344,-0.9381422264845629
-0.027474,0.24995,-0.032318,-0.053779,363.651808,70.0,-0.03763132614444425,-0.03403954560741079
0.916752,-0.150806,1.127337,-0.057944,152.536593,70.0,1.1216233218877225,-0.04198006228815267
-0.592937,0.511067,0.028592,-0.102351,174.545318,70.0,0.01879783678182611,-0.08255502777477239
-0.496274,-0.872951,-1.506198,-1.711729,124.371645,70.0,-1.5214345931761548,-1.705380901727155
0.312607,-0.020095,-0.30888,0.00222,308.130303,70.0,-0.3086580045587419,0.0027478652311509334
