init_x,init_y,final_x,final_y,time_delay,true_H0
-0.810962,0.165378,0.022578,-0.006154,206.622675,70.000000
-0.486112,-0.087596,-0.083871,-0.003882,318.618162,70.000000
-0.223620,-0.378694,-0.101503,0.044734,309.848611,70.000000
-0.702911,0.177741,-0.822092,-0.218421,193.769274,70.000000
-0.713023,0.224454,-0.114643,-0.023910,238.049728,70.000000
0.394688,-0.481513,0.278336,0.038383,243.894780,70.000000
-0.785592,0.557480,0.592544,0.515963,161.070406,70.000000
-0.427524,0.605413,0.512124,0.122159,202.881476,70.000000
-0.820736,-0.116640,0.325585,-0.093227,214.118920,70.000000
-0.361753,0.024692,-0.023136,0.001638,297.847331,70.000000
0.993097,0.980149,0.808367,0.953155,120.879756,70.000000
-0.635899,0.448189,0.549196,0.321967,190.550814,70.000000
0.706737,0.132741,0.089751,-0.006584,287.822295,70.000000
0.975015,-0.928758,-0.733647,-0.778865,125.737433,70.000000
0.371447,0.917483,-0.190389,-0.842506,137.551272,70.000000
0.139364,0.298825,-0.040176,-0.001713,346.006752,70.000000
0.351197,0.572993,-0.255197,-0.057916,246.199688,70.000000
0.289388,-0.253306,-0.068474,0.007356,345.076756,70.000000
0.681156,0.192977,-0.339080,0.072181,250.156193,70.000000
-0.636788,-0.491896,0.324515,-0.074392,183.139623,70.000000
0.698364,-0.602221,-0.644355,-0.508316,161.059017,70.000000
0.474880,-0.684478,-0.018363,0.085838,177.750133,70.000000
-0.015620,-0.526283,-0.081613,0.059393,295.822157,70.000000
0.769016,0.859274,-0.750820,0.807307,135.302993,70.000000
-0.174966,-0.649815,0.137715,-0.266596,158.882840,70.000000
0.561260,-0.903045,0.556860,-0.680857,139.908553,70.000000
0.527342,-0.967548,-1.082914,-0.522822,135.512067,70.000000
0.416747,0.260564,0.089553,-0.031937,278.411741,70.000000
-0.692619,-0.841404,-0.655778,-0.637801,139.808919,70.000000
0.520307,0.804469,-0.502987,0.619917,152.912139,70.000000
0.709301,-0.776851,-0.708596,-0.627914,144.271989,70.000000
-0.534102,-0.657027,0.687939,-0.401258,168.821625,70.000000
-0.649509,-0.292307,-0.336605,0.008522,233.674660,70.000000
-0.810469,0.452689,0.500382,0.413220,176.298420,70.000000
0.351601,-0.634345,-0.411562,-0.028279,202.626034,70.000000
0.566473,0.717933,0.641683,0.480234,157.018701,70.000000
0.303655,-0.466328,0.257090,0.010742,255.543350,70.000000
0.420210,0.471409,0.194979,-0.045435,237.978748,70.000000
0.963428,0.334333,-0.388929,-0.073831,204.539885,70.000000
-0.866875,0.438617,-0.513392,0.152193,172.844764,70.000000
-0.157975,0.916915,1.847495,0.653637,113.677223,70.000000
0.595185,-0.718438,0.630676,-0.301106,156.840728,70.000000
-0.783166,-0.676387,-0.714926,-0.618892,148.647815,70.000000
-0.028964,-0.791442,-0.175885,0.155771,184.708035,70.000000
0.242129,-0.540597,-1.219750,-0.349399,153.428575,70.000000
0.189259,0.868433,-0.050962,-1.869349,130.358453,70.000000
-0.250114,0.326206,0.114126,0.028059,298.655758,70.000000
0.544950,0.972455,-0.634393,0.609951,135.330679,70.000000
0.055059,-0.615053,0.095939,0.250555,196.683741,70.000000
0.806628,0.998172,-0.817879,0.856508,125.816250,70.000000
0.273095,-0.090046,-0.120698,-0.004640,361.057000,70.000000
0.590268,0.641959,0.708634,0.461764,164.998924,70.000000
-0.598856,-0.968504,-0.676892,-0.331703,131.069194,70.000000
0.355440,-0.114414,-0.135822,-0.008235,341.107403,70.000000
-0.957249,-0.476738,0.697815,-0.331033,161.101583,70.000000
-0.535379,-0.113550,-0.196648,0.007526,306.416344,70.000000
-0.440273,0.335733,-0.174055,-0.005549,261.123012,70.000000
0.664654,0.843152,0.670239,0.793819,139.877844,70.000000
0.853058,-0.648731,0.776051,-0.614377,148.669494,70.000000
0.782378,-0.570823,-0.555252,-0.474869,161.006043,70.000000
0.170317,0.510092,-0.020134,-0.017985,286.432615,70.000000
-0.884127,0.469398,0.609555,0.248681,168.922652,70.000000
-0.828487,-0.373533,0.529419,-0.140326,196.514497,70.000000
0.033484,0.764011,-0.387326,0.627472,156.011328,70.000000
0.741051,0.838106,-0.297657,-0.014906,136.518025,70.000000
0.055756,-0.906460,2.755696,0.558539,98.253885,70.000000
-0.874647,-0.193190,0.647170,-0.131414,199.452337,70.000000
-0.948942,-0.861119,-0.878042,-0.473180,130.480932,70.000000
-0.832781,-0.542221,0.599464,-0.559701,161.058328,70.000000
0.887627,0.343670,0.319701,-0.053516,180.331530,70.000000
0.054255,-0.132398,0.020619,-0.000015,335.984562,70.000000
0.789685,0.243521,0.258515,0.091347,214.828999,70.000000
0.863143,0.844788,0.189542,-0.096055,132.292468,70.000000
0.355765,-0.655115,-0.368609,0.110069,201.380493,70.000000
-0.510054,-0.473030,0.438595,-0.102489,209.362642,70.000000
-0.218555,0.738441,-0.018334,-0.047679,247.532940,70.000000
0.978069,0.401863,-0.476249,0.042946,189.101905,70.000000
0.105635,-0.590364,0.001588,0.002025,314.441444,70.000000
-0.247992,-0.007574,0.099460,-0.000212,364.378499,70.000000
0.711547,0.968288,0.519620,0.590689,130.473085,70.000000
0.015159,0.780541,-0.065520,0.020787,259.708159,70.000000
0.545134,0.064560,0.207086,0.036053,298.484367,70.000000
-0.943299,-0.019517,-0.616255,0.008122,196.018731,70.000000
-0.030051,0.940466,0.195630,0.027867,199.769845,70.000000
0.420103,0.673285,-0.307640,-0.005169,190.322805,70.000000
-0.106473,0.500348,0.007139,-0.081428,252.741707,70.000000
-0.651984,0.100287,0.078187,-0.041289,284.234663,70.000000
-0.468952,0.322251,-0.289669,-0.028316,261.359498,70.000000
0.068756,-0.426272,0.038262,0.056427,315.361717,70.000000
-0.345395,0.954306,0.638057,0.189738,175.495203,70.000000
-0.979279,-0.741642,0.692521,-0.557061,135.468539,70.000000
-0.769409,0.541828,-0.582185,0.517064,164.998733,70.000000
0.510439,0.955142,0.832158,0.273948,139.815309,70.000000
-0.923793,-0.186386,-0.262027,0.051391,228.873570,70.000000
-0.592804,0.734852,0.484565,0.369511,153.069587,70.000000
0.650849,0.823298,0.007086,-0.153783,142.091612,70.000000
-0.838909,0.462744,-0.515640,0.442919,172.591336,70.000000
-0.667413,0.792372,0.706525,0.708772,144.301501,70.000000
-0.599158,-0.042276,0.186738,0.036786,296.705035,70.000000
-0.540311,-0.999951,-0.942605,-0.491613,130.893176,70.000000
-0.168573,0.785386,-0.131202,-0.017725,261.315332,70.000000
-0.024202,-0.761885,-0.083474,-0.580359,131.477347,70.000000
0.994699,-0.089800,-0.328367,-0.120154,214.346704,70.000000
0.737759,-0.485668,-0.338219,-0.051188,175.798534,70.000000
-0.625622,-0.834893,0.155824,0.130987,142.644462,70.000000
-0.040300,0.678870,0.033762,0.040218,280.424531,70.000000
-0.227421,-0.266410,-0.048498,-0.012362,329.410355,70.000000
0.443337,-0.829661,0.315129,-0.077810,156.245566,70.000000
-0.116332,0.809114,-0.157661,-0.217303,209.733575,70.000000
0.778242,-0.081739,0.168370,0.065068,246.586942,70.000000
0.205011,-0.387675,0.120671,-0.091078,303.749907,70.000000
0.344677,0.990581,0.292407,0.472741,163.033677,70.000000
0.693446,0.751758,0.048676,-0.139229,146.651810,70.000000
0.798205,-0.572959,-0.065871,0.117534,159.269669,70.000000
0.275676,-0.718390,-0.097680,-0.104943,265.628860,70.000000
0.023106,0.346548,0.033559,0.000540,342.782004,70.000000
0.431329,-0.654851,0.307812,-0.136279,199.225640,70.000000
-0.077073,0.634779,-0.477253,-0.212749,169.193333,70.000000
0.725621,-0.488435,-0.459272,-0.199598,176.155260,70.000000
0.865615,0.388346,-0.409351,0.174436,195.952638,70.000000
0.928973,-0.752894,-0.514335,-0.264336,135.805464,70.000000
0.105016,-0.996226,-0.074147,-0.203218,217.613230,70.000000
0.424270,0.712089,-0.411301,0.144310,182.811962,70.000000
0.082643,0.977097,-0.093473,0.080230,221.342111,70.000000
0.070609,0.729268,-0.056416,-0.129447,155.463070,70.000000
0.806233,0.356324,0.123888,0.014607,206.526139,70.000000
0.729187,-0.546727,0.403922,-0.186405,165.394137,70.000000
-0.844188,-0.274071,0.050959,-0.036712,229.017227,70.000000
-0.312333,0.617946,0.050728,0.014606,298.979953,70.000000
-0.186530,0.990773,-0.124651,0.162233,215.673060,70.000000
-0.083389,0.485200,0.042134,-0.020885,305.416315,70.000000
0.760466,-0.854529,-0.754417,-0.820020,135.309388,70.000000
-0.061872,0.119152,-0.024077,-0.000028,336.846101,70.000000
0.595580,-0.081645,0.103666,0.017304,290.671267,70.000000
-0.212670,-0.340744,-0.069568,-0.002928,337.543964,70.000000
-0.882492,-0.043047,0.487712,-0.012669,216.808256,70.000000
0.507972,-0.517868,0.392798,-0.121009,200.295911,70.000000
0.184622,0.937768,-0.101036,-0.222950,159.268533,70.000000
-0.935585,-0.378074,0.436287,-0.253727,181.078827,70.000000
-0.293871,0.909820,-0.167604,-0.557061,132.219000,70.000000
-0.656925,-0.934689,-0.119430,0.160071,132.608155,70.000000
0.689377,0.360467,0.451035,0.227780,206.395713,70.000000
0.365795,-0.084544,0.143157,-0.005236,343.720894,70.000000
-0.924947,0.418243,-0.025363,-0.046464,184.715782,70.000000
-0.591683,-0.419455,0.433928,-0.174871,203.524660,70.000000
0.224715,0.793405,0.156816,0.130632,191.206423,70.000000
0.753860,0.118484,-0.209030,0.017250,276.140193,70.000000
-0.639674,-0.994943,-0.554591,-0.719638,130.649733,70.000000
-0.011421,0.041272,-0.001052,-0.000000,303.342256,70.000000
-0.348900,0.031591,0.163138,0.000275,342.119515,70.000000
0.950540,-0.266275,-0.013704,0.303841,198.528464,70.000000
0.719073,-0.534701,-0.611138,-0.495425,168.881221,70.000000
-0.711955,0.177174,-0.215227,-0.036407,279.142035,70.000000
-0.229997,0.432543,-0.071188,0.006108,336.994721,70.000000
-0.255576,0.536966,-0.000270,-0.009283,300.308547,70.000000
0.794974,-0.878523,0.362958,-0.029283,131.700034,70.000000
0.660535,-0.394405,0.498544,-0.242987,200.336542,70.000000
-0.760383,0.236196,0.378929,-0.104868,224.860645,70.000000
-0.257009,0.444428,-0.032311,0.001977,312.842828,70.000000
-0.501291,0.809738,-0.058556,-0.130452,155.126322,70.000000
-0.732576,-0.402710,0.462306,-0.304621,190.414167,70.000000
-0.340392,-0.969467,-0.803500,-0.716593,147.373895,70.000000
0.175878,-0.025371,0.074253,0.000055,366.733965,70.000000
-0.418297,-0.315565,0.193745,-0.023285,288.720116,70.000000
0.295978,0.495125,-0.079585,-0.064243,278.355392,70.000000
-0.433998,-0.197555,-0.230114,0.022470,295.573436,70.000000
-0.305282,-0.866327,-0.243487,0.053365,151.302551,70.000000
-0.360766,0.613464,0.121654,-0.064004,213.018859,70.000000
0.488845,0.021074,-0.210257,0.011112,303.909355,70.000000
0.183726,-0.115393,0.053393,0.000554,365.698929,70.000000
0.598078,-0.098731,0.167777,0.046456,291.407996,70.000000
0.628889,-0.266946,0.224216,-0.029460,246.637899,70.000000
-0.566316,-0.079069,0.180506,-0.042976,293.059462,70.000000
-0.918400,0.446445,0.392040,0.022230,169.345885,70.000000
-0.603329,-0.145367,-0.157411,0.026908,292.526671,70.000000
0.819181,-0.018816,-0.576809,-0.000914,216.474432,70.000000
-0.243351,0.006317,0.102335,0.000105,366.615378,70.000000
0.169857,0.779564,-0.205893,-0.289801,145.265949,70.000000
0.139483,0.289979,0.065540,0.004591,336.184682,70.000000
-0.330894,0.656644,0.186526,-0.085359,274.475935,70.000000
0.221352,0.256167,-0.051295,0.012973,351.499105,70.000000
-0.598495,-0.903944,0.389708,0.004348,136.402121,70.000000
-0.590981,-0.617509,0.628423,-0.379533,168.850795,70.000000
-0.473823,0.462326,0.372271,0.128278,220.741087,70.000000
0.310596,0.195019,-0.071087,-0.007715,349.972862,70.000000
-0.317548,0.969059,0.985283,0.654293,138.410324,70.000000
0.973404,0.000974,-0.114723,-0.000345,205.593519,70.000000
0.366777,0.426388,-0.161991,0.134476,191.046081,70.000000
0.295961,0.208633,-0.115196,-0.019880,345.826777,70.000000
0.493730,0.114021,-0.117511,-0.017142,304.602365,70.000000
0.347989,0.656180,0.283664,0.099746,198.300633,70.000000
0.419260,0.498243,-0.214198,-0.031502,244.138975,70.000000
-0.032980,-0.303158,0.033480,0.022866,328.952036,70.000000
0.815577,-0.592441,0.544682,-0.497162,156.959221,70.000000
0.842362,-0.416191,-0.358907,-0.014687,183.737593,70.000000
-0.917789,0.716441,-0.855525,0.647592,139.899090,70.000000
-0.771594,-0.173423,-0.135797,0.006849,288.476014,70.000000
-0.718205,-0.866867,0.700334,-0.755273,135.341462,70.000000
0.569725,-0.636948,-0.581694,-0.292569,168.764014,70.000000
0.817273,-0.097805,0.282166,-0.123690,216.686396,70.000000
0.198323,-0.778877,-0.327907,-0.349015,178.340069,70.000000
-0.584976,0.312773,0.364519,-0.022414,236.399053,70.000000
0.781949,0.217522,0.303089,0.088148,236.897358,70.000000
-0.113795,-0.547677,-0.020938,0.041976,270.354875,70.000000
-0.800089,0.901881,-0.807050,0.845142,130.634237,70.000000
-0.084484,0.082589,0.001577,-0.000001,337.833732,70.000000
0.066937,-0.984925,0.550576,1.101117,111.555430,70.000000
0.363929,0.547791,-0.193379,-0.124998,221.563472,70.000000
0.723216,-0.910427,0.401061,-0.047932,131.629848,70.000000
0.446675,-0.737572,0.375026,-0.315972,172.262467,70.000000
-0.370291,0.512026,-0.010212,0.029577,301.517712,70.000000
-0.372654,0.805897,0.155450,0.118177,210.344535,70.000000
0.706812,-0.612410,-0.535852,-0.333189,160.893002,70.000000
-0.782186,-0.193818,0.295617,-0.266274,217.395099,70.000000
0.499000,0.685261,0.026045,-0.096386,170.759931,70.000000
-0.820536,-0.755590,-0.740810,-0.613487,139.905903,70.000000
0.804441,0.241519,0.273354,-0.019689,232.332772,70.000000
-0.790448,0.935790,-0.628267,0.555990,130.428641,70.000000
-0.175412,-0.147289,0.034293,-0.000125,362.709479,70.000000
0.517126,-0.667180,-0.446283,-0.244369,169.030958,70.000000
0.708562,0.805425,0.573321,0.494039,140.037719,70.000000
0.771265,0.647302,-0.673779,0.614681,152.871534,70.000000
-0.798625,-0.495082,0.518766,-0.394887,168.918178,70.000000
-0.841375,-0.981716,0.833620,-0.882338,125.801707,70.000000
0.290853,0.364742,-0.083502,-0.001205,340.448974,70.000000
0.213743,0.379680,-0.080408,-0.060379,312.064159,70.000000
-0.721919,0.705332,-0.675751,0.579668,148.655759,70.000000
0.511897,-0.538758,0.411232,-0.121197,193.525529,70.000000
-0.907728,-0.178212,0.362748,0.200404,177.016644,70.000000
0.790577,-0.770484,0.716337,-0.628253,139.901882,70.000000
0.472182,-0.039430,0.190591,-0.010767,307.962434,70.000000
-0.702427,0.313220,-0.475821,0.079764,217.805447,70.000000
0.291601,0.934454,-0.420800,0.034480,194.745804,70.000000
-0.627778,0.930708,0.565635,0.667509,135.262691,70.000000
0.412759,-0.752143,0.450019,-0.101660,179.524795,70.000000
0.730202,0.502095,0.581450,0.468686,172.665604,70.000000
0.705823,0.758903,-0.634551,0.579609,144.358079,70.000000
0.879347,-0.821886,-0.687392,-0.487770,135.128519,70.000000
0.563702,0.135931,0.114135,0.019173,290.007196,70.000000
0.596272,-0.451661,0.395872,-0.144705,194.128537,70.000000
0.940511,-0.831962,0.861407,-0.749902,130.664553,70.000000
-0.786454,0.071747,0.202089,0.049783,262.748343,70.000000
-0.141145,-0.218174,-0.016944,0.007819,359.038567,70.000000
-0.846112,-0.603159,0.682731,-0.385102,153.010539,70.000000
0.707783,-0.290924,-0.193942,-0.036453,225.970494,70.000000
0.435022,-0.585857,0.447687,-0.133309,205.714481,70.000000
-0.500681,-0.945012,0.517721,-0.242340,144.041322,70.000000
-0.823327,0.345206,0.309421,-0.091273,207.531510,70.000000
-0.129495,-0.427522,-0.035502,0.002402,327.918134,70.000000
0.640006,0.576287,-0.644180,0.450241,168.892425,70.000000
-0.341115,0.871831,-0.533357,0.164684,157.213947,70.000000
0.855881,0.792701,-0.670738,0.496473,135.474177,70.000000
0.917353,-0.053850,-0.756898,-0.024701,172.556137,70.000000
0.938302,0.049337,-0.481543,-0.025853,210.080585,70.000000
-0.788077,0.795379,-0.711623,0.636090,139.811757,70.000000
-0.061928,-0.819824,0.083149,-0.044407,259.913201,70.000000
-0.782090,-0.585781,-0.447804,-0.189481,157.425826,70.000000
0.779103,0.377180,-0.388946,0.174160,196.601829,70.000000
-0.729831,-0.267922,-0.324170,-0.028048,241.312416,70.000000
-0.965299,0.216545,0.354314,-0.027906,206.889067,70.000000
-0.530262,-0.107481,-0.127219,0.014597,312.971815,70.000000
-0.434240,-0.276439,0.205739,0.030981,282.362180,70.000000
-0.117404,0.796694,-0.038374,-0.023046,275.232578,70.000000
0.032680,-0.753193,0.037304,-0.015297,302.611936,70.000000
-0.908212,-0.315648,0.434078,-0.019783,218.913642,70.000000
0.901506,-0.381815,0.367444,-0.110974,204.935414,70.000000
0.832115,-0.643460,0.598612,-0.283975,148.920912,70.000000
-0.640575,-0.138310,-0.024971,-0.018434,294.113082,70.000000
-0.582304,-0.786329,-0.504979,-0.385449,148.930661,70.000000
0.172439,0.179646,-0.020943,0.001915,362.155099,70.000000
-0.682433,0.353098,0.386977,0.133565,209.462156,70.000000
0.516569,-0.019096,-0.166580,0.002936,312.819251,70.000000
-0.951397,-0.128594,-0.232631,-0.059260,233.386133,70.000000
0.721026,0.288904,-0.409200,0.080320,225.933184,70.000000
-0.385389,0.763933,0.205761,0.035743,188.735189,70.000000
-0.584314,-0.560164,0.500862,-0.213946,176.557438,70.000000
-0.683136,0.528299,-0.604026,0.437371,172.680333,70.000000
-0.875234,-0.055558,0.259095,-0.046158,203.361700,70.000000
0.233481,0.114538,-0.086342,0.001832,365.729693,70.000000
-0.961923,0.954623,0.428328,0.080486,124.810191,70.000000
0.344812,-0.741275,-0.109395,-0.323841,181.192982,70.000000
-0.603248,-0.781027,-0.547322,-0.698696,148.657545,70.000000
-0.724363,-0.365419,0.328994,-0.133292,203.056185,70.000000
0.399547,-0.812254,-0.399328,-0.149053,146.990512,70.000000
0.448972,-0.120669,0.140625,0.007050,306.314843,70.000000
-0.089884,-0.684778,0.658051,-0.567630,128.912249,70.000000
0.942883,-0.960195,-0.548864,-0.263388,125.199634,70.000000
-0.000171,-0.878906,0.431643,0.429782,148.966347,70.000000
0.219245,0.849047,-0.098489,0.091285,260.797453,70.000000
-0.075078,0.170020,0.000691,0.000031,348.337590,70.000000
-0.479813,-0.220941,-0.002263,-0.006937,297.799228,70.000000
0.650494,0.855002,0.650980,0.765516,139.876259,70.000000
0.022307,0.911302,-0.154347,-0.084328,178.877727,70.000000
0.245784,0.890329,-0.002887,0.004119,279.306615,70.000000
-0.247141,0.297934,-0.063512,0.006035,351.397207,70.000000
-0.627018,-0.287485,0.408088,0.006367,236.606156,70.000000
0.245297,0.703117,0.355595,-0.342194,104.346895,70.000000
-0.716544,-0.963246,-0.575244,-0.685758,130.549132,70.000000
0.718076,0.708855,0.692054,0.607288,148.642334,70.000000
-0.273276,-0.952173,1.814373,1.082190,112.841648,70.000000
0.829951,0.990830,-0.799729,0.828978,125.784387,70.000000
0.871475,0.884580,0.836371,0.822238,130.612107,70.000000
-0.856595,-0.786533,0.515177,-0.253253,135.800577,70.000000
0.737696,0.453640,0.503341,0.373294,180.016374,70.000000
0.321026,-0.512999,-0.020533,-0.027266,285.536069,70.000000
0.024621,-0.199282,0.027806,0.000120,341.774481,70.000000
0.671974,-0.129157,-0.205729,0.066147,273.260757,70.000000
-0.734010,-0.512951,-0.134493,0.092609,171.297476,70.000000
0.824867,-0.460444,0.473660,-0.259773,172.779901,70.000000
-0.683831,0.846833,-0.636171,0.602194,139.786415,70.000000
0.716015,0.063851,0.185106,-0.024592,285.570881,70.000000
-0.863125,-0.543144,0.372425,-0.242034,160.687588,70.000000
-0.626335,-0.804557,0.603512,-0.677664,144.338852,70.000000
-0.196562,0.387895,-0.074842,-0.023600,327.341874,70.000000
-0.656485,0.455157,-0.557319,0.334380,187.109558,70.000000
-0.174151,-0.959789,-0.623774,0.213668,129.937114,70.000000
0.827960,-0.472565,0.469286,-0.396622,172.552125,70.000000
-0.406195,-0.926057,-0.662967,-0.455487,148.669973,70.000000
-0.233263,-0.449950,0.112372,-0.117366,275.768110,70.000000
-0.310308,0.659021,0.196168,0.115133,262.073386,70.000000
0.158359,-0.458548,-0.013907,0.042115,315.260958,70.000000
-0.823183,0.763945,-0.801587,0.734562,139.862786,70.000000
-0.376070,-0.602697,0.211580,-0.000216,270.080148,70.000000
0.463277,0.291009,0.284988,-0.006029,269.616768,70.000000
0.995419,0.010472,-0.147504,-0.006253,233.400868,70.000000
-0.003371,-0.653076,0.010700,-0.243949,225.080839,70.000000
-0.243157,-0.736802,1.258398,0.217523,118.110955,70.000000
0.568090,-0.110447,0.030528,0.001844,308.554988,70.000000
-0.277318,-0.886310,1.126533,0.156171,138.030006,70.000000
-0.217178,-0.102675,-0.073047,0.000537,366.743263,70.000000
0.342359,0.021085,-0.134901,0.001339,348.181862,70.000000
0.372608,0.417587,-0.161080,0.016585,290.562721,70.000000
0.376924,0.963553,-0.588127,0.056195,159.155835,70.000000
0.433396,0.094057,-0.070028,0.007681,302.684618,70.000000
0.808451,-0.357992,-0.211441,-0.046884,196.931038,70.000000
-0.778942,0.324795,-0.120192,-0.041153,211.186347,70.000000
0.835809,-0.550643,-0.499149,-0.438288,160.968249,70.000000
-0.663156,0.344499,-0.438035,0.187196,212.472178,70.000000
-0.000250,-0.209217,-0.014680,-0.000020,328.373429,70.000000
-0.310908,0.567590,-0.053372,-0.053827,307.111782,70.000000
-0.507202,-0.539461,-0.217963,-0.009081,194.380510,70.000000
-0.724387,-0.770716,0.697722,-0.598012,144.256366,70.000000
0.583650,-0.589469,0.635361,-0.374899,172.681163,70.000000
0.793241,-0.004826,0.231479,0.001483,267.958085,70.000000
0.889693,-0.937273,-0.829796,-0.880276,125.822273,70.000000
-0.745344,0.996132,1.022629,0.684521,125.977841,70.000000
-0.006480,-0.917491,-0.107016,-0.099740,280.845629,70.000000
-0.276999,0.477633,-0.048749,0.001005,334.824222,70.000000
-0.426393,-0.394213,-0.228630,-0.043046,259.333025,70.000000
0.465975,-0.362944,-0.239547,0.029953,246.325576,70.000000
-0.007777,-0.707888,-0.094084,0.297548,155.569192,70.000000
0.530195,0.982628,-0.737044,0.507596,135.347988,70.000000
-0.965898,0.145902,1.481487,-0.218105,148.192592,70.000000
0.168543,0.699342,-0.029299,-0.267435,191.595556,70.000000
-0.160694,-0.781317,-0.353989,0.163837,178.635394,70.000000
0.397915,-0.239577,-0.114404,-0.025249,302.299614,70.000000
-0.572668,-0.837774,0.337456,0.120293,145.514142,70.000000
-0.469607,-0.681875,-0.027874,0.073605,181.200741,70.000000
-0.270583,0.311352,0.073727,-0.005044,349.623086,70.000000
0.892317,-0.830047,0.090857,0.132517,132.651694,70.000000
-0.601950,-0.977467,-0.788551,-0.718288,130.758750,70.000000
-0.284997,0.057737,-0.157195,-0.004966,346.930289,70.000000
0.388574,0.762125,0.276593,0.111121,185.553428,70.000000
-0.964244,-0.053911,-0.279746,-0.010244,212.812534,70.000000
-0.086514,-0.034793,0.023606,0.000002,334.166170,70.000000
-0.771386,-0.687495,-0.725918,-0.661634,148.637666,70.000000
-0.735063,-0.211519,-0.263768,-0.041398,253.787148,70.000000
-0.992316,0.152733,0.330686,0.028280,232.480333,70.000000
0.990537,-0.049386,0.562691,0.017694,189.013263,70.000000
-0.025866,-0.725346,0.065882,-0.180789,260.753223,70.000000
-0.891581,-0.793896,0.870165,-0.767629,135.312007,70.000000
0.989399,0.830403,0.853007,0.793305,130.694102,70.000000
0.580811,-0.307735,0.034953,0.004779,238.046145,70.000000
-0.096376,0.206744,-0.003176,0.000105,350.003542,70.000000
0.749240,0.480760,-0.391607,0.119467,175.967818,70.000000
0.134266,0.607986,-0.292438,-0.110613,243.463738,70.000000
0.424196,-0.543667,0.283058,0.094429,222.083685,70.000000
0.581460,0.591940,0.652805,0.396519,172.670791,70.000000
0.739642,-0.839509,-0.349416,-0.042969,136.320432,70.000000
0.366868,-0.046437,0.083273,-0.002288,346.702868,70.000000
-0.472364,0.986363,0.043879,-0.460313,165.925843,70.000000
-0.188728,0.050592,-0.021924,0.000071,368.889293,70.000000
0.291936,0.566231,0.408309,-0.099718,180.243448,70.000000
0.649192,0.964507,0.739546,0.839790,130.703632,70.000000
0.461190,-0.775774,-0.502512,-0.467274,160.932313,70.000000
-0.428908,-0.662524,0.465440,-0.344024,183.111452,70.000000
0.967434,-0.340421,0.309006,0.171497,208.061745,70.000000
0.540337,-0.561945,-0.598318,-0.312680,183.533446,70.000000
-0.609122,0.489340,-0.372894,0.139173,186.832620,70.000000
0.341287,0.006301,0.087961,0.000252,346.399798,70.000000
-0.097367,-0.446674,0.114152,0.135616,269.803103,70.000000
0.751362,0.139874,-0.166237,0.048969,289.472941,70.000000
0.864551,0.514186,0.270536,0.101063,164.299509,70.000000
-0.070024,-0.900726,0.152217,-0.432919,107.648215,70.000000
-0.494976,0.941817,-0.587488,-0.454377,147.837469,70.000000
-0.885915,0.429883,0.616547,0.241678,176.251613,70.000000
-0.954600,0.032184,0.439412,0.029237,197.215028,70.000000
0.916530,0.111618,-0.549749,-0.001739,197.654025,70.000000
-0.042118,0.122189,-0.005877,0.000012,326.625600,70.000000
-0.370575,-0.260384,-0.138641,-0.031902,314.871553,70.000000
-0.274335,-0.741103,-0.138563,-0.119777,249.155563,70.000000
0.277467,-0.615043,0.101518,-0.087742,208.559554,70.000000
0.971420,0.657839,0.249405,-0.405087,160.942238,70.000000
0.298759,-0.752869,0.034853,0.167431,121.523192,70.000000
0.537219,-0.953414,-0.893782,-0.383722,135.604553,70.000000
-0.027417,-0.793025,-0.491021,-0.147120,171.401815,70.000000
-0.379438,0.779203,-0.356799,0.066903,202.802193,70.000000
0.062495,0.354392,0.049679,0.004003,341.266830,70.000000
0.270949,-0.163191,-0.021405,0.004121,359.662255,70.000000
-0.752085,-0.296996,0.049738,0.028866,226.475502,70.000000
0.386085,0.936161,0.174366,0.145848,146.470941,70.000000
0.053001,0.781422,-0.100451,0.035640,228.046765,70.000000
-0.632944,0.115408,0.202053,0.042104,292.963431,70.000000
-0.337491,-0.219075,0.011527,0.018697,332.978467,70.000000
0.005919,-0.518261,-0.074802,0.029154,299.867010,70.000000
-0.415747,0.544137,-0.297137,-0.052013,239.821322,70.000000
-0.684058,-0.966832,-0.648591,-0.878560,130.675645,70.000000
0.456457,-0.319970,-0.241236,0.027058,269.948666,70.000000
0.265991,0.506341,0.160876,-0.060251,279.517970,70.000000
0.065515,-0.893325,0.083194,-0.015217,259.217364,70.000000
-0.111256,0.118073,-0.019912,-0.000072,349.162239,70.000000
0.450409,0.028830,0.149727,-0.010367,305.161904,70.000000
0.538402,0.922496,0.665029,0.722657,139.962520,70.000000
0.391654,0.528064,-0.298386,-0.074775,228.995810,70.000000
-0.835205,0.717473,0.668331,0.546693,144.243203,70.000000
0.563767,-0.761912,-0.422388,-0.388173,153.083051,70.000000
0.536825,0.423443,0.150275,-0.012469,213.367382,70.000000
0.803989,0.647014,-0.188553,-0.051644,151.510393,70.000000
0.359920,-0.823130,-0.443119,-0.376211,168.309267,70.000000
-0.338527,0.377475,-0.093464,-0.046281,302.513365,70.000000
0.215652,0.460406,0.056138,-0.115226,254.510290,70.000000
0.037796,-0.765093,0.852163,0.473287,138.793430,70.000000
-0.912941,0.202360,0.786969,-0.863146,155.588721,70.000000
-0.941254,0.338150,-0.293625,0.044973,226.230172,70.000000
-0.718556,-0.762361,0.729320,-0.712429,144.296197,70.000000
0.995445,0.452317,0.556977,0.179123,164.721719,70.000000
0.093997,-0.199006,0.026477,-0.000179,349.324162,70.000000
-0.691309,-0.829647,-0.694888,-0.786718,139.868746,70.000000
0.127913,-0.159594,-0.024268,0.000388,357.153346,70.000000
-0.290863,-0.528422,0.186898,0.056202,229.273693,70.000000
0.804956,0.890612,0.754627,0.708444,130.687394,70.000000
0.513060,-0.999335,-0.666875,-0.035673,134.975168,70.000000
0.175680,0.647655,-1.625203,-1.665028,116.369330,70.000000
-0.868961,-0.626820,-0.545353,-0.133674,149.127693,70.000000
-0.957803,0.208036,1.383611,-0.341448,138.784751,70.000000
0.453813,-0.769818,-0.463676,-0.386626,168.494904,70.000000
-0.338693,-0.409856,0.166673,0.066594,287.874734,70.000000
-0.441444,0.647327,0.001014,-0.084624,184.869470,70.000000
-0.372088,0.314372,0.172977,-0.088020,293.249952,70.000000
-0.351315,-0.549527,0.081093,0.013625,269.321091,70.000000
0.105292,-0.359603,-0.071518,-0.018765,325.690473,70.000000
0.145327,0.506749,-0.001654,-0.028377,291.194186,70.000000
0.932199,-0.531839,0.580058,-0.185395,157.305016,70.000000
-0.624879,-0.346480,-0.388615,-0.114978,218.204568,70.000000
0.703635,0.001812,-0.330629,0.012921,241.439684,70.000000
0.449687,-0.109947,-0.091079,-0.003552,325.810419,70.000000
0.113614,-0.488282,-0.015596,-0.303480,233.097895,70.000000
-0.549461,-0.784835,0.506798,-0.647847,152.890770,70.000000
-0.722791,0.047278,-0.067338,-0.011046,238.342485,70.000000
0.599257,-0.280329,-0.282041,0.019641,241.582363,70.000000
0.508292,0.866235,0.809918,0.317388,148.631903,70.000000
0.816748,-0.914460,0.765877,-0.781321,130.594118,70.000000
0.670771,-0.353700,-0.449236,-0.210559,209.480959,70.000000
-0.635392,0.971277,-0.746321,0.845921,130.710016,70.000000
0.251856,0.951928,0.055371,0.059237,271.052353,70.000000
-0.941018,0.313664,-0.512395,0.193150,186.430123,70.000000
-0.257539,-0.460478,-0.063292,0.009983,336.797415,70.000000
0.751058,-0.970698,-0.473163,-0.024270,126.848527,70.000000
-0.521879,0.772425,-0.536613,0.131106,156.587089,70.000000
0.145730,-0.710152,0.163179,0.274815,209.183199,70.000000
0.470107,-0.910304,-0.023405,-0.356727,127.435641,70.000000
0.527158,-0.047350,0.162476,-0.015111,311.152924,70.000000
0.192508,-0.523404,0.260139,-0.000585,223.357964,70.000000
-0.857933,0.726398,-0.518393,0.215632,140.356724,70.000000
0.577140,-0.004725,-0.343508,0.000540,246.298441,70.000000
0.581378,-0.781290,-0.487547,-0.241129,152.509407,70.000000
0.856259,-0.860552,0.672223,-0.544932,130.801711,70.000000
0.697421,-0.451448,-0.554251,-0.376307,183.584271,70.000000
0.510885,0.443913,0.299536,0.012630,217.829960,70.000000
0.850321,-0.655369,0.725850,-0.617517,148.660138,70.000000
-0.792972,0.524711,-0.557890,0.473582,165.027389,70.000000
0.813716,0.122947,0.112169,0.060436,241.452673,70.000000
0.369533,0.738818,0.376784,-0.022616,210.189752,70.000000
-0.684231,0.124248,0.088950,-0.002799,282.375633,70.000000
0.228285,0.782666,-0.095807,-0.117816,242.291090,70.000000
0.267657,0.514005,0.016215,0.053432,289.938172,70.000000
0.877222,-0.530369,-0.572121,-0.501857,161.034889,70.000000
0.093049,-0.128641,-0.009077,0.000122,348.509673,70.000000
-0.074540,-0.790336,0.350509,0.438031,143.428826,70.000000
0.822399,0.060722,-0.084086,0.015278,222.803799,70.000000
0.560469,-0.199373,0.158501,-0.024812,277.842230,70.000000
-0.862464,0.572100,-0.611369,0.552388,157.018348,70.000000
-0.713480,0.542184,0.574033,0.405598,168.844470,70.000000
0.480300,0.401484,-0.333741,-0.018390,236.505384,70.000000
-0.251286,0.630443,-0.189050,0.274176,189.435064,70.000000
-0.137313,0.174672,0.002340,0.001034,357.694524,70.000000
-0.280438,0.682948,0.041396,0.008604,323.316082,70.000000
0.307907,0.987453,-0.367358,0.369721,151.217770,70.000000
0.115271,-0.632011,0.098671,0.018580,196.332099,70.000000
-0.204727,-0.851231,-1.667424,0.656775,135.645773,70.000000
-0.646638,-0.048877,0.196056,0.062723,275.475151,70.000000
0.527808,0.869449,-0.802421,0.146800,152.313767,70.000000
0.833206,-0.305213,-0.394626,-0.015988,218.760309,70.000000
0.286184,-0.106084,-0.085632,0.001082,359.350871,70.000000
-0.946790,-0.692728,-0.522922,-0.280925,140.291946,70.000000
-0.675545,0.113505,-0.208198,-0.076882,277.104972,70.000000
-0.325209,0.216284,0.107552,-0.027079,329.380381,70.000000
-0.910007,-0.495255,0.362133,0.019868,161.808879,70.000000
0.248985,0.688634,-0.180691,-0.242899,183.364027,70.000000
-0.122201,0.170596,0.022400,-0.000381,355.881801,70.000000
-0.793179,-0.952858,0.392134,-0.014633,126.945523,70.000000
-0.687068,0.454083,0.521372,0.341135,183.615716,70.000000
-0.230086,0.944546,0.137349,0.077701,157.472591,70.000000
0.990916,0.319479,-0.315735,-0.040084,231.805499,70.000000
-0.520008,0.217697,-0.422465,0.086661,259.594783,70.000000
0.826275,-0.799107,-0.417474,-0.122117,136.079065,70.000000
-0.593543,0.327740,-0.296389,0.028484,229.008421,70.000000
0.321457,0.728443,0.257168,-0.237084,199.570968,70.000000
0.941554,0.692343,0.407121,0.145871,140.581257,70.000000
0.210338,-0.849534,0.073625,0.141115,175.486842,70.000000
-0.119350,0.082736,-0.044001,-0.000066,352.758515,70.000000
0.550526,0.690613,-0.518756,0.330550,161.182445,70.000000
-0.865547,0.746055,-0.837311,0.716865,139.875819,70.000000
0.947267,0.721925,0.834283,0.568162,139.868617,70.000000
-0.602994,-0.523780,-0.533551,-0.284445,180.116981,70.000000
0.833951,0.216853,-0.215477,0.039876,251.768822,70.000000
0.642608,0.319743,0.424427,0.085017,223.660319,70.000000
-0.074114,0.362856,-0.060882,0.010825,342.424287,70.000000
0.519233,0.746734,0.430498,0.309634,157.252431,70.000000
0.359945,-0.403120,0.098942,-0.049223,300.240862,70.000000
0.768412,0.692696,0.716352,0.650772,148.635920,70.000000
0.133632,-0.053031,-0.001259,-0.000053,356.594997,70.000000
0.701489,-0.068719,-0.372740,-0.057466,232.028732,70.000000
-0.959045,-0.676725,0.798602,-0.546369,144.315493,70.000000
0.287699,-0.639360,0.140718,-0.033153,231.421362,70.000000
0.280468,-0.176097,0.024166,-0.005038,355.262727,70.000000
0.342329,-0.475577,-0.043264,-0.006342,317.836731,70.000000
0.984572,-0.296160,-0.159022,-0.093877,234.619074,70.000000
0.439552,-0.445333,-0.180526,-0.039508,248.165921,70.000000
-0.716568,0.642712,-0.589979,0.413281,156.905873,70.000000
0.053519,-0.507907,0.014026,0.001204,314.949509,70.000000
-0.390118,-0.717042,-0.387653,-0.081339,199.321924,70.000000
0.672838,0.388492,0.495764,0.262115,200.306885,70.000000
-0.609290,-0.330861,-0.188854,0.003861,224.384831,70.000000
-0.774519,0.650869,0.616932,0.526088,152.827223,70.000000
-0.837805,-0.989606,0.784063,-0.795199,125.763298,70.000000
-0.315595,-0.199400,0.018821,-0.004010,339.183453,70.000000
0.679287,0.771529,-0.595480,0.554491,144.387299,70.000000
-0.916305,-0.340341,0.041722,-0.034655,250.890496,70.000000
-0.106985,-0.096793,-0.020350,-0.000061,348.487437,70.000000
-0.807655,-0.256459,0.136173,0.039234,258.357018,70.000000
-0.300468,0.036229,0.095122,0.000611,355.165462,70.000000
0.905921,-0.184469,-0.219140,-0.115012,186.682284,70.000000
-0.375039,0.721237,-0.479195,-0.041504,191.715491,70.000000
-0.170384,0.362269,0.038313,0.000927,335.667262,70.000000
0.656536,0.404570,-0.490999,0.267306,197.168927,70.000000
-0.399821,0.204432,0.139793,-0.011944,326.657560,70.000000
-0.110968,0.953595,-0.029884,0.018034,281.980783,70.000000
-0.927186,0.777148,0.897686,0.742572,135.325155,70.000000
-0.477589,-0.839869,0.868578,-0.291359,152.976382,70.000000
0.324927,-0.955808,0.135394,0.415233,175.010677,70.000000
-0.269887,0.001819,-0.003898,0.000048,363.319619,70.000000
0.569524,-0.003335,0.026615,-0.022207,272.253117,70.000000
-0.057692,0.362538,0.069346,-0.017574,308.014908,70.000000
-0.817521,-0.081774,-0.152665,0.052488,243.674283,70.000000
-0.375628,0.823823,0.356054,-0.096148,167.608328,70.000000
-0.014176,-0.262706,-0.026762,-0.000322,342.618198,70.000000
0.692103,0.169724,-0.014136,0.008335,292.301314,70.000000
0.558128,0.453696,0.306688,0.052217,200.789009,70.000000
-0.724673,0.415660,0.509787,0.324523,190.391332,70.000000
0.003977,0.845904,0.002893,0.032096,269.988741,70.000000
-0.887699,0.440269,-0.492026,0.137936,172.845217,70.000000
-0.395777,0.177435,-0.162007,0.008625,325.834139,70.000000
0.152816,0.383130,-0.024328,-0.002169,298.468544,70.000000
-0.741515,-0.637256,-0.176274,0.075724,155.610138,70.000000
-0.355472,-0.420424,0.058732,0.003009,304.014988,70.000000
-0.072118,-0.079770,-0.021978,-0.000005,329.693517,70.000000
-0.697336,-0.133920,0.022030,-0.021979,292.647915,70.000000
-0.792603,0.729284,0.752773,0.693290,144.303345,70.000000
-0.921676,-0.600934,0.818106,-0.434153,152.895881,70.000000
0.103819,0.883759,-0.414292,-0.249292,169.283440,70.000000
-0.658413,0.061001,-0.224259,0.082634,270.853580,70.000000
-0.759206,0.028692,0.454037,-0.028093,216.280288,70.000000
0.232315,0.523993,-0.114351,0.039914,300.097884,70.000000
0.749837,0.514792,-0.543797,0.446000,168.899754,70.000000
0.101689,-0.920534,0.354488,-0.085748,132.360853,70.000000
0.585332,-0.323926,-0.279959,-0.028272,231.832324,70.000000
-0.224933,-0.446503,-0.078120,-0.020759,334.888952,70.000000
-0.384156,-0.503514,0.236656,0.075260,244.639381,70.000000
-0.565104,0.297071,0.261686,-0.030974,245.769307,70.000000
0.869937,-0.962693,-0.864811,-0.928942,125.807750,70.000000
0.022737,0.143649,0.001715,-0.000001,321.199493,70.000000
0.315807,-0.231431,0.124223,0.025822,333.591321,70.000000
0.339769,0.502026,-0.148626,-0.080529,271.987008,70.000000
-0.442932,-0.357641,-0.002053,0.000306,276.329656,70.000000
-0.869845,0.511750,0.259883,-0.076573,162.121374,70.000000
0.988594,-0.693438,-0.359326,-0.556125,144.225061,70.000000
-0.612496,-0.214803,0.329010,0.006698,250.624292,70.000000
-0.185938,0.944772,0.013651,0.156233,223.098202,70.000000
0.778612,0.136655,-0.089824,-0.048832,270.014779,70.000000
0.765353,-0.712557,0.228802,0.052433,147.330467,70.000000
0.055096,0.002463,-0.007334,0.000000,315.023189,70.000000
-0.598812,-0.230696,-0.036822,0.001501,266.476871,70.000000
0.685804,0.310520,-0.456005,0.054724,220.811186,70.000000
0.907988,0.556267,0.673109,0.498891,157.032741,70.000000
-0.814965,0.876509,-0.612500,0.420515,130.936426,70.000000
-0.505684,0.966504,0.266576,0.286917,144.014236,70.000000
0.033340,0.351001,0.017645,-0.000305,324.771974,70.000000
-0.726714,0.116378,-0.222138,-0.115449,221.553110,70.000000
-0.035618,-0.635565,0.416944,-0.313702,172.597610,70.000000
0.066943,-0.895172,-0.064397,-0.012182,286.406687,70.000000
0.839283,-0.170374,-0.212779,-0.070392,261.910172,70.000000
0.522929,0.864251,0.697108,0.409658,148.790144,70.000000
-0.529376,0.770087,-0.388916,-0.028086,156.192272,70.000000
0.850282,0.683209,-0.686012,0.415237,144.466722,70.000000
0.685477,0.807721,0.200469,-0.069083,141.348617,70.000000
-0.626233,0.898179,0.608900,0.461264,135.591772,70.000000
-0.309222,0.904213,-0.200251,-0.222122,173.996962,70.000000
-0.899183,-0.573603,-0.196593,-0.011310,155.893756,70.000000
-0.537737,0.255093,-0.318243,-0.001234,254.397194,70.000000
-0.648779,-0.029326,0.235270,-0.029518,290.497773,70.000000
-0.880983,-0.680070,0.830089,-0.610841,144.344220,70.000000
0.070310,-0.305388,0.053710,0.000066,341.894361,70.000000
-0.663653,-0.013813,-0.343986,-0.005593,236.004963,70.000000
-0.148778,-0.513951,0.346047,0.251443,202.421304,70.000000
0.025002,0.206586,0.007845,-0.000118,336.824943,70.000000
0.088494,-0.684151,0.003156,0.065615,239.607509,70.000000
-0.518331,0.405336,0.026106,-0.029880,225.162215,70.000000
0.480958,-0.536162,0.482642,-0.116347,199.904758,70.000000
0.729196,-0.403583,-0.223225,-0.023030,191.095578,70.000000
0.981957,-0.252728,0.180162,-0.173446,202.001912,70.000000
0.398580,0.930718,-0.470982,0.008947,153.420059,70.000000
0.576988,-0.563197,-0.184177,0.049483,177.453244,70.000000
0.352283,0.816463,0.345251,0.136920,186.983447,70.000000
0.293532,-0.601531,-0.166773,-0.132934,230.014998,70.000000
0.063573,0.475333,-0.032134,0.000230,336.002532,70.000000
0.919482,-0.268340,-0.053184,0.019170,291.488040,70.000000
0.003866,0.981491,-0.814389,0.562146,144.128931,70.000000
-0.082666,0.629205,-0.076783,0.034538,208.766974,70.000000
-0.947504,-0.699396,-0.703998,-0.475261,140.014931,70.000000
-0.742469,-0.679434,0.061896,0.125820,150.974932,70.000000
0.747904,0.014353,-0.351550,-0.040721,236.366298,70.000000
-0.766529,0.947672,-0.572333,0.498592,130.365755,70.000000
-0.479104,-0.306452,-0.010990,-0.001377,269.429533,70.000000
-0.534651,0.128456,-0.123121,-0.025162,290.331654,70.000000
0.967941,0.180710,-0.217451,-0.100354,255.610914,70.000000
-0.798991,-0.644088,0.486213,-0.337888,152.628340,70.000000
0.812313,0.539952,-0.495950,0.263631,161.305411,70.000000
0.972504,0.867186,0.294836,-0.173981,129.183289,70.000000
0.798147,0.459702,-0.321727,0.091658,175.798056,70.000000
0.205061,0.463787,0.112463,0.012541,288.894978,70.000000
0.866801,0.316004,-0.035779,-0.060643,197.724779,70.000000
-0.924101,0.630585,-0.957277,0.301764,148.548494,70.000000
0.243922,-0.400983,-0.004130,-0.040379,306.011683,70.000000
0.683683,0.654787,0.699582,0.546923,157.000025,70.000000
-0.997973,-0.928434,0.592339,-0.486233,125.484734,70.000000
-0.183888,-0.610986,-0.531544,0.321658,181.179019,70.000000
-0.838880,0.939902,0.611271,0.383839,126.217824,70.000000
0.928455,0.537656,0.650752,0.275135,157.172811,70.000000
0.382085,-0.289346,-0.159541,0.026534,307.633264,70.000000
0.963361,-0.783789,-0.799117,-0.466712,135.205489,70.000000
0.855485,0.128657,-0.311424,-0.115591,211.230519,70.000000
0.332278,0.592775,-0.057932,0.073529,242.616769,70.000000
0.772071,0.205422,-0.087763,-0.037294,238.835834,70.000000
0.530194,0.963297,-1.038793,0.555363,135.509321,70.000000
0.135765,-0.199244,0.025950,-0.006686,356.152162,70.000000
-0.697283,0.764265,0.641485,0.605310,144.343974,70.000000
-0.989884,-0.981519,-0.808873,-0.950794,120.879733,70.000000
-0.397935,-0.101700,0.160267,-0.009096,326.442643,70.000000
0.735879,-0.087906,-0.201050,0.027071,234.584705,70.000000
0.571954,0.833720,-0.717208,0.222364,144.713094,70.000000
0.336304,0.261113,0.109627,0.038179,313.488523,70.000000
0.532839,-0.569026,-0.587650,-0.282748,183.524872,70.000000
0.383530,-0.014124,-0.118636,0.000428,336.899473,70.000000
0.614676,0.867380,0.624338,0.801376,139.907850,70.000000
0.059974,-0.010183,0.013641,0.000000,317.732212,70.000000
0.857614,-0.086131,-0.369332,0.155938,210.753257,70.000000
0.399406,0.811927,0.445332,-0.388267,163.296939,70.000000
0.048777,-0.205907,0.001045,-0.000328,343.955105,70.000000
-0.675832,-0.703970,0.682875,-0.477206,152.810475,70.000000
0.378526,-0.106161,-0.061592,0.004415,335.211468,70.000000
-0.246812,-0.171641,0.093347,-0.004757,359.732613,70.000000
-0.764404,0.657391,0.600963,0.482502,152.794650,70.000000
0.774519,-0.656238,-0.499233,-0.323308,152.613472,70.000000
0.602882,0.644355,0.454739,0.170226,164.655572,70.000000
-0.318396,0.721075,0.058522,-0.083883,233.171273,70.000000
-0.885289,0.955865,0.864017,0.929242,125.805878,70.000000
-0.784891,0.343006,-0.426275,0.098248,211.671203,70.000000
0.907658,-0.985632,0.040535,0.170457,123.205424,70.000000
0.488024,0.214231,-0.064861,0.001600,293.451583,70.000000
0.584000,-0.710911,0.730192,-0.529222,156.990045,70.000000
-0.280254,-0.224008,0.020042,0.005466,355.157868,70.000000
-0.905917,0.255627,-0.032384,-0.001014,260.565728,70.000000
0.316609,-0.757648,0.184691,0.066656,232.387429,70.000000
0.217383,-0.442547,0.024530,-0.006367,333.306631,70.000000
0.120386,-0.674919,-0.210617,0.090585,188.036739,70.000000
0.637827,-0.041510,-0.268036,0.053002,262.374398,70.000000
0.338778,-0.152707,0.129050,0.009142,343.088520,70.000000
-0.539159,0.359779,0.256592,0.005614,231.544588,70.000000
0.807218,0.913055,0.795180,0.850094,130.621127,70.000000
-0.290769,-0.953992,-0.451574,-0.277860,191.838300,70.000000
0.261796,0.013278,0.252125,-0.001736,336.926779,70.000000
-0.839901,-0.214185,0.300338,-0.093035,248.082513,70.000000
0.195193,0.613098,0.085580,0.047341,282.050245,70.000000
0.346131,-0.568857,-0.381816,-0.112206,213.634876,70.000000
-0.787926,-0.679036,-0.726477,-0.659709,148.642113,70.000000
-0.554618,0.528859,-0.576924,0.302986,187.065532,70.000000
0.532782,0.467266,-0.505925,0.197693,203.470203,70.000000
-0.653551,-0.231078,0.160350,0.001024,245.378039,70.000000
0.272032,0.040834,-0.096176,-0.001500,362.775301,70.000000
0.301607,-0.896045,0.020529,-0.043144,280.128234,70.000000
0.171837,0.071640,-0.059339,-0.000279,365.442404,70.000000
0.054971,-0.099887,0.011828,-0.000006,325.806569,70.000000
-0.805614,0.045234,-0.152609,-0.030176,257.765711,70.000000
0.252766,0.244137,-0.089431,0.012910,344.270216,70.000000
-0.784480,-0.756719,-0.013124,0.142372,142.030295,70.000000
-0.170669,-0.441212,0.017228,-0.005314,295.287866,70.000000
0.549837,-0.895560,0.734146,-0.620325,140.011508,70.000000
0.329810,-0.884133,-0.157891,-0.113903,195.940714,70.000000
0.374668,-0.961874,0.080247,-0.044128,184.645873,70.000000
-0.220353,0.532287,-0.144098,0.178074,209.358333,70.000000
0.149370,0.459059,0.051970,-0.017247,322.718262,70.000000
-0.589928,-0.922777,0.731702,-0.678989,135.439284,70.000000
0.889844,-0.397460,0.576491,-0.147113,186.386925,70.000000
-0.102336,0.035291,0.037413,-0.000004,343.351383,70.000000
-0.865669,0.706394,0.608981,0.439368,144.161569,70.000000
0.358148,-0.603513,-0.198379,0.067570,275.770769,70.000000
0.751525,0.875409,-0.680699,0.692558,135.252851,70.000000
-0.995435,-0.268757,-0.939336,-0.063290,153.950272,70.000000
0.993287,0.166233,0.280695,0.007522,214.963665,70.000000
-0.128497,0.352433,-0.058499,0.054889,300.002319,70.000000
-0.659157,-0.455978,-0.511047,-0.265023,187.058726,70.000000
0.383932,0.746325,0.064007,-0.277101,166.885647,70.000000
-0.517774,-0.232886,-0.207838,0.011554,276.103638,70.000000
-0.121470,0.460563,-0.033870,-0.008516,317.209781,70.000000
0.678601,-0.758466,0.211818,0.097109,147.222724,70.000000
0.457295,-0.235526,-0.035451,0.011712,291.329152,70.000000
-0.488938,0.422637,-0.025264,-0.004973,229.660423,70.000000
-0.735974,0.485863,0.368397,0.083641,175.896681,70.000000
-0.094111,0.268037,-0.024683,-0.000016,341.539758,70.000000
0.898992,-0.649077,0.587407,-0.265617,148.408865,70.000000
0.959638,0.630176,-0.589950,0.241907,152.582425,70.000000
-0.633343,-0.601558,-0.425740,-0.156798,165.408030,70.000000
-0.381090,-0.975638,-0.981654,0.606388,139.464850,70.000000
0.447496,-0.934236,0.276441,-0.170944,177.755494,70.000000
0.300506,0.596360,0.208633,-0.108215,242.259058,70.000000
-0.969581,0.251452,0.178001,-0.009659,235.879731,70.000000
0.147902,-0.210971,0.003661,0.001457,353.824479,70.000000
0.203496,0.159970,0.024439,-0.000055,362.953627,70.000000
0.620799,-0.234679,-0.019727,-0.010101,261.560134,70.000000
-0.242786,-0.498513,0.175264,-0.055646,239.022862,70.000000
-0.502510,0.313400,-0.318368,0.033665,256.864129,70.000000
-0.678264,0.419890,0.305362,0.103451,190.911922,70.000000
-0.915184,0.502285,0.045818,-0.110084,162.799898,70.000000
-0.095932,-0.323972,0.053846,0.014752,343.680290,70.000000
0.994262,0.554525,0.725555,0.354112,156.939017,70.000000
-0.104730,-0.192576,-0.013919,0.000170,346.420279,70.000000
-0.621312,-0.385112,-0.478029,-0.221072,206.652832,70.000000
-0.583244,-0.580036,0.115080,0.064180,175.018016,70.000000
-0.662488,-0.427807,0.320398,-0.107947,190.904559,70.000000
-0.152456,-0.325207,0.051045,-0.002832,349.300811,70.000000
0.251049,-0.619153,-0.232894,0.106168,226.291086,70.000000
-0.096414,-0.427129,-0.071046,0.008630,301.715418,70.000000
-0.759297,0.494505,-0.538937,0.400728,172.618594,70.000000
-0.857219,0.723894,-0.364940,0.037631,140.797217,70.000000
0.481777,-0.781224,0.469646,-0.440876,157.094619,70.000000
-0.029689,-0.982561,0.131227,0.156604,148.660406,70.000000
0.092614,0.560231,-0.028819,0.091448,270.337606,70.000000
-0.203938,0.408250,0.049427,-0.002501,325.573488,70.000000
-0.536739,-0.978382,0.658670,-0.509771,135.296945,70.000000
0.333214,0.319676,0.225227,0.307829,224.227868,70.000000
0.800438,0.965845,-0.793974,0.673658,125.938045,70.000000
0.962691,-0.059537,-0.730138,-0.000149,172.669664,70.000000
-0.634329,0.827968,0.391951,0.060971,143.490469,70.000000
-0.341489,0.588680,0.130546,0.042359,275.428281,70.000000
-0.048120,-0.760853,-0.296389,-0.139783,176.153198,70.000000
0.335742,0.818145,0.245399,0.028606,231.009870,70.000000
0.562253,-0.215363,-0.136818,-0.006717,270.371100,70.000000
0.397657,-0.586562,-0.149070,-0.013998,229.013981,70.000000
-0.343261,0.809330,-0.394180,0.248879,185.255257,70.000000
0.404919,-0.523016,0.383112,0.048592,217.055827,70.000000
-0.333527,0.414257,-0.049727,0.015354,278.269647,70.000000
0.420356,0.925852,0.673719,0.601862,148.748317,70.000000
0.792243,-0.769363,0.714378,-0.620937,139.905741,70.000000
-0.681702,0.637477,-0.402412,0.147675,157.516173,70.000000
0.070368,0.673096,0.078701,0.035581,256.579473,70.000000
0.716772,0.785989,-0.428754,0.111832,143.604235,70.000000
0.125315,0.177139,0.044702,0.000970,357.142683,70.000000
-0.821687,-0.087317,0.253216,-0.081626,254.802708,70.000000
0.470856,-0.330307,-0.290683,0.021650,259.948352,70.000000
0.526291,-0.630928,0.134861,0.031709,173.812495,70.000000
-0.006540,0.075271,-0.000042,-0.000001,307.763357,70.000000
-0.927257,-0.416123,-0.427449,-0.031061,179.554973,70.000000
0.218928,-0.472133,-0.161832,0.139994,270.456449,70.000000
0.856613,-0.910962,0.589665,-0.376249,130.237471,70.000000
-0.539109,-0.796726,0.403670,-0.196484,153.327561,70.000000
-0.576127,-0.967740,-0.338802,0.106069,132.034575,70.000000
-0.814151,0.567788,-0.157745,-0.107168,158.462255,70.000000
0.807062,0.293835,0.252679,0.000024,217.549995,70.000000
0.483824,-0.364749,0.306438,-0.023135,247.757142,70.000000
-0.343254,0.933002,0.321596,0.182958,199.938613,70.000000
0.965047,-0.447715,-0.614707,-0.326404,168.690529,70.000000
-0.744142,-0.797857,-0.716040,-0.726089,139.868001,70.000000
0.413419,0.324877,0.124694,-0.005872,267.409373,70.000000
0.212499,-0.527558,-0.093397,0.043457,315.654721,70.000000
-0.664560,0.737305,-0.663481,0.601192,148.649210,70.000000
-0.112121,-0.412505,0.011037,-0.000159,322.199805,70.000000
-0.974738,-0.413254,0.157475,-0.026723,169.613990,70.000000
0.447771,-0.320294,-0.330381,-0.082178,255.903828,70.000000
0.825052,0.646797,0.609662,0.319244,148.879834,70.000000
0.711893,0.783061,-0.607433,0.401680,144.093702,70.000000
0.908691,0.377982,0.371920,-0.120478,204.227509,70.000000
0.750949,-0.795526,0.727559,-0.735410,139.863897,70.000000
-0.398714,0.813081,0.266910,-0.269660,168.103900,70.000000
-0.553629,-0.850296,-0.521310,-0.406273,148.536778,70.000000
-0.929614,-0.021199,0.346081,0.001249,238.991043,70.000000
-0.285685,0.485480,-0.052617,0.051830,283.556810,70.000000
-0.541881,0.598200,0.318105,0.061222,176.884837,70.000000
-0.056909,-0.477563,-0.031353,0.010156,342.337868,70.000000
-0.394439,0.666601,-0.187383,-0.043135,204.320454,70.000000
-0.434501,-0.656279,0.436119,-0.152827,182.966114,70.000000
-0.083631,0.412655,0.012782,-0.000876,335.604062,70.000000
-0.506048,0.848803,-0.532052,-0.157777,169.048830,70.000000
-0.161820,0.293958,-0.037164,0.014312,323.654195,70.000000
0.555464,-0.312228,0.344492,0.041035,243.561124,70.000000
0.385531,-0.377078,-0.078126,0.052406,281.679841,70.000000
0.452790,0.048906,-0.200499,-0.009282,313.960138,70.000000
-0.034230,0.692698,0.347945,0.126059,204.581555,70.000000
0.172043,-0.465567,0.037818,0.002163,321.498155,70.000000
-0.787589,0.986129,0.902785,0.887781,125.859109,70.000000
-0.137444,-0.025038,0.040735,-0.000019,358.549029,70.000000
-0.817324,-0.771329,-0.793745,-0.740522,139.861452,70.000000
0.267228,-0.703363,0.125733,-0.069876,274.491079,70.000000
0.570525,0.819978,0.585887,0.567989,148.708448,70.000000
-0.637509,-0.616241,-0.632200,-0.423280,164.985236,70.000000
0.829257,-0.676784,0.440561,-0.249686,148.223676,70.000000
-0.715391,0.425410,-0.438239,0.269874,187.121241,70.000000
-0.142467,-0.446205,0.018313,0.001096,324.809009,70.000000
0.631044,-0.036570,-0.230268,0.020713,277.352451,70.000000
-0.629799,0.970808,-0.754041,0.813136,130.718591,70.000000
0.377809,-0.164420,0.112589,0.009962,336.634466,70.000000
0.589164,0.085136,-0.108900,-0.036078,297.272477,70.000000
0.887038,0.453831,-0.366610,-0.004880,169.441871,70.000000
-0.460959,0.668578,-0.546140,0.305952,179.628536,70.000000
0.798580,-0.272638,0.071461,-0.017585,234.962388,70.000000
-0.226416,0.633241,-0.053557,-0.195063,198.533133,70.000000
0.883106,0.365872,-0.273061,-0.051486,207.744466,70.000000
-0.796167,0.825737,0.704635,0.628885,135.380231,70.000000
0.166383,0.393034,0.020919,0.011882,335.554912,70.000000
-0.276832,-0.714031,-0.083413,0.241561,227.667580,70.000000
-0.721874,-0.536450,0.591455,-0.448432,168.867228,70.000000
-0.107187,0.504856,0.160462,-0.180895,232.592291,70.000000
-0.882947,0.311748,-0.463412,0.058550,211.681226,70.000000
-0.443451,0.911935,-0.450025,0.482337,131.308473,70.000000
0.885952,0.196367,0.258589,0.144633,229.261899,70.000000
0.345332,-0.005513,-0.058883,0.000232,351.154634,70.000000
-0.650273,0.857186,-0.641886,0.732345,139.864703,70.000000
0.718290,0.293911,-0.224377,0.045066,220.773210,70.000000
-0.232510,0.200186,0.008315,0.004020,357.709052,70.000000
0.530482,-0.189660,-0.005173,0.006461,287.404573,70.000000
0.381793,0.800108,-0.229312,0.070376,176.357284,70.000000
-0.580280,-0.764726,0.647168,-0.537687,152.842806,70.000000
-0.748689,0.784284,-0.571423,0.425239,140.090717,70.000000
-0.543755,-0.893044,-0.591388,-0.099726,140.514823,70.000000
0.609578,-0.814270,-0.584105,-0.672849,144.352663,70.000000
0.558336,-0.046195,-0.039513,0.007578,315.229089,70.000000
-0.395060,0.227852,-0.030691,-0.008107,328.562369,70.000000
-0.484024,-0.990180,-0.376817,-0.127579,135.733268,70.000000
0.039610,-0.266467,-0.005878,0.000286,343.494474,70.000000
-0.517099,-0.883947,-0.869480,-0.327156,148.737865,70.000000
-0.490261,0.182225,0.134875,-0.002301,296.922126,70.000000
0.648402,-0.315167,0.165597,-0.003147,224.103441,70.000000
0.983798,0.692000,0.272822,0.276365,140.575661,70.000000
0.448346,-0.652223,0.373930,-0.011402,186.277874,70.000000
0.085501,-0.986589,-0.544529,0.533630,126.470962,70.000000
0.392861,0.806781,0.554491,0.074163,178.584456,70.000000
-0.429254,-0.466715,-0.032789,0.038737,230.799310,70.000000
-0.087009,-0.359468,0.050011,-0.015018,339.039706,70.000000
0.429500,0.599445,-0.380296,0.021929,202.884016,70.000000
0.879114,-0.738937,0.849892,-0.707402,139.881339,70.000000
0.689963,0.205805,-0.231125,-0.043504,261.078836,70.000000
0.957145,0.742618,-0.542227,0.332009,135.722650,70.000000
-0.818491,-0.380110,0.366580,-0.018461,201.866721,70.000000
-0.504058,0.296405,0.317007,0.022621,259.399631,70.000000
-0.327406,-0.706945,-0.048666,-0.075329,211.188275,70.000000
0.376166,0.226904,-0.003222,-0.015481,322.242851,70.000000
-0.426103,0.481506,0.354172,0.152611,230.527306,70.000000
0.666459,-0.825691,0.547314,-0.497540,140.058377,70.000000
0.603309,-0.177721,0.040411,-0.014229,265.544347,70.000000
-0.962151,-0.880095,0.346199,-0.262716,126.568029,70.000000
0.248605,0.296588,0.032014,-0.001223,351.580615,70.000000
0.757013,-0.875411,-0.657782,-0.630462,135.211726,70.000000
0.967275,0.995796,0.837332,0.983844,120.863346,70.000000
0.338764,-0.389407,-0.226038,-0.068734,258.499074,70.000000
-0.768023,-0.167585,-0.091284,0.029041,293.050050,70.000000
-0.607372,-0.099274,-0.171901,-0.084393,269.040287,70.000000
-0.492400,0.228636,0.261330,-0.018561,279.077826,70.000000
0.677300,-0.627220,-0.602578,-0.404296,160.980480,70.000000
0.308154,-0.851016,-0.150010,-0.067568,226.406884,70.000000
0.966436,0.897171,-0.629220,0.888477,125.862427,70.000000
0.747221,0.537452,0.342855,0.105062,165.587976,70.000000
0.959426,-0.921008,-0.787173,-0.959895,125.810058,70.000000
0.621438,0.505918,0.244037,-0.003908,180.863654,70.000000
0.956151,0.021455,0.969994,0.016295,168.942871,70.000000
0.592536,0.759335,-0.682395,0.384478,152.753138,70.000000
0.150685,0.569398,0.238519,-0.093122,232.515484,70.000000
-0.132343,-0.282201,-0.036452,0.000639,344.454739,70.000000
-0.953258,0.587091,0.739907,0.402248,152.920098,70.000000
-0.753367,0.156915,0.030121,0.000805,264.249208,70.000000
-0.723126,0.416894,0.373928,0.102256,190.117005,70.000000
0.736014,0.183620,0.016347,0.033755,248.014769,70.000000
0.099585,-0.277566,0.048594,-0.001780,340.182651,70.000000
0.950593,0.624100,-0.431354,-0.210623,151.864983,70.000000
-0.752921,-0.339616,0.111701,0.034201,204.110128,70.000000
0.078954,0.974706,-0.092226,-0.089569,265.881146,70.000000
-0.119206,0.510351,0.017427,-0.180442,237.045648,70.000000
-0.532197,-0.628127,-0.367794,-0.137911,173.002290,70.000000
-0.933027,0.618825,0.118877,-0.089201,151.269154,70.000000
0.583519,-0.790839,0.504994,-0.443957,148.858325,70.000000
0.370343,0.352568,-0.107252,0.026927,314.098582,70.000000
-0.384814,0.425257,-0.146043,0.038130,294.245819,70.000000
-0.709438,0.474662,-0.377022,0.091765,179.605574,70.000000
-0.358582,-0.693339,0.315668,-0.208628,210.986944,70.000000
-0.955998,0.547285,-0.708759,0.446184,157.011206,70.000000
0.214137,0.997094,0.321231,-0.340828,154.023533,70.000000
0.161014,0.162197,0.056719,-0.000864,362.063559,70.000000
0.040642,-0.922043,-0.468582,-0.402561,128.469850,70.000000
-0.784830,-0.637953,0.681573,-0.628897,152.877872,70.000000
-0.083099,-0.639050,0.018632,0.014204,313.428190,70.000000
-0.512899,-0.294854,0.279745,0.013565,262.457681,70.000000
0.383815,0.780388,-0.311535,-0.179055,189.283387,70.000000
-0.020929,0.243810,-0.012673,-0.000101,335.405518,70.000000
-0.282708,0.527128,0.110478,0.041834,273.565457,70.000000
-0.555250,-0.083792,0.048610,0.015340,303.680466,70.000000
-0.286394,0.583106,0.137866,0.071644,284.846284,70.000000
0.263759,-0.998216,0.139959,0.084596,177.590154,70.000000
0.987861,0.976712,0.776749,0.867801,120.915708,70.000000
-0.400843,-0.973916,0.670820,-0.424148,131.160478,70.000000
-0.611373,0.652539,0.623203,0.404795,161.098580,70.000000
-0.778549,0.919200,-0.797708,0.884452,130.633269,70.000000
0.997645,-0.573426,0.729993,-0.282987,156.811688,70.000000
0.434202,-0.374464,-0.243817,0.039270,258.365485,70.000000
0.382639,-0.980130,-0.802033,-0.536814,144.469911,70.000000
0.953149,-0.432408,0.685756,-0.258723,172.398091,70.000000
0.510603,-0.290993,-0.215465,0.002440,262.829927,70.000000
-0.722279,0.658335,0.597988,0.434126,152.970205,70.000000
0.629115,-0.457320,-0.366812,-0.113357,190.250915,70.000000
-0.180257,0.412405,-0.017603,-0.004343,330.275256,70.000000
-0.710984,0.489065,0.587638,0.427988,176.383157,70.000000
-0.278118,-0.331621,0.081174,-0.018932,331.620561,70.000000
0.439682,-0.265940,0.255134,-0.032552,280.543096,70.000000
0.348221,0.545573,-0.053719,-0.042740,245.115218,70.000000
-0.561545,0.119161,0.152001,-0.001732,309.884699,70.000000
0.736580,-0.296854,-0.374871,-0.073261,225.367644,70.000000
0.772815,0.700033,0.601128,0.456531,148.512407,70.000000
-0.547943,0.725654,-0.488302,0.337399,157.189754,70.000000
0.063778,-0.091129,0.018602,-0.000009,328.993278,70.000000
0.388669,0.364981,-0.116190,0.014357,323.176019,70.000000
0.237843,-0.572715,-0.353376,-0.415279,202.501625,70.000000
0.377805,-0.239037,-0.070206,-0.005244,324.169079,70.000000
0.507892,0.143995,-0.185096,0.006174,285.925123,70.000000
0.116681,-0.949010,-0.644006,-0.240567,149.224257,70.000000
-0.017841,0.145207,0.008685,0.000007,320.910750,70.000000
0.502369,-0.684571,-0.668365,-0.371237,168.772770,70.000000
0.411515,0.324434,0.160268,-0.032374,305.654552,70.000000
0.767415,-0.057738,-0.176354,0.020661,258.959332,70.000000
-0.406669,-0.877491,-0.650687,-0.633591,148.739100,70.000000
0.004739,-0.345194,0.021640,0.000343,331.749708,70.000000
0.328661,-0.198845,-0.115470,-0.009672,348.586853,70.000000
0.004233,-0.847730,-0.073267,-0.176543,175.807992,70.000000
0.201773,-0.798457,-0.609276,-1.183832,136.842885,70.000000
0.335512,0.956614,-0.007031,-0.009572,202.530106,70.000000
-0.182417,0.118666,0.065283,0.000859,365.741796,70.000000
0.422566,0.058499,-0.101459,-0.005545,313.156427,70.000000
-0.805795,0.995690,0.838771,0.886395,125.828128,70.000000
0.553616,0.630344,0.202882,-0.033419,171.590011,70.000000
0.191616,0.489224,-0.253633,0.488990,158.121066,70.000000
0.382378,0.624080,-0.426244,-0.061364,208.156396,70.000000
0.912909,-0.740094,0.715196,-0.490422,139.777888,70.000000
-0.757093,-0.468627,0.533282,-0.430246,176.356599,70.000000
-0.214709,-0.608987,0.118202,-0.064502,285.037810,70.000000
0.756780,-0.793808,0.737968,-0.744501,139.860785,70.000000
0.469037,-0.898446,0.119286,0.695079,151.603454,70.000000
-0.188185,-0.831093,0.247289,0.132055,219.131979,70.000000
-0.188005,0.192593,-0.089805,-0.015443,355.665505,70.000000
0.910293,-0.713598,0.798023,-0.576001,139.930152,70.000000
0.554161,-0.222493,0.249322,-0.000770,269.105894,70.000000
0.559962,-0.723197,0.648668,-0.490122,157.011266,70.000000
-0.772135,0.726012,0.693292,0.584636,144.342964,70.000000
0.089440,-0.780358,-0.585713,-0.374025,147.483744,70.000000
0.527123,-0.642749,0.574519,-0.321669,172.617257,70.000000
-0.676263,0.046104,0.161216,0.032908,282.499694,70.000000
0.874631,-0.073955,-0.089538,0.004248,177.205456,70.000000
-0.961919,-0.970948,-0.558000,-0.356099,121.388092,70.000000
-0.730823,-0.934661,-0.767758,-0.882085,130.649880,70.000000
-0.840493,-0.164599,-0.050503,0.014248,226.388911,70.000000
-0.422501,-0.971119,-0.778733,-0.056412,156.043863,70.000000
0.403004,-0.703434,0.063367,0.020692,197.430109,70.000000
-0.621587,0.984088,-0.730308,0.894875,130.717440,70.000000
-0.440186,-0.204336,0.184677,-0.006154,309.229014,70.000000
-0.276346,-0.540046,-0.023021,-0.066076,239.403176,70.000000
-0.551333,-0.248264,-0.258745,0.012944,264.961310,70.000000
-0.571004,-0.868115,-0.244464,0.101734,141.345467,70.000000
-0.405399,0.461637,-0.175373,0.027799,260.472223,70.000000
0.728681,0.946933,0.714839,0.875276,130.644108,70.000000
-0.898441,-0.097869,0.415827,0.014603,214.791611,70.000000
-0.885018,-0.502587,-0.284518,-0.132078,164.388166,70.000000
-0.984885,-0.955788,-0.441597,-0.138209,121.790911,70.000000
0.075412,-0.550968,0.081442,0.028783,293.122487,70.000000
-0.123660,-0.359515,-0.021698,0.016571,320.188422,70.000000
-0.367178,0.841839,0.184432,-0.318722,174.996284,70.000000
0.790946,-0.570466,-0.485763,-0.353556,160.885027,70.000000
0.181798,-0.525609,0.063740,0.386234,189.114826,70.000000
0.097482,0.387629,-0.000643,0.000993,322.607240,70.000000
0.883173,-0.508759,0.240310,-0.072625,164.182305,70.000000
-0.714534,0.826226,-0.703565,0.729083,139.851035,70.000000
0.386152,0.059636,0.077660,-0.000146,336.258859,70.000000
0.302489,-0.074576,0.070223,-0.000710,354.129269,70.000000
0.593494,0.852339,-0.224484,-0.076302,142.922536,70.000000
-0.746294,-0.964417,-0.268331,0.002449,129.298013,70.000000
-0.963974,0.480797,0.346101,0.004402,161.765524,70.000000
0.749466,0.267361,0.557129,0.069479,212.540173,70.000000
-0.463848,0.108603,0.144282,0.011715,315.976074,70.000000
-0.717076,0.097741,0.253343,0.083801,243.328143,70.000000
0.728744,0.000425,0.319826,-0.000020,246.474186,70.000000
-0.859855,0.423341,0.586961,0.220404,183.229437,70.000000
-0.908060,0.229706,0.926372,0.240932,176.569412,70.000000
0.673269,-0.374088,-0.461948,-0.241652,203.428694,70.000000
0.697220,0.179629,0.231147,-0.064803,253.852439,70.000000
-0.982324,0.088132,0.186936,-0.009809,186.502200,70.000000
-0.768167,-0.574851,0.597159,-0.533018,161.042011,70.000000
0.473600,-0.206696,0.212159,0.004210,293.417176,70.000000
0.065422,-0.449317,0.039114,0.002406,334.982196,70.000000
0.334932,-0.798454,-0.171317,0.070052,252.770842,70.000000
0.383081,0.443291,-0.197128,-0.060427,264.795113,70.000000
0.386731,-0.205832,-0.006872,0.007784,323.734636,70.000000
0.581834,0.892434,0.548505,0.687616,139.887563,70.000000
-0.868618,-0.864561,-0.795864,-0.767993,130.647634,70.000000
-0.682829,-0.306234,0.073452,-0.000054,221.785759,70.000000
-0.882757,-0.498067,-0.500909,-0.414277,164.922653,70.000000
0.989751,0.753368,-0.907828,0.707153,135.353418,70.000000
-0.147273,0.777681,0.613619,-0.087148,141.320630,70.000000
0.488863,0.320949,0.257032,-0.030371,266.989616,70.000000
0.185617,-0.341867,-0.019087,-0.010958,342.616221,70.000000
0.236533,-0.589262,-0.006933,0.036943,251.002634,70.000000
0.269072,0.294569,0.062331,0.061936,299.288614,70.000000
0.814175,-0.157983,0.176881,0.088144,265.481337,70.000000
0.774601,0.712046,-0.288071,-0.015013,145.410035,70.000000
-0.645617,-0.877165,-0.195322,0.097643,138.295841,70.000000
-0.515832,0.417192,-0.191308,-0.025764,223.189032,70.000000
-0.250743,-0.233883,0.093881,0.011503,340.998394,70.000000
-0.866441,-0.266361,-0.206699,-0.181120,213.367902,70.000000
-0.733344,0.682576,0.268829,-0.019418,151.775464,70.000000
0.052352,-0.114308,-0.004370,-0.000002,327.228268,70.000000
0.826084,-0.013256,0.370428,0.026854,218.083362,70.000000
-0.795453,0.822810,0.657597,0.534676,135.453353,70.000000
0.967978,0.813848,0.695159,0.635774,130.787035,70.000000
0.344994,0.315267,-0.002250,-0.005297,288.744901,70.000000
0.690685,0.343924,0.455660,0.165631,212.277191,70.000000
0.332759,0.682549,0.548964,-0.070720,192.287580,70.000000
-0.403988,0.180341,-0.177926,-0.020223,316.914256,70.000000
0.990957,-0.985148,0.825705,-0.993097,120.865909,70.000000
0.612468,-0.249426,0.284678,0.045392,255.968479,70.000000
-0.109504,-0.430063,0.038545,-0.010321,309.845084,70.000000
-0.069837,0.241890,-0.025082,-0.003819,339.214584,70.000000
-0.548449,0.214102,-0.292636,0.038473,270.446671,70.000000
0.405358,0.851928,0.721851,0.327290,156.918677,70.000000
0.354996,0.421468,0.145999,-0.035105,296.577044,70.000000
-0.387330,0.149010,-0.148041,-0.002648,339.450296,70.000000
0.412704,0.313388,0.186461,-0.001821,300.384704,70.000000
-0.881702,-0.773375,0.477520,-0.198526,135.907239,70.000000
-0.119929,0.350756,-0.002240,-0.000474,326.701164,70.000000
-0.847501,0.050938,-0.511859,-0.013685,176.004537,70.000000
0.116508,0.145074,-0.029901,-0.000158,351.916516,70.000000
0.264497,-0.599713,-0.099344,0.093249,271.508422,70.000000
0.625686,-0.094288,-0.082411,-0.021477,291.575222,70.000000
-0.696451,0.752523,0.237530,-0.021723,145.534289,70.000000
-0.344229,0.545367,-0.096853,-0.053176,275.894800,70.000000
-0.009546,-0.431859,0.158679,0.080710,205.931426,70.000000
-0.255377,-0.116275,-0.079842,-0.003412,363.448113,70.000000
-0.226834,-0.397014,0.088871,-0.020885,336.410809,70.000000
-0.618151,0.728261,0.725649,0.576286,152.854076,70.000000
-0.119371,-0.262751,-0.045492,0.001984,347.149750,70.000000
-0.053594,-0.750730,0.078295,0.042480,313.057502,70.000000
0.483029,0.269127,0.250842,0.014758,279.314711,70.000000
-0.787054,-0.015613,0.052632,0.022202,235.588229,70.000000
-0.407056,0.615681,0.444563,0.072932,202.391684,70.000000
-0.249247,0.901144,0.834886,-0.102034,137.641383,70.000000
-0.473720,0.185505,0.074815,0.001703,293.498602,70.000000
-0.225361,0.352439,0.062642,0.019472,333.216749,70.000000
-0.566102,-0.471677,0.360053,-0.128688,196.935877,70.000000
0.531213,0.096393,0.120271,0.005485,312.335458,70.000000
0.084679,-0.808161,1.126537,0.926217,100.029153,70.000000
-0.760983,0.162046,0.131811,-0.057930,229.369916,70.000000
-0.487134,0.740066,0.206546,0.045225,161.945829,70.000000
0.296997,-0.374862,-0.086523,0.020053,330.779998,70.000000
-0.310973,-0.514969,0.061883,-0.229376,162.966934,70.000000
0.922867,0.621162,-0.731766,0.275363,152.734175,70.000000
-0.127935,-0.200529,-0.041758,0.000327,352.099338,70.000000
-0.288921,0.105127,-0.082079,0.003243,361.148918,70.000000
0.867874,0.357726,-0.326730,0.064313,222.250457,70.000000
0.298940,0.288365,0.053685,-0.012800,334.875526,70.000000
0.543238,0.207527,-0.260446,-0.015390,281.333191,70.000000
-0.089953,0.162226,0.033692,0.000206,349.674308,70.000000
0.532858,-0.247472,-0.253745,0.005926,273.845301,70.000000
0.745093,0.786144,0.570780,0.429681,140.087397,70.000000
0.713997,0.142097,-0.230526,-0.098198,257.435963,70.000000
0.217104,0.864919,-0.362897,-0.387534,143.901384,70.000000
0.693371,-0.514001,0.517873,-0.348053,172.755044,70.000000
-0.808272,-0.621718,0.685691,-0.577488,152.896939,70.000000
0.789840,0.836304,-0.763649,0.770234,135.313231,70.000000
-0.246099,-0.179232,0.069304,-0.003588,360.323414,70.000000
-0.359330,0.737433,0.163133,0.155326,210.869811,70.000000
0.040867,0.843786,0.015242,0.001034,299.290155,70.000000
-0.484234,-0.513862,-0.384682,-0.044035,206.014892,70.000000
-0.481821,0.038110,-0.188632,-0.006686,324.827678,70.000000
0.516705,0.257219,-0.255999,0.014916,276.689874,70.000000
-0.922640,-0.809423,0.480838,-0.148793,134.648494,70.000000
0.029196,0.705440,-0.019322,-0.006724,313.351861,70.000000
0.331873,-0.215352,0.127760,-0.005942,346.970486,70.000000
0.576317,0.158066,0.140606,-0.005897,270.259594,70.000000
0.615034,0.874541,0.596933,0.734722,139.881723,70.000000
0.415415,-0.122711,0.075994,0.007995,318.343266,70.000000
-0.399028,-0.461986,0.180599,0.065134,263.279900,70.000000
-0.601291,0.095280,-0.165818,-0.054617,274.610625,70.000000
-0.622332,0.467579,-0.413687,0.173511,187.339349,70.000000
0.595219,-0.150384,0.155644,-0.006736,297.505051,70.000000
0.492573,0.669109,0.444980,0.355145,172.621379,70.000000
-0.285088,0.520184,-0.444151,-0.022733,203.782288,70.000000
0.737791,0.051737,-0.527913,-0.014598,198.549932,70.000000
-0.451862,-0.439839,-0.286712,0.013384,249.422202,70.000000
-0.370341,-0.326006,0.136507,0.032055,311.269551,70.000000
0.824067,0.099207,-0.211501,0.067113,247.309032,70.000000
-0.632014,-0.262658,0.380191,-0.037120,237.320835,70.000000
-0.493939,0.362767,0.312578,-0.029424,245.836421,70.000000
-0.977153,0.984717,-0.799386,0.911917,120.891987,70.000000
0.133552,0.608957,0.031771,-0.043728,301.641335,70.000000
0.738153,0.134188,-0.242911,-0.118147,251.553806,70.000000
-0.702899,0.370833,0.427361,0.209559,203.269997,70.000000
0.587286,0.518963,-0.584275,0.354721,183.611905,70.000000
0.210743,-0.048231,0.078793,0.000542,368.473147,70.000000
-0.624547,-0.757748,-0.541280,-0.540083,148.720471,70.000000
0.522771,0.206338,0.246868,-0.000634,280.876964,70.000000
-0.077608,-0.353384,-0.023988,0.000759,326.940168,70.000000
0.678979,-0.398289,-0.508683,-0.283735,197.098278,70.000000
-0.043792,-0.014391,-0.010525,0.000000,309.966828,70.000000
0.127271,-0.954207,0.987541,-0.512338,142.221162,70.000000
0.636387,-0.236324,0.166529,0.002287,252.777456,70.000000
0.106699,-0.714796,-0.172842,0.552038,173.332711,70.000000
0.427807,0.149216,0.102695,-0.003026,317.386668,70.000000
-0.131438,0.928348,0.055733,0.106795,254.635907,70.000000
0.737998,-0.469222,-0.420586,-0.257886,176.553444,70.000000
-0.221974,-0.717174,-0.436154,0.284174,184.887921,70.000000
0.455502,-0.371493,0.229870,-0.001571,257.190950,70.000000
0.313247,0.748363,0.069168,0.230801,200.773533,70.000000
-0.257154,0.010036,0.114766,-0.000272,365.083097,70.000000
0.669708,-0.225731,-0.196799,0.002348,242.095973,70.000000
0.143889,0.348093,-0.022876,0.003478,318.113988,70.000000
0.404701,-0.197340,-0.154109,0.005749,329.523038,70.000000
-0.694304,0.827593,-0.696203,0.784829,139.868031,70.000000
-0.643579,-0.636768,0.696047,-0.508970,161.048305,70.000000
-0.166554,0.724217,0.164128,-0.113830,217.434390,70.000000
-0.088977,0.560864,0.049951,0.009936,338.726165,70.000000
0.449582,0.117756,-0.198903,0.014296,301.115022,70.000000
-0.881587,-0.824703,0.598458,-0.344008,134.956701,70.000000
-0.789135,-0.991282,0.901550,-0.914426,125.857084,70.000000
-0.468454,0.699847,-0.370827,0.170306,179.019820,70.000000
0.326393,-0.310024,-0.012859,0.026721,324.983405,70.000000
-0.567379,0.053784,-0.157067,-0.021221,293.833001,70.000000
-0.059539,-0.679018,0.029718,0.020181,289.944964,70.000000
-0.252802,-0.847879,0.323940,-0.223227,181.185234,70.000000
-0.303573,-0.149046,-0.065119,-0.005152,354.198639,70.000000
0.982193,-0.289016,0.275388,-0.145721,204.432572,70.000000
0.500612,-0.220224,0.060440,-0.012895,270.831393,70.000000
0.688201,0.600794,-0.480638,0.251790,161.321587,70.000000
-0.454046,0.844613,0.530037,0.550656,152.936815,70.000000
-0.597421,-0.861017,-0.580165,-0.524293,140.070259,70.000000
0.888880,-0.596510,-0.761073,-0.392903,152.968984,70.000000
0.457614,-0.883010,-0.467600,-0.215411,160.374240,70.000000
-0.743324,0.947329,-0.678503,0.783621,130.600561,70.000000
-0.241550,0.261667,-0.085097,0.009561,345.675061,70.000000
-0.154908,0.457423,-0.004997,-0.000347,316.306882,70.000000
-0.090224,-0.402754,-0.038071,0.001420,342.192887,70.000000
0.908715,0.768988,-0.714338,0.525563,135.447117,70.000000
0.378845,-0.753629,0.167767,-0.059564,179.291202,70.000000
-0.238123,-0.135738,0.013967,-0.001729,364.433377,70.000000
0.647319,-0.501270,0.574053,-0.376543,180.047064,70.000000
-0.848359,-0.372763,0.351984,-0.176112,195.912799,70.000000
0.971396,0.249271,0.356007,-0.033168,220.148088,70.000000
-0.499933,-0.373108,0.164817,0.016627,241.301268,70.000000
-0.834268,0.465724,-0.463693,0.387568,172.542735,70.000000
-0.572780,-0.710170,-0.567885,-0.399980,157.098051,70.000000
0.166882,0.789633,0.123047,-0.243911,232.646240,70.000000
-0.645445,0.011939,0.018374,-0.008960,269.494185,70.000000
0.658661,0.121880,-0.246644,0.086395,248.186897,70.000000
0.445457,0.791808,-0.414347,0.433888,160.857995,70.000000
-0.082808,0.253714,0.030348,-0.000202,342.483125,70.000000
0.176888,0.950790,0.160421,-0.184904,188.929968,70.000000
-0.065111,-0.322403,-0.022874,0.001802,341.920658,70.000000
-0.620168,0.844261,-0.429679,0.217459,140.472328,70.000000
-0.500852,0.185387,0.185565,-0.003243,299.310005,70.000000
-0.205652,-0.391020,0.036465,-0.002357,328.485392,70.000000
0.130434,0.202743,-0.021800,0.000054,351.516871,70.000000
-0.497335,-0.708605,-0.366056,-0.221437,165.281854,70.000000
0.479527,-0.589741,-0.473438,-0.108214,190.074162,70.000000
0.228041,0.687972,0.056083,-0.042310,263.100128,70.000000
0.749203,-0.145725,0.293740,0.083188,264.379337,70.000000
0.797401,-0.086845,-0.129725,-0.000864,254.085249,70.000000
0.398435,0.504512,-0.207572,0.004577,278.864529,70.000000
-0.663488,0.764502,-0.402691,0.044808,147.855343,70.000000
0.976786,0.841796,0.922152,0.649634,130.635304,70.000000
0.069934,-0.620736,-0.080443,0.035262,330.691247,70.000000
-0.714115,-0.127662,-0.183741,0.050038,286.720777,70.000000
0.382969,0.553629,-0.422141,-0.007117,208.862341,70.000000
0.850860,0.400335,-0.265895,0.072668,189.495035,70.000000
0.424782,-0.691505,0.113859,0.017349,187.606012,70.000000
-0.126239,0.306943,0.048913,0.195442,209.753517,70.000000
0.789013,0.935169,0.646444,0.596001,130.465526,70.000000
-0.613096,-0.307673,0.152225,-0.022042,232.003765,70.000000
0.945548,-0.167520,0.196984,0.009963,258.608950,70.000000
0.485784,0.572823,0.430729,0.172871,193.668500,70.000000
-0.563417,0.644462,0.374031,0.077007,168.326304,70.000000
-0.526048,0.716089,0.685422,0.481993,161.010661,70.000000
-0.688031,0.257177,0.069537,-0.021209,239.068582,70.000000
0.371218,-0.937896,-0.376359,-0.812107,128.589678,70.000000
0.783396,0.538637,0.531704,0.436201,164.948902,70.000000
0.875110,-0.026898,-0.420369,-0.023622,209.777389,70.000000
-0.071226,0.910122,0.115250,0.456246,172.830429,70.000000
0.417521,-0.726688,0.628071,-0.320150,172.590344,70.000000
0.556971,-0.984297,0.733052,-0.228825,131.168446,70.000000
0.921654,0.234769,-0.019797,-0.032705,181.439605,70.000000
-0.230775,-0.634363,0.059443,-0.000857,292.513765,70.000000
0.253340,-0.108970,-0.032588,-0.002474,364.762306,70.000000
0.534714,0.941893,-0.740407,0.216041,135.810307,70.000000
0.403041,-0.085636,-0.146954,0.007392,322.650439,70.000000
0.708333,0.957011,0.673557,0.869033,130.653436,70.000000
0.483928,-0.624149,-0.290829,-0.097781,183.797796,70.000000
-0.076095,-0.932131,0.042703,-0.098395,202.063094,70.000000
-0.328313,0.051420,-0.133962,0.002725,351.460305,70.000000
0.216816,0.018878,0.054543,0.000364,368.483450,70.000000
-0.715821,-0.795872,-0.411902,-0.179610,140.504150,70.000000
-0.218058,-0.898520,0.056743,0.095981,190.191675,70.000000
0.575420,-0.907789,0.365042,-0.275934,139.405855,70.000000
0.794405,-0.437948,0.504105,-0.407182,179.914127,70.000000
-0.592339,0.552064,0.444347,0.157772,176.674709,70.000000
0.539780,0.087266,-0.139444,0.003967,317.142420,70.000000
0.672360,0.362488,0.460899,0.235779,206.507063,70.000000
0.336667,0.366386,-0.128734,-0.003568,307.065219,70.000000
-0.154008,-0.413235,0.015607,-0.000508,329.626538,70.000000
0.764942,0.380109,-0.484958,0.252636,196.792604,70.000000
0.486339,-0.097957,-0.167220,0.010847,304.156001,70.000000
-0.363044,0.323046,0.062426,-0.037870,298.833920,70.000000
-0.561192,0.049498,-0.199730,0.048448,295.620985,70.000000
-0.082908,0.568775,-0.040512,-0.017917,300.313964,70.000000
-0.593522,0.680975,0.585857,0.282021,160.879348,70.000000
-0.852013,0.219055,0.308539,0.032731,231.833975,70.000000
-0.343392,0.608836,0.235056,-0.088673,231.540020,70.000000
0.714254,0.462174,0.545363,0.395689,180.018108,70.000000
-0.239219,-0.553283,-0.022452,0.088043,261.184524,70.000000
0.979691,-0.326621,0.202983,-0.022610,186.757579,70.000000
0.472990,-0.464014,-0.420853,-0.034261,225.918710,70.000000
-0.675096,-0.340639,0.033204,0.046148,213.945339,70.000000
0.885532,-0.867479,0.862434,-0.852258,130.620839,70.000000
0.283888,-0.701166,-0.503467,-0.101968,188.787223,70.000000
-0.499843,-0.868286,-0.105684,-0.288345,170.496174,70.000000
0.725485,-0.765345,-0.729813,-0.680727,144.291244,70.000000
0.839986,-0.356830,-0.419509,-0.054368,201.971992,70.000000
0.763393,0.340260,0.478447,0.068269,211.520766,70.000000
0.746856,0.407668,-0.485425,0.333051,190.342571,70.000000
-0.330079,0.367332,0.038726,-0.034533,314.677310,70.000000
-0.252187,-0.515303,-0.063966,-0.035682,319.469872,70.000000
-0.695684,-0.356946,-0.275697,-0.044930,206.752079,70.000000
0.811261,0.869763,0.262782,-0.060753,132.050218,70.000000
0.111341,-0.694738,0.014282,0.013919,286.862842,70.000000
-0.462106,-0.622514,0.533881,-0.247457,189.985930,70.000000
-0.590810,0.258369,0.370360,0.046071,250.670129,70.000000
0.401808,-0.805980,0.487893,-0.582338,157.344571,70.000000
-0.111927,0.844078,-0.010722,-0.151573,248.078474,70.000000
0.425060,-0.016267,-0.175210,0.000063,326.918174,70.000000
0.602264,0.258263,0.142777,-0.020156,251.737979,70.000000
0.618320,0.099782,0.211144,0.041333,286.277748,70.000000
-0.963959,0.734715,0.260789,0.011321,136.570405,70.000000
0.361464,-0.873566,0.554870,-0.197845,172.073386,70.000000
-0.018968,-0.791147,0.064575,-0.095434,231.141098,70.000000
-0.805235,0.413269,-0.480584,0.301413,186.771091,70.000000
-0.184382,-0.906984,0.650901,-0.390419,147.094152,70.000000
0.316461,0.764743,-0.113555,-0.072757,211.699134,70.000000
-0.963285,0.069396,-0.361952,0.011754,213.387355,70.000000
0.330823,0.135199,-0.119436,0.007464,349.432727,70.000000
0.290293,0.950246,0.460074,-0.871937,150.500617,70.000000
0.777630,-0.374495,-0.460022,-0.110023,196.846788,70.000000
-0.138612,0.340104,0.002689,0.002547,336.472280,70.000000
0.127480,0.551505,-0.032072,-0.011235,286.468382,70.000000
-0.852943,0.589279,0.055371,-0.130948,154.735824,70.000000
0.012192,0.910462,0.039508,0.022405,307.582806,70.000000
0.129894,-0.873576,0.035378,-0.004623,148.339971,70.000000
-0.185622,0.243192,-0.056873,-0.004088,352.061152,70.000000
-0.664966,-0.082640,0.109695,-0.034058,289.717366,70.000000
-0.929935,0.576102,0.418483,0.079780,153.494785,70.000000
0.548404,-0.980538,0.304749,0.121107,132.144614,70.000000
0.099049,0.718869,0.342564,0.263746,172.257948,70.000000
0.037585,-0.317028,0.007110,-0.000706,332.497940,70.000000
-0.285787,0.771724,0.301900,0.244196,158.660303,70.000000
0.365573,0.189588,0.076339,0.009155,334.529322,70.000000
0.406403,0.414927,-0.024224,-0.033994,229.385822,70.000000
-0.325387,-0.787101,-0.195525,-0.041850,236.050125,70.000000
-0.799283,0.451142,0.501308,0.380149,176.356015,70.000000
0.343559,0.195743,0.060062,0.004227,347.920448,70.000000
-0.147873,0.705034,-0.167329,0.050671,141.445257,70.000000
-0.486006,-0.307191,0.250056,0.019646,259.583255,70.000000
-0.955271,0.764842,0.913574,0.718153,135.335775,70.000000
0.698300,0.331045,0.404593,0.077502,212.289912,70.000000
-0.125643,0.310107,-0.005611,-0.005138,337.628070,70.000000
-0.028601,-0.700742,-0.123821,0.074117,280.043665,70.000000
0.631920,0.678084,0.705477,0.527337,157.000938,70.000000
0.564125,-0.749930,0.023656,0.123100,155.044356,70.000000
-0.080457,-0.236207,0.052535,0.003137,353.018349,70.000000
0.075829,0.455777,0.119333,-0.013670,250.418053,70.000000
0.238082,-0.560292,-0.118301,-0.092571,279.163518,70.000000
-0.828970,-0.502454,0.168863,0.047607,167.616351,70.000000
-0.742473,-0.748729,0.735027,-0.702635,144.296876,70.000000
0.112327,-0.115170,-0.043372,-0.000093,354.142457,70.000000
0.345203,-0.173448,-0.085592,-0.000420,345.151045,70.000000
0.856260,-0.839484,-0.503129,-0.220488,134.734357,70.000000
0.797146,-0.361921,0.171299,0.026160,210.751929,70.000000
-0.802960,0.653316,-0.439966,0.116205,149.251195,70.000000
0.288451,-0.011263,-0.120744,-0.000502,360.593280,70.000000
0.710846,-0.809365,0.647691,-0.650998,139.913425,70.000000
-0.993008,0.510540,0.499001,0.240981,160.777535,70.000000
0.638406,-0.302470,-0.386957,0.033475,231.174922,70.000000
0.383890,0.042969,-0.072881,-0.001921,333.596202,70.000000
0.181205,-0.483192,0.023995,-0.013034,307.853501,70.000000
0.991174,0.668937,0.266871,0.100934,170.453743,70.000000
0.816525,-0.658125,0.719727,-0.566112,148.674580,70.000000
0.885190,-0.603519,-0.777827,-0.435240,152.938378,70.000000
0.660504,-0.909067,-0.652115,-0.812642,135.328941,70.000000
-0.685332,-0.369792,-0.221462,0.003078,205.849998,70.000000
0.910315,-0.329104,0.126940,0.035434,158.729159,70.000000
0.742617,-0.844224,-0.570748,-0.408267,135.606223,70.000000
-0.876357,-0.934357,0.766908,-0.735374,125.889660,70.000000
0.254771,-0.066082,0.104800,-0.001779,364.812473,70.000000
-0.644750,-0.306532,0.079791,0.007422,230.162915,70.000000
0.119715,0.047314,0.019164,-0.000039,352.123769,70.000000
-0.788736,-0.288372,-0.371998,0.003111,227.378052,70.000000
-0.666723,0.389251,-0.420252,0.207126,200.395807,70.000000
0.149179,-0.744008,-0.165726,-0.238733,191.437033,70.000000
-0.534330,-0.490570,-0.256010,-0.036203,199.778629,70.000000
0.984952,0.086354,-0.272779,0.019107,204.391324,70.000000
-0.652688,0.273391,-0.355831,-0.042525,238.402805,70.000000
0.887117,-0.216437,-0.134400,-0.136650,229.566617,70.000000
0.335398,-0.964759,0.008782,-0.025896,210.433157,70.000000
-0.709406,-0.987933,0.548198,0.022965,126.867807,70.000000
-0.184822,-0.298286,-0.043681,-0.005416,351.007656,70.000000
0.713961,-0.457591,0.304018,-0.102105,180.512237,70.000000
-0.734375,-0.637289,-0.450672,-0.215502,156.622079,70.000000
-0.914338,0.729200,-0.857593,0.665569,139.892996,70.000000
-0.336965,0.631609,-0.498338,0.223563,172.197506,70.000000
-0.540226,0.428503,-0.383346,0.099075,212.458794,70.000000
-0.154557,0.357582,0.036876,0.000151,333.436743,70.000000
-0.119424,0.848753,-0.014146,0.340502,170.903381,70.000000
0.987469,0.399463,0.390119,0.038930,201.523062,70.000000
-0.231848,-0.664268,-0.049356,-0.090975,228.313580,70.000000
-0.347641,-0.802713,0.242596,-0.186497,179.386829,70.000000
0.797097,0.811912,-0.333934,0.022755,136.370701,70.000000
-0.194952,-0.555705,-0.456420,-0.402123,170.952973,70.000000
0.263224,0.013622,0.251643,-0.001654,336.941289,70.000000
0.941219,-0.933142,-0.825235,-0.923335,125.801799,70.000000
0.689750,0.623347,-0.497692,0.262327,160.800807,70.000000
0.586925,0.451226,-0.450958,0.211455,197.136166,70.000000
-0.247178,-0.320897,-0.098177,-0.026209,333.028273,70.000000
0.680074,-0.000311,0.301767,-0.003558,235.145042,70.000000
0.779366,0.797655,0.726383,0.675947,139.831389,70.000000
0.180593,-0.781050,0.021520,-0.011942,278.746672,70.000000
0.884914,0.742046,0.831923,0.685051,139.880133,70.000000
-0.440558,-0.461440,0.249099,0.044614,240.176984,70.000000
0.577412,0.560912,-0.228952,-0.026076,177.296709,70.000000
-0.745304,-0.326903,0.427527,-0.055358,214.485607,70.000000
-0.250882,-0.568332,-0.177597,-0.182374,214.914518,70.000000
0.042112,-0.221866,0.018443,-0.000036,335.402064,70.000000
-0.894694,0.871001,-0.871576,0.827877,130.617277,70.000000
0.906254,-0.582432,-0.287170,0.042461,153.922996,70.000000
-0.941664,-0.545189,-0.715993,-0.472580,157.028894,70.000000
-0.992454,-0.176864,0.214863,0.128686,218.172252,70.000000
-0.547482,0.470410,-0.481888,0.217181,200.338166,70.000000
0.175866,-0.221234,-0.073933,0.002009,360.679260,70.000000
-0.282983,-0.094358,0.024341,0.002164,359.738326,70.000000
0.117776,-0.537758,-0.026514,0.016056,278.054389,70.000000
-0.106595,0.463880,0.001530,0.018768,249.106228,70.000000
0.426314,-0.938180,0.125398,0.106002,160.673205,70.000000
0.014821,-0.909527,-0.214867,0.174568,202.714375,70.000000
-0.425282,0.282322,-0.095184,0.011426,292.524107,70.000000
0.982088,-0.046271,-0.717649,-0.010054,164.837402,70.000000
0.321040,-0.283217,0.090850,-0.001311,346.854689,70.000000
-0.025919,0.372978,-0.026802,-0.015564,309.608800,70.000000
0.639848,-0.083066,-0.182397,-0.006234,289.363858,70.000000
-0.092300,0.716981,-0.126488,-0.112167,244.245380,70.000000
0.292954,-0.317969,-0.049862,-0.008204,336.835362,70.000000
-0.100407,0.467828,-0.029912,-0.001226,336.312846,70.000000
0.780699,-0.793588,0.750937,-0.724112,139.850609,70.000000
0.174040,-0.909539,0.105488,0.799151,114.847234,70.000000
-0.628658,0.141359,0.078644,0.013397,288.626114,70.000000
-0.177815,-0.528599,0.036702,0.179329,258.623017,70.000000
-0.168392,-0.156633,-0.035594,-0.000459,362.538945,70.000000
-0.527316,-0.605555,-0.332665,-0.045481,179.394558,70.000000
0.443445,0.987340,-0.185731,-0.278989,184.589597,70.000000
0.222715,-0.836864,-0.073961,-0.465551,168.103759,70.000000
0.827470,-0.708833,-0.780545,-0.685794,144.314912,70.000000
0.645545,-0.321396,-0.378578,-0.068955,220.927878,70.000000
0.292804,-0.838654,0.033644,-0.070235,244.753338,70.000000
0.734939,0.128076,0.131690,-0.082976,252.526651,70.000000
0.580810,-0.334344,0.421380,-0.070616,229.142047,70.000000
0.675144,-0.851351,0.625365,-0.591667,139.779727,70.000000
-0.661208,-0.927847,0.338040,-0.087881,134.361926,70.000000
-0.326968,0.656291,-0.335160,0.048459,207.882959,70.000000
0.284158,-0.151447,0.002880,-0.001722,357.908972,70.000000
0.625613,0.684877,0.733208,0.543038,156.996699,70.000000
0.723977,-0.121686,0.038935,-0.044121,275.341976,70.000000
0.821692,0.184004,-0.217348,-0.024139,275.080932,70.000000
0.546979,-0.921542,0.455141,-0.478195,139.738716,70.000000
-0.362561,0.437379,-0.167199,-0.054857,291.370132,70.000000
-0.971672,-0.886082,0.497652,-0.712930,125.996068,70.000000
-0.378030,0.443921,0.093037,0.023077,307.830827,70.000000
0.977108,0.256799,0.046131,0.026087,232.550762,70.000000
0.013248,0.656848,-0.093023,-0.075509,248.895831,70.000000
-0.357038,-0.738235,0.205847,-0.039508,207.981684,70.000000
0.492316,0.347231,0.000199,0.019409,247.368294,70.000000
-0.082457,0.149162,0.017745,-0.000059,342.037670,70.000000
0.961940,-0.672106,-0.445345,-0.729550,144.515963,70.000000
-0.093736,0.582195,-0.836864,0.132475,167.876184,70.000000
0.955710,0.612763,1.051238,0.310073,149.156800,70.000000
0.713071,0.581975,-0.019347,-0.118503,162.954980,70.000000
-0.740998,0.053912,0.260621,-0.046535,265.708664,70.000000
0.095185,-0.221337,0.008700,0.000212,349.495724,70.000000
-0.017917,0.871842,0.680235,-0.463037,167.472055,70.000000
-0.958837,0.818297,-0.743758,0.658028,130.750665,70.000000
-0.882250,0.029373,0.367625,0.114178,226.509358,70.000000
-0.330119,-0.310886,-0.126378,-0.044826,313.300248,70.000000
0.946168,0.238686,0.206989,0.015614,264.440221,70.000000
-0.398816,-0.900206,0.673926,-0.361846,144.655389,70.000000
0.246093,0.077411,0.048343,-0.001932,364.599702,70.000000
-0.947294,0.837325,-0.940286,0.787443,130.648173,70.000000
0.920917,-0.145545,0.142296,-0.014037,250.133708,70.000000
-0.174781,0.463405,0.049386,0.088476,259.031353,70.000000
0.451854,0.315650,-0.260435,-0.011448,273.284608,70.000000
-0.871281,0.380753,-0.511043,0.093612,199.126447,70.000000
-0.684361,-0.049730,-0.152170,-0.037408,260.013224,70.000000
0.187646,-0.241312,0.065783,-0.009174,347.238591,70.000000
0.268612,0.561865,-0.029692,0.133226,205.477639,70.000000
-0.729720,-0.395682,-0.389188,-0.152747,193.535649,70.000000
-0.232544,-0.367069,-0.028905,0.030665,325.485485,70.000000
0.671597,-0.463413,-0.568793,-0.375432,183.607856,70.000000
-0.579769,-0.169259,0.048086,0.018323,273.762025,70.000000
-0.742105,-0.558509,-0.553569,-0.404503,164.938727,70.000000
-0.863368,-0.619211,0.522451,-0.373729,152.736890,70.000000
0.915147,0.876380,0.793622,0.574675,130.494339,70.000000
-0.689069,0.817443,-0.600257,0.587270,139.966786,70.000000
0.771765,-0.945503,0.577986,-0.496292,130.363862,70.000000
0.934927,-0.679505,-0.678144,-0.386345,144.194851,70.000000
-0.448561,-0.956547,1.336141,0.538185,114.773268,70.000000
-0.685765,0.350104,0.320542,0.075838,209.604567,70.000000
0.196709,0.088979,-0.031969,0.000887,367.483830,70.000000
-0.527399,0.006001,0.212290,0.005799,306.902340,70.000000
0.850602,0.069551,-0.874988,-0.005035,164.769964,70.000000
0.937411,-0.941384,-0.813924,-0.851220,125.778270,70.000000
0.154060,-0.706017,0.005523,-0.011859,272.879360,70.000000
-0.028416,0.420430,-0.036983,-0.003352,337.265194,70.000000
0.164907,-0.408214,-0.021944,-0.002390,330.811426,70.000000
-0.845964,-0.110116,-0.083311,0.021409,291.396341,70.000000
-0.719031,-0.749171,0.592597,-0.483763,144.432538,70.000000
0.682645,-0.778983,-0.699842,-0.712983,144.300950,70.000000
-0.365631,0.835215,0.283062,0.126683,223.107296,70.000000
-0.540957,0.139506,-0.202811,0.001295,293.107014,70.000000
0.684349,-0.141750,0.174777,-0.038359,290.510353,70.000000
-0.391170,-0.398501,0.173929,-0.064729,278.946706,70.000000
0.397260,0.754904,-0.056188,-0.077277,194.556123,70.000000
-0.325733,-0.597898,0.198409,0.165978,244.007769,70.000000
-0.871619,0.701204,0.670819,0.512962,144.242875,70.000000
-0.867989,-0.298415,0.169546,0.027577,207.368243,70.000000
0.538809,-0.228899,0.138907,-0.005338,265.912730,70.000000
0.900849,0.566146,0.553051,0.418226,156.938369,70.000000
-0.781563,0.278380,-0.348699,0.073817,227.124608,70.000000
0.741029,0.476309,-0.565270,0.428770,176.361214,70.000000
-0.673114,0.970705,-0.647961,0.885367,130.686962,70.000000
0.647054,-0.957041,0.729193,-0.680084,130.764944,70.000000
-0.994207,0.360362,-0.137619,0.030936,264.534581,70.000000
0.609088,0.943530,-0.485762,0.501860,135.119629,70.000000
-0.095567,-0.190369,-0.029498,-0.000449,352.582189,70.000000
0.474207,0.001582,-0.200651,0.000322,311.701327,70.000000
0.590160,0.819057,-0.496252,0.319924,144.689965,70.000000
-0.117394,0.951061,-0.086458,0.137120,232.837137,70.000000
0.484013,0.806182,-0.426923,0.400587,153.104189,70.000000
-0.493010,-0.014657,-0.218322,0.003064,300.160112,70.000000
-0.347502,-0.473805,0.109719,0.024314,321.743787,70.000000
0.759790,-0.201152,-0.370812,0.053904,225.170251,70.000000
-0.757895,0.056666,-0.075321,-0.000525,253.246637,70.000000
0.386218,-0.825842,-0.063018,0.099468,231.204611,70.000000
0.072747,0.656936,0.114276,-0.218067,160.931251,70.000000
-0.875819,0.103549,0.362088,0.075443,218.893285,70.000000
0.355594,0.471199,-0.374588,-0.167429,211.816794,70.000000
-0.555104,0.364766,0.355503,0.046845,226.422967,70.000000
0.626005,-0.735792,-0.688884,-0.373201,152.744111,70.000000
-0.455967,0.559681,0.403075,0.193561,208.889468,70.000000
0.558895,-0.644659,-0.626696,-0.325413,168.800610,70.000000
-0.785524,-0.300386,0.332862,-0.030196,214.191795,70.000000
-0.591949,-0.887498,-0.570453,-0.725191,139.895571,70.000000
-0.172384,0.737385,0.055809,-0.027838,210.503005,70.000000
-0.771855,-0.566286,0.609170,-0.550817,161.055347,70.000000
0.436688,-0.578162,-0.320363,-0.126869,202.707506,70.000000
0.837177,0.440365,-0.460730,0.358531,176.236141,70.000000
-0.784421,0.229560,0.231912,-0.088683,236.745028,70.000000
0.221392,0.941491,0.002336,0.022209,268.421432,70.000000
-0.360538,0.431699,0.138708,-0.050533,293.005468,70.000000
-0.433529,-0.321598,-0.276346,-0.014836,273.113809,70.000000
0.906287,-0.028811,-0.231044,0.014630,224.186898,70.000000
-0.221606,-0.535908,-0.033516,0.022491,269.304594,70.000000
-0.999422,0.711976,-0.711110,0.713939,139.913658,70.000000
0.187440,0.312471,0.042149,-0.012945,339.202017,70.000000
-0.291792,-0.152078,0.041841,-0.011933,345.797511,70.000000
0.023090,0.075599,0.005977,-0.000001,310.471217,70.000000
0.593103,0.288895,-0.191321,-0.026593,241.200184,70.000000
-0.544640,0.233019,-0.113448,-0.005975,265.410634,70.000000
0.358590,0.826951,0.242143,0.167904,208.473891,70.000000
0.569117,-0.853224,-0.586288,-0.687091,144.354026,70.000000
-0.139085,0.405183,0.029703,-0.031371,297.731375,70.000000
-0.089785,0.983491,0.204181,-0.455663,181.540541,70.000000
-0.462196,-0.129716,0.161834,-0.009590,321.413748,70.000000
-0.138050,-0.214580,0.025057,0.001986,355.557401,70.000000
-0.440597,0.879439,0.595948,0.544877,152.889915,70.000000
0.727970,0.991888,-0.932808,0.430333,126.146932,70.000000
0.657886,-0.918103,-0.586500,-0.654899,135.240703,70.000000
-0.555636,-0.571820,-0.586110,-0.320551,179.981191,70.000000
-0.586613,0.793428,-0.515224,0.590603,148.736163,70.000000
-0.861005,-0.906961,-0.636551,-0.454079,130.337277,70.000000
0.698232,-0.821951,0.687154,-0.762637,139.870860,70.000000
-0.535668,-0.977169,0.873107,-0.619266,135.447710,70.000000
0.716664,0.964308,0.558573,0.652007,130.522913,70.000000
-0.873328,-0.028866,0.279460,0.019105,213.748484,70.000000
0.856307,-0.055031,0.307454,-0.031607,259.509568,70.000000
-0.907273,-0.529267,-0.399455,-0.007957,157.741213,70.000000
0.617063,0.979057,0.763268,0.842107,130.718523,70.000000
-0.994385,-0.635290,0.315202,-0.267450,153.076706,70.000000
0.679147,0.427985,-0.542876,0.313913,190.497075,70.000000
-0.854662,-0.309229,0.235864,0.084333,219.559824,70.000000
0.780212,-0.983899,-0.900459,-0.827261,125.879263,70.000000
-0.384327,0.609573,0.200250,-0.094991,222.866494,70.000000
-0.909016,0.161873,0.041914,-0.049374,193.451948,70.000000
0.595775,-0.813557,-0.427801,-0.240565,144.828796,70.000000
0.547676,0.796066,-0.525364,0.403251,153.008641,70.000000
-0.512304,-0.296652,-0.228626,-0.032202,257.423950,70.000000
0.171244,0.090703,-0.037717,-0.000598,366.007908,70.000000
0.439903,-0.544861,-0.441330,-0.165689,208.679019,70.000000
0.515745,0.118432,-0.223782,0.032161,298.253577,70.000000
0.478279,0.433257,-0.310141,-0.034726,235.664932,70.000000
-0.242443,-0.745896,-0.255700,0.182293,206.154227,70.000000
-0.282091,0.893373,-0.085834,0.135692,189.651195,70.000000
0.928204,0.322405,0.347018,-0.141928,210.308285,70.000000
0.655543,-0.293459,-0.194686,-0.020953,231.107647,70.000000
-0.163092,0.913210,-0.440362,0.024126,125.396140,70.000000
0.313565,0.086542,-0.107332,0.003970,354.878876,70.000000
0.511231,0.265777,0.394223,0.098265,254.754531,70.000000
0.917089,-0.479506,0.673666,-0.401747,164.983776,70.000000
0.949863,0.351742,0.077882,-0.060526,228.219741,70.000000
-0.264677,-0.422033,-0.066620,0.022903,314.092925,70.000000
0.897387,0.390599,0.254680,-0.073616,185.729261,70.000000
0.797815,0.882647,0.575302,0.344321,131.036904,70.000000
0.640306,-0.377599,0.479913,-0.226788,206.607873,70.000000
-0.299908,-0.551842,1.292297,-0.011267,125.870053,70.000000
-0.802360,0.731160,0.700688,0.608474,144.271834,70.000000
0.604411,0.338811,0.233715,0.015540,223.495930,70.000000
0.395421,-0.158628,-0.080592,0.000668,322.141802,70.000000
-0.065876,0.827857,-0.312063,-0.304518,201.093746,70.000000
-0.200706,0.734805,0.164547,0.123181,206.156785,70.000000
-0.137250,-0.768893,0.027466,-0.034524,290.243548,70.000000
-0.783643,-0.688241,-0.687976,-0.614231,148.626797,70.000000
0.737314,0.040227,-0.235107,-0.029196,215.925359,70.000000
0.102079,-0.361536,-0.051319,0.002518,341.495181,70.000000
-0.329786,-0.705186,-0.395102,-0.288324,186.041126,70.000000
-0.060773,0.595551,-0.069313,-0.028336,323.920958,70.000000
-0.572625,-0.104271,-0.109890,-0.019146,307.241355,70.000000
-0.485026,0.160132,0.139935,-0.013370,302.780704,70.000000
-0.662919,0.322377,-0.207441,0.002629,222.980182,70.000000
0.185178,0.285474,-0.065531,-0.002382,347.633067,70.000000
-0.042956,0.040281,0.001066,0.000000,311.555699,70.000000
-0.997403,0.639444,-0.033986,0.080632,190.928764,70.000000
-0.870203,0.496293,-0.624546,0.434609,165.013910,70.000000
-0.796901,0.477448,-0.497006,0.422202,172.604107,70.000000
0.475006,-0.572219,0.484020,-0.212932,193.534104,70.000000
0.718022,-0.205875,-0.112074,-0.032597,260.767658,70.000000
-0.146879,-0.591020,-0.092346,0.124719,226.527777,70.000000
0.719832,0.221655,-0.266108,0.036873,255.757280,70.000000
-0.640304,0.403927,-0.406687,0.131246,200.245635,70.000000
0.793027,0.408145,0.425711,0.279913,186.797964,70.000000
-0.298596,-0.502173,-0.154280,-0.095949,276.319244,70.000000
-0.025708,-0.080722,0.006751,-0.000002,312.154543,70.000000
-0.694513,-0.688262,0.719994,-0.587289,152.860231,70.000000
0.372778,-0.726869,-0.513278,-0.079076,195.871004,70.000000
-0.482618,0.632620,0.611395,0.272933,183.309681,70.000000
0.437830,0.613833,-0.275865,0.076425,201.917547,70.000000
0.695093,0.434769,0.532745,0.346264,187.071698,70.000000
-0.840616,-0.229978,0.269470,-0.096613,241.450563,70.000000
0.755208,0.784354,0.639102,0.545684,139.969419,70.000000
0.633190,0.022613,-0.124541,-0.013515,281.552556,70.000000
0.049141,-0.090131,-0.014403,0.000005,321.903707,70.000000
-0.838967,-0.525836,0.148394,0.111757,162.480555,70.000000
0.268416,-0.738295,-0.372263,-0.163450,192.119746,70.000000
-0.531921,-0.003103,0.198043,0.001218,308.908963,70.000000
-0.150972,0.606397,0.052642,0.001081,304.651748,70.000000
-0.286420,0.139179,0.085531,0.006818,356.540063,70.000000
-0.822660,-0.443301,0.315852,-0.032152,176.900438,70.000000
-0.564922,-0.646528,-0.029106,0.090896,166.792646,70.000000
-0.203810,0.561363,-0.023597,-0.117510,236.450510,70.000000
0.824157,-0.398193,-0.494380,-0.244438,190.019481,70.000000
-0.428993,-0.085639,0.061145,0.000416,325.890460,70.000000
0.662189,-0.589788,0.626251,-0.441774,165.032853,70.000000
-0.565052,-0.825327,-0.603912,-0.594273,148.716548,70.000000
0.728273,0.084506,0.074576,0.042884,226.863737,70.000000
0.296630,-0.534951,-0.217605,-0.034149,244.622374,70.000000
-0.914793,-0.930436,0.831820,-0.928367,125.811646,70.000000
0.155931,0.725198,-0.082962,-0.173873,221.084362,70.000000
0.410261,-0.735684,0.394464,-0.296525,179.489631,70.000000
-0.634380,-0.020129,0.280653,0.031338,279.447373,70.000000
-0.302364,0.173546,0.105653,0.006970,354.640932,70.000000
0.788984,0.450232,-0.239211,-0.000802,177.169629,70.000000
-0.957525,0.875353,-0.122456,-0.177054,128.690352,70.000000
0.066074,0.508915,0.052359,-0.008547,320.050344,70.000000
-0.663319,-0.405687,0.494091,-0.230520,197.115384,70.000000
-0.379004,0.080564,0.148994,0.000721,340.021743,70.000000
0.032734,0.160364,-0.016540,0.000027,331.589832,70.000000
-0.765277,-0.017599,-0.401461,-0.014596,213.674268,70.000000
0.214106,0.472273,0.045307,-0.018844,305.239674,70.000000
-0.499983,0.780501,-0.623947,0.306588,156.828122,70.000000
-0.119904,0.772550,0.085989,-0.062030,233.500967,70.000000
0.250053,0.644172,0.131990,0.191694,199.360108,70.000000
0.606718,-0.897433,-0.004220,0.163481,137.606710,70.000000
0.850885,0.822833,-0.813542,0.754407,135.295199,70.000000
-0.639263,-0.093792,-0.035058,-0.014631,275.369030,70.000000
-0.357517,-0.786513,-0.192332,-0.020397,219.644007,70.000000
-0.918273,0.591731,0.739920,0.353511,152.967805,70.000000
-0.780221,0.829500,0.640984,0.518403,135.473351,70.000000
-0.593157,0.808631,-0.294257,0.012131,147.632402,70.000000
0.659214,-0.593932,0.657821,-0.483882,165.013723,70.000000
-0.222603,0.717368,-0.164226,0.058148,258.074401,70.000000
0.809189,0.044439,-0.160955,-0.006109,264.521282,70.000000
0.890853,0.567667,0.607440,0.489466,156.997359,70.000000
0.782568,0.624949,-0.547229,0.312724,153.111777,70.000000
-0.478500,-0.146275,0.228821,-0.019278,300.365766,70.000000
-0.441159,-0.553481,-0.156125,-0.028080,211.161206,70.000000
-0.348096,-0.457216,-0.159258,-0.085945,256.399236,70.000000
-0.421218,0.582592,0.227749,-0.026008,213.628332,70.000000
-0.369978,-0.224584,0.106327,0.010350,339.196084,70.000000
-0.579372,0.497179,-0.192360,-0.038008,188.040201,70.000000
0.093533,0.010094,0.032741,-0.000002,337.514892,70.000000
-0.350196,0.251478,-0.011611,-0.012935,335.003758,70.000000
0.598388,-0.895886,0.372272,-0.202488,139.259333,70.000000
0.845842,0.061564,0.525313,-0.016463,219.387978,70.000000
0.702984,-0.943914,0.748734,-0.867751,130.666020,70.000000
-0.354676,0.954590,-0.405853,-0.044322,140.135956,70.000000
-0.201390,-0.763509,0.006647,0.137104,240.630255,70.000000
-0.298684,0.026266,0.026266,-0.000737,359.961969,70.000000
-0.549862,0.472967,0.028212,-0.067278,198.630241,70.000000
-0.844219,-0.780844,-0.418659,-0.132403,139.140597,70.000000
0.352809,-0.337877,-0.015164,-0.018146,329.892337,70.000000
-0.699872,-0.753384,0.408404,-0.195413,144.868020,70.000000
-0.128622,0.252211,0.047015,-0.000900,348.815963,70.000000
0.912319,-0.655399,-0.328017,-0.076728,145.180985,70.000000
0.703730,-0.407369,0.428002,-0.158442,193.624320,70.000000
-0.653344,-0.749737,-0.715922,-0.656930,148.630214,70.000000
-0.825971,-0.088536,-0.433475,0.035869,212.996695,70.000000
-0.029411,-0.307965,0.019193,-0.000417,334.792562,70.000000
0.035018,0.551914,-0.176226,0.097538,248.223176,70.000000
0.016058,-0.114050,-0.003935,0.000000,314.089400,70.000000
-0.842256,0.206347,0.061225,0.058291,238.935626,70.000000
0.082222,-0.088674,0.010799,-0.000021,337.485953,70.000000
-0.349131,0.154705,-0.088485,0.019021,325.643967,70.000000
0.128730,-0.429888,0.006593,0.000414,317.135905,70.000000
0.872423,0.821040,-0.750810,0.603958,135.224356,70.000000
-0.772413,0.061997,0.296740,0.103998,245.041234,70.000000
-0.013875,0.806355,0.098748,-0.126567,226.645742,70.000000
0.402105,0.180857,0.081612,0.003288,327.498380,70.000000
-0.337927,0.465696,0.128637,-0.064054,266.052697,70.000000
0.950720,0.743136,-0.430824,0.184741,135.998728,70.000000
-0.107554,0.335001,0.046484,0.002899,342.526952,70.000000
0.354073,0.900839,1.122790,-0.466665,134.237599,70.000000
0.394248,0.122459,-0.121064,0.010391,329.293292,70.000000
0.163084,0.949532,-0.189495,0.228341,197.297854,70.000000
0.776707,0.107317,0.369053,-0.033451,228.780496,70.000000
-0.317245,0.062413,-0.104219,-0.003306,351.461105,70.000000
0.976701,-0.588974,0.484546,-0.085386,156.444101,70.000000
-0.879268,0.147892,-0.115361,-0.009780,244.811824,70.000000
-0.379332,0.562598,-0.125378,-0.094461,217.282889,70.000000
-0.421721,0.139161,0.158910,-0.009643,329.248449,70.000000
0.876510,-0.492802,0.581878,-0.477045,164.987533,70.000000
-0.522297,-0.240299,-0.185027,0.009364,275.809290,70.000000
-0.710882,0.208159,0.317551,0.078107,249.122326,70.000000
0.523199,-0.600180,0.385158,-0.121309,180.249259,70.000000
0.775759,0.188827,0.145893,-0.068030,271.344069,70.000000
-0.390666,0.083703,-0.077635,0.002953,338.409416,70.000000
0.788974,0.291888,-0.436734,0.119477,208.444305,70.000000
-0.230055,-0.531525,-0.006322,-0.012313,273.171718,70.000000
0.656605,-0.437832,-0.546832,-0.313947,190.529650,70.000000
-0.645577,-0.212362,0.262752,-0.001297,242.270611,70.000000
0.830044,0.555681,-0.422168,0.295429,160.789449,70.000000
-0.673937,-0.853668,-0.601524,-0.528744,139.729277,70.000000
0.402683,-0.108482,-0.106101,0.006252,333.379557,70.000000
0.751165,0.836473,-0.463311,0.205928,135.916798,70.000000
0.605705,0.086162,-0.123734,0.030183,295.360275,70.000000
0.130393,-0.492896,0.104891,0.066584,274.275853,70.000000
-0.102096,0.067937,-0.019639,-0.000025,343.782638,70.000000
-0.178799,0.927129,1.504620,-0.272584,121.952122,70.000000
0.259724,-0.825695,0.069443,0.229470,174.431216,70.000000
0.537709,-0.727462,0.093894,0.072377,158.601097,70.000000
-0.445962,0.714500,-0.132367,0.109155,172.681321,70.000000
0.593621,0.980688,0.799572,0.689217,130.773691,70.000000
0.429040,0.880532,-0.469088,0.544388,152.849226,70.000000
-0.895198,0.399942,-0.565273,0.312866,179.699784,70.000000
-0.175649,-0.137438,0.016497,-0.000441,363.001038,70.000000
0.080446,0.048984,-0.025200,-0.000006,331.206814,70.000000
-0.722797,-0.046294,-0.112142,0.001751,258.235573,70.000000
-0.066538,-0.297561,-0.031569,0.000162,339.886958,70.000000
0.887315,-0.898855,0.561066,-0.275178,130.104807,70.000000
0.940716,0.620109,-0.751017,0.317781,152.723205,70.000000
0.164216,-0.021528,-0.061815,0.000062,365.283975,70.000000
0.176344,-0.179562,-0.034084,0.000668,360.433258,70.000000
0.109712,-0.069750,-0.015498,-0.000018,348.671999,70.000000
-0.285171,-0.873645,0.668713,0.535512,120.854325,70.000000
0.646949,-0.722514,-0.676387,-0.407017,152.764778,70.000000
0.711544,0.911782,0.101117,-0.157350,132.646621,70.000000
0.312329,-0.689886,-0.347967,-0.207513,189.858737,70.000000
-0.908819,-0.514894,0.657428,-0.318216,161.139338,70.000000
0.171376,0.318353,0.030999,-0.006982,341.502031,70.000000
0.566694,0.420416,0.437036,0.163545,206.730732,70.000000
-0.062606,-0.211715,0.021111,-0.000046,335.823796,70.000000
-0.292680,0.930549,-0.175533,-0.023723,257.161888,70.000000
-0.262622,0.107282,0.086250,0.001295,362.287240,70.000000
-0.904348,0.623698,0.395943,0.070564,152.229191,70.000000
0.487851,-0.687270,0.594710,-0.351060,172.468378,70.000000
-0.946349,0.705570,-0.834525,0.602147,139.912181,70.000000
0.521738,0.846997,0.827929,0.271392,148.813449,70.000000
-0.520901,-0.783121,-0.356798,0.041611,156.105591,70.000000
0.084665,0.968631,-0.515601,-0.640494,129.540234,70.000000
-0.218701,0.298257,0.080629,0.020487,340.454390,70.000000
0.811104,0.218455,0.284279,0.037463,253.101623,70.000000
-0.418997,-0.087317,-0.172438,0.009075,320.837484,70.000000
0.467302,-0.048463,-0.136049,0.007994,299.588465,70.000000
-0.518526,-0.858088,0.205765,-0.073727,151.862660,70.000000
0.117134,0.667800,0.547221,0.018918,190.330998,70.000000
-0.285513,-0.620705,-0.317639,-0.091530,196.446289,70.000000
-0.181640,-0.822708,-0.049134,-0.362668,172.872530,70.000000
0.746669,-0.725995,-0.230111,0.050134,145.604291,70.000000
0.202624,-0.492464,0.082705,0.002922,281.089042,70.000000
-0.847709,0.548372,0.389604,0.259052,160.723349,70.000000
0.484029,-0.927189,-0.317659,-0.179003,173.310162,70.000000
0.736357,-0.052541,0.270319,-0.029602,246.675557,70.000000
0.945192,-0.159561,0.121981,-0.026644,190.341305,70.000000
0.261350,0.514833,0.064519,-0.029140,319.706143,70.000000
0.805279,0.326620,-0.384017,0.127102,213.387134,70.000000
-0.496203,0.322934,0.275353,-0.016929,258.729436,70.000000
-0.450290,-0.015653,0.050723,-0.000994,323.789309,70.000000
0.926842,-0.565468,0.276243,-0.069331,156.211471,70.000000
0.181781,-0.811584,0.045259,0.024476,273.334436,70.000000
-0.293296,0.569156,-0.147826,0.094031,289.680647,70.000000
-0.192647,0.176386,0.095780,0.005333,353.779056,70.000000
0.516798,-0.184050,0.214226,0.007194,281.045604,70.000000
0.669398,0.568967,-0.520205,0.307504,168.759923,70.000000
0.624071,0.759512,0.548418,0.554184,148.708864,70.000000
-0.880741,-0.621408,0.363501,-0.157709,152.342901,70.000000
-0.011213,-0.452562,0.057295,-0.014692,327.083880,70.000000
-0.209039,0.682302,-0.145710,-0.209620,210.242076,70.000000
-0.542259,0.259482,-0.269287,0.017784,264.370107,70.000000
-0.879207,-0.828904,0.497099,-0.196941,134.704049,70.000000
0.608014,0.891211,0.409239,0.248031,139.354489,70.000000
0.579227,-0.937754,-0.721142,-0.816551,135.403900,70.000000
-0.837388,0.026233,0.434307,-0.025435,221.536615,70.000000
0.893057,-0.386793,0.402241,-0.206941,199.025531,70.000000
-0.831052,0.502766,-0.292750,-0.017772,165.865933,70.000000
-0.019150,0.147240,0.007524,0.000001,323.232754,70.000000
0.664346,-0.343931,0.274887,-0.049348,212.751335,70.000000
-0.446789,0.811878,-0.417905,0.178678,156.540936,70.000000
-0.765557,-0.712763,-0.196674,0.074846,147.201875,70.000000
0.590394,0.749804,-0.671382,0.580831,152.860698,70.000000
-0.052526,-0.809498,0.179467,0.165142,200.069121,70.000000
0.760871,-0.045431,-0.209042,-0.013657,221.759530,70.000000
0.444568,-0.138431,-0.095896,-0.000247,314.045332,70.000000
-0.616644,0.070248,0.152580,-0.019611,303.090606,70.000000
0.658619,-0.583745,0.282897,-0.016001,165.847436,70.000000
0.998478,-0.584041,-0.773648,-0.366969,152.814295,70.000000
0.021298,-0.040411,-0.004952,0.000001,304.824299,70.000000
0.816648,-0.591807,0.545747,-0.500302,156.961917,70.000000
-0.507984,0.313647,0.311190,-0.010640,251.300733,70.000000
-0.531666,0.296955,-0.268892,-0.006376,256.269300,70.000000
0.919043,0.349781,0.332092,0.165729,200.980798,70.000000
0.772863,-0.492035,0.482620,-0.314066,172.527632,70.000000
0.361003,-0.625725,-0.329857,-0.090454,202.120003,70.000000
-0.565804,0.536323,0.596502,0.340341,183.591311,70.000000
-0.016608,0.874802,-0.039394,-0.034883,283.580412,70.000000
0.800295,0.553852,-0.601774,0.549373,161.058518,70.000000
0.594838,-0.552573,-0.556927,-0.292273,176.467896,70.000000
0.898814,0.358604,0.246174,-0.322327,182.485370,70.000000
-0.935205,0.002499,-0.525935,0.000255,207.819353,70.000000
-0.007483,0.238425,-0.012649,-0.000121,336.334301,70.000000
-0.798472,0.079888,0.189055,-0.037797,285.488837,70.000000
0.669378,0.236550,0.149897,0.017044,251.383561,70.000000
-0.311943,-0.820943,-0.473395,-0.002367,152.997206,70.000000
0.413555,0.622950,0.442513,0.173993,199.496896,70.000000
-0.083693,-0.625591,0.815927,0.421186,174.354485,70.000000
-0.309023,0.246761,-0.058483,0.013838,345.319077,70.000000
-0.688321,-0.607757,0.649462,-0.501522,161.059798,70.000000
-0.570194,0.748985,0.229774,0.051518,153.849441,70.000000
0.192191,0.161724,-0.062551,0.000949,362.496653,70.000000
0.093215,0.663306,-0.253426,0.524296,177.101065,70.000000
0.189851,0.829883,0.152139,-0.249483,211.088407,70.000000
-0.164139,-0.686072,0.075851,-0.163907,245.219173,70.000000
-0.815237,0.308837,-0.337267,-0.005513,222.296158,70.000000
0.621173,0.054733,0.084271,-0.019707,301.893000,70.000000
-0.108554,-0.460701,-0.024652,-0.019854,301.580129,70.000000
0.999206,-0.344805,0.029904,0.005944,266.469624,70.000000
0.865135,0.320283,0.151090,-0.039915,221.512139,70.000000
0.990856,-0.678649,0.409325,-0.309751,156.076276,70.000000
-0.060282,0.848536,0.301946,0.097791,191.215508,70.000000
-0.659650,-0.735963,-0.589784,-0.505348,148.719005,70.000000
0.665588,0.539655,0.591008,0.410512,172.673396,70.000000
-0.011344,-0.659379,0.090411,-0.154716,205.893275,70.000000
-0.182237,-0.861608,-0.041509,0.058722,256.772339,70.000000
0.962743,0.816015,0.722007,0.645548,130.768068,70.000000
0.761106,-0.093427,0.202689,-0.037077,279.087571,70.000000
-0.233931,0.325064,0.032604,0.006799,344.750513,70.000000
-0.646028,0.214452,0.091905,0.014132,263.282473,70.000000
0.289348,-0.934341,0.337224,-0.154432,164.112242,70.000000
0.525908,0.929050,0.937799,0.459037,139.995641,70.000000
0.546033,-0.831361,-0.644757,-0.339582,152.766170,70.000000
-0.692112,-0.330635,0.444238,-0.119946,215.153815,70.000000
-0.975052,0.300879,0.243698,0.086907,206.652649,70.000000
0.877961,-0.110062,0.198594,-0.082061,227.973418,70.000000
0.195152,-0.083214,0.069803,-0.000234,368.013436,70.000000
-0.570880,-0.774373,0.585751,-0.599475,152.858076,70.000000
-0.890164,-0.980148,0.631239,-0.439327,125.447657,70.000000
0.646574,0.969354,0.731289,0.880095,130.700904,70.000000
-0.061078,-0.533961,0.050214,0.054012,287.527371,70.000000
-0.280503,-0.410912,0.023208,-0.018361,294.827362,70.000000
-0.202591,-0.946009,-0.059241,0.027096,299.243626,70.000000
0.420933,0.622285,0.446157,-0.091304,198.765351,70.000000
0.745636,-0.089061,-0.274994,0.104435,247.880594,70.000000
-0.852656,-0.590335,0.186716,0.114839,154.300228,70.000000
0.240514,0.318087,-0.098244,-0.037015,326.664850,70.000000
0.084548,0.992222,0.131598,-0.151747,209.206101,70.000000
0.280584,-0.224967,-0.080776,-0.000256,353.740527,70.000000
0.975989,-0.557543,0.797460,-0.402735,156.966071,70.000000
-0.620239,-0.358339,0.132849,0.037381,214.680441,70.000000
-0.597378,-0.128422,0.141143,0.013616,291.530864,70.000000
-0.384923,0.595279,0.290996,0.190340,207.892917,70.000000
0.861863,-0.672984,-0.527062,-0.181112,144.796048,70.000000
-0.849729,0.605674,0.731768,0.481328,152.946528,70.000000
-0.430863,0.481032,0.333632,-0.006035,225.239605,70.000000
0.708309,0.552889,-0.111606,-0.098228,167.382263,70.000000
0.398699,0.939434,-0.440840,0.202665,152.990223,70.000000
-0.934307,-0.901202,0.607105,-0.604329,126.021709,70.000000
-0.504858,0.855617,-0.551442,-0.107877,156.131838,70.000000
0.358295,-0.130334,0.112213,0.006861,345.468085,70.000000
-0.518195,0.690855,-0.381657,0.210175,165.297724,70.000000
-0.801846,-0.625132,0.683932,-0.589931,152.890757,70.000000
-0.590079,0.547224,-0.410918,0.188246,179.792320,70.000000
-0.804778,0.092456,-0.167575,-0.005045,250.925274,70.000000
-0.095883,0.501522,-0.025122,0.012634,327.375818,70.000000
-0.925996,0.781488,0.901270,0.744075,135.325084,70.000000
0.476585,-0.035443,-0.086694,-0.009869,300.927987,70.000000
0.317825,-0.307173,-0.105484,0.049014,304.130888,70.000000
-0.648367,0.887666,0.584750,0.445213,135.603044,70.000000
-0.994595,-0.162682,-0.133556,-0.055709,206.227164,70.000000
-0.191196,0.575640,0.044750,0.013596,325.931123,70.000000
0.778979,0.300265,-0.255057,0.008795,224.889511,70.000000
0.561178,-0.274694,0.275075,-0.009620,252.770661,70.000000
-0.785408,-0.356316,0.540830,-0.118998,202.864083,70.000000
-0.605374,-0.525464,-0.595740,-0.379840,180.050877,70.000000
0.520386,0.119158,-0.149913,-0.000628,306.219201,70.000000
0.690029,-0.683618,-0.709481,-0.593706,152.862434,70.000000
0.432358,0.649048,0.431707,0.228699,199.330874,70.000000
0.552529,0.356414,0.382574,0.063954,229.065518,70.000000
0.242400,0.021535,0.094773,0.000128,366.484026,70.000000
-0.066353,0.811636,-0.565075,0.350215,149.254820,70.000000
-0.832514,-0.061296,-0.158005,0.025634,218.949149,70.000000
-0.204074,0.126050,-0.055521,0.000274,365.603919,70.000000
0.518087,-0.512755,-0.516036,-0.203103,197.050656,70.000000
0.120144,-0.737822,-0.023413,-0.125609,202.135357,70.000000
-0.574132,0.567579,0.388015,0.097118,176.794031,70.000000
-0.704207,0.391336,0.422058,0.167274,196.922620,70.000000
-0.821557,0.088164,-0.260307,-0.016829,261.217904,70.000000
-0.233250,-0.230107,0.001961,0.009842,351.207647,70.000000
0.586161,-0.387479,0.424745,-0.142330,212.618747,70.000000
-0.359435,0.973150,-0.423305,0.025121,159.829145,70.000000
-0.259639,0.247214,-0.052249,-0.004259,339.347755,70.000000
0.933827,0.833342,0.838029,0.732994,130.669182,70.000000
-0.013276,0.864366,0.023056,0.071094,214.590996,70.000000
-0.598689,-0.172956,-0.245420,0.029785,275.220684,70.000000
-0.872786,-0.915747,0.170108,0.120564,127.641905,70.000000
-0.964726,-0.150603,-0.382589,-0.123924,193.619838,70.000000
0.810141,0.035183,-0.337764,0.081980,241.309684,70.000000
-0.678866,0.294712,-0.379159,0.004327,233.179115,70.000000
-0.771687,0.251223,-0.199796,-0.059081,248.779239,70.000000
0.303496,0.849039,0.191519,0.144567,238.831103,70.000000
-0.198030,-0.288632,-0.075647,0.021563,340.987668,70.000000
0.960575,0.385487,-0.074407,-0.176171,180.906538,70.000000
0.877194,-0.993815,-0.372370,-0.040103,124.659350,70.000000
0.951386,-0.053400,0.907266,-0.020327,168.617343,70.000000
0.499248,0.864933,0.711364,0.275408,149.277125,70.000000
0.935221,0.266729,0.260281,-0.326240,151.280188,70.000000
0.907395,0.584659,-0.676844,0.280709,153.069384,70.000000
0.363010,-0.886921,0.653007,-0.710741,133.335866,70.000000
-0.473368,0.098248,-0.118466,0.010638,314.159850,70.000000
-0.741797,0.617304,-0.664312,0.585401,157.006026,70.000000
-0.977935,-0.151484,-0.160127,0.006652,244.023943,70.000000
0.006892,-0.166503,-0.008259,-0.000006,321.675189,70.000000
-0.410375,0.833485,-0.538727,-0.082639,178.216302,70.000000
0.374972,0.146569,-0.146637,-0.011324,334.692991,70.000000
-0.612200,0.749401,0.558208,0.127205,152.431384,70.000000
-0.819221,-0.644203,-0.353951,-0.006613,149.545451,70.000000
0.888090,0.133208,0.354775,-0.208084,212.437093,70.000000
0.825567,-0.688849,-0.466891,-0.138419,144.901685,70.000000
0.514088,0.278314,-0.311069,-0.016453,263.292941,70.000000
-0.372460,0.069039,0.154367,0.004179,340.550902,70.000000
0.335276,0.981836,-0.142858,-0.017822,199.363086,70.000000
-0.278881,0.843683,0.392751,-0.308872,158.454740,70.000000
-0.219934,-0.438365,0.135082,0.221681,231.692694,70.000000
0.392244,0.446453,-0.130751,-0.035224,271.185987,70.000000
-0.470140,0.364712,0.172711,-0.014757,254.112477,70.000000
-0.289446,-0.710871,-0.873288,0.463105,132.774705,70.000000
0.389496,0.253750,0.173145,-0.033539,295.769188,70.000000
0.775135,-0.300684,0.166146,0.008244,226.755574,70.000000
0.405717,0.893682,-0.914321,0.280317,152.894437,70.000000
0.107460,0.084464,0.021366,-0.000063,349.200041,70.000000
-0.410388,0.604344,-0.476956,0.232556,193.338009,70.000000
-0.788390,-0.466054,0.114622,0.091466,174.932015,70.000000
-0.970763,0.390224,-0.101732,0.065870,267.511324,70.000000
0.493722,-0.016476,0.093305,0.003311,312.390029,70.000000
-0.913090,-0.306962,-0.334854,-0.023811,216.078131,70.000000
0.886960,-0.862674,0.850565,-0.834399,130.623862,70.000000
-0.958453,-0.725089,-0.724205,-0.399105,139.735040,70.000000
-0.574712,0.819288,-0.467742,0.527924,148.632296,70.000000
-0.226985,-0.929831,0.959274,0.500314,117.616240,70.000000
0.333623,-0.799740,-0.302331,0.219994,193.541454,70.000000
0.773035,0.407274,0.483275,0.285099,186.987178,70.000000
-0.939228,0.388303,-0.451833,0.019555,197.093284,70.000000
0.210168,0.290491,0.009304,-0.046560,334.727804,70.000000
0.289804,0.741057,0.018523,-0.004912,263.574461,70.000000
0.950117,0.624580,0.757631,-0.157398,155.777896,70.000000
-0.683089,-0.673959,0.363567,-0.111931,153.521650,70.000000
0.771512,0.794933,0.757203,0.752763,139.856510,70.000000
0.441428,-0.920953,0.451717,0.047375,175.386803,70.000000
-0.452061,0.212354,0.043653,-0.007237,305.688398,70.000000
-0.974597,-0.058628,-0.271545,0.039736,234.052838,70.000000
0.643636,-0.414269,-0.506876,-0.249231,197.164400,70.000000
-0.613558,-0.067690,0.034853,0.010075,299.372670,70.000000
0.334773,0.532206,-0.013621,0.014105,255.440536,70.000000
0.789679,0.136050,-0.189023,0.006620,267.987229,70.000000
0.586236,0.872504,0.635236,0.703208,139.962769,70.000000
0.172154,-0.614819,-0.379642,0.567001,121.949896,70.000000
0.742400,-0.489700,0.391899,-0.210936,172.956250,70.000000
-0.388847,0.640196,-0.287971,0.090515,211.090584,70.000000
-0.224778,0.151335,-0.059773,-0.002299,362.351612,70.000000
-0.519986,0.593503,-0.367435,0.113488,180.306879,70.000000
-0.992214,-0.142746,0.334387,0.013130,218.584232,70.000000
0.868492,0.744946,0.839335,0.715011,139.877036,70.000000
0.303666,-0.283176,-0.110532,-0.019348,328.130883,70.000000
0.667528,-0.852841,0.638583,-0.653101,139.821137,70.000000
0.293815,0.153223,-0.113936,0.000855,356.157543,70.000000
-0.783996,-0.623274,0.513116,-0.253182,153.197582,70.000000
0.634129,-0.188595,-0.244563,0.077671,258.390660,70.000000
0.278336,-0.002820,0.111770,-0.000049,362.030301,70.000000
0.598773,-0.425357,0.510093,-0.259213,200.436913,70.000000
-0.972433,0.317742,-0.570825,0.128881,172.253178,70.000000
0.286053,-0.302711,-0.029235,-0.009961,345.496922,70.000000
0.342212,-0.438508,0.073489,-0.066109,277.346946,70.000000
-0.008072,0.332980,0.018776,0.000498,334.902911,70.000000
0.399965,0.203851,-0.141285,0.013056,331.883541,70.000000
0.129909,-0.617481,-0.227190,-0.116432,239.357859,70.000000
-0.006119,-0.839455,-1.162679,1.490055,100.463371,70.000000
-0.715349,-0.873097,0.716343,-0.820217,135.323207,70.000000
-0.147440,-0.029966,0.007765,-0.000021,361.012537,70.000000
0.359669,0.956454,-0.046589,0.087741,223.696438,70.000000
-0.880010,-0.326151,-0.093956,0.009403,228.689532,70.000000
0.380111,0.531028,0.173661,0.042649,269.755643,70.000000
0.982813,0.143346,-0.187422,0.051909,240.638062,70.000000
-0.784700,-0.460266,0.522535,-0.422444,176.324848,70.000000
0.306452,0.541851,-0.046594,0.165046,212.537299,70.000000
0.886309,0.188956,-0.314793,-0.279685,145.482377,70.000000
-0.222589,0.944850,-0.116467,0.245971,158.814854,70.000000
0.086539,0.468734,0.085501,-0.012724,290.588678,70.000000
0.015588,-0.019810,0.003602,0.000000,302.024769,70.000000
-0.949722,0.023764,0.365225,-0.011183,198.952603,70.000000
-0.596639,0.283057,-0.406065,0.022099,239.585275,70.000000
-0.657445,0.317904,-0.046846,-0.011478,224.562722,70.000000
-0.991826,0.381535,-0.000010,-0.234779,144.749793,70.000000
0.451746,0.498477,0.378828,-0.020824,222.999647,70.000000
-0.104159,-0.596586,-0.063003,0.125292,235.952197,70.000000
-0.823891,0.856484,0.419631,0.120683,134.496950,70.000000
0.930009,0.657428,0.068657,-0.102419,146.796204,70.000000
-0.614539,-0.553420,0.344372,-0.109401,175.939093,70.000000
0.665544,-0.209046,0.302000,-0.002933,246.836104,70.000000
0.557691,-0.886921,0.646285,-0.435016,140.141846,70.000000
-0.488458,0.493393,0.438808,0.148728,209.235229,70.000000
0.451142,0.339849,-0.271391,-0.007222,266.933264,70.000000
-0.153169,-0.304795,0.073111,0.010158,340.546965,70.000000
-0.695128,0.982323,-0.345083,0.253100,130.017685,70.000000
-0.093845,0.745581,0.053964,0.097033,260.520631,70.000000
0.982966,0.711804,0.912423,0.526176,139.863670,70.000000
-0.713388,0.094372,-0.196870,0.079327,262.967297,70.000000
0.106747,0.093825,0.037597,0.000043,347.053097,70.000000
0.912078,-0.708895,0.716427,-0.469801,140.012231,70.000000
-0.399807,0.439317,0.245736,0.069705,263.255233,70.000000
-0.398871,0.180525,-0.134844,0.012107,334.062641,70.000000
0.080573,0.187477,0.048303,0.001602,353.380185,70.000000
0.925511,-0.936847,-0.844938,-0.939506,125.805624,70.000000
0.412809,0.087924,-0.178904,0.008722,297.162027,70.000000
-0.266694,-0.333832,-0.014520,0.003344,334.371124,70.000000
-0.706317,0.928632,-0.690740,0.578898,130.806410,70.000000
-0.479511,0.853129,0.024453,-0.396664,168.109826,70.000000
0.544681,0.453541,-0.303255,0.049099,203.887737,70.000000
0.662337,-0.105667,0.210533,-0.063092,270.815249,70.000000
0.055056,-0.673641,-0.094085,0.001451,330.259639,70.000000
0.114746,0.536730,0.006598,0.007901,311.867781,70.000000
0.818208,-0.385586,-0.315469,-0.070372,196.074772,70.000000
-0.538200,0.465962,0.499800,0.203491,203.457391,70.000000
-0.580126,-0.181398,0.138477,0.016270,293.990939,70.000000
-0.755579,0.989034,0.945194,0.698368,125.955832,70.000000
0.691790,0.916681,-0.264844,-0.025101,133.979752,70.000000
0.657802,-0.327350,-0.318508,-0.056030,220.620991,70.000000
0.224080,0.111444,0.064329,-0.000718,366.030240,70.000000
-0.963968,0.593590,0.149709,0.059748,153.917245,70.000000
0.472068,0.051264,-0.004048,0.007011,305.878566,70.000000
-0.398147,0.350028,0.154016,-0.018930,301.569405,70.000000
0.922717,0.104750,-0.115684,-0.010337,218.137849,70.000000
0.527044,0.020226,-0.174926,-0.023469,299.339956,70.000000
-0.065838,-0.544718,0.249826,-0.045926,252.204722,70.000000
0.920694,0.102274,-0.385739,-0.046090,192.445447,70.000000
0.926526,0.114996,-0.254186,-0.088633,234.190038,70.000000
0.736407,0.784552,0.361383,0.089860,140.709102,70.000000
-0.036064,-0.125509,0.014163,-0.000001,325.485863,70.000000
0.562161,0.233013,-0.276867,-0.000330,266.831399,70.000000
0.241930,0.124681,-0.026415,0.001008,364.123295,70.000000
-0.483816,0.507909,0.403669,0.064133,208.999088,70.000000
0.432475,0.599552,0.457242,0.280259,193.394580,70.000000
0.663166,-0.173978,0.076082,-0.040859,277.099669,70.000000
-0.054421,-0.662023,0.008694,-0.316767,188.473046,70.000000
-0.620018,-0.635022,-0.352193,-0.075704,164.392390,70.000000
-0.810047,-0.452441,0.520332,-0.440419,176.307216,70.000000
-0.171162,-0.719194,-0.009663,0.231761,210.894723,70.000000
0.505166,0.332733,0.285990,-0.012703,248.624972,70.000000
0.250674,-0.922213,0.294228,-0.255873,204.333226,70.000000
0.367452,-0.240623,-0.108394,-0.020009,326.649866,70.000000
-0.146843,0.006648,0.060894,0.000001,360.920162,70.000000
-0.265438,0.777690,-0.141015,-0.087048,236.715789,70.000000
0.635670,-0.293221,-0.223662,0.031962,235.550823,70.000000
-0.169750,-0.982693,0.118215,-0.238318,148.214305,70.000000
-0.115628,0.647155,-0.096380,-0.035421,215.898127,70.000000
0.731983,0.438928,-0.530174,0.384780,183.541634,70.000000
-0.943844,0.811359,-0.424068,0.187916,131.378938,70.000000
0.506570,-0.075647,0.067572,-0.012213,315.098388,70.000000
0.602346,-0.373516,0.445569,-0.177973,212.668224,70.000000
0.317518,0.533419,-0.116307,-0.065202,275.811653,70.000000
-0.830596,0.168694,-0.197892,-0.117051,253.851234,70.000000
-0.755664,-0.439670,0.092410,0.095026,182.116481,70.000000
0.468565,-0.834886,0.351839,-0.206433,156.503888,70.000000
0.076219,-0.986540,1.236956,0.155376,112.286497,70.000000
-0.775384,0.116754,-0.110855,0.035169,263.004634,70.000000
0.281968,-0.965295,-0.348626,0.088533,210.443140,70.000000
0.283914,-0.252981,-0.055067,0.002107,356.140259,70.000000
0.143132,-0.373905,0.011158,-0.001040,322.265882,70.000000
-0.216060,0.683272,-0.062413,-0.017871,269.592417,70.000000
-0.243250,-0.299838,-0.081642,-0.004338,343.894760,70.000000
0.630269,0.928236,-0.578374,0.694136,135.280354,70.000000
0.870235,0.037637,-0.497268,-0.003775,216.362133,70.000000
0.567884,0.428842,-0.008518,-0.062359,205.083705,70.000000
-0.445706,-0.981310,-0.098536,-0.195018,180.333751,70.000000
-0.884412,-0.316317,-0.131008,0.032117,215.438542,70.000000
-0.344407,-0.449581,-0.200849,-0.133266,246.731636,70.000000
-0.101085,-0.942925,-0.809000,0.510120,112.361982,70.000000
0.264040,-0.286084,0.042799,-0.026731,333.301063,70.000000
-0.214503,0.851521,0.070693,-0.149140,189.007195,70.000000
-0.494814,-0.344546,0.237903,0.016921,250.407147,70.000000
-0.788632,-0.536752,-0.537549,-0.457752,164.962588,70.000000
0.805641,0.416412,-0.277345,-0.023700,184.098748,70.000000
0.635205,-0.108602,0.201684,0.016999,294.871616,70.000000
0.721162,0.564985,0.619899,0.505249,165.005722,70.000000
-0.302766,-0.585056,0.021373,-0.039286,287.327540,70.000000
0.964353,-0.126646,-0.363413,0.039735,208.659740,70.000000
-0.534650,0.137676,0.032825,-0.009433,296.884038,70.000000
-0.080545,0.283780,-0.002839,-0.001347,338.137741,70.000000
-0.509136,0.955718,0.284786,-0.346040,143.102653,70.000000
0.746234,-0.041490,-0.274444,-0.055972,261.425966,70.000000
0.675140,-0.921648,-0.371112,-0.131074,134.482783,70.000000
-0.133621,0.225149,-0.000263,-0.011523,347.069787,70.000000
0.077548,-0.659035,0.132027,0.008371,203.286689,70.000000
-0.407253,-0.706190,-0.514347,-0.169990,186.318752,70.000000
-0.937273,-0.755440,0.681287,-0.482313,135.500052,70.000000
-0.687615,-0.737346,-0.728342,-0.609375,148.619721,70.000000
-0.576162,0.453265,0.453866,0.190950,197.282367,70.000000
0.020282,0.886052,0.619967,-0.152422,114.189153,70.000000
-0.129698,0.173611,0.050882,-0.000873,359.246461,70.000000
-0.116780,-0.725457,0.350226,-0.033317,219.474894,70.000000
-0.755008,0.584898,0.562610,0.440846,160.986099,70.000000
0.384606,0.068592,0.114697,-0.003607,318.819192,70.000000
0.832652,0.385837,0.591911,0.229992,186.768499,70.000000
0.768682,-0.766883,0.262449,0.034094,141.113155,70.000000
0.992196,-0.158992,0.854732,0.162500,161.002496,70.000000
-0.176376,-0.352538,-0.045617,0.004806,331.686596,70.000000
0.899148,-0.024896,0.709878,0.000964,183.286550,70.000000
-0.419998,-0.905292,-0.563261,-0.283481,149.003444,70.000000
0.755891,0.253147,0.379786,-0.026438,227.113790,70.000000
0.634086,-0.915822,-0.661377,-0.847637,135.355890,70.000000
-0.212938,-0.849359,-0.209889,-0.129485,204.093140,70.000000
0.828514,0.842943,-0.705002,0.598016,135.200310,70.000000
-0.660027,0.932003,0.028791,-0.160830,133.079407,70.000000
0.176562,-0.524741,-0.214242,0.142996,204.106479,70.000000
0.678321,0.548451,-0.542787,0.355401,168.969360,70.000000
-0.177365,-0.966980,-0.281056,0.439417,158.528761,70.000000
-0.040546,0.548723,0.111860,-0.065579,284.712685,70.000000
0.387944,0.181750,-0.074254,0.013978,324.500508,70.000000
0.678418,0.178277,0.248660,-0.075994,255.700168,70.000000
0.303941,0.330156,0.002338,0.021854,332.135987,70.000000
0.932127,0.260380,-0.054572,0.084219,240.502820,70.000000
0.200579,-0.871012,0.043651,-0.138069,252.939091,70.000000
0.897977,0.296200,0.586513,0.182471,186.608460,70.000000
0.230135,-0.129211,-0.070610,0.000825,364.954307,70.000000
0.352778,-0.868223,-0.426224,-0.216757,161.051901,70.000000
-0.226548,0.407563,0.052306,0.004590,322.980582,70.000000
-0.096162,-0.186865,-0.013585,-0.000345,350.322586,70.000000
-0.637983,-0.586772,0.578353,-0.373911,168.838770,70.000000
0.115056,-0.249014,-0.029075,0.002264,353.389396,70.000000
0.817256,-0.384516,-0.061311,0.037576,191.372838,70.000000
-0.557007,0.375750,0.374451,0.097322,221.246698,70.000000
-0.773909,0.917798,-0.799174,0.878860,130.635223,70.000000
-0.568883,0.785051,0.427011,0.198774,152.423986,70.000000
0.356168,0.107792,0.130578,0.000037,348.069357,70.000000
-0.339639,-0.313226,0.157794,-0.074463,301.265288,70.000000
-0.383858,0.498099,-0.081180,0.073961,216.707884,70.000000
-0.447760,0.501537,0.355800,-0.015542,224.904554,70.000000
-0.672954,-0.338745,0.436595,-0.133532,215.235044,70.000000
0.707862,-0.959377,0.652277,-0.843382,130.644953,70.000000
-0.251855,-0.918760,-0.197339,0.260356,198.219572,70.000000
0.398164,-0.058308,0.340858,0.004699,284.370860,70.000000
0.016798,0.328030,0.006611,0.028960,327.044304,70.000000
-0.802026,0.345782,0.412792,0.114347,208.613013,70.000000
-0.449450,0.085743,0.178432,0.004137,324.400451,70.000000
-0.917237,-0.008043,-0.454678,0.002541,183.066232,70.000000
0.816478,0.541440,-0.538548,0.347723,161.195595,70.000000
-0.010554,0.617759,0.148054,-0.133731,255.140136,70.000000
0.676912,0.854494,0.571798,0.447552,139.649568,70.000000
-0.517154,0.189130,-0.172307,0.023509,274.760330,70.000000
0.700262,-0.689715,-0.675834,-0.507519,152.824875,70.000000
-0.038623,0.864303,-0.404345,0.255850,184.127735,70.000000
0.333606,0.915834,0.304957,-0.063392,202.319150,70.000000
0.426739,0.198655,0.226672,0.025334,300.987803,70.000000
0.797677,0.561361,-0.575006,0.536180,161.041823,70.000000
0.795418,0.595049,0.628064,0.600127,157.013442,70.000000
0.988264,-0.248924,0.200582,0.005382,248.435429,70.000000
0.340893,-0.607920,0.126009,0.083481,279.202510,70.000000
0.687117,0.383433,0.458260,0.208719,200.232279,70.000000
0.351871,-0.107808,0.002137,0.002290,343.591604,70.000000
0.077002,0.168131,0.022337,0.000046,342.917948,70.000000
-0.219544,0.120774,0.020819,-0.001753,366.057353,70.000000
-0.155193,-0.333911,-0.044704,0.024640,313.756739,70.000000
-0.050277,0.996577,-0.033237,-0.238284,194.906438,70.000000
-0.536649,0.535175,-0.011976,-0.072612,188.678821,70.000000
0.689138,0.344146,0.272691,0.061474,212.013445,70.000000
0.066751,-0.112577,-0.020310,0.000007,331.772093,70.000000
-0.082347,-0.007118,0.022314,-0.000000,330.824351,70.000000
0.370995,-0.681514,0.301000,0.048096,228.525005,70.000000
-0.212958,0.822450,0.015940,0.013761,295.807154,70.000000
0.922906,-0.710638,0.832120,-0.612550,139.911880,70.000000
0.305341,-0.129331,0.034106,-0.004268,356.753335,70.000000
0.342042,0.706323,0.212894,-0.082807,255.434995,70.000000
-0.834716,0.932969,0.212944,-0.107596,127.505814,70.000000
0.410737,-0.743098,0.501426,-0.338933,179.555976,70.000000
0.753308,0.847899,-0.700278,0.688079,135.359041,70.000000
0.641062,0.321546,0.294318,0.029143,223.816639,70.000000
0.230511,0.200005,0.051299,0.002809,357.623260,70.000000
-0.511800,0.178257,-0.190607,-0.013258,292.680797,70.000000
-0.030261,-0.596473,-0.008251,0.003583,305.492886,70.000000
-0.926341,0.982446,-0.414365,0.098861,121.874255,70.000000
-0.025993,-0.866187,0.039411,0.088119,269.811785,70.000000
-0.001225,-0.584940,0.017957,-0.026232,274.917014,70.000000
0.915012,0.614747,-0.816527,0.390187,152.845761,70.000000
0.047065,-0.986143,0.160797,0.269458,121.918708,70.000000
-0.108758,0.109299,0.035463,-0.000097,350.452566,70.000000
0.985099,0.555479,0.692666,0.371583,156.930229,70.000000
-0.058982,0.685280,1.780034,-0.237181,108.745741,70.000000
-0.500062,-0.546241,-0.142219,0.017680,194.603349,70.000000
-0.668826,-0.952879,-0.737191,-0.791026,130.705100,70.000000
0.962389,0.876552,-0.196175,-0.010289,127.380700,70.000000
0.207533,0.005138,-0.090373,-0.000075,368.963473,70.000000
0.346352,-0.862477,0.260077,-0.123667,214.267942,70.000000
0.351631,-0.132972,-0.132564,-0.001672,343.924347,70.000000
-0.859743,0.306084,-0.400428,-0.094345,209.838847,70.000000
0.348407,-0.331565,-0.119238,-0.009123,326.588958,70.000000
-0.616395,0.243612,0.198254,0.029423,246.583773,70.000000
0.394920,-0.579316,-0.056544,0.036149,237.729296,70.000000
-0.570575,0.348706,0.416025,0.099656,226.614893,70.000000
0.693653,0.218918,0.346327,0.001760,243.189128,70.000000
-0.646270,0.140826,0.214618,0.074427,278.711865,70.000000
0.870619,0.495456,0.564126,0.275869,165.133745,70.000000
-0.867759,-0.418023,0.613830,-0.223978,183.224592,70.000000
0.289549,0.445899,0.030824,-0.023975,308.815174,70.000000
0.222758,-0.109873,0.091686,0.002958,365.487810,70.000000
-0.627389,-0.530454,0.579840,-0.366771,176.429500,70.000000
0.656300,0.427287,0.190928,-0.038329,193.009245,70.000000
-0.588378,-0.864254,-0.564308,-0.427705,140.165314,70.000000
0.478489,-0.028785,0.239647,0.033148,298.370496,70.000000
0.203913,-0.826366,-0.287390,0.037105,208.090780,70.000000
-0.738054,-0.480351,0.549191,-0.368489,176.336173,70.000000
0.742139,-0.876568,-0.698698,-0.752931,135.285011,70.000000
-0.476009,-0.277422,-0.251074,-0.022690,273.027992,70.000000
-0.631325,-0.671649,-0.564564,-0.363346,157.137299,70.000000
-0.398943,0.957044,-0.295834,0.131694,147.952799,70.000000
-0.958772,-0.081331,-0.270575,-0.028280,249.752798,70.000000
-0.932312,0.626463,-0.245075,0.094326,149.545222,70.000000
0.961129,-0.302840,-0.135479,0.378140,173.762701,70.000000
0.169847,0.617637,-0.239371,0.093478,141.220477,70.000000
0.622646,0.815862,-0.652894,0.726879,144.316594,70.000000
0.197876,-0.297498,-0.050682,-0.006651,344.372804,70.000000
-0.044214,0.903058,-0.660460,0.378699,113.949947,70.000000
-0.309487,0.453419,0.117555,0.062929,307.242189,70.000000
0.613002,0.724508,-0.595428,0.471120,152.933808,70.000000
0.801439,-0.210685,-0.243151,0.061680,250.127175,70.000000
-0.986370,0.073790,0.090790,0.022642,244.805914,70.000000
0.185452,0.888302,0.342934,0.331888,157.213877,70.000000
-0.302069,-0.868840,-0.248693,-0.154487,199.036737,70.000000
-0.599117,0.641576,-0.659897,0.406331,164.980334,70.000000
0.968542,0.281892,0.134156,-0.070723,256.980352,70.000000
-0.237346,0.921056,-2.767620,-1.007415,103.546624,70.000000
0.191581,-0.097410,0.062832,-0.000557,367.201310,70.000000
0.835930,-0.528450,-0.270966,0.047691,162.062998,70.000000
0.333620,-0.841141,0.276129,-0.059243,250.559768,70.000000
0.938136,-0.744880,-0.219405,0.042205,136.759311,70.000000
0.801574,0.049617,-0.292244,-0.014244,256.361090,70.000000
-0.083928,-0.575528,-0.055805,0.080516,181.558465,70.000000
-0.904548,-0.736930,-0.812664,-0.628732,139.871937,70.000000
0.424698,-0.101410,-0.136983,0.000859,336.235655,70.000000
-0.395697,-0.480640,-0.160354,0.026030,268.812212,70.000000
-0.114953,-0.017116,0.009434,0.000009,349.655282,70.000000
0.327405,0.698806,0.255732,0.166224,231.190367,70.000000
0.824534,-0.056439,0.305359,-0.004833,208.269301,70.000000
-0.570034,-0.559433,-0.593052,-0.351693,180.013400,70.000000
-0.384013,-0.100709,-0.117504,-0.005708,338.272792,70.000000
-0.622615,-0.290541,-0.209894,0.029196,238.233187,70.000000
0.881540,0.037934,-0.412594,-0.009167,215.802514,70.000000
-0.441631,-0.500548,0.349311,0.016887,225.879397,70.000000
-0.712008,-0.724689,-0.719916,-0.610070,148.619422,70.000000
0.144524,-0.991155,-0.043719,0.021880,263.731014,70.000000
-0.344878,-0.362870,-0.145996,-0.062613,284.517455,70.000000
-0.747904,-0.017828,0.233282,-0.021729,274.036754,70.000000
0.363751,-0.436435,0.175542,0.112169,262.841379,70.000000
0.838446,-0.242202,0.078213,0.058100,216.612601,70.000000
-0.683228,0.983734,-0.424892,0.456670,130.359983,70.000000
-0.383875,0.211685,0.138188,0.030039,319.467232,70.000000
-0.204655,0.369166,-0.078284,0.058819,295.342479,70.000000
0.566818,0.511434,0.413145,0.127163,187.348991,70.000000
-0.322521,-0.604152,-0.190308,0.111852,243.653123,70.000000
0.014967,-0.450028,0.019247,-0.000520,332.025942,70.000000
0.376944,-0.700336,-0.390166,-0.076617,188.789330,70.000000
-0.544754,0.320224,-0.303500,0.013987,239.688717,70.000000
-0.002983,-0.136215,0.001874,-0.000002,315.713304,70.000000
0.642274,0.702883,-0.554042,0.393306,153.011317,70.000000
-0.640060,0.512802,-0.223753,-0.013874,179.162728,70.000000
0.657954,0.224719,0.097229,-0.014655,252.008063,70.000000
0.855264,0.428537,0.492927,0.313584,179.793800,70.000000
0.422951,0.530969,-0.263719,-0.065019,243.744481,70.000000
-0.002699,0.641987,0.023842,0.006335,311.290586,70.000000
-0.118082,-0.602178,0.036158,-0.181157,192.617003,70.000000
-0.809617,0.763190,-0.753736,0.661788,139.882632,70.000000
0.934146,0.186078,0.281609,-0.132577,225.453744,70.000000
-0.584605,0.546007,-0.579842,0.360318,180.027866,70.000000
0.737938,0.520331,-0.553270,0.447503,168.899374,70.000000
-0.802726,0.590888,-0.629860,0.601466,157.015454,70.000000
-0.945730,-0.883981,0.231506,0.012874,127.294027,70.000000
0.930619,0.912053,-0.730565,0.816275,125.861604,70.000000
0.876980,-0.590329,-0.439268,-0.034940,153.558802,70.000000
0.339298,0.588049,0.013672,0.055918,241.728171,70.000000
-0.665076,0.074187,0.236748,-0.023110,264.243591,70.000000
0.868655,-0.522117,-0.524021,-0.187244,161.355900,70.000000
0.773135,0.072914,0.203040,-0.021514,290.479657,70.000000
-0.541005,-0.664606,-0.074087,0.071386,166.568575,70.000000
-0.034156,-0.054974,-0.005836,0.000000,310.220775,70.000000
0.059675,0.964459,0.409328,-0.570744,118.086665,70.000000
-0.345380,-0.797144,0.316502,-0.015944,220.152176,70.000000
0.397797,-0.227819,0.108644,0.022086,315.059537,70.000000
-0.958519,0.163754,0.383661,-0.005779,195.984501,70.000000
0.216279,0.998064,0.217874,-0.036129,146.586377,70.000000
0.461885,0.908870,-0.505529,-0.324226,158.398143,70.000000
-0.615815,-0.006171,0.252274,0.008312,275.826660,70.000000
0.275993,0.620759,0.243359,0.165625,184.647613,70.000000
-0.897822,0.297349,0.387710,0.007379,195.820745,70.000000
-0.448673,-0.845488,0.522254,-0.628590,152.906997,70.000000
-0.120160,0.471960,0.064454,-0.039304,319.014492,70.000000
0.235469,-0.480374,0.044681,-0.015505,316.546716,70.000000
0.359226,-0.494391,0.186289,-0.037304,206.178148,70.000000
0.777998,-0.193776,0.135828,0.050007,275.556946,70.000000
-0.801182,0.531201,-0.531736,0.468661,164.965540,70.000000
-0.103836,0.821907,-0.083172,0.207123,210.092049,70.000000
-0.214724,-0.865958,0.065373,0.068217,277.749432,70.000000
-0.154956,-0.338957,0.060471,0.002543,330.114172,70.000000
-0.849395,0.222080,0.145905,-0.092909,238.984475,70.000000
0.505891,0.505978,-0.512702,0.173565,203.261527,70.000000
-0.032119,0.174404,-0.001542,-0.000032,333.288080,70.000000
-0.796253,-0.620811,0.607495,-0.403340,153.007253,70.000000
0.037000,-0.138667,-0.008706,-0.000005,331.214251,70.000000
-0.580715,-0.082522,-0.140846,0.033333,300.360333,70.000000
-0.948283,0.207136,-0.092572,-0.012874,253.427989,70.000000
-0.672806,0.150165,-0.145096,-0.045951,268.716749,70.000000
-0.170904,-0.377234,0.023489,-0.002378,344.255782,70.000000
-0.171501,-0.412987,-0.052146,-0.048392,310.182030,70.000000
0.922763,0.882362,0.606863,0.241207,130.105524,70.000000
-0.141402,-0.546172,-0.211041,0.258996,215.763022,70.000000
0.493969,0.142457,-0.104569,-0.008314,308.342845,70.000000
0.267529,0.361252,-0.050577,-0.017629,294.601627,70.000000
-0.432936,-0.352713,-0.007414,-0.029929,256.273233,70.000000
-0.046839,0.783967,0.440990,-0.699321,132.985700,70.000000
0.135832,0.929350,-0.092084,-0.669929,156.074631,70.000000
-0.422082,0.074147,0.103259,-0.006125,322.457863,70.000000
0.193740,0.185184,-0.073265,0.002327,360.466713,70.000000
0.392570,-0.079863,0.005401,-0.006927,304.151315,70.000000
-0.256490,-0.828998,-1.661150,0.125501,120.036782,70.000000
-0.973680,-0.632697,-0.269979,-0.143993,169.251163,70.000000
0.254822,0.787884,-0.484984,-0.295062,191.497241,70.000000
-0.030534,0.812594,1.087311,-0.543481,124.946829,70.000000
-0.729790,0.411657,0.495569,0.333424,190.394320,70.000000
0.723921,0.937882,0.761213,0.885952,130.652733,70.000000
0.977994,-0.862722,0.468410,0.102926,129.595373,70.000000
0.229827,0.701676,-0.073207,-0.102621,246.624324,70.000000
-0.936309,-0.537795,-0.749718,-0.464729,157.049357,70.000000
-0.713780,-0.500800,-0.369688,-0.165215,173.056831,70.000000
-0.945792,0.067285,-0.205837,-0.019361,222.479443,70.000000
0.867008,-0.201121,0.341082,-0.117916,220.227736,70.000000
-0.240697,0.599858,0.024402,-0.001673,276.310644,70.000000
-0.191670,0.609476,0.036827,0.051521,299.569368,70.000000
-0.537136,0.355805,0.286960,0.042657,232.004046,70.000000
0.020599,0.199499,-0.009336,0.000092,343.511964,70.000000
0.979277,0.716535,0.812392,0.345829,139.735634,70.000000
0.796185,-0.523702,0.546142,-0.442201,165.044945,70.000000
0.139937,-0.072440,-0.040717,-0.000177,360.479038,70.000000
0.502723,-0.732743,-0.694056,-0.468103,160.994967,70.000000
0.794793,0.082278,0.439962,-0.051750,213.397078,70.000000
0.854341,0.902038,0.750423,0.685294,130.542870,70.000000
0.551187,-0.199574,0.221137,0.024135,276.137469,70.000000
-0.239918,-0.297297,-0.047154,0.003835,341.916165,70.000000
-0.679063,0.995052,0.057926,-0.172373,128.124705,70.000000
-0.155471,-0.997457,-0.408386,0.466358,152.220168,70.000000
-0.261324,-0.080392,-0.001732,-0.001579,363.329029,70.000000
0.857341,-0.675185,-0.530770,-0.188301,144.783035,70.000000
0.165026,-0.413585,-0.308313,-0.294026,192.187007,70.000000
0.874723,-0.537701,-0.320115,-0.167245,160.522659,70.000000
0.853591,0.308956,0.166031,-0.015185,221.383938,70.000000
0.620873,-0.988094,0.701255,-0.896910,130.722425,70.000000
-0.903890,0.317207,-0.533314,0.056450,205.689679,70.000000
-0.709497,-0.521025,-0.429148,-0.167237,172.356186,70.000000
-0.859065,-0.313640,-0.311216,-0.169195,193.017119,70.000000
0.656919,0.833807,0.591289,0.619525,139.961833,70.000000
-0.211466,-0.113070,-0.062813,0.000143,366.846811,70.000000
-0.365995,0.714853,0.099016,-0.046148,210.883711,70.000000
0.541035,-0.823346,-0.508274,-0.026410,153.172584,70.000000
0.025483,0.288783,0.008062,0.000051,320.838959,70.000000
-0.416144,-0.135184,-0.132917,0.001959,324.000565,70.000000
-0.030896,0.738205,-0.343758,1.071359,113.111899,70.000000
-0.994831,-0.125532,-0.325960,-0.012619,214.068163,70.000000
0.175929,0.843168,0.012672,0.782572,155.754735,70.000000
-0.880720,-0.259329,-0.156685,0.092760,228.401408,70.000000
-0.546982,0.872064,0.862963,0.501511,144.473778,70.000000
0.780664,0.625774,-0.543436,0.308418,153.117760,70.000000
-0.614462,0.731607,0.729037,0.574604,152.852717,70.000000
0.118054,0.140015,-0.006207,-0.000129,351.129577,70.000000
-0.759848,-0.768676,0.050603,0.141913,142.257648,70.000000
0.858264,0.843018,-0.255204,-0.063388,133.873971,70.000000
0.606734,-0.624684,0.616572,-0.374490,165.056795,70.000000
0.942802,-0.331688,0.071664,-0.079696,223.686432,70.000000
-0.682166,0.844432,-0.662810,0.685441,139.836436,70.000000
0.370127,0.718362,-0.462078,0.059792,201.632412,70.000000
-0.482890,0.071474,-0.176134,0.012596,319.620065,70.000000
-0.732797,-0.123099,0.065663,0.045610,268.065223,70.000000
-0.932591,-0.049057,0.494257,0.030061,210.043094,70.000000
-0.502734,0.544049,-0.565291,0.230904,193.677159,70.000000
-0.170865,0.273403,0.083460,0.018452,346.372798,70.000000
-0.909021,0.079868,-0.157016,0.046858,227.096631,70.000000
0.342831,-0.046123,-0.059332,0.001182,352.713026,70.000000
0.811594,0.460953,-0.006253,-0.113207,174.487290,70.000000
-0.766659,0.769859,-0.395504,0.115786,140.617626,70.000000
-0.973260,0.422962,-0.480696,0.249948,179.447642,70.000000
0.727740,-0.879629,-0.707109,-0.802546,135.306182,70.000000
0.070998,-0.736465,0.061003,-0.457646,142.091753,70.000000
0.231705,0.262245,0.082253,-0.002055,351.263075,70.000000
-0.441069,0.950857,0.113319,-0.126358,199.522781,70.000000
-0.943686,-0.535815,-0.707209,-0.349153,157.098399,70.000000
0.555239,-0.095636,-0.158255,0.030642,291.162161,70.000000
0.651063,0.409277,-0.521961,0.273107,197.165179,70.000000
0.723316,0.776531,-0.623161,0.437955,144.130525,70.000000
-0.846167,0.478417,0.446775,0.100327,169.241847,70.000000
0.748344,-0.575484,-0.605543,-0.513770,161.066008,70.000000
-0.157959,-0.821167,-0.144388,-0.275623,184.904386,70.000000
0.638803,0.369275,-0.412604,0.138618,209.534778,70.000000
0.402149,0.911981,0.634581,0.229846,164.214654,70.000000
-0.340834,-0.396315,0.164206,0.031681,293.787608,70.000000
-0.871256,0.792921,0.791629,0.678140,135.338401,70.000000
0.621714,-0.851042,0.579544,-0.601940,139.996271,70.000000
0.538193,-0.587521,0.612403,-0.309895,179.950597,70.000000
-0.464799,0.119534,0.121448,-0.009807,312.793763,70.000000
-0.998270,0.070235,-0.713791,-0.028078,175.599739,70.000000
0.434128,0.386340,0.251949,0.032604,263.432309,70.000000
-0.784584,-0.504425,0.559438,-0.506519,168.864402,70.000000
0.125860,-0.665711,0.016249,-0.007622,306.261953,70.000000
-0.611123,0.852654,-0.545064,0.469898,140.116453,70.000000
0.553911,-0.417380,0.031970,0.050249,211.307167,70.000000
-0.905256,-0.642262,-0.896120,-0.422035,148.663450,70.000000
-0.490945,0.683363,-0.583922,0.372114,172.415942,70.000000
-0.720677,-0.412381,0.489314,-0.273884,190.385236,70.000000
-0.887930,0.559501,-0.697631,0.521538,157.042309,70.000000
-0.460330,-0.766418,-0.538531,-0.196246,164.645132,70.000000
0.815701,-0.513679,0.531944,-0.368108,165.099197,70.000000
0.594271,-0.086563,0.005159,0.006442,288.752803,70.000000
-0.856249,-0.977630,0.823648,-0.854742,125.786769,70.000000
0.977887,-0.652910,-0.183174,0.200405,160.056474,70.000000
0.539243,-0.948513,-0.912940,-0.398724,135.593860,70.000000
0.349816,-0.650146,0.196256,0.110967,227.621741,70.000000
0.999858,0.607776,-0.750580,0.317729,152.748629,70.000000
0.896601,-0.833993,0.489998,-0.248224,131.206187,70.000000
-0.916624,0.300678,-0.261679,-0.031293,217.471880,70.000000
-0.502811,-0.751481,0.544946,-0.146596,160.675371,70.000000
-0.147087,-0.098001,-0.005889,0.000205,360.882035,70.000000
0.900041,0.987990,-0.058380,-0.168488,123.521962,70.000000
-0.847119,0.470377,-0.081220,-0.074604,171.046145,70.000000
-0.380448,-0.190291,0.125046,-0.017738,326.245039,70.000000
-0.220495,0.136964,-0.061595,0.000239,363.342015,70.000000
-0.042994,-0.594641,-0.004659,-0.031148,305.911541,70.000000
-0.132004,-0.597925,0.024953,-0.021628,210.538949,70.000000
0.679194,-0.778609,-0.682233,-0.697278,144.305935,70.000000
-0.079851,-0.064087,-0.022426,0.000007,332.816584,70.000000
0.895985,0.827561,0.005339,-0.146730,132.957986,70.000000
0.822146,-0.195414,0.201039,-0.086589,259.410770,70.000000
-0.319479,0.514311,-0.135058,-0.004472,272.501086,70.000000
0.022794,-0.906949,-0.563174,0.766482,109.287264,70.000000
0.901811,0.738994,0.801970,0.620425,139.865093,70.000000
0.269973,-0.569938,0.792445,-0.225435,171.489422,70.000000
-0.941957,0.530663,-0.753476,0.438433,157.054614,70.000000
0.851229,0.600150,-0.665927,0.332860,153.056871,70.000000
0.714415,-0.823422,0.713260,-0.761653,139.860168,70.000000
0.748767,0.529404,-0.443084,0.209095,168.585827,70.000000
-0.312354,0.268796,-0.117822,-0.024521,331.658121,70.000000
-0.350335,-0.073861,-0.148891,-0.007625,340.269708,70.000000
0.616926,0.673205,-0.039243,-0.109443,159.179106,70.000000
0.553245,0.391053,0.449894,0.136002,218.368991,70.000000
0.425379,-0.652105,0.517386,-0.082175,199.244101,70.000000
0.076107,-0.876326,-0.061569,-0.154015,177.705949,70.000000
-0.415860,0.633235,0.394545,0.307680,176.616384,70.000000
0.786513,0.926490,0.751676,0.808186,130.607030,70.000000
-0.477053,0.165809,0.058300,0.001937,297.352359,70.000000
0.753138,-0.001244,-0.045660,0.003274,262.912811,70.000000
-0.901485,0.737633,-0.818387,0.641208,139.875410,70.000000
-0.598115,-0.516171,0.488534,-0.276386,183.540767,70.000000
0.710172,-0.132008,0.177069,0.041435,287.276061,70.000000
-0.657249,-0.377240,0.411210,-0.195112,203.564863,70.000000
-0.266951,-0.647851,0.467710,-0.124218,130.575079,70.000000
-0.439746,-0.814647,-0.431820,-0.332142,156.765511,70.000000
0.229370,-0.972408,-1.061109,0.998348,126.982272,70.000000
0.737830,0.708370,0.724995,0.648199,148.630730,70.000000
-0.431437,0.846693,0.452576,0.200189,153.338116,70.000000
0.375727,0.845213,2.596807,-0.177051,131.723620,70.000000
-0.500200,-0.857493,-0.311262,0.336731,172.892482,70.000000
0.117731,0.705792,0.117423,0.707184,142.849129,70.000000
0.240030,0.187068,-0.052291,-0.003642,362.035044,70.000000
0.056463,0.977256,0.010526,-0.102678,261.168984,70.000000
0.733625,0.040137,-0.267593,0.030151,259.849970,70.000000
0.584374,-0.432488,0.463810,-0.207274,200.483150,70.000000
-0.825076,0.943931,0.566211,0.289481,126.352923,70.000000
0.651014,-0.407780,-0.506849,-0.276439,197.172584,70.000000
0.441310,-0.907896,0.081094,-0.015041,230.487146,70.000000
0.997361,0.644365,0.105297,-0.119699,183.658225,70.000000
-0.152790,0.060673,0.054592,-0.000148,361.467428,70.000000
-0.276671,-0.007344,-0.061424,-0.000019,362.245668,70.000000
0.569853,-0.480611,0.527361,-0.289652,193.881472,70.000000
0.371737,-0.208223,-0.082147,-0.005355,332.023992,70.000000
0.399971,0.315909,-0.142667,0.014052,313.273240,70.000000
-0.512040,0.139522,0.278700,-0.020013,286.864906,70.000000
0.946470,-0.678149,-0.722074,-0.404168,144.219828,70.000000
0.342281,0.711718,0.122321,0.039431,297.200723,70.000000
-0.162424,0.135973,-0.047243,-0.001231,363.040838,70.000000
-0.707447,-0.060801,0.160795,0.020106,264.810077,70.000000
0.123605,-0.564325,-0.103015,-0.041734,260.001975,70.000000
-0.616410,-0.005282,-0.388722,0.021432,240.722523,70.000000
-0.769819,-0.339773,-0.411235,-0.098045,206.012982,70.000000
-0.562070,-0.714979,-0.422766,-0.242981,157.346131,70.000000
-0.646391,0.106033,0.356762,-0.063284,232.384801,70.000000
0.098004,-0.843472,-0.012496,-0.015934,296.481393,70.000000
-0.232858,0.362388,-0.101948,-0.026236,316.951013,70.000000
0.652777,-0.777960,-0.366281,-0.177566,144.946993,70.000000
0.827290,0.258981,0.149611,0.081952,226.408538,70.000000
0.697209,-0.002585,-0.344596,-0.000103,200.092424,70.000000
0.554893,0.085020,-0.118467,0.009754,301.307787,70.000000
0.939462,-0.461673,-0.554077,-0.287407,168.674383,70.000000
0.665824,0.500550,-0.262811,0.026096,177.154533,70.000000
0.737084,0.171763,0.045794,-0.048057,267.101980,70.000000
0.814929,0.506178,-0.171914,-0.053445,167.620787,70.000000
-0.668893,-0.091897,-0.188632,0.057748,266.943589,70.000000
-0.521146,-0.899619,0.109857,-0.115654,163.975815,70.000000
0.101933,-0.807526,0.586814,0.513580,132.206312,70.000000
-0.097789,0.452258,0.072481,0.066996,272.303866,70.000000
-0.903803,-0.214692,0.154428,0.073047,218.447350,70.000000
-0.325046,0.947734,0.334388,0.052117,159.959927,70.000000
0.567281,0.295823,-0.019866,0.012475,244.969123,70.000000
-0.103073,-0.348905,0.028950,0.002069,318.953941,70.000000
-0.052417,-0.976077,0.352241,-1.059782,142.087765,70.000000
-0.933803,-0.431443,0.577097,-0.203514,176.085029,70.000000
0.741773,0.980139,-0.725049,0.277876,126.332302,70.000000
-0.799736,0.836132,0.787376,0.805580,135.303917,70.000000
0.864922,0.750879,0.819340,0.702525,139.872759,70.000000
0.025667,-0.620364,-0.036990,-0.007809,321.109700,70.000000
-0.460548,-0.436500,-0.269881,0.058250,233.543562,70.000000
-0.251595,-0.562259,0.011534,0.166471,260.894351,70.000000
0.118707,-0.889340,0.023482,0.033292,289.191983,70.000000
0.860833,0.014132,0.093595,0.001950,259.848300,70.000000
-0.484712,-0.550870,0.535254,-0.192172,196.753098,70.000000
-0.477994,0.354274,-0.329961,-0.049817,248.395483,70.000000
0.275131,0.122379,0.018843,0.002509,361.744834,70.000000
0.823491,0.415562,-0.264563,-0.037075,184.020074,70.000000
0.347338,-0.283863,0.149960,-0.053788,307.121150,70.000000
-0.888669,0.132244,-0.097897,0.049124,251.663993,70.000000
0.632011,0.210628,0.070521,0.012503,268.915071,70.000000
0.030724,0.373051,-0.015440,0.000334,332.934165,70.000000
-0.128924,-0.821311,0.212425,0.147510,197.662339,70.000000
0.225777,0.638435,0.230913,-0.312824,179.922813,70.000000
0.169209,-0.096694,-0.040918,0.000120,364.588325,70.000000
0.864527,0.107356,-0.216130,0.055817,251.909127,70.000000
0.332672,-0.776584,-0.457953,-0.013634,168.058199,70.000000
-0.046133,0.635282,-0.175221,-0.106847,204.482363,70.000000
-0.822339,0.956643,0.778588,0.685933,125.923697,70.000000
0.299687,0.846416,0.441607,0.189427,183.831261,70.000000
-0.289587,0.906626,-0.172076,-0.003969,153.594907,70.000000
-0.343971,0.881567,0.786453,-0.089471,156.053448,70.000000
0.501975,0.696903,0.341706,0.190492,165.369915,70.000000
0.850215,-0.428386,0.450991,-0.264240,179.703800,70.000000
0.110351,0.672599,0.025317,-0.013511,306.030445,70.000000
0.378229,0.901915,0.152388,0.117919,210.397974,70.000000
0.479625,-0.936718,0.519047,0.007062,147.991291,70.000000
0.587350,-0.400716,-0.093091,0.049394,208.628788,70.000000
-0.839133,0.688023,0.666565,0.404976,144.479204,70.000000
-0.394937,0.300635,0.115726,-0.029355,303.440338,70.000000
0.773015,0.056982,0.240711,-0.014023,224.774481,70.000000
-0.307550,-0.994708,0.398228,-0.364236,162.965008,70.000000
-0.052437,0.694479,0.009908,0.359818,195.451737,70.000000
0.114543,-0.881875,-0.050049,0.133353,181.500924,70.000000
0.323120,0.676048,0.195241,-0.075750,262.406332,70.000000
0.332275,0.540057,0.330325,-0.144583,167.764507,70.000000
0.733531,0.447972,0.168361,-0.029063,181.046307,70.000000
-0.937095,0.243186,-0.300598,0.096159,228.322851,70.000000
-0.773314,0.908221,-0.775370,0.777634,130.662163,70.000000
0.469984,-0.976324,0.187938,0.168268,122.868773,70.000000
0.918769,-0.251513,0.001808,0.074494,261.580944,70.000000
0.813382,0.515729,0.551058,0.426692,165.052126,70.000000
-0.141858,-0.205479,-0.049078,0.000665,358.233552,70.000000
0.511452,-0.028531,-0.147083,-0.010624,306.320912,70.000000
0.481322,-0.426710,-0.164620,-0.025533,231.708151,70.000000
0.283527,-0.754550,0.171817,-0.148042,232.018844,70.000000
0.282539,0.639210,0.135100,0.011620,287.921838,70.000000
-0.805552,-0.912794,-0.798685,-0.858085,130.623479,70.000000
0.667729,0.514313,-0.552639,0.347150,176.364813,70.000000
0.059484,-0.257799,-0.035050,-0.000372,344.896114,70.000000
-0.820438,0.890812,-0.806413,0.823700,130.635325,70.000000
-0.117218,-0.089272,0.033021,0.000085,353.235837,70.000000
-0.396796,-0.951544,0.311503,0.069145,145.531788,70.000000
-0.607221,0.440446,0.081850,-0.067261,195.928277,70.000000
0.572154,0.200530,-0.252763,-0.032052,277.192598,70.000000
0.314310,0.603458,-0.112538,-0.065838,250.115213,70.000000
0.315791,-0.496698,0.034447,-0.069903,273.370044,70.000000
-0.002022,0.015236,0.000204,-0.000000,300.632484,70.000000
0.069497,0.029614,0.020884,-0.000002,323.928719,70.000000
-0.272507,-0.018472,-0.063967,-0.000180,362.935651,70.000000
-0.452119,-0.765817,-0.514957,-0.465325,164.857597,70.000000
0.906489,-0.634217,0.773125,-0.431327,148.719551,70.000000
0.715547,0.205331,-0.383824,0.138015,226.560151,70.000000
0.991498,0.107997,0.664204,-0.006303,195.558054,70.000000
-0.893000,-0.649781,-0.569363,-0.309657,148.429303,70.000000
-0.867227,0.512397,-0.327816,0.186830,164.534944,70.000000
-0.149610,-0.500315,-0.518884,-0.363247,207.330854,70.000000
-0.788509,-0.463813,0.486360,-0.346226,176.263069,70.000000
0.693436,0.575680,0.645797,0.516352,165.010291,70.000000
-0.538953,-0.181498,0.218382,0.027979,286.743027,70.000000
-0.434992,-0.915697,-0.257023,-0.005708,212.201767,70.000000
-0.120668,-0.063228,-0.034215,-0.000017,351.759754,70.000000
-0.667071,0.534611,-0.619678,0.457203,172.686398,70.000000
-0.797846,0.605039,-0.439350,0.283127,156.706786,70.000000
0.896082,0.453208,0.258286,0.097282,171.922345,70.000000
-0.937728,-0.391519,0.380454,0.286165,182.458069,70.000000
-0.265977,-0.271737,-0.001631,0.010694,346.478865,70.000000
0.911223,0.918463,-0.735398,0.752667,125.888051,70.000000
0.607611,0.112636,0.067410,-0.020623,296.181646,70.000000
-0.929840,0.180586,0.275068,0.059957,253.947446,70.000000
-0.889649,-0.333435,0.050874,-0.067717,203.012159,70.000000
-0.037405,-0.669789,0.010177,-0.037509,265.661764,70.000000
0.860374,0.299742,0.307382,0.014498,211.385054,70.000000
-0.230182,-0.672115,0.074269,-0.095654,263.608811,70.000000
-0.243830,-0.049506,0.088214,-0.001384,366.128122,70.000000
-0.043159,0.620533,0.034368,-0.000933,315.675994,70.000000
-0.697008,-0.617300,0.557126,-0.356669,160.924687,70.000000
-0.962647,0.786372,0.761296,0.420350,135.158054,70.000000
0.548714,0.238304,-0.240113,-0.007284,266.904023,70.000000
-0.820759,-0.495342,0.473795,-0.388834,168.769328,70.000000
0.787755,-0.205639,-0.074266,0.053070,240.587298,70.000000
-0.169487,-0.560935,0.323598,0.110819,147.439130,70.000000
0.366993,0.053299,-0.038295,0.001982,346.091344,70.000000
-0.199183,0.338255,0.062414,0.058866,313.718823,70.000000
-0.944834,0.172717,-0.156051,0.091109,256.089019,70.000000
0.852036,0.166315,-0.244517,-0.064587,232.311901,70.000000
-0.735920,-0.602772,0.153943,0.085741,159.616913,70.000000
-0.781758,0.996596,0.913599,0.903957,125.870666,70.000000
-0.210446,-0.969815,-0.409035,-0.230604,195.918054,70.000000
0.318967,0.881645,-0.061700,-0.073893,159.309155,70.000000
-0.194793,0.106309,-0.013338,0.000471,366.123106,70.000000
0.737257,-0.925719,0.768171,-0.813747,130.661886,70.000000
-0.554809,-0.681612,-0.025917,0.100757,163.114394,70.000000
0.153632,0.096838,0.037506,-0.000216,361.545266,70.000000
-0.441468,0.254929,0.219475,-0.011366,301.314907,70.000000
0.586290,-0.225272,-0.018665,0.012012,263.646705,70.000000
-0.151629,-0.433276,0.201009,0.011058,239.448436,70.000000
-0.070392,0.917429,-0.088796,0.272777,178.048634,70.000000
-0.773848,-0.056447,-0.631471,0.030697,196.368732,70.000000
-0.700218,-0.559001,-0.189848,0.050391,166.194971,70.000000
0.877058,0.712996,0.211735,-0.077386,141.323067,70.000000
-0.672842,-0.457646,0.391942,-0.182714,183.854069,70.000000
0.341394,-0.197766,0.125022,-0.007933,346.959759,70.000000
0.141954,-0.182179,-0.009112,0.000161,355.222177,70.000000
0.114435,-0.696622,-0.040905,-0.077756,241.175839,70.000000
-0.133044,-0.063642,-0.024962,-0.000083,356.369801,70.000000
0.374285,0.604115,0.360055,0.139684,212.163226,70.000000
-0.646758,-0.069457,-0.044280,-0.020780,297.634105,70.000000
0.627816,-0.290214,-0.388627,-0.071179,236.520392,70.000000
0.376747,-0.019499,-0.177246,-0.002686,297.023033,70.000000
0.279295,0.103081,-0.082271,0.001846,360.533758,70.000000
0.476068,-0.721601,-0.483662,-0.426491,168.729789,70.000000
0.051352,-0.918853,-0.083005,-0.027893,276.632703,70.000000
0.833516,0.907086,0.776488,0.774351,130.591188,70.000000
-0.599215,0.993656,-0.755833,0.884434,130.725798,70.000000
0.371870,0.025251,0.153953,0.001657,346.229100,70.000000
0.390876,-0.548453,-0.074681,0.007957,242.848418,70.000000
0.145308,0.188200,0.017143,-0.000055,355.635729,70.000000
-0.918854,0.820337,-0.338281,0.056075,131.694870,70.000000
-0.602549,0.961422,-0.507094,0.074433,131.507764,70.000000
0.626834,-0.808157,-0.638328,-0.728475,144.319337,70.000000
-0.702019,-0.832258,-0.693623,-0.729788,139.852630,70.000000
0.243363,0.210160,-0.114961,-0.004689,345.808856,70.000000
0.165363,-0.736353,-0.062445,-0.011773,278.439082,70.000000
0.123166,0.051808,0.037310,-0.000018,353.189016,70.000000
0.741988,0.597440,-0.364759,0.107229,160.454062,70.000000
-0.823283,-0.917582,-0.709900,-0.659477,130.520725,70.000000
0.203997,0.571408,-0.134422,-0.086269,260.640971,70.000000
-0.352168,-0.881018,0.148450,0.100535,231.981074,70.000000
0.738400,0.286499,0.292536,0.053229,222.628175,70.000000
-0.803249,-0.203055,-0.232915,-0.058652,265.706704,70.000000
-0.750621,0.307841,-0.177762,-0.043785,216.945026,70.000000
-0.117114,-0.338920,0.046982,0.098949,287.526612,70.000000
-0.233553,0.667554,-0.173297,-0.063679,237.577678,70.000000
-0.422516,0.767559,-0.303165,0.158123,191.540954,70.000000
0.356258,-0.365142,-0.110649,-0.035691,308.099336,70.000000
-0.949492,-0.113970,-0.283579,0.133017,200.896708,70.000000
0.512583,0.975929,-0.945951,0.520151,135.520652,70.000000
0.430758,-0.247037,0.201091,-0.024285,282.009300,70.000000
0.052872,0.617369,-0.096129,-0.123002,293.318478,70.000000
0.116332,-0.801021,0.143826,0.072955,178.081707,70.000000
-0.768169,-0.622357,-0.284872,-0.024379,156.081812,70.000000
0.039226,-0.731001,0.059280,0.010769,251.335532,70.000000
0.059121,-0.346448,0.045680,0.003347,343.699707,70.000000
-0.747329,-0.359274,-0.399560,-0.073889,200.221217,70.000000
-0.325750,-0.885893,-0.033388,-0.325228,188.095301,70.000000
0.800853,-0.063442,-0.274552,0.014020,260.424214,70.000000
-0.275544,0.932783,-0.495789,-0.000513,167.394831,70.000000
-0.721329,0.623314,-0.634963,0.504947,157.032059,70.000000
0.036998,-0.182996,-0.006932,-0.000010,330.083225,70.000000
0.389253,0.168933,0.152098,0.011880,333.522267,70.000000
-0.742630,0.613503,-0.641582,0.540425,157.019312,70.000000
-0.857637,-0.310541,0.458299,-0.103318,202.121509,70.000000
0.739340,0.087923,-0.282177,-0.123737,236.792588,70.000000
-0.272063,-0.568754,0.123056,-0.074507,190.434297,70.000000
0.948432,0.294642,0.450614,0.125472,192.381608,70.000000
0.042164,0.647128,0.003249,0.002308,311.624455,70.000000
0.272074,0.752345,0.042096,-0.066317,260.763994,70.000000
0.665002,0.695006,-0.683013,0.552152,152.874102,70.000000
0.972631,-0.993272,0.833842,-0.984863,120.864130,70.000000
0.072519,0.820262,0.055346,0.087140,269.210223,70.000000
0.143526,0.240082,0.010392,0.008091,350.525934,70.000000
-0.946678,-0.814994,-0.593982,-0.433607,130.960250,70.000000
0.396737,-0.035173,0.282420,0.008360,290.669855,70.000000
0.849043,-0.137047,-0.213042,0.092488,274.914050,70.000000
0.653813,0.637246,-0.679671,0.488839,161.043121,70.000000
0.187315,0.199508,-0.063354,0.003726,356.034883,70.000000
-0.863835,-0.476964,0.612660,-0.354569,168.863362,70.000000
-0.339527,-0.423157,0.099550,-0.026419,329.768209,70.000000
-0.008021,-0.816591,0.608131,0.209301,154.103204,70.000000
-0.440900,-0.210628,0.198891,0.008853,305.702021,70.000000
-0.029456,0.936071,0.862440,-0.132594,176.281155,70.000000
0.536986,-0.877368,-0.107631,0.679959,143.563197,70.000000
0.082515,0.832954,0.107604,0.971744,133.531275,70.000000
-0.547982,0.072778,0.203428,0.038604,295.740432,70.000000
-0.818509,-0.687107,-0.027046,0.130294,146.563435,70.000000
-0.205336,0.922036,-0.086792,0.100227,226.354383,70.000000
0.662520,0.965400,0.714363,0.903975,130.691469,70.000000
-0.516877,0.854788,-0.756757,0.421705,148.769408,70.000000
0.426513,0.400690,-0.072650,0.030701,237.623528,70.000000
0.402923,-0.078183,-0.156913,-0.000255,339.737905,70.000000
-0.023301,0.375612,-0.018746,0.001901,338.102311,70.000000
0.912241,0.033809,0.180008,-0.032636,222.891767,70.000000
0.228821,-0.209152,-0.081518,0.002248,358.199904,70.000000
0.787961,-0.737728,-0.707380,-0.622103,144.275404,70.000000
-0.986334,0.690962,-0.562832,0.304013,148.211901,70.000000
0.992349,0.412800,0.099811,-0.094608,203.468375,70.000000
-0.069965,0.089968,0.016613,-0.000007,330.886100,70.000000
0.084399,0.485921,-0.024483,0.183199,247.068123,70.000000
0.882385,0.237864,0.039567,-0.070043,187.861282,70.000000
-0.224958,-0.872117,0.011009,-0.059008,274.418781,70.000000
0.327850,0.167854,0.034203,-0.006635,348.804514,70.000000
-0.876578,-0.650834,-0.678021,-0.501150,148.615142,70.000000
-0.568534,0.656988,-0.694190,0.443492,164.985726,70.000000
0.001704,0.646507,0.024877,-0.001641,322.081384,70.000000
-0.153260,0.158591,0.036038,-0.000427,358.133371,70.000000
-0.561377,0.944574,0.835142,0.717953,135.439152,70.000000
-0.543447,0.291722,-0.196661,-0.015027,248.801195,70.000000
0.974241,0.065945,0.560665,0.036886,176.258165,70.000000
0.345832,0.396643,-0.116066,0.030010,316.440393,70.000000
0.372944,0.062935,0.131271,-0.001307,341.139899,70.000000
-0.259581,-0.783020,-0.013970,-0.274308,169.832224,70.000000
-0.218844,-0.111184,0.059439,-0.001635,366.809518,70.000000
-0.675430,0.052754,0.299395,0.075112,249.269079,70.000000
0.634089,-0.874561,0.523487,-0.431620,139.632072,70.000000
-0.745719,0.701900,-0.728077,0.660753,148.632816,70.000000
0.832010,-0.408182,-0.213280,-0.046868,189.367585,70.000000
-0.307196,0.951220,0.564558,0.118303,175.062354,70.000000
-0.848651,0.725911,-0.177443,-0.099342,141.446402,70.000000
0.379269,0.371404,0.044494,-0.044161,267.090039,70.000000
0.185749,-0.117676,0.060154,-0.000021,365.683114,70.000000
0.223621,0.398463,-0.113459,-0.042496,319.973862,70.000000
0.967364,0.481303,-0.304009,-0.014361,161.865554,70.000000
-0.736744,-0.454412,-0.505721,-0.374601,180.015160,70.000000
0.696217,-0.683787,-0.724307,-0.609944,152.862101,70.000000
-0.402133,-0.654759,-0.115850,-0.038926,216.833915,70.000000
-0.538221,0.120835,-0.198152,0.025482,306.818419,70.000000
0.866492,-0.864896,0.789308,-0.757870,130.652376,70.000000
-0.309096,-0.980602,-0.086272,-0.083097,185.272359,70.000000
-0.970409,0.343195,0.193954,-0.168056,233.088785,70.000000
0.081517,0.059745,-0.018726,0.000001,333.629635,70.000000
0.136755,0.436831,-0.021468,-0.013022,312.094292,70.000000
-0.187143,0.683757,0.161806,0.215297,195.926960,70.000000
-0.088862,0.500082,0.028072,0.020093,312.383183,70.000000
0.882728,0.004489,0.399845,0.003177,207.281371,70.000000
-0.551899,0.241383,-0.175974,0.004896,257.875332,70.000000
0.918053,-0.276276,0.087662,0.169182,222.482653,70.000000
0.631092,0.763285,0.686116,0.666865,148.635676,70.000000
0.532149,-0.165263,-0.105342,0.009402,304.224854,70.000000
0.421292,0.647243,0.167663,0.053295,187.357395,70.000000
0.218007,0.044913,-0.093335,0.000320,368.379717,70.000000
0.861102,0.546508,0.055251,-0.128677,158.815245,70.000000
-0.846993,0.580898,-0.535906,0.491135,156.963459,70.000000
-0.848195,0.385735,-0.300249,0.097167,199.565249,70.000000
-0.956720,0.412343,-0.454407,0.231539,179.516817,70.000000
0.242865,-0.167076,0.092335,-0.002038,361.503070,70.000000
-0.041536,-0.094756,0.009944,-0.000001,318.970769,70.000000
-0.556943,-0.540376,0.501218,-0.204461,183.693293,70.000000
-0.105629,0.698869,0.067208,-0.119559,264.038977,70.000000
-0.112113,-0.280240,-0.027013,-0.000583,344.210355,70.000000
0.013882,-0.683308,0.032374,-0.034870,289.516306,70.000000
-0.365000,-0.553981,0.060925,0.023874,217.271546,70.000000
-0.764699,-0.299189,-0.390820,0.024101,217.313864,70.000000
-0.474392,0.892320,0.707559,0.205812,152.916914,70.000000
-0.781367,-0.436908,-0.456215,-0.291333,180.025031,70.000000
0.887637,0.518824,-0.661280,0.499411,161.065310,70.000000
-0.130046,0.314713,0.030865,0.017402,337.925150,70.000000
-0.620362,-0.425705,0.524476,-0.279359,197.204672,70.000000
-0.830267,-0.296701,0.397066,-0.081143,208.048683,70.000000
-0.651871,-0.001552,-0.217107,-0.000087,287.551630,70.000000
-0.083043,0.303464,0.005262,-0.000561,344.830805,70.000000
0.319851,-0.257113,-0.061232,-0.009708,341.005618,70.000000
0.701902,0.873255,-0.686654,0.742622,135.353798,70.000000
0.795962,-0.267148,-0.310192,-0.082411,229.498832,70.000000
0.037415,0.834690,1.050648,-0.257802,122.297395,70.000000
0.640823,0.304396,0.021240,-0.001002,230.044333,70.000000
-0.011538,0.077808,0.003054,0.000002,308.812533,70.000000
-0.286114,-0.720431,0.191353,-0.143852,217.543320,70.000000
-0.277256,0.154738,0.073980,-0.001010,361.414774,70.000000
0.676326,-0.993927,0.175373,0.031000,129.113958,70.000000
-0.934393,-0.346529,-0.133945,0.055658,250.711540,70.000000
-0.114345,0.198346,0.003964,-0.000163,350.685763,70.000000
-0.396167,-0.387136,0.219994,0.067542,267.825502,70.000000
-0.586971,0.773400,0.483784,0.130116,152.367423,70.000000
0.535431,0.990417,0.264123,-0.117952,132.242534,70.000000
-0.065944,-0.315434,-0.022103,0.000324,342.559697,70.000000
0.496127,0.398128,-0.292611,-0.016680,236.162349,70.000000
-0.665822,-0.472469,0.504442,-0.260985,183.533143,70.000000
-0.779500,0.940133,-0.623020,0.569758,130.440449,70.000000
0.821745,-0.937330,-0.089671,0.158097,127.924163,70.000000
0.294454,0.887980,-0.587389,0.195122,168.285294,70.000000
0.287750,0.215123,-0.032155,-0.008504,348.508484,70.000000
-0.423823,0.812981,0.460651,-0.095820,160.175571,70.000000
-0.236268,-0.948596,-0.292714,-1.044600,100.822669,70.000000
0.948535,0.035038,0.504912,0.007006,213.999545,70.000000
0.889340,-0.863744,0.861268,-0.844482,130.621875,70.000000
-0.946189,-0.600468,0.211994,-0.160045,153.584628,70.000000
-0.066979,0.288582,0.030507,0.001408,340.631991,70.000000
0.192909,0.224272,-0.059511,0.002209,353.803912,70.000000
-0.660054,0.478246,0.319999,0.054402,183.092850,70.000000
-0.121319,0.989889,-1.015954,-0.171011,132.260458,70.000000
-0.939027,-0.230439,-0.842511,0.295360,172.055599,70.000000
-0.993070,-0.519739,-0.585744,-0.225369,157.182731,70.000000
0.740900,0.301705,-0.292694,0.065037,220.607906,70.000000
0.763224,-0.501698,-0.152938,0.069163,170.158683,70.000000
-0.044001,0.469440,0.042098,-0.008096,328.209688,70.000000
-0.117884,0.731479,-0.509013,0.098339,146.853578,70.000000
-0.025682,0.361390,0.008632,-0.001685,318.792717,70.000000
-0.124861,-0.543612,0.013983,-0.008543,277.080541,70.000000
-0.481270,-0.705627,-0.547791,-0.401640,172.393613,70.000000
0.521817,0.182990,-0.127398,-0.011742,291.325420,70.000000
-0.494314,0.067799,-0.231238,-0.010263,308.932567,70.000000
-0.503215,0.467126,0.372035,0.043431,214.981833,70.000000
0.990242,-0.997576,0.851657,-1.042248,120.852042,70.000000
-0.266268,0.832117,-0.980854,-2.615036,121.705813,70.000000
-0.602889,-0.748681,0.728455,-0.434958,152.795636,70.000000
0.919680,-0.940020,-0.849922,-0.935397,125.805007,70.000000
-0.920970,-0.743139,-0.515457,-0.224261,139.413717,70.000000
0.058937,0.552260,-1.137994,-0.769902,115.920060,70.000000
-0.174334,-0.035458,-0.070701,0.000213,366.680214,70.000000
0.055673,-0.296924,-0.030225,-0.000096,339.878067,70.000000
-0.404240,-0.057153,0.313615,0.010986,296.901338,70.000000
-0.565980,-0.419587,-0.293649,-0.053490,207.037569,70.000000
0.002340,-0.676916,0.051702,0.001398,318.439262,70.000000
-0.933431,-0.172977,0.202519,0.045094,205.965592,70.000000
0.775591,-0.645493,-0.669029,-0.611876,152.871600,70.000000
-0.800642,-0.383730,-0.296103,-0.101843,193.080044,70.000000
0.643698,0.636860,-0.697872,0.511158,161.048107,70.000000
-0.299384,0.260713,-0.127155,-0.012690,313.740521,70.000000
-0.200609,0.368794,0.072484,-0.021374,307.167933,70.000000
0.322158,0.510275,-0.131369,-0.041874,194.257799,70.000000
0.190900,0.455586,0.008521,-0.010880,317.880884,70.000000
-0.963764,0.015201,0.267353,-0.002258,211.210797,70.000000
-0.522333,-0.857925,-0.797986,-0.049848,148.538860,70.000000
0.853029,0.858552,0.601811,0.417558,130.939672,70.000000
-0.310612,-0.459488,-0.055940,0.024842,320.346208,70.000000
-0.607389,-0.384107,0.467960,-0.191570,209.676118,70.000000
0.321338,0.728540,-0.021159,-0.210353,177.936216,70.000000
0.564398,-0.158059,-0.207505,0.020178,284.584952,70.000000
-0.492473,-0.992779,0.101360,0.118526,167.257313,70.000000
0.363931,0.583777,0.214074,0.011166,251.812185,70.000000
-0.466034,-0.637156,0.552820,-0.210181,183.177073,70.000000
-0.680019,0.926186,-0.232155,-0.112492,132.237731,70.000000
0.404047,0.823172,0.563917,0.329154,168.578118,70.000000
-0.952686,0.210771,0.026058,-0.420390,170.087797,70.000000
0.424747,0.730142,-0.507747,0.136428,182.753602,70.000000
-0.505707,0.584843,-0.326716,0.045020,186.434484,70.000000
-0.538436,0.501859,-0.043686,-0.066719,195.252459,70.000000
0.740953,-0.810722,0.733015,-0.754961,139.856603,70.000000
0.200701,-0.813319,0.518762,0.044985,177.119325,70.000000
0.550160,0.536301,0.498484,0.253278,186.998105,70.000000
-0.394480,-0.032685,-0.051093,0.001837,313.777705,70.000000
0.664129,0.008183,0.369937,0.010024,230.307228,70.000000
-0.472918,-0.340008,0.092439,-0.003081,262.114632,70.000000
-0.509347,-0.587655,-0.291891,-0.032035,186.372661,70.000000
-0.724272,-0.839903,-0.323266,-0.003222,138.760625,70.000000
-0.254788,-0.222852,0.073644,0.001493,355.181509,70.000000
0.532687,0.869247,-0.273981,-0.417649,151.861511,70.000000
-0.565285,-0.748185,-0.071052,0.128400,155.225468,70.000000
-0.746505,-0.504769,-0.387038,-0.118184,172.226704,70.000000
0.339105,-0.653962,0.170615,0.170632,213.589115,70.000000
0.858488,0.614311,-0.670929,0.526485,152.899580,70.000000
0.720706,0.911923,0.425009,0.077043,131.551200,70.000000
0.681872,0.217004,0.259741,-0.009746,254.883665,70.000000
-0.819050,0.233647,-0.012849,0.040696,264.784912,70.000000
0.911244,-0.722557,0.872800,-0.680832,139.893699,70.000000
-0.017123,0.217554,0.019633,-0.000034,335.171022,70.000000
0.434411,-0.851768,-0.302926,-0.102710,152.155488,70.000000
0.330309,-0.490978,-0.117114,0.018698,314.216189,70.000000
0.129428,-0.702246,0.106559,-1.242332,135.889360,70.000000
-0.645875,0.773033,-0.479412,0.126031,148.074245,70.000000
0.359972,0.046380,0.020588,0.002605,330.546427,70.000000
-0.490264,0.128770,-0.202801,0.001966,308.237882,70.000000
0.245309,0.900482,2.297812,-0.550663,102.745021,70.000000
0.403397,-0.108231,0.164108,0.006355,332.054439,70.000000
0.957103,0.033048,-0.642002,0.008901,179.576585,70.000000
-0.560515,-0.581041,0.513438,-0.219413,176.505811,70.000000
0.440381,-0.512408,0.317255,0.073481,232.331415,70.000000
-0.043075,0.039971,0.001457,0.000000,311.571502,70.000000
-0.214524,0.497565,-0.028290,0.031983,254.952852,70.000000
0.577179,0.649152,0.695048,0.446118,164.991927,70.000000
0.300502,0.532169,0.042506,-0.016529,270.022442,70.000000
0.157481,0.776599,0.073439,-0.273352,169.855556,70.000000
0.299520,0.032147,0.007925,-0.000862,358.512902,70.000000
0.300250,0.300028,-0.049217,-0.034117,317.754740,70.000000
0.572391,0.176201,0.170637,0.024676,281.648716,70.000000
-0.593918,0.017448,-0.321147,-0.079861,253.400523,70.000000
-0.755594,0.735632,0.696223,0.616638,144.326431,70.000000
-0.238714,-0.072441,-0.016745,-0.001577,366.801866,70.000000
0.483830,-0.264963,-0.021819,0.005979,272.556399,70.000000
0.763545,0.900860,0.645131,0.465959,130.891548,70.000000
0.754229,0.334562,-0.328596,0.051891,208.771273,70.000000
0.985483,-0.979001,0.785037,-0.886505,120.905814,70.000000
-0.061441,-0.645948,0.014348,0.017405,313.729505,70.000000
-0.453078,-0.876070,-0.408923,0.146753,167.230141,70.000000
-0.105816,-0.454532,0.014624,-0.013947,300.926238,70.000000
0.682289,-0.776658,-0.680912,-0.691097,144.306890,70.000000
0.702728,0.741393,0.498331,0.200086,148.185067,70.000000
0.599645,0.229254,-0.278341,-0.031715,258.288901,70.000000
-0.936420,-0.407029,-0.433154,-0.042084,179.150825,70.000000
-0.936025,0.235258,0.208933,-0.073102,224.229062,70.000000
-0.026001,-0.994164,-0.158484,-0.257265,119.940013,70.000000
-0.907137,-0.243168,-0.491804,-0.060643,211.901464,70.000000
-0.931945,0.804880,0.508092,0.171976,134.716416,70.000000
-0.373550,-0.259708,0.128287,-0.023114,323.116737,70.000000
-0.904608,0.254471,0.062991,0.317995,202.858768,70.000000
0.886864,-0.470492,-0.654291,-0.323622,168.848492,70.000000
0.444502,0.739940,-0.549290,0.399755,168.805880,70.000000
0.176786,-0.750897,0.039861,0.521111,141.225141,70.000000
-0.326387,0.412393,-0.118926,0.059826,274.177144,70.000000
-0.918352,-0.736169,-0.757012,-0.535120,139.822494,70.000000
-0.796735,-0.725517,0.759965,-0.698253,144.305090,70.000000
0.238959,0.191459,-0.083961,0.006799,356.315423,70.000000
-0.145931,-0.653966,0.600017,-0.183983,162.480344,70.000000
0.800886,0.496190,-0.536459,0.434463,168.889387,70.000000
-0.534465,-0.753048,-0.715870,-0.450567,156.952036,70.000000
-0.484996,0.677392,0.559992,0.354589,176.087830,70.000000
0.932575,-0.210669,-0.011587,-0.046484,219.040537,70.000000
-0.710303,-0.062271,0.468961,-0.021038,217.447743,70.000000
-0.592413,-0.686944,0.380632,-0.059207,160.407730,70.000000
0.529464,0.697498,0.655588,0.323725,164.888752,70.000000
0.852675,0.915599,0.507750,0.241704,130.021642,70.000000
0.469961,0.639104,-0.587047,0.289257,183.317802,70.000000
-0.585065,0.814165,-0.098461,-0.112452,146.870287,70.000000
-0.336800,-0.600783,0.033311,0.113821,237.758329,70.000000
0.641644,0.116169,0.058526,0.032018,283.428930,70.000000
0.456994,0.704679,-0.520006,0.381331,176.075266,70.000000
-0.458199,-0.951794,0.719763,0.114428,150.732967,70.000000
-0.798163,-0.729727,0.735140,-0.664667,144.297135,70.000000
-0.521828,-0.358613,0.232187,-0.021182,236.741572,70.000000
0.786348,0.148771,-0.091028,-0.037483,286.216141,70.000000
0.394255,0.236066,0.135445,0.004182,318.390739,70.000000
-0.434384,-0.683611,0.494863,-0.319983,183.241646,70.000000
0.542022,-0.243464,0.130942,0.008845,271.419253,70.000000
0.094304,0.962062,-0.940813,-0.341589,122.436373,70.000000
-0.623069,0.077654,0.079619,-0.018257,299.929405,70.000000
-0.877190,-0.935951,0.785951,-0.774793,125.867094,70.000000
-0.531275,0.855562,0.809351,0.201863,152.615785,70.000000
-0.572964,0.188255,-0.059169,-0.002991,274.696731,70.000000
0.004517,-0.088343,0.001182,0.000001,310.130411,70.000000
-0.775426,-0.578713,0.459754,-0.282720,160.794320,70.000000
-0.428962,0.434564,0.262939,-0.054082,251.428462,70.000000
-0.284109,0.984768,-0.040839,-0.135056,219.517447,70.000000
0.991917,-0.852591,0.589948,-0.129701,130.049329,70.000000
0.507470,-0.953943,0.311008,-0.288837,140.527507,70.000000
-0.923369,0.938553,0.846770,0.935357,125.804897,70.000000
0.252614,-0.314350,-0.064287,0.005381,352.728617,70.000000
0.723349,-0.670176,-0.710209,-0.616330,152.865543,70.000000
0.349304,0.752275,-0.527429,-0.309016,168.338125,70.000000
-0.521929,-0.062868,-0.184158,-0.022099,302.249735,70.000000
-0.619323,-0.954980,-0.509621,-0.108054,131.450140,70.000000
-0.341173,-0.092018,-0.012622,-0.005092,342.065495,70.000000
-0.548880,0.974851,0.328431,0.182240,134.644586,70.000000
0.319006,-0.470207,-0.012272,-0.032289,296.693571,70.000000
-0.761331,0.316672,-0.352524,-0.012729,211.361574,70.000000
0.306582,0.725815,0.427113,0.020790,197.426217,70.000000
0.769166,-0.634675,-0.616108,-0.454556,152.959212,70.000000
-0.985976,0.707984,-0.901573,0.613384,139.892045,70.000000
-0.914597,0.362978,-0.001497,0.017719,211.292989,70.000000
0.572559,-0.999169,0.836971,-0.825372,130.735823,70.000000
0.972276,-0.954508,-0.093295,0.168641,123.640602,70.000000
-0.419181,0.824821,-0.640955,0.413217,157.048088,70.000000
0.759142,0.894086,0.345206,-0.002898,131.793648,70.000000
0.906525,-0.040540,0.332918,0.078517,217.773337,70.000000
0.646005,-0.597349,0.584012,-0.362656,165.089610,70.000000
0.355905,-0.300442,0.118856,-0.024749,328.341653,70.000000
0.475038,-0.033373,-0.184553,-0.011729,311.895859,70.000000
-0.905264,-0.779442,0.838271,-0.701119,135.330720,70.000000
-0.085296,0.433275,0.035459,0.005848,316.410063,70.000000
0.059811,-0.756518,0.113747,0.175120,201.212649,70.000000
-0.804548,-0.038532,0.236936,0.001590,281.257680,70.000000
0.398913,0.526181,-0.138561,-0.040417,238.196488,70.000000
-0.481379,-0.538093,0.461925,-0.180439,202.999492,70.000000
0.264101,0.752851,-0.448308,0.068106,142.122819,70.000000
-0.836202,-0.053169,0.304705,-0.015809,226.505466,70.000000
0.392898,-0.559314,0.384985,-0.178547,212.027052,70.000000
-0.394565,0.541961,0.020497,-0.007309,276.917560,70.000000
0.739076,-0.344306,-0.249812,-0.045704,208.695084,70.000000
-0.752245,-0.974820,0.665027,-0.255377,126.376754,70.000000
0.205721,-0.447250,-0.046556,-0.012790,331.256494,70.000000
-0.924238,0.340073,0.452189,-0.121434,195.328654,70.000000
-0.394383,-0.388208,0.102782,0.046687,261.904136,70.000000
-0.615827,-0.201518,0.158091,0.030538,258.214876,70.000000
-0.907199,0.711917,-0.731595,0.489165,139.993485,70.000000
-0.805115,0.427104,-0.208693,-0.061617,180.864048,70.000000
0.330036,0.920891,-0.281803,-0.138551,174.920794,70.000000
-0.583493,-0.766329,0.642609,-0.432457,152.779244,70.000000
0.300786,-0.692228,-0.467907,0.009041,159.753276,70.000000
-0.273421,0.610570,0.007570,0.071939,256.365584,70.000000
-0.141881,-0.596187,0.101707,0.478099,182.961227,70.000000
-0.118008,0.642574,0.108800,-0.018906,285.392120,70.000000
-0.250564,0.767264,-0.149405,0.513400,158.816425,70.000000
-0.596972,0.684120,0.321094,0.011123,160.228193,70.000000
-0.001856,0.804037,-0.038890,-0.121120,253.438654,70.000000
-0.544303,-0.103507,0.156345,-0.000428,310.571171,70.000000
0.363602,-0.937696,-0.094315,-0.197141,181.323626,70.000000
0.150582,0.830457,0.044564,0.052499,237.752133,70.000000
-0.513490,-0.228740,-0.237162,0.016647,282.320723,70.000000
-0.426070,-0.965389,0.515139,0.137531,157.322435,70.000000
0.705023,-0.686361,-0.682451,-0.528231,152.836108,70.000000
0.325433,-0.451519,-0.068422,-0.050872,295.438534,70.000000
-0.678535,-0.142978,0.212160,-0.013974,271.513127,70.000000
0.975875,-0.467819,0.079613,0.054200,166.365637,70.000000
-0.626645,-0.016591,0.225141,0.048106,268.184785,70.000000
-0.838878,0.978736,0.853370,0.916012,125.812924,70.000000
-0.381041,-0.148735,-0.163258,-0.019049,324.922294,70.000000
0.204040,-0.698314,-0.028940,0.009881,287.054742,70.000000
-0.561156,0.651596,0.050457,-0.093094,167.125309,70.000000
-0.617790,0.797422,0.337763,0.137665,145.063661,70.000000
0.278427,-0.469916,-0.080814,0.017996,317.658466,70.000000
0.116110,-0.544530,0.184583,0.179798,219.348788,70.000000
0.077006,0.239930,0.005337,0.000228,352.028212,70.000000
0.508124,0.044000,-0.136644,0.020149,304.506371,70.000000
-0.498883,-0.727275,0.256940,-0.097505,161.743455,70.000000
0.681298,0.583886,0.656316,0.513645,165.012104,70.000000
-0.631737,0.400402,-0.371355,0.145535,200.598916,70.000000
-0.438235,0.592205,0.372870,0.024993,202.872458,70.000000
-0.807451,-0.836492,0.796565,-0.812101,135.302586,70.000000
-0.917805,0.449922,0.511784,0.123171,169.083929,70.000000
-0.159431,0.442935,-0.031561,-0.009678,312.617878,70.000000
0.410203,0.277630,0.029310,-0.014528,303.472902,70.000000
0.133593,-0.694308,-0.063122,-0.033780,294.022686,70.000000
0.758204,-0.857609,-0.754080,-0.828722,135.309019,70.000000
0.166445,-0.558624,0.021147,0.221560,210.435430,70.000000
-0.790110,0.618877,0.456490,0.159096,153.365112,70.000000
-0.536703,-0.364998,0.187347,0.015510,231.226168,70.000000
-0.524179,0.131198,-0.006685,-0.000634,290.950932,70.000000
-0.954122,0.065310,-0.188719,-0.028122,203.933639,70.000000
-0.330040,-0.984786,-0.137242,-0.111653,224.222060,70.000000
0.708991,0.004479,-0.309308,0.013892,249.686182,70.000000
-0.720463,-0.819498,-0.719811,-0.767412,139.860523,70.000000
0.690624,-0.682817,-0.705866,-0.589738,152.863525,70.000000
-0.109667,0.820330,0.578950,0.310925,174.400269,70.000000
-0.714795,0.446465,0.554248,0.378767,183.562572,70.000000
-0.264697,-0.768349,0.027898,-0.117343,231.222715,70.000000
0.350262,0.855092,0.680388,0.290761,156.905340,70.000000
-0.470522,-0.067609,0.051798,-0.006918,314.491214,70.000000
-0.303689,-0.101866,-0.126353,0.005574,353.567210,70.000000
-0.063629,0.582200,0.072842,0.007922,236.493675,70.000000
-0.963006,0.764231,0.929636,0.712046,135.337934,70.000000
0.429947,0.122245,0.157835,0.004914,303.252558,70.000000
0.579530,0.164021,-0.126899,-0.001303,280.257462,70.000000
0.700569,0.467612,0.519036,0.354822,180.053559,70.000000
-0.845446,0.592259,0.039829,-0.131835,154.789504,70.000000
0.093739,-0.523263,-0.044280,-0.047648,259.183615,70.000000
-0.476165,-0.904687,0.070813,-0.428739,126.852926,70.000000
0.922423,-0.844678,0.886816,-0.800642,130.634762,70.000000
-0.496329,0.192048,0.014523,-0.006836,290.808008,70.000000
-0.243867,-0.676727,0.013023,-0.196081,231.255274,70.000000
0.255423,0.898802,0.031500,0.107464,248.648287,70.000000
0.164119,0.350759,0.036042,0.004819,337.601921,70.000000
-0.789758,0.536739,-0.524215,0.431744,164.942604,70.000000
0.972575,0.065748,-0.382574,0.021968,218.497068,70.000000
-0.978825,0.881164,0.439191,0.666178,126.060071,70.000000
-0.279136,0.569593,-0.254674,0.234268,157.792970,70.000000
-0.847568,0.916709,-0.540690,0.302965,130.124708,70.000000
-0.865901,0.799361,0.820848,0.735512,135.315044,70.000000
0.852778,0.641172,0.761545,0.499089,148.706751,70.000000
0.184567,0.011752,0.050469,-0.000071,367.594706,70.000000
-0.486678,0.400204,0.136108,-0.001749,235.617370,70.000000
0.222520,-0.109711,-0.029498,0.001651,364.719539,70.000000
0.092149,0.746321,-0.031028,0.010058,312.229901,70.000000
-0.583923,0.009728,0.227952,-0.005905,290.646308,70.000000
-0.497653,-0.050352,-0.163174,0.014152,317.299957,70.000000
-0.270090,0.598491,0.034032,-0.011211,310.242484,70.000000
0.836199,-0.000113,-0.248718,-0.000717,232.020793,70.000000
0.097840,0.398281,0.019657,0.002623,327.882804,70.000000
-0.095533,0.378687,0.038350,0.019416,306.924702,70.000000
0.586783,0.064559,0.181195,-0.019919,292.767899,70.000000
-0.958748,0.324889,0.389061,-0.100533,206.793386,70.000000
0.405043,-0.434894,-0.242002,0.099994,255.401251,70.000000
0.737576,0.447851,0.231933,0.025335,180.767251,70.000000
-0.972546,0.421397,-0.080186,-0.005429,190.743993,70.000000
0.416911,-0.983489,-0.133717,-0.250857,185.906319,70.000000
0.497947,0.994332,-0.851363,0.551085,135.492189,70.000000
-0.256838,-0.671618,-0.204752,0.322664,178.708343,70.000000
0.121338,-0.673876,0.034151,0.005004,300.695221,70.000000
0.171837,0.062139,0.027447,0.000277,366.216330,70.000000
0.368096,0.595252,0.588650,-0.061570,194.521185,70.000000
0.393126,-0.734192,-0.375816,-0.097697,189.432169,70.000000
0.436314,-0.868027,-0.503179,-0.452028,152.819593,70.000000
-0.926246,0.577445,0.703367,0.317475,153.010088,70.000000
-0.887845,-0.012734,0.394923,-0.002019,205.046749,70.000000
-0.021639,0.312510,0.016002,0.000211,335.838123,70.000000
0.359268,0.213442,-0.142329,-0.020346,326.103631,70.000000
-0.681367,0.262773,0.073656,0.023182,245.471160,70.000000
0.434049,-0.934313,-1.100053,0.218671,131.484101,70.000000
-0.997106,-0.368914,0.144341,0.074299,228.961249,70.000000
-0.332001,0.059579,-0.138690,0.002292,351.771909,70.000000
-0.660061,0.355935,0.156465,-0.013986,210.312392,70.000000
0.206128,0.389914,0.060924,-0.016377,329.786905,70.000000
-0.723289,-0.316826,-0.423769,-0.081809,212.024981,70.000000
-0.887233,0.266998,0.158493,0.027034,270.873696,70.000000
-0.556895,0.257475,-0.191780,-0.017947,253.925085,70.000000
-0.617354,0.127835,-0.177002,-0.054306,279.449764,70.000000
0.516936,0.143011,0.143337,-0.015050,296.666568,70.000000
-0.410827,-0.766953,0.549555,-0.167178,182.744545,70.000000
-0.180304,-0.361185,-0.054062,0.004305,346.572181,70.000000
-0.432115,-0.563402,-0.265525,0.017125,216.777753,70.000000
0.908242,0.823564,0.205290,-0.071924,132.217748,70.000000
-0.362131,-0.343985,-0.104540,0.000353,338.440910,70.000000
0.644147,0.171634,0.295267,0.025215,256.671329,70.000000
0.653849,-0.760187,0.690643,-0.496044,148.565054,70.000000
-0.455301,-0.235525,-0.176470,0.023149,284.364464,70.000000
-0.472878,0.338179,-0.305275,0.015544,256.799048,70.000000
-0.233853,-0.364066,-0.063136,0.001018,349.679274,70.000000
-0.855740,-0.427713,0.062885,0.055327,181.808455,70.000000
-0.565456,0.381322,-0.446037,0.130809,218.390767,70.000000
0.875862,0.619998,-0.473911,0.280420,152.618384,70.000000
0.312920,-0.759162,0.195646,0.102116,213.322301,70.000000
0.759800,-0.033667,-0.298458,-0.015680,249.245100,70.000000
0.150771,0.010561,-0.060017,0.000027,361.842657,70.000000
-0.500958,0.393039,0.189943,-0.015987,235.766643,70.000000
-0.200666,-0.588277,0.083932,-0.238154,209.960319,70.000000
0.829122,-0.953366,-0.770770,-0.679522,125.926737,70.000000
0.783567,-0.584343,0.407669,-0.129226,157.552599,70.000000
0.955258,-0.976827,0.614759,-0.469143,121.236396,70.000000
0.469170,-0.656802,-0.562723,-0.211134,183.162478,70.000000
-0.871830,-0.843500,-0.393449,-0.101964,131.522506,70.000000
-0.699920,0.450267,0.544017,0.371327,183.583548,70.000000
-0.361641,-0.100533,-0.110188,-0.001835,342.877509,70.000000
0.344095,-0.787340,0.306862,-0.105007,224.876338,70.000000
-0.831397,0.708842,0.776649,0.683631,144.316292,70.000000
-0.496015,-0.517623,0.471545,-0.123735,203.089993,70.000000
0.302482,-0.191925,0.107381,0.016781,341.073132,70.000000
0.315899,-0.693862,0.337731,0.117037,190.425417,70.000000
0.253628,0.723625,-0.011699,-0.245020,174.988241,70.000000
-0.038014,-0.906179,-0.050681,0.124390,169.404649,70.000000
-0.148099,0.897052,-0.020622,-0.268571,189.021918,70.000000
0.750870,-0.121547,0.180832,0.046207,236.503363,70.000000
-0.846159,0.603341,0.683616,0.386354,153.009285,70.000000
0.354519,0.396669,0.018856,0.027808,317.268577,70.000000
0.815447,-0.790524,0.572220,-0.365923,139.561783,70.000000
-0.334664,-0.704561,0.122007,-0.147495,169.595717,70.000000
0.440759,-0.158789,0.172938,0.007242,320.239891,70.000000
-0.772829,-0.936154,-0.703943,-0.748931,130.577294,70.000000
0.052875,0.661776,-0.561309,0.196129,158.802494,70.000000
0.461742,0.503577,-0.068028,-0.009842,219.651044,70.000000
-0.387321,0.298948,-0.121193,-0.021805,305.829989,70.000000
0.413649,0.200151,0.180177,0.004893,321.254948,70.000000
-0.062475,-0.018641,0.016096,-0.000001,319.374576,70.000000
0.700163,-0.368487,-0.459856,-0.250019,203.318648,70.000000
0.842745,0.011481,0.458875,-0.008854,219.321167,70.000000
0.963008,-0.722125,0.774360,-0.432012,139.778390,70.000000
-0.756647,-0.965612,0.260131,0.125713,127.442134,70.000000
0.958180,0.123716,0.024698,-0.031164,238.981509,70.000000
-0.700147,0.632423,-0.598087,0.427417,157.084059,70.000000
-0.862377,0.022405,-0.332143,-0.043604,237.316146,70.000000
0.554041,-0.235560,0.247881,0.049634,261.356159,70.000000
0.936247,-0.501751,-0.711408,-0.436156,161.052670,70.000000
-0.924468,0.468274,0.265586,0.075584,168.052132,70.000000
0.283370,0.591638,0.025432,0.033000,283.202459,70.000000
-0.339891,-0.547072,-0.205557,0.114507,240.024292,70.000000
-0.644185,-0.824259,0.296314,0.046203,143.131676,70.000000
0.673073,0.343579,0.214667,-0.000346,212.943667,70.000000
0.538100,-0.158868,0.086562,0.005331,292.471648,70.000000
-0.095751,0.705365,-0.003168,-0.068612,250.507243,70.000000
-0.937157,-0.804624,0.403090,-0.049820,134.410758,70.000000
0.684534,0.956475,0.720963,0.905537,130.675878,70.000000
-0.526978,-0.919603,-1.098485,-0.401627,139.967368,70.000000
0.224985,-0.678821,-0.185755,0.181166,209.266725,70.000000
-0.952641,0.954323,0.579646,0.321112,125.292215,70.000000
-0.696152,-0.230618,-0.154268,0.053607,233.849264,70.000000
0.008727,0.669001,0.259490,-0.318066,161.729400,70.000000
-0.101980,0.022667,0.018923,0.000007,342.912361,70.000000
0.962243,0.423611,0.625638,0.094970,185.487824,70.000000
-0.366027,0.185055,0.142537,-0.012298,341.219920,70.000000
0.222005,-0.770027,-0.155187,0.563457,155.837567,70.000000
0.163452,-0.856586,-0.015387,0.118804,244.790512,70.000000
-0.639303,-0.773434,-0.602936,-0.319462,148.396705,70.000000
0.900961,0.447308,-0.335415,-0.019148,169.526583,70.000000
-0.095729,-0.915166,0.007122,-0.030632,286.617417,70.000000
0.804038,-0.524972,0.571570,-0.536949,165.000314,70.000000
0.794830,0.708748,-0.609174,0.391376,144.505757,70.000000
-0.071870,0.085658,-0.008518,-0.000004,331.686712,70.000000
-0.340353,-0.313288,0.071091,-0.005691,326.252906,70.000000
0.567111,-0.563948,0.568466,-0.325041,179.985806,70.000000
-0.273936,-0.044846,-0.081232,-0.000997,363.150449,70.000000
0.272078,0.809838,-0.161421,-0.250785,165.156555,70.000000
0.941594,-0.628297,-0.704948,-0.404009,152.710139,70.000000
0.216500,0.714854,0.723797,-0.885874,120.109027,70.000000
0.546701,0.410013,-0.374419,0.085292,215.400312,70.000000
-0.916264,0.351479,-0.610403,0.178815,193.279672,70.000000
-0.692664,0.391267,0.480224,0.279822,197.060983,70.000000
0.029407,0.236260,0.018148,-0.000588,343.475844,70.000000
0.815767,0.592124,0.550652,0.507455,156.967196,70.000000
-0.168567,0.900621,-0.074912,0.125128,244.012984,70.000000
0.738191,0.770879,-0.580744,0.366982,144.048035,70.000000
0.159242,0.375004,0.025375,-0.046566,305.792711,70.000000
0.692818,0.199261,0.277756,0.036908,253.408671,70.000000
0.978469,-0.874613,-0.339335,-0.385707,126.407905,70.000000
0.377900,-0.636541,-0.006011,-0.008992,230.391292,70.000000
-0.340759,0.867346,-0.718244,0.233235,164.881947,70.000000
-0.516907,0.339453,-0.250877,-0.012797,250.966324,70.000000
-0.810685,0.812645,0.609379,0.429314,135.555927,70.000000
0.126336,-0.669698,-0.144434,-0.133379,251.703118,70.000000
0.390116,0.675813,-0.356277,0.099901,196.037763,70.000000
0.386094,-0.917330,-0.651464,1.026569,132.299281,70.000000
0.440395,-0.286946,-0.250184,0.002983,278.886434,70.000000
-0.702474,-0.481908,0.250026,-0.031964,177.152898,70.000000
0.578477,0.456141,-0.518346,0.275645,197.189666,70.000000
0.353419,-0.089544,-0.147837,-0.002704,346.358959,70.000000
-0.964735,-0.296972,0.599796,0.085559,176.245411,70.000000
0.790427,0.704447,-0.334431,0.019317,145.263150,70.000000
-0.353633,0.481838,0.201282,-0.088592,270.663143,70.000000
0.253610,0.422810,-0.130064,0.134570,285.283662,70.000000
0.175561,0.647657,0.120799,0.042339,220.550219,70.000000
-0.824570,-0.544485,0.604252,-0.555998,161.058251,70.000000
0.835585,-0.328416,0.292716,0.107819,221.655098,70.000000
0.309583,-0.833314,-0.328795,-0.255757,167.544032,70.000000
0.498370,0.110819,0.201015,0.002367,306.824877,70.000000
0.527770,0.225433,-0.122637,-0.020969,271.045642,70.000000
0.851695,0.444034,-0.363947,0.228690,176.032777,70.000000
0.884128,-0.456516,-0.627788,-0.257854,168.912262,70.000000
-0.660314,0.099893,-0.172924,-0.042150,296.576039,70.000000
0.904633,0.170861,0.470994,0.120135,193.562159,70.000000
-0.334230,0.597332,-0.053676,-0.078138,240.896241,70.000000
-0.644432,-0.971656,-0.725313,-0.892394,130.702346,70.000000
-0.620846,-0.562390,-0.633738,-0.425062,172.687727,70.000000
-0.091710,0.630079,0.095692,0.036262,260.513879,70.000000
-0.261526,0.540073,-0.100239,-0.015376,292.125821,70.000000
0.998891,0.368217,0.074305,0.131119,210.816983,70.000000
0.616959,-0.765441,0.553956,-0.607955,148.681939,70.000000
-0.767363,0.938393,-0.698588,0.752431,130.579634,70.000000
-0.435258,0.610766,-0.411590,0.076587,204.975712,70.000000
-0.857295,-0.554184,-0.539323,-0.210117,157.335326,70.000000
-0.165178,-0.152760,-0.022512,-0.000359,358.799675,70.000000
0.569167,-0.003500,-0.202237,-0.006030,284.494760,70.000000
-0.818350,-0.013776,0.500727,0.003378,205.493954,70.000000
0.472338,0.587992,-0.390140,0.043001,196.389762,70.000000
0.374582,-0.401644,-0.115690,0.058246,289.018111,70.000000
-0.438011,0.354795,-0.051746,0.001135,286.801771,70.000000
-0.963499,0.466996,-0.709414,0.302371,164.865299,70.000000
0.802318,0.561446,-0.554387,0.504152,161.023319,70.000000
0.221070,-0.481463,0.005159,-0.049906,303.915286,70.000000
0.053755,-0.540892,0.272959,-0.241550,206.693438,70.000000
-0.779140,0.997461,0.921221,0.898957,125.875795,70.000000
0.334407,0.380257,-0.148343,-0.062814,226.366167,70.000000
0.985158,-0.449883,-0.655802,-0.374373,168.740674,70.000000
0.815437,-0.945533,-0.483368,-0.151163,126.607728,70.000000
0.427904,-0.223573,0.198859,0.008325,309.838321,70.000000
0.416246,-0.146694,0.046072,-0.008845,321.944842,70.000000
0.521527,-0.701823,0.575456,-0.205904,164.751071,70.000000
0.458292,0.517162,-0.396000,0.196000,209.163346,70.000000
-0.065755,0.861430,-0.277057,-0.841237,104.964307,70.000000
0.052014,0.199303,0.011662,0.000260,345.432159,70.000000
-0.321572,-0.660993,-0.104343,-0.072102,266.636869,70.000000
0.695496,-0.803342,0.256362,0.019841,141.112831,70.000000
0.229886,-0.298866,-0.089166,-0.004161,344.536478,70.000000
0.965388,-0.715729,0.890277,-0.557994,139.872283,70.000000
0.742667,0.006486,0.584441,-0.002423,202.696202,70.000000
-0.981862,-0.147045,0.742043,-0.100976,186.201331,70.000000
0.606811,0.667090,-0.701623,0.456254,161.032911,70.000000
-0.219114,-0.650839,0.032447,0.075093,281.575345,70.000000
-0.643291,0.208036,0.195565,0.005714,257.527096,70.000000
0.459667,-0.379553,0.300832,-0.021960,248.067817,70.000000
0.854088,0.660443,0.595615,0.473270,148.553441,70.000000
0.068449,0.428799,-0.023296,0.123326,271.265073,70.000000
0.817285,0.105180,-0.294597,0.036345,257.143804,70.000000
-0.237603,0.600759,-0.064165,0.031011,279.627051,70.000000
0.964846,0.163843,-0.089831,-0.043688,212.301159,70.000000
-0.292594,0.366688,0.098444,0.021131,332.589118,70.000000
0.921502,-0.316095,-0.330926,0.200206,194.727559,70.000000
-0.605140,-0.588237,-0.135399,0.062623,171.349152,70.000000
-0.501458,-0.000195,0.180251,-0.000033,311.953179,70.000000
0.729196,-0.403959,-0.362290,-0.178207,190.617596,70.000000
0.668143,-0.521784,0.090059,0.088462,174.179519,70.000000
0.383373,-0.642109,0.362763,-0.136492,209.176414,70.000000
0.066947,-0.821338,0.006373,-0.055315,271.636865,70.000000
-0.233224,0.210236,-0.052692,0.002808,359.916545,70.000000
-0.571727,0.990369,-0.851053,0.673599,130.784533,70.000000
-0.868413,0.588996,0.367861,-0.020965,153.756513,70.000000
-0.739979,-0.834499,-0.155677,0.122055,138.124231,70.000000
0.578257,0.766320,-0.597206,0.603299,152.857815,70.000000
-0.452179,0.225254,0.265164,0.005214,273.353472,70.000000
-0.155931,-0.738722,0.019229,-0.050542,273.884896,70.000000
0.292441,-0.950313,-1.977026,-0.362712,113.915361,70.000000
0.086952,-0.601658,-0.147782,-0.475426,166.358014,70.000000
-0.059110,0.533357,-0.063168,-0.032607,341.119660,70.000000
0.132785,-0.274421,-0.028190,0.001530,350.600020,70.000000
-0.191799,0.433057,0.041671,0.001234,325.352349,70.000000
0.382435,-0.417033,-0.466296,0.034487,219.258235,70.000000
0.922712,0.023981,-0.312682,-0.068112,220.235557,70.000000
-0.942930,0.173301,-0.058815,0.043069,243.390400,70.000000
0.664800,-0.702608,-0.739130,-0.593656,152.858911,70.000000
-0.738109,0.601835,0.126984,-0.098433,159.509544,70.000000
-0.957353,-0.223912,0.011774,-0.252248,194.424704,70.000000
0.705720,-0.956888,0.680417,-0.881129,130.658580,70.000000
-0.413024,0.312119,-0.104293,-0.021012,309.626847,70.000000
-0.222020,0.508939,-0.022166,-0.028812,318.901569,70.000000
-0.264065,-0.136963,-0.099430,-0.003652,359.194809,70.000000
0.070903,-0.341606,0.029951,-0.003273,346.613838,70.000000
0.620583,0.144295,-0.167182,-0.026669,294.243200,70.000000
-0.831226,-0.412933,-0.546415,-0.227436,186.758023,70.000000
-0.159047,0.895667,-0.403513,-0.174258,133.545306,70.000000
-0.525002,0.287306,0.403453,-0.010193,251.790287,70.000000
0.746263,0.434197,-0.519417,0.378388,183.518407,70.000000
-0.458097,0.769835,-0.546052,0.280076,164.725478,70.000000
0.621397,-0.182161,-0.071278,-0.020183,272.093048,70.000000
0.416893,0.712738,-0.347296,0.099370,183.247434,70.000000
0.990238,0.929357,-0.643557,0.581984,125.586612,70.000000
-0.303058,0.500829,-0.123868,0.058064,284.214204,70.000000
-0.560520,-0.663609,-0.714220,-0.442960,164.982155,70.000000
0.716716,-0.148557,-0.034463,-0.051841,257.465711,70.000000
-0.801967,-0.654384,-0.472224,-0.158987,149.157026,70.000000
-0.233940,0.176864,-0.082695,-0.002881,361.940306,70.000000
0.554416,0.072071,0.039561,0.004845,311.613619,70.000000
-0.709550,0.585251,0.226619,-0.032152,162.145301,70.000000
0.314755,0.092198,-0.077714,-0.003435,353.737877,70.000000
-0.436246,0.011898,0.054711,-0.000412,318.858404,70.000000
-0.036790,-0.325974,0.040599,-0.019985,312.075973,70.000000
-0.643473,-0.858915,-0.639057,-0.753637,139.875305,70.000000
0.220476,-0.459583,-0.119049,0.037948,312.092834,70.000000
-0.207709,-0.967950,0.032694,0.208748,202.503575,70.000000
-0.343734,0.866864,0.130887,0.306600,154.414465,70.000000
-0.614773,-0.494561,0.532620,-0.305754,183.663029,70.000000
-0.081507,0.107645,-0.018483,0.000011,340.813983,70.000000
-0.806542,0.449800,0.515026,0.436317,176.319465,70.000000
-0.203835,0.141916,-0.062721,0.002046,365.058172,70.000000
-0.812061,-0.309831,-0.505454,0.037369,205.657142,70.000000
0.675837,0.787039,-0.711655,0.715470,144.300730,70.000000
-0.236443,0.101051,0.037109,0.000348,366.267860,70.000000
0.359312,0.963099,0.415095,-0.160594,153.832650,70.000000
0.797208,0.674165,0.728251,0.656969,148.645000,70.000000
0.695586,0.708290,0.334029,0.082168,149.428342,70.000000
0.227515,-0.153305,0.050050,-0.004744,357.352641,70.000000
-0.596231,-0.854892,-0.357178,-0.047585,140.855327,70.000000
-0.166330,0.485930,0.004120,-0.000706,335.023419,70.000000
-0.977257,-0.763444,0.946137,-0.684427,135.339856,70.000000
0.800890,0.559349,-0.582394,0.550725,161.047621,70.000000
0.975485,0.981902,0.776394,0.854539,120.919036,70.000000
0.821569,0.108998,-0.200080,-0.010484,250.735882,70.000000
-0.066791,-0.560616,0.059864,0.001919,336.866109,70.000000
-0.272038,-0.140276,0.001457,0.001339,357.248966,70.000000
0.379257,0.174821,0.141048,-0.019210,324.982620,70.000000
0.219586,0.587841,-0.585105,0.139036,149.363258,70.000000
-0.150393,0.350994,0.034672,-0.000843,341.321413,70.000000
-0.849479,0.814633,0.834020,0.791798,135.303327,70.000000
-0.460702,0.978466,0.136259,-0.240023,145.474737,70.000000
-0.919943,0.511031,0.711927,0.437582,161.065137,70.000000
0.897433,-0.842323,0.702437,-0.585492,130.764795,70.000000
-0.920493,-0.728514,-0.845029,-0.640216,139.888584,70.000000
-0.142964,-0.795125,-0.059189,-0.091637,192.247503,70.000000
0.327863,0.385083,0.132055,0.075037,298.299890,70.000000
0.086269,-0.069511,-0.012613,0.000013,336.816128,70.000000
-0.275472,0.144430,0.035844,-0.000254,357.805780,70.000000
-0.567120,0.416875,-0.090122,-0.046707,207.789094,70.000000
0.415821,0.709631,0.494673,0.160668,186.630780,70.000000
0.774643,-0.571763,-0.595632,-0.540789,161.044370,70.000000
0.377376,0.565869,-0.432484,-0.021337,213.638565,70.000000
0.557741,-0.052912,-0.046395,-0.015870,294.705352,70.000000
0.704398,0.818947,0.692438,0.760488,139.869283,70.000000
0.043800,0.147737,-0.007852,0.000033,333.031901,70.000000
-0.986437,0.957687,-0.522700,0.279898,121.512775,70.000000
-0.155440,-0.475485,0.072492,-0.012333,293.153994,70.000000
0.519918,0.260967,-0.028903,-0.009912,263.340361,70.000000
0.069239,-0.297053,0.026217,-0.000166,340.684559,70.000000
-0.571001,-0.819951,-0.649972,-0.522672,148.731303,70.000000
-0.921851,0.456790,0.408849,0.034795,169.223963,70.000000
-0.738407,-0.403488,0.361266,-0.168617,190.580050,70.000000
0.576392,-0.585301,-0.027042,0.087605,174.629509,70.000000
0.848449,-0.112506,0.324646,0.047801,241.122181,70.000000
-0.884803,-0.884003,-0.816077,-0.742898,130.583033,70.000000
0.563766,-0.790228,-0.514424,-0.518585,152.804073,70.000000
0.633108,0.643387,-0.701627,0.505112,161.046945,70.000000
-0.592188,-0.904851,0.033794,0.164908,137.513928,70.000000
0.165584,0.969449,0.197863,0.050437,213.451790,70.000000
-0.471073,0.683078,0.218423,0.049836,176.760174,70.000000
0.496754,0.949889,0.612634,-0.291085,147.801190,70.000000
0.789362,0.802285,0.590663,0.406282,139.607017,70.000000
0.005163,0.778164,-0.012641,-0.152841,259.656894,70.000000
0.603446,0.119678,0.217895,-0.057407,285.690619,70.000000
-0.570593,0.039814,0.189905,-0.001302,295.171275,70.000000
-0.839770,-0.011938,0.249670,0.002076,261.340030,70.000000
-0.649677,0.883500,0.494154,0.243993,135.878845,70.000000
0.989453,-0.261457,-0.221002,-0.121868,266.983785,70.000000
-0.300404,-0.888568,-0.354935,-0.368275,172.440815,70.000000
-0.169668,0.385905,0.061199,0.033498,341.505489,70.000000
-0.102615,-0.650153,-0.004356,0.110476,259.566535,70.000000
0.880552,-0.554266,0.695155,-0.480977,157.058792,70.000000
0.449069,-0.496604,0.245412,0.054206,232.479372,70.000000
-0.420391,0.486842,-0.338505,-0.045758,236.934585,70.000000
0.349059,0.634775,0.076883,-0.017313,280.839609,70.000000
0.658502,-0.556507,-0.396704,-0.140748,169.311259,70.000000
0.794372,-0.995186,-0.876868,-0.912616,125.850167,70.000000
-0.082855,-0.546876,-1.287426,0.652709,140.802256,70.000000
0.650387,-0.940038,0.361174,0.027903,131.845429,70.000000
0.778294,0.785814,0.764004,0.753361,139.857747,70.000000
-0.831174,0.462290,-0.542073,0.448670,172.613277,70.000000
-0.288199,0.238848,0.023406,-0.013653,345.503051,70.000000
0.319251,-0.352535,0.139287,-0.054149,300.261115,70.000000
0.952070,-0.566372,0.261853,-0.033936,156.097739,70.000000
0.983191,0.486900,-0.624229,0.359724,160.974993,70.000000
-0.672050,0.855165,-0.591971,0.508418,139.710913,70.000000
0.749781,-0.432606,-0.516726,-0.385231,183.506456,70.000000
-0.810642,-0.455996,0.439029,-0.296753,176.180641,70.000000
0.069562,-0.863549,-0.034832,0.042471,260.862413,70.000000
0.327644,0.708615,0.028446,0.069943,211.152502,70.000000
-0.315862,-0.692034,0.679280,0.308165,158.911875,70.000000
0.990457,0.603587,1.097550,-0.059966,148.848112,70.000000
0.479266,-0.979770,-0.321801,0.285527,153.628479,70.000000
0.999614,0.505804,0.546775,0.188120,157.290683,70.000000
-0.951997,-0.206672,-0.407597,0.070074,234.993063,70.000000
0.458932,-0.729329,0.578061,-0.267613,172.368777,70.000000
0.170532,0.130179,0.065010,0.001167,364.513072,70.000000
-0.080222,-0.288821,-0.028610,0.001215,349.112655,70.000000
-0.209965,-0.887868,-0.080468,-0.009402,228.495720,70.000000
-0.394880,-0.748759,0.247495,-0.151117,187.872706,70.000000
-0.384162,-0.609374,0.285636,0.062613,233.783490,70.000000
0.254774,-0.020517,-0.066345,0.000490,365.430365,70.000000
-0.831747,0.827654,0.814081,0.794964,135.301457,70.000000
0.380783,-0.181829,-0.059174,0.003175,335.567951,70.000000
-0.008353,-0.394616,-0.054087,-0.016942,327.992755,70.000000
-0.316341,-0.747074,-1.734869,0.535575,136.990226,70.000000
-0.068781,0.005088,0.015883,0.000000,322.635677,70.000000
-0.492212,-0.610325,0.434316,-0.081262,183.087190,70.000000
0.263779,-0.660007,-0.043193,-0.098520,220.079783,70.000000
-0.738162,-0.294895,0.388668,-0.109667,225.448708,70.000000
-0.294042,0.029481,0.105455,0.000943,357.730216,70.000000
-0.509095,-0.361416,0.241588,0.023817,241.067211,70.000000
-0.318675,0.034082,-0.135877,-0.001730,354.124110,70.000000
0.816451,0.085351,-0.056737,-0.037025,223.485388,70.000000
0.493304,0.962003,-0.791921,0.284135,144.252162,70.000000
0.381824,-0.689033,-0.421698,-0.002688,213.167992,70.000000
-0.582697,0.617075,0.662762,0.403292,168.877396,70.000000
-0.819978,0.632939,0.521758,0.421186,152.737258,70.000000
-0.201827,-0.102765,0.009486,0.000881,366.848515,70.000000
0.825107,-0.420676,-0.555414,-0.294020,183.370803,70.000000
-0.297574,0.668411,0.010213,-0.002831,301.336551,70.000000
-0.010790,0.659855,-0.229710,-0.148231,191.972442,70.000000
0.175919,0.664586,0.062872,0.217628,195.640592,70.000000
-0.309970,0.338429,-0.096473,0.014379,335.159459,70.000000
-0.025692,0.189241,0.002563,-0.000360,344.539762,70.000000
0.569951,-0.838279,-0.743304,-0.171439,144.738892,70.000000
-0.949572,0.546219,-0.729176,0.460409,157.012799,70.000000
0.295555,-0.610389,-0.062707,0.060106,287.613282,70.000000
-0.802626,0.264056,0.308422,0.016666,229.814948,70.000000
-0.008154,0.955430,0.059327,-0.017422,294.944071,70.000000
-0.092278,-0.911329,-0.072350,-0.099223,235.925604,70.000000
-0.714411,0.889993,0.666707,0.736649,135.279956,70.000000
0.111659,0.649467,-0.049553,0.013465,198.379096,70.000000
-0.409624,-0.550674,-0.080663,-0.026951,226.189056,70.000000
0.817174,0.235367,0.034022,0.087586,234.162347,70.000000
-0.193644,-0.577977,0.014013,0.036025,261.735256,70.000000
-0.055472,-0.322382,-0.015768,0.130492,269.635824,70.000000
-0.269718,0.843339,-0.088692,0.119124,162.584855,70.000000
-0.005734,-0.379006,-0.019977,0.000618,331.970149,70.000000
0.045705,0.163426,-0.012117,0.000006,327.411510,70.000000
0.694259,0.407035,0.517948,0.302177,193.799941,70.000000
-0.962874,0.969890,-0.543820,0.328462,121.430015,70.000000
0.935553,-0.163432,-0.327898,-0.178127,218.202765,70.000000
-0.805691,0.757937,-0.653560,0.481949,140.008386,70.000000
0.654297,0.769532,0.394082,0.030213,147.821039,70.000000
-0.475479,0.622537,-0.478682,0.231109,186.825978,70.000000
0.984445,-0.433776,-0.519266,-0.088511,175.401782,70.000000
-0.476523,-0.926984,-0.199451,-0.505804,154.860286,70.000000
0.172900,-0.072843,-0.067442,0.000025,365.840149,70.000000
-0.269043,0.196067,-0.114344,0.003450,345.922779,70.000000
-0.710236,-0.944368,-0.746925,-0.894391,130.659365,70.000000
0.002170,0.466068,0.000485,0.026411,264.691097,70.000000
-0.802993,0.104156,-0.296593,0.115986,246.520725,70.000000
0.544932,0.674490,0.649690,0.418706,164.981591,70.000000
0.148389,-0.020879,0.060873,0.000043,361.219386,70.000000
-0.921195,-0.516091,0.472356,-0.330427,160.869023,70.000000
0.058953,0.827325,0.138223,-0.205284,209.211135,70.000000
0.852768,0.469196,0.081796,-0.073967,171.062894,70.000000
-0.226790,0.340402,-0.051226,-0.021947,339.600221,70.000000
-0.864677,-0.627071,-0.327196,0.033001,149.659845,70.000000
0.813359,0.131893,-0.284850,0.089806,243.603058,70.000000
0.718860,-0.112901,-0.193833,-0.082195,266.251556,70.000000
0.474382,0.935077,-0.310465,-0.207484,152.581248,70.000000
-0.153013,0.317132,-0.034036,-0.001793,343.987492,70.000000
0.042353,-0.167478,0.019010,-0.000039,333.476008,70.000000
-0.795849,0.163321,0.353573,-0.169099,218.317419,70.000000
0.937896,-0.777229,-0.911685,-0.730400,135.329581,70.000000
-0.886860,0.541884,-0.518015,0.129474,157.443338,70.000000
-0.556798,-0.108191,-0.125347,0.024292,291.710400,70.000000
-0.370283,0.653637,0.585659,-0.011837,184.003672,70.000000
-0.327915,0.728597,0.710570,0.073016,168.483096,70.000000
-0.477701,-0.722017,0.125571,0.113529,167.326774,70.000000
-0.934668,-0.968532,0.376078,-0.017475,124.623070,70.000000
-0.122813,-0.125572,0.036685,0.000102,353.545431,70.000000
-0.487277,0.331000,0.251190,0.005394,261.727365,70.000000
-0.875723,-0.271508,-0.101302,0.016172,233.895700,70.000000
0.757320,0.270615,-0.255680,0.061405,233.903008,70.000000
0.219886,-0.370333,0.025217,-0.000287,340.859717,70.000000
-0.191893,0.855605,0.941011,0.805562,138.000326,70.000000
0.152008,0.796646,0.480961,-0.543972,141.415921,70.000000
-0.763278,-0.409322,-0.320781,-0.076906,187.353230,70.000000
0.519310,0.048635,0.177760,-0.006370,320.019618,70.000000
-0.592073,-0.968983,-0.657098,-0.261630,131.155993,70.000000
0.300557,-0.542895,-0.041489,-0.055462,288.319485,70.000000
-0.443641,-0.275213,0.260600,0.042997,282.603146,70.000000
0.489411,-0.470201,0.433597,-0.094039,217.753833,70.000000
-0.665191,0.126862,-0.082453,0.019502,301.998731,70.000000
0.162360,0.784035,-0.069018,0.031179,261.852603,70.000000
-0.718090,-0.940030,-0.756619,-0.885437,130.655682,70.000000
0.910090,-0.117834,0.231616,0.018704,207.045691,70.000000
-0.437548,0.130512,0.163155,-0.004074,322.299848,70.000000
-0.487921,-0.488454,-0.249167,-0.072145,212.604278,70.000000
0.550588,-0.270702,-0.023448,0.012186,255.972449,70.000000
0.303544,-0.338005,0.032530,0.029613,321.060098,70.000000
-0.841824,-0.541394,0.576811,-0.541869,161.050056,70.000000
0.784379,-0.950494,0.174768,0.109496,128.829562,70.000000
-0.956285,-0.281350,0.495909,-0.131263,179.478155,70.000000
-0.655014,-0.818541,0.307752,0.037837,143.167248,70.000000
0.789121,0.759731,0.458951,0.186732,140.440616,70.000000
0.791454,-0.038909,0.543761,-0.004329,208.194786,70.000000
0.050804,-0.141462,-0.019923,0.000012,333.625562,70.000000
0.440893,0.084201,-0.139877,-0.008516,318.916357,70.000000
-0.831974,-0.984445,0.838823,-0.894640,125.809925,70.000000
0.428783,0.555414,-0.323733,-0.000471,214.967578,70.000000
0.850789,-0.791684,-0.587466,-0.365287,135.626991,70.000000
0.167345,0.573082,-0.000926,0.003412,318.552139,70.000000
-0.210532,-0.405453,0.052440,0.009998,337.009860,70.000000
-0.446739,-0.336237,0.332877,0.005666,263.372049,70.000000
0.859607,-0.584653,0.324484,-0.168384,156.455256,70.000000
-0.260047,-0.601939,0.105604,-0.029879,276.685822,70.000000
-0.783013,-0.097113,-0.193336,0.007610,235.373513,70.000000
-0.172428,0.009752,-0.010994,-0.000058,367.389481,70.000000
-0.103094,-0.704301,-0.902303,0.005652,128.318448,70.000000
0.816623,0.986242,-0.860935,0.923825,125.827365,70.000000
-0.236294,0.608306,-0.070366,-0.110837,199.871991,70.000000
-0.194878,0.684117,0.067617,-0.090577,294.699585,70.000000
-0.046529,-0.013657,-0.000236,-0.000000,311.132293,70.000000
0.460518,-0.078460,0.261482,0.020668,305.939817,70.000000
-0.671789,-0.756731,-0.555419,-0.251761,148.293320,70.000000
-0.380087,-0.129347,-0.173202,-0.008673,331.703518,70.000000
0.062625,0.544210,-0.085550,0.010018,316.068674,70.000000
0.544071,0.205959,-0.272401,-0.008016,275.545681,70.000000
-0.445173,-0.023968,-0.162813,0.002109,322.993755,70.000000
-0.833580,0.019778,0.331468,-0.045662,226.524118,70.000000
0.400780,-0.084224,-0.142652,-0.005249,335.650232,70.000000
0.439341,-0.003310,-0.184097,-0.001538,316.809753,70.000000
0.363413,-0.115233,-0.041231,0.003425,343.312587,70.000000
-0.717555,0.047224,0.168540,-0.031299,289.759955,70.000000
-0.301652,0.141802,-0.071493,-0.013789,343.636923,70.000000
-0.731556,0.732249,0.024021,-0.135872,146.381259,70.000000
0.914515,0.255683,0.095759,-0.005526,279.295367,70.000000
-0.729091,0.171012,-0.208762,0.071999,261.854606,70.000000
0.196740,0.602639,0.184964,0.193164,218.190671,70.000000
0.560712,-0.105493,-0.045061,-0.012735,307.901504,70.000000
0.976061,0.648876,-0.770752,0.214477,152.813414,70.000000
-0.333272,0.690867,-0.376637,-0.143393,204.204363,70.000000
-0.596842,0.875691,-0.623324,0.792905,139.925207,70.000000
-0.264269,0.428780,-0.072202,-0.063777,311.611496,70.000000
0.500239,-0.490618,-0.234709,-0.046791,209.717529,70.000000
0.190795,0.683915,0.005296,-0.000176,323.268587,70.000000
0.564058,0.127205,0.171607,-0.017086,314.355838,70.000000
-0.069997,-0.442993,-0.038108,0.003826,342.086644,70.000000
0.624102,-0.725309,-0.734410,-0.578897,152.853055,70.000000
-0.274299,-0.145470,-0.112468,-0.007070,355.775526,70.000000
-0.907629,-0.516392,0.636840,-0.283662,161.169924,70.000000
0.998360,-0.558791,-0.763166,-0.420936,152.844230,70.000000
0.406594,-0.375307,0.051713,-0.039598,266.238699,70.000000
0.215361,-0.421151,-0.000276,-0.002907,289.106147,70.000000
-0.289878,0.016084,-0.078623,0.000277,359.898234,70.000000
0.322974,0.227834,-0.039541,0.019111,330.456619,70.000000
-0.792461,-0.894411,-0.735566,-0.666495,130.715159,70.000000
-0.366137,0.331834,-0.078332,-0.008336,325.031991,70.000000
-0.873925,-0.065480,-0.391803,0.006501,188.211564,70.000000
-0.518586,0.123733,-0.094262,0.018507,296.191921,70.000000
-0.422952,-0.562196,0.278733,-0.059539,208.534955,70.000000
-0.833076,0.492777,0.449939,0.356770,168.729921,70.000000
0.104056,0.860901,0.044588,-0.029496,267.752139,70.000000
-0.837536,-0.471209,-0.280880,-0.120210,172.042682,70.000000
0.395634,-0.578737,0.031824,0.020067,232.927227,70.000000
-0.840050,-0.719296,0.581563,-0.414782,144.114633,70.000000
0.790738,-0.072062,-0.010748,0.025278,236.273486,70.000000
0.860005,0.097188,-0.255595,0.073893,238.821388,70.000000
-0.558041,0.997939,-0.899167,0.732828,130.764815,70.000000
0.353618,-0.740500,0.301475,0.042482,191.878147,70.000000
0.422492,0.821291,-0.314389,0.210044,160.513294,70.000000
-0.562421,-0.604854,-0.610287,-0.332425,172.680184,70.000000
0.223462,-0.280081,-0.072100,0.007546,348.280562,70.000000
0.685523,-0.417797,-0.315814,-0.117795,190.862923,70.000000
0.090206,0.089653,-0.017136,-0.000010,340.781820,70.000000
0.790533,0.484492,0.491957,0.384808,172.579229,70.000000
0.863977,0.867529,0.800253,0.780060,130.643176,70.000000
0.556915,0.068822,0.242024,0.057860,287.019536,70.000000
0.690817,0.569258,0.521239,0.325228,165.152360,70.000000
-0.475636,-0.011349,0.057288,-0.001831,318.483924,70.000000
-0.742777,0.151092,0.195594,0.005493,274.200344,70.000000
-0.591921,-0.413063,0.439213,-0.185147,203.663165,70.000000
-0.351667,-0.467984,-0.128541,0.040996,306.152468,70.000000
0.599142,-0.216354,0.217216,-0.016317,257.577550,70.000000
-0.257436,-0.733527,-0.001179,0.048445,236.778392,70.000000
-0.383686,-0.611513,-0.010304,0.002490,224.433115,70.000000
0.298931,0.125498,0.058500,-0.001356,357.899454,70.000000
-0.758133,0.060772,-0.324582,0.005002,222.904836,70.000000
-0.599198,-0.723985,0.102158,0.075852,154.499512,70.000000
-0.007809,0.754065,0.273978,0.122944,170.014266,70.000000
-0.429665,0.627938,0.481510,0.248174,190.034496,70.000000
-0.245168,-0.536136,-0.205066,0.515339,164.434013,70.000000
-0.837599,0.476066,0.460114,0.136950,169.191379,70.000000
-0.752249,0.949374,-0.622325,0.646663,130.507157,70.000000
0.130705,0.759600,0.032428,-0.008212,293.855682,70.000000
0.590585,-0.043389,0.210158,0.030871,299.198476,70.000000
0.766939,-0.062361,0.333180,-0.148727,234.928978,70.000000
-0.099474,0.133495,0.016410,0.000147,349.732783,70.000000
-0.342589,0.110795,0.117171,-0.002142,345.643707,70.000000
0.127905,-0.303239,0.066768,0.015952,334.331765,70.000000
-0.535426,-0.908506,-0.067895,0.042507,141.834213,70.000000
0.740434,0.480736,-0.494812,0.265482,176.235882,70.000000
-0.263846,-0.456221,0.048746,-0.014657,310.066321,70.000000
0.292666,0.841422,-0.228082,-0.104089,240.981390,70.000000
-0.222373,0.576050,-0.330083,-0.073569,205.028848,70.000000
-0.325896,0.670073,0.682989,-0.135915,161.796434,70.000000
-0.082704,-0.004668,0.026993,-0.000000,331.023453,70.000000
-0.456041,-0.685651,-0.107164,0.049355,180.826800,70.000000
0.266046,-0.563527,-0.088618,0.003367,297.434722,70.000000
0.805484,-0.223203,-0.151082,-0.014861,261.637276,70.000000
0.622322,-0.626830,0.625028,-0.394608,164.967656,70.000000
0.873868,-0.906712,0.495707,-0.196369,129.948202,70.000000
0.894543,0.583144,-0.343380,-0.023884,153.792087,70.000000
0.903565,0.215965,0.113276,0.080491,242.501428,70.000000
-0.277050,-0.375003,-0.006667,0.043264,317.417626,70.000000
-0.679185,0.939566,-0.685373,0.561366,130.832195,70.000000
-0.713998,-0.156857,-0.209535,-0.032396,275.532257,70.000000
-0.297372,0.063443,-0.121429,0.000232,357.737321,70.000000
0.292480,-0.285009,0.125612,0.050624,328.450321,70.000000
-0.148754,-0.104428,0.007642,0.000081,360.288928,70.000000
0.871304,0.010675,-0.401910,0.008622,225.911370,70.000000
-0.584703,0.894314,-0.524231,0.629243,139.841813,70.000000
0.740052,0.061924,-0.102579,0.047408,244.431394,70.000000
0.756133,0.327570,0.469530,0.058317,217.389178,70.000000
-0.530331,0.726124,0.595964,0.229314,160.816239,70.000000
-0.036958,0.839973,0.161325,0.043636,242.130580,70.000000
-0.581165,0.364233,0.026517,-0.043261,219.919561,70.000000
-0.330696,-0.000526,-0.139471,-0.000001,354.163211,70.000000
-0.832426,-0.576196,-0.640241,-0.581226,157.025246,70.000000
-0.119547,0.769568,-0.031992,-0.055651,271.999301,70.000000
0.132520,-0.732853,0.166494,-0.102080,229.419609,70.000000
0.939505,0.260372,0.075947,0.040309,258.345549,70.000000
0.079082,-0.863635,0.088798,-0.056697,301.595414,70.000000
0.880955,0.211552,-0.300520,0.140888,211.666099,70.000000
-0.448459,0.748381,0.503360,0.050492,168.973043,70.000000
0.032155,0.435912,-0.008691,0.013200,324.822880,70.000000
0.376048,0.235046,-0.144512,0.024377,329.828905,70.000000
0.417588,0.393375,0.009905,0.000237,283.546261,70.000000
-0.544016,0.715784,0.554906,0.191986,160.759675,70.000000
0.176634,0.685184,0.007971,0.034112,292.501779,70.000000
-0.105783,0.108841,-0.020816,-0.000034,350.981956,70.000000
-0.701570,0.716855,-0.678880,0.594116,148.648048,70.000000
0.173824,-0.541789,0.009108,0.022007,297.354202,70.000000
0.157713,0.688907,0.039694,-0.025069,278.568774,70.000000
0.461359,0.065449,-0.147605,0.005062,330.014558,70.000000
-0.002603,0.248804,-0.019209,-0.000010,338.568569,70.000000
-0.357874,-0.784689,-0.270292,-0.130710,199.439438,70.000000
-0.268332,0.139169,0.072100,-0.003009,363.296867,70.000000
-0.993228,0.822144,-0.807645,0.837102,130.705918,70.000000
-0.227314,-0.467504,0.025072,0.029529,323.535522,70.000000
0.667018,0.564856,-0.629116,0.465345,168.888991,70.000000
-0.466209,0.424168,-0.343919,-0.114034,233.955962,70.000000
0.985138,-0.782613,-0.665637,-0.190344,134.906113,70.000000
0.617912,-0.750201,-0.282566,0.094191,151.708455,70.000000
-0.623805,-0.289904,-0.285465,0.038867,238.277430,70.000000
-0.414601,-0.201507,-0.207786,0.016389,308.566519,70.000000
-0.733046,-0.309221,-0.371668,-0.044419,222.889377,70.000000
0.924514,0.309839,0.327968,-0.065854,178.915761,70.000000
-0.533397,-0.799295,0.376824,-0.197533,153.361141,70.000000
0.253307,-0.668650,-0.002280,-0.006761,322.639677,70.000000
0.004409,0.094093,-0.000108,0.000002,310.986538,70.000000
-0.585193,0.663682,0.363042,0.124289,161.588783,70.000000
0.499001,0.702416,0.458241,0.325134,165.094246,70.000000
-0.489705,-0.468723,-0.296290,-0.093080,218.094451,70.000000
0.165530,0.067303,-0.067038,-0.000208,364.823274,70.000000
-0.831912,0.057589,-0.354170,-0.035516,238.559841,70.000000
-0.103952,0.870433,0.239244,0.141792,197.382437,70.000000
-0.636046,-0.030626,-0.134795,0.051572,268.438399,70.000000
-0.730750,0.281463,-0.478534,0.031191,223.433932,70.000000
0.553331,-0.164794,-0.114151,0.004482,290.345834,70.000000
0.304199,0.664368,-0.130421,-0.210738,213.229850,70.000000
0.033050,-0.534610,-0.007714,-0.005268,314.627450,70.000000
0.809038,-0.506002,-0.338919,-0.129571,168.346579,70.000000
-0.380471,-0.583519,-0.261832,0.040411,245.100961,70.000000
0.794877,-0.496844,-0.537733,-0.447898,168.884863,70.000000
-0.460222,-0.951718,-1.217871,0.529724,129.975682,70.000000
0.482638,-0.307622,-0.317681,-0.022690,259.800110,70.000000
-0.199640,0.652776,-0.057527,0.075348,280.960979,70.000000
-0.789715,-0.742468,0.624232,-0.476564,144.166877,70.000000
-0.660213,-0.195289,-0.227360,-0.017143,268.788217,70.000000
-0.218976,-0.321805,-0.039242,0.020530,339.301435,70.000000
-0.575993,-0.715343,-0.705126,-0.520945,156.991018,70.000000
-0.764874,0.757094,0.583600,0.390818,144.073650,70.000000
0.480429,0.573693,-0.347324,0.139210,190.532398,70.000000
0.061813,0.887619,0.004769,-0.011467,293.520955,70.000000
0.206802,-0.278584,0.003981,0.004519,350.990598,70.000000
-0.158272,-0.083822,-0.018327,0.000040,362.601136,70.000000
-0.789927,-0.295107,-0.357332,-0.078902,226.056557,70.000000
0.128540,0.369597,-0.009824,0.003854,340.305902,70.000000
-0.190660,-0.419418,-0.002593,-0.005115,304.686250,70.000000
0.842639,0.227930,-0.250798,0.028630,202.700494,70.000000
0.816468,0.381000,-0.159961,0.018980,197.277790,70.000000
-0.535211,0.708654,0.581545,0.407205,161.076593,70.000000
0.349207,-0.873873,0.175085,0.205542,193.322557,70.000000
0.819526,-0.225503,-0.235495,-0.037606,245.449999,70.000000
-0.026433,-0.266035,-0.017684,-0.000023,336.798003,70.000000
0.757010,-0.928286,0.781057,-0.890669,130.639017,70.000000
0.297979,0.126239,0.099010,-0.002574,355.921075,70.000000
-0.301527,0.235137,-0.004732,0.005341,353.402596,70.000000
-0.056286,-0.001013,0.015664,-0.000000,315.633099,70.000000
0.982601,0.574209,-0.192338,-0.011293,154.047628,70.000000
0.722395,-0.711400,0.726579,-0.656046,148.629202,70.000000
-0.499710,-0.629099,-0.619807,-0.302550,179.801164,70.000000
0.738976,-0.037823,-0.362624,0.134214,236.651549,70.000000
0.311930,0.611932,0.089304,-0.045665,300.261012,70.000000
0.738275,0.181316,-0.006375,-0.002596,245.489306,70.000000
-0.626730,0.543749,0.411219,0.180782,176.121392,70.000000
0.784993,-0.620282,-0.407659,-0.100352,153.502921,70.000000
0.927192,-0.682057,-0.681842,-0.409405,144.212098,70.000000
0.661715,-0.555467,-0.449286,-0.208182,169.171129,70.000000
0.274176,0.077743,0.124373,-0.001734,362.938148,70.000000
0.624001,-0.409732,0.508087,-0.251215,200.416734,70.000000
-0.363214,-0.545334,-0.250618,-0.141019,257.831896,70.000000
0.576378,-0.812297,0.565941,-0.624739,148.708995,70.000000
-0.273558,0.310729,-0.056756,-0.008396,349.057827,70.000000
0.426771,0.735043,-0.471519,0.087988,176.271710,70.000000
-0.128475,0.727723,-1.084612,0.726466,115.741546,70.000000
0.840860,0.330432,0.042766,-0.043541,211.326439,70.000000
-0.424942,0.000893,-0.172003,0.000065,326.876464,70.000000
-0.986872,-0.349450,-0.272967,-0.230310,206.201118,70.000000
0.799434,0.081815,-0.267731,0.060377,260.091262,70.000000
-0.927653,0.933154,0.841065,0.949466,125.807363,70.000000
-0.488831,0.214751,0.268303,0.002405,289.209438,70.000000
-0.687094,0.014961,-0.263263,0.022070,259.760119,70.000000
-0.552303,-0.558871,0.241969,-0.024418,182.834857,70.000000
-0.950686,-0.184678,0.300230,-0.046890,222.947388,70.000000
0.117965,0.638370,0.042101,0.009725,306.448496,70.000000
-0.915259,-0.761846,0.612327,-0.385313,135.605943,70.000000
-0.342548,0.793176,-0.078269,-0.047635,241.873700,70.000000
0.907653,0.924803,-0.784562,0.833621,125.843201,70.000000
-0.830424,-0.933076,0.031279,0.164470,128.113894,70.000000
-0.208110,0.300824,-0.064432,-0.001983,349.867240,70.000000
-0.049182,-0.602596,-0.095675,-0.035357,290.832267,70.000000
0.166263,0.387558,0.052753,0.004911,342.190647,70.000000
-0.308892,0.444578,0.032096,-0.103403,251.202738,70.000000
0.016421,-0.009967,0.003582,0.000000,301.759857,70.000000
0.477153,-0.489870,-0.323132,-0.106579,214.966545,70.000000
0.748814,-0.675062,-0.187791,0.074313,151.461287,70.000000
0.240735,0.038586,0.061478,-0.000005,366.889077,70.000000
0.518275,0.650287,0.634749,0.277653,172.522689,70.000000
-0.619702,0.664354,0.573091,0.297289,160.887116,70.000000
-0.206015,-0.487887,0.076049,-0.018807,304.712146,70.000000
0.088866,-0.432932,-0.017093,-0.002187,330.818710,70.000000
-0.288505,-0.910825,0.505877,0.339462,123.142880,70.000000
-0.229970,0.901514,-0.701465,0.661451,108.497662,70.000000
-0.248235,-0.080917,0.090815,-0.001898,365.670025,70.000000
0.028179,-0.400123,-0.115681,0.143881,267.264309,70.000000
-0.867102,0.613088,0.717371,0.520127,152.913899,70.000000
0.171181,-0.964574,0.568379,-0.114214,146.718378,70.000000
0.410701,0.655915,0.478242,0.240116,193.277898,70.000000
-0.033443,-0.084792,-0.003258,-0.000003,314.709797,70.000000
0.897431,-0.874614,0.856165,-0.780359,130.603756,70.000000
0.354593,-0.356074,0.155667,-0.027813,298.712624,70.000000
-0.533408,-0.992747,-0.336677,0.071742,132.021495,70.000000
0.902260,0.278996,-0.161040,-0.031983,276.395767,70.000000
-0.909552,-0.846482,-0.836946,-0.771982,130.643987,70.000000
-0.818361,-0.185142,-0.098462,0.169921,206.437807,70.000000
0.320929,-0.146143,-0.015044,0.000659,350.403454,70.000000
-0.228707,0.126925,-0.069199,0.002976,364.751904,70.000000
-0.768355,0.265878,0.375774,-0.154220,219.861980,70.000000
0.614660,0.592894,-0.655282,0.430120,168.890625,70.000000
0.766669,-0.600043,0.616407,-0.509051,157.040870,70.000000
-0.919813,0.701319,-0.565249,0.290148,140.246424,70.000000
-0.937177,0.863147,-0.887286,0.592094,130.543919,70.000000
0.905427,-0.489452,0.356820,-0.219389,164.617495,70.000000
-0.225078,-0.888832,-0.028825,0.029686,297.712802,70.000000
-0.592475,0.277220,0.267418,-0.010286,246.000327,70.000000
-0.759873,0.821895,-0.406381,0.108194,139.074252,70.000000
-0.409585,0.106193,0.205364,0.015730,300.862905,70.000000
0.783732,0.190058,-0.163267,-0.127882,236.974797,70.000000
0.311928,0.576259,-0.099065,-0.059355,295.193277,70.000000
-0.810964,0.132257,-0.027379,-0.033980,278.380991,70.000000
0.845968,0.190681,-0.157013,0.082494,227.767242,70.000000
0.769022,0.950358,0.492000,0.328769,130.139484,70.000000
0.661813,-0.915075,-0.601860,-0.686973,135.262046,70.000000
0.331495,-0.557936,0.182022,0.177363,230.478094,70.000000
0.774352,0.537695,0.587772,0.539403,165.003267,70.000000
-0.955678,-0.087864,0.417815,0.065850,209.857301,70.000000
-0.736696,0.355774,0.410810,0.126456,203.285428,70.000000
-0.511955,-0.420833,-0.367335,-0.032697,223.550298,70.000000
-0.940477,-0.590342,0.380270,-0.146744,153.375849,70.000000
0.116748,0.179505,-0.046985,0.000710,355.299771,70.000000
0.941982,-0.100964,0.179545,0.062562,230.335121,70.000000
-0.900508,-0.845540,-0.772825,-0.694082,130.684424,70.000000
-0.987572,-0.124175,-0.021946,0.008804,200.389021,70.000000
0.986399,0.408205,-0.184607,-0.338575,166.265327,70.000000
0.700769,-0.178930,-0.235799,-0.132809,231.826316,70.000000
0.729093,-0.128076,-0.033653,0.045309,276.018956,70.000000
-0.580434,0.648158,-0.703734,0.453874,164.992311,70.000000
-0.406089,0.866558,-0.298204,0.256362,154.782260,70.000000
0.234036,-0.562112,0.087209,-0.015000,323.276572,70.000000
0.585109,-0.070785,0.213216,-0.047206,285.311280,70.000000
0.322069,-0.983294,-0.101644,0.068094,228.170013,70.000000
-0.217514,0.247109,-0.058957,-0.000596,354.048376,70.000000
-0.837640,-0.218853,-0.223577,-0.045723,257.028902,70.000000
-0.255534,-0.758394,0.180676,0.332247,160.336888,70.000000
-0.331809,-0.708945,1.961162,-0.017714,132.771776,70.000000
0.766512,0.771048,0.448039,0.191455,140.444759,70.000000
-0.989002,-0.148828,-0.317865,-0.095685,192.728511,70.000000
0.648909,0.217031,0.192178,-0.024501,259.689090,70.000000
-0.361097,-0.964217,0.146775,0.326848,174.339908,70.000000
0.401067,0.731262,-0.488296,0.249583,168.979649,70.000000
0.325007,0.395383,-0.125991,-0.024067,296.038935,70.000000
-0.796916,0.238275,0.069776,-0.017448,275.541950,70.000000
0.680200,0.129135,0.144630,0.050202,284.747389,70.000000
0.369990,0.427349,-0.141709,-0.021811,296.269458,70.000000
0.460387,-0.274492,0.247139,-0.010214,279.217298,70.000000
0.614085,0.923493,-0.663695,0.845644,135.371387,70.000000
-0.855204,0.580438,-0.488228,0.418061,156.893759,70.000000
-0.571303,0.107168,-0.187721,-0.015300,307.757396,70.000000
-0.822294,-0.289740,-0.224621,0.010485,221.064874,70.000000
0.336383,-0.405899,0.188721,-0.092789,291.604414,70.000000
0.048916,0.129450,-0.021158,0.000032,334.943133,70.000000
-0.326001,0.901752,-0.135251,-0.071240,201.386820,70.000000
-0.256708,-0.493586,0.090113,-0.033227,304.442918,70.000000
0.298551,-0.246341,-0.060487,0.007013,343.699705,70.000000
-0.248350,-0.012293,-0.096208,0.000013,365.321569,70.000000
-0.604104,0.829676,0.618010,0.673166,144.306193,70.000000
0.370642,-0.620226,0.283493,-0.082375,198.668259,70.000000
-0.138903,-0.540874,-0.000579,-0.223082,217.971422,70.000000
-0.466398,-0.752524,-0.192354,0.118152,163.632772,70.000000
0.323082,0.039529,0.092494,-0.002425,348.974025,70.000000
0.363965,-0.840797,-0.267760,0.068175,169.447544,70.000000
0.718301,0.488553,-0.560324,0.365780,176.352209,70.000000
-0.887719,0.104549,-0.322586,0.024718,236.617066,70.000000
-0.840737,-0.268466,0.354548,0.162163,213.594582,70.000000
-0.103243,0.799714,-0.165948,0.411130,167.169793,70.000000
0.785229,-0.663113,0.483574,-0.197244,149.092109,70.000000
-0.936367,0.480951,-0.432336,0.246291,164.706951,70.000000
-0.658582,-0.784886,0.612497,-0.624511,144.348618,70.000000
0.417967,0.776593,0.566934,-0.094906,183.778741,70.000000
0.202144,-0.561013,0.001470,0.339939,170.872839,70.000000
-0.941169,-0.224913,-0.169841,0.102740,177.072751,70.000000
-0.117577,-0.113996,-0.041162,-0.000025,352.320995,70.000000
0.076967,-0.417360,0.036102,0.007302,339.572259,70.000000
-0.561475,-0.713380,-0.371140,-0.180268,157.484148,70.000000
0.228437,-0.650942,-0.237279,0.135842,229.057167,70.000000
-0.387006,-0.411162,-0.082189,-0.020320,304.326036,70.000000
-0.406118,0.371055,-0.214691,-0.030694,284.720570,70.000000
0.313593,0.553729,-0.137594,0.007428,286.820356,70.000000
0.527957,-0.630120,-0.230299,0.036207,175.356189,70.000000
-0.421936,0.527965,-0.304517,-0.029159,232.087545,70.000000
-0.500468,0.633063,-0.559564,0.186584,179.630981,70.000000
-0.114268,-0.502383,0.018275,-0.028441,336.537661,70.000000
0.455118,-0.836387,-0.520899,-0.291733,153.162610,70.000000
0.838730,0.528017,-0.333826,0.002302,161.856256,70.000000
0.387872,0.961244,-0.022233,0.138177,168.718139,70.000000
-0.376567,-0.960509,-0.440887,-0.563275,148.576237,70.000000
0.733167,0.345016,-0.023028,-0.036196,207.668882,70.000000
0.684938,-0.253430,0.325887,-0.058429,246.680982,70.000000
0.605713,0.213090,-0.254513,-0.004158,267.261538,70.000000
-0.589759,-0.085781,-0.212600,-0.039180,295.716070,70.000000
0.285743,0.486994,-0.121003,-0.064506,270.953800,70.000000
0.901285,-0.103285,0.405972,0.111675,199.257776,70.000000
0.087702,0.003414,-0.022525,0.000001,334.059576,70.000000
-0.612905,0.909231,0.677365,0.635362,135.454767,70.000000
-0.551240,-0.689517,0.355696,-0.149511,161.542571,70.000000
-0.715891,0.021485,0.011165,-0.013200,252.554546,70.000000
-0.893224,-0.418757,-0.579973,-0.208756,179.657651,70.000000
-0.046014,0.634966,-1.211730,0.199682,131.455109,70.000000
-0.128241,0.650096,0.041455,0.081814,268.391777,70.000000
0.160295,0.072178,-0.043666,-0.000061,363.630720,70.000000
-0.903725,-0.911664,0.588950,-0.449595,126.159707,70.000000
-0.335623,-0.810963,-0.447678,0.547778,144.035555,70.000000
0.145045,-0.221286,-0.024436,-0.001631,354.604308,70.000000
0.849777,0.203337,0.177347,0.135743,237.366616,70.000000
-0.507976,0.441123,-0.430597,0.091449,217.999701,70.000000
-0.044172,-0.403557,0.024204,-0.000714,321.587088,70.000000
-0.587609,0.062544,-0.184172,-0.022172,305.938560,70.000000
-0.819910,-0.229327,-0.235819,-0.114515,248.038177,70.000000
-0.290489,-0.245867,-0.003632,0.002565,347.888093,70.000000
-0.287915,-0.981839,0.438143,0.326584,146.423387,70.000000
0.237261,-0.361640,-0.039171,-0.010095,335.356448,70.000000
-0.089169,-0.663036,0.240065,-0.300864,127.569541,70.000000
0.351587,-0.871406,-0.256532,0.089972,201.248567,70.000000
0.286871,-0.567276,0.127545,0.313656,162.211009,70.000000
-0.208841,0.014050,-0.091564,0.000189,368.505915,70.000000
0.146456,-0.510017,-0.353233,-0.031304,191.128071,70.000000
0.151154,0.446200,0.009546,-0.035594,278.256173,70.000000
-0.714693,0.160690,0.159258,-0.046505,268.609083,70.000000
0.720115,0.976582,0.086450,-0.136546,128.557498,70.000000
-0.594042,-0.071363,-0.036211,0.014040,311.744524,70.000000
0.597978,0.208770,-0.182224,-0.007873,262.941980,70.000000
0.792976,-0.451503,-0.524820,-0.443024,176.327429,70.000000
-0.409246,-0.190763,0.148615,0.012001,322.950433,70.000000
-0.156199,0.765921,-0.200794,0.133219,214.836146,70.000000
0.828460,-0.068907,0.331625,-0.053511,237.504676,70.000000
-0.127723,-0.644086,0.017699,-0.003048,280.025925,70.000000
0.849691,0.764428,0.752582,0.634416,139.833751,70.000000
-0.256478,-0.619784,0.028613,0.017777,281.305337,70.000000
-0.705527,0.208776,0.223646,0.000700,253.599916,70.000000
0.890148,0.721675,0.779527,0.564001,139.935748,70.000000
-0.813565,0.409275,-0.475779,0.134139,186.885479,70.000000
0.681821,-0.636822,0.365915,-0.103710,157.629383,70.000000
0.934415,0.715417,0.889021,0.667781,139.898392,70.000000
0.016452,0.502910,-0.079065,0.038253,290.883075,70.000000
0.411486,-0.161896,0.152154,-0.013246,317.722355,70.000000
-0.990740,0.627541,0.464619,0.306892,167.178559,70.000000
-0.925866,0.966376,0.591650,0.341713,125.322311,70.000000
-0.119099,0.302355,-0.049722,0.014553,333.840391,70.000000
-0.324845,0.322496,-0.092867,-0.028423,324.762718,70.000000
0.187680,0.333175,0.014178,-0.012831,337.039624,70.000000
-0.331587,-0.985064,-0.489470,-0.155790,171.598467,70.000000
0.024564,0.850613,0.040810,0.010699,309.975218,70.000000
0.247569,0.895940,0.505445,-0.537936,110.547770,70.000000
0.057274,0.609961,-0.029892,-0.015956,228.500146,70.000000
-0.382435,0.417237,-0.160287,-0.051501,293.197372,70.000000
0.497270,-0.378243,-0.316614,0.032738,240.826223,70.000000
0.867834,-0.321353,0.290918,-0.000246,221.001138,70.000000
-0.971861,-0.074232,-0.252300,-0.014458,206.787347,70.000000
0.388592,-0.940129,-0.642367,-0.194561,160.286154,70.000000
-0.740632,0.194966,-0.007466,0.000653,241.446284,70.000000
0.799105,0.561987,-0.571596,0.530441,161.038005,70.000000
-0.688102,-0.922116,-0.146755,0.148252,132.509045,70.000000
-0.005775,0.940945,0.069245,0.002995,323.318939,70.000000
0.464218,0.105769,-0.030095,0.005905,308.204440,70.000000
-0.333004,-0.803758,-0.075294,0.120921,209.569070,70.000000
-0.764493,-0.830902,0.491144,-0.248115,135.833180,70.000000
-0.977425,0.413272,0.273844,0.139096,189.710560,70.000000
-0.140805,-0.504580,-0.021490,0.013364,306.166706,70.000000
-0.473105,0.528678,0.389451,0.156820,208.893232,70.000000
-0.515307,-0.765855,-0.685453,-0.516560,156.966823,70.000000
0.275246,0.053943,-0.051972,-0.000024,362.858323,70.000000
0.612680,-0.679710,0.397554,-0.167118,157.483578,70.000000
0.117197,-0.264135,0.018538,-0.011450,345.230094,70.000000
0.676435,0.837615,0.681914,0.790532,139.873255,70.000000
-0.198136,-0.077818,-0.074784,-0.000543,367.571302,70.000000
0.106828,-0.547220,0.010551,0.012326,284.232366,70.000000
0.870535,-0.911960,0.306115,0.032871,129.291318,70.000000
0.691800,-0.923113,0.370921,-0.002820,131.761817,70.000000
-0.763675,0.913595,-0.777892,0.797728,130.657563,70.000000
0.792280,-0.143206,0.122403,-0.080658,250.353008,70.000000
-0.869424,-0.403116,-0.575751,-0.190701,186.619339,70.000000
0.832823,-0.751308,0.769723,-0.642708,139.890338,70.000000
0.765433,0.637554,-0.630908,0.486169,152.933883,70.000000
-0.624147,-0.034615,-0.200359,-0.004288,297.613886,70.000000
0.218146,0.379895,0.010739,-0.013344,330.190668,70.000000
0.897119,-0.116826,0.109930,0.054597,225.532823,70.000000
0.502566,0.620645,0.555455,0.284953,179.829379,70.000000
-0.812872,0.052893,-0.270261,-0.031984,257.368314,70.000000
0.973829,-0.863569,0.490593,0.091838,129.634810,70.000000
-0.001017,0.910739,-0.167108,-0.121669,234.491592,70.000000
0.794238,0.754326,0.294920,-0.012945,141.004508,70.000000
-0.036911,-0.368484,0.013264,-0.000366,324.138258,70.000000
0.887652,0.775309,-0.633451,0.417934,135.558159,70.000000
0.626347,-0.987668,0.684540,-0.892447,130.721266,70.000000
0.261761,-0.577801,0.008454,0.013661,320.321390,70.000000
0.900187,-0.550538,0.703509,-0.421411,157.075797,70.000000
-0.897370,-0.099740,0.267837,-0.040165,213.945450,70.000000
-0.327457,0.433548,0.087453,0.041167,305.413707,70.000000
0.633197,0.139210,0.274776,0.010864,260.915074,70.000000
-0.300891,0.917959,0.291892,0.292596,195.931555,70.000000
0.130698,0.640467,0.035323,-0.024483,282.141918,70.000000
0.322374,0.132397,-0.124746,0.007250,350.005214,70.000000
-0.805370,0.154751,0.193613,0.129828,236.256917,70.000000
0.903791,0.020347,0.412594,0.007958,201.214296,70.000000
-0.021309,-0.139095,0.011451,0.000001,326.096967,70.000000
0.232643,0.028138,-0.069021,-0.000243,367.645576,70.000000
0.908558,0.136996,-0.091752,0.061719,235.585385,70.000000
0.483768,0.687728,-0.555878,0.325120,175.994424,70.000000
0.639811,-0.692145,0.456198,-0.137500,156.530430,70.000000
-0.889124,0.488386,-0.564859,0.209861,165.177406,70.000000
0.305087,-0.395453,0.166674,-0.037849,284.581823,70.000000
-0.380123,-0.732385,-0.381856,-0.073227,196.264952,70.000000
0.812973,-0.357075,0.462220,-0.034425,205.459546,70.000000
0.634106,-0.575218,-0.550534,-0.310968,168.997052,70.000000
0.311602,-0.905737,0.354022,-0.216315,185.328455,70.000000
-0.717744,0.873115,0.719724,0.827586,135.320971,70.000000
0.443762,0.313701,-0.258160,-0.006018,268.701831,70.000000
0.369040,0.454841,-0.342138,-0.092065,229.488636,70.000000
0.513153,0.558864,-0.354547,0.083579,190.018878,70.000000
0.823148,0.644882,0.493204,0.154441,149.147212,70.000000
0.537704,-0.800920,-0.537867,-0.472970,152.956786,70.000000
0.940358,0.602945,-0.049235,-0.034151,154.477308,70.000000
-0.296518,0.427398,0.123270,0.058113,269.360353,70.000000
-0.721883,-0.680236,0.624138,-0.452096,152.778211,70.000000
-0.719431,0.523877,0.402376,0.198461,169.218243,70.000000
0.796829,0.312063,0.414176,0.008998,216.274705,70.000000
0.838377,0.608246,-0.711342,0.496044,152.939841,70.000000
0.783374,0.162799,0.367369,-0.329134,199.258833,70.000000
0.167448,0.294320,-0.044715,0.000923,340.811163,70.000000
0.632139,0.361847,0.367815,0.098589,212.439195,70.000000
-0.440525,0.096752,-0.015331,0.001553,323.126235,70.000000
0.115538,-0.156298,0.042211,-0.000226,353.663568,70.000000
-0.900595,-0.301996,0.475522,-0.174844,195.890305,70.000000
0.356206,0.747786,-0.365165,0.050365,195.885097,70.000000
0.031449,0.556392,-0.102828,0.014411,190.012344,70.000000
-0.727970,-0.993829,0.963367,-0.456272,126.123314,70.000000
0.720743,-0.472017,0.002717,0.102718,178.213925,70.000000
0.810403,0.445546,-0.523411,0.439965,176.318299,70.000000
0.284735,-0.460492,0.193913,-0.022965,222.497809,70.000000
0.502555,0.441453,-0.425905,0.093019,220.809709,70.000000
-0.502070,-0.286564,-0.256513,-0.006846,258.209587,70.000000
-0.279592,0.897763,0.407578,-0.065591,134.397281,70.000000
0.709453,-0.222794,-0.235067,0.060555,256.880064,70.000000
-0.492320,-0.416182,0.391170,-0.016389,231.354614,70.000000
-0.765457,0.967950,0.588515,0.203485,126.475168,70.000000
0.330398,0.992745,0.066774,-0.721766,141.411542,70.000000
-0.936696,0.954736,0.708314,0.576610,125.597062,70.000000
0.246135,0.785901,-0.241997,0.059302,206.125206,70.000000
0.642516,0.764722,0.703751,0.549517,148.597435,70.000000
0.682760,-0.858611,0.334867,-0.020475,138.822801,70.000000
-0.675479,-0.775667,0.626724,-0.616904,144.345200,70.000000
-0.640786,0.302085,0.286635,-0.036547,231.117128,70.000000
-0.862183,-0.710180,0.544613,-0.352017,144.046295,70.000000
0.002137,-0.080808,-0.000575,-0.000000,308.567266,70.000000
-0.137477,-0.573338,-0.102527,-0.045914,258.786900,70.000000
-0.091686,-0.968992,-0.247582,-0.313092,174.215424,70.000000
0.156285,0.689518,0.011108,-0.001306,290.055366,70.000000
0.727850,0.968255,0.401879,0.268281,130.027650,70.000000
-0.541844,-0.763842,-0.345676,0.063310,156.063275,70.000000
0.114353,-0.065329,0.040449,0.000023,349.780613,70.000000
0.012415,0.655192,-0.017783,0.009333,308.911032,70.000000
-0.195387,0.138567,0.027647,-0.002099,364.866227,70.000000
0.894900,0.579880,0.074970,-0.076428,155.278331,70.000000
0.050672,-0.362852,-0.042653,-0.033060,313.165161,70.000000
-0.455667,-0.396819,0.314566,0.021468,246.135574,70.000000
0.666482,-0.440509,0.159241,0.029666,188.122205,70.000000
0.367091,-0.306184,-0.154701,0.015219,312.250493,70.000000
-0.037259,-0.207738,0.033047,0.000821,348.699130,70.000000
0.543919,-0.355580,-0.337183,-0.034574,231.647382,70.000000
-0.237081,-0.623501,0.061449,-0.055686,271.010689,70.000000
0.812842,-0.565959,-0.197473,0.038201,159.833238,70.000000
-0.065068,0.401067,0.068724,-0.012522,317.191500,70.000000
0.732968,-0.999755,-1.081835,-0.626045,126.020737,70.000000
-0.882657,-0.811187,0.814819,-0.692537,135.283817,70.000000
0.381532,0.413303,0.161676,-0.058104,281.599788,70.000000
0.384861,0.362499,-0.121950,0.021710,326.118464,70.000000
0.513966,0.223438,-0.135590,0.012731,284.215065,70.000000
-0.671039,-0.153146,0.329496,-0.098545,245.863248,70.000000
0.073938,0.681516,0.573686,0.003361,127.876567,70.000000
0.235075,0.903339,0.087640,-0.109427,245.393345,70.000000
0.417734,0.855911,-0.636612,0.083872,153.309720,70.000000
-0.705128,0.907991,0.426930,0.207212,134.660200,70.000000
0.606043,-0.234633,0.032120,0.036414,249.931676,70.000000
0.526359,0.509155,-0.535476,0.230609,197.031697,70.000000
-0.633866,0.613765,-0.685285,0.487512,165.011373,70.000000
-0.445240,0.852885,0.521080,0.641541,152.914773,70.000000
0.441519,0.611200,-0.418862,0.194514,202.636965,70.000000
0.437648,-0.444931,0.284007,0.070233,247.164498,70.000000
0.044429,0.717906,-0.147581,-0.074757,256.215821,70.000000
-0.154375,-0.583842,-0.002147,0.004880,305.834359,70.000000
-0.625666,0.431088,-0.312645,0.084088,194.317154,70.000000
-0.706374,-0.033088,-0.354053,-0.020643,220.191159,70.000000
-0.105994,0.559927,-0.016161,-0.000649,321.462934,70.000000
0.699170,0.949873,0.733959,0.901472,130.665931,70.000000
0.519602,0.957803,-0.576004,0.084064,136.072017,70.000000
-0.199082,0.025417,0.055141,0.000092,368.745852,70.000000
-0.817693,-0.965556,0.840943,-0.819009,125.855088,70.000000
-0.104425,0.930753,-0.034021,-0.003461,282.832281,70.000000
-0.828286,0.993324,0.783072,0.800388,125.770656,70.000000
0.800716,-0.360012,0.510741,-0.127946,199.509915,70.000000
-0.724097,0.107038,-0.201537,0.065921,283.706374,70.000000
0.983959,-0.594832,-0.745522,-0.410540,152.885485,70.000000
0.653361,-0.955178,0.728879,-0.698110,130.752743,70.000000
0.326735,-0.568396,-0.209809,-0.098819,248.560948,70.000000
0.973985,-0.236116,0.100239,-0.137296,191.822397,70.000000
-0.397857,-0.781704,0.330459,0.522774,160.539771,70.000000
-0.100773,0.305736,0.028585,-0.000718,344.031496,70.000000
0.503204,-0.644018,0.619456,-0.291715,179.727244,70.000000
-0.007330,0.806084,0.179688,-0.233589,177.552817,70.000000
-0.144014,-0.437217,0.132298,0.310984,201.538132,70.000000
-0.312641,-0.553735,-0.126519,-0.055120,254.278685,70.000000
-0.620011,-0.517344,-0.591756,-0.396250,180.053961,70.000000
0.992136,0.829184,0.829222,0.811251,130.699148,70.000000
0.092222,-0.031012,0.020351,0.000006,337.272624,70.000000
0.775492,-0.304417,-0.396298,-0.003767,208.428933,70.000000
-0.339443,0.978545,0.150133,-0.151105,210.274042,70.000000
0.409835,0.096614,-0.079449,0.005235,309.050855,70.000000
-0.202273,0.401592,0.061012,-0.007896,333.569219,70.000000
-0.439184,0.626835,0.393409,0.222598,196.423360,70.000000
-0.792223,-0.891082,-0.692367,-0.570904,130.785987,70.000000
-0.419822,0.055032,0.261884,0.008617,294.974439,70.000000
0.924256,-0.033733,0.269931,-0.011092,229.339569,70.000000
-0.953514,0.291730,-0.037017,0.043193,219.013489,70.000000
-0.900709,-0.223276,0.159401,-0.066891,250.739118,70.000000
-0.592330,0.708451,-0.742869,0.522091,156.991258,70.000000
0.927863,0.592814,-0.770121,0.381509,152.918415,70.000000
-0.580703,0.117426,-0.117863,-0.008475,308.544285,70.000000
-0.420872,0.411907,0.236628,-0.039297,265.911090,70.000000
0.920764,-0.712453,0.837255,-0.621323,139.907924,70.000000
-0.201611,-0.481379,0.005510,0.040703,307.917613,70.000000
-0.535714,0.251589,0.017213,-0.004270,262.902300,70.000000
0.456869,0.593438,-0.418859,0.090812,196.499044,70.000000
-0.091929,0.956491,0.132644,-0.062207,249.682422,70.000000
-0.257751,-0.019691,-0.014768,-0.000557,364.711984,70.000000
-0.951932,0.885717,0.407906,0.315896,126.433551,70.000000
0.240325,-0.849667,-0.638078,0.296248,172.539876,70.000000
-0.361354,0.715643,-0.354413,0.322277,195.261599,70.000000
-0.194913,0.104621,0.069663,-0.000870,366.109506,70.000000
0.369486,-0.054134,-0.072730,-0.002654,344.414956,70.000000
0.170150,-0.295787,-0.054627,0.001051,350.473574,70.000000
0.714219,-0.128294,0.054282,-0.000521,263.098909,70.000000
-0.239183,0.047579,0.000320,-0.000664,367.110239,70.000000
-0.338162,0.516385,0.094105,-0.014906,272.335904,70.000000
0.878218,0.207872,-0.116461,-0.030987,273.361253,70.000000
-0.302525,-0.537273,-0.023411,-0.055517,285.007421,70.000000
0.045305,-0.565217,0.047826,-0.003040,333.019868,70.000000
0.396281,0.287331,-0.116513,-0.036893,302.928040,70.000000
-0.827294,-0.334803,-0.391104,0.149408,204.640670,70.000000
0.964699,-0.301776,-0.281053,-0.090481,201.960915,70.000000
0.042629,0.465983,0.039379,0.133781,281.208661,70.000000
-0.216059,0.693431,-0.379233,-0.018406,203.234729,70.000000
0.492799,0.475871,0.096378,-0.046243,216.941780,70.000000
-0.041860,0.460111,-0.479357,0.043081,174.535063,70.000000
-0.920741,-0.898451,0.422399,-0.197450,126.590683,70.000000
-0.265713,0.155577,-0.106324,0.012932,354.051689,70.000000
0.785673,0.804386,0.582726,0.393176,139.590324,70.000000
-0.681961,0.276702,0.378322,0.024663,230.965289,70.000000
0.530192,0.943622,-0.758400,0.251907,135.766692,70.000000
-0.550234,0.208976,0.205602,0.022149,271.653393,70.000000
0.256285,-0.612569,-0.074741,0.118088,246.351106,70.000000
0.546722,0.748315,0.701750,0.392495,156.920191,70.000000
0.936166,0.147136,0.431490,-0.023321,200.000575,70.000000
0.917938,-0.212128,-0.097401,-0.059798,273.505321,70.000000
0.759195,-0.213160,-0.039004,-0.003303,250.872026,70.000000
-0.577982,-0.141437,-0.138754,0.001150,276.529074,70.000000
0.866553,0.161423,0.162159,-0.056112,265.444078,70.000000
-0.969710,0.078930,0.630654,-0.035948,193.162693,70.000000
0.573291,-0.692360,-0.648301,-0.339434,160.950088,70.000000
-0.486624,-0.697463,-0.572636,-0.391029,172.419500,70.000000
-0.259734,0.650306,-0.054924,-0.025096,311.482309,70.000000
-0.299541,-0.387809,-0.055034,0.040088,312.879546,70.000000
0.096506,-0.028290,0.034538,0.000005,339.953732,70.000000
0.531014,0.749462,0.699233,0.529533,156.980031,70.000000
0.212655,0.087013,-0.043340,-0.000927,368.550303,70.000000
0.427400,-0.681498,0.251546,-0.068482,187.091348,70.000000
0.054751,0.204032,-0.023699,-0.000045,342.562301,70.000000
-0.841443,-0.124226,-0.546547,-0.014462,196.023285,70.000000
0.141464,-0.411403,-0.023789,-0.011008,307.115249,70.000000
-0.449815,-0.047172,0.186827,0.000467,320.755100,70.000000
-0.821858,-0.961832,0.825186,-0.788432,125.866503,70.000000
0.482800,0.413325,0.219568,0.028524,237.512080,70.000000
0.753937,-0.578488,-0.627364,-0.566682,161.051533,70.000000
-0.650250,-0.753640,-0.724256,-0.648898,148.630334,70.000000
-0.433657,-0.475837,0.303648,0.037328,243.822534,70.000000
0.603950,0.583834,0.509448,0.282684,172.554778,70.000000
0.494981,-0.849074,0.437851,-0.151758,156.898777,70.000000
-0.391296,-0.506815,-0.222831,0.058404,269.833533,70.000000
-0.041336,-0.740421,0.096805,0.327332,168.072204,70.000000
-0.250172,-0.632916,-0.130397,-0.017136,269.898280,70.000000
0.589013,-0.459780,0.505760,-0.259674,193.938118,70.000000
0.481392,0.760002,-0.529225,0.495935,161.020092,70.000000
-0.641656,-0.319545,-0.446226,-0.096658,223.759972,70.000000
-0.597957,0.135418,-0.227234,0.052021,258.680118,70.000000
-0.024129,0.462362,-0.025680,-0.001437,320.184405,70.000000
0.924747,0.228330,-0.011191,0.002512,230.964123,70.000000
-0.456705,0.162211,0.185419,0.000453,316.504082,70.000000
0.284058,0.166243,-0.108537,-0.010679,356.610630,70.000000
0.051901,0.298450,0.022810,0.000627,343.254870,70.000000
0.043519,-0.570437,-0.021961,0.002936,306.683897,70.000000
0.668754,-0.244430,-0.203712,0.013004,248.632007,70.000000
-0.139371,-0.401163,0.054223,-0.021554,329.254444,70.000000
-0.339315,-0.868186,0.235267,-0.139406,178.716745,70.000000
0.401487,-0.211090,0.158710,0.007065,313.983891,70.000000
0.208523,0.651621,-0.097168,-0.122470,276.033835,70.000000
-0.198250,0.012094,-0.063024,-0.000090,368.774626,70.000000
-0.742671,-0.070944,0.204838,-0.023886,252.220063,70.000000
-0.363362,0.981612,0.442173,0.003760,159.584179,70.000000
-0.049297,-0.538057,0.046534,0.012336,320.264988,70.000000
0.871256,-0.808621,-0.849883,-0.774758,135.306131,70.000000
-0.486517,-0.893234,-0.729023,-0.403148,148.667366,70.000000
-0.590358,-0.143557,-0.084164,0.020376,289.708352,70.000000
-0.767329,-0.491034,-0.548026,-0.446538,172.637212,70.000000
-0.804352,-0.738825,0.531828,-0.328361,143.989830,70.000000
0.571923,0.308493,0.340596,0.022035,239.293289,70.000000
0.835342,-0.412059,0.396546,-0.046343,186.958033,70.000000
0.522486,-0.578329,-0.601261,-0.285425,183.485601,70.000000
0.032535,0.821682,-0.028552,0.005205,311.433055,70.000000
0.003527,-0.714415,1.328074,0.013164,90.601330,70.000000
0.819728,-0.834603,-0.799687,-0.794317,135.300267,70.000000
0.824884,-0.170508,-0.089691,0.081279,214.386678,70.000000
0.265068,-0.998401,0.186950,-0.128791,182.991266,70.000000
-0.131198,0.958928,-0.813939,0.664752,126.465937,70.000000
0.698892,0.271708,-0.276064,0.047037,239.596494,70.000000
0.595967,0.410093,-0.436426,0.184624,203.666920,70.000000
0.436461,-0.394143,-0.299665,0.011021,258.179196,70.000000
-0.357565,0.397369,-0.111373,0.033835,314.079385,70.000000
0.584255,-0.420057,-0.485113,-0.223822,203.605663,70.000000
0.101323,0.927517,0.086766,0.040417,261.383593,70.000000
0.780811,-0.909859,0.797973,-0.842687,130.639420,70.000000
0.004268,-0.264540,0.018027,0.000021,335.504304,70.000000
-0.128406,-0.112268,0.037099,0.000046,355.288686,70.000000
-0.891257,0.640077,-0.881716,0.492212,148.680810,70.000000
-0.219689,-0.304712,0.070283,0.006796,350.985253,70.000000
0.705808,0.509476,0.554504,0.412603,172.698468,70.000000
0.770038,0.036496,0.175964,-0.014303,264.455025,70.000000
-0.616003,0.844075,-0.333609,0.049793,140.872782,70.000000
0.367004,0.236421,-0.075567,-0.009330,319.698305,70.000000
-0.478016,-0.008416,0.162145,0.002219,326.613166,70.000000
0.550953,-0.139462,0.214704,0.007271,285.647176,70.000000
0.059078,0.916246,-0.042258,0.001522,276.441540,70.000000
-0.659274,-0.425468,-0.234405,0.014991,193.165065,70.000000
-0.837379,0.178205,-0.187600,-0.115392,255.077221,70.000000
-0.906173,-0.042647,0.410570,-0.000596,209.807889,70.000000
-0.762791,-0.223018,0.024595,-0.008041,234.273159,70.000000
-0.269670,-0.340402,-0.022020,-0.020135,339.126991,70.000000
0.859418,0.233678,-0.178381,0.087993,247.970418,70.000000
-0.580136,-0.344781,0.408321,-0.088947,226.522675,70.000000
-0.738444,0.972328,0.232358,-0.155005,127.555609,70.000000
-0.088364,0.867833,0.030495,-0.011940,300.226681,70.000000
-0.334172,-0.430758,-0.087538,-0.064156,279.048379,70.000000
0.244251,-0.880324,-0.277470,0.041800,124.769781,70.000000
0.387137,0.604221,0.056696,-0.037648,217.057638,70.000000
-0.864115,0.818699,0.810337,0.721719,135.287723,70.000000
-0.125526,0.284935,0.039981,0.001013,344.501711,70.000000
0.901481,-0.809792,-0.730814,-0.524093,135.181820,70.000000
-0.180292,-0.164899,-0.068306,0.001269,362.395718,70.000000
0.535611,0.018079,-0.258852,-0.054647,267.712030,70.000000
-0.146449,0.625878,-0.875028,0.306339,172.633049,70.000000
-0.865738,-0.465010,-0.465381,-0.373098,172.505881,70.000000
0.571246,0.925492,-0.733311,0.388611,135.642097,70.000000
0.751679,-0.528083,-0.429860,-0.190648,168.550491,70.000000
0.507311,0.375355,0.378882,0.024716,234.534363,70.000000
0.595654,-0.844015,-0.526134,-0.411712,144.100044,70.000000
0.646996,0.062487,0.259409,-0.103075,260.586598,70.000000
0.214770,-0.363192,0.071280,-0.019620,330.484461,70.000000
-0.162139,0.929561,0.007209,-0.255430,179.437198,70.000000
-0.864512,0.154201,0.072453,-0.040867,281.366616,70.000000
-0.339793,-0.893548,-0.151072,-0.014674,184.043615,70.000000
0.133542,0.445793,0.039410,-0.011371,288.411991,70.000000
0.438346,-0.725569,-0.571495,-0.204066,175.893007,70.000000
-0.640850,-0.760533,-0.716401,-0.642717,148.630494,70.000000
-0.273830,-0.267196,0.109422,0.025465,346.903044,70.000000
-0.760875,-0.019700,-1.026865,-0.013433,168.744013,70.000000
0.897959,-0.009060,-0.765392,-0.003452,179.838665,70.000000
-0.269754,0.240802,0.068655,0.030061,326.387409,70.000000
-0.836968,-0.921551,-0.531393,-0.299820,130.115216,70.000000
-0.510652,-0.520648,0.530580,-0.207798,196.974643,70.000000
-0.535578,0.536122,0.335466,0.097365,190.073741,70.000000
0.600303,-0.701803,0.739635,-0.532226,156.993531,70.000000
0.798880,0.778626,0.782412,0.751286,139.858925,70.000000
0.366657,0.397871,0.254873,-0.077847,271.541300,70.000000
-0.983348,0.865173,-0.068291,-0.182580,128.594359,70.000000
0.966036,0.173756,0.312021,-0.140372,209.320410,70.000000
0.316485,-0.837897,-0.153544,0.175949,179.401925,70.000000
-0.526705,-0.337186,0.330418,0.037407,241.662718,70.000000
0.915321,-0.206623,-0.263038,-0.122561,225.785273,70.000000
-0.713899,-0.500500,-0.357900,-0.149938,173.093230,70.000000
0.097035,0.862622,0.036319,0.013901,277.851791,70.000000
0.089100,-0.492418,-0.021801,-0.019496,278.178760,70.000000
-0.064478,0.324058,0.042954,-0.007982,329.854262,70.000000
0.442253,0.943413,0.097471,0.709239,160.613959,70.000000
-0.049592,0.506990,-0.067545,0.028840,304.601365,70.000000
0.982204,-0.094156,-0.260075,0.045724,208.083752,70.000000
-0.471539,0.841088,0.604877,0.331162,153.052307,70.000000
0.159186,-0.560529,-0.046704,0.057275,284.958345,70.000000
-0.808225,0.161467,-0.227703,0.031619,249.618193,70.000000
-0.223701,0.260896,0.008604,0.002060,349.036573,70.000000
0.872603,-0.161785,0.028546,-0.003625,231.120570,70.000000
0.886446,0.492178,0.640575,0.452275,164.991236,70.000000
0.033084,0.035118,0.002339,0.000001,307.402314,70.000000
0.233863,0.539032,-0.008079,0.039308,318.203289,70.000000
-0.485468,0.740296,0.302264,0.193714,161.496697,70.000000
0.147805,0.163038,-0.043931,0.000687,358.831194,70.000000
0.175707,-0.890558,0.302808,0.085140,178.769504,70.000000
0.386691,-0.890389,-1.247360,0.536468,147.764777,70.000000
-0.765419,-0.393888,-0.276293,-0.085998,193.106569,70.000000
-0.078357,-0.949283,-0.072957,-0.108467,202.857045,70.000000
-0.604939,0.795274,-0.510347,0.277729,148.307392,70.000000
0.178188,0.803907,-0.017844,-0.241134,232.576507,70.000000
-0.728471,0.593654,0.638221,0.540256,161.048792,70.000000
-0.458505,-0.099213,0.209768,0.010173,308.073408,70.000000
0.535499,0.138655,-0.293935,-0.005990,268.778834,70.000000
0.369106,-0.436194,0.342155,-0.175611,211.692261,70.000000
0.891582,0.810598,-0.782359,0.622543,135.250021,70.000000
-0.287759,-0.368645,-0.001627,0.017253,332.902882,70.000000
0.178570,-0.766981,-0.002085,-0.210124,204.342939,70.000000
-0.644720,0.186467,0.246074,0.017528,254.252018,70.000000
-0.051934,-0.862230,0.285419,0.161609,210.552727,70.000000
0.500374,-0.214553,-0.270277,0.004773,278.931809,70.000000
0.010342,-0.176284,-0.006459,-0.000001,327.902375,70.000000
-0.804576,-0.504811,0.485846,-0.383598,168.772359,70.000000
-0.359429,-0.927705,0.527325,-0.150053,182.097615,70.000000
0.061061,0.255436,0.009833,-0.000094,340.123174,70.000000
-0.886302,-0.071294,-0.360691,0.043588,223.315142,70.000000
-0.238304,0.825564,0.058213,0.032792,301.105885,70.000000
-0.740456,-0.846087,0.587954,-0.445763,135.563446,70.000000
-0.183180,-0.711430,0.107363,0.006263,247.068697,70.000000
-0.998125,0.518401,-0.690124,0.313314,157.044077,70.000000
0.769637,-0.712824,-0.089065,0.126562,146.142462,70.000000
-0.436817,0.415110,-0.169187,-0.020654,252.362683,70.000000
0.748936,-0.639313,-0.444991,-0.182884,153.333122,70.000000
-0.939040,-0.438636,0.607270,-0.278929,176.098676,70.000000
-0.161310,0.867480,1.368400,-0.059138,116.925041,70.000000
-0.269910,-0.372344,0.095849,-0.019822,337.499916,70.000000
0.010949,0.017421,0.001080,-0.000000,301.298486,70.000000
0.796801,-0.173548,0.151136,-0.052055,286.819769,70.000000
-0.818301,0.809214,0.618067,0.438609,135.543111,70.000000
0.459988,-0.978748,-0.456145,-0.393687,126.842056,70.000000
0.187854,-0.730027,-0.039017,0.016398,288.684558,70.000000
0.434187,-0.621543,0.087856,0.013338,204.459322,70.000000
-0.265332,0.559848,0.060487,-0.178378,167.032714,70.000000
-0.631516,0.105906,-0.051593,0.043440,275.463265,70.000000
-0.030909,0.510473,0.012314,0.022723,311.291456,70.000000
-0.481390,-0.729198,-0.623789,-0.470818,164.924857,70.000000
0.374391,0.382093,0.201963,0.006033,276.042185,70.000000
-0.155124,0.836428,-0.096099,0.057240,230.503836,70.000000
-0.152514,0.705247,-0.151660,0.110248,184.780308,70.000000
-0.913222,-0.517677,0.538779,-0.408169,160.973624,70.000000
-0.592057,-0.698034,-0.583303,-0.401507,157.091782,70.000000
0.138782,0.513359,-0.035958,-0.025232,276.790930,70.000000
0.023926,0.126546,-0.002078,-0.000006,319.161322,70.000000
0.856442,0.214413,-0.216256,0.146667,241.026207,70.000000
-0.368693,-0.631568,0.477449,-0.031760,214.969297,70.000000
-0.769583,-0.374042,0.494175,-0.209418,196.717843,70.000000
-0.523289,-0.919748,-0.406985,-0.161488,140.590784,70.000000
-0.203444,0.723971,0.282692,-0.034829,227.156537,70.000000
-0.216855,-0.677811,0.169783,0.098950,234.016011,70.000000
0.023286,-0.638625,0.020586,0.018497,274.237690,70.000000
0.628851,-0.906267,-0.679627,-0.739879,135.393469,70.000000
0.374846,0.033371,0.022011,0.000962,339.508832,70.000000
0.869623,-0.243645,0.272867,-0.260148,213.945146,70.000000
-0.941341,0.874024,-0.637516,0.189564,130.083043,70.000000
-0.281810,-0.383616,-0.150090,-0.025994,294.394835,70.000000
0.563366,0.488611,0.411861,0.182333,193.728965,70.000000
0.085255,0.882371,0.103161,0.139063,120.659643,70.000000
0.012918,-0.884065,-0.397943,0.131795,115.454280,70.000000
-0.480288,-0.194242,-0.181071,-0.002309,296.974597,70.000000
-0.628084,-0.201512,0.108187,0.027992,268.362114,70.000000
-0.807193,-0.498226,0.535958,-0.485822,168.850690,70.000000
0.319692,-0.941511,0.554331,-0.263960,164.371933,70.000000
0.029796,0.781374,0.097278,0.116746,269.869056,70.000000
0.552613,-0.232977,-0.166076,0.006267,269.897454,70.000000
0.350260,0.813596,-0.010857,-0.030912,216.483710,70.000000
0.116125,-0.287027,-0.009337,0.000624,340.981438,70.000000
-0.066689,-0.833759,0.190799,-0.104554,146.497864,70.000000
-0.985235,-0.848355,-0.812159,-0.452044,130.496617,70.000000
-0.303734,-0.865313,-0.410844,0.086451,164.418539,70.000000
0.688213,0.794231,-0.622212,0.426707,144.124043,70.000000
0.633925,0.385756,-0.076776,-0.050012,204.749125,70.000000
-0.600761,-0.985977,-0.783361,-0.841471,130.724061,70.000000
0.684129,0.158224,-0.178995,0.025579,298.118643,70.000000
-0.722044,0.606957,0.420359,0.172488,160.620553,70.000000
-0.873708,-0.415324,-0.326509,-0.084212,179.985217,70.000000
-0.346498,0.401162,0.001000,-0.059251,245.594572,70.000000
0.329376,-0.184805,0.122229,-0.004853,342.637480,70.000000
-0.020246,-0.274577,0.000257,-0.000290,341.152173,70.000000
-0.822915,-0.729788,0.522604,-0.321929,143.982762,70.000000
0.451587,-0.170284,-0.189225,0.004006,296.797052,70.000000
0.036236,-0.989033,0.845243,1.386566,98.057132,70.000000
-0.684277,-0.640404,-0.576193,-0.385991,157.120758,70.000000
0.723308,0.631477,0.676812,0.577949,157.004584,70.000000
-0.767532,0.089375,-0.271778,0.096739,222.425260,70.000000
0.126799,-0.883462,0.025241,0.104692,241.140070,70.000000
-0.347519,-0.746084,0.417832,-0.272866,183.861842,70.000000
0.560141,0.289689,0.314549,0.028899,244.586997,70.000000
0.804015,-0.915524,0.787520,-0.841728,130.618791,70.000000
0.796126,0.491960,-0.439290,0.228447,169.122695,70.000000
0.369247,-0.065023,-0.072974,-0.001792,345.289378,70.000000
-0.841669,0.066274,0.442917,-0.023369,210.960307,70.000000
-0.139990,-0.813192,-0.012386,-0.236075,238.104805,70.000000
0.681171,0.434483,0.144364,-0.035224,188.162164,70.000000
0.356279,-0.022864,-0.003875,-0.002272,297.743399,70.000000
-0.275865,-0.470809,-0.071391,0.004793,331.956213,70.000000
-0.882548,-0.981710,0.661197,-0.504759,125.522319,70.000000
0.391813,-0.797791,-0.403840,-0.269449,182.856215,70.000000
-0.477601,0.966382,1.036672,0.043265,136.336934,70.000000
-0.024557,-0.721165,-0.052626,-0.030837,316.462310,70.000000
-0.612553,0.816089,0.613410,0.722355,144.329430,70.000000
0.015908,-0.639854,0.113157,-0.177963,218.033305,70.000000
-0.032623,-0.299285,0.032581,-0.000804,340.380853,70.000000
-0.074853,-0.059204,-0.023955,0.000006,330.016941,70.000000
0.952665,-0.554286,0.542593,-0.321486,156.857216,70.000000
0.118655,0.241056,0.004199,0.001200,346.051294,70.000000
-0.565884,-0.804428,0.285829,-0.077948,152.016444,70.000000
-0.018170,0.615846,0.058303,0.253993,246.701819,70.000000
0.528895,-0.867123,0.310706,0.302280,161.466258,70.000000
0.258710,0.140134,-0.018230,-0.003432,361.800766,70.000000
-0.773563,0.732728,0.748565,0.694025,144.300501,70.000000
0.955405,-0.505400,-0.598573,-0.351012,160.956615,70.000000
-0.265014,-0.096949,0.096460,-0.001715,364.747374,70.000000
0.584129,-0.539735,0.562067,-0.297095,180.078453,70.000000
0.669857,0.293264,0.386934,-0.019677,228.546420,70.000000
0.896381,-0.522905,-0.651188,-0.505377,161.056960,70.000000
-0.463839,0.265693,-0.198244,-0.016670,289.857771,70.000000
-0.490593,0.607768,-0.486548,0.143644,186.684962,70.000000
0.754192,-0.295586,0.421800,-0.056861,217.255020,70.000000
0.088933,0.702878,-0.094702,0.025101,259.559552,70.000000
-0.735463,-0.932836,-0.771527,-0.881636,130.647911,70.000000
-0.170924,-0.720389,-0.619924,-0.142309,167.187899,70.000000
0.422640,-0.683944,0.254592,-0.109872,192.583944,70.000000
0.949079,-0.829930,0.874798,-0.760029,130.667296,70.000000
-0.625886,0.735586,0.693469,0.382917,152.752603,70.000000
0.991594,-0.287754,0.356963,-0.021602,150.395862,70.000000
-0.277186,-0.670837,-0.007299,-0.004211,284.579388,70.000000
-0.763186,-0.859279,0.754007,-0.824324,135.307068,70.000000
0.104403,0.705117,-0.939159,0.390949,137.909556,70.000000
0.901155,-0.286545,0.072940,-0.063147,201.750757,70.000000
0.043246,0.831524,-0.071173,0.255016,162.895255,70.000000
-0.571006,-0.904852,-0.482224,-0.548551,139.787001,70.000000
0.156224,-0.349746,-0.056538,0.008517,339.704229,70.000000
-0.175038,0.137521,0.068460,-0.000658,364.461698,70.000000
-0.692862,-0.925298,-0.501903,-0.176518,131.329379,70.000000
0.524001,0.880084,0.478362,-0.271241,148.062837,70.000000
-0.433338,0.885461,0.306352,0.477239,153.070802,70.000000
-0.065039,0.897697,0.016960,0.115137,201.062410,70.000000
-0.405147,0.691570,0.450576,0.072201,196.153270,70.000000
-0.779885,0.466630,0.089558,-0.102646,174.846510,70.000000
0.655660,-0.323530,-0.418172,-0.089557,220.815834,70.000000
0.424335,-0.204773,-0.050137,-0.002397,305.535394,70.000000
0.386371,-0.268732,-0.112204,-0.016555,327.008184,70.000000
-0.585733,-0.416143,0.331921,-0.089100,203.878113,70.000000
-0.118216,-0.856971,-0.373771,0.503872,136.709968,70.000000
0.890543,-0.641345,0.865914,-0.498341,148.684521,70.000000
0.913838,0.879445,0.753588,0.511011,130.436725,70.000000
0.835896,0.897986,0.821811,0.857645,130.621051,70.000000
0.455279,-0.132784,-0.163279,0.004113,319.295820,70.000000
0.304568,0.875359,-0.045933,-0.016528,284.011149,70.000000
0.158644,0.337873,-0.045941,0.018533,329.490913,70.000000
0.636432,0.508074,0.573612,0.377798,180.048869,70.000000
-0.808120,-0.070180,-0.060726,-0.038422,232.854155,70.000000
0.476455,-0.227765,0.252100,0.014802,287.691764,70.000000
-0.047389,-0.470026,0.033952,0.001186,322.029703,70.000000
0.276678,0.129122,-0.100283,0.004353,361.672499,70.000000
0.158131,-0.300576,-0.057071,-0.007633,332.818204,70.000000
0.224315,0.066437,0.099835,0.001158,368.783190,70.000000
0.604968,-0.301681,-0.032325,0.008406,235.567565,70.000000
-0.352965,-0.287447,0.046486,-0.010886,334.025599,70.000000
0.874991,-0.029525,0.275279,0.021904,243.364856,70.000000
-0.223531,-0.890932,-0.225358,-0.109995,236.196537,70.000000
0.104464,-0.272931,-0.041180,0.003856,347.707164,70.000000
0.842455,-0.854783,0.213277,0.087057,132.213583,70.000000
-0.339828,0.511851,0.143361,-0.094453,262.132715,70.000000
0.681626,0.087044,-0.059764,0.005801,296.656422,70.000000
0.953223,0.816336,0.679262,0.563226,130.823758,70.000000
0.153928,-0.928205,-0.070962,-0.293221,192.987998,70.000000
-0.341830,0.867667,-0.175843,0.047328,195.410457,70.000000
0.881049,-0.206535,-0.177385,-0.034105,259.985097,70.000000
0.758507,0.229735,-0.048319,-0.025024,238.139336,70.000000
-0.851279,0.546541,0.441129,0.348000,160.861663,70.000000
-0.279456,-0.824857,0.588133,-0.110635,155.566374,70.000000
0.627349,-0.141299,-0.177680,0.049304,278.892073,70.000000
-0.807731,0.456698,0.512069,0.426877,176.299511,70.000000
-0.269746,0.386733,0.048335,0.006667,347.251972,70.000000
-0.183370,0.095286,0.061132,0.000633,366.791291,70.000000
-0.520292,-0.542739,0.577759,-0.259512,190.392448,70.000000
0.177410,-0.269964,0.072924,0.025778,336.994865,70.000000
0.711814,-0.541020,-0.601512,-0.457382,168.874714,70.000000
-0.917382,-0.441637,-0.312960,-0.152863,172.114117,70.000000
-0.595670,0.577715,-0.599146,0.340467,172.717222,70.000000
-0.351775,-0.289180,0.033658,-0.002128,299.276374,70.000000
-0.244159,0.425171,0.108754,0.022530,332.179150,70.000000
-0.143135,0.330327,0.074271,0.018080,336.328406,70.000000
-0.186345,0.106294,-0.028142,0.000102,365.778456,70.000000
0.479315,-0.148140,0.226140,0.008213,307.174203,70.000000
0.204982,-0.872660,0.083879,0.233976,174.063829,70.000000
-0.788978,-0.360025,0.372354,-0.070710,208.679436,70.000000
-0.937929,0.231590,0.079007,0.065981,257.712462,70.000000
0.335346,0.166263,-0.122555,0.010474,344.091267,70.000000
0.386901,0.641933,0.037285,-0.024608,219.424495,70.000000
0.973731,-0.510190,0.620719,-0.236310,157.211280,70.000000
-0.762415,0.084581,-0.217145,-0.017745,242.882813,70.000000
-0.441618,-0.275822,-0.181054,-0.021495,284.302434,70.000000
0.264040,-0.273468,0.085331,0.001583,350.854318,70.000000
-0.175588,0.887300,-0.131100,0.005871,215.721026,70.000000
0.849198,0.476240,-0.590744,0.325876,168.916754,70.000000
0.173576,-0.700831,0.117838,0.012172,237.934491,70.000000
-0.864435,-0.557782,-0.594833,-0.296928,157.208025,70.000000
-0.639847,0.096747,-0.154288,-0.044081,292.587737,70.000000
0.020353,0.081123,0.004209,0.000001,310.929178,70.000000
-0.572524,-0.404900,0.456538,-0.179534,209.722585,70.000000
0.841064,-0.233839,-0.359644,-0.065672,229.645969,70.000000
-0.125174,0.203705,-0.040694,-0.000438,355.432962,70.000000
-0.330858,-0.728829,-0.155025,-0.369466,194.541254,70.000000
0.568477,0.386066,-0.354649,0.096607,215.694660,70.000000
0.609864,-0.020463,-0.115918,-0.011726,242.343357,70.000000
0.084329,-0.674244,-0.029648,-0.055673,289.219595,70.000000
-0.016254,0.816112,0.012958,-0.275800,194.083083,70.000000
0.396786,0.778143,0.671083,0.121905,179.241704,70.000000
0.255987,0.368036,-0.087632,-0.011402,334.314084,70.000000
-0.424477,-0.191442,0.107034,0.003288,294.833935,70.000000
0.425958,-0.923975,-0.179389,-0.052647,153.694510,70.000000
0.757542,0.005530,-0.183634,-0.003856,227.377641,70.000000
0.946220,-0.887265,-0.393178,-0.249171,126.541856,70.000000
-0.258636,-0.897823,-0.401163,0.288834,178.138453,70.000000
0.292826,-0.477514,0.310559,-0.340958,184.572106,70.000000
0.414636,0.780064,-0.408213,0.515831,161.114207,70.000000
0.532497,-0.322941,-0.222176,0.002654,245.683673,70.000000
0.327838,-0.024581,0.064565,0.001325,350.004164,70.000000
0.872287,0.525504,-0.647522,0.485639,161.073031,70.000000
0.142023,0.976155,0.107755,0.116036,205.185733,70.000000
0.233231,-0.086516,-0.088516,0.001601,366.791237,70.000000
-0.078918,-0.381436,-0.009636,-0.031538,324.342632,70.000000
-0.790302,-0.604507,-0.547773,-0.465301,156.933042,70.000000
0.046797,0.515792,-0.079565,-0.115841,274.176161,70.000000
0.915187,-0.448737,-0.660181,-0.350364,168.811672,70.000000
0.077478,0.175587,-0.017405,0.000151,348.232471,70.000000
-0.910059,0.638914,-0.832400,0.472683,148.666492,70.000000
0.223483,0.071840,-0.102557,-0.002158,367.511724,70.000000
-0.586296,0.131121,-0.210221,-0.034113,297.881531,70.000000
-0.247962,0.501250,0.040987,0.026929,312.969151,70.000000
0.509305,-0.107295,-0.155130,-0.009080,317.143419,70.000000
0.694836,0.109714,-0.188401,-0.041753,282.802970,70.000000
-0.042326,0.623238,-0.131653,-0.020906,302.362343,70.000000
0.767404,-0.242988,0.037529,0.006489,241.125617,70.000000
0.093886,-0.055468,-0.022741,-0.000009,339.108689,70.000000
-0.243883,-0.945703,0.130973,-0.133704,200.181063,70.000000
-0.435280,0.255089,0.158328,-0.022671,290.379072,70.000000
-0.723615,0.206344,-0.253794,0.007011,251.323340,70.000000
0.020926,-0.292631,-0.011231,-0.000704,337.509812,70.000000
-0.250014,0.006872,-0.094528,-0.000139,366.184507,70.000000
-0.504273,0.681765,0.568214,0.384972,168.822745,70.000000
0.418989,-0.047422,-0.195058,0.004222,327.075155,70.000000
0.978137,-0.452764,0.653441,-0.266777,164.749970,70.000000
0.397854,0.737329,0.333391,0.232618,172.167207,70.000000
0.281514,-0.587913,0.077480,0.020741,301.981722,70.000000
0.950548,-0.146218,0.273681,0.148272,234.798242,70.000000
0.508743,0.450942,-0.166250,-0.025973,214.576897,70.000000
0.981069,0.826596,0.854321,0.817948,130.693579,70.000000
0.603921,0.096955,-0.201783,0.055449,289.126131,70.000000
-0.470819,0.943832,0.132848,0.122342,145.655103,70.000000
0.983997,0.043345,0.488738,0.016866,200.888323,70.000000
0.507682,0.614005,0.550656,0.275423,179.898445,70.000000
-0.424208,0.337677,0.113823,-0.023457,289.082801,70.000000
-0.656044,-0.124020,0.228223,-0.049678,267.808779,70.000000
-0.411114,0.405821,0.266735,-0.041577,277.246120,70.000000
0.627348,-0.167861,0.258729,0.006351,274.703602,70.000000
0.753016,-0.067765,-0.106472,0.039770,255.782885,70.000000
-0.928293,0.174729,0.265463,-0.085836,231.871317,70.000000
0.669151,0.425859,-0.388891,0.182013,190.712755,70.000000
-0.587141,-0.074741,0.165730,-0.012944,305.353727,70.000000
-0.170279,0.123985,0.020859,0.000487,364.701076,70.000000
-0.187353,-0.837404,-0.526331,-0.039561,154.221559,70.000000
-0.255125,0.109574,0.079745,-0.002241,365.074464,70.000000
-0.398126,0.696705,-0.449959,0.147884,192.237558,70.000000
-0.479419,0.398102,-0.200320,0.033714,242.221925,70.000000
0.893287,-0.522226,-0.564153,-0.465573,161.022125,70.000000
0.950279,-0.656398,0.804560,-0.343044,148.526008,70.000000
-0.087808,0.215867,0.039795,0.000425,349.352642,70.000000
0.083044,-0.276980,-0.056848,0.034877,329.076779,70.000000
0.804024,-0.774477,0.786669,-0.747333,139.859445,70.000000
-0.629856,0.011076,-0.014183,-0.013216,270.209869,70.000000
0.161925,-0.533870,0.044154,0.023025,289.320236,70.000000
-0.759213,-0.095653,0.363192,-0.073412,220.504890,70.000000
0.359937,-0.533366,0.151909,0.007843,294.694333,70.000000
-0.283459,-0.091076,0.120067,0.004526,358.780655,70.000000
-0.721864,-0.365396,0.459162,-0.230574,203.238153,70.000000
0.782710,-0.985222,-0.904835,-0.856531,125.869722,70.000000
-0.625664,0.472489,-0.560706,0.348416,187.126921,70.000000
-0.871475,-0.880933,-0.848315,-0.848526,130.618545,70.000000
0.153204,0.898613,0.009875,-0.041538,239.379250,70.000000
0.993266,-0.184107,-0.476896,0.229542,184.144109,70.000000
-0.286045,0.435790,-0.073082,0.002962,333.508362,70.000000
0.326337,0.751407,0.069913,0.090907,254.770756,70.000000
0.894915,0.841125,0.657431,0.513526,130.832632,70.000000
0.782040,-0.257197,0.302793,-0.118424,220.696524,70.000000
-0.714263,-0.626434,-0.626782,-0.484359,157.043080,70.000000
-0.475879,-0.091220,-0.174718,-0.004905,322.501603,70.000000
0.871340,0.607843,-0.761607,0.518338,152.928624,70.000000
0.011608,-0.908392,-0.526313,0.230378,118.279637,70.000000
0.662418,-0.732327,0.542889,-0.428143,148.794962,70.000000
-0.220032,-0.074124,0.085093,0.000620,368.572456,70.000000
0.205295,0.400482,0.032594,0.024935,325.608578,70.000000
0.900388,0.815489,-0.616009,0.351367,134.984346,70.000000
-0.073143,0.682072,0.064943,-0.080352,239.580063,70.000000
-0.409518,-0.770848,-0.306950,0.006022,178.423096,70.000000
0.351726,-0.535892,-0.416226,0.012396,216.625660,70.000000
-0.732543,0.150552,-0.014587,0.020672,237.723734,70.000000
0.328927,0.281970,-0.051232,0.032024,288.958233,70.000000
-0.928996,0.356176,0.257693,-0.285032,203.395352,70.000000
0.244503,-0.637556,0.006137,-0.076170,262.924860,70.000000
0.600542,-0.683354,-0.193785,0.069010,159.779274,70.000000
0.876202,0.331307,0.376653,-0.110036,215.790472,70.000000
0.276893,-0.264080,0.096663,0.027877,312.226309,70.000000
-0.389128,-0.076631,0.134091,-0.006563,321.425607,70.000000
0.054912,0.913333,0.070397,0.013043,323.315349,70.000000
0.383906,0.303791,0.192120,0.112476,260.128983,70.000000
-0.190467,0.819775,-0.024081,0.247114,156.960993,70.000000
-0.034529,-0.330109,0.041561,-0.018776,315.098912,70.000000
-0.149631,-0.849246,-0.655177,-0.113266,146.381080,70.000000
0.730745,-0.371498,0.437560,-0.250229,200.094770,70.000000
0.235954,-0.318832,-0.053007,-0.006840,342.824950,70.000000
-0.615316,0.381333,0.294717,0.041014,209.344974,70.000000
-0.939529,-0.666655,0.771314,-0.518878,144.332256,70.000000
-0.468740,-0.119850,-0.239817,0.009262,299.045752,70.000000
-0.326603,0.775620,0.712500,-0.308604,139.023155,70.000000
-0.160822,-0.928497,0.336856,0.034873,213.538505,70.000000
0.742663,-0.070932,-0.021481,0.019811,260.650533,70.000000
-0.153662,-0.594893,0.357746,0.112817,173.921226,70.000000
-0.360294,0.533577,0.199780,0.092423,273.928547,70.000000
-0.163385,-0.016182,-0.050848,0.000013,364.695758,70.000000
0.026930,0.607989,-0.151681,-0.166408,230.343438,70.000000
0.477540,0.017897,0.062468,0.015526,294.785763,70.000000
0.787336,0.751239,-0.380046,0.093960,143.515846,70.000000
0.081132,-0.413695,-0.024211,0.000639,328.991131,70.000000
-0.977028,-0.904527,0.677974,-1.000323,125.827265,70.000000
-0.388061,-0.146858,0.177236,-0.009932,323.035441,70.000000
-0.238568,0.392584,0.011691,-0.007778,333.039413,70.000000
0.151735,0.209737,0.069323,0.004392,352.357663,70.000000
-0.956304,-0.598976,1.382942,-0.393584,144.571697,70.000000
-0.984608,-0.304937,0.260633,0.107238,207.281009,70.000000
0.932167,0.934167,-0.837839,0.940190,125.805648,70.000000
0.551836,0.702386,-0.723384,0.475988,161.018788,70.000000
-0.994866,-0.706797,-0.746406,-0.710605,139.917429,70.000000
0.864404,0.035888,-0.318096,0.003277,241.086754,70.000000
-0.826018,-0.882052,-0.765972,-0.729585,130.672094,70.000000
-0.645751,0.868418,-0.554496,0.476142,139.680582,70.000000
-0.501857,-0.718287,-0.664564,-0.358472,164.860827,70.000000
-0.255844,0.032312,-0.033288,-0.000694,364.513426,70.000000
-0.935899,0.343760,-0.794472,-0.193131,150.191857,70.000000
-0.430497,0.635689,-0.093247,-0.012435,203.891970,70.000000
0.024905,0.578263,0.403777,-0.519720,153.931858,70.000000
0.862444,-0.905065,0.661231,-0.497316,130.385506,70.000000
0.569821,0.984989,0.806330,0.451921,130.928940,70.000000
0.708487,-0.450833,-0.545442,-0.326122,183.554645,70.000000
0.851663,-0.096596,0.113665,-0.014725,216.149320,70.000000
0.516799,-0.160962,-0.160371,0.006543,282.851143,70.000000
0.705873,-0.395333,-0.450811,-0.203689,196.949543,70.000000
-0.358040,0.422862,-0.074429,-0.107662,218.520018,70.000000
-0.951142,0.160209,-0.091368,0.045748,241.159486,70.000000
0.639702,-0.528165,-0.601863,-0.417923,176.409632,70.000000
-0.864996,0.013431,0.174163,0.009652,231.700292,70.000000
-0.263961,-0.392747,-0.105019,0.005151,309.789305,70.000000
-0.891481,0.882919,-0.806780,0.702195,130.563827,70.000000
-0.776416,0.781894,-0.742318,0.711425,139.867061,70.000000
-0.711124,0.138415,-0.054254,-0.033790,286.822149,70.000000
0.347213,-0.390143,0.035882,-0.033296,266.023720,70.000000
0.872559,-0.905697,0.547631,-0.279796,130.100444,70.000000
-0.043393,0.695093,-0.124634,0.102121,171.985378,70.000000
0.420744,-0.556332,0.326572,0.093976,222.546874,70.000000
-0.274716,0.854172,0.156581,0.290290,199.317361,70.000000
0.065464,0.258328,-0.040721,0.002078,346.018773,70.000000
-0.281340,-0.476432,-0.063474,0.066982,279.011725,70.000000
0.610709,0.191363,-0.234295,-0.030541,276.469032,70.000000
0.238441,-0.525723,-0.020243,0.038108,317.725329,70.000000
0.171804,-0.485143,0.026355,-0.002400,331.248233,70.000000
0.193647,0.626281,0.154405,-0.101206,247.513952,70.000000
-0.093299,-0.081570,-0.032328,0.000019,341.896683,70.000000
-0.941667,-0.603949,-0.147981,-0.059061,156.049469,70.000000
-0.578168,0.738377,-0.274156,-0.070029,155.909048,70.000000
-0.092672,0.453991,0.021944,-0.001463,312.837436,70.000000
0.230295,0.567787,-0.136616,-0.025183,279.907264,70.000000
0.800723,-0.251773,-0.287106,0.085568,251.554937,70.000000
0.443513,0.128644,0.159121,0.014836,288.919994,70.000000
0.115284,-0.423939,0.062521,0.046304,312.744716,70.000000
0.858908,-0.328136,0.073664,-0.058113,199.988556,70.000000
-0.974231,0.100897,0.390210,0.027741,204.111515,70.000000
-0.223264,-0.402384,-0.058187,-0.008623,316.757568,70.000000
-0.869431,-0.530967,0.622382,-0.532254,161.057125,70.000000
0.031515,-0.319851,0.033865,0.004123,315.094001,70.000000
0.256878,-0.648036,0.040225,0.042269,301.492147,70.000000
0.458585,-0.555466,-0.396070,-0.194023,208.775662,70.000000
0.284131,-0.606191,0.053921,0.014878,311.092170,70.000000
-0.246029,0.993236,-0.025890,0.010694,272.852596,70.000000
-0.683288,-0.029249,0.276458,0.043497,271.009434,70.000000
0.417130,0.703623,0.353693,0.103350,186.026384,70.000000
-0.208530,-0.759907,-0.018407,-0.078500,232.465766,70.000000
0.241413,-0.567332,0.178652,-0.080856,183.400092,70.000000
0.859446,0.703448,-0.719869,0.591215,144.292456,70.000000
0.844060,0.109078,-0.139737,-0.045920,253.351104,70.000000
-0.722925,-0.207014,-0.175113,0.032208,296.862544,70.000000
0.717836,0.673876,-0.712028,0.610896,152.864828,70.000000
-0.158407,-0.343294,0.039751,0.000484,340.174436,70.000000
0.250637,0.448375,-0.020888,0.005730,320.681063,70.000000
-0.164546,0.468156,-0.019949,0.038056,311.756150,70.000000
0.292247,-0.200119,0.107670,-0.006630,354.558383,70.000000
0.598879,-0.644435,0.597398,-0.329854,164.911664,70.000000
0.977410,-0.668771,-0.304739,-0.435268,144.620194,70.000000
-0.041827,-0.986769,-1.396357,-0.406472,107.491694,70.000000
-0.619102,0.752090,-0.070716,-0.105631,150.491618,70.000000
0.373710,0.947314,0.058224,-0.238171,187.694611,70.000000
-0.492793,-0.364408,0.226905,-0.026225,249.212307,70.000000
-0.596961,0.870888,-0.625340,0.746094,139.937235,70.000000
-0.984080,0.569446,0.398934,0.154268,153.380839,70.000000
0.682445,-0.146153,0.254802,-0.060960,266.800109,70.000000
-0.394375,-0.264974,0.136835,0.030761,310.525850,70.000000
0.578185,-0.440114,0.515495,-0.260535,200.428715,70.000000
0.997779,-0.335162,-0.117750,0.041554,217.295305,70.000000
0.926233,-0.808369,-0.457410,-0.118168,134.580557,70.000000
-0.266132,-0.877903,0.874306,1.159388,115.500002,70.000000
-0.909153,-0.142617,-0.440841,0.230969,188.778913,70.000000
-0.969020,-0.311888,0.304918,-0.073007,196.731571,70.000000
0.099031,0.417476,0.057985,0.018549,314.826547,70.000000
0.517363,-0.677986,-0.652640,-0.309505,168.757082,70.000000
-0.902368,-0.094589,0.308613,-0.061197,234.021956,70.000000
0.247308,0.501418,-0.011236,0.040041,295.719999,70.000000
-0.673844,0.710338,0.563795,0.278798,152.602475,70.000000
0.651190,0.547895,0.601198,0.420614,172.681158,70.000000
0.476229,-0.024337,-0.168452,-0.006416,315.866386,70.000000
0.971583,-0.611823,-0.401983,-0.087521,152.270163,70.000000
-0.902318,0.742254,-0.750148,0.553506,139.821118,70.000000
-0.943157,0.356099,-0.139475,-0.068874,234.976055,70.000000
0.950162,-0.620034,-0.183256,0.418439,143.268643,70.000000
-0.918853,0.840529,-0.830261,0.745779,130.657169,70.000000
0.764945,0.423154,0.199690,-0.029449,186.034521,70.000000
-0.055826,-0.268685,0.031002,-0.000433,339.909252,70.000000
0.212682,0.542852,-0.142342,-0.088023,294.675214,70.000000
-0.285667,0.794887,0.072951,-0.283060,182.677039,70.000000
-0.326965,0.699007,0.258673,0.179243,217.536959,70.000000
0.217406,-0.057599,0.093039,-0.001182,368.510921,70.000000
-0.061967,0.528459,-0.044807,-0.023920,315.720221,70.000000
-0.196784,0.647829,-0.010574,-0.171965,249.093708,70.000000
0.065317,-0.216213,0.027637,0.000099,342.170234,70.000000
0.100805,0.232797,-0.014673,-0.002330,353.892419,70.000000
0.611998,-0.153762,-0.017002,0.022964,280.566878,70.000000
-0.277092,0.907522,0.965196,0.016379,132.037361,70.000000
0.725625,-0.422741,0.491613,-0.340542,187.026387,70.000000
0.993808,0.939420,-0.394117,0.056464,124.725359,70.000000
0.838180,-0.704703,-0.785362,-0.680663,144.319270,70.000000
0.048426,-0.103718,-0.014584,0.000001,324.173710,70.000000
0.814704,0.726120,-0.687476,0.584244,144.261065,70.000000
-0.105189,0.093536,-0.038723,0.000043,349.250700,70.000000
0.051636,-0.147617,-0.021877,-0.000024,336.216345,70.000000
-0.995471,-0.886712,0.487254,-0.964760,125.899585,70.000000
-0.967390,-0.918797,0.766473,-0.957877,125.810305,70.000000
-0.225613,0.116901,-0.054634,-0.000582,366.509591,70.000000
0.761409,0.995215,-0.980877,0.815582,125.914615,70.000000
0.583618,0.860713,0.178796,-0.125772,141.545941,70.000000
0.000548,-0.789921,0.073274,-0.190312,230.381773,70.000000
-0.199375,-0.901236,-0.297667,0.256576,164.382490,70.000000
0.933898,0.017754,-0.134318,-0.000077,198.236829,70.000000
0.389430,-0.848594,0.150974,-0.135986,177.717810,70.000000
-0.322325,0.689685,0.045761,0.016441,185.099870,70.000000
-0.465364,0.628292,-0.460368,0.240798,186.808262,70.000000
-0.293934,-0.149730,-0.098146,-0.003221,352.162200,70.000000
-0.505759,-0.294418,0.174033,-0.006176,265.888694,70.000000
-0.282783,-0.733669,0.174789,0.002819,254.095157,70.000000
-0.766769,0.921224,-0.794148,0.881983,130.636897,70.000000
-0.988046,-0.087772,0.887643,0.049884,179.802544,70.000000
0.814679,0.302291,-0.282588,0.064245,213.994229,70.000000
0.597432,-0.957083,-0.024908,0.154128,133.090552,70.000000
0.312392,0.375408,-0.083785,0.018233,316.259929,70.000000
-0.511248,-0.540858,-0.555862,-0.229472,193.676088,70.000000
-0.207267,0.463641,-0.070877,0.074397,293.806826,70.000000
0.415300,-0.054603,0.144323,0.001363,330.357271,70.000000
0.287196,0.897862,-0.361448,0.431918,144.599902,70.000000
0.365544,-0.300671,0.175580,0.003916,303.082532,70.000000
0.616278,-0.213666,-0.024192,-0.024124,262.994503,70.000000
0.913049,-0.392387,0.232473,-0.031019,209.025266,70.000000
-0.840633,-0.517707,-0.469429,-0.398050,164.894898,70.000000
0.899965,-0.289711,-0.259274,0.085057,218.835810,70.000000
0.819740,-0.632104,-0.543611,-0.455219,152.774376,70.000000
0.233615,0.361598,-0.089564,0.002809,343.285207,70.000000
-0.621418,-0.178901,-0.163315,-0.013207,278.384224,70.000000
-0.781211,0.191328,-0.184420,0.038325,273.707653,70.000000
-0.355424,0.386913,-0.040385,-0.005250,304.112897,70.000000
0.839956,-0.857154,0.311897,0.006494,131.846073,70.000000
-0.184328,0.003223,-0.042246,-0.000014,367.504028,70.000000
0.161222,-0.336286,-0.017742,0.010427,321.022216,70.000000
0.047058,0.899107,-0.736591,-0.136481,130.419380,70.000000
-0.715807,-0.575935,-0.441949,-0.201066,164.675417,70.000000
0.256865,-0.877756,0.664679,0.090234,126.507003,70.000000
-0.438572,0.917117,0.553255,-0.295511,128.075941,70.000000
-0.014541,-0.390143,0.049447,0.003211,336.227328,70.000000
0.863934,0.139661,-0.004489,-0.047623,207.558296,70.000000
-0.720458,-0.737353,-0.077822,0.133007,146.749329,70.000000
-0.688752,0.150645,-0.092093,-0.023238,278.266480,70.000000
-0.117883,0.745254,0.109307,0.074448,233.013011,70.000000
-0.519175,0.226757,-0.009263,-0.018422,271.057524,70.000000
-0.900629,-0.873274,-0.860232,-0.775109,130.603107,70.000000
0.886898,0.092897,0.697970,0.026762,196.048354,70.000000
-0.676281,-0.255336,0.290805,-0.082341,240.811998,70.000000
0.565183,-0.968545,-0.304863,-0.160370,134.555481,70.000000
-0.330400,0.966135,0.469707,0.090127,160.991666,70.000000
-0.162843,-0.905099,-0.020767,0.005928,294.848038,70.000000
0.006072,0.055033,-0.001353,0.000001,304.576225,70.000000
0.945919,0.062864,0.362534,-0.084949,211.402138,70.000000
0.562018,-0.164705,-0.203303,-0.018918,268.415606,70.000000
-0.200996,-0.144248,-0.078177,0.001628,364.731487,70.000000
-0.372832,-0.194013,0.056136,0.002480,331.732014,70.000000
-0.779686,-0.177250,0.290204,-0.021760,253.123320,70.000000
0.953047,-0.138056,0.102459,0.013774,261.895616,70.000000
-0.308794,0.107509,0.103431,-0.001819,352.791364,70.000000
0.902570,-0.502318,-0.448952,-0.050938,161.576232,70.000000
-0.460116,0.827201,-0.470183,0.328906,156.750546,70.000000
0.758807,-0.729098,-0.626670,-0.482877,144.421419,70.000000
0.058046,-0.419694,-0.009614,0.079983,268.937662,70.000000
0.195419,0.404708,-0.016683,-0.005507,331.413634,70.000000
-0.067798,0.519165,-0.073228,-0.004719,223.004902,70.000000
-0.393114,0.933404,-0.820726,0.429287,148.710926,70.000000
-0.273455,0.045898,-0.027679,-0.000944,363.106955,70.000000
-0.593296,0.479816,0.482975,0.261079,190.499255,70.000000
0.274974,-0.513605,-0.018619,0.027574,289.836517,70.000000
-0.155858,0.498204,0.047372,0.027218,292.228997,70.000000
-0.686294,-0.551562,0.630353,-0.487974,168.888232,70.000000
-0.094298,-0.870854,0.318670,0.820891,161.006076,70.000000
-0.435548,-0.253229,-0.092586,0.004257,276.792689,70.000000
-0.014172,-0.194664,0.018231,0.000101,337.545455,70.000000
0.281633,-0.597604,0.195793,0.219209,220.772280,70.000000
0.062375,0.332058,0.015368,0.000745,339.438377,70.000000
0.906493,-0.578446,0.178033,0.005198,155.791921,70.000000
0.053826,0.648857,-0.046768,0.050714,297.067827,70.000000
-0.667662,0.607331,-0.050746,-0.108642,163.226844,70.000000
-0.589838,0.590154,-0.627741,0.394887,172.668574,70.000000
0.722745,-0.821415,0.713511,-0.739625,139.853730,70.000000
0.471966,0.335490,-0.224162,0.010652,265.918147,70.000000
0.572559,0.995243,0.845795,0.800245,130.739781,70.000000
-0.945705,-0.456708,0.652069,-0.369437,168.780683,70.000000
0.104625,0.429013,0.030251,0.003783,331.339891,70.000000
0.422283,-0.695770,0.539085,-0.099579,179.248450,70.000000
0.197117,0.941826,-0.275765,0.329630,198.618927,70.000000
-0.724723,-0.417832,-0.059330,0.078652,188.468374,70.000000
-0.507384,0.390301,-0.366416,0.005472,233.752878,70.000000
-0.209449,-0.204981,0.073033,0.002600,358.192679,70.000000
0.888798,0.019898,0.270368,0.003681,227.938138,70.000000
0.418199,0.674501,0.430333,0.185898,193.007990,70.000000
0.334453,-0.841504,0.230051,-0.016187,212.601685,70.000000
0.839735,-0.567855,0.625655,-0.448476,157.083094,70.000000
0.067255,0.363021,-0.027357,-0.001393,339.988613,70.000000
-0.708526,-0.201025,-0.233114,-0.056624,262.525574,70.000000
-0.634038,-0.270690,0.317518,0.000426,249.005236,70.000000
0.513713,-0.022242,-0.122187,-0.009939,310.049211,70.000000
0.183498,0.049248,0.072912,0.000175,368.236468,70.000000
-0.284228,0.979495,-0.256461,0.045360,122.784330,70.000000
0.379839,-0.048244,0.177045,0.001508,331.435412,70.000000
-0.829332,-0.575513,-0.639139,-0.554457,157.030379,70.000000
-0.646090,-0.833014,-0.487442,-0.368437,140.221233,70.000000
-0.465142,0.360547,0.131499,0.028978,251.409328,70.000000
-0.290449,0.427529,0.113973,0.020923,314.782143,70.000000
-0.513547,0.811294,0.372320,0.113592,153.502739,70.000000
-0.588088,-0.002999,-0.194827,-0.001410,306.152882,70.000000
-0.402859,-0.850168,0.390427,-0.122294,143.332116,70.000000
-0.770444,-0.850055,0.762923,-0.817391,135.307501,70.000000
-0.866977,0.718475,-0.301553,-0.018759,141.009720,70.000000
-0.585355,-0.065639,0.005786,0.020949,299.158540,70.000000
0.799990,-0.564014,-0.517948,-0.432890,160.968337,70.000000
0.615189,-0.518495,0.593514,-0.387510,180.052940,70.000000
-0.347355,0.010112,-0.062727,0.000274,346.238633,70.000000
-0.040084,0.304796,-0.017844,0.000112,333.347232,70.000000
0.703674,0.656941,0.277097,-0.008668,156.001988,70.000000
-0.785143,0.100363,0.111387,0.012602,239.851746,70.000000
0.798857,0.391628,-0.529001,0.260683,190.274127,70.000000
0.086109,-0.774101,-0.023916,0.151766,253.226275,70.000000
-0.315072,0.590818,-0.123160,-0.068434,284.388300,70.000000
-0.127809,-0.088427,0.002997,-0.000129,356.670825,70.000000
-0.186035,-0.686572,-0.011740,-0.069660,298.554184,70.000000
0.778976,0.252086,-0.361573,-0.046913,224.597050,70.000000
0.814555,0.218942,-0.009948,0.047794,247.764571,70.000000
-0.235620,-0.071430,-0.099826,0.000301,366.503875,70.000000
-0.518125,-0.132122,-0.135403,-0.011200,291.090169,70.000000
-0.570812,0.370484,0.185467,-0.013268,220.611725,70.000000
0.720562,0.477593,-0.455869,0.294980,176.505227,70.000000
0.905172,-0.773623,-0.767234,-0.601772,135.385276,70.000000
-0.273383,-0.753412,-0.049588,-0.092002,188.181492,70.000000
-0.591990,0.425926,-0.414309,0.163207,200.560324,70.000000
0.543613,0.504890,0.513956,0.251577,193.814353,70.000000
-0.313328,-0.104955,0.104394,0.004458,354.185054,70.000000
0.023109,0.385836,-0.026295,-0.006345,333.916574,70.000000
0.751025,0.483867,0.144680,-0.061016,173.916099,70.000000
0.346589,-0.873689,-0.090623,0.060434,159.239654,70.000000
-0.099264,-0.324462,-0.023451,0.001196,342.670302,70.000000
0.766494,0.456303,0.000188,-0.107412,178.161280,70.000000
-0.912690,0.427535,0.586008,0.248665,176.074306,70.000000
-0.424796,0.449811,-0.195169,0.054925,232.187444,70.000000
-0.023735,-0.910503,0.035533,-0.112238,231.265336,70.000000
-0.822387,0.147005,0.226367,-0.127250,232.336597,70.000000
0.715504,-0.524165,-0.281964,-0.045041,169.630476,70.000000
0.354265,0.135915,0.099987,-0.002878,344.740356,70.000000
0.328203,0.116020,-0.009447,-0.002660,346.834586,70.000000
-0.052985,-0.516281,0.271834,-0.255140,230.876056,70.000000
0.870130,0.281697,0.355707,-0.150198,216.344946,70.000000
0.486661,-0.692456,0.548892,-0.221946,172.300473,70.000000
-0.106605,0.295769,-0.038429,0.001484,349.580884,70.000000
0.994625,0.659500,0.884698,-0.014375,148.409431,70.000000
0.209987,-0.749787,-0.238598,-0.068504,245.469478,70.000000
0.331395,-0.236035,0.002186,-0.023972,325.287181,70.000000
0.967970,0.666931,0.688540,0.175927,148.311912,70.000000
-0.882365,0.092159,-0.105760,0.049767,256.868279,70.000000
0.910409,-0.762657,-0.574034,-0.332503,135.679168,70.000000
0.030913,-0.438987,-0.009668,-0.001779,316.532633,70.000000
-0.052453,0.428211,-0.172510,-0.184015,240.602254,70.000000
0.935914,-0.086147,0.275936,0.077715,230.201584,70.000000
0.128332,0.869096,0.009489,0.203593,157.524274,70.000000
0.902837,-0.011876,-0.159749,-0.005543,209.086333,70.000000
0.398133,-0.574348,-0.371742,-0.124122,202.899507,70.000000
0.941199,0.735506,0.497356,0.176920,139.349687,70.000000
-0.357125,-0.194784,-0.024450,0.007432,340.316779,70.000000
0.257640,0.151928,0.028061,0.003491,362.510468,70.000000
-0.541209,-0.095859,0.156801,-0.021820,310.555224,70.000000
0.905691,-0.051541,-0.130038,-0.024938,219.819081,70.000000
-0.248463,0.086698,0.017351,-0.001122,366.110959,70.000000
-0.869768,-0.191874,0.102673,0.238174,201.398775,70.000000
-0.829102,-0.716659,0.721545,-0.626075,144.292557,70.000000
-0.887344,0.415937,0.526665,0.109285,182.792110,70.000000
0.651604,-0.490909,0.517364,-0.312518,180.110521,70.000000
-0.711956,0.151911,-0.323467,0.023909,238.434702,70.000000
-0.833978,-0.661437,-0.714759,-0.632503,148.654695,70.000000
-0.778202,0.764324,-0.413173,0.131296,140.571240,70.000000
-0.005280,-0.738544,1.151451,0.149213,107.309723,70.000000
-0.714771,0.836797,-0.590977,0.444975,139.646120,70.000000
0.050949,0.291490,-0.025741,-0.000125,334.855122,70.000000
-0.933058,0.088291,-0.335697,0.060952,228.629961,70.000000
-0.100063,0.235580,-0.034502,-0.000908,346.400581,70.000000
-0.604800,-0.872921,-0.618003,-0.800894,139.916232,70.000000
0.809863,-0.635187,-0.573790,-0.496535,152.809300,70.000000
0.409135,0.329903,-0.145089,0.021584,296.032076,70.000000
0.679388,0.467832,-0.390376,0.113809,183.270402,70.000000
0.846973,-0.931598,-0.460062,-0.148163,126.628990,70.000000
0.639908,0.939778,-0.058892,-0.151600,133.188299,70.000000
0.844308,0.287749,0.296147,-0.026751,205.114444,70.000000
0.195996,0.097823,-0.033902,-0.000235,367.749546,70.000000
0.113573,0.822810,-0.023496,-0.230550,232.164523,70.000000
0.968276,-0.187716,0.093857,0.024731,275.772514,70.000000
-0.942004,-0.256028,-0.009434,0.048930,266.163689,70.000000
0.935840,0.664373,-0.624924,0.440785,144.442999,70.000000
0.120455,0.479408,0.011068,0.032465,299.767148,70.000000
-0.590724,-0.301329,-0.292329,0.026701,238.889224,70.000000
-0.435964,0.752674,-0.493085,-0.000524,191.427073,70.000000
0.189151,-0.935686,-0.159620,-0.142245,234.987127,70.000000
-0.077962,-0.301456,-0.005498,-0.000351,344.902038,70.000000
-0.566161,0.534421,0.531847,0.248535,183.653602,70.000000
0.021346,0.754107,-0.008340,-0.011318,299.558065,70.000000
0.269825,0.949291,0.125716,0.156750,204.870817,70.000000
0.736109,-0.221945,-0.204135,-0.066277,220.951618,70.000000
-0.232988,0.172304,0.018899,0.002800,362.144723,70.000000
-0.092630,-0.837691,0.626302,-0.119106,172.383865,70.000000
0.926273,-0.128133,0.116736,-0.029087,174.307582,70.000000
0.472262,-0.685719,-0.466409,-0.395003,176.059837,70.000000
-0.874287,-0.145410,-0.182409,0.081642,233.364733,70.000000
0.087619,0.617975,0.055776,-0.010260,315.141587,70.000000
0.304763,0.143886,-0.101066,0.007371,349.030839,70.000000
0.285107,-0.211418,-0.154759,-0.071434,305.747375,70.000000
0.691027,0.089434,0.218577,-0.002523,271.989812,70.000000
-0.883134,-0.827111,0.495363,-0.192267,134.697695,70.000000
0.748160,0.330204,-0.388001,0.059796,209.096529,70.000000
-0.253257,-0.497404,0.057149,-0.011291,329.914099,70.000000
0.136145,0.186619,-0.000775,-0.000015,356.506754,70.000000
0.508650,0.882068,0.497847,0.336710,148.476948,70.000000
0.916058,0.183709,-0.095846,0.035269,277.311544,70.000000
-0.401525,-0.423456,0.179045,0.034063,301.957809,70.000000
0.970690,0.380066,0.646711,0.099639,165.307074,70.000000
-0.237146,0.285831,-0.033751,0.008702,343.633659,70.000000
-0.030238,-0.212449,0.024137,-0.000222,340.941524,70.000000
-0.630153,-0.975604,-0.744891,-0.869574,130.709963,70.000000
-0.981320,0.956619,-0.405313,0.085797,121.919778,70.000000
-0.111870,-0.199711,0.042936,0.000323,357.430169,70.000000
-0.551060,0.330788,-0.328413,-0.035136,238.700423,70.000000
-0.441917,0.693795,-0.602624,0.228814,179.617260,70.000000
0.613787,-0.083098,-0.170576,-0.024964,302.484590,70.000000
-0.630582,-0.189012,0.255646,0.061958,262.503632,70.000000
-0.729896,0.643258,-0.201838,-0.061239,155.711492,70.000000
-0.765461,0.892910,-0.435029,0.106470,131.479204,70.000000
-0.853915,0.248916,-0.037835,-0.074230,196.687680,70.000000
-0.474161,0.782464,-0.347856,0.260635,157.367688,70.000000
0.865456,-0.277879,-0.376456,0.116965,213.102897,70.000000
-0.312389,-0.329217,0.125530,0.019929,320.859043,70.000000
0.847273,0.123470,-0.239509,0.054623,255.576705,70.000000
-0.839654,-0.071406,0.038271,-0.028142,239.945103,70.000000
-0.118182,-0.288072,-0.039143,0.001186,344.366653,70.000000
0.372363,0.309525,-0.160241,0.066200,291.795693,70.000000
0.191928,-0.270067,0.063267,0.004001,353.181869,70.000000
0.979150,0.571139,-0.481955,0.177247,153.261443,70.000000
-0.868452,-0.077043,-0.424897,0.001261,195.667655,70.000000
-0.868826,-0.358628,-0.381553,0.184746,198.911950,70.000000
0.534730,-0.791118,-0.345665,-0.212152,153.370650,70.000000
-0.316854,0.634325,-0.111497,0.260795,219.193802,70.000000
-0.901066,-0.221452,0.308547,0.063898,233.761374,70.000000
0.057610,0.255888,-0.002998,-0.000240,341.859122,70.000000
0.714856,0.585458,-0.444324,0.215737,161.395624,70.000000
-0.214860,0.841292,0.448451,-0.222079,141.682142,70.000000
-0.413068,-0.429305,-0.247207,0.015552,267.056840,70.000000
0.677158,0.994346,0.149033,-0.057645,128.972430,70.000000
-0.025662,0.691568,0.053980,-0.090299,238.584558,70.000000
-0.808655,0.933721,-0.520840,0.315674,130.130848,70.000000
-0.949504,-0.321415,-0.118859,0.089193,178.662957,70.000000
-0.028030,0.901258,0.983679,0.415342,122.668374,70.000000
-0.549639,0.224568,-0.281859,0.019628,275.741271,70.000000
0.320679,-0.347229,-0.010191,-0.015777,335.882788,70.000000
0.128147,-0.231555,-0.001407,0.001573,353.968747,70.000000
0.261931,0.271577,-0.076074,-0.014956,336.806839,70.000000
0.388868,-0.298465,0.132498,0.011738,309.017570,70.000000
-0.309240,0.599454,-0.678322,-0.236461,164.335108,70.000000
-0.980654,0.155151,0.238325,-0.126918,206.373862,70.000000
-0.373874,0.298868,-0.018096,-0.008348,332.136049,70.000000
-0.919495,0.053319,0.339048,0.037852,224.530070,70.000000
0.126942,-0.482113,-0.029969,0.246667,239.967186,70.000000
-0.871058,0.123714,0.394432,-0.076458,203.849195,70.000000
-0.737181,0.195610,-0.267336,-0.038883,227.552686,70.000000
-0.386762,-0.310020,0.016070,-0.003929,319.874886,70.000000
-0.500527,-0.350430,0.268948,0.030989,246.015475,70.000000
0.321123,-0.889591,0.300324,-0.066021,163.516260,70.000000
0.644940,-0.498509,0.586449,-0.396362,180.053412,70.000000
-0.448461,0.713365,0.556910,0.103040,182.655544,70.000000
-0.467909,-0.142299,0.138666,0.004174,285.060628,70.000000
0.375358,0.634426,0.065313,0.011975,248.832259,70.000000
0.794188,-0.084238,-0.418225,-0.047356,205.545031,70.000000
0.215240,-0.456336,-0.132406,-0.008474,304.210208,70.000000
0.360617,0.896890,-0.140551,-0.040509,193.068239,70.000000
0.025369,0.369883,-0.066432,-0.003680,313.749545,70.000000
0.622808,-0.470501,0.538102,-0.319963,187.141568,70.000000
0.295159,0.735867,-0.190503,-0.212788,218.084285,70.000000
-0.283972,-0.712714,0.036763,-0.209900,224.737916,70.000000
-0.590811,0.233199,0.289584,-0.028936,262.389729,70.000000
-0.623718,-0.832697,0.412059,-0.100531,143.586814,70.000000
0.869249,-0.535357,-0.522128,-0.461062,160.996935,70.000000
0.252317,0.688247,0.090610,0.070867,262.284197,70.000000
-0.626665,-0.358979,-0.374134,-0.136500,212.710433,70.000000
0.645966,0.757101,0.720635,0.647604,148.630342,70.000000
0.592988,0.350162,-0.398849,0.121087,221.197438,70.000000
-0.822443,-0.806184,0.595965,-0.396929,135.591640,70.000000
0.465210,0.792434,0.459113,0.479222,157.075650,70.000000
0.437398,-0.651464,0.272209,-0.102854,187.024856,70.000000
0.850982,0.458122,0.421746,0.318703,172.452922,70.000000
-0.344582,0.615860,-0.198355,-0.735205,164.270593,70.000000
0.752948,0.796676,0.738781,0.753963,139.859508,70.000000
-0.272126,0.376110,-0.082879,-0.015712,341.331296,70.000000
-0.713090,-0.903686,0.458942,-0.261714,134.765349,70.000000
-0.251322,0.033714,-0.100300,-0.000620,365.296372,70.000000
0.632492,0.291276,-0.403468,0.006295,231.518399,70.000000
-0.518396,-0.687836,0.124553,0.093178,167.383339,70.000000
-0.454214,0.023645,0.095881,0.000653,334.603125,70.000000
-0.603931,-0.265770,-0.406427,0.022178,244.211797,70.000000
-0.799271,0.649368,0.181298,-0.059776,151.471787,70.000000
-0.067343,0.167344,-0.007651,-0.000005,337.750945,70.000000
0.542669,0.633624,0.610994,0.305030,172.572099,70.000000
-0.687735,-0.761151,0.458131,-0.292772,144.694630,70.000000
-0.669722,-0.015791,0.136880,0.015423,245.757956,70.000000
0.599969,-0.328336,-0.029464,0.020589,227.641566,70.000000
-0.347772,-0.999606,-0.384232,-0.249841,164.276576,70.000000
-0.386186,-0.624449,-0.400839,-0.051414,211.274839,70.000000
0.878417,-0.450316,0.479312,-0.369670,172.520131,70.000000
-0.456215,0.401672,0.198418,0.043280,252.800469,70.000000
0.899735,-0.151446,0.919326,-0.047316,160.598552,70.000000
0.655088,0.056187,0.079266,0.004894,301.165112,70.000000
0.333620,-0.845289,-0.521897,0.403469,162.727692,70.000000
-0.776892,0.784299,-0.756283,0.739760,139.859723,70.000000
-0.282996,-0.317019,0.109626,-0.043796,321.641948,70.000000
-0.132297,0.490825,0.055765,0.052267,293.505860,70.000000
-0.702848,-0.764025,0.677858,-0.658029,144.314336,70.000000
-0.962537,0.642489,0.380518,0.572978,152.784804,70.000000
0.313626,-0.892273,0.220393,0.366779,155.697501,70.000000
-0.438172,-0.351783,-0.016191,0.022023,277.859001,70.000000
-0.413697,0.989632,-1.360584,-0.597624,114.745505,70.000000
0.744495,0.733266,-0.543586,0.359166,144.563952,70.000000
0.003580,0.173001,-0.008797,-0.000018,326.569036,70.000000
-0.373550,-0.258330,0.173906,-0.015167,307.825556,70.000000
0.246043,-0.758993,0.450803,0.274366,154.263510,70.000000
-0.390712,-0.703458,0.596894,-0.101762,176.134297,70.000000
0.981318,-0.980207,0.781516,-0.873472,120.910978,70.000000
-0.343023,0.805270,0.088361,-0.007985,167.053232,70.000000
0.179563,-0.091242,0.029714,0.000007,366.959982,70.000000
0.498930,-0.486268,-0.481253,-0.124814,209.269775,70.000000
-0.712044,0.683731,0.661633,0.501869,152.818858,70.000000
-0.533807,0.313751,-0.076247,-0.011712,248.694969,70.000000
-0.791050,0.827189,0.689212,0.604187,135.398904,70.000000
0.565120,-0.026278,0.017077,-0.010318,310.330162,70.000000
0.337532,0.906841,-0.782806,0.451009,133.977835,70.000000
-0.728173,-0.397235,-0.434274,-0.214650,193.625688,70.000000
-0.327960,-0.024848,0.124846,0.001120,355.166100,70.000000
0.379434,-0.846384,-0.525233,-0.267047,175.759811,70.000000
0.817132,-0.470478,0.532278,-0.455218,172.621117,70.000000
0.676319,0.889225,-0.690798,0.815181,135.341422,70.000000
-0.793570,0.466011,0.218116,-0.027913,175.360833,70.000000
0.239185,-0.016508,-0.207925,-0.001611,347.961105,70.000000
0.543181,-0.763256,0.270962,0.101247,155.854149,70.000000
-0.037194,0.878061,-0.397472,1.890907,102.336043,70.000000
-0.429505,-0.695600,-0.204702,0.015039,186.417321,70.000000
-0.952379,-0.628052,0.556301,-0.323923,160.352381,70.000000
0.334516,0.215917,0.022600,0.009589,347.666766,70.000000
0.910291,-0.732773,0.834075,-0.644540,139.883867,70.000000
0.286580,0.544468,0.052398,-0.252056,229.446197,70.000000
0.867139,-0.002929,-0.303967,-0.006955,249.853539,70.000000
0.777858,-0.533297,0.582784,-0.534085,165.004650,70.000000
0.870884,0.943448,-0.826045,0.847324,125.833555,70.000000
0.529528,-0.222838,-0.228073,-0.012692,271.231815,70.000000
0.753625,0.181006,0.062126,-0.032637,262.330480,70.000000
0.172960,0.945039,-0.153946,-0.039617,190.125038,70.000000
-0.727393,0.713061,-0.729755,0.651748,148.630105,70.000000
0.408621,-0.303005,-0.260527,0.039621,267.605401,70.000000
-0.603975,0.994763,-0.729309,0.890055,130.728102,70.000000
0.984354,0.036106,-0.581093,-0.016515,192.565294,70.000000
0.833592,0.187684,-0.436819,0.274335,183.289694,70.000000
0.402908,-0.329895,0.161547,-0.032253,303.810678,70.000000
-0.541644,0.597240,0.479221,0.194978,176.522586,70.000000
-0.193302,-0.826081,0.377647,-0.124748,208.208970,70.000000
0.063470,0.741902,0.273548,-0.784057,117.886248,70.000000
-0.859063,-0.268732,0.327165,0.129337,227.848835,70.000000
-0.579253,0.497145,-0.140803,-0.060746,188.234915,70.000000
-0.477009,0.905338,0.570600,-0.019042,166.338951,70.000000
0.021816,0.656861,0.774387,-0.240257,157.154489,70.000000
-0.133220,0.979431,0.060718,0.095801,210.573156,70.000000
-0.706680,0.823704,-0.709705,0.781249,139.864523,70.000000
-0.005001,-0.056028,0.001153,-0.000001,304.637292,70.000000
0.343875,-0.498933,-0.288803,-0.193810,222.520465,70.000000
0.424878,0.929633,-0.751556,0.377448,152.823150,70.000000
0.348122,0.882172,0.526134,0.039851,156.410525,70.000000
0.660039,-0.724808,-0.090979,0.127274,151.094298,70.000000
0.154841,0.420041,0.035964,0.000627,307.892332,70.000000
-0.374729,-0.068608,0.142489,0.007212,328.535288,70.000000
0.902863,0.426150,-0.515029,0.198248,175.994555,70.000000
0.305060,-0.855675,0.122026,0.054531,272.873512,70.000000
0.671783,0.652249,0.672541,0.514602,157.014595,70.000000
0.350616,0.798296,1.241596,0.485590,153.873901,70.000000
0.958113,-0.986830,0.758462,-0.790500,120.951062,70.000000
0.350791,-0.251586,-0.028633,0.022118,323.765062,70.000000
-0.398797,-0.583050,0.378925,-0.161017,208.180234,70.000000
0.683419,0.227488,-0.183692,-0.000846,259.754203,70.000000
-0.609347,0.696854,-0.740274,0.534044,156.994629,70.000000
0.022984,0.290482,-0.002401,-0.000895,337.133008,70.000000
0.139006,0.270955,0.050830,-0.002895,351.046682,70.000000
-0.053231,-0.646162,0.093499,0.046377,304.896730,70.000000
-0.042219,0.420439,0.016045,0.002865,337.054342,70.000000
0.315846,0.429569,-0.065015,-0.053501,306.044217,70.000000
-0.241720,-0.583672,0.041802,-0.112685,267.611296,70.000000
0.229910,0.097697,0.080195,0.001816,365.655984,70.000000
-0.014886,-0.194053,-0.014609,-0.000014,331.840494,70.000000
0.544852,-0.677594,0.707553,-0.416623,164.962955,70.000000
-0.319890,-0.396342,-0.040201,0.021095,285.084496,70.000000
0.682014,0.615974,-0.682813,0.540203,161.050710,70.000000
0.669923,-0.600572,0.498842,-0.269192,164.804253,70.000000
0.184282,-0.777877,0.064495,-0.010701,232.309958,70.000000
0.228507,0.521495,-0.365825,-0.240279,195.880876,70.000000
0.762884,-0.200266,0.322045,-0.067672,247.904687,70.000000
0.135545,0.099822,-0.049677,0.000118,357.916385,70.000000
-0.286540,0.119506,-0.118744,0.000265,360.001548,70.000000
0.535732,0.047253,0.143960,-0.033054,290.628173,70.000000
0.182034,-0.559815,0.006643,0.000107,292.754709,70.000000
-0.811434,0.227702,-0.510279,-0.034363,205.589994,70.000000
0.995322,0.371317,-0.023011,-0.083472,216.594398,70.000000
0.722280,-0.631756,0.678712,-0.579616,157.004720,70.000000
0.073213,0.492994,-0.138542,0.127925,231.621278,70.000000
-0.243895,0.865133,0.119568,0.232675,215.688228,70.000000
0.296381,-0.725549,-0.146536,-0.030595,287.946294,70.000000
-0.297303,-0.777784,-0.822681,0.756265,137.463958,70.000000
-0.222607,0.638995,-0.049145,-0.008574,314.396860,70.000000
-0.410221,-0.587257,0.308031,-0.028305,223.822443,70.000000
-0.031568,-0.563448,-0.080562,-0.037518,297.563455,70.000000
0.125276,-0.479838,0.015209,0.064118,271.308109,70.000000
-0.629775,-0.620483,-0.648664,-0.434729,164.994217,70.000000
-0.455819,-0.943285,0.508662,-0.101448,165.770966,70.000000
0.216354,0.255809,0.073545,0.012446,350.188731,70.000000
-0.626333,-0.782221,-0.558174,-0.254543,148.305603,70.000000
-0.787714,0.885484,-0.527566,0.256814,131.173201,70.000000
0.330991,0.972853,-0.391678,1.132824,133.256137,70.000000
0.735367,-0.694454,0.619600,-0.475488,148.729812,70.000000
0.307862,0.239377,0.114746,-0.021513,330.440003,70.000000
-0.792670,-0.411127,-0.500294,-0.283496,186.885004,70.000000
0.181063,-0.874852,0.020259,-0.033930,184.989612,70.000000
0.358496,-0.761473,-0.308010,-0.151735,196.780483,70.000000
-0.077289,-0.998206,-0.057825,0.031491,294.541499,70.000000
-0.852560,-0.967788,0.868792,-0.936447,125.812740,70.000000
0.391676,0.902274,0.823984,0.324828,148.652674,70.000000
0.512598,-0.769652,0.688192,-0.507996,156.966100,70.000000
0.461175,0.970777,-0.138778,-0.276675,158.866855,70.000000
-0.148640,-0.185277,-0.032789,0.000567,356.250452,70.000000
0.041562,0.525362,-0.017203,0.120908,229.718825,70.000000
-0.233953,-0.054796,0.106971,-0.000420,367.433458,70.000000
-0.964113,0.154534,0.421120,0.045077,186.182176,70.000000
-0.753455,0.675024,-0.138705,-0.105583,150.238316,70.000000
-0.877160,-0.428442,-0.358890,-0.023046,173.125518,70.000000
-0.831865,0.838285,0.745325,0.667703,135.248970,70.000000
-0.946510,0.012532,-0.270531,-0.007776,224.429540,70.000000
0.631913,0.566840,0.383783,0.143729,172.289883,70.000000
0.886004,-0.923980,-0.681987,-0.586073,126.005167,70.000000
0.666568,-0.989719,0.455552,-0.530762,130.467754,70.000000
-0.210046,-0.236398,-0.061789,-0.002083,355.132522,70.000000
0.854996,-0.079405,-0.280318,0.070829,231.781034,70.000000
-0.553793,0.399017,0.428864,0.135506,215.576675,70.000000
0.273214,-0.090159,0.112020,-0.002499,361.567927,70.000000
0.704348,-0.018850,-0.074406,0.010616,267.455227,70.000000
-0.813345,0.109207,-0.406069,0.021410,206.680276,70.000000
-0.565759,-0.709544,-0.275949,-0.067115,157.815822,70.000000
0.701582,-0.507562,0.423313,-0.226763,172.929179,70.000000
-0.590293,0.939315,0.641287,0.809438,135.378934,70.000000
-0.935885,0.572556,-0.425696,0.179145,156.581410,70.000000
0.945202,0.001678,-0.234538,0.000615,230.891236,70.000000
0.202862,-0.504319,0.011397,-0.125241,268.914066,70.000000
-0.084703,0.397245,0.176072,0.071281,286.905388,70.000000
0.500954,-0.463883,-0.339669,-0.096065,215.235125,70.000000
-0.479393,0.848900,-0.375159,-0.218738,174.801521,70.000000
-0.530116,0.344333,0.264009,0.011010,237.180310,70.000000
-0.802122,0.736477,0.617916,0.470034,144.162513,70.000000
-0.038675,-0.014239,0.008300,-0.000000,307.914619,70.000000
0.690736,-0.804003,0.061695,0.139733,141.882555,70.000000
-0.885170,0.945187,0.857489,0.925411,125.810732,70.000000
-0.246825,-0.384987,0.090529,0.042115,326.414648,70.000000
-0.484509,0.856308,-0.534703,0.326896,164.326432,70.000000
-0.028077,0.108870,-0.001325,-0.000004,317.073942,70.000000
-0.224537,0.208117,-0.090564,-0.006410,355.762909,70.000000
-0.170578,-0.898948,-0.613564,-0.125997,174.197173,70.000000
-0.613632,0.689232,-0.706559,0.522135,156.999603,70.000000
-0.075193,0.227671,0.000874,-0.000368,348.193454,70.000000
0.471925,-0.349803,-0.211031,-0.018272,254.571087,70.000000
0.860753,0.682021,-0.756270,0.512758,144.386325,70.000000
0.731444,-0.621551,0.665446,-0.571483,157.006528,70.000000
-0.399648,-0.891672,0.399731,-0.262260,174.707979,70.000000
-0.330056,0.752342,0.255781,-0.019971,199.653166,70.000000
0.617762,0.732917,-0.751076,0.558184,152.848480,70.000000
0.138906,0.594531,0.188555,-0.260583,176.093358,70.000000
0.289474,-0.817387,0.158785,0.077459,250.176272,70.000000
0.182222,0.612651,0.030048,0.004452,303.269869,70.000000
0.820216,-0.621314,-0.687413,-0.614327,152.895112,70.000000
-0.421802,0.767605,-0.428942,-0.148125,182.911079,70.000000
-0.857786,-0.814306,0.839449,-0.785017,135.304063,70.000000
-0.040616,-0.633121,0.177775,0.013217,187.107327,70.000000
-0.870368,-0.266744,0.095878,0.036368,277.373442,70.000000
0.839297,0.063290,0.421203,-0.002378,195.591940,70.000000
-0.284868,0.216751,0.070268,0.005425,350.615556,70.000000
0.928962,-0.931273,-0.837585,-0.952218,125.807946,70.000000
0.095749,-0.752730,0.425928,-0.088806,188.152417,70.000000
0.870464,-0.118786,0.100427,0.032747,260.464904,70.000000
-0.435132,0.736204,0.339581,0.015303,182.985436,70.000000
-0.614018,0.205586,0.085768,-0.020310,272.482591,70.000000
-0.714251,-0.423027,-0.174249,0.013336,187.966250,70.000000
0.191235,0.091104,-0.074069,0.000223,367.830683,70.000000
-0.811732,-0.771657,-0.792981,-0.745547,139.860603,70.000000
0.760860,-0.218816,-0.299332,0.078018,233.441453,70.000000
0.356410,0.181261,0.013840,0.021821,317.455419,70.000000
0.448334,-0.855130,0.741359,-0.221718,156.995635,70.000000
-0.163195,-0.810173,-0.023642,0.033222,285.368653,70.000000
-0.570460,0.283384,0.370789,-0.002616,246.395922,70.000000
0.834882,-0.145435,0.201033,0.091477,248.988243,70.000000
-0.333658,0.201915,0.101567,-0.000938,342.828608,70.000000
-0.418521,-0.075416,0.125810,0.005911,318.169224,70.000000
0.490251,-0.346500,0.284975,-0.008942,252.033690,70.000000
0.373425,0.159454,-0.139800,-0.010181,338.277998,70.000000
-0.050067,0.523686,0.040012,0.016892,264.786439,70.000000
-0.401667,-0.814271,-0.509002,0.160781,171.116934,70.000000
0.544092,0.555031,-0.556410,0.254833,183.589642,70.000000
0.403254,-0.515388,0.145263,0.032292,241.559663,70.000000
-0.120396,0.504101,0.009042,0.001662,314.478214,70.000000
0.418409,0.199748,-0.121208,-0.013929,298.207097,70.000000
-0.836558,-0.025017,-0.490918,0.016009,196.458824,70.000000
-0.464042,0.844427,-0.311144,0.142967,156.324286,70.000000
0.291472,0.763592,0.086998,-0.107219,212.131225,70.000000
-0.316378,0.637648,-0.141653,0.400983,187.910114,70.000000
0.956467,-0.662922,0.631889,0.257671,147.958966,70.000000
0.269017,-0.639462,-0.148154,0.004402,225.739186,70.000000
0.568387,0.880445,0.644433,0.542472,140.059959,70.000000
-0.366744,0.138864,0.095940,0.011180,333.487698,70.000000
-0.110750,0.630157,0.052048,-0.000919,199.949835,70.000000
-0.946602,0.466934,0.682771,0.320049,168.722961,70.000000
-0.239716,-0.905819,0.089578,-0.038371,157.790932,70.000000
-0.093949,-0.994628,-0.416156,-0.195389,170.982863,70.000000
-0.707303,0.357203,0.153760,-0.011083,208.451616,70.000000
-0.487521,0.233599,-0.198305,0.012366,286.046290,70.000000
0.093748,-0.370680,-0.000314,0.002038,340.097551,70.000000
-0.015447,0.376674,0.019435,0.001580,337.033696,70.000000
0.765395,-0.014617,-0.579947,0.008635,193.081176,70.000000
0.331967,-0.626114,-0.202236,-0.118677,203.400805,70.000000
0.902653,0.886002,0.711487,0.484858,130.397622,70.000000
-0.971877,-0.344695,0.471704,0.069688,200.958721,70.000000
0.705709,0.851147,0.049796,-0.155852,137.763163,70.000000
-0.771891,0.824776,0.378076,0.076972,136.210534,70.000000
0.007544,0.794140,0.024183,0.119886,203.835863,70.000000
-0.894987,-0.047309,-0.216888,0.000058,196.719091,70.000000
0.877127,-0.123849,-0.362343,-0.211710,214.603898,70.000000
0.473232,-0.394662,0.381538,0.084672,243.468441,70.000000
0.924000,-0.330942,-0.144243,-0.051759,229.125196,70.000000
-0.143774,-0.411317,-0.051010,-0.031454,272.743750,70.000000
0.988656,0.335213,0.176126,0.013190,203.635232,70.000000
-0.074849,0.015115,-0.013318,-0.000000,326.428910,70.000000
0.035502,0.673854,-0.040444,-0.085865,278.012506,70.000000
-0.539692,-0.601257,0.552695,-0.265260,176.396715,70.000000
0.670550,-0.068752,-0.051040,0.015174,252.134741,70.000000
0.481181,-0.785484,0.637811,-0.535817,156.972795,70.000000
0.372635,0.868605,0.240260,0.254980,181.488442,70.000000
0.636579,0.987060,0.649717,0.872234,130.715121,70.000000
-0.476801,0.404414,0.336787,-0.043345,240.455957,70.000000
0.988441,0.729151,0.162246,-0.136800,138.233310,70.000000
0.836962,0.818071,-0.818762,0.788598,135.303152,70.000000
-0.681983,-0.092922,-0.081335,0.006777,302.495814,70.000000
0.263534,-0.784535,0.076898,-0.050671,254.358717,70.000000
0.321335,0.677887,-0.047000,0.035142,278.213268,70.000000
-0.748167,-0.435704,0.504252,-0.338053,183.490167,70.000000
-0.876127,0.937661,0.797542,0.796433,125.855880,70.000000
-0.739923,0.111020,-0.202508,-0.064214,287.305278,70.000000
-0.078482,0.956505,0.288052,0.156254,172.011164,70.000000
-0.012441,0.900740,-0.722695,-1.089582,120.397934,70.000000
0.741287,0.815452,0.709865,0.693249,139.836066,70.000000
-0.703385,0.207069,-0.241033,-0.039829,265.049222,70.000000
0.205096,-0.948672,0.044184,0.187427,140.361854,70.000000
-0.328368,-0.881248,-0.090363,0.170858,198.732908,70.000000
0.858603,0.532632,-0.629483,0.514019,161.065014,70.000000
-0.052042,-0.667554,0.043038,0.049981,225.466479,70.000000
0.415707,0.794566,-0.496314,0.182377,176.110896,70.000000
0.267111,-0.660472,0.008300,0.009778,242.513869,70.000000
-0.558004,-0.380522,0.166102,0.016108,220.550313,70.000000
0.558601,0.411768,0.219030,0.006875,212.114994,70.000000
0.581369,-0.935783,-0.729412,-0.805409,135.403159,70.000000
0.300321,-0.509612,-0.097339,-0.086088,230.977692,70.000000
0.943816,0.723285,0.827001,0.569237,139.867025,70.000000
0.256547,-0.216811,-0.071163,0.006118,349.697441,70.000000
0.060810,0.033579,-0.016677,-0.000000,319.454541,70.000000
0.369262,0.193701,-0.149677,-0.013080,333.692125,70.000000
-0.465469,0.867015,0.806020,0.241519,160.488244,70.000000
-0.083929,-0.593858,0.011245,0.162612,243.329442,70.000000
-0.966048,-0.364594,-0.105604,-0.020435,227.733718,70.000000
0.266089,0.157720,0.108532,-0.007150,355.832624,70.000000
0.801889,-0.659131,0.626619,-0.401821,148.795151,70.000000
-0.016120,-0.929299,0.928645,-0.850297,133.519102,70.000000
-0.723357,0.536940,0.575382,0.417188,168.848567,70.000000
0.351391,-0.177280,-0.124941,-0.009824,347.397249,70.000000
0.462083,0.233418,-0.210310,-0.022120,291.983653,70.000000
-0.941865,0.067433,0.746628,-0.004917,179.816327,70.000000
-0.651767,-0.249995,-0.313933,-0.002731,247.777615,70.000000
0.337019,0.285782,-0.089130,-0.016387,320.234327,70.000000
-0.863324,0.116154,0.327853,-0.077359,219.916001,70.000000
0.205721,-0.447547,0.077428,-0.081921,314.472934,70.000000
0.077327,-0.372929,-0.036255,-0.000754,340.056071,70.000000
0.176912,-0.633363,0.089333,0.096175,221.731621,70.000000
-0.936276,0.010787,-0.331403,-0.037937,241.429724,70.000000
-0.704058,0.898654,0.618048,0.637292,135.218302,70.000000
-0.323445,-0.145975,-0.137081,-0.009951,342.161091,70.000000
0.592214,-0.655792,0.166553,0.068557,163.692813,70.000000
0.102767,-0.797872,-0.036912,0.040181,271.948104,70.000000
0.172179,-0.195904,-0.060195,-0.001305,357.822667,70.000000
-0.565952,0.040776,0.171612,-0.028460,297.275637,70.000000
-0.681886,-0.460654,0.570462,-0.363804,183.598572,70.000000
-0.215371,0.261462,0.070939,-0.001418,352.889489,70.000000
0.392849,0.612922,-0.237874,-0.053339,213.150691,70.000000
-0.620266,-0.810546,0.620949,-0.719895,144.326038,70.000000
-0.850777,0.996062,0.630321,0.486282,125.499939,70.000000
0.810454,-0.695698,-0.429297,-0.107798,144.985001,70.000000
-0.599923,-0.910909,0.649677,-0.451356,135.601009,70.000000
0.346930,0.859345,-0.533288,0.147056,182.240654,70.000000
-0.986391,-0.269005,-0.173841,0.016520,245.875260,70.000000
0.830331,-0.624810,-0.608271,-0.542370,152.859957,70.000000
0.822153,-0.073839,0.172196,-0.036855,241.757638,70.000000
0.988522,0.087386,-0.556048,0.009434,199.131716,70.000000
0.693943,-0.900683,-0.634241,-0.699797,135.262347,70.000000
0.213812,-0.469938,-0.089267,-0.011436,327.270008,70.000000
-0.245516,-0.379569,-0.052196,0.005908,312.563177,70.000000
0.577489,-0.148065,0.214607,0.036139,285.025132,70.000000
-0.534848,0.815836,-0.127500,-0.033462,155.428772,70.000000
-0.242420,-0.350383,0.116381,0.010315,328.416814,70.000000
-0.888430,0.163936,-0.233054,0.039024,244.743608,70.000000
-0.728729,0.247515,0.240836,0.056169,238.824563,70.000000
-0.023017,-0.846734,0.058496,-0.236608,231.455463,70.000000
0.944240,-0.163625,-0.181359,0.011700,255.259032,70.000000
-0.046246,0.747530,-0.181511,0.019645,228.481219,70.000000
-0.262990,-0.069492,-0.112612,0.000294,363.194976,70.000000
0.053267,-0.742317,0.249871,-0.121316,229.039501,70.000000
-0.121166,-0.442984,0.021300,-0.009341,301.621399,70.000000
0.770862,-0.128706,0.173219,0.098479,257.848121,70.000000
0.836703,0.461804,0.542957,0.412407,172.621834,70.000000
-0.456393,-0.593730,0.413302,-0.232130,196.627647,70.000000
-0.820996,-0.487620,0.564162,-0.453843,168.866888,70.000000
0.572796,0.985878,0.827593,0.550431,130.853605,70.000000
-0.353682,-0.325342,-0.119280,-0.027288,314.401882,70.000000
-0.027708,0.312301,0.031420,0.001623,340.705286,70.000000
0.835555,-0.834140,-0.771625,-0.709597,135.272741,70.000000
0.600789,-0.538023,0.395430,-0.171641,179.763881,70.000000
-0.555854,-0.242529,0.288770,0.025119,259.596246,70.000000
-0.176932,0.296422,-0.052310,0.001053,344.307431,70.000000
-0.028579,-0.331118,0.011688,-0.014140,321.943326,70.000000
0.898578,0.406241,-0.259705,0.096214,183.467230,70.000000
-0.307444,0.781158,-0.134082,0.354272,171.593054,70.000000
0.923995,-0.413072,-0.569106,-0.125963,182.809244,70.000000
-0.501323,0.266431,0.040929,0.010740,265.160815,70.000000
-0.085829,-0.524176,0.050670,0.005130,315.909780,70.000000
0.167450,0.328912,-0.150014,0.291997,242.739680,70.000000
0.029163,0.137371,0.008974,0.000014,326.859067,70.000000
0.793058,0.927942,0.718962,0.733090,130.567726,70.000000
-0.084859,-0.219094,0.024478,0.000100,344.357591,70.000000
-0.318547,0.188118,-0.115719,-0.003711,349.648123,70.000000
-0.301194,-0.173032,-0.084379,-0.010527,348.905314,70.000000
-0.148187,-0.576779,0.038990,0.055572,267.497776,70.000000
0.080758,-0.693402,-0.126592,0.294929,216.044587,70.000000
-0.004402,0.008261,0.000539,-0.000000,300.487000,70.000000
0.836386,-0.857278,0.179889,0.108458,132.338692,70.000000
-0.272575,0.827515,-0.149160,-0.060135,251.586906,70.000000
0.037944,-0.281786,-0.021985,0.000018,335.045756,70.000000
0.027237,-0.228908,0.020390,-0.000136,340.502455,70.000000
0.745605,-0.617419,0.664813,-0.594639,157.006562,70.000000
-0.968734,0.494364,0.571751,0.338158,160.926001,70.000000
0.770108,-0.798111,0.747361,-0.733754,139.852227,70.000000
0.149879,-0.989818,-0.351846,-0.609671,137.821763,70.000000
0.123548,0.474675,0.101569,0.046094,305.867211,70.000000
-0.141416,-0.782794,-0.112410,-0.129549,236.744195,70.000000
-0.419517,-0.828855,-0.589248,-0.446290,156.951971,70.000000
-0.560559,0.676596,-0.370481,0.046679,164.363391,70.000000
-0.444975,-0.699640,0.451875,-0.181305,183.143244,70.000000
-0.842688,0.936433,0.562652,0.304072,126.334167,70.000000
0.630816,0.127539,0.153515,0.065076,268.098270,70.000000
-0.456675,0.667873,0.451131,0.281942,183.186492,70.000000
0.940550,-0.173890,0.188535,0.088988,218.017692,70.000000
-0.563076,0.389659,0.360554,0.098893,215.688889,70.000000
0.996548,0.982217,0.822197,0.991711,120.867795,70.000000
0.118111,-0.903649,0.444110,-0.006274,173.124420,70.000000
0.368636,-0.331936,0.155005,0.040879,314.126893,70.000000
-0.847516,-0.197173,-0.146058,0.038402,244.917660,70.000000
0.105548,-0.054850,-0.022226,-0.000023,345.670352,70.000000
0.138015,-0.386673,0.000201,-0.006468,334.703087,70.000000
-0.818439,0.497289,0.384774,0.229775,168.551897,70.000000
-0.065705,-0.302135,-0.035427,0.007038,348.834478,70.000000
0.021584,0.762507,0.881891,-1.336652,117.439464,70.000000
-0.547373,0.304738,0.289246,0.033113,249.765311,70.000000
-0.260425,-0.957029,0.267592,0.197752,184.723390,70.000000
-0.782363,0.825212,0.575328,0.388727,135.614657,70.000000
-0.666051,-0.314699,-0.330674,-0.026671,223.335796,70.000000
0.848016,0.596887,-0.543475,0.160878,153.299710,70.000000
-0.122121,-0.488262,-0.049319,-0.043633,303.475365,70.000000
-0.214727,-0.913636,0.296760,-0.106391,201.126761,70.000000
0.516839,0.513420,-0.508750,0.197769,197.051250,70.000000
-0.945998,0.604070,0.524218,0.002894,160.130938,70.000000
0.606528,-0.089824,0.136383,0.046409,271.109420,70.000000
0.324026,-0.099301,0.030643,-0.004523,351.637093,70.000000
-0.945375,-0.915467,0.776376,-0.945594,125.816519,70.000000
-0.247538,-0.379556,0.060804,0.097811,292.068966,70.000000
0.805987,0.229197,-0.236405,-0.053215,250.969616,70.000000
0.118139,-0.434912,-0.024155,-0.000359,332.011291,70.000000
0.429844,0.382021,-0.166216,-0.002348,258.521473,70.000000
0.626185,0.298210,-0.242881,0.017627,231.472582,70.000000
0.009136,-0.458696,-0.242711,-0.205386,189.015480,70.000000
0.703637,0.033665,-0.244144,-0.049474,263.460650,70.000000
-0.191515,-0.796286,0.140505,0.140306,202.167735,70.000000
0.819651,-0.125625,0.260502,0.030135,234.708363,70.000000
0.614428,0.686753,0.667577,0.485592,157.019004,70.000000
0.256606,0.783650,-0.162506,0.072862,189.617421,70.000000
0.799344,0.573126,0.063034,-0.128421,158.795478,70.000000
0.532926,0.895194,0.732259,0.450327,140.129864,70.000000
-0.474762,0.674395,-0.027235,-0.104197,177.974122,70.000000
0.550558,-0.775707,-0.437145,-0.478248,153.001050,70.000000
0.696226,-0.527024,0.472090,-0.229815,172.471304,70.000000
0.299763,0.119844,0.050890,-0.002450,356.460979,70.000000
0.223921,-0.551400,-0.057303,0.067010,291.780790,70.000000
0.618994,-0.561233,0.599731,-0.369987,172.713095,70.000000
-0.648817,-0.673593,-0.727972,-0.544158,157.000246,70.000000
0.928297,-0.110193,0.791793,0.057296,176.226680,70.000000
-0.008550,0.295628,0.075959,0.071282,296.080949,70.000000
0.616129,-0.726619,-0.683842,-0.555398,152.866202,70.000000
-0.292271,-0.194080,0.116770,-0.002176,351.172174,70.000000
0.105808,0.315567,-0.068653,-0.020344,303.138950,70.000000
-0.267255,0.248557,0.079700,-0.005679,347.514737,70.000000
-0.494470,-0.556461,-0.457851,-0.177313,193.648168,70.000000
-0.438957,0.446541,-0.299473,-0.026027,255.390867,70.000000
-0.985493,0.820047,-0.810281,0.815755,130.704917,70.000000
0.528964,0.301855,0.272464,0.017157,259.448247,70.000000
-0.731102,0.373478,0.211529,-0.024163,197.686866,70.000000
-0.955258,0.978377,-0.641213,0.525263,121.172848,70.000000
-0.424688,0.266656,-0.201098,-0.018034,286.334714,70.000000
-0.315444,0.331413,-0.084964,-0.001804,336.657035,70.000000
0.053839,0.864567,0.025606,0.035245,207.265854,70.000000
0.776855,0.601221,0.644506,0.599336,157.010824,70.000000
0.725098,0.720752,0.688744,0.557271,148.594461,70.000000
-0.324161,-0.177703,0.013736,0.009471,343.909015,70.000000
-0.658708,-0.896973,0.684482,-0.817867,135.350361,70.000000
0.578157,-0.920497,-0.695436,-0.365906,135.672134,70.000000
-0.791658,0.610161,-0.334333,0.106493,156.329272,70.000000
0.981135,-0.061402,-0.412379,0.018024,192.348824,70.000000
0.019011,-0.476446,0.045303,-0.007341,330.947845,70.000000
0.374525,0.643992,0.150088,0.046644,220.210200,70.000000
-0.418972,0.330596,-0.176883,-0.006805,273.598376,70.000000
0.322114,-0.235468,-0.150128,0.046490,320.183090,70.000000
0.481219,-0.153145,-0.160836,-0.005671,292.689954,70.000000
0.099765,0.756217,1.636584,-1.658919,116.564784,70.000000
-0.267362,0.448774,-0.002219,-0.091962,256.468504,70.000000
0.549617,-0.578774,0.558994,-0.286076,179.945047,70.000000
0.542105,-0.838443,-0.731657,-0.253077,152.647444,70.000000
0.284182,0.251924,-0.007359,-0.006248,343.600104,70.000000
0.083214,0.583183,-0.011569,0.001081,307.478055,70.000000
-0.448224,0.701730,-0.529711,0.211508,179.522408,70.000000
-0.021844,0.863523,-0.168919,-0.088522,257.627562,70.000000
-0.765513,0.015214,0.248374,0.005948,244.160718,70.000000
-0.290704,0.134453,0.066132,-0.001114,358.938438,70.000000
-0.251855,-0.932143,-1.270039,0.606433,127.194924,70.000000
-0.531454,-0.143409,0.203283,-0.022533,303.659679,70.000000
-0.274927,-0.703946,0.046352,0.044361,270.526492,70.000000
0.777765,-0.100512,0.300083,-0.125362,236.154763,70.000000
0.691884,0.488889,-0.418941,0.221047,176.627531,70.000000
0.757911,0.203404,0.251616,0.052591,264.535823,70.000000
0.614482,-0.409301,0.287542,-0.064631,200.851372,70.000000
0.871137,-0.801637,-0.848264,-0.772180,135.307177,70.000000
0.889581,-0.810953,-0.788306,-0.635802,135.257049,70.000000
0.318947,0.548367,-0.028582,-0.020020,190.011768,70.000000
0.400036,-0.590731,-0.035018,-0.003324,212.747957,70.000000
-0.419961,-0.285757,0.135036,0.009169,310.065599,70.000000
-0.712800,-0.029548,-0.196309,0.003599,297.497551,70.000000
-0.621471,0.938692,0.476910,0.451081,135.053803,70.000000
0.596252,-0.797539,0.531905,-0.627229,148.623653,70.000000
-0.240498,-0.053571,0.097888,0.001172,365.554271,70.000000
-0.370384,0.956457,0.668020,0.257781,152.761442,70.000000
-0.823425,0.692057,0.559214,0.265504,144.664021,70.000000
-0.593409,0.571482,0.099133,-0.072135,174.951300,70.000000
0.889940,-0.781737,-0.775653,-0.628748,135.366214,70.000000
-0.652125,-0.268363,-0.318344,0.018017,238.506502,70.000000
-0.380534,0.371488,0.024123,-0.024250,278.946123,70.000000
-0.393671,-0.430674,0.086150,0.029374,252.810648,70.000000
-0.343137,0.901209,-0.127592,0.210926,192.365775,70.000000
0.614161,0.201132,0.044226,0.008397,275.579158,70.000000
0.425634,-0.361924,-0.038027,0.002461,272.163359,70.000000
-0.854567,-0.706859,0.699757,-0.572944,144.275835,70.000000
-0.173044,-0.350232,0.037930,-0.002109,350.483494,70.000000
-0.356317,-0.626239,-0.046275,-0.047839,264.517167,70.000000
0.794792,0.076597,-0.237367,-0.038014,254.410726,70.000000
-0.642094,0.332574,0.399923,0.088360,220.884073,70.000000
-0.428809,-0.988588,-0.315638,-0.030882,151.184385,70.000000
0.795713,-0.451689,-0.522927,-0.435869,176.328258,70.000000
0.465153,-0.174138,0.272303,-0.029919,275.517646,70.000000
-0.742513,0.580035,0.623904,0.541086,161.054558,70.000000
0.642389,0.638767,-0.704678,0.517149,161.047598,70.000000
-0.242012,0.511668,0.233547,-0.047081,233.322770,70.000000
-0.397315,0.331962,-0.203568,0.052365,294.138236,70.000000
-0.714161,-0.897464,0.583816,-0.534417,135.129715,70.000000
0.326127,-0.785862,-0.467018,0.255104,143.723899,70.000000
0.023884,-0.585137,-0.112890,-0.134318,161.736487,70.000000
-0.400785,0.000044,0.127916,-0.000004,282.221952,70.000000
0.740210,0.712465,0.686155,0.570826,148.601391,70.000000
0.395768,-0.329173,0.016864,0.014851,296.336468,70.000000
-0.407453,-0.059116,0.045709,0.001212,339.478916,70.000000
0.432757,-0.653943,0.338763,0.013725,193.354078,70.000000
-0.825232,0.319405,0.349648,0.087619,223.217573,70.000000
0.242987,-0.118946,0.090963,-0.002325,364.579422,70.000000
0.871470,0.795642,-0.817716,0.720687,135.320170,70.000000
0.347981,0.514585,0.193542,-0.053028,259.249566,70.000000
0.637597,0.086754,-0.181451,-0.047936,281.479353,70.000000
0.068833,0.871982,-0.221318,-0.240846,192.930649,70.000000
-0.594022,0.276362,0.306043,0.025084,249.591875,70.000000
0.821905,-0.246765,0.118979,0.077441,256.348720,70.000000
0.618337,0.396855,-0.423615,0.183200,203.651749,70.000000
-0.052597,0.001535,-0.014145,-0.000000,313.755357,70.000000
-0.196828,-0.094768,-0.081667,-0.000514,367.725925,70.000000
-0.766173,0.928395,-0.774554,0.878663,130.634016,70.000000
-0.458312,-0.853758,-0.803166,0.085688,156.498625,70.000000
0.888562,0.064873,-0.396363,-0.136981,209.428574,70.000000
0.323112,0.547351,1.259207,-0.891836,143.362771,70.000000
-0.675114,-0.633861,0.402294,-0.129706,160.542559,70.000000
0.690761,-0.376480,-0.091312,0.066721,202.219027,70.000000
0.498045,0.641517,0.394878,0.200751,179.913722,70.000000
-0.024718,0.558123,0.046628,0.013507,295.668120,70.000000
0.380003,0.715514,0.241295,-0.135331,221.183024,70.000000
-0.364053,-0.645665,0.234616,-0.113397,237.432420,70.000000
0.309597,-0.607398,0.583801,0.252346,126.717089,70.000000
-0.531837,-0.585951,-0.414110,-0.138965,180.227037,70.000000
-0.077522,-0.915492,-0.116769,-0.035312,265.948991,70.000000
-0.672432,0.433926,0.401458,0.120931,190.265151,70.000000
0.993045,0.113535,0.879858,-0.081659,160.920337,70.000000
0.184820,0.270862,0.068592,-0.001048,351.949149,70.000000
0.377629,0.816542,-0.194859,-0.109334,205.444300,70.000000
-0.375687,-0.179111,-0.104598,-0.010318,318.829240,70.000000
-0.318651,0.426465,0.103275,0.011876,326.994974,70.000000
-0.405003,-0.886215,-0.735729,-0.253723,156.803503,70.000000
-0.623682,-0.219782,0.165150,0.015191,257.402373,70.000000
0.119589,-0.060155,0.039690,0.000052,351.483410,70.000000
0.978748,-0.178322,0.257622,-0.149821,219.529039,70.000000
0.943053,-0.106904,-0.656483,0.051122,178.972781,70.000000
-0.742597,-0.824173,-0.590968,-0.426073,139.625486,70.000000
0.132441,-0.068141,0.052550,-0.000003,357.464265,70.000000
0.751319,-0.586069,-0.573641,-0.456128,160.999240,70.000000
-0.054526,-0.413079,0.001528,-0.000271,328.140477,70.000000
-0.621661,-0.258599,0.128145,-0.002886,241.338806,70.000000
-0.273263,-0.728605,0.271558,-0.090774,204.324776,70.000000
0.338407,-0.387537,-0.067606,0.017252,317.856906,70.000000
0.671144,-0.086516,0.117253,-0.014948,292.525365,70.000000
-0.068478,-0.910026,0.564967,-0.422863,184.374468,70.000000
-0.812802,-0.765231,-0.780890,-0.710833,139.865625,70.000000
0.758292,0.607347,0.647687,0.573506,157.011385,70.000000
-0.327295,-0.843205,0.058271,0.139435,222.103075,70.000000
0.258884,-0.944090,-0.385098,0.781928,104.306250,70.000000
0.681712,-0.459646,-0.572882,-0.374641,183.600609,70.000000
0.731254,0.191035,-0.220546,0.011341,268.176322,70.000000
0.731526,0.751179,-0.711865,0.676937,144.302935,70.000000
-0.934684,0.770630,0.885337,0.721242,135.330304,70.000000
-0.014217,-0.939750,-0.221305,0.140018,193.938040,70.000000
-0.378874,0.264512,-0.092154,-0.028115,319.348535,70.000000
-0.347485,-0.174478,0.119888,0.008698,349.877975,70.000000
-0.445964,0.680001,0.357553,0.139809,182.797953,70.000000
0.775050,0.272428,0.335733,0.075679,217.214014,70.000000
0.699259,0.442550,0.047686,-0.093368,185.533154,70.000000
-0.067292,-0.972726,0.236022,0.116402,228.879810,70.000000
-0.611321,-0.475995,-0.462505,-0.220010,187.248698,70.000000
-0.045840,-0.428173,0.013377,-0.026504,325.229092,70.000000
-0.310165,-0.941540,-0.109708,0.073385,195.481512,70.000000
-0.460401,0.043551,-0.034530,0.010363,303.987008,70.000000
-0.031137,0.674660,-0.053584,-0.017618,318.006089,70.000000
-0.992888,0.523920,-0.774699,0.414515,156.988416,70.000000
-0.476367,-0.299704,0.196162,0.029167,270.457673,70.000000
0.882228,-0.388603,-0.460271,-0.037405,195.869790,70.000000
0.745643,0.026597,0.045667,0.013937,267.722945,70.000000
-0.987223,-0.254884,0.265020,-0.090374,218.260972,70.000000
0.172164,-0.447679,0.025682,0.000615,321.006275,70.000000
-0.136597,0.217561,-0.038177,-0.000298,353.692249,70.000000
0.543370,0.417318,0.154914,-0.011602,213.358872,70.000000
-0.132395,0.836158,0.044196,-0.081245,187.256754,70.000000
-0.685093,-0.352454,0.441415,-0.205625,209.417562,70.000000
0.309272,-0.072379,-0.125023,0.001525,356.640596,70.000000
-0.475466,0.840877,0.872050,0.140340,160.671017,70.000000
0.625659,-0.556498,0.597338,-0.376042,172.713074,70.000000
0.944857,0.213405,-0.214687,0.085984,260.618808,70.000000
0.696280,0.377860,0.410494,0.209973,200.291018,70.000000
0.698828,-0.792803,-0.520550,-0.239059,143.871885,70.000000
-0.647826,-0.003410,0.075901,0.001582,294.572413,70.000000
0.680118,0.737293,0.735578,0.649098,148.627916,70.000000
-0.310253,-0.423150,-0.214204,-0.076516,251.364031,70.000000
0.120926,0.400007,0.024205,-0.000036,328.690034,70.000000
0.912388,0.508945,-0.703737,0.427162,161.078263,70.000000
-0.156452,0.507624,0.071918,-0.080585,292.949486,70.000000
-0.355917,0.097708,-0.143573,0.004186,344.482646,70.000000
0.170098,0.833107,0.341061,0.295713,191.216604,70.000000
0.032247,-0.023076,0.007397,0.000000,306.132348,70.000000
0.166533,0.922986,-0.313588,-0.364187,174.771316,70.000000
0.628563,0.262422,-0.331316,-0.054865,241.287829,70.000000
0.519772,-0.199284,-0.178836,-0.009997,288.185976,70.000000
0.639385,0.147494,-0.304181,-0.009023,262.259820,70.000000
0.925428,-0.332101,0.202758,-0.034135,229.585891,70.000000
0.382090,-0.206496,-0.062311,0.015559,319.632033,70.000000
-0.577613,0.054152,0.194240,-0.047611,286.442147,70.000000
0.125781,0.002632,-0.030435,0.000001,353.906784,70.000000
0.234224,0.607082,-0.080184,-0.244073,154.034244,70.000000
-0.766036,-0.762826,0.330525,-0.022937,143.307025,70.000000
-0.810810,0.716289,0.770769,0.692079,144.309005,70.000000
0.677480,0.399910,-0.505405,0.258328,197.098643,70.000000
-0.716921,0.709134,-0.688216,0.601737,148.644690,70.000000
0.416363,-0.194140,0.151009,-0.000782,320.243341,70.000000
-0.904936,0.736379,-0.816738,0.632992,139.874471,70.000000
0.327805,-0.581380,0.056362,0.064362,243.128509,70.000000
0.747887,-0.259538,0.295039,0.023556,228.318935,70.000000
-0.062963,-0.216184,-0.031795,-0.000055,346.316246,70.000000
0.600879,0.971308,0.745664,0.509742,130.888173,70.000000
0.769665,-0.244933,0.099580,0.028648,245.685897,70.000000
-0.581691,-0.476308,-0.071205,0.068141,192.535894,70.000000
0.688423,0.317208,-0.301091,0.037147,220.513524,70.000000
-0.683044,0.076699,0.071835,-0.006015,300.797107,70.000000
-0.913076,-0.076194,0.271390,0.073526,215.428644,70.000000
-0.589819,0.915856,0.668887,0.434203,135.614995,70.000000
0.799337,0.449673,-0.505902,0.394719,176.345321,70.000000
-0.344144,-0.023158,-0.011248,0.000067,351.193297,70.000000
0.778057,0.803992,0.658910,0.541266,139.742187,70.000000
0.688353,-0.857483,0.217189,0.089847,138.356735,70.000000
0.284182,0.251470,-0.025331,-0.007791,349.669530,70.000000
0.454023,0.758074,0.500789,0.485421,164.892698,70.000000
0.950068,-0.198770,-0.234670,0.148547,192.290921,70.000000
-0.721477,0.134935,-0.167545,-0.041083,290.657358,70.000000
-0.139667,0.616023,0.022813,-0.019916,293.411957,70.000000
-0.502892,-0.108668,0.229356,0.026867,294.282828,70.000000
-0.378005,0.871867,0.372799,0.002127,176.058223,70.000000
-0.536636,0.755816,-0.713094,0.445586,156.943638,70.000000
-0.997539,0.369390,0.148506,0.096832,276.775413,70.000000
0.331270,-0.338620,0.088793,-0.015740,304.132804,70.000000
0.815034,0.274703,0.301243,-0.004633,227.226485,70.000000
0.925093,0.042759,0.448892,0.036687,200.471723,70.000000
0.649165,0.513019,-0.462576,0.234062,176.591725,70.000000
0.309268,-0.135601,-0.084410,0.005769,350.612570,70.000000
0.962281,-0.938915,-0.731021,-0.681241,125.678340,70.000000
-0.350107,-0.250241,-0.094117,0.001450,319.647736,70.000000
0.192550,0.186995,0.012101,-0.001648,362.692325,70.000000
0.827097,-0.978506,-0.869233,-0.935313,125.822433,70.000000
0.249615,-0.722585,-0.227338,-0.335126,160.689435,70.000000
-0.493279,-0.541476,0.481640,-0.190393,196.939175,70.000000
-0.593391,0.874205,-0.628972,0.778879,139.932770,70.000000
0.771585,0.032126,0.244816,-0.016620,273.679500,70.000000
-0.065022,-0.831620,0.429316,-0.805733,109.673186,70.000000
0.960794,0.057244,-0.013381,-0.034481,195.430541,70.000000
0.093577,0.754303,0.092668,-0.160868,184.023299,70.000000
-0.421922,0.761566,-0.486362,0.160734,178.816327,70.000000
-0.360568,-0.059280,-0.047287,0.001782,342.802796,70.000000
-0.325130,-0.465880,-0.256399,0.016869,203.317881,70.000000
-0.051089,-0.648683,0.070379,-0.012872,310.300564,70.000000
-0.407201,0.167139,0.121816,-0.002911,323.145074,70.000000
-0.898570,-0.268747,-0.160423,-0.004662,264.537091,70.000000
-0.836693,-0.306858,0.371701,0.028087,218.921612,70.000000
0.641522,0.067899,-0.190350,0.049366,272.917924,70.000000
-0.823692,0.213386,0.200898,-0.039479,247.699466,70.000000
0.381175,0.403434,0.195504,0.066685,258.169811,70.000000
0.517346,-0.964415,-0.914974,-0.468681,135.551003,70.000000
-0.922338,0.261830,-0.003267,0.066290,254.711847,70.000000
0.569780,0.286063,-0.375003,0.101059,242.324013,70.000000
-0.142145,0.971474,0.329178,0.225039,184.341968,70.000000
-0.439718,-0.341966,-0.060539,-0.005823,261.829537,70.000000
0.585623,0.566631,-0.629190,0.395650,176.392448,70.000000
-0.628802,-0.281560,0.242077,0.026994,240.287585,70.000000
-0.172419,0.153334,0.022387,-0.002858,364.356306,70.000000
-0.910833,-0.369060,0.484533,-0.164707,202.468267,70.000000
-0.788057,-0.866021,0.607926,-0.474627,135.075314,70.000000
0.788938,-0.311165,0.188606,0.045076,211.026818,70.000000
0.257218,-0.944022,-0.138728,-0.123883,245.135254,70.000000
-0.170660,-0.284544,-0.074689,0.001712,345.531525,70.000000
-0.326720,0.811780,0.078567,0.005581,210.391997,70.000000
-0.411849,0.050425,-0.170537,-0.000039,320.687833,70.000000
-0.500340,0.777253,-0.636346,0.550765,156.974512,70.000000
-0.706450,0.687739,0.649512,0.470534,152.797708,70.000000
0.831761,-0.596353,0.039144,0.119745,155.082409,70.000000
-0.912992,-0.658478,0.410217,-0.147268,144.951543,70.000000
0.954352,-0.202449,-0.053692,-0.059266,251.548875,70.000000
-0.563866,-0.896339,-0.646031,-0.771567,139.955283,70.000000
-0.763377,-0.079110,-0.295909,-0.025827,241.097091,70.000000
0.406059,0.630723,0.310846,0.128124,210.452102,70.000000
0.567681,-0.990154,0.863424,-0.632947,130.803989,70.000000
0.482317,0.300057,0.056415,-0.018111,271.861510,70.000000
-0.946444,-0.880584,-0.072298,0.170733,128.511859,70.000000
0.021290,-0.172442,0.011899,-0.000013,326.129620,70.000000
-0.225838,0.346407,-0.040147,0.025348,340.427870,70.000000
0.064290,0.530352,0.141704,0.188631,227.714039,70.000000
-0.373139,0.654279,-0.370321,0.016953,211.799163,70.000000
0.471269,0.619415,0.384527,0.022708,186.355780,70.000000
0.503708,-0.172083,0.220041,0.011402,293.076886,70.000000
-0.193194,0.988886,-1.045186,0.743548,131.039846,70.000000
0.202692,0.638540,-0.606045,-0.104545,159.380507,70.000000
-0.058869,0.584693,0.066716,-0.096025,252.991795,70.000000
0.931893,0.331824,0.168218,0.079466,221.911578,70.000000
0.966291,0.459037,0.689300,0.232660,164.725098,70.000000
-0.956844,0.322639,0.077027,-0.005321,199.856448,70.000000
0.601129,-0.832944,-0.611556,-0.661113,144.301299,70.000000
0.704039,0.790717,-0.501416,0.210533,143.819873,70.000000
-0.411366,0.170737,-0.097442,-0.012384,316.505881,70.000000
-0.415950,-0.875861,0.502589,-0.562300,152.863354,70.000000
-0.592872,-0.402946,-0.491285,-0.222307,206.682422,70.000000
-0.312791,0.921557,-0.120724,-0.029689,227.093034,70.000000
0.604912,0.761769,-0.055369,-0.149015,151.002421,70.000000
-0.953921,-0.553933,-0.535296,-0.313085,156.845041,70.000000
0.048304,-0.153757,-0.016261,-0.000019,334.872486,70.000000
-0.193522,-0.531976,-0.057923,-0.112101,255.542652,70.000000
-0.920745,-0.956632,0.772547,-0.716453,125.707302,70.000000
-0.117630,0.985612,0.040899,-0.438012,104.658223,70.000000
-0.819408,0.212743,-0.218955,-0.052819,266.777951,70.000000
-0.424552,0.547025,-0.233846,-0.053757,226.746604,70.000000
-0.150113,-0.945859,-0.076585,0.066470,246.138952,70.000000
0.942777,-0.745468,-0.437959,-0.183879,135.988656,70.000000
0.914975,-0.008952,-0.487109,-0.003421,216.955663,70.000000
-0.462348,-0.685480,0.353782,-0.053775,175.615727,70.000000
-0.855071,0.822615,0.805642,0.731791,135.288431,70.000000
-0.310378,-0.524076,0.030383,0.039844,284.023908,70.000000
-0.145999,0.196106,0.049921,-0.001518,358.427532,70.000000
-0.046326,-0.593800,-0.066954,0.012428,331.621592,70.000000
0.001651,-0.243241,0.016213,-0.000454,341.036536,70.000000
-0.158243,0.411932,0.011511,0.018907,334.895937,70.000000
-0.660274,0.768422,-0.217231,-0.100619,147.237732,70.000000
0.862496,-0.022517,-0.484101,-0.010993,186.912473,70.000000
-0.439961,-0.425248,-0.301180,-0.023900,251.394348,70.000000
0.849264,-0.420539,0.610833,-0.250438,179.827347,70.000000
0.003269,0.936596,-0.028666,-0.002757,311.461128,70.000000
-0.624539,-0.622462,-0.675633,-0.462347,165.006776,70.000000
0.284976,-0.400063,0.057645,0.009265,273.861199,70.000000
0.148573,-0.938918,0.325899,-0.087997,165.507897,70.000000
-0.392526,0.814947,0.746431,-0.291818,154.712820,70.000000
0.811704,0.303280,0.285097,-0.065538,234.182121,70.000000
-0.771330,0.262704,-0.371434,-0.016814,232.535309,70.000000
-0.732205,-0.169351,-0.150971,-0.042379,260.743786,70.000000
-0.279799,-0.576972,-0.064053,-0.049044,281.895147,70.000000
0.825349,-0.362531,0.336664,-0.144004,199.484638,70.000000
0.939409,0.651287,-0.293157,0.443504,144.792460,70.000000
0.172916,0.193332,-0.042645,0.001005,360.404600,70.000000
-0.668868,0.333074,-0.427044,0.135244,218.040565,70.000000
-0.019250,0.469376,-0.021342,0.003593,318.367518,70.000000
0.804097,0.453465,-0.523954,0.442085,176.312122,70.000000
-0.613972,0.974918,-0.773210,0.771678,130.735775,70.000000
-0.549677,-0.419855,-0.165803,0.014423,211.905260,70.000000
-0.500797,-0.889458,1.097670,-0.230238,145.127801,70.000000
0.876285,-0.285883,-0.408314,0.069690,219.267399,70.000000
-0.837471,0.617878,0.671735,0.586476,152.900546,70.000000
0.668081,0.435478,-0.460553,0.190625,190.399376,70.000000
-0.922292,-0.961607,0.707344,-0.571107,125.592210,70.000000
0.275270,0.468552,0.130367,0.080325,290.474040,70.000000
0.958545,0.267839,-0.013791,0.043026,256.948158,70.000000
-0.433414,-0.386966,0.254708,-0.017607,258.702604,70.000000
0.258290,-0.926796,0.362537,-0.266507,191.121050,70.000000
-0.660896,0.328577,-0.278366,0.027809,218.354177,70.000000
0.397683,-0.141163,0.112506,-0.008220,327.730741,70.000000
-0.527738,0.308216,0.391301,0.000232,246.878424,70.000000
0.183927,-0.739535,0.084631,-0.113022,229.152639,70.000000
0.633767,-0.276634,-0.280260,0.002636,236.414520,70.000000
0.611393,-0.315692,0.412328,-0.052764,229.090281,70.000000
0.164951,0.333867,-0.069953,-0.224734,211.780352,70.000000
-0.695967,0.875324,0.680391,0.731074,135.361658,70.000000
-0.430822,-0.825254,-0.374408,0.075381,157.768924,70.000000
-0.045225,-0.102563,-0.013181,-0.000001,322.684426,70.000000
0.229093,0.361824,0.055891,-0.009287,336.559168,70.000000
-0.829949,-0.960510,0.836170,-0.825662,125.848196,70.000000
0.705916,0.330438,-0.230144,0.025620,214.645647,70.000000
-0.332794,0.726811,-0.225837,-0.240008,180.459560,70.000000
-0.489808,-0.202796,0.332309,-0.010323,269.844861,70.000000
-0.399113,0.107275,0.134605,-0.006477,338.387257,70.000000
0.975658,-0.113670,-0.475763,-0.015549,189.508763,70.000000
-0.452949,-0.711093,-0.085431,-0.037078,173.261740,70.000000
0.666367,-0.376674,-0.482924,-0.239507,203.467459,70.000000
-0.766318,0.493158,-0.532495,0.402866,172.614710,70.000000
0.506605,0.505398,-0.392467,0.078953,203.101850,70.000000
0.230813,-0.723186,0.005508,0.022542,288.786191,70.000000
-0.579387,0.238659,-0.056886,0.015522,263.633605,70.000000
-0.862685,0.855091,-0.625723,0.462244,130.886755,70.000000
-0.481354,-0.115908,-0.116004,-0.002947,304.580616,70.000000
-0.061455,-0.873649,-0.288626,0.200647,183.313525,70.000000
0.586514,-0.457314,0.164892,0.038276,194.862837,70.000000
-0.072754,-0.784537,0.179371,-0.222520,174.241327,70.000000
0.283722,0.507277,0.055770,-0.090314,255.626403,70.000000
-0.187345,-0.708238,0.040185,0.000994,307.114650,70.000000
0.644530,0.619811,0.286026,0.019481,164.174868,70.000000
-0.836349,-0.512809,-0.547737,-0.507761,164.990563,70.000000
-0.777008,0.822448,0.384861,0.085237,136.186185,70.000000
0.876574,0.585656,-0.400001,0.003981,153.668301,70.000000
-0.878166,0.661888,0.101969,-0.119143,146.108027,70.000000
0.359997,0.467940,0.025676,0.007364,292.872759,70.000000
0.661156,0.053845,-0.118251,0.018467,302.878746,70.000000
0.976014,-0.125042,0.260049,0.049335,236.908001,70.000000
0.421009,-0.097023,-0.177965,0.004802,323.963193,70.000000
-0.673787,-0.345348,-0.398623,-0.126284,212.424900,70.000000
-0.262368,0.374861,0.113634,-0.055157,301.803439,70.000000
0.283846,0.604995,-0.068586,0.026488,293.941388,70.000000
0.149087,-0.302519,-0.029159,-0.000434,342.735798,70.000000
-0.443310,-0.712011,0.189864,0.053943,176.891627,70.000000
-0.767719,0.949764,-0.518828,0.385436,130.223888,70.000000
0.690783,-0.003303,0.399635,-0.008670,235.177389,70.000000
0.482859,-0.585510,-0.076465,0.038731,191.487039,70.000000
-0.669128,-0.034462,0.192282,0.001346,255.869139,70.000000
0.791926,-0.103096,-0.432470,-0.023686,236.775238,70.000000
-0.736624,-0.434442,0.483073,-0.345281,183.564884,70.000000
0.336261,-0.461339,0.199609,0.047935,259.838451,70.000000
0.279616,-0.496318,0.132668,-0.109374,269.252812,70.000000
0.389852,0.242190,-0.046369,0.004971,325.150868,70.000000
0.492187,0.178857,0.235288,-0.001528,293.179938,70.000000
0.057960,0.138594,0.022177,0.000002,335.592200,70.000000
-0.643611,0.837096,-0.542638,0.503833,140.065948,70.000000
-0.925900,0.400827,-0.126645,-0.068234,207.360676,70.000000
0.697254,0.750562,-0.053203,-0.129294,146.280503,70.000000
0.699321,-0.503614,-0.195475,0.056322,175.312737,70.000000
-0.241043,0.795118,0.030900,0.014652,272.690994,70.000000
-0.453757,-0.301943,0.299378,0.009654,274.771291,70.000000
-0.753482,0.223489,-0.200174,0.016279,283.222523,70.000000
0.181691,-0.321901,-0.039567,0.002330,343.637658,70.000000
-0.192577,-0.634710,-0.122222,-0.110079,157.813233,70.000000
0.422194,-0.179555,0.233268,0.025316,304.441488,70.000000
0.210938,-0.759998,0.188953,0.335702,163.604952,70.000000
0.714066,-0.692839,-0.286760,0.013058,151.828095,70.000000
-0.541602,-0.704398,0.698294,-0.483052,161.018701,70.000000
-0.813390,-0.651970,-0.589442,-0.313636,148.893168,70.000000
0.332042,0.628030,-0.041038,0.155957,201.299454,70.000000
-0.692948,-0.383538,-0.381397,-0.120798,200.072619,70.000000
-0.122837,-0.525969,-0.010817,-0.001094,319.655075,70.000000
0.039481,-0.437283,-0.073242,0.176733,240.712159,70.000000
0.583528,-0.643374,0.678622,-0.433545,165.001902,70.000000
0.805347,-0.531951,0.445868,-0.309263,164.800144,70.000000
-0.499029,0.825544,0.353524,-0.044027,153.804726,70.000000
0.919551,0.889321,0.351208,-0.039535,129.381465,70.000000
0.810413,0.609539,-0.452942,0.122681,153.425492,70.000000
0.527548,0.493429,0.528585,0.218417,200.258205,70.000000
-0.942581,0.046146,0.285180,-0.010692,240.116427,70.000000
-0.431279,-0.513676,-0.275763,0.080587,222.236506,70.000000
0.651685,0.874651,0.155366,-0.122650,138.142102,70.000000
0.264395,-0.320262,-0.071573,-0.024343,326.908750,70.000000
-0.641659,-0.368319,0.340873,-0.074084,209.393057,70.000000
-0.341453,-0.796950,0.278254,0.052606,188.013968,70.000000
-0.331751,0.256939,0.136857,-0.004321,330.320360,70.000000
0.371098,-0.953718,-0.186609,0.202833,157.066746,70.000000
0.858380,0.787010,-0.561513,0.321594,135.688578,70.000000
-0.722069,0.181296,0.166909,0.061375,253.579004,70.000000
-0.950930,-0.277587,0.104795,0.075801,257.394565,70.000000
0.590127,0.256654,0.340882,0.019098,248.756831,70.000000
-0.422850,-0.847392,-0.042734,0.120615,155.072639,70.000000
-0.114467,0.152502,0.045266,-0.000022,354.763096,70.000000
-0.900139,-0.640779,-0.907476,-0.455232,148.673424,70.000000
0.433943,-0.713528,-0.062871,0.048444,184.122485,70.000000
-0.271712,-0.660440,0.124190,0.366947,174.038844,70.000000
-0.018392,0.886894,-0.240113,0.119254,183.161525,70.000000
0.034356,-0.578936,0.090547,-0.065247,265.384204,70.000000
-0.183146,-0.137804,0.010408,0.001009,364.538585,70.000000
-0.067481,-0.145114,-0.010032,0.000022,340.010822,70.000000
-0.927594,-0.070925,-0.334280,-0.012386,200.437446,70.000000
-0.042214,0.503211,0.092502,0.051814,308.303908,70.000000
-0.540506,-0.288544,-0.355363,-0.018381,249.184048,70.000000
0.442075,-0.037369,-0.176254,0.003100,326.852912,70.000000
-0.057735,-0.358442,-0.041571,0.009178,334.557012,70.000000
-0.341641,0.044735,0.012012,0.000430,351.231377,70.000000
-0.143081,-0.759622,-0.146539,-0.302720,156.617275,70.000000
-0.972339,-0.106841,0.305119,-0.045089,237.442345,70.000000
0.316655,0.026226,-0.096931,0.003556,315.924154,70.000000
0.779168,-0.524686,0.432464,-0.226724,165.310367,70.000000
-0.399701,0.226046,-0.188002,0.033851,308.520454,70.000000
-0.847989,-0.146839,0.194786,-0.075814,274.529285,70.000000
0.071090,0.816709,-0.184103,-0.242666,198.227453,70.000000
0.431913,-0.839144,0.258695,-0.003221,155.976423,70.000000
0.512212,0.740191,-0.673653,0.345200,160.927271,70.000000
0.382677,-0.343549,-0.177900,-0.004683,295.115755,70.000000
-0.026239,0.993288,2.004389,-0.868622,104.488342,70.000000
0.195034,-0.069437,0.062514,0.000350,367.713857,70.000000
0.980019,-0.826672,0.870003,-0.813246,130.691839,70.000000
0.127456,0.153738,0.042083,-0.000463,356.957451,70.000000
-0.129487,-0.295616,0.035009,-0.000482,343.432823,70.000000
-0.422113,-0.451613,-0.126409,-0.036064,250.800783,70.000000
-0.251792,0.130850,-0.094781,0.001399,361.073573,70.000000
-0.805993,-0.317338,0.261015,-0.103852,202.758378,70.000000
0.503291,0.807774,0.294264,0.016623,156.054136,70.000000
0.252371,-0.406649,0.069284,-0.011199,326.102288,70.000000
-0.544542,-0.114677,-0.116123,-0.017716,312.380550,70.000000
0.616423,0.222573,0.262110,-0.040679,256.646816,70.000000
0.784969,0.965938,-0.717447,0.475885,126.107588,70.000000
0.524333,0.464558,0.432579,0.135792,206.582749,70.000000
-0.170760,0.040691,0.024600,0.000180,365.898381,70.000000
-0.098005,0.828884,0.156605,0.157775,190.190020,70.000000
-0.953580,-0.810708,-0.533946,-0.363488,131.071779,70.000000
0.423377,-0.300171,-0.129156,0.023214,291.412707,70.000000
-0.967213,0.049854,-0.306483,0.060371,240.673568,70.000000
-0.101042,-0.205916,-0.016751,-0.000191,348.403069,70.000000
-0.822451,-0.932893,-0.314132,0.002555,129.364833,70.000000
0.868420,-0.457732,-0.042591,0.107548,170.516645,70.000000
0.891762,-0.153037,0.236787,-0.070577,216.017509,70.000000
-0.098244,0.805785,1.518838,-0.132835,126.439408,70.000000
0.835652,0.807049,-0.732711,0.626929,135.371763,70.000000
0.074963,-0.101959,0.000705,-0.000006,336.822360,70.000000
0.376810,-0.952843,0.296286,-0.185431,149.110009,70.000000
-0.435559,-0.447557,-0.267421,0.071629,241.963428,70.000000
-0.097452,0.125186,0.009670,0.000051,348.271006,70.000000
-0.001143,0.791891,0.126707,-0.076605,244.595221,70.000000
-0.694222,0.214238,-0.189161,0.027703,254.843583,70.000000
0.695573,0.491797,-0.562751,0.407407,176.401610,70.000000
-0.370780,0.292272,0.158284,0.052034,302.948938,70.000000
0.223820,-0.262213,0.052568,0.004632,342.503403,70.000000
0.984657,-0.862244,0.241097,0.185302,129.076400,70.000000
0.266945,0.539378,-0.058849,0.028433,282.280439,70.000000
-0.673997,0.124881,-0.145733,0.039108,270.595314,70.000000
0.879801,0.818498,-0.741813,0.576513,135.208371,70.000000
0.487848,-0.746750,-0.499503,-0.422909,161.075351,70.000000
-0.633539,0.105122,-0.154877,0.036276,294.776821,70.000000
0.780735,-0.184007,0.077497,-0.021556,227.348434,70.000000
-0.610717,-0.322204,-0.324690,-0.037056,228.878792,70.000000
0.712817,0.315947,-0.404137,0.011182,220.119982,70.000000
0.115290,-0.317532,-0.009046,-0.017463,331.042977,70.000000
-0.753324,0.881825,0.583382,0.473617,135.068485,70.000000
0.832963,-0.395743,0.380699,-0.038704,187.096191,70.000000
0.745833,-0.783782,0.521564,-0.337008,140.206244,70.000000
0.975259,-0.817034,0.770590,-0.745563,130.722111,70.000000
0.116129,-0.225606,-0.030795,0.000138,348.602776,70.000000
0.241873,-0.843190,-1.015080,-0.227033,135.219343,70.000000
0.501000,0.308924,0.282919,-0.017908,260.538876,70.000000
0.087960,0.340835,0.032433,0.034266,338.310863,70.000000
0.418511,-0.087576,-0.184322,-0.010712,315.541222,70.000000
0.103773,0.110060,-0.030498,0.000084,350.496834,70.000000
-0.221073,0.430059,0.058290,0.024716,325.065873,70.000000
0.006053,-0.274864,0.021038,-0.000303,341.878544,70.000000
0.365073,-0.212677,-0.092314,0.003201,338.008706,70.000000
-0.458343,0.630703,-0.564023,0.267474,186.687277,70.000000
0.231382,0.831090,0.030418,-0.005221,296.510994,70.000000
0.121622,0.103888,0.044817,0.000013,355.912525,70.000000
0.045365,0.443179,0.032268,-0.001798,333.551069,70.000000
0.514132,-0.989325,-1.067573,-0.447033,135.466242,70.000000
0.407604,0.592669,-0.327977,-0.129567,213.714157,70.000000
0.980021,-0.791156,-0.335483,0.073212,134.128557,70.000000
-0.954061,-0.909310,0.737400,-0.941135,125.823706,70.000000
-0.775189,-0.597893,-0.632947,-0.555117,157.020806,70.000000
-0.785325,-0.963144,0.659854,-0.375300,126.223437,70.000000
0.436293,0.777940,0.601758,0.284821,172.205202,70.000000
0.830369,0.015090,0.455306,-0.005598,225.125863,70.000000
-0.385213,-0.271486,-0.111485,0.027031,308.104690,70.000000
-0.859392,0.202251,-0.237018,-0.092581,244.802147,70.000000
-0.765064,-0.438772,0.121377,0.083739,182.216574,70.000000
-0.449208,0.162796,-0.194495,0.003484,313.194522,70.000000
0.115042,-0.482710,0.005583,0.247105,227.333938,70.000000
-0.901098,-0.759437,0.108456,0.115122,137.196412,70.000000
0.150053,-0.053959,0.032810,-0.000004,362.540939,70.000000
-0.895212,0.165558,0.106760,0.000703,221.801416,70.000000
0.530671,0.994373,0.393252,-0.012320,131.829978,70.000000
0.426295,0.735758,0.439986,0.305707,179.401075,70.000000
-0.112509,-0.938461,0.473816,-0.687171,136.153226,70.000000
-0.707078,0.133677,0.099616,-0.033652,284.195402,70.000000
0.704467,-0.019072,-0.294529,0.003390,227.933355,70.000000
-0.540794,0.869923,-0.603510,-0.055782,147.062802,70.000000
0.798650,0.909426,0.811945,0.879298,130.629388,70.000000
0.714954,0.238684,-0.138322,-0.019649,249.010432,70.000000
-0.435569,-0.601659,-0.447985,-0.196299,205.805580,70.000000
-0.076500,0.256392,-0.037416,-0.000841,347.163940,70.000000
-0.822240,0.604986,0.476263,0.130604,153.393781,70.000000
-0.000601,-0.094255,-0.000023,-0.000002,310.877119,70.000000
-0.150702,-0.854434,0.643093,-0.156206,169.516559,70.000000
-0.473902,-0.863633,0.168632,0.077376,168.500344,70.000000
0.915454,0.030122,0.047306,-0.005389,208.586135,70.000000
0.259801,0.478162,0.039653,0.184573,259.923010,70.000000
0.470138,-0.391994,-0.038618,-0.001674,248.408776,70.000000
-0.251284,0.670718,0.048177,-0.010182,314.249506,70.000000
0.756144,0.519660,-0.576228,0.480595,168.865953,70.000000
-0.066859,0.303152,-0.033778,-0.000427,349.371395,70.000000
-0.928120,-0.920952,0.796520,-0.912436,125.819108,70.000000
-0.446896,-0.972706,-1.296653,0.758239,127.853214,70.000000
-0.275085,0.650459,0.012376,0.025799,306.670723,70.000000
0.270012,0.098794,-0.093128,-0.000798,361.187101,70.000000
0.435889,-0.016977,-0.091751,0.002111,324.829519,70.000000
0.670401,-0.570482,-0.431563,-0.187810,168.566315,70.000000
-0.098950,0.950855,-1.077999,-0.246385,158.846171,70.000000
-0.976635,-0.309903,-0.378240,-0.324104,179.507480,70.000000
-0.543167,0.987309,-0.653896,0.136102,131.333583,70.000000
-0.299007,0.591103,-0.005079,0.051811,284.179963,70.000000
0.665482,0.756073,0.659368,0.429664,148.510737,70.000000
-0.684035,-0.578675,-0.636273,-0.488792,165.015217,70.000000
0.204598,0.681590,0.043705,-0.057642,292.544488,70.000000
-0.522066,-0.369753,-0.181275,-0.018291,234.307220,70.000000
-0.434680,0.331461,-0.186498,0.031421,286.650533,70.000000
0.863242,0.502617,0.607176,0.466883,165.000751,70.000000
-0.520724,0.197865,-0.199673,-0.011874,286.674168,70.000000
-0.487209,-0.520198,-0.172739,0.045588,205.467737,70.000000
-0.969952,0.011315,-0.394778,-0.022789,217.540018,70.000000
0.175584,-0.957675,-0.783354,-0.161201,151.632082,70.000000
0.363011,-0.879298,-0.078945,0.070833,186.850659,70.000000
-0.355563,0.057832,0.043770,-0.000344,338.613157,70.000000
-0.016569,-0.467407,0.043035,-0.081072,278.028147,70.000000
0.288313,-0.330028,0.085958,-0.041120,312.223585,70.000000
-0.778874,-0.531803,-0.577624,-0.523441,165.007642,70.000000
-0.019494,0.364508,0.019953,0.012468,327.093868,70.000000
0.286518,-0.493184,0.000088,0.026215,249.430764,70.000000
-0.938965,0.821033,-0.664418,0.520374,130.846692,70.000000
-0.891233,-0.944702,0.860435,-0.935890,125.808834,70.000000
0.386124,-0.419948,-0.056833,0.020533,281.105261,70.000000
-0.070093,-0.057510,0.002367,-0.000005,326.363800,70.000000
-0.569290,-0.058436,-0.289225,-0.163248,243.680945,70.000000
-0.127314,0.235590,0.044183,0.005726,350.106189,70.000000
-0.436095,0.555640,0.163972,0.029066,208.452786,70.000000
0.638188,0.027057,-0.227152,-0.004747,268.281417,70.000000
0.739705,0.214123,-0.346428,-0.155102,220.165800,70.000000
0.773135,0.075668,0.151024,0.002060,266.302753,70.000000
-0.239703,-0.691533,-0.275543,0.523052,147.893196,70.000000
-0.589309,-0.520906,0.555317,-0.344224,183.602068,70.000000
-0.866691,-0.475837,0.605884,-0.422122,168.827116,70.000000
0.615001,0.315191,0.348415,0.036538,228.931110,70.000000
-0.590304,0.764912,0.616740,0.277336,152.635865,70.000000
-0.123956,0.663556,0.019755,0.096053,273.664745,70.000000
0.385662,-0.183440,-0.134492,0.020260,327.270178,70.000000
0.916354,-0.846546,0.871518,-0.799232,130.634281,70.000000
0.093946,0.956138,-0.061114,-0.123473,232.141414,70.000000
-0.195539,-0.424178,0.060817,0.016193,330.531745,70.000000
0.846172,-0.382872,-0.452193,-0.120930,201.867185,70.000000
-0.935027,-0.994743,-0.745204,-0.726398,120.987736,70.000000
-0.641230,0.843602,-0.604617,0.678292,139.935433,70.000000
0.414943,-0.048600,-0.146233,0.003559,331.373408,70.000000
-0.821685,-0.061458,-0.262605,0.044115,227.531965,70.000000
-0.928292,0.189677,-0.104316,0.080286,250.778407,70.000000
-0.093673,-0.367976,0.080474,0.123472,284.768949,70.000000
-0.565389,-0.489317,-0.273154,-0.057609,193.371516,70.000000
0.041767,-0.020798,0.002054,0.000000,309.430902,70.000000
0.444256,0.618731,-0.416024,0.244529,196.367573,70.000000
-0.991694,0.598542,0.312457,-0.033443,151.931717,70.000000
-0.312855,-0.159484,-0.090600,0.005429,343.394755,70.000000
-0.446688,0.509825,0.326256,-0.005752,229.724383,70.000000
0.620656,-0.626902,0.647488,-0.421037,164.987180,70.000000
-0.346185,-0.332505,-0.037398,-0.010497,286.686368,70.000000
-0.419134,-0.385921,-0.310499,-0.048594,248.213776,70.000000
-0.181075,0.668408,-0.014912,-0.067532,292.242200,70.000000
-0.062271,-0.595716,-0.417871,0.492836,163.486013,70.000000
-0.195891,-0.335982,-0.040516,-0.004975,342.693429,70.000000
-0.852857,0.024901,0.464903,0.004699,198.083346,70.000000
0.514822,0.617133,0.404152,0.072785,179.502693,70.000000
0.158193,0.751852,0.076964,-0.092267,243.460280,70.000000
0.373762,-0.174677,0.135352,0.011248,329.302650,70.000000
0.205508,-0.025732,0.063873,-0.000314,369.206298,70.000000
-0.473261,-0.103816,-0.009679,0.006602,309.995148,70.000000
-0.828802,0.316761,0.049052,-0.005128,218.584305,70.000000
-0.200428,-0.599568,-0.107883,-0.080448,273.540139,70.000000
-0.937151,-0.700909,-0.696606,-0.458736,140.028591,70.000000
-0.176698,0.238205,0.011039,-0.005080,355.871173,70.000000
-0.495430,-0.688173,0.638874,-0.410934,168.753343,70.000000
-0.127878,0.756433,0.715023,-0.230951,152.673035,70.000000
-0.637414,0.990293,-0.622480,0.836223,130.706434,70.000000
-0.145895,-0.061087,-0.025668,-0.000148,360.866814,70.000000
-0.685511,0.621768,0.612059,0.428943,160.998367,70.000000
0.047629,0.496254,0.008846,-0.002497,308.922342,70.000000
0.549205,0.495249,0.459638,0.168877,193.961017,70.000000
-0.349663,-0.790741,-0.071022,0.084557,222.214375,70.000000
0.015336,-0.245893,-0.024169,0.000996,339.575480,70.000000
-0.724563,0.261885,0.293756,-0.047628,230.529411,70.000000
-0.494875,0.630199,0.340175,0.015768,182.815824,70.000000
-0.238879,-0.833960,0.198574,0.304202,188.694611,70.000000
-0.361640,-0.091689,-0.150638,-0.007180,344.896681,70.000000
0.981796,-0.953326,0.225862,0.103288,122.598692,70.000000
-0.556748,0.735820,-0.734370,0.491575,156.974054,70.000000
0.927866,0.642793,0.501275,0.384207,148.779812,70.000000
-0.580388,-0.586986,-0.544185,-0.262764,172.787232,70.000000
0.518871,0.663485,-0.396927,0.194458,169.138465,70.000000
-0.805872,-0.285534,-0.305104,-0.007658,217.330926,70.000000
-0.971529,-0.494531,0.339910,-0.126627,160.466095,70.000000
0.413119,-0.704144,-0.410302,-0.291195,182.990876,70.000000
-0.550179,-0.861862,0.409460,0.044492,145.282194,70.000000
0.685569,0.362492,0.432854,0.208176,206.414210,70.000000
0.407684,-0.059725,-0.118314,0.000374,336.102957,70.000000
0.208686,-0.621938,-0.003896,-0.303434,215.189299,70.000000
-0.905146,-0.784235,0.871167,-0.745954,135.317941,70.000000
-0.630813,-0.079516,-0.133214,0.008505,308.947152,70.000000
-0.427457,-0.273616,-0.205046,0.006352,287.456308,70.000000
-0.663341,-0.766342,-0.222543,0.097043,147.256324,70.000000
0.096643,0.276106,-0.001808,-0.001680,341.057402,70.000000
0.517355,-0.819471,-0.495409,-0.384110,153.032768,70.000000
-0.842502,0.072397,-0.311906,-0.000066,207.054400,70.000000
0.770223,-0.864700,-0.716136,-0.732512,135.274789,70.000000
0.981986,0.237766,-0.047352,0.010370,286.125730,70.000000
0.134838,0.227471,0.010795,0.002988,352.318364,70.000000
-0.901944,-0.974894,0.636149,-0.438149,125.448078,70.000000
0.962408,-0.803350,0.352888,-0.122782,131.584636,70.000000
0.103068,0.262815,0.035279,-0.001559,351.860241,70.000000
-0.863252,-0.682467,0.779285,-0.549516,144.364910,70.000000
-0.217648,-0.008169,-0.002398,-0.000112,368.363200,70.000000
0.707177,-0.470918,0.552956,-0.338006,179.993352,70.000000
-0.712149,0.903404,0.477838,0.300642,134.831918,70.000000
-0.486778,0.726268,-0.662382,0.376853,164.888111,70.000000
0.394241,0.001557,-0.136850,-0.000104,282.219752,70.000000
0.167333,0.358514,-0.007367,0.002136,341.562559,70.000000
-0.450531,-0.080966,-0.156450,0.006145,334.488817,70.000000
-0.798755,-0.682818,-0.658470,-0.575977,148.609900,70.000000
-0.125445,-0.359851,0.057860,0.028918,328.242033,70.000000
-0.015124,-0.192201,0.001854,0.000002,340.972299,70.000000
-0.323448,-0.190069,0.088484,0.008599,349.465156,70.000000
-0.491684,0.263823,0.305841,0.000517,268.117168,70.000000
0.067924,-0.408487,-0.060551,-0.031031,337.289624,70.000000
0.556123,0.754728,0.333145,-0.057365,156.051433,70.000000
0.710233,0.884825,-0.703542,0.829646,135.317628,70.000000
-0.741662,0.888641,0.542636,0.402589,134.982586,70.000000
-0.607211,0.602702,0.671570,0.448340,168.884559,70.000000
-0.386422,-0.589930,0.273110,0.025506,236.196882,70.000000
-0.951155,-0.066176,0.493428,-0.039685,197.965868,70.000000
-0.222358,0.832285,-1.275330,0.122913,119.920609,70.000000
0.221288,-0.811678,-0.102865,0.202250,221.479769,70.000000
0.122615,0.794685,-0.499381,-0.259939,187.802227,70.000000
0.267719,-0.444916,0.087406,-0.023286,302.368286,70.000000
0.296876,-0.399200,-0.010961,0.041382,282.010152,70.000000
0.650898,-0.365186,-0.267647,-0.020084,209.165747,70.000000
0.314344,-0.821398,0.590673,0.364066,132.309708,70.000000
0.764766,-0.572780,-0.619700,-0.569598,161.052060,70.000000
-0.721127,0.013979,-0.077394,0.001363,282.335228,70.000000
0.942181,-0.755629,-0.738910,-0.553414,135.433341,70.000000
0.137807,0.115801,0.002988,-0.000195,358.533313,70.000000
0.259418,0.034853,0.254274,0.001869,337.012248,70.000000
-0.223160,-0.652862,-0.115371,0.089345,275.378474,70.000000
-0.649194,0.993967,-0.518922,0.652874,130.597404,70.000000
-0.400694,-0.466066,-0.218888,-0.036364,240.918533,70.000000
0.831308,-0.200438,0.275432,0.173815,240.564201,70.000000
-0.764876,0.721688,0.523261,0.296224,144.644392,70.000000
-0.596524,0.215216,-0.162934,-0.001676,244.923833,70.000000
-0.871384,0.648637,-0.752852,0.577764,148.666122,70.000000
-0.364557,0.891572,-0.775317,0.229457,118.102851,70.000000
0.657749,0.779238,-0.504471,0.423486,144.530401,70.000000
0.659412,0.741494,0.679258,0.626027,148.639090,70.000000
0.288873,-0.917629,0.104280,0.080362,239.731322,70.000000
-0.594888,-0.279855,-0.033138,0.009650,243.064744,70.000000
0.478964,-0.051884,0.181590,-0.016553,313.544384,70.000000
-0.010126,-0.191404,0.019282,0.000100,336.581053,70.000000
-0.929494,0.002106,-0.516179,0.000973,175.795468,70.000000
-0.610543,0.595795,0.653828,0.422467,168.890698,70.000000
-0.475176,-0.284516,-0.154132,-0.008457,272.872514,70.000000
0.147777,-0.315200,-0.046132,0.012017,330.148940,70.000000
0.427625,-0.909376,-0.236146,-0.063972,159.791932,70.000000
0.111729,-0.165198,-0.029911,0.000110,348.482331,70.000000
-0.485459,0.897793,-0.586249,-0.000699,140.001328,70.000000
-0.785746,-0.035458,-0.458906,-0.020055,213.451603,70.000000
0.050962,0.517327,0.076331,-0.082909,291.071886,70.000000
0.721356,-0.164532,0.119613,0.037941,289.378010,70.000000
0.708143,-0.233017,0.175543,0.067059,238.168086,70.000000
-0.318519,0.646524,-0.153829,0.652179,142.805820,70.000000
0.130133,-0.858100,-0.238766,-0.319845,167.521022,70.000000
-0.092660,0.665851,-0.013219,-0.179363,258.656416,70.000000
0.958220,0.803859,0.279166,0.025163,131.888498,70.000000
0.459794,-0.242657,-0.208598,-0.022511,289.491667,70.000000
-0.331313,-0.373595,0.010792,-0.004195,317.060222,70.000000
0.983169,0.129767,0.395903,0.023941,216.715100,70.000000
0.995601,-0.926898,-0.626135,-0.579495,125.580966,70.000000
-0.373039,0.332816,0.170340,0.070313,291.723779,70.000000
-0.356232,0.804077,0.163482,0.122984,175.164393,70.000000
0.114802,-0.517140,-0.020758,-0.054579,215.322712,70.000000
0.421416,0.741814,-0.363486,0.073942,188.745909,70.000000
-0.323752,0.697293,-0.424443,-0.017677,196.104748,70.000000
-0.604091,-0.957744,-0.381717,0.051195,131.865309,70.000000
-0.799956,-0.868465,0.362771,-0.056836,134.307742,70.000000
-0.284020,0.482829,-0.089983,0.025778,311.462287,70.000000
0.903021,-0.926659,-0.787217,-0.827048,125.845057,70.000000
-0.353478,-0.911496,0.051060,0.052012,174.050576,70.000000
0.492405,-0.157369,-0.174204,0.014026,297.871712,70.000000
-0.894201,-0.830716,-0.253139,0.040490,132.035101,70.000000
0.159947,0.229480,-0.015985,0.000680,354.593621,70.000000
0.875914,-0.508895,-0.408083,-0.022003,161.700012,70.000000
0.994891,-0.864381,-0.303533,-0.168503,126.865732,70.000000
0.354084,-0.909075,-0.739971,-0.305561,160.896101,70.000000
-0.815954,0.264524,-0.312474,0.144992,225.845286,70.000000
-0.142512,0.800194,-0.480830,0.161058,121.663468,70.000000
0.857424,0.726956,0.529917,0.231079,140.328279,70.000000
-0.051002,0.813518,-0.467987,0.568328,131.169562,70.000000
0.797757,-0.090516,-0.136849,0.026237,303.792729,70.000000
0.705577,0.634218,0.670788,0.546284,157.008678,70.000000
-0.691912,-0.961210,-0.675370,-0.895019,130.671864,70.000000
0.936575,-0.984599,0.605456,-0.435215,121.271953,70.000000
-0.149943,-0.093476,-0.005089,0.000043,362.173101,70.000000
0.941968,-0.340952,-0.565652,0.274940,150.422545,70.000000
-0.375244,-0.727140,-0.515481,-0.068056,185.971959,70.000000
0.964783,-0.898743,-0.645647,-0.897545,125.855026,70.000000
0.821909,-0.167907,0.116526,-0.103231,232.343916,70.000000
-0.006909,-0.123918,-0.001624,0.000003,314.914295,70.000000
-0.693868,0.164219,-0.221215,0.042908,283.591375,70.000000
0.035933,-0.073215,0.006964,-0.000002,313.842339,70.000000
-0.525286,-0.481019,0.459058,-0.158689,203.352393,70.000000
-0.492693,-0.686825,-0.600231,-0.364277,172.415858,70.000000
0.527927,0.871701,0.032069,0.083158,161.766062,70.000000
0.671698,-0.773214,-0.546654,-0.478731,144.460153,70.000000
0.584034,-0.132667,0.176066,-0.005143,295.552404,70.000000
0.257685,0.919617,-0.413747,-0.164374,200.571969,70.000000
0.000430,-0.769804,-0.002215,0.009430,300.279684,70.000000
-0.102869,-0.913223,0.392838,-0.220033,161.502235,70.000000
-0.541876,0.693102,-0.347468,0.012704,164.261891,70.000000
0.970310,-0.007426,-0.325604,-0.002638,209.859118,70.000000
-0.802939,-0.997878,0.833339,-0.874960,125.827954,70.000000
0.664593,-0.193263,-0.061452,0.036573,253.111778,70.000000
-0.170074,-0.439128,0.217886,-0.112587,220.321383,70.000000
-0.419992,-0.805005,-0.154510,0.045665,186.445569,70.000000
0.281108,0.579745,-0.106699,-0.154717,231.918940,70.000000
-0.223123,-0.036441,0.039688,-0.000477,368.424086,70.000000
-0.469924,-0.019647,-0.186515,-0.000920,312.360728,70.000000
-0.199004,-0.652913,-0.054409,-0.032506,299.677280,70.000000
0.494742,-0.872376,-0.697463,-0.279099,160.555779,70.000000
-0.022046,-0.534796,0.015427,0.128941,261.224779,70.000000
-0.314654,-0.394157,-0.004013,-0.034778,270.554223,70.000000
-0.599087,-0.858773,-0.546590,-0.436235,140.155155,70.000000
0.604012,-0.363128,-0.437806,-0.164596,215.543904,70.000000
0.904376,-0.152973,0.268964,0.138537,219.320983,70.000000
0.983955,-0.675021,-0.315719,-0.286212,152.160578,70.000000
0.917184,-0.887309,0.512990,-0.135241,129.884487,70.000000
0.997483,0.698490,1.009797,0.288435,140.362227,70.000000
-0.481838,-0.255254,-0.257182,-0.010738,280.520361,70.000000
-0.045746,-0.852678,0.164411,-0.089961,168.561351,70.000000
-0.964185,0.943450,0.670048,0.525825,125.544279,70.000000
0.563056,-0.714954,0.455192,-0.279927,157.275452,70.000000
-0.233174,-0.961829,0.215775,0.347057,176.980000,70.000000
0.547805,0.966193,-0.730534,0.709436,135.407223,70.000000
0.811743,0.969508,-0.852942,0.837483,125.851110,70.000000
0.514424,-0.078639,-0.171043,0.026641,294.239797,70.000000
0.318925,0.174501,-0.129868,-0.000031,350.264461,70.000000
0.839897,0.143028,0.218572,0.030811,280.006716,70.000000
-0.136763,-0.576688,-0.055709,0.028089,293.700784,70.000000
-0.393131,0.649135,-0.258902,-0.138279,208.943624,70.000000
0.011004,0.949385,0.234619,1.458359,103.307062,70.000000
0.316613,-0.691781,0.011641,0.098316,199.975661,70.000000
-0.760592,0.731845,0.685014,0.587769,144.341986,70.000000
0.119896,-0.905849,-0.295941,0.188272,177.128688,70.000000
-0.601661,-0.114020,0.041189,-0.010004,293.282441,70.000000
-0.335765,0.805845,-0.060105,0.083128,194.438106,70.000000
-0.163746,-0.086737,-0.066015,-0.000406,365.724229,70.000000
0.215405,0.317408,-0.079126,0.011835,332.238493,70.000000
0.668113,0.979129,0.585557,0.803070,130.666448,70.000000
0.218624,0.406494,0.067723,0.005741,336.752746,70.000000
-0.051966,0.611932,-0.431559,0.414575,144.586050,70.000000
0.739464,0.175060,0.214058,0.065838,235.730696,70.000000
0.225279,0.258569,0.079564,-0.023542,346.366961,70.000000
-0.234387,0.661515,-0.091107,-0.048622,291.147653,70.000000
0.077974,0.505380,-0.038318,0.002717,313.917641,70.000000
-0.085231,-0.482146,-0.011125,-0.001952,320.567973,70.000000
0.566492,-0.970969,0.207091,0.156975,132.398761,70.000000
0.930734,0.845229,0.925102,0.807260,130.633570,70.000000
-0.237046,-0.030904,0.094371,0.000610,367.043748,70.000000
0.591085,0.357827,0.170901,-0.002107,219.055655,70.000000
0.005621,0.470749,0.011893,-0.000602,321.554655,70.000000
-0.115361,-0.875504,-0.774643,-0.665680,121.107396,70.000000
-0.604025,0.154070,-0.210040,0.038175,294.176789,70.000000
-0.541773,0.423606,-0.472620,0.159692,212.596925,70.000000
-0.446279,-0.603424,0.113665,0.057508,201.423610,70.000000
0.245031,0.231521,0.029036,0.004364,352.120710,70.000000
-0.831800,-0.064083,0.182221,0.058602,260.863614,70.000000
0.965202,0.147760,-0.365109,0.043079,222.455944,70.000000
-0.604385,0.106353,0.080187,-0.029511,292.734002,70.000000
-0.526031,0.989355,0.529941,0.286930,135.028924,70.000000
0.085379,0.972607,-0.156687,-0.172209,202.567850,70.000000
0.599224,-0.837034,-0.582516,-0.560582,144.240772,70.000000
-0.037654,-0.851543,0.043791,0.002173,289.485349,70.000000
0.115564,0.286408,0.035244,0.038749,333.499437,70.000000
-0.334071,-0.731341,0.598083,-0.170493,175.842765,70.000000
0.359568,-0.740663,0.165418,-0.079083,225.621036,70.000000
-0.323218,-0.317848,0.076461,-0.012799,342.350628,70.000000
-0.066396,0.086664,0.003569,-0.000002,328.665420,70.000000
0.559095,0.706498,-0.493298,0.138898,160.650906,70.000000
0.116906,0.831314,-0.099226,-0.179662,144.858987,70.000000
-0.109261,-0.349645,-0.038630,-0.010290,271.888522,70.000000
-0.476309,0.677513,-0.546714,0.312829,179.591516,70.000000
0.953531,0.003137,-0.731005,0.001622,164.487606,70.000000
0.718416,0.409395,-0.341127,0.153703,190.696282,70.000000
0.694700,-0.170014,-0.257776,0.046930,243.300553,70.000000
0.578441,-0.139853,0.206020,-0.059060,277.062232,70.000000
-0.512224,-0.946040,0.352844,0.587664,149.777713,70.000000
-0.089581,0.412365,0.035739,0.000913,330.364374,70.000000
0.610470,0.162833,-0.329616,0.007967,251.650709,70.000000
0.740448,0.701941,0.725789,0.657171,148.631445,70.000000
-0.479802,-0.027395,0.215859,-0.010612,310.555304,70.000000
-0.420005,0.974620,-0.073918,0.010476,136.424684,70.000000
0.440069,0.245083,0.008042,-0.006971,301.073464,70.000000
-0.893538,0.303688,-0.292156,-0.119735,204.803116,70.000000
0.077307,-0.701950,-0.215058,-0.106385,188.475914,70.000000
0.328299,-0.281108,-0.038059,0.048188,299.678583,70.000000
-0.587822,0.476126,0.476422,0.221650,190.634744,70.000000
0.251749,-0.857012,0.037354,-0.121153,225.875328,70.000000
0.203858,0.233123,-0.073263,-0.002424,353.884479,70.000000
0.102869,0.916870,0.031710,0.090434,235.556529,70.000000
-0.161515,-0.581022,0.171872,-0.300349,216.199061,70.000000
0.760652,0.276958,0.357330,0.030734,227.294279,70.000000
0.837920,0.920669,0.544678,0.321923,130.150750,70.000000
-0.313634,0.745388,-0.132240,0.015774,254.070048,70.000000
-0.263036,-0.848904,0.115579,0.139577,188.498274,70.000000
0.468021,0.034856,-0.224170,-0.005182,306.468337,70.000000
-0.170504,0.333377,-0.044672,0.002023,339.988476,70.000000
-0.936586,0.792054,0.793435,0.547860,135.240133,70.000000
0.057279,0.691340,-0.108789,0.160570,259.365200,70.000000
-0.652514,-0.798623,0.689467,-0.723661,144.306663,70.000000
-0.458658,-0.664509,0.386089,-0.216511,182.921555,70.000000
-0.394547,0.848567,0.313076,0.279309,173.755128,70.000000
-0.136535,-0.750204,-0.082322,0.262287,171.153102,70.000000
-0.674676,0.714473,0.315974,-0.010677,151.896925,70.000000
0.150805,0.572635,-0.122860,-0.126891,207.291214,70.000000
0.279911,0.456068,0.103629,-0.121403,290.107952,70.000000
-0.865491,-0.310820,-0.366225,0.039980,221.901468,70.000000
0.039965,-0.303118,0.034136,0.001140,338.793136,70.000000
-0.510197,-0.875068,-0.720694,-0.453248,148.683328,70.000000
0.729659,-0.624626,0.675339,-0.587128,157.004482,70.000000
-0.085821,-0.387575,-0.037670,-0.035897,325.550304,70.000000
0.028004,0.664206,-0.215298,-0.149803,187.164081,70.000000
-0.691435,-0.943267,-0.740886,-0.789853,130.692673,70.000000
0.506696,0.044673,-0.244521,-0.013136,286.705170,70.000000
0.819910,0.220373,0.295416,-0.123457,216.769236,70.000000
-0.188741,-0.166622,-0.073762,0.000321,363.257077,70.000000
-0.407836,-0.503881,0.342426,-0.109802,229.755822,70.000000
-0.726570,0.542599,0.264329,-0.011407,167.975380,70.000000
-0.532067,-0.452052,0.408168,-0.116138,209.460795,70.000000
0.359740,0.145029,0.090728,-0.002983,340.864356,70.000000
-0.499200,-0.057080,0.005497,0.006617,317.977248,70.000000
0.658346,0.825839,0.456995,0.300454,140.314860,70.000000
-0.123477,0.715121,0.029879,-0.020551,252.319544,70.000000
-0.957879,0.926295,0.795434,0.924495,125.801677,70.000000
0.247173,0.235355,-0.085571,-0.007118,350.030738,70.000000
-0.388098,-0.765861,0.598365,-0.236977,168.750256,70.000000
0.174692,0.056441,-0.030261,0.000242,366.005507,70.000000
0.595501,0.583395,0.651912,0.421734,172.678325,70.000000
-0.876269,0.548239,-0.436967,0.055791,157.625541,70.000000
0.247206,0.783733,0.003191,-0.053982,251.815277,70.000000
0.201641,0.987855,0.307006,0.838168,142.902572,70.000000
0.872136,-0.008769,-0.413346,-0.008372,209.360774,70.000000
0.627769,0.905564,-0.677636,0.719929,135.402832,70.000000
-0.183287,-0.511197,-0.020069,-0.038926,300.364528,70.000000
0.309038,0.007299,-0.099698,0.000763,315.866207,70.000000
0.668000,-0.932274,0.319821,0.055294,131.959064,70.000000
-0.729223,-0.058924,-0.057084,0.000109,241.525770,70.000000
-0.339085,-0.999392,-0.103204,-0.074432,185.622511,70.000000
-0.786776,0.656620,0.030777,-0.129091,150.858728,70.000000
-0.189063,0.414557,-0.014024,0.000681,311.379953,70.000000
-0.541591,-0.516862,0.382812,-0.093246,190.779398,70.000000
-0.904911,-0.837240,-0.676985,-0.540286,130.807122,70.000000
0.506503,0.796573,0.491329,0.190469,156.604357,70.000000
0.007074,0.899556,-0.313267,-0.037904,166.522458,70.000000
0.833508,0.774508,0.715760,0.595758,139.800758,70.000000
-0.849346,-0.960502,0.865705,-0.917064,125.816806,70.000000
0.838636,0.948249,-0.754050,0.657621,125.941031,70.000000
-0.777740,0.515748,0.462085,0.280730,168.674975,70.000000
0.177004,0.907085,0.102404,0.032752,273.638405,70.000000
-0.616511,0.295144,-0.139183,0.032839,234.656109,70.000000
0.484108,0.408459,0.344837,-0.078128,238.403970,70.000000
0.975281,-0.448255,0.571781,-0.230334,164.976187,70.000000
0.176706,-0.102824,-0.050213,-0.000644,364.846694,70.000000
-0.163911,-0.850963,0.981216,-0.522876,138.073523,70.000000
-0.142140,-0.948760,0.754508,0.643317,128.545737,70.000000
0.193419,0.787478,0.236751,0.078872,214.304742,70.000000
-0.852232,0.530315,0.614302,0.440062,161.100334,70.000000
-0.996775,-0.802831,-0.510442,-0.544930,130.935358,70.000000
0.816775,-0.457697,0.369345,-0.100042,173.096795,70.000000
-0.520838,0.284114,0.022615,-0.006990,263.342855,70.000000
-0.896392,0.332787,-0.172521,-0.045370,223.569665,70.000000
-0.852111,0.569820,-0.653294,0.565885,157.030745,70.000000
0.961588,-0.589499,-0.406905,-0.280005,160.417763,70.000000
0.289254,-0.512231,-0.026861,0.009954,328.002996,70.000000
0.929364,-0.171168,-0.590775,0.001038,196.997798,70.000000
-0.824365,0.900369,-0.822298,0.871800,130.624667,70.000000
0.508414,0.910201,0.780103,0.214988,148.409962,70.000000
-0.248349,-0.006094,-0.084762,-0.000028,366.047524,70.000000
-0.426175,-0.730908,0.477649,0.051342,182.198937,70.000000
-0.378454,-0.668574,0.278983,0.038123,209.065148,70.000000
-0.723227,0.718462,-0.718077,0.617893,148.622151,70.000000
-0.805542,-0.749771,-0.377891,-0.069043,140.718580,70.000000
0.599856,-0.226826,-0.266535,-0.025446,251.588705,70.000000
-0.258268,-0.716243,0.069863,0.384743,173.011056,70.000000
0.099413,0.830168,0.002188,-0.404077,144.304333,70.000000
0.634834,-0.345139,-0.174122,0.005434,216.114442,70.000000
-0.743774,-0.603270,-0.383142,-0.115332,157.597028,70.000000
0.835809,-0.551395,-0.481764,-0.407938,160.936984,70.000000
0.709217,-0.193612,0.223716,-0.017377,254.455140,70.000000
-0.030663,0.645128,0.125308,-0.107840,242.629908,70.000000
0.669010,0.051307,0.267331,-0.021362,257.531343,70.000000
0.321785,0.248084,-0.126853,-0.016648,329.771792,70.000000
-0.454905,0.413085,0.293399,-0.048252,249.408401,70.000000
0.719679,-0.362142,-0.426746,-0.154215,203.276825,70.000000
-0.525682,0.862857,-0.736503,0.236924,148.846042,70.000000
0.038474,0.632386,-0.136611,0.059960,275.375196,70.000000
0.515630,0.188230,-0.000342,-0.002904,287.161120,70.000000
-0.423335,-0.996145,0.670165,-1.190879,112.887350,70.000000
-0.207179,-0.064125,-0.077015,-0.000707,368.336726,70.000000
0.251703,0.373766,-0.018977,0.057492,311.451636,70.000000
-0.119188,0.808426,-0.839308,-0.691344,111.524271,70.000000
-0.783997,-0.643826,0.642273,-0.579996,152.860285,70.000000
-0.784102,-0.408171,0.280152,-0.101550,189.807657,70.000000
-0.136910,0.950414,-0.151554,0.184551,184.261111,70.000000
-0.388050,0.035481,-0.099339,0.000610,335.784530,70.000000
0.328820,0.485380,0.160083,0.043299,220.204266,70.000000
-0.217491,0.620834,-0.022667,-0.062375,277.094963,70.000000
0.354819,-0.553507,0.074704,-0.000002,279.590960,70.000000
-0.794434,-0.057273,0.076592,0.034629,254.712318,70.000000
-0.592743,-0.234431,-0.205762,-0.013237,260.753710,70.000000
-0.085528,0.533020,-0.046658,-0.037459,303.914764,70.000000
0.466165,0.842376,0.361957,-0.050543,157.648744,70.000000
-0.180492,0.474238,-0.082312,-0.003197,286.127144,70.000000
0.526324,-0.064221,0.129481,0.000191,291.493655,70.000000
0.644699,-0.543349,0.576907,-0.371955,172.723824,70.000000
-0.071205,-0.740462,0.212101,-0.078810,197.897993,70.000000
-0.946390,0.028527,-0.354572,-0.045499,215.996965,70.000000
-0.549239,0.941785,0.906594,0.421222,135.581191,70.000000
0.573487,0.588705,0.307078,0.034892,173.333657,70.000000
0.363374,-0.767028,0.514941,-0.148686,192.747112,70.000000
0.552373,-0.275219,-0.294597,0.041496,258.309673,70.000000
0.398062,0.220736,0.119480,0.004924,325.467728,70.000000
-0.090512,0.762522,-0.553242,0.061602,158.142308,70.000000
-0.296835,-0.907587,-0.044258,0.202988,183.842958,70.000000
0.177149,-0.649006,-0.134487,0.055338,242.927950,70.000000
0.162441,0.146684,-0.021763,0.001983,364.835584,70.000000
-0.673796,-0.497383,0.355912,-0.128085,176.825904,70.000000
0.484559,-0.014128,-0.258083,0.009064,295.283581,70.000000
0.546384,-0.931359,-0.027340,0.143874,137.565367,70.000000
0.647933,-0.191234,0.214357,-0.051837,264.046729,70.000000
-0.069300,-0.723991,-0.447343,0.306889,180.863500,70.000000
-0.111915,-0.961593,-0.730527,0.530545,112.662231,70.000000
0.508340,-0.336117,-0.372848,0.064006,246.519671,70.000000
0.885040,0.868767,0.863663,0.853984,130.620596,70.000000
-0.625084,0.217603,0.006370,-0.005106,251.966688,70.000000
-0.753040,-0.335528,0.445475,-0.090479,209.090109,70.000000
0.786070,-0.516982,-0.209197,0.043745,167.757808,70.000000
-0.910449,0.078397,0.066191,0.000728,218.886149,70.000000
-0.379731,-0.134333,-0.168091,-0.010401,328.753566,70.000000
0.271419,-0.267778,0.018478,-0.009696,339.417491,70.000000
-0.537575,0.975351,0.803582,0.604556,135.414741,70.000000
0.729473,0.246141,0.133707,-0.025909,229.024466,70.000000
0.897270,0.425241,0.391036,0.121285,179.302718,70.000000
-0.971543,-0.725863,-0.549599,-0.150925,139.374833,70.000000
0.419177,-0.886258,-0.524327,-0.566014,152.875539,70.000000
0.669221,-0.395865,-0.081543,0.054482,198.366706,70.000000
0.689940,-0.182274,-0.250312,-0.017414,273.049834,70.000000
0.524383,-0.702888,0.007177,0.100780,163.027325,70.000000
0.556067,-0.176344,-0.030877,-0.017747,284.420848,70.000000
0.185729,-0.457935,-0.006190,-0.002533,312.756948,70.000000
-0.513256,-0.298525,0.152218,0.009452,255.585992,70.000000
0.694228,-0.107111,0.354604,-0.005548,243.329539,70.000000
-0.206329,0.233853,-0.086083,0.004443,351.253224,70.000000
0.373786,0.225673,0.106340,0.009899,337.793154,70.000000
0.889523,0.208920,0.117863,0.074665,234.203459,70.000000
-0.684413,-0.928553,-0.492606,-0.157204,131.368591,70.000000
-0.190585,0.837059,0.118865,-0.093691,233.479420,70.000000
0.445298,0.128776,-0.185505,-0.008457,312.146461,70.000000
0.343248,0.964363,-0.672439,0.197177,159.863060,70.000000
0.048399,-0.560480,-0.007662,0.036899,288.764625,70.000000
0.006312,0.088306,0.001644,-0.000001,310.219096,70.000000
0.155812,0.732026,0.250741,0.063085,204.188155,70.000000
-0.844396,0.234492,0.202474,0.130938,248.758668,70.000000
-0.898077,0.016451,0.115484,0.003229,251.233862,70.000000
0.485817,-0.867044,0.585038,0.203688,156.232066,70.000000
-0.403920,-0.682628,-0.584851,-0.211052,179.707171,70.000000
-0.936106,0.867271,-0.836075,0.510861,130.478188,70.000000
0.220934,-0.759641,-0.976634,0.522131,112.085064,70.000000
0.719004,0.305870,0.432907,0.063146,223.129998,70.000000
0.753959,-0.217677,-0.245344,0.049962,262.320100,70.000000
-0.495141,0.162923,-0.197789,0.000749,293.527445,70.000000
0.254725,-0.840658,0.051631,0.146413,229.990261,70.000000
-0.939642,-0.565269,-0.519771,-0.300719,156.825393,70.000000
-0.483842,0.073828,-0.147025,0.006316,319.601656,70.000000
0.820593,-0.294039,0.452863,-0.042922,211.902442,70.000000
0.092249,0.423966,0.003971,-0.008325,313.832409,70.000000
-0.406732,0.055383,0.040097,0.000776,328.382687,70.000000
0.827326,0.869125,0.569614,0.349509,131.029522,70.000000
-0.616827,0.988333,-0.721437,0.896976,130.722319,70.000000
0.919178,0.618849,-0.635539,0.125252,152.560941,70.000000
0.997628,-0.863393,-0.327790,-0.146835,126.899884,70.000000
0.959151,0.448349,0.555866,0.179698,165.143534,70.000000
-0.604748,-0.006276,-0.275467,-0.013018,290.230681,70.000000
0.515295,0.564561,0.586064,0.268172,186.966033,70.000000
0.572843,-0.222829,-0.176283,-0.000480,269.931142,70.000000
0.905926,-0.093636,0.021660,-0.030449,243.233105,70.000000
0.252530,0.276606,0.040627,0.005610,346.671638,70.000000
0.923047,-0.341174,-0.412240,0.083691,168.252759,70.000000
-0.103147,0.404385,0.042199,-0.000224,338.007129,70.000000
0.504083,0.118518,0.079571,0.012679,301.507966,70.000000
-0.065218,-0.121294,-0.016097,0.000018,332.693390,70.000000
-0.580772,0.960955,0.296991,0.129154,134.458714,70.000000
0.766326,-0.364132,-0.529993,-0.198584,196.855391,70.000000
0.025371,0.403943,-0.000895,0.000270,320.652588,70.000000
-0.924738,-0.076138,0.468268,-0.032826,204.425708,70.000000
0.340533,-0.661116,0.181262,0.082364,270.795477,70.000000
0.626407,0.025455,-0.204965,-0.025467,300.025188,70.000000
-0.171564,0.531157,-0.004371,-0.089163,259.592628,70.000000
-0.840235,0.168345,-0.340576,0.128089,209.209436,70.000000
-0.630700,-0.174171,-0.004381,-0.019933,262.614947,70.000000
0.710142,-0.646717,0.583295,-0.392640,156.887888,70.000000
0.628576,0.483141,-0.458049,0.224051,183.772582,70.000000
0.148473,-0.617987,0.025485,-0.065161,266.984427,70.000000
-0.509594,-0.750877,-0.351208,-0.217302,157.438685,70.000000
0.012401,0.420166,-0.026877,0.041416,312.805223,70.000000
-0.275164,-0.689259,0.054111,-0.003694,263.607031,70.000000
-0.368562,-0.420259,-0.079696,0.055809,292.330977,70.000000
0.706306,0.887323,-0.697406,0.824795,135.317327,70.000000
-0.763115,0.332114,-0.282613,-0.023755,211.174480,70.000000
-0.161183,0.992104,0.078451,-0.187687,176.073689,70.000000
0.293438,-0.195528,0.101980,0.006970,346.931154,70.000000
-0.237738,0.339361,-0.097815,0.069513,299.238508,70.000000
-0.352887,-0.971584,0.507531,0.327837,159.956646,70.000000
0.586387,-0.595494,0.593012,-0.355054,172.638186,70.000000
-0.459551,0.330228,0.191011,0.038344,262.911868,70.000000
0.150380,-0.567518,-0.014837,-0.026197,260.505012,70.000000
-0.274968,0.608523,0.071797,-0.029559,281.242660,70.000000
-0.553848,-0.516856,0.382214,-0.152317,190.254831,70.000000
-0.804906,-0.047383,-0.167067,0.043816,255.427608,70.000000
-0.368690,-0.572041,-0.367691,-0.226842,211.019905,70.000000
-0.293166,0.760039,0.097429,-0.061356,268.669101,70.000000
-0.030386,-0.692140,0.112764,-0.059246,250.335069,70.000000
-0.799872,0.545322,0.455308,0.214082,161.391930,70.000000
-0.771818,0.050651,0.412105,-0.086613,232.788081,70.000000
-0.702548,0.278176,0.019841,-0.000767,229.993844,70.000000
-0.690223,-0.583844,-0.615302,-0.456173,164.992213,70.000000
-0.669682,0.662567,-0.710636,0.542923,157.000019,70.000000
-0.230706,0.518570,0.079918,0.007826,322.392083,70.000000
-0.388937,-0.866537,0.943828,0.914008,118.500630,70.000000
0.120248,-0.985294,0.005068,-0.410367,106.972554,70.000000
0.156616,0.244957,-0.019628,-0.002334,354.529780,70.000000
0.985234,0.827740,0.860989,0.812110,130.695635,70.000000
-0.166799,0.600894,0.181318,0.011807,237.635677,70.000000
-0.772660,-0.103134,-0.372187,0.193618,207.699701,70.000000
0.627578,-0.301275,-0.295500,0.040175,231.244475,70.000000
0.471097,-0.280756,0.261399,0.014142,276.245655,70.000000
-0.665217,-0.302697,-0.199183,-0.025986,228.925225,70.000000
0.579320,0.630321,-0.512707,0.234784,168.678390,70.000000
-0.189231,-0.402623,0.099639,-0.033786,274.462185,70.000000
-0.883811,-0.208640,0.186298,-0.111080,254.245454,70.000000
-0.606398,0.267981,0.233794,-0.008743,253.458952,70.000000
-0.042208,0.616521,0.100145,-0.036132,305.719436,70.000000
-0.136410,-0.634689,-0.166522,0.070973,240.763556,70.000000
0.778685,-0.633306,-0.661333,-0.546251,152.900202,70.000000
0.033364,0.753511,-0.013440,-0.001882,317.194345,70.000000
0.261730,0.898098,-0.440062,-0.300764,181.510938,70.000000
0.340667,-0.416544,-0.062591,0.020840,319.361475,70.000000
-0.862105,0.609440,0.748391,0.538988,152.926351,70.000000
0.851672,0.043778,0.447166,0.032437,201.205769,70.000000
-0.221433,0.376097,0.120422,0.034905,291.704074,70.000000
-0.945361,-0.682163,0.473739,-0.140094,143.782964,70.000000
0.893926,0.215099,-0.054760,0.044427,276.126085,70.000000
-0.833580,0.020545,-0.319250,0.039180,234.907571,70.000000
-0.708516,-0.034903,-0.116648,0.022903,265.885759,70.000000
-0.612947,0.207879,-0.290327,-0.077892,253.071015,70.000000
-0.178587,0.495140,-0.026871,-0.127509,223.729758,70.000000
-0.188813,0.618272,0.338945,0.567277,126.328387,70.000000
-0.701748,-0.274994,0.331887,-0.024864,230.573027,70.000000
0.171248,0.166853,0.057465,0.001102,360.937723,70.000000
0.302582,-0.505076,0.025566,-0.027181,307.733722,70.000000
-0.818472,-0.056348,0.413183,0.014064,225.568530,70.000000
0.951162,0.177373,-0.174597,-0.051823,176.945085,70.000000
-0.888748,0.808132,0.821406,0.691427,135.286934,70.000000
0.279786,0.368587,-0.087069,0.016762,322.111736,70.000000
0.849504,-0.384778,0.467399,-0.056620,199.025798,70.000000
-0.957822,-0.111750,0.179117,-0.040394,262.083931,70.000000
-0.180211,-0.803283,-0.555909,-0.002762,172.059339,70.000000
-0.783083,0.720824,0.705187,0.588687,144.340190,70.000000
0.886202,0.404309,0.469448,0.133310,186.427282,70.000000
-0.784419,0.263229,-0.209425,-0.058263,227.173385,70.000000
0.096957,-0.444413,-0.036679,0.002135,336.545293,70.000000
0.752329,0.396354,-0.167284,-0.045757,191.317229,70.000000
-0.471109,0.064341,0.168597,0.009368,321.635708,70.000000
-0.617701,0.304327,0.177430,0.023122,232.093586,70.000000
0.827232,-0.709970,-0.777689,-0.686812,144.314793,70.000000
-0.470190,-0.475105,0.417608,-0.130162,220.651361,70.000000
0.916660,0.304425,0.388998,0.126649,210.732284,70.000000
0.478439,-0.867428,-0.002058,0.115781,157.275230,70.000000
-0.859313,-0.470271,0.606294,-0.292304,168.925445,70.000000
0.148409,0.313557,-0.039457,-0.001455,347.772616,70.000000
-0.048432,0.010537,0.012439,0.000000,311.896117,70.000000
-0.903609,-0.963086,0.785531,-0.745614,125.726192,70.000000
-0.583282,0.779736,0.439585,0.159241,152.358398,70.000000
-0.979709,0.034416,-0.724899,-0.001450,182.094115,70.000000
0.432152,-0.816296,0.340309,-0.264038,156.661106,70.000000
0.513771,0.943063,0.472949,-0.600771,139.040750,70.000000
0.054287,0.409688,-0.035060,-0.004858,343.991250,70.000000
-0.376957,0.490558,0.073844,0.055424,237.005447,70.000000
0.805881,0.434720,0.519416,0.378260,179.899796,70.000000
0.344847,-0.156817,-0.051656,-0.011394,341.592074,70.000000
0.375695,0.313224,0.059368,-0.005502,319.871030,70.000000
0.350189,-0.373664,0.145690,0.055930,301.215782,70.000000
-0.166336,0.385596,-0.042765,0.007194,338.665553,70.000000
0.708299,0.376326,0.397487,0.176009,200.085194,70.000000
0.906199,0.483365,0.680711,0.352795,165.021545,70.000000
-0.081283,-0.130078,-0.032302,0.000100,345.745945,70.000000
-0.224101,-0.470925,0.024429,-0.102449,273.652924,70.000000
-0.829717,0.942751,0.587061,0.330271,126.291214,70.000000
0.810072,0.883987,0.705216,0.601009,130.758460,70.000000
-0.835200,0.796660,0.500183,0.236979,135.832428,70.000000
-0.536892,0.452737,-0.494370,0.191823,206.561359,70.000000
-0.841140,0.962351,0.862900,0.903846,125.821388,70.000000
0.233036,0.644441,-0.106048,0.038290,304.183845,70.000000
-0.886875,0.297905,0.427175,0.071849,195.957629,70.000000
0.884194,0.651495,0.620665,0.414055,148.539328,70.000000
-0.329496,0.167778,0.081232,0.010206,346.419300,70.000000
-0.161590,0.159731,-0.066005,-0.002137,363.380255,70.000000
0.593615,0.891828,0.522013,0.599069,139.808936,70.000000
0.948994,-0.262296,0.312059,-0.026411,198.042647,70.000000
-0.408796,-0.639272,-0.402778,-0.047138,199.558454,70.000000
-0.238251,-0.282010,-0.052327,0.003480,348.447400,70.000000
0.250450,-0.682408,-0.578995,-0.325336,139.873173,70.000000
0.774063,-0.328882,0.416811,0.000890,217.007254,70.000000
0.479974,0.921899,0.004665,-0.383436,165.943703,70.000000
0.355572,0.097741,0.005137,-0.001603,343.885227,70.000000
0.724721,0.390002,-0.466653,0.278305,196.928011,70.000000
0.759010,0.677173,0.497279,0.249343,149.010579,70.000000
-0.750420,-0.315316,-0.259872,0.034046,222.270176,70.000000
0.492336,0.689447,0.418592,0.023504,171.979066,70.000000
-0.461132,-0.252520,0.046066,-0.009261,278.816121,70.000000
-0.102391,-0.891883,0.014925,-0.072503,274.810736,70.000000
0.115646,-0.344916,0.027816,0.000254,334.583110,70.000000
0.994319,-0.472595,-0.193663,0.031803,167.529280,70.000000
-0.905361,-0.406184,0.307473,-0.063499,183.430551,70.000000
-0.740713,0.844636,0.559493,0.386613,135.634064,70.000000
-0.204710,-0.557883,0.059932,-0.098506,295.107864,70.000000
-0.347263,-0.450190,-0.172985,0.120047,272.752706,70.000000
-0.347947,0.051042,-0.142668,-0.002032,344.656384,70.000000
-0.138572,-0.978908,0.085598,0.473639,141.328975,70.000000
-0.506498,-0.718200,-0.491952,-0.093969,164.541266,70.000000
-0.787664,-0.267859,0.311015,-0.020459,243.828139,70.000000
0.088913,0.356608,-0.003232,-0.000417,332.739392,70.000000
-0.493362,0.065289,-0.121686,0.012290,319.484191,70.000000
-0.687361,-0.474041,-0.543463,-0.370896,180.048384,70.000000
0.792400,-0.125944,-0.059517,-0.030432,283.110807,70.000000
-0.741454,0.379891,0.447291,0.233734,196.940682,70.000000
0.821626,-0.930331,0.457336,-0.191992,129.908800,70.000000
-0.066372,0.481473,-0.092907,-0.125258,279.177927,70.000000
0.114355,-0.027418,-0.000489,-0.000016,348.709933,70.000000
-0.818539,0.807372,0.576638,0.366530,135.632117,70.000000
-0.494147,0.863065,-0.010882,-0.058277,162.454404,70.000000
-0.466802,0.464001,-0.064040,0.020891,228.445257,70.000000
0.471360,0.148938,-0.060073,-0.000239,290.971097,70.000000
-0.803279,-0.712755,0.740274,-0.621749,144.324855,70.000000
0.719388,0.755628,-0.689586,0.654945,144.312449,70.000000
-0.165606,0.661976,0.010038,-0.016395,253.960952,70.000000
-0.169522,0.839878,0.197267,0.533716,131.861394,70.000000
-0.166067,0.909832,-0.102614,-0.056750,249.093911,70.000000
-0.453283,-0.321441,0.151388,0.061551,251.601033,70.000000
-0.460139,0.436899,0.318399,-0.073462,230.704232,70.000000
0.969312,-0.766515,-0.940869,-0.683812,135.336390,70.000000
-0.824033,0.478176,0.058811,-0.118136,170.495738,70.000000
0.700797,0.289698,0.139985,-0.027016,227.111697,70.000000
0.948772,0.007406,0.469352,0.007301,207.224174,70.000000
0.472165,-0.315200,-0.311911,-0.017415,263.274826,70.000000
0.432070,-0.195913,0.226095,0.013353,297.253871,70.000000
-0.704448,0.348077,0.423246,0.185789,209.312499,70.000000
0.126332,-0.733389,-0.042656,0.071810,248.451735,70.000000
-0.064404,-0.440299,0.034397,0.032372,329.963974,70.000000
-0.108680,-0.577108,-0.127426,-0.048853,179.662629,70.000000
0.550536,0.863967,-0.869596,0.247625,144.599915,70.000000
0.696460,-0.596058,-0.475058,-0.249131,161.329464,70.000000
0.047689,-0.483766,-0.006219,-0.001573,322.982299,70.000000
-0.657017,-0.485531,-0.411411,-0.186947,180.302433,70.000000
-0.312570,0.632242,0.175311,-0.110035,266.392214,70.000000
0.090254,0.890760,-0.008841,0.002554,304.273540,70.000000
0.998527,0.245272,0.333821,-0.007933,220.993166,70.000000
0.291481,0.921950,0.318519,0.272527,211.763558,70.000000
-0.780773,-0.444262,-0.472156,-0.327462,179.893231,70.000000
-0.716764,-0.650640,-0.173063,0.080268,155.594787,70.000000
0.689193,-0.738697,0.712622,-0.567762,148.602946,70.000000
0.717068,-0.236080,0.143778,0.010627,239.449850,70.000000
0.209313,-0.080100,0.060368,-0.000947,368.504095,70.000000
-0.239877,0.382971,-0.034886,0.037590,312.349048,70.000000
0.585483,0.209658,-0.290121,-0.038700,270.702382,70.000000
-0.286004,-0.869181,0.164947,-0.001622,267.882384,70.000000
-0.328849,-0.962350,0.172078,0.004792,180.332547,70.000000
-0.221469,-0.231590,0.077700,0.006232,354.751733,70.000000
-0.328459,-0.413010,0.198942,0.114554,267.936007,70.000000
0.545783,0.970183,-0.718023,0.667407,135.389285,70.000000
-0.138562,-0.805726,-0.527422,0.214163,162.772722,70.000000
0.161678,-0.683630,0.006666,-0.003495,287.356323,70.000000
0.222455,0.805570,-0.263577,0.133724,193.578781,70.000000
-0.782212,-0.640125,0.678845,-0.627079,152.876812,70.000000
-0.574907,-0.463843,0.338038,-0.108207,196.896400,70.000000
0.197041,-0.340070,-0.036762,0.037454,331.953999,70.000000
0.437882,-0.524765,0.253774,0.091944,222.526283,70.000000
0.270208,-0.621049,-0.062568,0.075475,258.881142,70.000000
0.027504,0.263240,-0.022554,0.000055,336.147199,70.000000
0.279092,0.702993,-0.888348,-0.375466,134.570338,70.000000
-0.800613,0.102225,0.225766,-0.066070,254.500063,70.000000
0.088040,-0.317475,0.042510,-0.002540,341.451748,70.000000
0.204608,0.844018,-0.049631,-0.385400,128.162148,70.000000
-0.586811,-0.536896,-0.562078,-0.301832,180.079890,70.000000
0.390158,-0.617294,0.419163,-0.005739,210.588333,70.000000
-0.857805,0.866582,-0.763882,0.715828,130.674717,70.000000
0.637610,0.315471,-0.416254,0.051842,226.232594,70.000000
0.129153,0.681918,-0.140627,0.131078,233.231058,70.000000
0.997434,-0.133892,0.428863,-0.094077,188.227204,70.000000
-0.314834,0.585099,-0.015350,-0.054266,285.849635,70.000000
-0.239177,0.155019,-0.047145,-0.001951,364.297214,70.000000
-0.587406,-0.533752,-0.426633,-0.142419,180.322660,70.000000
-0.772771,0.036507,-0.090237,0.027011,258.266606,70.000000
-0.430815,-0.708782,0.030629,0.094543,177.766742,70.000000
-0.499862,0.815842,-0.486876,0.523532,156.901164,70.000000
-0.139644,-0.996149,-1.062654,0.976943,146.025367,70.000000
-0.279339,-0.842532,-0.206787,-0.215491,136.655439,70.000000
-0.429368,-0.380451,-0.254752,-0.067487,271.506515,70.000000
-0.233117,0.004728,0.039936,-0.000092,367.522855,70.000000
-0.535359,0.223484,-0.316510,-0.000617,262.541965,70.000000
0.103036,-0.276672,0.015814,0.001480,340.117501,70.000000
-0.026065,-0.068536,-0.002441,-0.000001,310.013197,70.000000
0.111458,-0.719378,0.027361,-0.000725,318.988420,70.000000
-0.587455,0.649598,-0.668982,0.401528,164.976544,70.000000
-0.214813,-0.356443,-0.052260,0.018865,334.480067,70.000000
-0.737481,-0.838937,0.227080,0.076440,136.789088,70.000000
-0.015119,-0.101681,0.003961,-0.000002,311.636628,70.000000
-0.957390,-0.858913,-0.875137,-0.403433,130.442837,70.000000
0.255742,0.249691,0.087120,0.005920,349.347902,70.000000
0.549873,-0.290456,-0.142611,-0.008512,247.234757,70.000000
0.305438,-0.503042,0.015199,0.028537,302.207737,70.000000
-0.631733,0.469854,-0.545463,0.326714,187.118232,70.000000
0.828097,-0.166166,0.197517,0.032644,273.243828,70.000000
-0.746181,0.939973,-0.735287,0.865108,130.634864,70.000000
0.126014,-0.076154,-0.047531,-0.000097,355.249146,70.000000
0.086066,0.519240,-0.028527,-0.002264,306.946654,70.000000
0.874961,-0.524934,-0.652157,-0.462432,161.079390,70.000000
-0.565521,-0.707827,-0.084943,0.080842,158.653629,70.000000
-0.448887,-0.439060,0.370308,0.014655,235.938801,70.000000
0.725961,-0.778989,-0.526806,-0.264843,143.905563,70.000000
-0.476406,-0.950638,0.127132,0.167031,182.939237,70.000000
0.621313,0.405539,0.299741,0.078912,200.802183,70.000000
-0.103129,0.709927,1.267674,0.646517,123.989906,70.000000
-0.260668,0.950297,0.178704,-0.057707,151.603112,70.000000
-0.364068,-0.888345,0.004034,0.080406,218.474361,70.000000
-0.414138,-0.417228,-0.222971,-0.038816,283.924784,70.000000
-0.355128,-0.632449,0.147712,0.009315,231.167921,70.000000
0.436028,0.325049,0.206379,-0.035258,281.743215,70.000000
-0.909573,0.810974,0.627642,0.357824,135.003511,70.000000
0.035728,0.481116,-0.004594,0.015340,302.678608,70.000000
0.121955,-0.302590,0.006436,0.001172,339.080284,70.000000
0.365626,-0.921837,0.337083,-0.106233,164.078979,70.000000
0.680718,0.820788,0.584875,0.565911,139.988175,70.000000
0.975991,-0.526034,0.423119,-0.075620,157.535993,70.000000
0.950896,-0.291311,-0.163021,0.062984,200.927656,70.000000
-0.071947,0.792476,0.047604,0.110249,260.028979,70.000000
-0.855239,-0.003096,0.113194,0.001476,204.863204,70.000000
-0.028787,0.174345,0.008789,-0.000009,327.108265,70.000000
0.223870,0.585038,0.082247,-0.015090,289.564773,70.000000
0.739451,-0.052484,-0.329712,0.052347,230.963325,70.000000
-0.104374,-0.210569,-0.033822,-0.000547,352.411598,70.000000
0.971678,0.986854,0.799462,0.904652,120.893775,70.000000
0.058590,0.730208,-0.007024,0.041208,284.012271,70.000000
0.601990,-0.345850,-0.332403,-0.075908,221.243623,70.000000
-0.694765,-0.910370,0.481000,-0.326465,134.872497,70.000000
-0.580868,-0.641244,-0.558112,-0.309625,165.116731,70.000000
0.613413,-0.374482,-0.131022,0.023462,210.571222,70.000000
0.087664,-0.639365,-0.105069,-0.085121,247.063113,70.000000
0.188555,-0.955881,-0.271713,0.032508,191.301130,70.000000
0.513425,-0.862726,0.799773,-0.463629,148.768949,70.000000
0.166136,0.247156,0.052449,-0.006971,345.473154,70.000000
-0.052421,0.967432,0.213251,0.544508,136.749763,70.000000
-0.373558,-0.390658,-0.072127,0.032292,274.028426,70.000000
0.205121,-0.533780,0.053052,0.117207,259.491509,70.000000
0.752857,-0.731908,-0.618032,-0.476814,144.428520,70.000000
0.819396,-0.410578,0.333558,-0.164805,186.481508,70.000000
-0.587656,-0.738359,0.437558,-0.315189,153.157633,70.000000
0.392078,-0.344368,-0.203075,-0.081174,273.739221,70.000000
0.206911,-0.448340,0.109084,0.029329,309.993954,70.000000
0.742712,0.754406,-0.740133,0.700339,144.296030,70.000000
-0.704675,0.519965,-0.556322,0.359667,172.625622,70.000000
-0.951982,0.035366,-0.558125,0.001653,189.764767,70.000000
0.396568,-0.879135,-0.843322,-0.284073,152.940022,70.000000
0.384512,0.489763,-0.198314,0.024464,259.391495,70.000000
-0.548425,0.612980,-0.287987,0.041106,173.320287,70.000000
0.360269,-0.967221,0.807916,-0.130009,141.164406,70.000000
-0.082380,-0.563510,0.062118,0.018379,332.630012,70.000000
-0.913439,-0.175080,-0.056342,0.048745,235.062642,70.000000
-0.568136,-0.665992,-0.617711,-0.311094,164.896893,70.000000
0.676432,0.793506,-0.697073,0.625236,144.272965,70.000000
0.454890,-0.669414,-0.469362,-0.302434,183.152595,70.000000
-0.845316,0.776630,-0.557915,0.333417,139.527752,70.000000
0.816561,-0.055417,-0.506252,-0.009585,205.006395,70.000000
0.610255,0.562343,0.422012,0.141453,173.038212,70.000000
-0.692837,-0.504114,0.455074,-0.198002,176.168319,70.000000
-0.638393,0.536103,0.399237,0.161442,176.084515,70.000000
0.282161,0.287109,0.037491,0.014136,333.878851,70.000000
-0.557467,0.650763,0.373612,0.068491,168.306925,70.000000
-0.621544,-0.293053,0.337001,0.027309,236.406600,70.000000
0.653003,-0.985567,0.588930,-0.802808,130.680786,70.000000
-0.432861,0.907536,0.277271,-0.081442,197.678702,70.000000
0.957035,0.886579,-0.464365,0.479746,126.201995,70.000000
0.731975,0.306521,-0.055727,-0.021343,219.074586,70.000000
-0.300144,-0.519482,-0.022541,-0.062700,275.881191,70.000000
-0.936362,0.568231,-0.546357,0.313358,156.840591,70.000000
0.250832,-0.274333,-0.065626,-0.011227,342.368358,70.000000
-0.715761,0.196825,-0.151509,-0.009467,262.075014,70.000000
0.034990,0.080547,-0.002467,0.000002,315.134930,70.000000
-0.241846,-0.711395,-0.655521,-0.109801,158.019874,70.000000
-0.422401,0.701173,-0.423218,0.326955,179.487147,70.000000
0.608348,0.508180,-0.496228,0.284930,183.556502,70.000000
0.986701,-0.509226,0.310742,-0.004598,157.822221,70.000000
-0.555006,0.006989,0.263193,-0.017926,284.375882,70.000000
-0.536833,-0.559825,0.308920,-0.038750,184.079132,70.000000
-0.981485,0.174642,0.345290,0.105116,162.928147,70.000000
-0.797119,0.821250,0.645347,0.508900,135.476472,70.000000
0.755746,-0.176957,-0.289860,0.085488,239.976727,70.000000
-0.112208,0.120426,0.012098,0.000053,349.145913,70.000000
0.003799,-0.142110,0.001418,0.000004,317.233268,70.000000
-0.436759,-0.604481,-0.262919,-0.055122,204.750397,70.000000
0.487656,0.039398,-0.079350,0.008846,307.110140,70.000000
0.162986,-0.686806,0.531112,-0.212597,147.517805,70.000000
0.855962,0.146553,0.238050,0.063231,250.514429,70.000000
-0.886828,-0.911585,0.337046,-0.022676,127.003790,70.000000
0.990023,-0.677332,-0.294223,-0.235234,152.804193,70.000000
0.085729,0.855360,1.265269,0.611009,126.367172,70.000000
0.029984,-0.051764,-0.006147,0.000000,308.410135,70.000000
0.003207,-0.095404,0.000234,-0.000001,310.810398,70.000000
0.539641,-0.251457,-0.083295,0.011237,269.347825,70.000000
-0.238719,-0.153522,0.071302,0.001815,364.292392,70.000000
-0.247655,-0.336101,0.077048,0.047673,315.604155,70.000000
-0.851822,-0.567720,-0.656919,-0.538567,157.037644,70.000000
0.337059,0.952338,0.377196,0.080638,170.829405,70.000000
-0.052983,-0.489765,0.044026,0.058290,250.171212,70.000000
0.520157,0.272529,-0.183446,-0.008787,263.496036,70.000000
0.393308,0.322944,0.177019,-0.014433,285.744015,70.000000
-0.272881,-0.317071,-0.060317,0.009895,349.452256,70.000000
0.988286,0.115723,0.056309,-0.030973,219.002088,70.000000
0.949518,0.555252,0.576828,0.348846,156.897540,70.000000
0.114064,-0.925442,-0.031075,-0.327376,200.661765,70.000000
0.098280,-0.205049,0.018417,0.000131,350.678680,70.000000
-0.258110,-0.053728,-0.005322,-0.000737,363.168045,70.000000
0.991863,0.249568,0.136204,0.288544,190.202422,70.000000
0.492414,0.003495,-0.218262,-0.007576,304.509144,70.000000
0.733497,-0.118923,0.021030,0.045165,268.291714,70.000000
-0.745241,0.727278,0.280289,-0.005773,145.407203,70.000000
-0.636970,0.446146,0.550724,0.328789,190.550229,70.000000
0.380282,-0.606055,-0.418122,-0.013336,197.048601,70.000000
0.031867,-0.407374,-0.017427,-0.002369,317.938753,70.000000
-0.731842,-0.073752,-0.063828,-0.003600,201.249156,70.000000
0.452648,-0.349359,0.115223,0.033075,257.036356,70.000000
0.315198,-0.468604,0.139940,0.064609,288.708262,70.000000
0.177518,-0.461196,-0.096699,0.062504,281.743447,70.000000
0.673107,0.916203,-0.533232,0.482450,135.079086,70.000000
0.631907,0.460136,0.308469,0.072313,187.613772,70.000000
-0.500199,-0.846943,-0.004136,0.029978,184.485163,70.000000
-0.569331,-0.738234,-0.613029,-0.242445,156.771639,70.000000
0.500408,0.357304,0.346940,-0.028905,244.018649,70.000000
-0.786554,0.393398,-0.205080,0.033724,192.762838,70.000000
-0.156736,-0.268308,-0.056995,-0.008490,347.943977,70.000000
0.550397,0.528313,0.548522,0.257247,187.090003,70.000000
-0.651807,-0.914782,0.633249,-0.785661,135.321638,70.000000
-0.745781,-0.341496,0.485232,-0.111857,209.155365,70.000000
0.477170,-0.198526,-0.061050,0.007208,283.939262,70.000000
-0.625484,-0.511338,-0.590758,-0.391653,180.054265,70.000000
-0.049454,0.831766,0.103632,0.266518,184.451953,70.000000
-0.507055,-0.066829,0.193399,-0.016674,302.283080,70.000000
0.798248,0.152357,0.152447,0.062970,224.097297,70.000000
0.671730,-0.239550,-0.297592,-0.001402,252.804469,70.000000
-0.117268,-0.916958,-3.331881,-1.003815,106.949490,70.000000
0.692881,-0.747998,0.437770,-0.108810,147.997048,70.000000
0.389428,-0.891514,-0.261140,0.892236,152.539828,70.000000
0.324445,0.950098,0.471663,1.010344,124.152823,70.000000
0.297313,0.932762,0.740032,0.728361,126.887933,70.000000
0.933888,-0.142405,-0.162245,-0.120637,196.128012,70.000000
0.600134,0.444092,-0.282835,0.047460,196.736291,70.000000
-0.138624,0.140939,-0.013829,-0.000495,359.635922,70.000000
0.753847,-0.092734,-0.384901,0.047592,179.099507,70.000000
-0.581500,0.728621,-0.585025,0.221354,156.739990,70.000000
-0.061182,-0.280932,0.022660,0.000522,341.208397,70.000000
0.380579,0.391489,0.192945,-0.107739,272.734207,70.000000
-0.250438,0.882324,-0.799113,-0.462729,122.499198,70.000000
-0.772802,-0.488768,-0.548543,-0.469510,172.639324,70.000000
-0.721004,0.084414,-0.288269,0.003307,219.411410,70.000000
0.737884,-0.390064,0.023170,0.082451,195.208811,70.000000
0.195606,-0.442611,-0.046420,0.002396,336.651068,70.000000
-0.963676,-0.500106,-0.449659,-0.081587,157.542184,70.000000
0.722228,0.494117,-0.014903,-0.108552,174.591430,70.000000
0.617655,0.934558,-0.560392,0.672865,135.272956,70.000000
-0.877129,0.092387,-0.062588,0.032771,249.994503,70.000000
0.744860,0.861266,-0.741119,0.822580,135.313070,70.000000
-0.697530,0.606648,0.670729,0.546868,161.050369,70.000000
-0.072155,-0.708040,0.032224,-0.248727,127.229583,70.000000
-0.024817,0.893236,0.056702,-0.010535,186.767268,70.000000
0.609407,0.306534,-0.415895,0.038954,231.807253,70.000000
-0.089317,0.845455,-0.014300,-0.000241,318.081910,70.000000
-0.440192,-0.314516,-0.116689,0.001706,286.506087,70.000000
-0.065327,0.048228,0.004108,0.000000,323.299467,70.000000
0.572110,-0.545432,0.294991,-0.018576,180.674846,70.000000
0.921571,0.837778,0.815739,0.723127,130.669782,70.000000
0.537117,-0.673165,0.445595,-0.245838,165.221002,70.000000
0.122092,0.004686,-0.047959,-0.000000,352.701678,70.000000
0.757873,-0.428012,-0.506169,-0.392720,183.508108,70.000000
0.408810,0.864515,-0.697368,0.245068,160.826827,70.000000
-0.104206,0.603183,-0.686884,-0.065294,156.309116,70.000000
-0.299654,-0.276500,0.089371,0.056402,300.476263,70.000000
0.871320,0.272937,0.305029,0.096164,244.821660,70.000000
-0.753422,-0.771339,0.123375,0.125981,142.516274,70.000000
0.105973,-0.907950,0.454177,-0.043477,186.635468,70.000000
0.078467,0.792659,0.024952,-0.018386,304.166228,70.000000
0.226331,-0.051317,-0.086615,-0.000834,367.807449,70.000000
-0.478015,-0.005411,0.152398,-0.004949,293.539542,70.000000
-0.938537,0.012982,0.560598,-0.005738,199.502880,70.000000
0.180728,-0.501135,-0.233501,-0.214566,202.367165,70.000000
-0.578947,-0.360335,0.418972,-0.122685,221.178195,70.000000
-0.153327,-0.971975,0.002286,0.023237,281.310622,70.000000
0.015899,-0.777849,0.055584,0.029377,283.363446,70.000000
0.693096,0.867675,-0.577882,0.449614,135.580357,70.000000
-0.993979,0.188866,-0.129232,0.016061,216.007240,70.000000
0.264292,-0.044959,-0.100435,-0.000475,364.435766,70.000000
0.375968,0.886829,0.297969,-0.070785,196.897275,70.000000
0.928975,-0.713058,0.872964,-0.657091,139.897695,70.000000
-0.367642,-0.965136,0.443104,1.000021,119.359672,70.000000
0.953442,0.497328,-0.619784,0.381215,161.000229,70.000000
0.584901,0.434194,0.510448,0.256574,200.434191,70.000000
-0.507982,0.347974,-0.323117,0.026800,247.421040,70.000000
0.393073,0.381898,0.205574,-0.090254,266.302588,70.000000
0.558521,-0.933115,-0.770908,-0.317785,135.692013,70.000000
-0.872146,-0.154349,0.342787,-0.077653,206.751293,70.000000
-0.138349,0.768311,-0.155455,-0.226417,200.233331,70.000000
0.997238,0.576435,-0.521524,0.335896,153.023242,70.000000
0.143600,-0.511190,-0.023837,0.033743,288.759622,70.000000
0.433572,-0.963416,-0.216053,-0.356835,169.559407,70.000000
-0.140114,-0.891375,0.152743,-0.119806,175.155139,70.000000
0.663058,0.019649,0.212697,-0.016541,252.222088,70.000000
0.234848,-0.904018,2.035679,0.385643,110.023710,70.000000
0.177634,-0.510020,-0.012349,0.026044,308.666042,70.000000
0.095994,-0.632131,-0.109510,-0.086392,231.394380,70.000000
-0.221003,-0.405440,-0.046976,0.004289,334.381734,70.000000
-0.223374,-0.247764,0.045930,-0.010926,348.416945,70.000000
-0.164498,-0.709888,-0.026773,-0.016814,291.215228,70.000000
0.916909,0.493239,0.324832,0.176512,164.509469,70.000000
-0.129666,0.701907,-0.052061,-0.138933,224.698845,70.000000
0.946995,0.145002,0.309724,-0.133717,221.059424,70.000000
-0.953803,-0.561042,0.446677,-0.102539,153.441184,70.000000
0.567601,-0.325724,-0.071387,0.011140,235.728814,70.000000
-0.441230,0.251824,-0.146790,-0.003701,298.524304,70.000000
0.408543,0.390351,-0.299730,0.109602,245.754308,70.000000
0.636143,-0.336199,-0.235458,-0.021444,220.620424,70.000000
-0.489771,0.414751,0.387455,0.036257,231.325290,70.000000
0.721598,-0.099172,0.185495,0.008653,285.598385,70.000000
-0.777032,0.417965,-0.411655,0.244416,186.788299,70.000000
0.740608,-0.608606,0.533818,-0.342617,157.185768,70.000000
-0.834284,0.185525,-0.087070,-0.043149,278.314660,70.000000
0.111329,-0.891916,2.495908,-0.715889,125.422894,70.000000
-0.425141,0.656999,0.548592,0.100362,202.363643,70.000000
0.177766,-0.279411,0.053258,0.001764,348.231943,70.000000
-0.055932,-0.048041,-0.004906,0.000000,318.448669,70.000000
0.570396,0.650430,0.597259,0.354153,165.056651,70.000000
-0.227760,0.032393,-0.041356,-0.000122,367.795229,70.000000
0.426187,0.917333,-0.589410,0.165985,174.363946,70.000000
-0.391433,-0.812651,-0.574260,-0.148811,179.150663,70.000000
-0.230630,-0.202867,0.047666,0.004799,356.160749,70.000000
0.413361,-0.647471,-0.394365,-0.003719,201.131952,70.000000
-0.042300,-0.932787,0.011060,0.149051,179.261499,70.000000
0.643050,-0.264271,0.414849,-0.106381,234.582349,70.000000
0.398570,0.764376,0.354293,0.224151,179.307223,70.000000
0.872839,-0.198715,-0.102409,0.014682,218.970796,70.000000
0.202379,-0.618401,0.053417,-0.489796,187.503927,70.000000
0.534986,-0.487804,-0.232625,-0.000423,197.755296,70.000000
-0.527119,0.709523,0.537085,0.379180,161.118147,70.000000
0.956672,0.778505,-0.894513,0.635655,135.313155,70.000000
0.328294,-0.355975,-0.023416,-0.050379,292.146032,70.000000
-0.878303,0.355614,-0.483848,-0.068648,199.104186,70.000000
0.804587,0.691595,0.297650,0.035405,147.668116,70.000000
-0.359719,0.204325,0.068353,-0.008010,331.834012,70.000000
0.082987,0.767452,-0.029116,0.119021,218.518306,70.000000
0.566243,0.838105,-0.695544,0.073913,144.844255,70.000000
0.023637,-0.737543,-0.657558,-0.111325,123.839085,70.000000
0.121111,-0.493332,0.045578,-0.007897,289.545851,70.000000
0.574316,0.530380,-0.591023,0.347966,183.597849,70.000000
0.096115,-0.603019,-0.369983,0.099790,190.057550,70.000000
-0.944823,0.364025,-0.051508,0.441864,187.873735,70.000000
0.161729,0.182811,0.015403,0.001922,361.334617,70.000000
0.507905,0.359580,-0.299809,-0.033738,241.290100,70.000000
-0.543407,0.955195,0.954823,0.579360,135.495073,70.000000
-0.041307,-0.248471,0.030306,-0.000004,349.214265,70.000000
-0.047884,-0.793573,-0.032638,0.017821,308.744704,70.000000
0.419005,0.223229,-0.210340,-0.036008,291.058939,70.000000
-0.182074,-0.109512,0.067929,0.000458,365.539884,70.000000
-0.563284,0.893933,-0.671836,0.741760,139.963739,70.000000
0.328096,0.309005,0.127956,0.061079,290.890685,70.000000
-0.549814,-0.717912,0.223394,0.073617,159.854986,70.000000
0.058471,0.719786,0.272127,-0.287188,141.645098,70.000000
-0.561952,-0.729804,-0.734221,-0.516874,156.982308,70.000000
0.176647,0.907218,-0.970484,0.338233,128.764464,70.000000
-0.378733,0.631832,0.321610,0.020942,222.611171,70.000000
-0.797327,-0.676620,-0.720606,-0.657383,148.644890,70.000000
0.045940,0.113973,0.010191,-0.000010,325.571774,70.000000
-0.450269,0.327941,0.138411,0.008067,270.317305,70.000000
-0.301183,0.019387,-0.100525,-0.000206,357.049102,70.000000
-0.160128,0.735673,0.092475,-0.016950,243.648283,70.000000
0.452902,-0.078103,-0.333843,-0.020643,293.142044,70.000000
-0.673847,0.647195,-0.598634,0.413581,157.089913,70.000000
-0.595685,0.324156,-0.219629,0.017765,229.445723,70.000000
0.086964,-0.390408,0.027650,-0.001181,327.376749,70.000000
0.408867,-0.167786,0.163823,0.013285,324.879950,70.000000
0.017146,0.178851,-0.012953,-0.000012,328.889043,70.000000
-0.045442,0.261337,-0.010652,0.000030,334.600422,70.000000
0.298873,-0.848447,-0.174334,-0.073628,265.863528,70.000000
0.153359,-0.487943,0.034377,0.012961,314.170862,70.000000
-0.856215,-0.410077,0.162023,-0.005839,189.030514,70.000000
-0.164792,0.333845,0.026264,0.021678,329.371006,70.000000
0.929509,0.266010,-0.228346,-0.210337,208.874071,70.000000
0.832090,0.931333,0.082676,-0.153075,128.491380,70.000000
0.911396,-0.175465,-0.179796,-0.056246,190.208475,70.000000
0.956028,-0.030337,-0.674940,-0.003498,156.782808,70.000000
0.119846,0.245647,0.026405,-0.000542,348.600615,70.000000
0.597500,0.179369,-0.255934,0.025109,270.571665,70.000000
0.651533,0.313034,0.401136,0.051036,223.610916,70.000000
-0.842891,-0.475848,0.439367,-0.096473,169.267694,70.000000
0.418261,-0.281728,0.119455,0.017035,284.128576,70.000000
-0.996893,-0.782104,0.622880,-0.079266,134.756943,70.000000
-0.826771,0.467530,-0.519609,0.454127,172.601196,70.000000
-0.221901,0.515307,0.091369,0.117313,260.078554,70.000000
0.763304,0.843435,-0.707978,0.689341,135.354791,70.000000
-0.381278,-0.132623,-0.145041,-0.008670,337.144143,70.000000
0.997590,0.502108,0.454373,0.119429,157.442894,70.000000
0.927591,0.013668,0.128778,-0.003653,211.811653,70.000000
-0.288244,-0.511748,0.090319,-0.063265,298.773797,70.000000
-0.943859,0.563435,-0.723340,0.450754,156.997901,70.000000
-0.347483,-0.141043,0.029488,0.006636,343.892352,70.000000
-0.516533,0.625937,0.607752,0.326022,176.256163,70.000000
0.128414,0.254066,-0.043652,-0.000831,349.708383,70.000000
0.092903,-0.582850,-0.032310,0.116784,229.310794,70.000000
0.042779,0.981519,0.132561,-0.019249,279.898405,70.000000
0.396730,-0.155120,0.131915,-0.005807,336.533971,70.000000
0.900902,-0.544215,0.574137,-0.187902,157.321032,70.000000
-0.618109,-0.553435,-0.014530,0.098908,174.477811,70.000000
0.418825,-0.806280,0.495544,-0.071666,185.664937,70.000000
0.855514,0.626320,-0.162445,-0.029672,151.510595,70.000000
0.557150,0.024003,-0.196464,0.002799,306.278868,70.000000
-0.583340,-0.191485,-0.228425,0.025708,284.242463,70.000000
-0.293066,0.436353,-0.503588,-0.313356,195.796241,70.000000
-0.214619,0.900610,0.184350,-0.028225,221.810380,70.000000
0.554584,0.894369,0.687092,0.540518,140.054406,70.000000
-0.341617,0.442909,0.014356,0.017353,288.125958,70.000000
-0.026571,-0.583250,0.037453,0.251162,197.153746,70.000000
-0.688228,0.959129,-0.698717,0.910358,130.675543,70.000000
0.084219,-0.531880,0.067321,-0.067573,290.090715,70.000000
0.700503,-0.640743,0.696149,-0.576614,157.002185,70.000000
-0.963927,-0.722260,-0.780526,-0.437612,139.783697,70.000000
0.979357,0.046109,0.220770,-0.030251,201.184272,70.000000
0.961786,0.730854,0.364305,0.013047,138.932641,70.000000
-0.541051,0.556921,0.562910,0.258651,183.584710,70.000000
0.165133,-0.605162,0.099781,0.199610,243.587612,70.000000
-0.951647,-0.327112,-0.120347,0.020975,197.870188,70.000000
0.222275,-0.231030,-0.051341,0.002317,355.153287,70.000000
-0.917861,-0.482715,-0.540328,-0.389414,164.908277,70.000000
-0.991493,-0.020890,-0.274317,-0.019607,207.139107,70.000000
0.908582,0.537017,0.538814,0.142475,157.399429,70.000000
-0.356804,-0.813044,0.289639,0.095251,210.308917,70.000000
-0.834646,0.106893,-0.261822,0.013462,241.015193,70.000000
0.552807,-0.967190,-0.566744,-0.581706,135.278954,70.000000
0.438496,-0.197558,-0.099230,-0.005865,316.133603,70.000000
-0.356826,0.825800,-0.290480,0.178743,179.367173,70.000000
-0.777418,-0.056305,-0.254548,0.048432,273.311126,70.000000
-0.316180,-0.044128,-0.086992,-0.004080,325.400331,70.000000
0.347884,0.881582,-0.579671,0.056639,189.220745,70.000000
0.751949,0.013856,0.125515,0.010693,264.282838,70.000000
0.884206,0.856827,0.800489,0.759418,130.649930,70.000000
0.695914,0.229011,0.071274,0.001810,245.683811,70.000000
0.983271,-0.159029,0.243979,-0.174371,204.505674,70.000000
-0.793172,-0.845621,0.780094,-0.812719,135.302975,70.000000
-0.356295,-0.241792,-0.080768,0.017408,336.103895,70.000000
0.194022,0.921233,-0.080345,0.171695,245.376252,70.000000
-0.830313,0.924810,-0.518473,0.285159,130.088302,70.000000
-0.715658,-0.062951,0.154935,0.022218,299.390098,70.000000
-0.011665,-0.053641,0.002809,-0.000001,304.951303,70.000000
0.449587,0.214912,-0.232394,-0.016572,290.094680,70.000000
0.028515,-0.740234,0.851294,0.480292,138.849192,70.000000
0.893603,0.781204,-0.792582,0.649884,135.353872,70.000000
-0.309115,0.711713,-0.241213,-0.090889,196.914027,70.000000
-0.247012,0.475558,-0.005803,-0.070116,291.367947,70.000000
0.710231,0.848574,0.116952,-0.139829,137.990514,70.000000
-0.024697,0.924789,0.431141,0.500400,97.538743,70.000000
0.925378,0.824858,0.615954,0.444060,130.921807,70.000000
-0.605373,-0.500592,0.513419,-0.271552,183.691807,70.000000
0.547476,-0.567128,0.266749,-0.007970,180.700938,70.000000
0.280148,0.450663,0.023904,0.021839,321.117317,70.000000
0.284653,0.156838,-0.065099,0.010436,349.332475,70.000000
-0.015401,-0.839609,0.735421,0.157371,169.184457,70.000000
0.696424,0.791137,-0.601132,0.384075,144.076473,70.000000
0.638878,-0.380494,0.396668,-0.119910,206.478744,70.000000
-0.962347,-0.160220,-0.209198,0.036530,249.235195,70.000000
-0.816860,-0.961208,0.804814,-0.733782,125.895945,70.000000
0.982923,-0.017817,-0.289253,0.039860,218.983326,70.000000
0.544775,0.032605,-0.189085,0.028415,297.736128,70.000000
-0.010452,0.335350,0.009631,0.000209,332.576576,70.000000
0.222973,-0.490286,0.041667,0.008718,297.642488,70.000000
-0.241902,0.352586,0.069289,0.000006,337.627921,70.000000
-0.078788,-0.184151,0.003486,-0.000062,345.839686,70.000000
0.969870,0.612120,-0.701340,0.197183,153.055493,70.000000
-0.094065,-0.951236,-0.249700,0.358132,152.087817,70.000000
0.582586,-0.484556,-0.552911,-0.320541,190.542329,70.000000
0.062198,-0.641289,-0.173171,0.414487,179.028766,70.000000
-0.140752,0.381177,-0.001205,0.012230,291.608460,70.000000
0.447606,0.916622,-0.349115,0.210165,184.901531,70.000000
-0.327976,-0.300994,0.081465,-0.014758,332.959351,70.000000
-0.799882,0.375427,0.215732,0.021674,195.858122,70.000000
-0.194123,-0.629683,0.036996,-0.028194,293.122027,70.000000
0.920388,0.966987,-0.631990,0.419197,125.427003,70.000000
0.143760,0.171627,-0.055402,0.000466,361.656818,70.000000
0.535045,0.496189,-0.532915,0.244229,197.085910,70.000000
-0.544091,-0.544528,-0.459684,-0.212940,186.926047,70.000000
0.120458,0.537730,0.093187,0.301252,211.643822,70.000000
-0.371127,0.469532,0.026911,-0.056636,277.330812,70.000000
-0.575181,0.934127,0.780829,0.705179,135.433680,70.000000
-0.126992,-0.359206,0.091461,0.030833,317.434910,70.000000
0.821908,-0.184639,-0.119978,0.046952,267.532030,70.000000
0.765300,0.391903,0.417457,0.248151,193.543126,70.000000
0.712150,-0.892134,-0.655108,-0.713103,135.267386,70.000000
-0.098807,-0.654605,-0.004640,-0.067017,266.204790,70.000000
0.061949,-0.816735,-0.422547,0.569331,158.826464,70.000000
-0.866104,-0.614267,0.661237,-0.490776,152.888128,70.000000
0.015724,0.267791,-0.007058,-0.000054,331.691308,70.000000
0.756526,0.925810,0.786332,0.885446,130.639722,70.000000
0.085021,0.949949,0.113995,-0.493818,164.607568,70.000000
-0.201037,-0.823044,-0.061318,0.004541,303.392984,70.000000
-0.908274,0.645182,-0.814093,0.322427,148.595918,70.000000
-0.422928,-0.145286,-0.028570,-0.008699,319.382831,70.000000
0.184898,-0.411710,-0.136275,-0.057635,303.045911,70.000000
0.396583,-0.628362,0.456133,-0.080115,204.471450,70.000000
-0.881681,-0.404503,-0.309621,-0.040651,186.943998,70.000000
-0.480898,-0.459199,0.203480,-0.005367,225.290757,70.000000
0.250517,0.436372,0.069216,-0.016286,327.323451,70.000000
0.100878,-0.548074,1.054038,-0.372717,155.887546,70.000000
0.516332,-0.001513,-0.008483,0.000597,310.079000,70.000000
0.571258,-0.874372,0.588168,-0.394145,140.198086,70.000000
0.435998,-0.188784,0.128706,0.008344,296.249407,70.000000
-0.891515,0.299150,0.433224,0.067079,207.897944,70.000000
-0.180033,0.180911,-0.079434,0.000763,361.787551,70.000000
0.575536,-0.969823,0.368018,0.089120,131.957088,70.000000
0.181505,0.551934,0.147973,0.076598,265.514979,70.000000
0.353328,0.375392,-0.004582,0.008281,280.086406,70.000000
-0.786501,-0.724867,0.750882,-0.679182,144.304772,70.000000
-0.846449,-0.261499,0.266780,0.277089,187.804817,70.000000
0.991560,-0.849186,0.709050,-0.378107,130.396700,70.000000
-0.271957,-0.774230,0.037266,-0.019467,215.822015,70.000000
-0.489049,0.550178,-0.520296,0.217757,193.612861,70.000000
0.848213,-0.087472,0.581761,0.034284,183.128741,70.000000
-0.138174,-0.293514,-0.048250,-0.004761,350.544830,70.000000
0.913663,-0.073507,0.244560,0.074847,235.891756,70.000000
0.576127,0.965080,-0.031555,-0.143120,133.136676,70.000000
0.091303,0.526403,-0.045563,0.010484,313.700623,70.000000
-0.748107,0.565304,0.178108,-0.070058,162.346521,70.000000
-0.929948,0.369580,0.144362,-0.118695,197.086866,70.000000
-0.470750,0.106220,0.267544,0.007865,307.542480,70.000000
-0.760632,0.057009,-0.255638,0.030926,264.875817,70.000000
0.142576,0.269640,-0.004446,-0.001022,348.438919,70.000000
-0.167936,-0.501833,-0.059463,-0.249574,218.737920,70.000000
-0.310565,0.336767,0.122674,0.027684,327.533636,70.000000
0.047177,0.901374,-2.422403,-0.104137,92.124953,70.000000
-0.614240,0.467274,0.342643,0.099618,190.200381,70.000000
-0.527985,0.161195,0.197683,0.027908,284.777322,70.000000
-0.796179,0.623551,0.651344,0.501206,152.929818,70.000000
0.019164,0.085140,0.000907,0.000001,311.215654,70.000000
0.955660,-0.222842,-1.007485,-0.023119,129.568711,70.000000
0.686506,0.112935,-0.105673,-0.045173,289.606460,70.000000
0.101717,-0.438492,0.032002,-0.000787,330.986258,70.000000
0.260779,0.919079,-0.684495,0.068921,150.609899,70.000000
0.953993,-0.246817,0.196475,0.125957,221.308881,70.000000
-0.249951,-0.931512,-0.110766,-0.103164,248.184960,70.000000
0.070537,-0.478701,-0.023118,-0.080990,292.831892,70.000000
0.474784,-0.302736,0.256932,-0.024101,275.168633,70.000000
-0.084074,0.961247,0.124229,0.201639,201.579608,70.000000
-0.318761,0.577595,-0.214638,-0.031332,251.764402,70.000000
-0.365923,-0.065110,-0.102148,-0.000111,343.791036,70.000000
-0.296247,0.979120,-0.489153,0.680595,139.765783,70.000000
0.077248,0.307889,0.041054,0.000899,345.210335,70.000000
0.693494,-0.444051,0.122406,0.079954,185.843070,70.000000
0.832088,0.896318,0.827312,0.871115,130.623817,70.000000
0.411331,-0.753677,0.396924,-0.233535,185.001964,70.000000
0.955338,0.369042,-0.118526,-0.046807,204.190906,70.000000
0.496446,-0.231965,0.256746,-0.015092,280.308978,70.000000
-0.643243,-0.992751,-0.571216,-0.756469,130.669507,70.000000
0.835516,0.524739,-0.188665,-0.097129,162.349743,70.000000
-0.711740,-0.214807,0.223580,-0.058113,252.290418,70.000000
-0.257361,0.530917,0.041797,-0.009707,305.555600,70.000000
-0.875558,0.495551,-0.596004,0.486387,164.989877,70.000000
0.731544,-0.934091,0.768691,-0.880177,130.649762,70.000000
0.725929,0.683057,-0.482537,0.230085,152.488333,70.000000
0.142188,-0.238065,-0.067218,0.010264,352.966505,70.000000
0.845845,0.116708,-0.135256,0.087351,208.489936,70.000000
-0.481761,-0.948813,-0.327848,-0.265069,160.345249,70.000000
-0.705847,0.832545,-0.685598,0.695072,139.838215,70.000000
0.585037,0.712857,0.740466,0.525425,156.989894,70.000000
0.982112,0.348741,0.091201,-0.022531,238.073365,70.000000
-0.703717,0.628605,-0.550418,0.355948,157.160219,70.000000
0.963539,0.200985,-0.109929,0.010065,268.135591,70.000000
-0.052100,0.352803,0.040034,-0.003485,320.464852,70.000000
-0.432310,0.165176,0.220174,-0.016155,309.296017,70.000000
0.112798,-0.201114,-0.034402,0.000078,346.812336,70.000000
-0.117275,0.950777,0.026769,0.114846,238.680384,70.000000
-0.295739,-0.477944,-0.077636,0.009507,333.195434,70.000000
-0.797802,-0.657826,-0.529626,-0.247180,148.997631,70.000000
-0.085804,-0.103916,-0.024890,-0.000004,340.997067,70.000000
-0.516402,0.823504,0.424051,0.455734,152.749496,70.000000
0.623947,0.672485,0.402312,0.166244,157.481412,70.000000
0.463446,-0.870257,0.728636,-0.350600,156.931246,70.000000
-0.407292,0.639306,0.325022,0.025806,208.815424,70.000000
0.820580,-0.517325,0.563298,-0.529661,164.999273,70.000000
-0.680847,-0.995876,0.215172,0.175991,127.681226,70.000000
0.305004,0.206100,-0.117197,0.012391,350.694193,70.000000
-0.078260,0.686224,-1.323559,-0.654768,127.294609,70.000000
-0.627199,0.661875,0.483432,0.194963,160.717006,70.000000
0.130856,-0.695422,0.138437,-0.106534,239.178871,70.000000
0.048533,-0.304717,-0.019883,0.000274,338.843014,70.000000
0.616838,-0.812099,-0.613708,-0.714626,144.329588,70.000000
-0.951264,0.101796,-0.264852,0.014660,247.116440,70.000000
0.886042,-0.283955,0.252926,-0.073613,221.067315,70.000000
-0.436193,0.902319,-0.361602,0.142429,164.159477,70.000000
-0.719557,0.402743,-0.087108,-0.082093,192.453679,70.000000
0.899336,-0.864780,0.882913,-0.841649,130.620961,70.000000
-0.354977,-0.099507,0.113922,-0.004527,350.470018,70.000000
-0.411142,-0.057266,-0.171947,0.003208,313.344459,70.000000
-0.463577,0.665224,0.545349,0.277611,183.129666,70.000000
0.424710,0.094797,0.154248,-0.006154,329.871534,70.000000
-0.743348,0.544788,-0.549833,0.433035,165.056643,70.000000
0.243854,0.457526,-0.264402,-0.135735,217.995077,70.000000
-0.365794,0.107334,0.147031,0.004420,334.998696,70.000000
-0.037014,-0.095545,-0.006671,0.000003,317.496248,70.000000
0.180867,-0.162350,-0.005136,0.001595,364.338886,70.000000
-0.615565,0.200518,0.221357,0.004860,265.946921,70.000000
0.100196,-0.007350,0.036090,0.000002,342.060608,70.000000
0.465387,-0.247007,0.270374,0.018140,274.545108,70.000000
0.551897,-0.270184,-0.282997,0.024370,258.408912,70.000000
-0.977114,-0.351310,0.015688,-0.022228,229.850081,70.000000
-0.463577,0.653281,-0.058010,-0.090709,185.091600,70.000000
-0.301955,-0.958924,0.184839,0.257662,121.599734,70.000000
-0.643450,-0.458017,-0.534337,-0.322997,187.133872,70.000000
0.112136,0.667441,0.019917,-0.008287,328.324047,70.000000
-0.313352,-0.498981,-0.037923,0.009219,313.685318,70.000000
-0.378373,0.680285,-0.309676,-0.197044,209.026582,70.000000
-0.448516,-0.215468,0.081784,0.000037,301.206540,70.000000
0.627394,0.618063,0.689369,0.483710,165.010555,70.000000
-0.222299,-0.181310,-0.059621,-0.003287,360.270626,70.000000
0.717954,0.660710,-0.598715,0.435629,152.968187,70.000000
0.550642,0.646219,-0.685697,0.380939,168.837471,70.000000
-0.992273,0.870333,0.369489,0.459480,126.338068,70.000000
-0.309668,-0.597394,0.116994,0.028540,267.101136,70.000000
-0.395270,0.702652,0.277533,0.113543,216.695703,70.000000
-0.523786,0.726965,0.678061,0.349971,160.942408,70.000000
0.095289,-0.482146,0.084184,0.038262,287.184854,70.000000
0.572440,0.997750,0.842935,0.801156,130.740754,70.000000
-0.809221,-0.580671,-0.611057,-0.484417,157.061756,70.000000
0.666055,0.378077,-0.479402,0.247438,203.461576,70.000000
0.344993,0.295012,-0.094332,0.008790,324.803261,70.000000
0.270889,0.837350,-0.866361,-0.285664,139.954492,70.000000
-0.653782,-0.119062,-0.231464,0.021909,269.398629,70.000000
0.929638,0.428874,0.413119,0.173608,179.422916,70.000000
0.089070,0.995753,0.571781,0.141663,164.916421,70.000000
-0.372747,-0.752803,0.273377,-0.109554,202.244110,70.000000
-0.359075,-0.968379,-0.197374,0.928141,143.496683,70.000000
0.457540,-0.116821,0.185562,0.015416,310.648715,70.000000
0.587450,-0.720504,0.699686,-0.400957,156.936035,70.000000
0.482452,0.572224,-0.402550,0.068161,196.483748,70.000000
-0.632714,-0.032234,0.230274,-0.025694,286.574531,70.000000
0.244891,-0.122542,0.018140,-0.003228,364.366551,70.000000
0.443055,0.433476,-0.291173,-0.056960,249.040658,70.000000
-0.573379,-0.778513,0.571122,-0.492082,152.795176,70.000000
-0.462204,-0.255580,0.271997,-0.013996,282.489812,70.000000
0.471241,0.140629,-0.169221,0.011824,316.154698,70.000000
-0.452019,0.916727,0.939237,0.977478,138.130303,70.000000
-0.573665,0.420370,-0.414760,0.152983,206.595173,70.000000
-0.844491,0.637098,-0.553404,0.188770,149.055520,70.000000
-0.286788,-0.052231,-0.100388,-0.002190,358.922273,70.000000
0.159291,-0.791269,-0.015370,0.024226,285.383000,70.000000
-0.849686,-0.676976,0.438657,-0.086923,145.012909,70.000000
0.059722,-0.246346,-0.012231,0.003687,349.120859,70.000000
-0.337899,0.932335,-0.328310,-0.471190,137.753651,70.000000
-0.240200,0.954867,-0.036001,0.001078,200.464636,70.000000
0.447912,0.048764,-0.186490,0.000292,323.442167,70.000000
-0.423402,-0.110964,-0.070191,-0.004641,318.601259,70.000000
-0.975874,0.491360,0.038601,-0.079239,159.187491,70.000000
0.292311,0.877400,-1.079200,-0.396395,143.300428,70.000000
0.458475,-0.414886,-0.336353,0.038338,241.057623,70.000000
-0.989727,-0.341059,0.454868,0.044960,193.558874,70.000000
-0.178972,0.021903,0.062504,0.000003,368.313079,70.000000
0.117387,0.922653,0.212420,0.242254,175.656083,70.000000
-0.977762,0.746339,0.792769,0.641943,135.391983,70.000000
-0.285519,-0.717485,-0.090954,-0.071319,282.708596,70.000000
-0.777928,-0.638122,0.685737,-0.616787,152.876529,70.000000
-0.920862,-0.925653,0.815025,-0.918487,125.815280,70.000000
0.553326,-0.246188,-0.131450,0.001960,255.886087,70.000000
0.311202,0.369017,0.100387,0.011275,328.503434,70.000000
0.071678,0.686121,0.015823,0.602783,142.897696,70.000000
-0.366500,0.229989,-0.176389,-0.042821,314.119116,70.000000
-0.573527,0.733860,-0.606905,0.241411,156.771242,70.000000
-0.011240,-0.918450,-0.183567,0.211793,150.008929,70.000000
-0.390492,-0.991317,0.239751,0.199068,145.632761,70.000000
0.932688,-0.308626,0.385646,-0.096587,199.449073,70.000000
0.918349,0.699182,0.477217,0.188886,140.439668,70.000000
-0.850852,-0.265236,-0.322450,-0.031736,222.210343,70.000000
0.180517,-0.049423,-0.072742,-0.000053,366.661004,70.000000
-0.655184,0.321109,-0.406275,0.044413,223.368831,70.000000
0.884462,-0.851004,0.736008,-0.650427,130.713706,70.000000
-0.824161,0.322230,-0.331437,0.132741,211.785658,70.000000
-0.276779,0.180382,-0.090544,-0.001630,356.231369,70.000000
-0.320369,-0.449018,0.128393,0.027244,313.011925,70.000000
-0.652811,0.210282,-0.247164,-0.040356,270.016999,70.000000
0.210785,0.664579,-0.048794,0.012487,292.665974,70.000000
-0.425878,0.263786,-0.160317,0.009105,298.096985,70.000000
-0.540514,-0.419213,-0.017307,0.043793,213.955032,70.000000
0.287165,0.376172,0.081868,-0.005945,323.327926,70.000000
0.319662,0.559762,-0.176454,-0.026712,270.347553,70.000000
-0.084216,0.587822,-0.027583,-0.004927,326.308020,70.000000
-0.468394,-0.292414,0.215247,0.018694,280.600778,70.000000
-0.604930,0.942473,0.516218,0.586317,135.210076,70.000000
0.140907,0.228807,-0.018169,-0.001001,353.250373,70.000000
-0.436789,0.879855,0.532444,0.252936,153.146095,70.000000
-0.274129,0.715929,-0.035917,-0.039686,298.412961,70.000000
0.623094,0.345456,0.432733,0.156253,218.297237,70.000000
0.073093,0.470880,0.038157,-0.004749,330.217758,70.000000
0.074707,-0.393173,0.030099,-0.008115,314.760372,70.000000
-0.055504,-0.862213,-1.011115,-0.601565,128.765279,70.000000
0.779807,0.210635,0.241926,0.025750,236.848400,70.000000
0.142766,-0.531974,-0.000908,-0.001164,304.204811,70.000000
-0.883131,-0.786022,0.785358,-0.651844,135.352297,70.000000
-0.678452,-0.741854,-0.730922,-0.612953,148.621200,70.000000
-0.340065,0.530593,0.084297,0.003537,296.392525,70.000000
-0.328127,-0.829146,-3.793992,3.021138,115.179360,70.000000
0.548414,-0.811801,-0.759302,-0.255079,152.975610,70.000000
0.053762,-0.430384,0.035606,0.030673,289.286923,70.000000
0.534429,0.144611,-0.221276,-0.025373,294.667591,70.000000
0.474270,-0.946350,-0.011096,-0.113429,147.607040,70.000000
0.688869,-0.179902,0.197074,0.087312,245.966841,70.000000
0.385239,0.719717,0.290382,0.044499,199.479968,70.000000
0.291594,0.825762,-0.192330,0.134483,193.997512,70.000000
0.575420,-0.916006,-0.335429,0.093003,136.639030,70.000000
0.679727,0.176464,-0.237884,0.037387,275.851202,70.000000
-0.174978,-0.853535,-0.113809,0.152860,260.128240,70.000000
0.632635,0.690419,0.665502,0.405749,156.932845,70.000000
-0.135592,-0.898738,-0.544855,0.171917,133.391071,70.000000
0.909127,-0.310796,-0.265470,-0.014994,208.481214,70.000000
0.458801,-0.926848,-0.093918,-0.217991,141.278827,70.000000
0.464226,0.245392,-0.230607,0.020168,289.052978,70.000000
0.301136,-0.804810,0.089764,0.002954,289.202898,70.000000
-0.446139,-0.263387,0.012741,-0.006831,285.144099,70.000000
-0.745541,-0.310775,0.247409,0.036953,214.107511,70.000000
0.805744,0.143300,0.312972,-0.103493,209.262116,70.000000
0.448159,0.205740,0.198234,0.000461,305.149035,70.000000
-0.127229,-0.344080,-0.209417,-0.189195,289.754446,70.000000
-0.958303,-0.190488,0.247953,0.023430,230.158065,70.000000
0.464130,0.625302,0.001021,-0.063911,188.395497,70.000000
-0.547161,-0.128926,-0.210836,-0.002966,291.890379,70.000000
-0.858048,0.787400,0.568152,0.331848,135.673347,70.000000
-0.172948,-0.734510,0.035153,-0.092025,272.189695,70.000000
-0.906106,-0.929894,0.817343,-0.887900,125.821563,70.000000
-0.720072,-0.258309,-0.057163,-0.000488,231.121326,70.000000
0.606087,0.505413,-0.578478,0.372332,183.623100,70.000000
0.476530,-0.962789,0.319330,0.424100,146.812779,70.000000
0.405308,0.018201,-0.128171,-0.001860,282.198793,70.000000
-0.102499,-0.702295,0.084472,0.080407,213.357770,70.000000
0.531417,-0.479257,-0.089247,0.044578,202.271978,70.000000
-0.871497,0.744512,-0.839553,0.712201,139.878214,70.000000
-0.982261,-0.860896,-0.433569,0.118000,129.530195,70.000000
0.915252,0.641445,0.835675,0.479022,148.646478,70.000000
0.765215,0.974547,-0.761153,0.467409,126.117387,70.000000
-0.781283,0.984016,0.900586,0.834712,125.876122,70.000000
0.362301,-0.801300,0.598519,-0.099885,156.589437,70.000000
0.553305,-0.596732,-0.652833,-0.361230,176.346039,70.000000
0.733671,0.806636,0.724778,0.764550,139.860919,70.000000
-0.867731,0.041557,0.245986,0.027892,203.747201,70.000000
0.451544,-0.898371,-0.884312,-0.333431,144.396407,70.000000
-0.924195,-0.952157,0.795469,-0.774424,125.742311,70.000000
-0.906050,0.023499,-0.761804,0.010258,168.967814,70.000000
0.950204,0.070830,0.516257,0.002458,195.003081,70.000000
0.447858,-0.855260,0.551718,-0.262800,156.810058,70.000000
-0.353310,-0.081731,0.005788,-0.003972,340.052540,70.000000
0.347388,0.547767,0.002079,0.334693,199.648178,70.000000
0.316699,0.753781,0.129434,0.085749,267.602379,70.000000
0.795029,0.057276,0.503003,0.006175,201.747898,70.000000
0.633863,-0.666030,0.385808,-0.141614,157.538121,70.000000
0.035891,-0.785227,0.497676,-0.965016,128.569202,70.000000
0.692900,-0.430811,0.364591,-0.172014,187.331803,70.000000
-0.647095,0.280984,-0.329471,0.003830,242.288390,70.000000
0.496992,0.940696,-0.246094,-0.005218,145.446936,70.000000
0.275216,-0.443032,0.097976,-0.055140,299.607392,70.000000
-0.036867,0.382331,0.029429,-0.000853,330.553270,70.000000
-0.166180,-0.983711,0.503201,-0.405711,129.620838,70.000000
0.768103,-0.495514,0.437269,-0.220995,172.404152,70.000000
-0.107657,0.600411,0.061143,-0.144606,179.930551,70.000000
-0.892065,-0.929141,0.774717,-0.779209,125.866764,70.000000
-0.069091,0.788562,-1.335456,-0.158567,116.722938,70.000000
-0.637219,0.263061,-0.281812,0.051131,247.382406,70.000000
-0.725952,0.927706,-0.752452,0.767645,130.683594,70.000000
-0.042544,0.962971,-0.259383,0.042377,191.122537,70.000000
0.648494,-0.762494,0.696623,-0.516018,148.578342,70.000000
0.765588,-0.768129,0.232956,0.057443,141.225603,70.000000
0.048018,-0.959993,-0.960200,-0.253434,169.020081,70.000000
-0.601523,0.194821,0.143181,0.047702,254.992668,70.000000
0.364040,0.420735,0.068284,-0.020583,306.735322,70.000000
-0.705628,0.510438,-0.569040,0.431126,172.686792,70.000000
0.927046,0.855548,0.932804,0.786554,130.623664,70.000000
-0.809493,0.853222,0.671637,0.566749,135.169425,70.000000
0.100469,0.587370,-0.025327,-0.000575,326.081307,70.000000
-0.066875,0.036758,0.014345,-0.000002,322.910925,70.000000
-0.211353,-0.214909,0.065979,0.034055,343.105082,70.000000
0.019914,0.696067,0.042783,-0.028069,297.731033,70.000000
0.792131,-0.654187,0.006645,0.132991,150.721577,70.000000
-0.927220,0.207732,-0.224506,-0.135468,237.835564,70.000000
-0.640903,0.339310,-0.408217,0.137990,218.182046,70.000000
0.775929,-0.968933,-0.715741,-0.440050,126.146087,70.000000
-0.864448,-0.776278,0.064142,0.134588,137.355194,70.000000
-0.911816,-0.892638,-0.360363,0.020224,129.426696,70.000000
-0.574030,0.285389,0.224303,0.020943,249.628154,70.000000
0.524912,0.203504,-0.251068,-0.034121,281.710987,70.000000
0.295899,-0.830897,-0.290685,0.007775,193.050074,70.000000
-0.881443,-0.407294,-0.562167,-0.216950,186.544084,70.000000
0.602867,0.380638,-0.142958,-0.018886,210.540606,70.000000
-0.615705,-0.155861,-0.262011,-0.023466,268.203630,70.000000
0.439866,0.831033,0.139666,-0.139062,158.468755,70.000000
-0.833633,-0.872382,-0.692815,-0.580513,130.772012,70.000000
-0.117841,-0.557323,0.000266,0.009387,310.662029,70.000000
-0.923798,-0.271772,-0.100959,-0.297981,223.429601,70.000000
0.329927,-0.919214,-0.177925,0.207018,199.333970,70.000000
0.777910,0.332737,0.385904,0.074201,217.204024,70.000000
0.316369,-0.794019,-0.157799,-0.258557,188.469881,70.000000
0.918526,-0.331415,0.369454,-0.216695,205.978246,70.000000
-0.098652,-0.049942,0.009633,-0.000004,341.596400,70.000000
0.627070,-0.831877,-0.358529,-0.025226,143.380237,70.000000
0.649701,-0.481053,-0.498309,-0.263376,183.540788,70.000000
0.946689,0.998334,0.814223,0.897870,120.891061,70.000000
-0.992512,0.845451,-0.758385,0.534894,130.543646,70.000000
-0.511052,0.742350,0.616079,0.243071,160.827496,70.000000
0.684086,-0.570066,0.390055,-0.140274,165.476913,70.000000
0.897543,0.998095,0.530382,0.257796,121.521706,70.000000
0.979615,0.396632,-0.045255,0.121784,195.134235,70.000000
0.187459,0.617356,-0.173898,0.079677,215.231118,70.000000
-0.105717,-0.791147,-0.049000,0.032133,289.063387,70.000000
-0.802371,0.556100,0.599868,0.570143,161.054281,70.000000
0.367166,0.958964,-0.644176,0.334173,152.658374,70.000000
-0.690730,0.903805,0.614645,0.656139,135.233887,70.000000
0.255045,0.533882,0.037270,-0.142514,249.006656,70.000000
0.953307,0.232799,0.461842,-1.146955,143.718411,70.000000
0.652053,-0.943362,0.546251,-0.216651,131.256421,70.000000
0.910947,0.278897,0.130358,0.013999,198.652637,70.000000
-0.571654,0.210375,-0.269732,0.044026,265.064540,70.000000
-0.231846,-0.630959,-0.063808,0.243989,183.636846,70.000000
-0.522815,-0.946462,-0.257784,-0.100410,138.995410,70.000000
0.812059,0.269274,0.185024,0.060881,232.477029,70.000000
-0.304655,-0.333819,0.074767,0.045736,300.574107,70.000000
-0.488541,-0.900875,0.003079,-0.115063,169.891358,70.000000
0.994184,-0.748300,-0.874225,-0.714048,135.360751,70.000000
-0.674171,-0.788140,0.710984,-0.713976,144.300915,70.000000
-0.274172,-0.016055,-0.073650,0.000446,364.327462,70.000000
0.156845,0.090881,-0.005565,-0.000116,362.447189,70.000000
-0.556446,-0.183301,0.206699,-0.016899,268.750947,70.000000
-0.740072,-0.382038,0.464708,-0.281611,196.857105,70.000000
-0.914744,-0.096458,-0.388514,0.180826,213.505047,70.000000
0.822635,0.028332,-0.230163,-0.007063,210.186721,70.000000
0.168319,0.941135,1.429909,-0.746368,146.301500,70.000000
-0.343485,-0.945825,0.632174,-0.221535,160.648484,70.000000
-0.478134,-0.001448,-0.197624,-0.000073,310.413837,70.000000
-0.336025,0.431609,-0.132180,-0.003000,318.012828,70.000000
0.051082,0.542635,0.118117,0.052688,307.912671,70.000000
0.070172,-0.619255,-0.103033,0.032085,245.550027,70.000000
0.189283,-0.727320,-0.044668,-0.142903,251.288493,70.000000
-0.060281,0.852308,0.172922,-0.382005,136.194156,70.000000
0.741564,-0.534198,-0.333674,-0.058040,168.232102,70.000000
-0.265048,-0.666536,0.058651,0.031718,313.782005,70.000000
-0.473016,0.016126,0.189707,-0.007582,307.223835,70.000000
-0.969444,0.559260,-0.675112,0.370752,156.937555,70.000000
-0.515281,-0.335984,0.372898,0.050654,246.052671,70.000000
-0.880203,0.431869,-0.398262,0.207543,179.531594,70.000000
0.429826,0.093572,0.185697,0.004938,316.537227,70.000000
0.669466,-0.291545,0.408158,-0.003413,228.650363,70.000000
-0.000127,-0.127998,0.000051,-0.000004,313.843654,70.000000
0.743866,0.157290,0.079010,0.010299,283.314958,70.000000
-0.429520,-0.944620,0.177835,-0.055724,160.124360,70.000000
-0.221722,-0.478193,0.079108,0.020675,323.706471,70.000000
-0.995381,0.627957,-0.515597,0.548286,148.824112,70.000000
0.066901,0.401628,0.004916,-0.004804,341.627943,70.000000
0.169018,0.691427,-0.193924,0.151355,150.268831,70.000000
0.808575,-0.272030,-0.292059,-0.056559,247.541650,70.000000
-0.012268,-0.188680,0.017555,0.000054,332.323044,70.000000
0.855471,-0.098856,-0.684365,0.071848,186.300588,70.000000
0.528776,-0.853941,0.154082,-0.224420,149.489249,70.000000
-0.187264,0.661831,-0.219694,-0.052702,161.772604,70.000000
-0.613353,-0.623696,-0.682765,-0.458420,165.007999,70.000000
-0.461554,0.654238,-0.287785,-0.053988,178.976285,70.000000
-0.219768,0.358873,0.023065,-0.000467,343.784818,70.000000
-0.423820,0.855869,0.884477,0.276631,153.007074,70.000000
0.590811,-0.231430,-0.330719,-0.103740,251.431122,70.000000
0.351258,-0.400501,-0.126781,0.019635,320.593296,70.000000
0.785681,0.940753,0.569717,0.447451,130.309222,70.000000
-0.767541,-0.056164,0.224537,-0.020957,240.687703,70.000000
0.050091,-0.120034,0.000244,0.000019,330.616036,70.000000
0.594628,-0.085631,0.185598,0.034258,299.430408,70.000000
0.795112,-0.551994,-0.575197,-0.466594,161.098031,70.000000
0.635740,0.888514,-0.455399,0.156309,136.043846,70.000000
-0.752967,0.887327,0.445125,0.204623,134.661708,70.000000
-0.697608,-0.696599,0.563856,-0.314620,152.637633,70.000000
0.255363,-0.106292,0.061218,0.002416,364.545331,70.000000
-0.444785,0.492862,0.191695,-0.040905,230.665391,70.000000
-0.474300,0.437042,0.276077,-0.045438,230.988548,70.000000
-0.641970,0.407955,0.303221,0.088483,197.561803,70.000000
0.498775,0.919541,-0.377396,0.098198,143.719302,70.000000
0.720396,-0.301206,0.182546,-0.027986,218.124886,70.000000
-0.375735,-0.976900,-0.646835,0.153937,139.417315,70.000000
-0.754624,-0.957658,-0.434714,-0.251740,130.000983,70.000000
0.635149,0.952672,0.619544,0.326723,131.087903,70.000000
-0.447299,0.240219,-0.110345,0.002402,288.604687,70.000000
-0.634189,-0.818580,0.635326,-0.546849,144.229510,70.000000
0.123708,-0.846093,0.346660,0.367142,182.753019,70.000000
-0.284250,0.609574,-0.191199,0.098742,239.291187,70.000000
-0.885256,-0.489402,-0.644175,-0.388775,165.016667,70.000000
0.613533,-0.351756,0.387474,-0.111688,218.266943,70.000000
0.029009,-0.443844,0.016764,0.001006,317.087898,70.000000
0.315151,0.736628,-0.230136,-0.100117,222.337812,70.000000
0.515132,-0.181665,0.064744,-0.014116,286.308243,70.000000
0.752211,0.403244,-0.479460,0.331405,190.352156,70.000000
-0.673465,-0.920641,0.429567,-0.243365,134.729271,70.000000
0.787803,0.603044,0.591880,0.539972,156.987443,70.000000
-0.632913,0.625797,-0.402313,0.134408,164.552081,70.000000
-0.232175,-0.173593,-0.012550,0.001621,361.248897,70.000000
0.415622,-0.635641,-0.002607,-0.003712,212.380766,70.000000
0.788630,0.511739,-0.445074,0.273549,168.653641,70.000000
0.799588,0.668978,0.724559,0.623635,148.650627,70.000000
-0.481027,-0.615488,0.569167,-0.285861,183.320004,70.000000
-0.514721,-0.919578,-0.268431,-0.713925,148.780590,70.000000
0.651131,-0.446257,-0.223760,0.018638,189.754024,70.000000
-0.242848,0.454006,0.109369,-0.142507,247.748873,70.000000
0.479925,0.097078,-0.130476,-0.009431,314.799648,70.000000
-0.411920,0.852834,0.838655,0.263223,152.965892,70.000000
-0.412682,0.050851,0.049782,0.000748,325.111202,70.000000
0.650363,0.645070,-0.569634,0.327113,160.910011,70.000000
-0.302931,0.636473,-0.090937,-0.092860,280.585969,70.000000
-0.791967,-0.594499,-0.637166,-0.600217,157.013615,70.000000
0.247415,0.309653,-0.131868,-0.113505,275.738191,70.000000
0.342880,0.786399,-0.552427,0.268142,132.686446,70.000000
-0.987730,-0.778504,0.780704,-0.322895,135.102579,70.000000
-0.317525,-0.648028,0.460132,0.092569,186.233909,70.000000
0.591227,0.746968,-0.661109,0.572816,152.866981,70.000000
0.283132,0.596245,0.137397,-0.086436,281.726201,70.000000
-0.906889,-0.086474,0.240986,0.077692,254.884272,70.000000
0.628867,-0.630027,0.271477,-0.005136,164.117132,70.000000
-0.867384,-0.121177,-0.517331,0.066977,175.874604,70.000000
-0.615320,0.308767,0.004672,-0.005788,230.384661,70.000000
-0.557901,-0.639202,0.692831,-0.406841,168.847674,70.000000
0.927236,0.062324,0.310724,-0.004507,200.378252,70.000000
-0.516179,0.577938,-0.544827,0.230396,186.894374,70.000000
-0.594476,0.635228,-0.672697,0.432188,165.009501,70.000000
0.270131,0.097806,-0.094737,0.001876,359.195890,70.000000
-0.182264,0.694418,-0.073187,-0.067548,172.801037,70.000000
-0.912903,0.837297,-0.746980,0.640474,130.722228,70.000000
0.456422,-0.913271,-0.423305,0.744371,134.568515,70.000000
0.649347,-0.421924,0.515339,-0.291637,193.898412,70.000000
0.716314,-0.912059,0.317540,0.041461,131.923201,70.000000
-0.969253,-0.240193,0.380086,-0.023905,211.627926,70.000000
-0.926047,-0.073104,0.385892,-0.092416,219.865276,70.000000
-0.660653,0.397006,-0.277519,0.015596,199.857699,70.000000
0.475320,0.707106,0.157374,-0.104502,173.464298,70.000000
0.322241,-0.102157,-0.054142,-0.004657,351.972172,70.000000
-0.948489,0.745579,0.512708,0.283058,135.793834,70.000000
0.952725,0.449790,-0.115394,-0.034728,167.428764,70.000000
-0.372353,-0.129738,0.232431,0.012284,320.645672,70.000000
-0.505859,0.035529,-0.124084,0.014878,310.038261,70.000000
-0.868319,0.157839,-0.269492,-0.179491,218.334240,70.000000
0.798881,0.785967,0.754227,0.703707,139.846994,70.000000
-0.250898,-0.844337,-0.052966,0.117029,145.572925,70.000000
-0.769525,0.600842,-0.636346,0.558917,157.018210,70.000000
0.349753,0.301606,0.065875,0.013448,326.909605,70.000000
-0.908411,0.342132,-0.387944,0.210623,192.089815,70.000000
0.215231,-0.612237,-0.046005,-0.006784,310.130904,70.000000
0.127878,-0.761128,-0.026371,0.148391,186.457660,70.000000
-0.285259,-0.353486,0.007233,-0.019521,290.728325,70.000000
0.955816,0.400744,0.450868,0.246027,172.159186,70.000000
-0.690001,-0.848537,-0.575113,-0.435947,139.636593,70.000000
0.633541,-0.074098,0.236048,0.046061,263.877666,70.000000
0.635057,-0.596496,-0.045063,0.101014,167.125615,70.000000
0.699840,0.211533,-0.271041,-0.044482,261.803656,70.000000
-0.758602,0.168912,0.084351,-0.050051,284.467268,70.000000
0.904447,-0.951516,-0.850096,-0.902579,125.798012,70.000000
-0.124036,-0.679590,0.099556,0.146721,212.318241,70.000000
0.133536,0.342375,-0.039867,0.004706,336.238990,70.000000
0.298013,0.705703,-0.049042,0.116647,234.878470,70.000000
0.756307,-0.746808,-0.744925,-0.702980,144.297626,70.000000
0.399481,0.085245,0.158848,0.006168,338.750100,70.000000
0.720757,-0.242407,-0.318046,-0.115231,230.436268,70.000000
-0.133968,0.394488,-0.052709,0.091832,271.583288,70.000000
0.162305,-0.135281,-0.046949,-0.000141,360.522288,70.000000
0.327163,0.636403,0.169163,0.163773,212.782477,70.000000
0.030994,0.911391,-0.333478,0.262156,204.336402,70.000000
-0.259411,0.081713,0.106495,-0.000688,364.402208,70.000000
-0.653023,0.638531,0.672111,0.476040,161.037569,70.000000
-0.215741,0.041267,0.052102,-0.000322,369.214821,70.000000
-0.421185,-0.851420,-0.438621,0.024433,157.475083,70.000000
0.179785,-0.358893,-0.028037,-0.000159,329.286438,70.000000
0.080869,-0.841745,0.173015,0.168773,222.484840,70.000000
0.783970,0.182649,-0.199960,-0.036689,270.854234,70.000000
-0.211602,-0.391044,-0.090582,-0.010807,309.354927,70.000000
-0.280764,-0.792646,0.111394,-0.013577,236.441586,70.000000
-0.000963,-0.186536,-0.000506,0.000009,321.215877,70.000000
0.888873,-0.705390,-0.111843,0.100885,142.532453,70.000000
0.503905,-0.864252,-0.437513,-0.492238,152.835965,70.000000
0.516040,-0.910478,-0.428842,0.788400,145.989402,70.000000
-0.401751,-0.223033,0.175296,-0.024039,324.087506,70.000000
-0.520849,0.085825,0.182967,0.032184,290.624412,70.000000
0.462207,0.316344,0.015616,0.000444,266.326823,70.000000
0.788147,0.379093,0.421474,0.074725,193.653511,70.000000
-0.588357,-0.511895,0.447810,-0.174763,183.815649,70.000000
0.572787,0.834030,-0.759836,0.254706,144.671770,70.000000
-0.449847,-0.579804,-0.427377,-0.169868,205.691702,70.000000
-0.757568,-0.437640,0.203546,0.044481,182.556927,70.000000
0.589421,0.406216,0.486471,0.215765,206.679263,70.000000
-0.732448,-0.246889,0.327333,-0.002753,235.223669,70.000000
0.532579,-0.949836,-0.840944,-0.349102,135.653040,70.000000
0.106617,-0.093223,-0.035362,0.000046,347.921407,70.000000
-0.796668,0.406239,-0.349950,0.197213,186.637002,70.000000
-0.344573,0.765891,-0.381686,0.229564,192.697621,70.000000
0.332347,-0.249298,0.026678,-0.010608,307.467375,70.000000
0.050903,-0.475948,0.048629,-0.016428,323.674480,70.000000
0.734512,0.941607,0.741310,0.891046,130.645707,70.000000
-0.414699,0.145814,-0.112833,-0.010236,323.704397,70.000000
0.695307,0.026102,0.187831,0.002191,289.674995,70.000000
0.693456,0.917849,-0.073088,-0.150663,133.221375,70.000000
0.293145,0.883188,-0.002754,0.001649,208.859145,70.000000
-0.251225,-0.332077,-0.088308,0.054614,311.080286,70.000000
0.774958,0.727393,-0.723755,0.639887,144.315561,70.000000
-0.701650,-0.626526,-0.424683,-0.174827,157.456084,70.000000
-0.024435,-0.684133,-0.015339,-0.029770,281.608509,70.000000
-0.220131,0.258140,0.018859,0.004969,352.465798,70.000000
0.554944,0.951165,-0.847745,0.735512,135.439731,70.000000
0.226476,0.379335,-0.085967,-0.017066,346.789794,70.000000
-0.524076,-0.149286,0.246824,0.021958,289.385721,70.000000
0.950235,0.599439,0.724817,0.360448,156.757711,70.000000
0.773144,0.239412,0.275375,-0.061589,237.226561,70.000000
-0.206100,0.083018,-0.066146,0.001012,367.738637,70.000000
-0.711249,0.035235,-0.264613,0.053413,238.516798,70.000000
0.197405,-0.208376,-0.079812,-0.007243,355.384797,70.000000
-0.177393,0.554594,0.007116,0.184701,240.638548,70.000000
-0.945535,0.395377,-0.276638,0.071265,197.156963,70.000000
-0.894620,0.120527,-0.189212,-0.031925,256.483125,70.000000
-0.296642,0.340888,-0.147092,-0.070956,306.135782,70.000000
-0.696202,0.940867,-0.741812,0.782360,130.692733,70.000000
-0.844602,0.778383,-0.512536,0.264636,139.417176,70.000000
0.277754,0.217380,0.099376,0.021861,333.007201,70.000000
-0.495140,0.186450,0.196670,-0.005194,295.014291,70.000000
-0.342684,0.508940,0.031560,-0.037232,295.889495,70.000000
-0.237346,0.933046,-0.208056,0.025929,253.403440,70.000000
-0.292528,-0.510056,-0.119484,0.058447,279.549410,70.000000
-0.512068,-0.329043,-0.289276,-0.032426,252.141636,70.000000
-0.220906,-0.768789,-0.038596,-0.115998,260.803245,70.000000
0.958882,-0.062786,0.588929,0.017245,195.856741,70.000000
0.751090,-0.425200,0.431578,-0.218927,186.826415,70.000000
-0.338046,0.463382,-0.170320,0.006975,262.405659,70.000000
0.059925,-0.833705,0.365463,0.729408,110.737131,70.000000
-0.074606,0.099447,-0.002956,-0.000015,334.552331,70.000000
-0.602076,0.912137,0.679762,0.558528,135.509148,70.000000
0.287355,-0.428603,-0.095398,0.026670,328.084444,70.000000
0.463201,-0.988978,0.349305,0.488437,143.766461,70.000000
0.253244,0.271237,-0.045594,-0.008339,347.864277,70.000000
0.684853,0.330780,-0.449611,0.127675,215.213386,70.000000
-0.580162,-0.789695,-0.435735,-0.231560,149.139552,70.000000
-0.398624,0.320972,0.072706,0.006643,310.218530,70.000000
0.568937,0.115920,0.173675,0.035717,298.688590,70.000000
0.274004,-0.823101,-0.068978,-0.001423,263.675842,70.000000
0.142826,0.477597,0.026624,0.075271,283.294748,70.000000
0.965388,-0.721881,0.792919,-0.449257,139.795571,70.000000
-0.646034,0.100703,0.019569,0.024173,296.279128,70.000000
0.519135,-0.902094,0.281961,-0.312926,169.998013,70.000000
0.504890,-0.309978,-0.256086,-0.004851,261.946900,70.000000
0.193218,-0.577814,0.168292,0.092335,175.403411,70.000000
0.688093,0.775403,-0.699557,0.707221,144.300928,70.000000
0.198398,0.481685,-0.070647,0.014312,266.040174,70.000000
-0.319591,0.639598,0.046668,-0.031543,311.019832,70.000000
-0.275903,0.905383,-1.165857,-0.499049,103.474279,70.000000
0.766510,0.740479,-0.749589,0.705395,144.299095,70.000000
-0.775602,0.456784,0.504729,0.403755,176.363743,70.000000
-0.838506,-0.771798,-0.721941,-0.600365,139.806335,70.000000
0.384321,-0.720488,0.390919,0.091837,210.032773,70.000000
0.755483,-0.600499,0.515840,-0.313207,157.226399,70.000000
-0.585444,0.436268,-0.500647,0.251217,200.426602,70.000000
0.362735,0.487633,-0.171596,0.001551,265.467358,70.000000
-0.358463,-0.692012,-0.403123,0.237306,164.350545,70.000000
-0.638965,0.917855,0.639340,0.815810,135.341407,70.000000
0.391272,0.103976,0.168983,0.002697,329.555587,70.000000
-0.471695,0.223277,-0.342040,0.024853,264.106345,70.000000
0.610581,0.037671,-0.166852,-0.001232,245.715247,70.000000
-0.856252,0.979294,0.811896,0.832055,125.776741,70.000000
0.993901,0.495396,-0.488282,0.233978,160.757207,70.000000
0.128917,0.700613,0.044420,-0.106434,200.157365,70.000000
-0.801546,0.416287,0.523770,0.347479,183.432290,70.000000
0.528456,-0.239641,-0.290800,0.016732,274.058207,70.000000
0.346901,0.370573,0.136737,-0.036925,306.925357,70.000000
0.215664,0.667413,0.088201,-0.113063,247.194589,70.000000
-0.787708,0.995679,0.896045,0.911471,125.860579,70.000000
0.383048,-0.104211,0.134136,-0.000833,328.404188,70.000000
0.529224,0.668249,-0.609741,0.252793,168.714002,70.000000
-0.746794,0.627573,-0.546278,0.386001,156.866533,70.000000
-0.377457,0.082267,-0.097528,0.005124,335.981015,70.000000
0.657038,0.834399,0.599906,0.642362,139.946739,70.000000
-0.258986,-0.769400,-0.092095,0.165283,157.469742,70.000000
0.698027,-0.258385,-0.202890,-0.051392,240.174278,70.000000
-0.673837,0.815540,-0.353449,0.108833,140.701927,70.000000
0.782138,-0.605364,0.600441,-0.545846,156.990762,70.000000
-0.348698,-0.567131,0.087679,-0.415228,181.529680,70.000000
0.220965,-0.238091,-0.047870,0.001560,357.271966,70.000000
0.397206,-0.155459,0.092657,0.009027,330.189953,70.000000
-0.801250,-0.608976,0.007039,0.132928,154.906236,70.000000
0.945036,-0.783852,-0.865300,-0.630464,135.301945,70.000000
-0.200543,-0.528173,0.203321,0.261068,180.842242,70.000000
0.994943,0.013174,0.480893,0.005091,207.633471,70.000000
-0.576807,-0.395507,-0.311681,-0.059944,212.413928,70.000000
0.706039,0.389321,-0.428958,0.240704,197.066379,70.000000
-0.686867,-0.181079,-0.294211,-0.001412,274.910321,70.000000
0.600397,0.874350,0.621446,0.796465,139.921102,70.000000
-0.805966,0.134463,0.331871,0.212304,208.063299,70.000000
-0.083275,0.391813,0.009962,-0.009247,319.050773,70.000000
-0.792814,-0.819567,0.562344,-0.358018,135.651540,70.000000
-0.468633,-0.323073,-0.137566,0.004335,265.213938,70.000000
0.118798,0.645489,0.018113,0.001981,312.968633,70.000000
0.736465,-0.226132,-0.068856,0.018946,228.486425,70.000000
-0.607340,0.432059,0.519645,0.279071,197.214713,70.000000
-0.391963,0.273959,-0.089021,-0.002735,318.160161,70.000000
0.434756,0.940528,0.085146,0.247118,187.727372,70.000000
-0.552686,-0.992022,-0.787768,-0.305158,131.068406,70.000000
-0.907935,0.330163,-0.291757,-0.074613,204.256193,70.000000
-0.952074,0.493493,0.705895,0.340072,161.092258,70.000000
0.136926,-0.683660,-0.095407,-0.007080,287.799913,70.000000
-0.277978,0.016321,-0.122759,-0.000357,361.619295,70.000000
0.302276,0.353140,0.089780,0.001467,319.906489,70.000000
-0.777602,0.847865,0.770260,0.819719,135.305898,70.000000
0.070191,-0.307796,-0.009909,-0.005440,334.473212,70.000000
0.867100,-0.657918,0.535463,-0.373731,148.449065,70.000000
0.380369,0.857288,-0.034598,0.548865,160.768555,70.000000
0.441343,-0.346651,-0.012995,0.018842,259.619635,70.000000
-0.164776,0.613231,-0.108427,0.026522,246.407891,70.000000
0.565471,-0.135198,0.210936,0.034182,295.546084,70.000000
-0.275501,-0.343826,0.068613,0.036663,317.634568,70.000000
-0.683571,-0.776756,0.689057,-0.700172,144.303832,70.000000
-0.931309,-0.507242,0.351520,-0.176173,160.583106,70.000000
0.786845,0.502810,-0.556462,0.499987,168.864881,70.000000
0.723150,-0.019706,0.213360,0.008713,269.139123,70.000000
0.806734,0.786482,0.717856,0.627657,139.811397,70.000000
0.394610,0.214865,0.127732,0.033930,297.108051,70.000000
-0.771887,0.890173,-0.438437,0.113798,131.462157,70.000000
-0.862698,0.632212,-0.604535,0.209492,148.992517,70.000000
-0.414485,-0.244273,-0.206831,-0.014246,305.364202,70.000000
0.500088,0.980964,0.532773,-0.408250,139.125183,70.000000
-0.933194,-0.193894,0.250517,-0.096072,243.168307,70.000000
-0.782161,0.212417,-0.123439,-0.053911,234.381091,70.000000
0.099431,-0.864885,-0.402571,-0.543562,153.614292,70.000000
-0.126789,-0.939365,0.219129,1.004003,113.040003,70.000000
0.099967,0.139368,0.032492,-0.000029,347.387463,70.000000
0.361545,0.495031,-0.008834,0.024352,267.023757,70.000000
-0.005955,-0.088455,-0.001558,0.000001,310.213307,70.000000
-0.656666,-0.579925,0.367337,-0.113065,168.389297,70.000000
-0.791469,-0.214947,0.276893,-0.074936,247.069566,70.000000
-0.610500,-0.672768,0.475060,-0.170438,160.679098,70.000000
0.783428,-0.922314,0.783283,-0.865444,130.627857,70.000000
0.671806,-0.954726,0.737553,-0.839754,130.690111,70.000000
-0.084739,-0.213634,-0.026200,0.000287,345.936566,70.000000
-0.549562,-0.481701,0.533650,-0.255200,197.138169,70.000000
0.043210,0.234951,-0.032907,-0.000122,343.458559,70.000000
0.829555,0.323859,-0.045919,-0.050572,216.452795,70.000000
-0.908732,0.934815,0.843819,0.933882,125.809763,70.000000
-0.557975,0.114605,0.168880,-0.033204,293.082180,70.000000
0.165230,-0.973129,0.024169,-0.057063,251.529106,70.000000
0.623315,0.050725,0.090374,0.029149,294.153267,70.000000
0.534285,-0.279012,0.190503,0.014997,260.486045,70.000000
0.641264,-0.268896,0.293274,-0.056778,242.805562,70.000000
0.667916,-0.341380,-0.436541,-0.156175,215.211132,70.000000
0.418173,0.225236,0.188301,-0.000602,306.750763,70.000000
-0.460737,0.390581,-0.255712,0.003043,248.294052,70.000000
0.487562,0.461649,-0.420930,0.113360,220.603392,70.000000
0.934124,-0.186128,-0.388339,-0.108443,177.611203,70.000000
-0.258733,-0.531906,-0.083689,0.025048,283.521629,70.000000
0.254964,-0.823946,0.135579,-0.279119,149.099538,70.000000
-0.063709,-0.756970,0.119132,0.042973,273.389553,70.000000
-0.393935,-0.862450,-0.115249,-0.053955,194.297449,70.000000
0.805874,0.320252,0.372264,0.112254,216.552580,70.000000
0.473158,0.359741,-0.265150,-0.043093,254.405388,70.000000
0.158866,0.059609,0.000968,0.000100,363.774131,70.000000
-0.146870,-0.448220,0.070589,0.026992,316.316827,70.000000
0.758315,0.996364,-0.995623,0.800667,125.924231,70.000000
-0.109997,-0.725060,-0.014044,-0.033600,266.013114,70.000000
-0.077659,0.784213,3.087451,0.233257,98.159151,70.000000
0.267028,-0.059952,-0.082178,0.000794,363.331948,70.000000
0.380871,-0.701816,-0.367545,0.013169,205.705651,70.000000
0.576611,-0.894557,0.555227,-0.697430,139.900679,70.000000
-0.824494,0.734124,0.270217,-0.009558,143.134083,70.000000
0.427109,0.424281,-0.015563,-0.031902,249.069727,70.000000
0.898936,0.415797,-0.454613,0.163253,182.990228,70.000000
0.298559,-0.116141,-0.098964,-0.007488,351.383575,70.000000
0.014294,0.237847,-0.010994,0.000094,336.192389,70.000000
-0.500509,-0.054562,0.045351,0.002194,313.287577,70.000000
0.975666,0.014009,-0.170929,-0.010780,204.273657,70.000000
-0.545473,0.234134,-0.303182,0.006935,265.685003,70.000000
-0.915381,-0.811963,0.507197,-0.187463,134.722537,70.000000
-0.666152,-0.020973,0.159819,0.008890,263.086134,70.000000
-0.494404,0.546963,0.341884,0.046868,196.513990,70.000000
0.810718,-0.270293,-0.088264,0.046716,225.466819,70.000000
-0.820693,0.607315,0.551960,0.241679,153.195958,70.000000
-0.853274,-0.971795,0.858354,-0.920283,125.809281,70.000000
-0.952400,-0.984856,-0.713364,-0.680967,121.026992,70.000000
-0.473245,0.169278,0.299061,-0.012108,285.228967,70.000000
-0.949223,0.408874,-0.493821,0.084363,171.976903,70.000000
-0.062725,-0.219586,0.022075,-0.000054,338.071683,70.000000
-0.575304,0.873929,-0.630515,0.546083,140.058736,70.000000
0.128732,-0.393010,-0.019070,-0.000858,310.602390,70.000000
0.678481,-0.766681,-0.474849,-0.335363,144.634195,70.000000
0.387009,0.461220,-0.056829,-0.000866,310.213286,70.000000
-0.278189,0.480586,-0.078565,0.040422,312.962254,70.000000
-0.787349,-0.974479,0.842359,-0.733063,125.909850,70.000000
-0.065001,-0.472515,-0.023697,-0.000359,333.855664,70.000000
0.440665,0.251847,0.224772,-0.011418,296.286368,70.000000
0.796231,0.246225,-0.227201,-0.072447,248.697956,70.000000
0.301384,-0.643264,0.058888,-0.030884,271.588058,70.000000
0.668101,0.777005,-0.580421,0.547712,144.398523,70.000000
-0.876293,0.143443,0.115758,0.071970,223.170756,70.000000
0.849727,-0.634742,0.520976,-0.139527,149.142816,70.000000
-0.100482,-0.799199,0.039937,0.035256,278.022177,70.000000
-0.134899,0.749592,0.132108,0.278585,201.360155,70.000000
0.386883,0.336861,0.267417,0.095150,250.389246,70.000000
-0.369251,-0.005649,0.129251,-0.000091,343.600567,70.000000
-0.944558,0.817667,-0.637214,0.489806,130.887774,70.000000
0.529299,-0.074962,0.021711,-0.002854,303.146978,70.000000
0.117377,0.752633,-0.059933,-0.091501,257.623627,70.000000
-0.504672,-0.023681,-0.035368,0.013150,300.265564,70.000000
-0.000985,-0.552951,-0.120774,-0.316015,195.433224,70.000000
0.552708,-0.635365,-0.493511,-0.231698,169.049232,70.000000
-0.577971,0.039227,-0.127821,0.000133,305.577650,70.000000
-0.715145,0.554680,-0.450593,0.245423,165.279040,70.000000
0.509935,0.477838,-0.473286,0.131430,209.315436,70.000000
-0.972851,-0.714439,-0.866693,-0.470366,139.829605,70.000000
0.426500,0.180769,0.162990,0.002533,309.241412,70.000000
0.191076,-0.587737,-0.118256,0.178397,199.553103,70.000000
-0.092008,-0.383759,0.013434,-0.004702,336.607979,70.000000
0.159105,0.080093,0.014430,0.000091,362.504838,70.000000
0.130277,-0.438156,0.000731,-0.003497,320.626932,70.000000
-0.082415,0.853895,0.041608,0.288210,144.276044,70.000000
-0.586389,0.564736,0.632622,0.394885,176.392555,70.000000
-0.483957,0.140855,-0.052481,-0.001586,308.985066,70.000000
-0.645398,0.792275,0.605434,0.639521,144.347051,70.000000
-0.234634,0.506135,-0.047317,0.009651,334.452471,70.000000
0.615510,0.881981,0.527885,0.521637,139.729313,70.000000
-0.538176,0.884219,-0.552498,0.168194,148.314872,70.000000
-0.937652,0.878231,-0.529536,0.083704,129.843708,70.000000
0.424772,-0.864264,-0.450155,-0.473898,152.787263,70.000000
0.308626,-0.924939,0.277944,0.066873,223.179602,70.000000
0.546001,0.631170,0.532723,0.229296,172.480589,70.000000
0.081825,-0.770531,-0.079281,-0.395884,157.142430,70.000000
-0.314212,-0.956383,0.180451,0.059682,181.038833,70.000000
0.074799,-0.852035,-0.849728,-0.619382,136.213369,70.000000
-0.160414,-0.084588,-0.008333,-0.000272,363.277964,70.000000
0.329185,0.603957,0.263442,0.020519,227.845934,70.000000
0.709901,-0.694327,-0.351124,-0.046927,152.058150,70.000000
0.441456,-0.454971,-0.132839,-0.014075,239.820768,70.000000
-0.692155,0.953237,-0.726613,0.904197,130.670630,70.000000
-0.945743,0.902688,0.667762,0.789002,125.890429,70.000000
-0.526410,0.622181,0.655020,0.324738,176.262515,70.000000
0.991684,-0.759686,-0.943276,-0.666290,135.343641,70.000000
-0.050203,0.245900,-0.021599,-0.000233,338.498097,70.000000
0.840472,-0.187243,0.326412,0.256962,204.122935,70.000000
-0.990303,-0.021746,0.457439,-0.017000,204.192259,70.000000
0.521665,-0.380491,0.390586,-0.092998,229.198622,70.000000
-0.907593,0.078146,0.494741,-0.023481,185.880547,70.000000
-0.602026,-0.244885,0.305231,-0.060821,250.637211,70.000000
0.222516,-0.179350,-0.074122,0.000062,360.522210,70.000000
-0.331090,-0.629836,0.164247,-0.113593,246.332424,70.000000
0.347203,-0.553150,1.000503,0.160998,143.074066,70.000000
-0.796493,-0.653347,-0.175839,0.101668,150.123552,70.000000
-0.808341,0.219072,0.282449,0.006294,232.348462,70.000000
-0.061189,-0.401599,0.061808,-0.016823,335.822167,70.000000
0.330961,0.468631,-0.062033,-0.019634,296.851458,70.000000
0.281828,0.677058,-0.087046,0.110325,258.490832,70.000000
-0.685537,0.177339,-0.336737,0.134950,238.408621,70.000000
0.542791,0.692428,0.329261,0.001058,164.209627,70.000000
-0.357186,0.774905,-0.563558,0.120885,179.819327,70.000000
-0.166018,-0.266317,0.055334,-0.011331,353.907577,70.000000
0.003524,-0.771595,0.002504,-0.095708,255.246291,70.000000
-0.195352,0.712913,0.045277,0.229789,228.570956,70.000000
-0.072980,-0.567945,0.133740,-0.168524,272.011555,70.000000
0.549253,-0.706367,-0.700598,-0.400833,160.992468,70.000000
0.083181,0.019387,-0.015338,0.000002,331.583723,70.000000
-0.167406,0.405530,-0.075340,-0.045258,296.080030,70.000000
-0.260048,-0.622725,0.142370,-0.157526,266.012605,70.000000
-0.147378,-0.984848,0.123930,-1.202138,114.008074,70.000000
-0.347178,0.979969,0.027819,-0.119215,186.983306,70.000000
0.341307,0.345199,0.090141,0.039265,316.652782,70.000000
-0.248065,0.774988,-0.061605,0.028628,308.093340,70.000000
-0.780626,0.026789,-0.297751,-0.024739,236.406919,70.000000
0.235238,-0.359842,0.045913,0.000430,346.106943,70.000000
0.129945,-0.007760,-0.050694,0.000006,355.549233,70.000000
-0.423196,-0.651224,-0.370139,-0.032236,204.814228,70.000000
0.881828,0.891300,0.752401,0.626384,130.509225,70.000000
0.086930,-0.972095,-0.027002,-0.293355,161.664239,70.000000
-0.005699,0.222247,0.011280,0.000073,328.700572,70.000000
-0.695259,0.786698,0.681354,0.561647,144.235898,70.000000
0.031994,-0.282718,-0.039874,0.000185,343.058190,70.000000
0.357656,-0.874514,-1.085215,0.651204,139.316341,70.000000
0.038562,0.103650,-0.009028,-0.000006,320.777042,70.000000
0.041347,0.921539,-0.321801,0.207066,151.818463,70.000000
0.297665,0.851282,-0.151184,0.068500,232.552157,70.000000
-0.507660,-0.240812,0.271748,-0.012978,278.593339,70.000000
0.672098,-0.053494,0.225599,-0.022964,214.495057,70.000000
0.928934,0.596969,-0.755540,0.394706,152.905522,70.000000
-0.739045,0.869659,0.734384,0.833685,135.312310,70.000000
0.357811,-0.262323,-0.105596,-0.011265,334.673162,70.000000
-0.856966,0.980828,0.797483,0.803357,125.762359,70.000000
0.778579,-0.423165,-0.431662,-0.227808,183.604363,70.000000
-0.132633,0.838746,-0.179949,0.225805,202.033198,70.000000
0.811160,-0.838029,-0.793953,-0.801523,135.301139,70.000000
-0.749410,0.667906,0.553496,0.375856,152.691001,70.000000
-0.507393,0.238610,-0.256264,0.017823,279.600871,70.000000
0.325141,0.652664,-0.245753,0.083025,237.679801,70.000000
-0.668059,-0.074698,0.181116,0.055604,269.396967,70.000000
0.551250,0.855749,-0.429786,0.018164,145.174643,70.000000
0.578511,-0.964442,0.034072,0.162907,132.905519,70.000000
0.622026,0.394879,-0.443704,0.202381,203.621599,70.000000
0.739132,0.592683,-0.575228,0.439169,160.989388,70.000000
-0.785173,-0.394436,0.479047,-0.208366,190.282065,70.000000
0.716815,-0.488052,-0.572423,-0.390964,176.367779,70.000000
-0.692532,0.615615,0.641821,0.486455,161.034196,70.000000
0.647250,0.336091,0.411433,0.138485,218.175482,70.000000
0.687061,-0.565796,0.134718,0.081831,166.416668,70.000000
0.659698,-0.454915,0.530605,-0.291812,187.083078,70.000000
0.237101,0.960974,0.254225,0.102664,175.062138,70.000000
-0.903417,0.267452,-0.092641,-0.044485,279.537041,70.000000
-0.941243,0.522210,-0.241712,-0.066230,158.130663,70.000000
0.787146,-0.436394,0.498992,-0.370356,179.950453,70.000000
-0.470752,0.072207,0.020773,-0.005110,322.079843,70.000000
-0.423859,0.196278,0.311124,-0.013678,287.804616,70.000000
0.849102,0.863226,0.659905,0.521221,130.824744,70.000000
0.235440,-0.957735,-0.679575,0.374737,160.065833,70.000000
-0.656624,0.114587,-0.162819,-0.045965,286.562203,70.000000
-0.128149,0.201345,-0.028848,0.000365,354.527466,70.000000
0.002207,-0.908120,0.036036,0.014092,289.946703,70.000000
-0.778377,-0.183071,-0.280849,0.092325,213.196988,70.000000
-0.873219,-0.191672,-0.193758,0.061119,226.615007,70.000000
0.562846,-0.239278,-0.033439,0.008372,267.284696,70.000000
0.459296,-0.616887,0.522360,-0.211347,193.266582,70.000000
-0.027702,0.420445,0.002274,0.000322,325.669593,70.000000
0.424711,0.120202,-0.161707,-0.008120,323.953914,70.000000
0.228312,-0.760337,-0.473397,1.368023,115.289086,70.000000
-0.977818,-0.180022,0.416180,0.007192,195.077361,70.000000
0.375725,0.814158,-0.469158,0.183440,168.893591,70.000000
-0.442143,0.900589,-0.392712,0.222917,164.025945,70.000000
0.194008,0.685394,-0.179703,-0.230688,213.927391,70.000000
-0.590021,-0.485969,0.281188,-0.056247,190.019560,70.000000
0.321267,-0.470883,-0.224788,-0.075435,246.111565,70.000000
-0.127786,0.303894,0.059057,-0.063921,312.519058,70.000000
-0.459791,0.297019,0.277317,-0.069666,260.339082,70.000000
-0.007211,0.808163,-0.164535,-0.890491,129.879329,70.000000
0.800647,0.471464,0.523788,0.443895,172.641282,70.000000
-0.105093,-0.301198,0.006988,-0.003079,348.420865,70.000000
-0.232638,0.060019,-0.051302,0.000838,367.245076,70.000000
0.733087,-0.998646,-1.063685,-0.609095,126.026589,70.000000
-0.248682,0.402434,0.040824,-0.031001,293.555383,70.000000
-0.283536,0.602703,0.076702,-0.023011,303.051719,70.000000
-0.378705,-0.893671,-0.252397,0.181520,178.443471,70.000000
0.075692,0.162854,-0.007135,-0.000018,342.341058,70.000000
-0.913862,0.726043,-0.871177,0.680196,139.895919,70.000000
0.607280,0.548933,-0.620694,0.411325,176.404470,70.000000
-0.091129,0.401880,-0.036214,-0.003733,339.924442,70.000000
0.400768,-0.300373,0.149945,-0.040159,289.549026,70.000000
-0.371292,-0.311099,0.143717,0.037214,314.840628,70.000000
-0.635930,-0.080796,-0.145954,0.004358,286.271559,70.000000
0.067637,0.769014,-0.067161,-0.052475,294.030386,70.000000
0.812598,-0.666334,0.733928,-0.650175,148.650590,70.000000
0.920044,-0.828127,0.638932,-0.476959,130.879126,70.000000
-0.326849,0.654754,-0.413006,0.052392,173.437512,70.000000
0.458361,-0.332425,-0.234328,-0.029150,259.848209,70.000000
0.936800,0.798950,-0.648376,0.344313,135.023167,70.000000
-0.047794,0.721064,-0.034374,-0.014767,314.582760,70.000000
0.927145,0.521234,-0.408643,0.251012,160.738923,70.000000
0.377958,0.333945,0.175287,-0.077655,293.641548,70.000000
0.608047,-0.561491,0.237258,0.022952,173.609422,70.000000
-0.983249,0.542427,-0.279381,0.029577,156.124051,70.000000
0.566338,0.439145,-0.475879,0.214676,203.547313,70.000000
0.708957,-0.556781,0.399309,-0.168448,165.425405,70.000000
0.178598,-0.299574,-0.034043,0.003121,335.852574,70.000000
-0.944937,0.447519,0.378060,0.166340,168.378465,70.000000
-0.548756,-0.937277,0.819552,-0.318628,135.679494,70.000000
-0.819100,-0.615983,0.690176,-0.545020,152.912953,70.000000
-0.831037,0.763665,-0.806676,0.736031,139.864585,70.000000
0.924556,-0.993739,0.676716,-0.565492,121.121432,70.000000
0.225143,-0.015305,-0.098370,-0.000239,368.345757,70.000000
0.776646,-0.908796,0.786490,-0.808535,130.650035,70.000000
-0.131355,0.312222,0.042567,0.002182,339.875304,70.000000
-0.487227,-0.824941,-0.738001,-0.349659,157.034956,70.000000
-0.788347,0.251280,0.333856,0.191517,212.161997,70.000000
-0.743253,0.151635,-0.138768,0.008298,269.907904,70.000000
0.530213,-0.702564,-0.081957,0.071644,162.628498,70.000000
0.010092,-0.385618,0.054811,0.049716,308.248870,70.000000
0.911449,0.728700,0.863366,0.676308,139.894130,70.000000
-0.746383,-0.458675,-0.314432,-0.032089,179.385438,70.000000
-0.947714,-0.220949,-0.125548,0.041552,271.727073,70.000000
0.514378,-0.850209,0.575081,-0.027937,149.259531,70.000000
0.534543,0.068207,0.035795,0.008819,308.068787,70.000000
0.357991,0.752160,-0.085311,-0.053886,176.823536,70.000000
-0.447106,-0.517222,-0.312069,0.071809,221.819328,70.000000
-0.950108,-0.466331,-0.673698,-0.265248,164.998287,70.000000
0.377165,-0.986426,0.004866,-0.017619,164.235860,70.000000
-0.865844,-0.241393,-0.256526,-0.059201,212.758691,70.000000
0.913320,0.163093,0.175913,-0.031783,251.775265,70.000000
-0.903364,-0.839027,-0.696514,-0.571922,130.777282,70.000000
0.464953,0.470635,-0.420732,-0.018730,225.692558,70.000000
-0.044593,0.533567,-0.011179,0.069444,300.314575,70.000000
-0.338367,-0.938049,0.667953,-0.082292,161.009858,70.000000
0.203136,0.108340,-0.027179,0.001213,367.185230,70.000000
0.867646,0.528409,-0.638488,0.493027,161.068268,70.000000
0.963806,0.693900,0.780592,0.579896,139.941657,70.000000
0.372090,-0.277463,-0.174319,0.034019,301.335629,70.000000
0.683524,-0.015774,0.461479,0.006997,225.891044,70.000000
0.888730,0.889895,0.735603,0.574687,130.471281,70.000000
0.466196,-0.644339,0.586046,-0.303531,179.756562,70.000000
0.593806,0.093689,-0.208124,0.034520,292.771727,70.000000
0.636577,0.942278,0.087953,-0.167419,132.712518,70.000000
0.863975,0.830761,-0.646674,0.441004,135.068028,70.000000
0.592386,0.235018,-0.119260,-0.028280,254.775078,70.000000
-0.047502,-0.371223,-0.029876,-0.001587,335.728796,70.000000
0.854107,0.973044,-0.852493,0.909786,125.806422,70.000000
-0.049217,0.816578,-0.951870,-0.237935,130.329591,70.000000
0.220854,-0.105823,-0.012553,-0.001273,366.991285,70.000000
-0.569783,-0.343180,-0.414247,-0.065615,229.147509,70.000000
0.179367,0.620885,-0.164183,0.304857,178.990886,70.000000
-0.788945,0.206667,-0.134790,0.024442,247.972774,70.000000
-0.549765,0.101760,-0.124860,-0.006465,306.914452,70.000000
0.274099,0.776390,-0.146610,0.035332,244.219912,70.000000
0.783664,-0.951496,0.100144,0.146415,128.554839,70.000000
0.210150,-0.016036,-0.049546,0.000041,368.943698,70.000000
0.480794,0.703008,0.343532,0.237921,172.608219,70.000000
-0.540949,0.262960,0.131742,-0.010442,262.579997,70.000000
-0.438581,0.776602,-0.469332,0.083825,178.721150,70.000000
0.356011,-0.528098,0.244082,-0.020629,273.326071,70.000000
0.259466,0.836680,0.025041,0.006787,293.399194,70.000000
0.086311,0.623608,-0.079096,0.123656,264.560958,70.000000
0.974122,0.062974,0.038739,0.007994,190.783955,70.000000
0.405864,-0.651045,-0.485399,-0.145069,202.422583,70.000000
-0.120719,-0.925067,0.047214,-0.051779,269.336205,70.000000
0.391698,-0.723469,0.344591,0.008213,203.272601,70.000000
0.649627,0.276856,-0.317250,-0.014893,240.795977,70.000000
-0.889516,-0.099930,-0.233502,-0.082132,252.990984,70.000000
0.479651,-0.511730,-0.462897,-0.156290,209.152763,70.000000
-0.647678,0.479490,0.564608,0.355129,183.618178,70.000000
0.780330,-0.985451,-0.907323,-0.845041,125.875031,70.000000
-0.473201,0.917385,0.181709,0.086499,226.730391,70.000000
0.484870,-0.789588,0.500530,-0.147980,156.580917,70.000000
-0.613915,-0.064896,0.121194,0.036344,276.747073,70.000000
-0.704601,-0.225296,-0.145639,-0.055828,249.000128,70.000000
-0.550711,0.191831,0.025871,-0.006390,288.977051,70.000000
0.103018,-0.570098,-0.099714,-0.221578,227.550985,70.000000
0.359182,0.776724,-0.537529,-0.125681,158.864776,70.000000
0.400712,0.771357,-0.318650,0.193827,175.635095,70.000000
0.194732,0.852846,-0.019267,0.043561,274.008156,70.000000
-0.210777,-0.537291,0.094201,-0.021761,277.499402,70.000000
-0.243535,0.901174,-2.399173,1.227568,97.139986,70.000000
0.026260,-0.654438,-0.321522,-0.320471,201.554802,70.000000
0.865042,0.757466,0.756676,0.619582,139.834681,70.000000
0.736093,-0.483017,-0.469037,-0.218806,176.176323,70.000000
-0.070525,0.689966,-0.296250,0.995505,125.658958,70.000000
0.256269,-0.887197,0.320521,0.024559,211.919130,70.000000
0.885736,0.557560,0.684954,0.537265,157.042483,70.000000
0.903037,-0.655225,0.105438,0.092249,146.922208,70.000000
-0.359910,0.992289,0.501587,0.049079,174.239875,70.000000
-0.603720,-0.724041,0.359155,-0.178414,153.413108,70.000000
-0.951700,0.770664,0.925117,0.719123,135.334097,70.000000
0.546057,-0.412572,0.166535,0.009517,213.351534,70.000000
-0.105069,0.110156,0.034361,-0.000056,348.816871,70.000000
-0.606493,0.675753,0.456796,0.146756,160.630650,70.000000
-0.615979,-0.752648,0.127879,0.143187,151.233551,70.000000
0.246151,-0.932537,0.382528,-0.292715,193.509477,70.000000
0.845982,0.421793,-0.136127,-0.009353,182.223464,70.000000
-0.920094,-0.024478,0.271090,0.023289,221.182003,70.000000
0.600208,-0.298554,0.329579,0.029980,238.719881,70.000000
0.196268,0.669581,-0.097107,-0.015106,312.891416,70.000000
-0.350559,0.160560,-0.070722,-0.014736,334.494859,70.000000
0.525539,0.728484,-0.629366,0.270010,160.869323,70.000000
-0.371229,0.762444,0.434411,0.206073,182.283508,70.000000
0.402469,0.301250,0.124211,-0.011399,308.265228,70.000000
-0.893767,0.450969,0.483331,0.103522,169.173630,70.000000
-0.555813,0.443672,0.461116,0.178779,203.596696,70.000000
0.793256,0.259862,-0.203510,0.022836,239.674068,70.000000
-0.502312,-0.365276,-0.037939,-0.007503,240.279606,70.000000
0.802117,-0.815899,-0.585756,-0.393513,135.601834,70.000000
-0.806799,0.131429,0.121238,0.039884,253.928183,70.000000
0.927725,0.282078,-0.197124,0.082384,232.140532,70.000000
0.887347,-0.353952,-0.159423,0.035595,207.378402,70.000000
-0.872322,0.885061,-0.833121,0.813241,130.609412,70.000000
-0.778999,-0.635391,0.677896,-0.589822,152.882904,70.000000
0.990733,-0.745202,-0.819443,-0.691596,135.375239,70.000000
-0.613241,-0.736790,0.752813,-0.535641,152.843240,70.000000
0.773016,0.074998,0.048025,0.030635,237.883738,70.000000
0.492438,0.408744,0.149901,-0.012821,229.709220,70.000000
-0.239833,-0.875340,0.234484,-0.311023,158.729382,70.000000
0.158590,-0.585169,-0.279189,-0.026506,216.459516,70.000000
-0.930302,0.416374,0.593939,0.200586,182.982006,70.000000
-0.004679,-0.638161,-0.093709,-0.040797,304.859569,70.000000
0.430019,-0.669801,0.430764,-0.249749,192.841342,70.000000
0.647903,-0.688130,0.391534,-0.074661,156.357635,70.000000
0.596531,-0.105897,-0.011526,0.024049,295.193865,70.000000
0.191209,-0.353496,-0.037420,0.000824,339.637706,70.000000
0.789600,0.801200,0.611906,0.444908,139.651476,70.000000
-0.235834,0.339961,-1.355044,0.203003,181.066701,70.000000
-0.277047,-0.329297,0.075256,-0.048886,273.010245,70.000000
-0.498502,-0.325352,-0.359213,0.032680,248.958375,70.000000
-0.197227,-0.796191,-0.529530,0.205019,160.317436,70.000000
0.424276,0.804002,0.067013,-0.059078,173.818337,70.000000
0.862427,0.806001,-0.841281,0.777490,135.305517,70.000000
0.457759,-0.452296,-0.193577,-0.009306,235.493577,70.000000
0.262917,0.848296,-0.029511,-0.070466,196.086896,70.000000
-0.683578,-0.889737,0.696819,-0.843596,135.332490,70.000000
0.189182,-0.425673,-0.041473,-0.011018,318.478789,70.000000
-0.286460,-0.525030,0.143068,-0.085334,277.266799,70.000000
-0.171664,0.844215,-0.350789,-0.277510,172.400552,70.000000
0.715682,0.463567,0.562323,0.407155,180.011677,70.000000
-0.832036,-0.021126,0.212167,-0.037352,243.989695,70.000000
0.933366,-0.925563,-0.821687,-0.953221,125.809831,70.000000
0.054314,0.860048,-0.303670,-0.098362,170.427787,70.000000
0.833524,-0.956782,-0.819352,-0.791204,125.861974,70.000000
-0.630928,-0.007370,0.113731,-0.019398,276.155439,70.000000
0.132265,0.978578,-0.335613,-0.203083,164.729063,70.000000
0.966963,-0.254399,-0.475088,-0.009974,188.195652,70.000000
0.318193,-0.130117,0.038529,0.004040,354.530200,70.000000
-0.870622,-0.544528,-0.226361,0.095219,158.249011,70.000000
0.125827,0.772653,-0.014784,-0.027135,287.446403,70.000000
-0.025876,-0.896477,0.228519,0.147871,225.805642,70.000000
0.903144,-0.859871,0.885059,-0.840835,130.622399,70.000000
0.145614,-0.658010,0.168289,-0.157428,245.690794,70.000000
0.819243,-0.985313,-0.859806,-0.923686,125.825383,70.000000
-0.152275,0.711534,0.186456,0.125291,244.315689,70.000000
0.754378,0.824334,0.414189,0.118756,139.101547,70.000000
0.575874,0.719728,0.733748,0.523948,156.985192,70.000000
0.470427,0.464221,-0.302484,0.011918,225.424864,70.000000
0.157032,-0.760492,-0.034164,0.031307,293.338621,70.000000
0.411102,-0.606129,0.430384,-0.007438,205.610634,70.000000
0.794503,-0.794755,0.683136,-0.575056,139.772310,70.000000
0.555508,0.423091,-0.475432,0.186103,209.667509,70.000000
0.886878,-0.234636,-0.325399,-0.027328,183.462477,70.000000
0.467285,-0.338070,-0.054062,0.008093,260.019293,70.000000
0.057162,0.722570,-0.147849,-0.321428,214.384657,70.000000
0.227652,0.148947,0.074303,-0.000213,362.468951,70.000000
-0.651244,0.540317,-0.595184,0.406403,172.702422,70.000000
-0.891623,0.493090,-0.521284,0.416256,164.930485,70.000000
-0.629252,0.163130,-0.194975,-0.005113,266.508823,70.000000
-0.280808,0.465868,-0.053007,-0.008998,314.984445,70.000000
-0.154087,0.254029,-0.057086,-0.000584,351.045834,70.000000
-0.541925,-0.138997,0.233162,-0.032543,288.456735,70.000000
-0.127326,0.034719,-0.050979,0.000036,355.013112,70.000000
-0.484965,-0.810560,-0.100290,0.137404,155.306984,70.000000
0.923902,0.023141,-0.355946,-0.012102,226.133891,70.000000
0.933228,0.767004,-0.848236,0.682830,135.343378,70.000000
-0.968688,-0.745884,0.744486,-0.583435,135.429007,70.000000
-0.067570,0.344146,-0.036224,-0.000317,346.026402,70.000000
0.070085,-0.077479,0.003525,-0.000005,329.107169,70.000000
-0.194480,-0.622162,0.084957,-0.174011,214.169974,70.000000
-0.670162,0.595099,-0.631362,0.459609,164.999158,70.000000
-0.171951,0.018820,0.024868,0.000091,366.843016,70.000000
0.303175,-0.531464,-0.231135,0.044254,195.770121,70.000000
-0.322774,-0.857956,-0.562616,-0.216831,169.847848,70.000000
0.333280,-0.565958,-0.138732,0.031608,278.406656,70.000000
-0.060059,0.585251,-0.144011,-0.122087,232.866764,70.000000
0.320375,0.536329,-0.254882,-0.156617,198.918186,70.000000
0.088375,-0.677308,0.032646,0.000474,312.403120,70.000000
0.490087,0.886722,0.614228,0.056295,170.935417,70.000000
-0.865439,0.565952,-0.653141,0.564138,157.033846,70.000000
-0.044705,0.649917,0.032759,-0.011012,325.816937,70.000000
-0.853218,-0.026995,0.282920,0.074050,235.603461,70.000000
0.289385,-0.310361,0.102662,-0.020201,336.186466,70.000000
-0.229319,-0.169822,0.068029,0.001661,358.939932,70.000000
-0.196249,-0.365057,0.201200,0.030358,274.704883,70.000000
0.485895,0.442527,-0.177786,0.025683,221.401598,70.000000
-0.448906,-0.755276,0.690084,-0.112462,168.482488,70.000000
0.073169,-0.256427,-0.013139,-0.000236,340.634782,70.000000
0.223664,-0.878099,0.154495,-0.643729,151.894592,70.000000
-0.205652,-0.385134,0.007373,0.256514,227.311700,70.000000
-0.953149,0.417945,0.636261,0.259634,175.996617,70.000000
0.407564,-0.067642,-0.134878,0.004719,324.675063,70.000000
-0.863165,0.787811,0.644556,0.448366,135.523414,70.000000
0.734308,-0.481131,-0.559406,-0.385888,176.350276,70.000000
-0.361739,0.247837,-0.114320,0.035108,305.789767,70.000000
-0.601488,0.799095,-0.464039,0.215910,148.196700,70.000000
0.396663,0.707662,-0.475585,0.180902,189.398927,70.000000
-0.328942,-0.531162,0.044205,-0.077641,252.677583,70.000000
0.765822,-0.829634,-0.468405,-0.209932,135.903375,70.000000
0.335297,-0.671283,0.121570,0.026138,304.940481,70.000000
-0.261035,0.782773,-0.084134,-0.100180,273.756677,70.000000
0.071213,0.871131,0.121353,0.135939,245.072774,70.000000
-0.898699,-0.442067,-0.300840,-0.139883,172.083536,70.000000
0.171841,0.140011,-0.064746,0.000329,363.158341,70.000000
-0.830912,0.868207,-0.588032,0.383762,130.982619,70.000000
-0.038062,0.299820,-0.023925,0.000836,342.486702,70.000000
-0.919782,-0.774095,0.855930,-0.706124,135.331510,70.000000
-0.222314,-0.423317,-0.011473,0.023568,334.671079,70.000000
-0.693530,-0.167063,0.157945,0.045060,270.346596,70.000000
0.171263,0.417704,-0.040915,-0.004362,334.322385,70.000000
0.351768,0.156711,0.024149,0.001437,336.814795,70.000000
-0.164443,0.199145,0.047791,0.000053,357.774812,70.000000
-0.968998,0.051412,0.407166,-0.037645,216.007705,70.000000
0.083157,-0.383468,0.031575,-0.002432,333.612373,70.000000
-0.943513,0.377175,0.203910,0.098305,176.484616,70.000000
-0.816938,-0.283504,0.234588,-0.074644,218.206365,70.000000
-0.852535,-0.559423,-0.574493,-0.285882,157.232179,70.000000
-0.229614,0.876775,0.536278,-0.464750,134.351787,70.000000
-0.040819,-0.040738,-0.010139,-0.000001,310.757093,70.000000
-0.686401,-0.335238,0.403818,-0.124300,215.104992,70.000000
-0.345443,0.142586,-0.015575,0.005606,348.211899,70.000000
0.447486,0.896762,0.017369,0.130879,161.006675,70.000000
-0.126492,0.055033,-0.011051,0.000028,355.345554,70.000000
0.939470,-0.324273,-0.013031,-0.120455,170.122327,70.000000
-0.056768,-0.092414,0.002410,0.000009,327.195282,70.000000
0.798800,-0.566617,-0.482620,-0.361176,160.891753,70.000000
0.862404,0.421460,0.587727,0.228901,179.855582,70.000000
-0.519924,-0.364197,-0.340311,0.028213,238.411439,70.000000
0.947335,-0.137147,0.455387,0.019178,199.990699,70.000000
0.975761,-0.379910,-0.550324,0.241028,168.014510,70.000000
0.850183,-0.975277,-0.849452,-0.905953,125.806405,70.000000
0.512791,0.483895,0.161195,-0.000563,207.132506,70.000000
0.824311,0.192899,-0.189031,0.083626,257.186603,70.000000
0.049603,-0.320409,-0.056579,-0.013136,333.897307,70.000000
0.878665,-0.274963,0.241131,0.031613,235.593332,70.000000
0.690684,0.329852,0.417767,0.158943,212.336936,70.000000
-0.172184,0.104179,0.064976,0.000612,364.874730,70.000000
0.943075,0.264848,-0.025956,0.130987,214.063223,70.000000
-0.697660,0.428632,-0.316216,0.120267,187.455324,70.000000
0.013707,0.375636,-0.032932,-0.001534,327.055205,70.000000
-0.687331,0.033202,-0.021537,-0.030071,251.622034,70.000000
0.019526,0.166198,0.011331,0.000019,326.823958,70.000000
-0.709104,0.090082,-0.178845,-0.024858,294.980956,70.000000
0.004410,0.125335,-0.001541,-0.000003,313.641634,70.000000
0.513657,-0.959872,0.824892,0.434334,139.312871,70.000000
-0.569673,-0.490772,0.378336,-0.102609,190.830588,70.000000
-0.404633,-0.666615,-0.337093,0.005539,193.759855,70.000000
0.193480,-0.181445,-0.066839,-0.007400,358.889061,70.000000
0.462129,0.997882,0.542027,-0.538308,139.297810,70.000000
-0.593795,0.084094,0.139742,-0.006295,288.641364,70.000000
-0.624181,-0.611779,-0.590009,-0.351749,165.088957,70.000000
-0.167578,-0.490195,0.076170,0.035956,316.007188,70.000000
-0.715510,0.430484,-0.519151,0.296421,187.007232,70.000000
-0.861589,-0.731622,-0.710483,-0.490408,139.990542,70.000000
-0.370283,0.660148,-0.247555,0.017024,235.112822,70.000000
-0.888476,-0.607775,0.793203,-0.482791,152.911347,70.000000
-0.880791,0.540325,0.145916,-0.043025,159.672010,70.000000
-0.760625,0.172588,-0.267173,0.174272,232.170256,70.000000
0.692631,-0.950962,0.735032,-0.893032,130.669970,70.000000
-0.822788,-0.595271,-0.419055,-0.287380,156.705003,70.000000
-0.721301,-0.908340,-0.174156,0.133321,132.405675,70.000000
-0.478684,0.750695,0.414404,0.391973,161.140249,70.000000
0.930447,0.025954,-0.509449,-0.002842,198.297828,70.000000
0.212998,-0.142574,-0.083548,0.000407,364.810058,70.000000
-0.235250,0.144977,0.151753,-0.081545,326.335255,70.000000
0.631619,-0.380755,0.482982,-0.225257,206.627037,70.000000
0.642474,0.059488,0.054484,0.002867,301.217555,70.000000
-0.187330,-0.454194,0.025888,0.013427,310.765844,70.000000
0.361133,-0.431431,0.094418,-0.049408,289.986823,70.000000
0.946934,-0.888282,-0.429709,-0.326051,126.402192,70.000000
0.638180,-0.109310,-0.470100,-0.131730,221.452210,70.000000
0.825284,0.546990,-0.582988,0.557568,161.053927,70.000000
-0.746764,-0.860676,0.743036,-0.823648,135.312398,70.000000
0.615434,-0.396926,-0.323843,-0.098014,203.863185,70.000000
0.871864,-0.581481,0.283498,-0.112769,156.300177,70.000000
-0.955710,-0.616035,-0.078039,0.049375,162.247030,70.000000
0.304134,-0.425000,0.204034,0.059392,250.055420,70.000000
-0.974758,-0.750617,0.837433,-0.670599,135.367730,70.000000
0.379875,0.556688,0.037879,-0.048387,252.820155,70.000000
0.252465,-0.817739,0.034956,-0.014149,260.844991,70.000000
0.257207,0.877835,-0.022452,-0.303621,195.296956,70.000000
-0.233794,0.627112,-0.942550,-0.207818,122.348087,70.000000
-0.121023,-0.036078,0.047996,0.000034,352.694576,70.000000
-0.360848,-0.779129,-0.195622,-0.101683,203.854575,70.000000
-0.819026,0.632463,0.543046,0.453965,152.772701,70.000000
-0.186148,-0.586549,0.008192,-0.337297,152.320907,70.000000
-0.123700,0.970438,1.058445,-0.126830,123.897026,70.000000
0.156628,0.447785,0.011122,-0.031436,287.034435,70.000000
-0.081448,-0.904730,-0.255647,-0.150372,149.427769,70.000000
0.210019,-0.203381,-0.069316,0.001533,357.936390,70.000000
-0.226388,-0.894860,-0.001766,-0.021528,246.154750,70.000000
0.085580,0.344379,-0.053274,0.000628,341.414181,70.000000
-0.027812,0.559084,-0.146087,-0.174009,201.016396,70.000000
0.529481,0.995213,0.121172,-0.127364,132.651567,70.000000
0.550136,0.142055,0.236763,0.003561,290.703950,70.000000
-0.479020,-0.895185,0.219168,0.091377,191.403069,70.000000
0.622383,0.391365,-0.097613,-0.043362,204.677287,70.000000
-0.322971,-0.165505,0.101244,0.002165,343.700820,70.000000
0.359406,0.535197,-0.057250,-0.110443,218.378867,70.000000
-0.944212,0.626445,0.698138,0.238692,152.645170,70.000000
0.664885,0.728803,0.474148,0.316375,148.942672,70.000000
0.997191,-0.207157,-0.260259,-0.092075,201.928414,70.000000
0.317176,0.772741,0.157132,-0.087593,263.383160,70.000000
-0.534937,-0.684761,-0.698048,-0.443513,164.956440,70.000000
-0.771767,0.907561,-0.766773,0.753920,130.672695,70.000000
-0.630124,-0.495097,0.403043,-0.163034,183.368501,70.000000
0.912721,0.100980,-0.108522,0.049715,238.815975,70.000000
-0.828370,-0.422403,0.467606,-0.298727,183.298197,70.000000
0.667144,0.682045,-0.276812,0.024538,153.818989,70.000000
-0.863761,0.775928,-0.021549,-0.139267,137.662321,70.000000
-0.981174,-0.589549,0.793851,-0.447204,152.846221,70.000000
-0.543002,-0.240622,-0.244183,0.018183,271.832435,70.000000
-0.140598,0.973803,0.220156,0.285597,221.176741,70.000000
0.707609,0.780495,-0.682886,0.562654,144.235660,70.000000
-0.216074,0.436209,-0.050090,0.040421,318.538982,70.000000
-0.628146,0.751351,-0.453473,0.374598,148.897808,70.000000
-0.037096,0.532086,-0.132472,-0.034990,294.402409,70.000000
0.766641,0.933193,0.745845,0.838093,130.621207,70.000000
0.166502,0.399903,0.079343,0.098093,282.068214,70.000000
-0.831045,0.625107,0.595267,0.526012,152.847836,70.000000
0.179554,-0.230363,-0.076258,0.007696,357.729518,70.000000
0.283208,-0.126476,-0.071161,0.005032,357.005702,70.000000
0.323211,0.213319,-0.146424,-0.041541,321.453807,70.000000
-0.752303,0.048653,-0.143657,-0.012369,238.051865,70.000000
-0.290257,-0.345721,-0.089549,-0.037240,329.327226,70.000000
-0.535798,0.840792,-0.491402,0.212498,154.788065,70.000000
-0.807897,-0.333152,0.442564,-0.118715,208.434878,70.000000
0.717991,-0.731260,0.563238,-0.319081,148.367585,70.000000
-0.278597,-0.376299,0.020088,0.008305,322.966556,70.000000
-0.463524,-0.442992,-0.311951,0.081820,233.341995,70.000000
0.629517,0.298840,-0.419981,-0.010252,231.530107,70.000000
0.604584,-0.759578,-0.389525,0.049802,151.986092,70.000000
-0.232700,-0.996635,0.204984,0.174732,225.126032,70.000000
-0.446765,-0.784407,0.457814,-0.494335,160.995873,70.000000
0.479707,0.432177,-0.225990,-0.029401,235.502704,70.000000
-0.401201,-0.985022,-0.734921,-0.096541,148.390758,70.000000
0.738141,-0.060016,0.081640,-0.003479,223.985384,70.000000
-0.681574,0.780368,0.703723,0.716942,144.300471,70.000000
-0.357087,0.432734,-0.049361,0.034386,290.779786,70.000000
0.957493,0.586662,0.561760,0.028523,156.445959,70.000000
0.026369,-0.818763,-0.023905,-0.004264,301.236269,70.000000
-0.946749,-0.014213,-0.090306,0.020173,224.432244,70.000000
-0.875464,0.072518,-0.316100,0.036248,237.005405,70.000000
0.806628,-0.995301,-0.838686,-0.887206,125.827403,70.000000
-0.024390,0.084792,0.006620,-0.000002,312.304599,70.000000
-0.895522,0.969835,0.752857,0.678317,125.680694,70.000000
0.013106,0.266706,0.001808,-0.000090,333.230031,70.000000
0.528614,0.418788,0.433590,0.099782,218.210448,70.000000
0.576627,-0.636005,-0.356903,-0.075911,168.304606,70.000000
0.657875,0.911548,-0.640588,0.792452,135.321975,70.000000
0.392867,0.922737,-0.254719,-0.064144,145.665469,70.000000
0.434615,0.581738,-0.213832,0.007365,207.584315,70.000000
-0.726654,-0.880078,0.706349,-0.803157,135.306557,70.000000
0.528804,-0.387521,-0.342280,-0.041311,226.355243,70.000000
0.938759,-0.283388,-0.773642,-0.178544,190.684074,70.000000
-0.900091,0.172585,-0.141234,0.091648,222.476812,70.000000
0.630114,0.325186,0.189073,0.012683,223.278845,70.000000
-0.598102,-0.292525,-0.379211,0.006717,239.179917,70.000000
-0.465994,0.045679,-0.050044,0.002453,316.801337,70.000000
-0.271079,-0.020663,0.080695,-0.000597,363.471988,70.000000
0.710757,-0.300899,0.404723,-0.003454,217.596576,70.000000
0.798403,0.759446,0.602994,0.405229,140.092055,70.000000
0.013565,-0.017042,0.002410,0.000000,301.596352,70.000000
-0.419922,0.374100,0.120150,0.035230,281.221167,70.000000
-0.498806,0.566376,0.550247,0.208733,190.290231,70.000000
-0.911548,-0.389987,0.484700,0.029212,175.140690,70.000000
-0.516831,-0.371857,0.031727,0.026083,232.950219,70.000000
0.201510,0.784998,-0.175703,0.164964,214.209156,70.000000
-0.542941,0.783615,0.287828,0.123024,153.589410,70.000000
0.209737,-0.957681,-0.032752,-0.010250,281.873116,70.000000
0.250374,0.028855,0.048931,0.000706,365.854944,70.000000
0.972640,-0.834867,0.934813,-0.763969,130.672635,70.000000
0.397351,0.271983,0.176430,0.036270,309.950657,70.000000
-0.777804,-0.551033,0.118350,0.105923,162.585990,70.000000
0.787253,-0.631962,-0.680283,-0.594700,152.884065,70.000000
0.618607,0.924081,-0.648724,0.836997,135.363789,70.000000
-0.966743,-0.054998,0.390655,0.009597,204.201314,70.000000
-0.358816,-0.624149,0.207078,0.077655,240.017676,70.000000
-0.073168,0.263002,0.033559,0.000398,345.322219,70.000000
0.268078,-0.413431,-0.047579,-0.026487,316.463162,70.000000
-0.528238,-0.090386,-0.200471,0.023845,309.029286,70.000000
0.878866,-0.900468,0.613999,-0.380176,130.254628,70.000000
-0.161202,0.676623,-0.067232,0.003796,302.522762,70.000000
0.005197,-0.646066,0.002055,-0.004951,323.879768,70.000000
-0.424556,0.492021,-0.128316,0.036400,244.799796,70.000000
-0.597688,0.659936,0.554962,0.328794,161.179489,70.000000
-0.450350,0.966387,-0.874987,0.569702,150.475213,70.000000
0.069814,-0.638515,-0.273529,0.763067,187.083053,70.000000
0.476422,-0.780620,-0.078453,0.133070,159.302237,70.000000
0.123256,-0.429986,-0.006000,-0.137819,258.984675,70.000000
-0.768641,-0.548529,-0.483039,-0.310862,164.824470,70.000000
0.881208,0.467735,-0.568543,0.195774,168.977389,70.000000
-0.779284,0.568329,0.601648,0.559088,161.050103,70.000000
-0.101201,-0.888435,0.034737,-0.004711,319.815375,70.000000
0.074512,0.320503,0.057367,0.016215,336.705604,70.000000
0.701103,-0.559424,0.297429,-0.042248,165.773789,70.000000
-0.245189,-0.883423,-0.228419,0.599835,150.184164,70.000000
0.304590,-0.754501,0.071445,-0.218530,171.725177,70.000000
-0.893203,-0.064019,-0.324704,-0.073503,227.310875,70.000000
0.035771,-0.798200,0.046144,0.334152,209.495321,70.000000
0.647638,0.857899,0.641129,0.741349,139.869125,70.000000
0.704374,0.416453,-0.529316,0.324457,190.457769,70.000000
-0.681569,0.877227,0.638966,0.613636,135.437794,70.000000
-0.445421,-0.195799,-0.198726,-0.004848,300.587531,70.000000
-0.788474,0.113992,-0.192431,0.024964,225.130161,70.000000
-0.134741,-0.594593,1.623156,-1.526862,120.328297,70.000000
0.682987,0.958106,0.714636,0.909314,130.677601,70.000000
0.883816,0.294229,-0.017770,-0.034243,203.137020,70.000000
-0.896351,-0.968178,0.766958,-0.707874,125.701753,70.000000
-0.159950,-0.274012,0.028725,0.001468,350.136624,70.000000
0.674071,-0.885388,-0.674441,-0.739951,135.368607,70.000000
-0.714142,-0.581200,-0.016647,0.119150,163.092606,70.000000
-0.231854,-0.774792,-0.162581,0.132498,240.743963,70.000000
0.075715,0.538927,-0.051351,-0.031857,317.678496,70.000000
-0.260066,-0.927015,-0.235472,0.182899,179.492902,70.000000
-0.336581,-0.919775,0.669888,-0.408250,160.880547,70.000000
-0.664307,0.989779,-0.472364,0.566918,130.506835,70.000000
-0.791858,-0.749480,0.347969,-0.057343,143.403712,70.000000
-0.508257,-0.269271,0.342972,-0.035753,260.492952,70.000000
0.359580,-0.533984,0.076073,-0.045858,298.849083,70.000000
-0.673308,-0.292499,-0.159489,-0.034539,229.441090,70.000000
-0.033712,-0.596131,0.052555,0.010393,252.815164,70.000000
0.833287,-0.939277,-0.528222,-0.237467,126.443575,70.000000
-0.423651,-0.309201,-0.157623,0.058582,264.671380,70.000000
-0.739265,-0.826782,-0.568132,-0.381976,139.572485,70.000000
0.271245,0.810373,-0.433987,0.020563,187.891586,70.000000
-0.066174,-0.182005,-0.015967,-0.000029,342.309188,70.000000
-0.958879,0.122329,0.396063,0.064218,191.420461,70.000000
-0.011598,-0.929509,0.162283,0.313540,195.643334,70.000000
-0.251750,0.829760,-2.243427,0.320125,95.815068,70.000000
-0.218436,0.749145,0.158996,-0.209462,225.663446,70.000000
0.877372,-0.012391,0.507812,-0.000845,213.317571,70.000000
-0.254372,0.771668,-0.002320,-0.006989,314.723348,70.000000
-0.567596,0.412957,0.433472,0.156397,209.647956,70.000000
0.561416,-0.274903,0.002768,0.005101,255.319482,70.000000
-0.294173,-0.166723,0.109340,-0.002732,354.889870,70.000000
-0.117053,0.695491,0.618021,0.195588,167.831011,70.000000
-0.884095,-0.977012,0.723309,-0.626595,125.639520,70.000000
-0.634580,0.613327,-0.684747,0.487797,165.011501,70.000000
0.191915,-0.478217,-0.106728,-0.006101,314.422451,70.000000
0.600136,0.491990,0.545321,0.333336,187.115255,70.000000
0.872639,0.445510,0.542597,0.256756,172.716655,70.000000
-0.307346,0.442759,-0.120913,-0.002418,271.775184,70.000000
-0.551280,0.641673,0.672342,0.397826,168.845486,70.000000
0.590886,-0.986928,0.807591,-0.791335,130.737124,70.000000
0.701102,-0.575797,0.631521,-0.497400,165.007592,70.000000
0.577759,0.390243,0.459036,0.174140,212.681217,70.000000
0.808514,0.696439,-0.416492,0.094367,145.020791,70.000000
-0.955821,-0.481356,-0.085245,0.062093,163.349740,70.000000
-0.149217,0.113719,-0.060026,-0.000418,363.955261,70.000000
-0.729900,0.571553,-0.220731,-0.043706,163.890857,70.000000
0.085324,0.036949,-0.020857,0.000004,333.599209,70.000000
0.993576,-0.964513,0.694346,-0.658868,121.057132,70.000000
-0.578226,-0.240310,0.325663,-0.016341,259.846870,70.000000
-0.893080,0.008451,0.184384,0.018754,222.339323,70.000000
0.031298,0.024749,0.005877,-0.000000,305.945767,70.000000
-0.045528,0.818969,-0.230334,0.061278,271.622252,70.000000
0.410669,0.113094,0.119417,-0.002113,313.395898,70.000000
0.768646,0.641271,-0.682667,0.601622,152.876600,70.000000
-0.158419,-0.544667,-0.151615,0.046735,230.122112,70.000000
-0.216652,0.723435,0.313217,0.154549,182.110211,70.000000
0.767559,0.367137,-0.293380,0.079425,202.694866,70.000000
0.472383,-0.658094,-0.411834,-0.033688,182.832286,70.000000
-0.590286,-0.940957,0.614404,-0.777571,135.364643,70.000000
-0.670802,-0.177225,0.079310,-0.054228,245.003448,70.000000
-0.625080,0.274876,0.207117,0.010313,245.554345,70.000000
-0.159506,-0.815780,-0.066643,-0.191236,221.083575,70.000000
-0.812264,0.273662,0.385295,0.218338,209.131717,70.000000
-0.567124,0.350899,0.397057,0.088969,226.572235,70.000000
-0.447733,0.956765,0.187381,-0.400307,143.680006,70.000000
0.354031,0.200426,0.103003,0.022891,322.246024,70.000000
0.551436,-0.020246,0.084809,0.012802,301.858870,70.000000
-0.271823,-0.521613,-0.623961,0.264993,175.647294,70.000000
-0.756715,-0.103566,0.190499,-0.032417,289.838912,70.000000
-0.636216,-0.890131,0.528327,-0.291280,135.802833,70.000000
-0.429328,0.276104,0.128957,0.004797,291.273286,70.000000
0.471930,-0.264793,-0.307937,0.005542,268.751287,70.000000
-0.375792,0.067031,0.132068,0.005614,326.101856,70.000000
0.589177,0.296182,0.275707,-0.025820,239.007794,70.000000
-0.064967,0.106949,0.023722,-0.000006,334.951535,70.000000
-0.501501,-0.730097,0.220856,-0.047720,161.920802,70.000000
-0.748002,0.332483,-0.185737,-0.010488,206.860397,70.000000
0.039539,0.540121,0.028437,-0.000463,332.969064,70.000000
-0.188262,-0.117107,0.038644,-0.000926,365.291160,70.000000
-0.214278,0.637261,0.126818,0.070347,299.147606,70.000000
0.437915,0.039485,-0.168676,0.007429,324.506832,70.000000
-0.381418,-0.499740,0.321489,-0.049115,229.921588,70.000000
0.867415,0.649989,0.735426,0.581149,148.661309,70.000000
0.360590,0.431643,0.177513,0.132674,248.688470,70.000000
0.630015,0.655900,-0.623338,0.375757,160.971665,70.000000
-0.292935,0.648304,0.081470,0.077368,258.331046,70.000000
0.047368,0.121611,0.016154,-0.000018,329.826057,70.000000
-0.075931,-0.166856,0.026060,0.000024,339.265163,70.000000
-0.344703,0.568701,0.130895,0.067866,241.511112,70.000000
0.150628,-0.398662,-0.016638,-0.018927,315.508774,70.000000
-0.304434,-0.615714,-0.027655,0.039639,275.643620,70.000000
-0.305376,-0.458038,-0.103229,-0.030709,240.711477,70.000000
-0.253043,-0.885753,0.569921,-1.000677,112.662728,70.000000
-0.857685,0.885863,-0.840534,0.860564,130.620556,70.000000
0.702329,0.044651,-0.290401,0.023298,262.573379,70.000000
0.449691,-0.043157,-0.179359,0.002212,327.804519,70.000000
0.657098,-0.152462,-0.215768,-0.024289,285.385579,70.000000
-0.429235,-0.149231,0.143692,-0.016491,307.616742,70.000000
-0.125095,-0.473967,-0.073378,0.061087,238.779927,70.000000
0.030751,0.835198,0.070712,-0.015596,126.959689,70.000000
-0.822534,-0.327035,0.398653,-0.222302,202.746649,70.000000
-0.483933,0.543804,0.469008,0.198440,196.906874,70.000000
-0.290838,-0.112106,0.112585,-0.004397,360.401086,70.000000
-0.173942,0.560121,0.163542,-0.144163,231.468058,70.000000
-0.051822,-0.978908,-0.897455,0.264201,164.480867,70.000000
-0.509363,-0.861030,0.308284,-0.123202,170.683006,70.000000
0.660788,-0.133808,0.010953,0.035106,272.372892,70.000000
-0.903896,0.217546,0.229648,-0.095917,249.014452,70.000000
0.288308,-0.399197,-0.043449,-0.035412,308.449441,70.000000
0.690155,-0.571641,0.576345,-0.406980,165.066649,70.000000
0.430640,-0.232336,-0.285581,0.003616,300.002339,70.000000
-0.874771,-0.273502,-0.038870,0.018932,227.189309,70.000000
-0.745332,-0.800601,-0.733234,-0.758200,139.859905,70.000000
0.292953,-0.336063,-0.007153,-0.019828,332.132212,70.000000
-0.215773,-0.491677,-0.043411,-0.072653,290.205421,70.000000
0.381594,-0.551440,-0.380863,0.015736,235.543088,70.000000
-0.059599,0.323308,-0.055076,-0.006453,341.277501,70.000000
-0.163884,-0.391931,0.035482,0.001403,332.452405,70.000000
0.812210,0.814598,-0.663074,0.526527,135.455525,70.000000
0.940956,0.651487,0.142517,0.020530,149.809540,70.000000
-0.458036,-0.208855,0.307116,0.017964,290.802319,70.000000
-0.223402,-0.710036,0.000389,-0.003174,282.331351,70.000000
0.424508,0.706151,0.424471,0.094125,186.281441,70.000000
0.288217,0.063594,-0.115712,-0.001485,359.830263,70.000000
0.827034,-0.035395,-0.254776,0.019044,225.192389,70.000000
-0.876372,0.823495,0.681860,0.482840,135.121378,70.000000
0.475606,-0.494751,0.147988,0.004750,218.362229,70.000000
0.720169,-0.124857,0.168067,0.066360,266.545339,70.000000
-0.477510,0.486889,-0.276881,0.078756,218.034030,70.000000
-0.863076,0.280832,0.331415,-0.260513,189.560937,70.000000
-0.064923,0.834974,0.162528,-0.808582,123.016955,70.000000
-0.593373,-0.811816,0.367355,-0.091998,145.137421,70.000000
-0.195430,-0.593559,0.042798,-0.013535,322.236553,70.000000
0.060970,0.724410,-0.422190,0.479875,172.781641,70.000000
-0.834569,-0.606843,0.678169,-0.431129,152.979783,70.000000
0.788289,0.767513,0.657027,0.518975,139.980272,70.000000
-0.412322,0.097911,0.074926,-0.002690,325.020076,70.000000
-0.414553,0.608475,-0.366631,-0.076055,215.871722,70.000000
0.638800,0.307994,0.384724,0.023837,228.889930,70.000000
0.461267,0.522308,-0.241011,0.005911,214.365649,70.000000
0.428633,0.036216,0.281425,0.009776,288.049986,70.000000
0.678315,0.433576,-0.176078,-0.053737,189.528458,70.000000
-0.889019,0.258100,-0.037918,0.080106,229.161193,70.000000
-0.107182,0.591212,0.031364,-0.010731,317.005161,70.000000
0.505007,-0.339126,-0.319226,-0.021849,250.143821,70.000000
0.302104,-0.534368,0.175022,0.127042,238.750649,70.000000
0.881614,-0.713337,0.412042,-0.088040,140.652554,70.000000
0.938618,-0.648971,0.614020,0.015403,148.129070,70.000000
0.751141,0.419109,0.441679,0.246403,186.875410,70.000000
-0.041461,-0.834460,2.177565,-0.397991,109.547066,70.000000
-0.763843,0.095867,-0.304347,0.156653,217.069516,70.000000
-0.757585,-0.727356,0.573863,-0.391494,144.517932,70.000000
-0.676420,-0.591601,-0.625206,-0.457169,164.996354,70.000000
0.956969,-0.224484,-0.163787,-0.060865,234.484548,70.000000
-0.898581,-0.447439,0.531345,-0.155116,169.055309,70.000000
-0.107472,-0.287574,-0.013246,0.000106,342.778452,70.000000
0.741710,-0.073666,-0.208773,-0.004138,280.987825,70.000000
-0.099834,0.090709,-0.006332,0.000039,345.928507,70.000000
0.541959,0.707896,-0.723524,0.455166,161.014164,70.000000
-0.390854,0.916152,0.648413,0.092263,153.142764,70.000000
-0.236945,-0.338953,0.056291,-0.055827,313.682624,70.000000
-0.780648,-0.349989,0.435297,-0.093278,208.769902,70.000000
-0.256959,-0.711263,-0.182337,0.111829,212.941629,70.000000
-0.204706,-0.488104,-0.087164,0.062159,283.222364,70.000000
0.443656,0.526862,0.441819,0.053044,217.305797,70.000000
0.976629,0.203731,0.338258,0.134910,172.818476,70.000000
0.101533,0.470890,0.056386,0.028291,312.187490,70.000000
0.251317,-0.111446,-0.039941,-0.000204,364.729633,70.000000
0.934196,-0.963336,-0.572774,-0.305768,125.268641,70.000000
-0.794714,-0.756366,-0.436149,-0.149879,140.517203,70.000000
-0.248425,0.729227,-0.350535,0.273468,165.485218,70.000000
0.119563,-0.506133,-0.090021,0.103115,263.637982,70.000000
-0.570571,0.407998,0.479963,0.195876,209.708138,70.000000
-0.776064,0.684839,-0.726007,0.660819,148.638795,70.000000
0.087129,0.385417,0.014666,-0.002813,333.563058,70.000000
-0.294585,0.905469,-0.879198,-0.031980,130.845621,70.000000
0.211336,-0.068452,0.074238,0.000891,368.308157,70.000000
-0.477072,-0.142362,-0.236304,0.025803,295.575919,70.000000
-0.678807,-0.716410,-0.227416,0.021092,149.835579,70.000000
-0.709080,0.494893,0.504641,0.265090,176.262269,70.000000
-0.335036,-0.944979,0.135541,-0.359035,172.467009,70.000000
-0.266919,-0.107284,0.059161,-0.001568,358.966657,70.000000
0.875281,0.844957,0.517487,0.284163,131.136204,70.000000
-0.806018,-0.739320,0.488328,-0.260509,143.880905,70.000000
0.248830,0.080012,0.077161,0.001350,365.790414,70.000000
0.754558,-0.150555,0.336164,0.106388,233.540871,70.000000
-0.385950,-0.666294,-0.329801,-0.017566,209.365981,70.000000
-0.411381,-0.081037,-0.136912,0.006849,331.606236,70.000000
0.013405,-0.699076,0.034604,0.001681,328.014214,70.000000
0.632384,0.475026,0.257963,0.014929,186.444398,70.000000
-0.229815,-0.503747,-0.470145,0.777731,148.514854,70.000000
-0.473029,-0.203607,-0.117251,0.004127,299.333468,70.000000
-0.024384,0.184234,0.015483,0.000023,329.174364,70.000000
0.423615,-0.308941,-0.201630,-0.022153,297.786923,70.000000
-0.378318,-0.392775,0.113644,-0.082943,265.749443,70.000000
0.624036,0.167682,0.109148,-0.032089,269.505505,70.000000
0.231719,0.504127,-0.063582,0.028218,316.442732,70.000000
0.865811,-0.311055,0.362983,0.085465,216.478767,70.000000
0.097291,-0.831576,-0.046327,0.185533,183.350845,70.000000
-0.292148,-0.134727,-0.119238,0.002184,355.529394,70.000000
-0.355998,0.743996,0.283467,-0.332938,162.769230,70.000000
0.341958,-0.708262,0.204267,0.073087,200.484997,70.000000
0.236229,0.293404,-0.040352,-0.005523,346.847347,70.000000
-0.766008,-0.290191,0.049186,0.047546,219.146761,70.000000
0.756216,-0.278303,0.350864,0.002995,217.437414,70.000000
0.558946,0.213377,0.120964,0.008496,271.650124,70.000000
0.228341,-0.266493,0.068623,-0.003059,346.876471,70.000000
-0.943386,0.515809,0.130620,-0.039001,159.621760,70.000000
-0.800950,0.426839,0.502833,0.351920,183.422787,70.000000
-0.117486,-0.584128,0.006819,0.000819,312.894381,70.000000
0.557642,0.288602,-0.355979,0.020464,246.616122,70.000000
0.531713,0.495121,0.106321,-0.040667,199.156506,70.000000
-0.505656,-0.557543,0.580447,-0.251873,190.351551,70.000000
-0.627612,-0.266935,0.279482,-0.000799,249.170042,70.000000
-0.377591,-0.176846,0.020155,0.004590,325.972361,70.000000
-0.251661,0.335726,0.107197,-0.071878,305.109320,70.000000
0.545834,-0.163548,0.176825,-0.013595,303.817340,70.000000
-0.746943,0.124966,0.081224,-0.002288,260.647607,70.000000
0.310180,-0.809190,0.207697,0.058964,249.486583,70.000000
-0.061047,-0.014040,0.005852,-0.000000,318.430754,70.000000
0.037839,-0.038148,-0.003895,0.000001,309.322296,70.000000
0.842973,-0.152894,-0.218706,0.140514,224.919635,70.000000
0.317599,-0.109771,-0.147826,0.000320,347.217809,70.000000
-0.913493,0.929771,0.827496,0.919705,125.813526,70.000000
0.665807,0.219677,0.092559,-0.030908,268.092001,70.000000
0.108943,-0.992040,-0.340401,-0.670891,128.487788,70.000000
0.778994,0.555562,-0.494674,0.306006,161.259442,70.000000
-0.676172,-0.429084,0.536063,-0.296705,190.496862,70.000000
0.381895,0.510968,0.198208,-0.092200,253.436827,70.000000
-0.156716,0.069917,0.051948,0.000188,363.093151,70.000000
-0.912550,0.767916,0.727601,0.542458,135.432844,70.000000
0.372295,-0.845850,0.721821,0.057003,144.503357,70.000000
-0.205585,0.738638,0.127555,-0.056311,246.200069,70.000000
0.294774,0.274949,-0.057138,-0.016579,340.851114,70.000000
-0.937293,0.914443,0.763602,0.898308,125.827964,70.000000
-0.951518,-0.169836,-0.406887,0.257236,181.796700,70.000000
-0.438726,0.331191,-0.206057,0.034853,284.801038,70.000000
0.321803,0.544140,-0.264644,0.213635,224.412624,70.000000
-0.643455,-0.548787,-0.628595,-0.449081,172.688648,70.000000
0.536869,-0.843085,0.403064,0.094182,148.529268,70.000000
0.262418,0.466599,-0.069738,-0.095611,284.237031,70.000000
0.132984,-0.943174,0.985692,0.425386,127.506624,70.000000
0.078497,-0.695183,-0.063450,-0.033380,285.772265,70.000000
0.059187,0.760968,0.231330,0.159880,187.391432,70.000000
-0.413382,0.282605,0.182347,0.007110,308.009882,70.000000
-0.249383,0.612667,0.049768,-0.019906,303.739603,70.000000
-0.912200,0.655663,0.335505,0.082100,145.159707,70.000000
-0.275837,0.015616,-0.119205,0.000892,359.834760,70.000000
0.454061,-0.599725,0.292254,-0.141356,193.636636,70.000000
0.414812,-0.248452,0.161338,0.015263,304.407678,70.000000
0.273748,0.883369,0.048626,0.025396,305.106843,70.000000
0.775326,0.909051,0.784604,0.804119,130.651861,70.000000
0.420315,0.237210,0.217515,-0.014004,292.822645,70.000000
0.782264,-0.481663,0.533066,-0.464738,172.642591,70.000000
0.693190,0.448257,-0.404146,0.213511,183.787109,70.000000
-0.148437,-0.782685,0.247053,-0.329291,181.395965,70.000000
-0.589665,-0.504760,-0.315538,-0.091266,186.674780,70.000000
0.497402,-0.170659,-0.228852,-0.008651,298.590544,70.000000
-0.268265,-0.728121,-0.693252,0.074282,179.454216,70.000000
0.470850,-0.419575,0.349907,0.094013,233.610857,70.000000
0.206279,0.934767,0.153992,0.002821,201.657807,70.000000
0.630055,-0.667839,0.353952,-0.107193,157.633092,70.000000
-0.375737,0.992984,0.517564,0.403840,144.361026,70.000000
-0.912032,-0.526938,-0.001121,0.106818,159.014326,70.000000
-0.250558,0.864342,-0.076149,-0.088432,260.202032,70.000000
0.997752,-0.787464,-0.422260,0.078942,134.302577,70.000000
-0.905620,-0.751150,-0.453670,-0.162940,139.259852,70.000000
-0.574556,-0.562087,-0.004185,0.087430,178.212583,70.000000
-0.998450,-0.945078,-0.230427,0.110054,122.604699,70.000000
0.081263,-0.209774,0.005999,0.000136,348.518000,70.000000
0.327189,-0.934586,-0.272901,-0.129608,182.317713,70.000000
0.406389,0.172732,-0.020018,0.011581,322.241241,70.000000
-0.893779,0.250599,0.260222,0.066970,237.046237,70.000000
-0.186265,-0.563787,0.062531,0.238687,229.597306,70.000000
0.432579,0.353050,-0.269458,0.062431,259.343420,70.000000
-0.295401,-0.801541,0.108588,0.048604,261.811913,70.000000
0.507636,-0.162481,-0.088618,-0.007231,281.671062,70.000000
-0.814321,-0.288759,-0.405939,-0.165545,217.337801,70.000000
0.829768,-0.092713,0.446391,-0.051540,201.914608,70.000000
-0.227826,0.921268,-0.523942,-0.020906,142.184481,70.000000
-0.256672,0.118530,0.089537,-0.002848,363.283380,70.000000
0.132038,-0.842881,0.051856,0.049080,278.522896,70.000000
-0.304232,0.778880,0.052114,0.023716,276.474938,70.000000
0.631777,0.283200,-0.228758,-0.035545,236.301844,70.000000
-0.262122,0.510267,-0.033273,-0.249723,207.361015,70.000000
0.061874,-0.076389,-0.004003,-0.000006,326.158291,70.000000
0.126894,0.709126,-0.113684,0.031619,170.530208,70.000000
0.276991,-0.619071,-0.082703,0.029906,304.268204,70.000000
-0.724514,-0.905170,0.032883,0.159701,133.078823,70.000000
0.808841,0.193430,0.255572,0.032092,248.572416,70.000000
0.977362,0.517584,0.339686,0.022563,157.742045,70.000000
-0.973358,0.772725,0.903539,0.572676,135.297542,70.000000
-0.804117,-0.795446,-0.585602,-0.392289,139.592942,70.000000
0.938781,0.094923,-0.587644,-0.042829,185.969639,70.000000
-0.626488,0.622649,-0.651445,0.434123,164.994128,70.000000
0.860191,-0.772092,0.464873,-0.193716,139.288612,70.000000
-0.548953,-0.249866,0.014105,0.006815,266.971104,70.000000
0.496690,-0.124656,0.172402,-0.019026,299.509380,70.000000
0.914125,-0.297242,-0.450705,-0.204729,196.168562,70.000000
0.259350,0.902002,0.038954,-0.343356,172.928923,70.000000
-0.054918,0.987961,0.278248,-0.053130,100.392783,70.000000
0.661510,0.001886,-0.237798,0.000187,276.587890,70.000000
-0.304997,-0.080174,0.134654,-0.003004,356.796868,70.000000
0.521271,-0.996590,-0.162759,0.062305,133.806124,70.000000
0.307822,-0.437025,-0.124696,0.104354,290.648418,70.000000
0.922452,-0.356703,0.264934,0.431747,154.421629,70.000000
0.884761,0.183887,-0.224597,0.268741,203.770888,70.000000
0.591858,-0.639474,0.693605,-0.451846,164.998844,70.000000
0.360691,0.130623,-0.135134,-0.003880,346.253119,70.000000
-0.620784,0.481663,-0.336717,0.093724,186.722375,70.000000
-0.687696,-0.108729,-0.160091,-0.012516,301.119953,70.000000
0.583373,0.755078,-0.647360,0.595227,152.867754,70.000000
0.592266,0.214109,0.247929,-0.007962,267.315457,70.000000
0.527919,0.733690,-0.274598,-0.063262,159.997962,70.000000
-0.865658,0.882534,-0.845712,0.856181,130.619754,70.000000
0.747608,-0.950132,0.631516,-0.680866,130.534179,70.000000
-0.868606,-0.665145,0.086791,0.124873,146.161748,70.000000
0.900013,0.517375,-0.573532,0.455153,161.025337,70.000000
-0.477396,0.411142,-0.439253,-0.000464,234.198957,70.000000
0.069819,-0.549811,0.058154,0.000798,289.621112,70.000000
-0.674287,-0.749898,-0.680887,-0.481285,148.551482,70.000000
0.463852,-0.046117,-0.103528,0.002363,329.053832,70.000000
0.914777,0.655152,-0.289012,0.070402,145.257681,70.000000
-0.866091,-0.386801,-0.402132,0.011055,199.167306,70.000000
-0.970002,-0.819125,-0.790978,-0.744194,130.712973,70.000000
0.963960,-0.727202,0.587239,-0.221472,139.488648,70.000000
-0.085187,0.254675,0.027104,-0.000507,346.103991,70.000000
0.323094,0.247695,-0.104100,0.024749,325.755690,70.000000
-0.993946,0.749562,0.870153,0.712297,135.360876,70.000000
-0.105490,-0.968466,-0.069001,0.453028,139.150034,70.000000
0.988719,-0.602749,0.427999,0.073870,156.003754,70.000000
-0.396998,-0.342663,-0.197191,0.048139,294.424030,70.000000
0.858404,-0.812029,-0.842288,-0.788269,135.304434,70.000000
0.221893,-0.646837,0.061478,-0.029739,282.535218,70.000000
0.612629,0.453520,-0.091656,-0.067829,191.846272,70.000000
0.307160,0.446432,0.620297,-0.444686,164.346319,70.000000
-0.825676,0.866072,-0.440799,0.143536,131.402834,70.000000
0.071978,-0.269064,-0.018161,0.000323,343.242320,70.000000
-0.160565,-0.624167,-0.022161,-0.034500,257.250560,70.000000
-0.367690,0.232958,-0.140849,0.017964,304.835418,70.000000
-0.671407,-0.335195,0.027326,0.050884,214.003120,70.000000
0.375084,0.037514,0.064428,0.002019,343.216683,70.000000
0.495869,0.062507,-0.229340,0.031844,304.433004,70.000000
0.556453,0.313563,-0.393293,-0.023872,241.534060,70.000000
0.055017,0.677021,0.005424,-0.030951,294.675623,70.000000
0.687539,-0.525642,0.605161,-0.442133,172.680261,70.000000
-0.465938,0.982261,0.388971,0.123442,165.337114,70.000000
0.856028,-0.731756,0.655710,-0.412096,140.068792,70.000000
-0.627955,-0.045597,-0.240291,-0.046529,273.923597,70.000000
-0.355769,0.588669,-0.195171,0.044906,247.893298,70.000000
-0.245768,-0.616155,0.088612,-0.107248,277.118882,70.000000
0.278935,0.067713,-0.093914,-0.001878,363.040198,70.000000
0.058439,0.189346,-0.025489,-0.000033,340.372834,70.000000
0.332919,-0.636122,0.152913,0.068919,289.901121,70.000000
0.705306,0.074936,-0.157878,0.048966,272.646762,70.000000
-0.556546,0.135924,0.146746,-0.011644,282.523007,70.000000
0.467622,-0.669822,0.530483,-0.244154,179.527104,70.000000
0.300225,-0.122831,-0.128740,0.006157,353.213647,70.000000
-0.414302,0.820643,0.487472,0.070046,168.799175,70.000000
0.539454,0.603610,-0.488850,0.209443,176.473455,70.000000
0.879569,0.915018,-0.348526,0.029990,126.971189,70.000000
0.700633,-0.457248,-0.425794,-0.145528,183.330410,70.000000
-0.973337,-0.882210,0.445863,-0.618247,126.090316,70.000000
0.696962,-0.156790,-0.327309,0.074167,246.211526,70.000000
0.823098,-0.197579,-0.241880,0.014125,244.856779,70.000000
-0.715962,0.819778,-0.717648,0.777386,139.862488,70.000000
0.005558,-0.593559,0.003594,0.004936,311.257796,70.000000
0.060829,0.356730,-0.027596,0.035886,314.559576,70.000000
-0.435465,-0.862545,0.565536,-0.577769,152.901333,70.000000
-0.801522,0.826247,0.740640,0.695836,135.339942,70.000000
0.740875,-0.121654,0.093179,0.006276,251.943708,70.000000
-0.641888,-0.215997,-0.186630,0.001246,263.445728,70.000000
-0.264238,0.958500,-0.236036,-0.424454,128.542688,70.000000
-0.496109,-0.099990,-0.165117,-0.015815,303.171138,70.000000
-0.533676,0.501612,0.447991,0.180290,196.993969,70.000000
0.597626,0.295009,0.204493,-0.035378,238.812583,70.000000
0.209499,-0.945060,0.070035,0.138447,200.288640,70.000000
0.378070,0.229303,-0.161136,-0.023040,317.523732,70.000000
-0.096572,0.913017,-0.004833,0.019662,286.758561,70.000000
-0.928900,-0.019086,0.566028,0.005525,191.660738,70.000000
-0.773754,-0.483879,-0.542050,-0.474576,172.645506,70.000000
-0.549371,0.729599,-0.598864,0.455807,157.041957,70.000000
0.365366,0.699544,0.067642,-0.058447,225.538813,70.000000
-0.765615,0.311179,0.349965,-0.011529,219.735575,70.000000
-0.013317,0.187651,0.023630,0.000008,337.895466,70.000000
-0.145079,-0.342745,0.052035,-0.057645,316.443835,70.000000
-0.515093,0.832303,-0.343742,-0.056905,149.723256,70.000000
0.510269,0.089611,-0.188103,-0.024215,311.744773,70.000000
0.093532,-0.007844,0.032719,0.000001,337.498375,70.000000
0.165193,0.404080,-0.086536,0.057957,316.786587,70.000000
-0.627715,0.001606,-0.111431,-0.006137,276.482620,70.000000
0.991387,0.235303,-0.111442,-0.088237,248.822691,70.000000
0.745053,0.108724,-0.308726,-0.084642,245.643378,70.000000
-0.670794,-0.032171,-0.261170,-0.002355,259.050253,70.000000
-0.703715,0.663918,0.450094,0.214420,153.278678,70.000000
0.462039,-0.507802,0.420970,-0.195244,212.010065,70.000000
-0.622705,0.198579,-0.219544,0.044439,261.240616,70.000000
-0.488461,0.430484,0.064830,-0.047621,225.372145,70.000000
-0.849599,0.784269,0.156037,-0.108450,137.023028,70.000000
-0.782929,-0.687850,-0.695347,-0.625271,148.631232,70.000000
-0.689068,0.837698,-0.685894,0.742668,139.858933,70.000000
-0.808439,0.561071,0.503837,0.417743,160.951328,70.000000
-0.078531,0.122105,0.026248,0.000049,341.830750,70.000000
0.217814,0.794920,0.167278,-0.219620,187.992644,70.000000
0.216122,0.369202,0.062029,0.012182,327.413688,70.000000
-0.818076,0.592356,-0.533108,0.480592,156.945532,70.000000
-0.277828,0.544316,-0.010772,-0.010554,314.130484,70.000000
0.323224,0.428262,0.150180,-0.059156,279.491471,70.000000
-0.198489,-0.006778,0.065745,-0.000072,369.183334,70.000000
0.076966,-0.426313,-0.025393,0.184796,219.933706,70.000000
0.959295,0.874132,0.168042,-0.176520,128.827027,70.000000
-0.467313,-0.136662,0.077735,0.003447,315.076996,70.000000
-0.876315,-0.230203,-0.227004,-0.048027,238.032563,70.000000
0.972646,-0.744034,-0.712363,-0.559177,135.456382,70.000000
-0.975080,-0.172647,0.502046,0.027705,209.592165,70.000000
0.315627,0.745524,0.204047,0.055627,253.124638,70.000000
0.027570,-0.632146,-0.100759,0.073201,169.193460,70.000000
-0.477489,0.838167,-0.437124,0.213793,156.598129,70.000000
-0.920993,0.870113,-0.849760,0.643149,130.551303,70.000000
-0.012402,-0.440342,0.022424,0.002080,306.160467,70.000000
-0.829253,0.738738,-0.431953,0.120712,140.568356,70.000000
-0.031478,0.946321,-0.988496,1.389311,96.977406,70.000000
0.816912,-0.168344,-0.023115,-0.033339,283.341880,70.000000
0.649875,0.441752,-0.539307,0.302069,190.533376,70.000000
0.522898,0.339540,-0.309300,-0.018782,241.633198,70.000000
0.651155,-0.033134,-0.495647,-0.014580,228.541983,70.000000
-0.889163,-0.163457,0.232134,-0.033828,215.673786,70.000000
0.785789,0.748472,-0.526514,0.308322,143.960113,70.000000
-0.432311,0.149946,-0.099151,0.005836,319.128547,70.000000
0.140262,-0.609071,0.020290,0.119012,282.512687,70.000000
-0.650432,0.185733,0.179632,-0.050015,259.608829,70.000000
-0.390315,-0.026767,-0.143989,0.001439,338.607804,70.000000
0.131459,-0.568632,0.023341,-0.048207,270.933427,70.000000
-0.998179,-0.398959,0.770898,0.946292,117.415715,70.000000
0.699337,-0.235060,-0.279495,-0.064350,240.102133,70.000000
-0.653380,0.636144,0.692482,0.508121,161.049119,70.000000
-0.333131,-0.926958,0.160947,-0.339215,173.899213,70.000000
0.612037,0.512450,0.261218,0.004713,180.807489,70.000000
0.745585,-0.945031,0.695373,-0.806112,130.611358,70.000000
0.859455,0.855577,0.602764,0.421243,130.935288,70.000000
-0.324415,-0.434669,0.095682,0.070696,259.894317,70.000000
0.518339,-0.277453,0.319192,0.021741,257.819188,70.000000
0.846500,-0.872874,0.771471,-0.735146,130.665987,70.000000
-0.386040,-0.179758,-0.137233,-0.013045,334.227681,70.000000
0.811148,0.961757,-0.789589,0.689487,125.924238,70.000000
0.250894,0.772553,-0.428074,-0.358425,158.989457,70.000000
0.304932,0.987143,0.020450,-0.452654,155.644144,70.000000
0.911237,-0.842708,0.807919,-0.729669,130.664457,70.000000
0.614754,0.164648,-0.262676,-0.082521,264.964656,70.000000
-0.762414,0.105603,-0.215893,-0.056009,261.678752,70.000000
0.868881,-0.719926,0.457876,-0.137677,140.520907,70.000000
0.198295,0.739332,-0.581127,0.084967,164.585785,70.000000
-0.051214,-0.750861,-0.051831,-0.007703,313.957930,70.000000
0.279828,-0.933613,0.918534,-0.382688,140.174912,70.000000
0.758695,-0.614251,0.642614,-0.579759,157.005138,70.000000
0.287940,-0.584862,-0.075537,0.018340,267.802215,70.000000
0.220842,-0.305302,-0.069916,0.000400,353.328527,70.000000
0.795073,0.788368,0.748065,0.697563,139.843789,70.000000
0.104805,-0.550462,-0.289616,0.335395,199.807652,70.000000
0.379314,-0.866511,-1.424182,0.161340,131.302126,70.000000
0.546332,0.194968,-0.245850,0.004874,278.318067,70.000000
0.821567,0.075439,0.161955,-0.041394,231.996703,70.000000
-0.100827,-0.596238,-0.015904,-0.023243,288.443250,70.000000
-0.963804,-0.646190,-0.325660,0.116508,140.847075,70.000000
-0.517734,0.447507,-0.204747,0.020546,212.996160,70.000000
-0.752320,-0.235147,-0.266729,0.073114,254.301677,70.000000
-0.113530,-0.105915,-0.018004,-0.000103,351.793531,70.000000
-0.106882,-0.364771,0.062088,0.015844,325.403981,70.000000
-0.705912,-0.265025,-0.371222,0.123366,233.960980,70.000000
-0.274372,0.622472,-0.021872,-0.050858,280.342223,70.000000
-0.112389,-0.928633,0.303070,-0.076882,202.023726,70.000000
0.459992,-0.908373,-0.575670,-0.289265,152.516072,70.000000
0.975645,-0.326970,-0.439031,0.132474,207.488630,70.000000
0.616173,0.021456,0.338839,0.047947,248.291505,70.000000
0.615671,-0.414963,0.503390,-0.246064,200.423270,70.000000
-0.279982,0.339188,0.040415,0.000167,331.188066,70.000000
0.727611,0.961154,0.558478,0.608101,130.479706,70.000000
0.110627,-0.688805,0.227675,-0.009418,229.639736,70.000000
-0.753192,-0.890884,0.239335,0.061637,133.834153,70.000000
0.909015,-0.188310,0.337488,-0.104905,212.190440,70.000000
-0.930423,0.378779,0.301159,-0.077491,169.984350,70.000000
0.132178,-0.483794,0.024582,0.076086,269.348741,70.000000
0.868173,-0.620062,-0.470090,-0.306856,152.640329,70.000000
0.623743,-0.753962,0.418738,-0.336179,148.963157,70.000000
0.167494,-0.925156,0.021541,-0.005933,287.094526,70.000000
0.895751,0.880629,0.815387,0.703566,130.566674,70.000000
0.737132,0.973339,-0.286358,-0.134758,127.409825,70.000000
0.915190,-0.396723,0.259369,-0.149812,179.202213,70.000000
0.277618,-0.071442,0.066095,-0.000971,363.080409,70.000000
-0.721282,-0.590026,0.630645,-0.520802,161.058211,70.000000
-0.573765,0.730359,-0.680212,0.353711,156.897971,70.000000
-0.851387,0.735034,-0.676393,0.449791,140.029565,70.000000
-0.278976,-0.743943,-0.161529,-0.055923,264.169797,70.000000
0.550514,0.488395,-0.070745,-0.057462,195.810827,70.000000
0.461083,-0.584260,0.461666,-0.213386,199.744121,70.000000
0.345159,-0.917955,0.222170,-0.064945,157.609910,70.000000
-0.070451,-0.062573,0.001437,-0.000001,327.875578,70.000000
0.327397,0.556319,0.097842,0.633981,187.506819,70.000000
0.047563,-0.606935,-0.074726,0.153860,195.419564,70.000000
-0.754336,-0.119757,0.139985,-0.083589,253.330754,70.000000
-0.754959,-0.594992,-0.136314,0.100692,158.519530,70.000000
-0.033650,0.439095,0.000652,-0.000349,322.362664,70.000000
-0.137324,-0.000889,0.047385,0.000001,358.517345,70.000000
-0.936101,0.944361,0.803725,0.815187,125.762462,70.000000
-0.131853,-0.047217,-0.008978,-0.000015,355.940467,70.000000
0.422804,0.063158,0.132832,0.003316,332.858796,70.000000
-0.498056,-0.828207,0.157051,0.133995,154.351788,70.000000
0.322320,-0.767479,-0.155353,0.058363,190.314869,70.000000
0.979750,0.654805,0.687385,0.007662,147.554614,70.000000
-0.688377,0.443390,-0.458204,0.184532,186.927254,70.000000
0.051447,0.670933,-0.019927,0.031489,285.120108,70.000000
0.367497,0.527395,-0.122048,0.049964,299.138091,70.000000
-0.080617,-0.931874,0.094424,0.210186,223.694016,70.000000
-0.010692,0.292232,-0.019926,0.000206,329.850296,70.000000
-0.461457,0.289057,0.198927,0.016967,289.471902,70.000000
0.182646,-0.267795,0.004954,0.005388,349.926105,70.000000
-0.832363,0.473023,-0.287153,0.119734,172.051341,70.000000
0.099407,0.730272,-0.374347,-0.108451,147.563788,70.000000
-0.313494,-0.891471,-0.201536,0.227142,131.459836,70.000000
-0.954057,-0.844289,-0.983723,-0.724391,130.638289,70.000000
0.040755,0.971124,-0.331677,-0.869923,104.777429,70.000000
-0.320029,-0.732936,-0.002850,0.031313,258.908846,70.000000
-0.450787,-0.375389,0.158320,-0.022189,261.970355,70.000000
0.838437,-0.390370,-0.328242,-0.019117,195.984303,70.000000
-0.956633,-0.136226,0.325529,0.240942,209.132395,70.000000
0.451827,-0.137653,-0.047423,-0.003444,288.182523,70.000000
0.460030,-0.279509,0.240405,0.000592,282.601785,70.000000
0.299998,0.071879,-0.103416,-0.003350,354.290695,70.000000
0.071573,0.934517,-0.076818,0.081616,294.949116,70.000000
0.424211,-0.285961,0.140936,0.010409,292.969559,70.000000
-0.142252,-0.836011,-0.054708,0.000449,299.002088,70.000000
-0.828814,0.120084,-0.202626,0.095553,244.150382,70.000000
0.254956,-0.961315,-0.266399,-0.741473,138.562859,70.000000
-0.814966,0.858415,0.503018,0.253210,134.773583,70.000000
-0.621050,0.006999,0.251322,-0.011423,277.341531,70.000000
-0.365765,0.593148,0.119922,-0.085280,254.092747,70.000000
-0.960353,-0.650775,-0.012059,-0.019611,153.691053,70.000000
0.429156,0.831145,0.640861,0.153914,164.835982,70.000000
-0.943033,0.448025,0.548447,0.168427,168.970371,70.000000
-0.051369,0.637746,0.193683,0.007336,232.424728,70.000000
0.592209,-0.739049,-0.540985,-0.450642,152.970016,70.000000
0.803777,-0.927289,0.680598,-0.635457,130.500254,70.000000
-0.947925,0.226224,0.323786,0.012883,185.992063,70.000000
0.146224,-0.419852,-0.011948,-0.069243,283.377231,70.000000
-0.444744,-0.815820,-0.523281,-0.581237,156.978167,70.000000
0.521602,0.566362,0.585728,0.275746,186.962493,70.000000
0.841483,0.803570,-0.727639,0.609853,135.382160,70.000000
-0.398378,0.464580,0.151467,0.040939,285.112314,70.000000
0.198567,-0.691086,-1.030513,-0.294689,125.957328,70.000000
0.917149,0.528609,-0.306993,0.140742,160.452786,70.000000
0.332354,-0.126706,0.139342,-0.002883,345.465761,70.000000
0.458816,-0.674182,0.386149,-0.258694,179.786796,70.000000
-0.969822,0.207614,0.143738,0.078766,248.811059,70.000000
-0.638005,-0.947318,-0.478274,-0.094787,131.494260,70.000000
0.432232,0.525003,0.470777,0.004895,217.536809,70.000000
-0.277022,0.094391,0.115094,0.004860,358.795934,70.000000
0.431197,-0.875630,-0.482158,-0.316818,153.140221,70.000000
-0.713685,-0.909026,0.120483,0.133858,133.384668,70.000000
-0.001213,-0.388655,-0.014450,0.007746,315.393147,70.000000
-0.117261,-0.803773,-0.054054,0.006405,248.357231,70.000000
0.992373,0.816171,0.751003,0.804169,130.719108,70.000000
-0.612365,-0.011727,0.173840,-0.020973,237.369594,70.000000
0.912198,-0.690662,-0.550626,-0.294402,144.024171,70.000000
0.038848,0.917383,0.329280,-0.052804,190.092248,70.000000
0.462549,0.064640,-0.207438,0.016209,308.093189,70.000000
0.399706,-0.135072,-0.139869,-0.012697,324.648592,70.000000
-0.156762,-0.696895,-0.444047,0.138953,160.242922,70.000000
-0.721957,0.069658,-0.184368,0.029187,263.876374,70.000000
0.749669,-0.314237,0.369679,0.016896,217.248916,70.000000
0.611257,-0.598769,-0.671251,-0.452343,168.886030,70.000000
0.487545,0.171698,-0.222745,-0.011218,289.063770,70.000000
-0.277852,0.147895,0.111239,0.003456,356.217948,70.000000
-0.328821,-0.492518,-0.013509,0.027311,301.837470,70.000000
0.255029,0.267112,-0.076225,-0.000157,346.342360,70.000000
-0.643740,0.669787,-0.692955,0.520390,157.006143,70.000000
-0.896344,-0.847417,-0.768934,-0.693207,130.684952,70.000000
-0.531879,0.716109,0.709323,0.417164,160.992838,70.000000
-0.354393,-0.286915,0.174904,-0.005845,306.743765,70.000000
-0.173897,-0.682772,0.085836,-0.106000,245.326082,70.000000
0.650727,0.768750,0.542416,0.216358,148.246031,70.000000
0.387099,-0.024018,0.132811,0.001458,343.396264,70.000000
0.334555,0.868276,-0.027032,-0.026932,228.416428,70.000000
-0.888916,-0.006747,-0.295992,-0.003649,249.964289,70.000000
0.609676,0.824775,-0.633294,0.712092,144.318002,70.000000
-0.008844,-0.645989,-0.035483,-0.006959,325.689510,70.000000
0.867468,-0.460685,0.445702,-0.341426,172.464900,70.000000
-0.737468,-0.624385,-0.663720,-0.579857,157.005025,70.000000
-0.038195,0.062621,0.009048,-0.000000,312.885044,70.000000
0.477326,0.422134,-0.352787,-0.097108,236.278231,70.000000
0.802876,-0.069200,0.239316,0.018834,261.140162,70.000000
0.947221,-0.058786,-0.237626,0.030497,229.066411,70.000000
-0.023513,0.822910,0.043347,-0.113743,258.379472,70.000000
0.648691,0.553852,0.494167,0.276055,172.542320,70.000000
0.587935,-0.568903,-0.575425,-0.351471,176.365835,70.000000
0.454919,-0.170812,-0.056935,-0.004769,302.835625,70.000000
-0.835909,0.880496,-0.791499,0.780700,130.647060,70.000000
0.499166,-0.520256,-0.496454,-0.145312,203.130378,70.000000
0.062098,-0.319247,-0.016431,0.002380,344.856925,70.000000
0.420546,0.111309,-0.096603,0.002832,321.752347,70.000000
0.776622,0.686456,0.722947,0.660877,148.639189,70.000000
-0.739607,-0.572621,0.439681,-0.218208,161.397881,70.000000
-0.037450,0.584609,0.368213,-0.000531,183.917809,70.000000
-0.481627,-0.708093,-0.440364,-0.355724,172.465323,70.000000
-0.910950,-0.341289,-0.113603,0.078027,217.152217,70.000000
-0.047593,0.103997,0.014434,-0.000002,324.188288,70.000000
-0.127006,-0.589458,-0.003611,-0.008019,303.958084,70.000000
0.980181,-0.093218,-0.351260,-0.135548,206.781703,70.000000
-0.721581,0.379778,-0.090382,-0.066587,198.942911,70.000000
0.932888,-0.944743,-0.811766,-0.832029,125.770464,70.000000
-0.298778,0.445136,-0.062511,-0.018109,331.823793,70.000000
-0.603049,0.552145,0.623318,0.407416,176.401645,70.000000
-0.095770,0.385250,0.100636,0.044441,310.990445,70.000000
0.904232,-0.573512,0.617861,-0.453954,156.976846,70.000000
0.976838,-0.289070,-0.157710,0.175919,230.218369,70.000000
-0.395617,0.861504,-0.219837,-0.096339,198.714951,70.000000
-0.699664,0.739587,-0.608467,0.371833,148.441270,70.000000
0.238529,0.952349,0.182711,-0.268232,176.264659,70.000000
0.135397,-0.375204,-0.014462,0.000106,323.173180,70.000000
-0.059738,-0.018796,-0.011175,0.000000,317.909298,70.000000
0.100712,0.670559,-0.055346,0.000494,319.067795,70.000000
0.091031,-0.043336,0.024191,-0.000003,337.408647,70.000000
-0.347226,0.173728,0.068000,-0.000355,345.279656,70.000000
-0.155476,0.907327,0.158756,-0.008197,198.199615,70.000000
-0.550055,-0.774741,0.316585,-0.225867,153.372476,70.000000
0.919836,-0.321395,-0.390127,-0.144418,182.875954,70.000000
0.307565,-0.758386,-0.594758,0.350636,127.796459,70.000000
-0.193423,-0.857775,1.691732,0.523859,133.368911,70.000000
-0.620181,0.622681,-0.693926,0.479925,165.008648,70.000000
-0.598710,-0.512495,0.565044,-0.358556,183.616336,70.000000
0.491813,-0.097045,0.136302,-0.019735,300.948810,70.000000
0.957951,0.275569,0.229462,-0.148107,242.004322,70.000000
-0.515199,-0.948447,-0.927878,-0.550779,139.979532,70.000000
-0.545743,-0.300559,-0.288327,-0.026355,251.952697,70.000000
0.511715,0.397093,0.260395,-0.003095,228.902566,70.000000
-0.056390,0.248463,0.036892,-0.003537,343.963515,70.000000
-0.074473,0.331793,-0.015350,0.005383,343.641269,70.000000
0.447387,-0.759392,-0.560355,-0.179040,175.592494,70.000000
0.899084,0.901593,0.079041,-0.159762,128.489205,70.000000
-0.932246,-0.264916,0.014321,-0.079452,253.195004,70.000000
-0.448105,0.702260,-0.397764,0.285876,179.511134,70.000000
0.878334,0.162351,0.018834,0.046706,232.805015,70.000000
0.629308,0.779838,0.583800,0.296991,148.365750,70.000000
0.742750,-0.603018,0.331813,-0.053309,157.773371,70.000000
-0.926118,0.739338,-0.585153,0.303568,139.561380,70.000000
0.058449,0.356627,0.035282,-0.003544,340.471885,70.000000
-0.178398,-0.327965,-0.015559,-0.016173,340.779722,70.000000
-0.106774,-0.558132,0.013291,-0.003909,320.444207,70.000000
-0.522897,-0.332449,-0.282399,0.034477,244.148106,70.000000
0.522081,0.611556,0.208262,-0.033067,178.958790,70.000000
0.426183,0.850574,0.694262,0.382697,157.024383,70.000000
-0.408766,-0.126050,-0.205688,0.002143,318.771029,70.000000
-0.516256,-0.707402,-0.587964,-0.217227,164.764252,70.000000
0.691501,0.061953,-0.216014,-0.093023,231.140999,70.000000
-0.758335,0.668871,0.302407,0.027299,151.936766,70.000000
-0.287353,0.463008,0.040612,0.083024,251.001321,70.000000
-0.223084,0.629974,-0.105065,0.025331,292.410935,70.000000
-0.027264,-0.226462,-0.003565,-0.000130,337.195657,70.000000
-0.140270,0.477353,0.025113,-0.026566,283.602921,70.000000
0.869458,0.976695,-0.791207,0.779389,125.747536,70.000000
-0.691405,-0.445839,-0.073153,0.089482,185.644018,70.000000
0.785435,0.807741,0.488887,0.232857,139.346009,70.000000
-0.295006,-0.159551,0.066035,-0.004991,353.833772,70.000000
0.419224,-0.104904,-0.147476,0.007108,328.090981,70.000000
0.875838,0.217081,-0.135236,0.068202,230.288381,70.000000
0.484510,-0.832360,-0.210273,0.120579,154.198656,70.000000
0.533709,0.043416,0.189567,0.017251,294.176544,70.000000
-0.306059,0.059629,-0.131726,-0.001651,353.324087,70.000000
0.185688,0.855473,-0.000666,0.037483,269.440090,70.000000
-0.060335,-0.042230,0.005375,0.000002,320.041825,70.000000
0.235455,-0.711314,0.095295,0.067605,300.165669,70.000000
0.942173,-0.896238,-0.565159,-0.569564,126.067115,70.000000
0.929905,0.910582,-0.713397,0.782685,125.880148,70.000000
0.151148,0.338666,0.047503,0.014453,331.975140,70.000000
-0.043902,0.143563,0.019715,-0.000030,333.119147,70.000000
0.867303,0.754739,0.777841,0.645747,139.851131,70.000000
0.906737,-0.464390,-0.512407,-0.113693,169.030518,70.000000
0.996768,0.676154,-0.924779,0.288129,144.648871,70.000000
0.112586,0.229952,0.029129,-0.000773,349.704311,70.000000
0.809802,0.345381,0.495778,0.098702,199.562306,70.000000
0.823003,0.203055,0.131357,0.063825,247.389263,70.000000
0.747804,0.338555,0.040492,-0.028953,210.747459,70.000000
0.099198,-0.775127,0.245199,-0.051161,176.058529,70.000000
0.437348,0.507139,-0.034676,-0.013763,225.612520,70.000000
-0.513545,0.841143,0.820975,0.259670,152.903649,70.000000
-0.902964,-0.124300,-0.085149,0.045813,249.131101,70.000000
0.888744,-0.875924,0.857124,-0.816532,130.613052,70.000000
0.339893,0.578112,-0.160494,-0.071975,270.619167,70.000000
0.323053,-0.445033,0.120114,0.008390,279.192709,70.000000
0.333350,0.611284,0.192272,-0.131637,264.933289,70.000000
-0.145967,0.737816,-0.168302,-0.083818,238.585180,70.000000
0.473219,-0.615819,0.557875,-0.190335,186.674654,70.000000
-0.070817,-0.226137,0.011359,-0.000167,341.696979,70.000000
-0.679202,0.652088,-0.706603,0.564476,157.000539,70.000000
-0.360032,0.948448,0.320453,0.368442,160.820471,70.000000
0.565982,0.457279,0.190758,-0.005515,199.643288,70.000000
-0.516352,-0.327852,0.196383,-0.023143,250.040989,70.000000
-0.207534,-0.020008,-0.038254,0.000002,369.383579,70.000000
-0.268149,-0.787635,0.509517,0.665065,146.134824,70.000000
0.213118,-0.124779,0.072201,0.001562,365.495545,70.000000
0.837289,0.309146,0.328397,0.009945,212.181469,70.000000
-0.191369,-0.331606,0.018400,0.003032,346.602853,70.000000
0.699893,-0.897560,-0.644774,-0.713424,135.269426,70.000000
0.713973,-0.254841,-0.311084,0.012086,230.520831,70.000000
0.883565,0.074188,0.376079,0.125415,194.273830,70.000000
0.875980,0.597252,-0.727018,0.367575,153.003838,70.000000
0.019716,-0.630563,-0.331635,0.057003,205.851649,70.000000
0.129130,0.281192,0.045282,0.000272,348.839533,70.000000
-0.000395,-0.637599,0.243853,-0.488501,164.887945,70.000000
-0.118889,-0.162991,0.032738,-0.000042,352.858544,70.000000
0.612565,-0.623420,0.675593,-0.449002,165.010825,70.000000
0.181361,0.131676,-0.021608,-0.000937,365.222881,70.000000
-0.918429,-0.036865,0.361534,0.015286,199.179944,70.000000
0.412102,0.203566,-0.111628,-0.013132,318.088973,70.000000
-0.661065,-0.526795,-0.225254,0.016985,173.638279,70.000000
0.151057,0.813087,-0.038961,-0.002729,306.369740,70.000000
-0.441869,-0.490682,0.471129,-0.026685,220.532744,70.000000
-0.885613,-0.497315,-0.442740,-0.342541,164.830756,70.000000
-0.369535,-0.777339,-0.229250,-0.874215,153.324287,70.000000
-0.744762,0.786357,-0.571663,0.431904,140.085029,70.000000
0.295766,0.936991,-0.676979,0.165965,140.731626,70.000000
0.015228,-0.067606,0.002145,-0.000001,307.510960,70.000000
-0.249358,-0.966541,0.042807,0.178611,110.421519,70.000000
-0.651483,0.531416,-0.046532,-0.099129,174.356394,70.000000
-0.492844,0.778902,-0.475655,0.433494,157.092749,70.000000
-0.986327,0.801110,-0.536502,0.494890,130.966301,70.000000
0.255180,0.802105,0.014199,-0.008989,292.384160,70.000000
0.971991,0.256067,-0.531245,0.344405,176.492954,70.000000
-0.284013,0.591850,0.222326,0.093765,217.666878,70.000000
-0.775590,0.655479,0.504760,0.334218,152.628545,70.000000
0.642859,0.536121,-0.087690,-0.087609,174.905058,70.000000
0.593870,-0.825865,-0.584676,-0.672876,144.364757,70.000000
-0.308695,-0.231782,0.109035,-0.002096,343.652218,70.000000
0.431987,0.413420,0.304944,0.010732,251.111989,70.000000
0.345977,0.838376,0.429681,0.114825,185.636725,70.000000
0.584391,-0.143804,-0.203704,0.024148,295.769447,70.000000
-0.922223,0.201846,0.176028,-0.001296,210.366103,70.000000
0.419780,-0.755461,0.372545,0.006404,191.566533,70.000000
0.969857,0.379818,-0.034603,0.087545,234.733435,70.000000
-0.398693,-0.828409,-0.285609,-0.245046,146.579050,70.000000
0.929370,-0.081697,0.245160,-0.093350,232.508526,70.000000
0.915629,0.980413,-0.131222,-0.152853,123.760735,70.000000
-0.203278,-0.494741,-0.010226,0.018464,302.262754,70.000000
0.893069,-0.192042,0.137249,0.077112,191.341432,70.000000
0.355268,0.985603,0.053391,0.922154,128.789301,70.000000
-0.969267,-0.472824,0.595340,-0.229602,161.202801,70.000000
-0.755262,0.314299,-0.465720,0.029232,217.432305,70.000000
0.422825,0.423641,0.246016,0.020520,274.238578,70.000000
0.132466,0.352933,-0.054692,0.045022,332.615975,70.000000
-0.252604,0.491476,-0.016864,-0.007954,308.342650,70.000000
0.239872,-0.470172,-0.088808,0.050396,301.391426,70.000000
-0.179518,0.835843,-0.061282,-0.144353,221.176950,70.000000
0.006234,0.776622,0.471707,-0.006899,169.045399,70.000000
0.685595,0.791236,-0.682922,0.571396,144.242841,70.000000
0.310794,-0.488964,0.060377,-0.072517,290.652478,70.000000
-0.019787,-0.567138,0.013646,0.001040,324.181876,70.000000
0.117000,0.413931,0.024717,0.001440,320.443042,70.000000
0.936106,-0.863812,0.882129,-0.591425,130.541297,70.000000
-0.081232,0.737193,4.121580,5.543421,102.759664,70.000000
0.004354,-0.822751,0.415628,-0.009577,187.941619,70.000000
0.026002,-0.988603,0.884497,0.253375,106.774939,70.000000
0.553346,0.086088,-0.164763,-0.015655,312.668780,70.000000
0.879535,0.348576,-0.246277,0.124207,217.113209,70.000000
0.521679,-0.148048,0.205427,-0.022844,293.931256,70.000000
-0.235286,-0.443785,0.073323,-0.031559,289.310908,70.000000
-0.693108,0.942066,-0.740465,0.780579,130.695096,70.000000
-0.689650,-0.954248,-0.724876,-0.904374,130.672314,70.000000
-0.048999,0.473417,-0.021839,-0.000127,340.384634,70.000000
0.726213,-0.541449,-0.357607,-0.084151,168.316547,70.000000
-0.130242,-0.982568,-0.280721,0.270877,115.972836,70.000000
-0.016658,0.029633,-0.002696,0.000000,302.853561,70.000000
0.034553,0.735108,0.169607,-0.082204,206.001940,70.000000
0.967092,-0.086542,-0.096161,0.016577,236.351632,70.000000
-0.503718,0.010499,-0.194087,-0.014559,280.155663,70.000000
0.464020,0.783632,0.104302,-0.082918,158.576660,70.000000
0.506685,-0.150924,-0.253270,-0.010238,285.781173,70.000000
-0.572492,0.132161,0.211785,-0.005348,292.661100,70.000000
-0.772838,0.914581,-0.796669,0.855607,130.638896,70.000000
-0.635821,-0.242929,0.068524,-0.020795,249.697300,70.000000
-0.913574,-0.433175,-0.096800,0.059039,173.872269,70.000000
-0.376922,-0.935973,-0.163296,-0.124797,149.557701,70.000000
-0.894231,0.659099,0.359556,0.036086,145.208581,70.000000
-0.525386,-0.170263,0.228302,-0.013572,272.870172,70.000000
0.391114,-0.539568,-0.128010,0.040687,231.269594,70.000000
-0.516547,0.391178,-0.384636,0.085237,228.913367,70.000000
0.520921,-0.883178,0.908694,0.467728,148.320309,70.000000
0.423546,0.531097,-0.109023,-0.034414,238.852877,70.000000
0.143026,-0.168789,-0.057162,0.001089,358.841221,70.000000
-0.829317,-0.330109,0.417701,-0.080663,196.259731,70.000000
-0.147205,-0.072531,-0.058989,0.000075,361.883509,70.000000
0.968395,-0.189957,-0.115192,-0.105467,222.897077,70.000000
-0.606202,-0.441485,0.014487,0.077374,195.631396,70.000000
-0.031485,0.829395,0.234469,0.119092,199.292613,70.000000
-0.357643,-0.911857,-0.477337,-0.359841,157.379960,70.000000
0.416904,0.899225,0.622807,0.601329,148.729098,70.000000
-0.727346,-0.507026,-0.582487,-0.433675,172.659148,70.000000
0.412285,-0.721438,0.100966,0.026933,184.952160,70.000000
0.798972,0.315506,0.387365,0.110528,217.150714,70.000000
0.705190,0.126201,0.069003,-0.012884,285.564647,70.000000
-0.939642,-0.566882,-0.371170,-0.150283,156.494833,70.000000
0.419374,0.419131,0.285767,-0.039289,255.455755,70.000000
0.338666,-0.044090,-0.104928,-0.000848,349.280981,70.000000
0.986656,0.732775,-0.323080,0.128724,136.236947,70.000000
-0.252864,0.120324,-0.112770,-0.001399,360.299229,70.000000
0.280589,-0.132303,0.026621,0.002654,357.370671,70.000000
0.383400,-0.190528,-0.155155,-0.013586,329.687831,70.000000
-0.202677,-0.394248,0.018375,0.017724,324.465855,70.000000
-0.120612,0.879834,-0.177345,0.120977,218.820864,70.000000
-0.626676,-0.535275,0.612995,-0.421553,176.409001,70.000000
-0.374249,-0.008387,0.123467,0.000251,340.976977,70.000000
-0.959884,-0.764628,0.924049,-0.715557,135.337027,70.000000
0.902925,-0.533209,0.078203,0.120100,158.719010,70.000000
0.358598,0.961596,-0.284347,-0.490619,157.720533,70.000000
-0.454776,0.580739,-0.376998,0.135508,205.444907,70.000000
0.477785,0.132735,0.233499,-0.007423,285.816562,70.000000
0.884057,0.339069,0.328772,-0.017508,218.338880,70.000000
0.726393,0.485650,-0.540076,0.333593,176.321240,70.000000
0.318531,-0.444839,-0.114048,-0.015788,299.277530,70.000000
-0.401332,0.807253,-0.022872,0.076379,158.402594,70.000000
-0.493440,0.745857,0.671956,0.479864,160.989190,70.000000
-0.379988,-0.464099,-0.115976,-0.049854,292.959410,70.000000
-0.116040,-0.288965,0.013614,-0.001179,338.938974,70.000000
-0.632759,-0.777868,-0.569122,-0.264610,148.322420,70.000000
0.376739,-0.152798,-0.175973,-0.019200,322.860758,70.000000
-0.072313,0.633233,-0.142264,-0.109337,221.925748,70.000000
0.747021,-0.813189,0.709616,-0.683593,139.831858,70.000000
0.738491,-0.182757,-0.153545,0.010327,257.489509,70.000000
0.409659,-0.869298,0.628693,-0.117501,157.149095,70.000000
-0.288619,-0.813728,0.186169,-0.204607,174.651402,70.000000
-0.327779,-0.976524,0.643022,-0.388113,136.051698,70.000000
-0.441311,0.892979,-0.384515,0.236878,160.429135,70.000000
0.291615,-0.828109,-0.051587,-0.084738,274.124957,70.000000
-0.034362,0.484973,-0.021550,-0.017586,312.082705,70.000000
0.940462,0.340305,-0.292342,0.180185,236.470323,70.000000
-0.486003,-0.258339,-0.264300,0.012234,276.623307,70.000000
0.103603,-0.746737,0.049478,0.221260,252.241775,70.000000
-0.407576,-0.135859,-0.194513,-0.011885,316.697994,70.000000
0.617598,-0.037398,0.159132,-0.023633,301.734966,70.000000
-0.555039,-0.532577,-0.451081,-0.217602,186.944005,70.000000
0.984976,0.498052,0.692816,0.308030,157.117252,70.000000
0.761120,0.135760,0.400086,-0.036530,228.277493,70.000000
-0.281343,-0.528681,-0.158297,0.125292,237.953568,70.000000
0.464436,-0.229768,-0.036784,0.006279,300.458882,70.000000
0.290160,0.720200,0.179742,-0.041217,251.312052,70.000000
0.400276,-0.555001,0.141013,-0.054082,231.851656,70.000000
0.092797,-0.356524,-0.028261,0.093544,266.003883,70.000000
-0.103073,-0.341439,0.032757,0.001792,344.049201,70.000000
-0.565367,-0.128600,0.168707,0.011297,313.905134,70.000000
0.618423,-0.171498,-0.029340,-0.024608,267.365180,70.000000
-0.371163,-0.139297,-0.098939,0.002683,333.556574,70.000000
0.837204,0.884903,0.818804,0.839211,130.628465,70.000000
0.561945,0.611861,0.640258,0.367799,172.639708,70.000000
-0.451114,0.120576,0.005210,0.002810,309.533925,70.000000
0.521245,0.565900,0.595227,0.284689,186.971911,70.000000
-0.917611,-0.285746,-0.372949,0.163205,204.983482,70.000000
-0.537223,0.889191,0.339540,0.092848,143.645163,70.000000
0.628327,0.295752,0.341079,-0.024645,233.778414,70.000000
0.696456,-0.667153,-0.408889,-0.162063,153.390740,70.000000
-0.841578,-0.402513,0.538676,-0.177617,190.076737,70.000000
0.965185,-0.143115,-0.833780,0.115434,172.387356,70.000000
0.662181,-0.721052,-0.361750,-0.019483,152.033200,70.000000
-0.716835,0.162209,0.191824,-0.051466,251.513873,70.000000
0.248260,0.512400,-0.035205,0.010850,306.104043,70.000000
-0.086843,0.432746,0.041148,0.015910,305.862974,70.000000
-0.833825,-0.089755,-0.299257,-0.031212,244.681918,70.000000
-0.513320,0.628355,0.553119,0.302199,176.297806,70.000000
0.758869,0.313531,0.386025,0.032321,221.603421,70.000000
-0.477817,-0.678672,0.133460,0.019244,177.164115,70.000000
-0.434006,-0.343924,0.271316,-0.062440,273.906001,70.000000
-0.324995,-0.197063,0.073911,-0.018190,339.543170,70.000000
-0.035533,0.800590,-0.186362,0.243603,178.449573,70.000000
-0.485858,0.192661,-0.187433,0.010473,301.395964,70.000000
0.055791,-0.316774,0.007853,-0.004304,340.529879,70.000000
-0.028462,-0.354584,0.052527,-0.118566,311.588379,70.000000
0.503898,-0.980849,-0.724325,-0.354160,135.667375,70.000000
0.866073,0.081432,0.390545,-0.040745,212.858478,70.000000
0.628584,0.610664,0.631839,0.408752,165.041327,70.000000
-0.574807,-0.784867,0.456307,-0.233081,152.483633,70.000000
0.735655,0.158490,0.215090,-0.084516,260.448715,70.000000
-0.266617,0.965142,-0.327080,-0.208140,159.592602,70.000000
-0.853468,-0.233622,0.323666,0.011554,223.558075,70.000000
-0.482515,0.362592,-0.318855,0.009829,251.996949,70.000000
0.076673,0.636673,-0.140526,0.283727,203.212510,70.000000
0.554854,-0.564005,0.598266,-0.304691,180.022584,70.000000
0.773767,0.700168,0.586895,0.433115,148.488650,70.000000
-0.272316,-0.820915,0.033116,-0.044692,167.374613,70.000000
0.889680,0.855829,0.818079,0.780251,130.640673,70.000000
-0.078312,-0.186165,-0.036859,-0.000376,349.444782,70.000000
-0.881368,0.847820,-0.659387,0.520784,130.824534,70.000000
-0.682049,0.806159,0.211238,-0.103433,142.822966,70.000000
-0.894049,-0.273997,0.139748,-0.069895,244.357533,70.000000
0.924578,-0.623865,-0.466942,-0.086269,152.348805,70.000000
0.701011,-0.107778,-0.213080,0.069042,279.326077,70.000000
0.581881,-0.329156,-0.341478,-0.022533,231.620992,70.000000
-0.120209,-0.359216,0.060290,-0.020237,329.763981,70.000000
0.659292,0.723199,-0.328078,-0.012855,151.918972,70.000000
0.797915,0.559462,-0.598771,0.568905,161.052299,70.000000
0.874491,-0.426108,0.424435,-0.068309,180.015119,70.000000
0.408157,-0.105692,0.144412,0.012124,299.516216,70.000000
-0.358771,0.134273,-0.058235,-0.006447,341.971143,70.000000
0.727730,0.952354,0.669884,0.816001,130.621963,70.000000
0.217762,-0.071522,0.075008,-0.001399,368.591606,70.000000
-0.069327,0.815193,0.027791,-0.483562,171.320569,70.000000
0.943119,0.997036,0.795522,0.850352,120.913148,70.000000
-0.811428,0.328944,-0.241933,0.085742,211.677996,70.000000
0.568149,0.881765,0.664533,0.623339,140.009750,70.000000
-0.179613,-0.754773,0.148216,0.167178,189.338887,70.000000
0.529247,-0.937850,-0.341202,0.096662,136.653200,70.000000
-0.449917,0.243439,0.036512,-0.000846,283.568385,70.000000
-0.516317,0.257326,0.282474,0.017797,270.572016,70.000000
0.872886,0.589933,-0.463808,0.055980,153.503737,70.000000
-0.997786,0.218706,-0.051992,-0.001925,206.804651,70.000000
-0.208520,-0.598825,0.192324,0.389121,188.509036,70.000000
-0.447831,-0.698590,-0.448210,-0.341756,179.480657,70.000000
0.796461,0.118728,-0.169955,0.041336,294.788739,70.000000
-0.537967,0.381369,0.134698,-0.027862,225.767596,70.000000
-0.329323,-0.928389,-0.193586,0.008609,141.500002,70.000000
0.567021,-0.086365,0.157031,-0.019365,306.282404,70.000000
0.469363,0.585459,-0.110858,-0.017060,191.267315,70.000000
-0.186185,0.795747,0.371741,0.150108,177.433041,70.000000
0.124833,0.064779,0.008477,-0.000021,354.419241,70.000000
0.736316,-0.739195,-0.581356,-0.437110,144.473724,70.000000
0.345811,0.051891,0.125542,0.000096,347.218950,70.000000
0.133376,-0.351508,0.030529,0.000212,334.284769,70.000000
0.202107,0.820172,-0.288694,0.109668,192.145736,70.000000
0.628998,-0.426529,-0.165021,0.041564,196.269040,70.000000
-0.666208,-0.953923,-0.737392,-0.790277,130.706774,70.000000
-0.587978,-0.141074,0.120393,0.030826,293.689830,70.000000
0.963091,0.678404,-0.873032,0.293804,144.170112,70.000000
-0.069459,0.606795,0.270190,0.051213,178.441633,70.000000
0.399287,0.820851,-0.517876,0.071195,166.740272,70.000000
0.046247,-0.733505,-0.446476,0.095765,193.171321,70.000000
-0.021294,0.114229,-0.007259,-0.000005,316.178735,70.000000
-0.152231,-0.538794,0.005092,0.020623,294.133054,70.000000
0.496028,0.746936,-0.684055,0.469466,160.986643,70.000000
-0.245289,-0.572135,-0.277113,-0.262985,203.511452,70.000000
0.132967,0.773919,-0.015748,0.000157,191.612944,70.000000
-0.749468,-0.316370,-0.166350,0.042729,222.271332,70.000000
0.774219,0.290870,-0.341850,-0.093533,230.404167,70.000000
0.649950,-0.286181,0.002296,0.004040,232.502751,70.000000
0.148831,-0.593812,0.198708,0.062709,248.027305,70.000000
-0.191002,-0.177434,0.072546,0.005108,360.239284,70.000000
-0.138854,0.280284,0.021072,-0.000256,351.399321,70.000000
0.741409,0.869091,-0.735285,0.831368,135.311450,70.000000
0.812224,-0.956387,-0.723691,-0.555840,126.026760,70.000000
-0.000287,-0.825575,0.030977,0.067243,287.443221,70.000000
0.562124,-0.373954,-0.444983,-0.123336,221.161833,70.000000
0.960309,-0.090476,-0.295422,0.045285,191.513514,70.000000
-0.636147,0.277579,-0.329051,0.020826,238.781884,70.000000
-0.728262,0.101386,-0.000894,-0.004976,250.008206,70.000000
-0.011086,-0.327437,0.051754,-0.006773,335.640995,70.000000
0.772727,-0.782141,0.727998,-0.689771,139.875406,70.000000
0.562663,0.678526,-0.279575,0.059733,161.821483,70.000000
-0.015506,-0.616085,-0.091174,-0.069460,240.206632,70.000000
-0.539956,0.961473,0.938347,0.653373,135.472485,70.000000
-0.519967,0.915355,-0.492966,0.301011,140.290171,70.000000
0.367785,-0.629476,-0.189508,0.037140,238.492811,70.000000
0.396517,0.264817,-0.037253,-0.012850,323.090949,70.000000
0.781245,0.379622,-0.205989,0.045575,196.122009,70.000000
0.300145,0.532552,-0.743883,-0.093981,182.031543,70.000000
0.604468,-0.707342,0.701241,-0.424701,156.953093,70.000000
-0.305111,-0.004380,-0.093780,-0.000212,355.745556,70.000000
0.377603,0.367684,-0.037678,0.034160,310.365126,70.000000
-0.330913,0.344450,-0.056806,-0.008678,328.807303,70.000000
-0.821017,-0.840135,0.766794,-0.730039,135.278910,70.000000
-0.152257,-0.989045,-0.039764,0.061907,261.868151,70.000000
-0.872924,0.772750,0.134184,-0.113278,137.100850,70.000000
-0.387379,-0.671303,-0.329102,-0.099327,208.366660,70.000000
-0.589023,0.297148,-0.392070,-0.031656,239.052775,70.000000
0.163370,-0.238597,-0.032934,-0.000522,352.913292,70.000000
-0.108085,-0.583648,0.044150,0.044704,289.366334,70.000000
0.626065,0.277457,0.128366,0.019872,242.793202,70.000000
-0.784687,-0.241676,-0.235072,0.083410,218.595741,70.000000
0.156875,0.598500,0.049299,-0.117999,243.700322,70.000000
0.984493,0.377897,0.041352,0.219803,199.627081,70.000000
-0.692515,0.900980,0.636017,0.707472,135.267278,70.000000
0.778082,-0.782651,0.752591,-0.729309,139.861882,70.000000
-0.011829,-0.806786,-2.159785,-0.227265,115.729340,70.000000
0.349550,0.885881,-0.040601,0.109649,163.696425,70.000000
-0.997592,-0.533476,-0.604195,-0.262576,157.107701,70.000000
-0.131045,-0.479799,0.005287,-0.143579,268.012089,70.000000
0.018515,-0.819340,-0.174623,-0.089638,239.314803,70.000000
-0.644560,0.881743,0.281705,-0.053395,136.658706,70.000000
-0.542303,-0.478951,-0.317736,-0.087684,200.032792,70.000000
0.267406,0.297736,-0.040348,-0.038129,309.541446,70.000000
0.050767,-0.763174,0.598488,-0.180870,169.104174,70.000000
-0.657922,0.308617,0.451800,0.038235,226.057086,70.000000
0.918846,-0.948251,-0.833156,-0.870118,125.786727,70.000000
0.748939,-0.574808,-0.601506,-0.506923,161.069600,70.000000
-0.804590,-0.739571,0.504578,-0.285039,143.922564,70.000000
0.033078,-0.064950,0.002416,-0.000002,311.527969,70.000000
0.391704,-0.630617,0.354596,-0.056600,199.482900,70.000000
-0.786055,0.778398,-0.757733,0.722537,139.862993,70.000000
0.535649,0.650575,-0.626569,0.368583,168.851277,70.000000
0.211437,-0.374403,-0.057923,-0.000735,336.522948,70.000000
-0.596677,-0.347952,0.320284,-0.072103,221.310691,70.000000
-0.023152,0.883196,0.176666,0.910263,126.727706,70.000000
-0.117362,-0.509749,-0.358095,0.340163,212.317948,70.000000
0.648389,-0.520750,-0.607303,-0.427855,176.408453,70.000000
-0.250821,0.451397,-0.082685,0.035510,319.535238,70.000000
0.626680,0.617985,0.690574,0.484285,165.009795,70.000000
0.465594,-0.754568,-0.257261,-0.118917,161.688548,70.000000
-0.025522,-0.951207,0.897909,0.218750,134.708545,70.000000
-0.942244,-0.299287,0.171402,0.020610,190.835102,70.000000
-0.116270,-0.157179,-0.037573,0.000193,351.639729,70.000000
0.289300,0.269216,0.078557,0.043220,322.345402,70.000000
0.714435,-0.490958,-0.547774,-0.339587,176.335915,70.000000
0.474007,0.643491,0.271230,0.113478,180.296225,70.000000
-0.854750,0.221041,0.180146,0.141816,188.301060,70.000000
-0.964099,0.381436,0.109733,0.147273,240.085284,70.000000
0.790098,-0.815475,-0.345418,-0.035854,136.328897,70.000000
0.307465,-0.440695,-0.110101,-0.039909,320.625006,70.000000
-0.767135,0.755798,0.586793,0.398004,144.082048,70.000000
0.699362,0.173930,0.101635,-0.060229,265.321053,70.000000
-0.751648,-0.940929,-0.717357,-0.826322,130.619111,70.000000
-0.194537,0.423334,0.091959,0.132929,288.676015,70.000000
0.981197,0.970004,0.689104,0.646991,121.063464,70.000000
0.857960,-0.273455,-0.316018,0.117637,228.629485,70.000000
0.040811,-0.092858,-0.011839,0.000002,318.756983,70.000000
-0.663643,0.152388,-0.222543,-0.054956,280.797304,70.000000
-0.812309,-0.479329,-0.304529,-0.108765,172.074982,70.000000
-0.080797,0.051640,0.004877,0.000003,331.922973,70.000000
-0.094225,0.355319,0.052492,-0.000302,332.452733,70.000000
-0.147204,-0.056190,0.000716,-0.000113,362.043332,70.000000
-0.380704,-0.486044,-0.195075,0.081840,248.888085,70.000000
-0.944727,-0.023493,-0.547462,-0.001844,196.529158,70.000000
-0.844704,-0.941446,0.690475,-0.538765,126.041617,70.000000
-0.888115,-0.540962,-0.483267,-0.092146,157.522777,70.000000
0.055670,-0.348437,0.059844,-0.013553,346.483123,70.000000
-0.185961,0.548617,-0.105535,-0.341134,233.627721,70.000000
0.598852,0.906456,-0.514536,0.159934,136.004977,70.000000
0.812975,-0.324580,-0.214351,0.018854,223.218397,70.000000
0.779003,0.698080,0.570522,0.411475,148.464515,70.000000
0.626950,-0.856167,0.628044,-0.777583,139.904994,70.000000
0.400797,0.202362,-0.068854,-0.009095,328.350149,70.000000
-0.909933,0.752378,-0.247559,-0.043278,138.549742,70.000000
-0.786056,0.755467,0.046701,-0.138810,142.242386,70.000000
-0.870070,0.726981,-0.701079,0.466214,140.012126,70.000000
0.366551,0.617591,0.273391,0.221646,183.161208,70.000000
-0.147093,-0.188677,0.055584,-0.000299,359.056624,70.000000
0.903228,0.544727,0.676850,0.336937,157.137283,70.000000
-0.767548,-0.170836,-0.135636,-0.060161,235.728214,70.000000
0.758419,0.750786,-0.722327,0.653120,144.284446,70.000000
0.452895,-0.191194,0.205515,-0.004344,307.454418,70.000000
0.605114,0.150289,-0.125764,-0.021026,298.462937,70.000000
-0.090091,-0.162425,-0.035549,-0.000181,352.054305,70.000000
0.126722,-0.185113,-0.048550,-0.000921,355.937065,70.000000
0.813709,-0.000851,0.416471,-0.007848,234.127974,70.000000
-0.295200,0.573832,-0.019767,0.037237,303.144223,70.000000
0.387982,0.812086,0.384297,0.205167,171.635290,70.000000
0.731875,0.630927,0.637791,0.522350,156.983481,70.000000
-0.014434,-0.596543,0.033707,0.001149,324.194184,70.000000
-0.095006,-0.766230,-0.015848,0.253772,168.599796,70.000000
-0.035125,-0.338486,0.001904,0.000174,330.242465,70.000000
-0.936184,-0.446479,0.653302,-0.386457,168.807083,70.000000
0.024741,-0.180235,-0.013275,-0.000030,329.583953,70.000000
0.790559,0.931863,0.684247,0.669226,130.524930,70.000000
-0.172977,0.778956,-0.062603,-0.089833,211.316754,70.000000
-0.084244,0.109647,0.033277,-0.000046,346.894857,70.000000
0.835826,-0.266390,0.190711,-0.115202,220.500721,70.000000
0.789310,-0.070199,-0.125493,0.002635,226.173060,70.000000
0.172541,-0.103154,-0.051266,-0.000661,365.467390,70.000000
0.286739,-0.771949,-0.261739,0.106210,207.292764,70.000000
-0.140685,-0.494001,0.037033,0.055101,311.278235,70.000000
-0.678406,0.024739,0.198746,0.019774,283.127268,70.000000
-0.213716,0.071902,-0.086765,0.001189,368.114355,70.000000
0.452295,-0.278241,0.192531,0.016141,269.729290,70.000000
-0.399286,-0.791643,0.480045,-0.103130,182.355730,70.000000
0.852779,0.652568,0.746281,0.622335,148.665613,70.000000
-0.296414,0.173101,0.097063,0.002621,359.168216,70.000000
-0.692086,0.109301,-0.218100,0.114806,252.778396,70.000000
-0.972905,0.387251,0.548455,0.231697,189.122995,70.000000
0.519177,-0.198112,0.265270,-0.030316,280.704874,70.000000
0.328934,0.388753,-0.151119,-0.075527,281.300168,70.000000
-0.227415,-0.164808,0.069184,-0.002718,363.380453,70.000000
0.066903,0.438632,-0.049106,-0.002938,333.640379,70.000000
0.079681,-0.806610,7.873594,1.053342,89.379466,70.000000
-0.693601,0.651468,-0.672101,0.514813,156.986766,70.000000
-0.773235,0.238265,0.255293,0.078276,238.088660,70.000000
0.527852,-0.385449,-0.301491,-0.067304,226.615709,70.000000
-0.243212,0.343881,0.024340,0.002653,340.030937,70.000000
-0.386656,-0.534013,0.228129,0.028346,254.434199,70.000000
0.843586,0.142914,0.271064,-0.006964,246.839049,70.000000
-0.039040,-0.151474,-0.019437,0.000045,334.866099,70.000000
0.177256,-0.851930,0.150116,-0.022962,192.120207,70.000000
-0.393721,0.729556,0.190839,0.039797,188.571128,70.000000
-0.347804,0.450137,0.117130,0.017388,263.249774,70.000000
-0.544995,0.276558,-0.164017,0.004846,259.716940,70.000000
0.104941,-0.249244,-0.010428,0.000697,349.860991,70.000000
0.961313,0.788795,-0.689048,0.328530,135.046622,70.000000
-0.720778,-0.123147,0.224677,0.068904,259.777256,70.000000
0.266960,0.792123,-0.639173,-1.110347,133.145597,70.000000
-0.792667,-0.356844,-0.256590,-0.034996,206.173346,70.000000
0.527162,0.003663,0.028773,0.000739,319.813078,70.000000
-0.444189,0.512086,-0.281793,-0.021049,227.770023,70.000000
0.623627,-0.696748,0.662345,-0.387260,156.920192,70.000000
-0.246883,0.632083,-0.143839,0.169904,211.259608,70.000000
-0.578398,0.872683,-0.623245,0.556676,140.050057,70.000000
-0.815446,0.805989,0.485024,0.220147,135.868025,70.000000
0.253334,-0.219322,0.090206,0.006824,342.566719,70.000000
-0.148099,0.906850,0.094439,-0.109966,174.243397,70.000000
-0.563819,-0.103684,0.175378,0.029879,305.148431,70.000000
-0.616194,-0.372078,-0.171227,0.026333,211.908062,70.000000
0.491420,-0.703472,-0.644622,-0.382639,168.738534,70.000000
0.754072,-0.311424,-0.473336,-0.077249,214.803487,70.000000
-0.099159,-0.559960,-0.019931,0.000287,319.783996,70.000000
0.750057,0.209824,0.275825,0.091722,253.595652,70.000000
0.511453,-0.002187,-0.049547,0.000797,309.995286,70.000000
-0.762483,0.940804,-0.689044,0.747261,130.576960,70.000000
0.099871,0.539971,0.044581,0.005830,318.583725,70.000000
-0.700839,0.991388,0.521381,-0.052824,126.948418,70.000000
0.253085,-0.401092,0.023934,0.021991,323.702514,70.000000
0.844016,-0.617694,-0.663858,-0.566421,152.896655,70.000000
0.414992,0.771556,0.497659,0.106613,185.572094,70.000000
-0.450714,0.842676,0.536955,0.608192,152.926708,70.000000
0.853632,0.999555,-0.522734,0.287009,125.219022,70.000000
-0.484701,-0.374464,-0.281975,-0.009181,244.101200,70.000000
0.383751,-0.301764,0.131192,-0.021199,326.787878,70.000000
0.249104,0.695910,0.000982,0.173026,211.827984,70.000000
0.163551,0.801211,-0.367589,-0.045532,153.539892,70.000000
-0.041943,-0.942876,-0.533567,-0.121330,130.799005,70.000000
-0.910795,0.269071,-0.042026,-0.105006,228.859121,70.000000
0.277038,0.169530,-0.087811,0.003904,353.536606,70.000000
-0.713905,-0.601695,0.647500,-0.531260,161.048169,70.000000
-0.686566,0.885806,0.697671,0.825833,135.334174,70.000000
-0.257106,0.827203,-0.599786,0.132526,176.616747,70.000000
0.793243,0.037170,0.814153,0.023859,175.107917,70.000000
0.721464,-0.359114,-0.447374,-0.187508,203.266213,70.000000
0.371263,-0.174872,-0.125472,-0.012173,338.354307,70.000000
0.928513,-0.476081,0.664373,-0.251204,165.006660,70.000000
0.511072,-0.417854,0.416784,-0.069277,223.580297,70.000000
-0.864314,-0.522065,0.598399,-0.327356,161.183563,70.000000
-0.345773,0.597103,0.218079,0.129877,228.416516,70.000000
-0.493832,0.167246,0.144422,-0.007814,283.365720,70.000000
0.901432,0.370223,0.401812,0.369136,179.971550,70.000000
0.342569,-0.445716,0.093622,0.018505,322.030314,70.000000
0.843989,0.929081,-0.225982,-0.096776,127.454920,70.000000
-0.938319,-0.332652,-0.367983,-0.169032,199.355953,70.000000
-0.879854,0.291957,-0.452225,0.048212,205.373355,70.000000
0.927152,0.645830,0.613405,0.412949,148.658322,70.000000
0.459545,-0.429326,-0.129060,-0.017288,236.682591,70.000000
0.318147,-0.907072,-0.492574,-0.299915,175.298723,70.000000
0.846998,-0.507283,0.591041,-0.505221,165.002261,70.000000
0.092630,0.837926,-0.210220,0.098482,219.801590,70.000000
-0.980139,0.796292,-0.210611,-0.021308,132.153805,70.000000
-0.712758,0.668736,0.682225,0.569109,152.874505,70.000000
-0.556937,-0.443251,0.467208,-0.185280,203.590437,70.000000
0.278322,-0.239083,-0.024769,-0.008621,350.273640,70.000000
-0.263976,-0.638823,0.065518,-0.038091,278.212045,70.000000
-0.702616,-0.859621,0.484812,-0.252621,135.850200,70.000000
0.346136,-0.485585,-0.087134,-0.008487,260.301566,70.000000
0.774139,0.961592,-0.456103,0.057591,126.800212,70.000000
-0.517215,-0.827735,0.585557,-0.555046,152.899005,70.000000
0.258525,-0.978017,-0.000262,-0.047465,266.201919,70.000000
0.467037,-0.517320,-0.414110,-0.141038,214.732049,70.000000
-0.595555,0.502939,0.066742,-0.084596,185.084387,70.000000
0.891806,0.575238,0.440134,0.302164,156.760877,70.000000
0.019093,0.903437,0.365926,-1.525288,104.011656,70.000000
0.065028,0.929559,0.762463,-0.255477,149.784852,70.000000
-0.896913,-0.412242,0.455157,-0.113865,182.901047,70.000000
-0.545826,0.294906,-0.277140,-0.025611,248.770863,70.000000
0.477179,-0.045239,-0.208880,-0.017989,311.025252,70.000000
-0.326366,0.774503,0.193780,0.019471,172.852997,70.000000
-0.927970,-0.389122,0.498530,-0.647787,159.768894,70.000000
0.027569,-0.650976,-0.002044,-0.000851,318.977900,70.000000
-0.957408,0.851762,-0.957528,0.572536,130.575232,70.000000
-0.433210,-0.967860,0.034296,-0.146489,187.939022,70.000000
-0.828204,0.370311,-0.342587,0.094447,199.640607,70.000000
-0.177762,0.351585,0.025288,0.001163,342.788364,70.000000
-0.902586,0.240323,0.197444,-0.094404,245.353419,70.000000
-0.898880,0.529034,0.275148,0.106647,160.345671,70.000000
-0.530623,-0.186942,0.140149,-0.017221,279.229728,70.000000
0.064232,-0.445878,0.035140,0.000829,338.542525,70.000000
0.129319,-0.531190,0.129364,0.041294,293.244443,70.000000
0.288413,-0.634711,0.067046,-0.046799,289.216930,70.000000
0.410643,-0.329331,0.182551,-0.000340,286.972953,70.000000
0.937483,0.272407,-0.165809,0.026136,259.501192,70.000000
0.349624,0.123402,-0.086818,0.006666,334.619665,70.000000
0.020544,-0.708720,-0.921012,-0.011168,152.921917,70.000000
0.545115,-0.258685,0.273673,-0.000211,267.764775,70.000000
0.282976,-0.030535,0.106069,-0.000834,360.174334,70.000000
0.802201,0.588027,0.635181,0.584804,157.017881,70.000000
0.967789,-0.363454,0.215211,0.212064,205.568614,70.000000
-0.577010,0.200194,-0.152251,-0.021102,275.726176,70.000000
0.662028,0.697483,-0.691132,0.560972,152.869252,70.000000
0.596049,-0.208474,0.164426,-0.017375,271.430250,70.000000
0.171446,-0.498722,-0.006580,-0.004740,321.714644,70.000000
-0.022780,-0.857555,-1.146015,-0.695643,103.264667,70.000000
-0.929766,-0.574849,0.492817,-0.137969,153.323472,70.000000
0.512497,-0.463889,0.464679,-0.124111,212.351289,70.000000
-0.576127,-0.958161,0.450121,-0.458044,135.098479,70.000000
0.188102,-0.571298,0.014362,0.061799,257.499207,70.000000
0.194824,0.400934,-0.086581,0.004037,321.743511,70.000000
0.489868,-0.782139,0.648761,-0.495763,156.959437,70.000000
0.587160,0.391803,-0.302037,0.070708,210.009352,70.000000
-0.970848,0.958828,-0.240129,-0.089374,122.537211,70.000000
-0.978503,0.303726,0.254656,-0.051793,242.465076,70.000000
0.729682,-0.238081,0.318617,-0.109026,241.447944,70.000000
0.565536,0.959288,-0.581210,0.675225,135.330653,70.000000
0.758020,0.038062,-0.539218,-0.001704,205.787804,70.000000
-0.297222,0.590328,0.270035,-0.088981,203.922562,70.000000
-0.364938,0.494157,-0.178320,0.068720,265.938360,70.000000
-0.697960,-0.612020,0.644577,-0.499376,161.039214,70.000000
-0.214124,-0.788177,-0.741199,0.227796,147.726059,70.000000
-0.891297,-0.033726,-0.353456,-0.059203,207.189432,70.000000
-0.834021,0.610679,0.707750,0.520276,152.927226,70.000000
-0.318650,0.446939,0.140898,-0.035360,293.620187,70.000000
-0.302149,-0.222693,0.037238,-0.007176,345.398287,70.000000
-0.794937,-0.500689,0.555357,-0.503295,168.862128,70.000000
0.916821,-0.991439,0.569447,-0.346417,121.386553,70.000000
0.888848,0.861076,0.848929,0.828682,130.625072,70.000000
0.099669,-0.865470,-0.015674,0.118635,254.811507,70.000000
0.050633,0.981173,-0.004770,0.013838,279.831885,70.000000
0.573082,-0.212504,0.252780,-0.041138,265.392934,70.000000
0.447024,-0.859280,0.758899,-0.253764,156.719702,70.000000
0.083929,0.602263,0.112258,-0.064013,229.675047,70.000000
0.237632,-0.115290,-0.036045,-0.000496,364.260662,70.000000
0.324153,0.034293,0.060806,-0.002327,330.254604,70.000000
0.360278,-0.814951,-0.219337,0.126688,204.892518,70.000000
-0.883174,0.493639,-0.609182,0.474877,164.984107,70.000000
0.583527,-0.655709,0.580151,-0.287726,164.866318,70.000000
-0.498207,0.634061,-0.617874,0.267706,179.746343,70.000000
0.668363,-0.815622,0.125726,0.116948,141.654887,70.000000
-0.160127,0.747005,2.258764,-0.835018,111.462417,70.000000
0.919619,0.038404,0.378411,-0.004193,196.545315,70.000000
-0.548456,0.094155,-0.087767,-0.022961,295.828609,70.000000
0.457217,0.444760,-0.352448,-0.017379,235.764942,70.000000
-0.916926,-0.769213,0.784863,-0.616926,135.376769,70.000000
-0.155819,-0.856778,0.037804,0.003953,300.157022,70.000000
0.132053,-0.583327,-0.035744,-0.002977,295.221197,70.000000
0.014974,-0.326215,0.029382,-0.002877,307.820815,70.000000
-0.695247,0.975861,-0.483289,0.566467,130.466143,70.000000
-0.699667,0.697919,0.471887,0.183975,152.419995,70.000000
-0.068655,0.109614,-0.009542,0.000005,332.880521,70.000000
0.282095,-0.827976,0.027393,0.083806,196.613392,70.000000
0.201554,-0.484332,-0.025351,-0.001621,316.796587,70.000000
-0.175040,0.096495,0.067371,-0.000522,365.326782,70.000000
-0.213947,0.191603,-0.016206,-0.004916,359.342596,70.000000
0.280009,0.114225,-0.015937,0.001265,360.147127,70.000000
-0.217393,0.277582,0.017554,-0.015687,340.724301,70.000000
-0.673884,0.025938,-0.326787,0.011686,256.884723,70.000000
-0.065308,0.373680,-0.044986,-0.008291,336.800234,70.000000
0.439492,0.546286,0.454203,0.067846,211.770961,70.000000
-0.571343,-0.569421,0.307906,-0.030244,177.016118,70.000000
-0.264079,-0.369844,-0.185402,-0.034703,310.327284,70.000000
0.032479,-0.133574,0.012701,0.000013,325.223183,70.000000
-0.972742,-0.877621,0.362116,-0.395697,126.370652,70.000000
-0.180774,-0.272533,-0.070026,0.011794,347.110401,70.000000
-0.457562,-0.248185,0.240983,-0.006832,288.668884,70.000000
0.753186,0.799488,0.746098,0.767055,139.858012,70.000000
0.992695,0.229358,-0.306858,0.444539,181.600216,70.000000
0.814183,-0.034577,0.441640,-0.024662,224.298648,70.000000
0.862444,-0.903234,0.692150,-0.555802,130.443091,70.000000
-0.650336,-0.203366,-0.233082,-0.003741,244.194213,70.000000
0.032618,0.216701,0.021122,-0.000080,335.954384,70.000000
0.088113,0.911845,-0.006604,-0.057321,277.890366,70.000000
-0.628857,0.794397,0.470429,0.398312,144.582201,70.000000
-0.575990,-0.655847,-0.695573,-0.421717,164.983894,70.000000
-0.814609,0.868753,-0.304065,-0.023918,131.896124,70.000000
-0.861268,0.670232,0.327181,-0.018113,145.352865,70.000000
0.589547,0.520791,-0.553807,0.342917,183.601555,70.000000
0.936380,-0.267307,0.066434,0.073431,243.599073,70.000000
-0.622877,-0.701029,-0.554224,-0.235492,156.735255,70.000000
-0.186666,0.703454,0.108368,0.573355,195.456171,70.000000
0.945724,0.784946,-0.858549,0.618992,135.295999,70.000000
0.590210,-0.341800,0.390440,-0.097102,223.975806,70.000000
-0.635750,0.953707,-0.652941,0.402542,130.995329,70.000000
0.951158,0.109378,0.357581,-0.165602,205.828825,70.000000
0.310948,0.109093,0.119855,0.006063,355.007107,70.000000
-0.472560,-0.313171,0.061960,0.010159,259.576478,70.000000
0.532093,0.891597,-0.813629,0.375759,144.365516,70.000000
-0.934482,0.161076,-0.223150,-0.111297,203.286433,70.000000
-0.792091,-0.669333,-0.699777,-0.569642,148.669081,70.000000
0.527476,-0.706103,-0.089411,0.067038,162.587386,70.000000
0.523706,-0.070377,0.147266,0.009630,314.006463,70.000000
-0.819699,-0.682619,-0.385408,-0.160845,148.034612,70.000000
-0.784885,0.440413,-0.454819,0.293808,180.020334,70.000000
0.026970,-0.721792,-0.011437,0.101686,265.782649,70.000000
0.847566,-0.964732,-0.871104,-0.932882,125.815177,70.000000
-0.249967,0.806382,0.119626,-0.175006,219.833627,70.000000
0.870012,0.299059,0.463424,0.230279,193.232906,70.000000
0.281866,-0.677517,0.257445,0.231486,188.938888,70.000000
0.972775,-0.562950,-0.798130,-0.425289,152.926674,70.000000
0.501871,0.940963,0.408322,0.308669,148.406812,70.000000
0.768992,0.450315,0.298967,0.037911,179.345886,70.000000
0.449453,-0.050321,-0.097528,-0.004382,324.165680,70.000000
0.257266,-0.122268,-0.089666,-0.003838,360.957423,70.000000
-0.965981,0.763076,0.931300,0.708550,135.339005,70.000000
-0.980169,0.306174,-0.307710,-0.070423,165.754523,70.000000
-0.135203,-0.358961,0.029759,0.005226,314.180092,70.000000
0.937201,-0.458727,0.681413,-0.287887,164.929772,70.000000
0.178238,-0.361129,-0.065999,-0.010042,321.444190,70.000000
0.511995,-0.896942,0.788776,-0.434613,148.665329,70.000000
-0.910531,0.706278,-0.611340,0.337670,140.167565,70.000000
0.415252,-0.859420,0.096673,0.063095,163.017939,70.000000
-0.269710,0.980159,-0.025973,0.177504,198.392826,70.000000
-0.462122,-0.886763,0.082430,-0.109256,158.106598,70.000000
0.167311,0.000270,-0.054576,-0.000002,366.941894,70.000000
0.538754,0.841016,0.548733,0.174806,156.407934,70.000000
0.950106,0.429656,-0.035503,-0.042339,170.263050,70.000000
-0.763240,0.219886,-0.296959,-0.087292,236.575878,70.000000
-0.368674,-0.305882,0.138759,0.035054,318.994478,70.000000
-0.956067,-0.614164,-0.596507,-0.502899,156.825573,70.000000
-0.256699,-0.343930,-0.097315,0.048427,327.520980,70.000000
-0.435864,0.438630,0.048048,-0.014255,240.098132,70.000000
0.059473,-0.437179,-0.014215,0.048577,319.119306,70.000000
0.333457,0.416828,-0.031752,-0.011280,333.361371,70.000000
-0.378242,0.885646,0.146854,-0.111127,206.047540,70.000000
-0.941347,0.785852,0.856372,0.627702,135.297297,70.000000
-0.186531,0.966824,-0.262730,-0.152083,204.398250,70.000000
-0.589020,0.332914,-0.376612,0.043628,228.984667,70.000000
-0.708938,0.877725,0.713924,0.834332,135.323216,70.000000
-0.076982,0.162627,-0.025167,0.000070,341.209862,70.000000
-0.730453,-0.728647,-0.400419,-0.097350,147.931451,70.000000
-0.372931,0.142899,0.129609,0.009761,336.687815,70.000000
-0.296591,-0.797006,-0.060874,-0.238395,195.646850,70.000000
0.717314,-0.110472,0.009413,0.023164,298.171631,70.000000
-0.697970,-0.779347,0.721744,-0.679925,144.291704,70.000000
-0.492035,0.370034,-0.335390,0.008647,243.352119,70.000000
-0.831118,-0.597262,0.020345,0.132383,154.858630,70.000000
-0.181425,0.796784,-0.129308,-0.005114,206.907511,70.000000
-0.446297,-0.910218,0.200275,-0.010676,198.891170,70.000000
-0.036264,0.502891,0.033714,0.002149,318.140176,70.000000
0.083029,-0.539789,0.084163,-0.084689,265.800190,70.000000
-0.234902,-0.001196,-0.021116,0.000018,367.693405,70.000000
-0.101286,-0.312756,-0.017617,-0.001770,335.517046,70.000000
-0.487552,-0.292083,0.230329,-0.015709,272.780312,70.000000
0.963594,-0.868961,0.446020,0.090673,129.540038,70.000000
-0.627508,-0.533128,0.609583,-0.413457,176.408945,70.000000
-0.285233,0.092601,-0.112922,-0.002331,359.533904,70.000000
0.346665,0.392899,0.140367,-0.022129,286.689204,70.000000
-0.549782,-0.181539,-0.228762,-0.005357,289.294901,70.000000
0.869243,-0.625063,0.169801,0.095944,150.146472,70.000000
0.566189,-0.059956,-0.186666,-0.060323,285.997985,70.000000
0.325523,-0.937054,-0.257362,0.095437,228.842210,70.000000
0.935773,-0.468290,-0.376139,-0.146477,168.326351,70.000000
-0.554397,0.254759,-0.379849,-0.038401,254.057182,70.000000
-0.272417,-0.506996,0.000907,-0.033821,309.744653,70.000000
0.914754,0.267637,0.124270,-0.037504,234.861824,70.000000
0.171867,0.571276,-0.101590,0.081366,279.128794,70.000000
-0.572634,-0.256118,0.208857,0.010847,262.130688,70.000000
-0.581192,-0.094329,-0.037887,-0.018291,308.452165,70.000000
0.607222,-0.427564,-0.307216,-0.073034,197.614670,70.000000
-0.060955,-0.474170,-0.049980,-0.002964,334.737263,70.000000
0.623807,0.331415,-0.297651,0.038528,221.347438,70.000000
0.091029,-0.067864,-0.020217,-0.000016,338.358804,70.000000
-0.586654,0.106648,0.044840,0.003738,288.510775,70.000000
0.435010,-0.785195,0.294930,-0.014991,171.391135,70.000000
-0.768145,-0.212569,-0.273617,-0.025833,257.121806,70.000000
-0.642187,0.763669,-0.712628,0.584691,148.613565,70.000000
0.980029,-0.653897,-0.063408,-0.106489,153.992183,70.000000
-0.044333,0.896831,0.184126,0.126131,238.559030,70.000000
-0.969175,-0.926083,0.763966,-0.870771,125.782797,70.000000
-0.679116,0.105335,0.177223,-0.030151,279.116287,70.000000
0.365698,0.278305,0.151975,0.031401,305.897284,70.000000
-0.525622,-0.125475,-0.060660,-0.004043,297.865840,70.000000
-0.860879,-0.801246,0.813392,-0.731522,135.316317,70.000000
-0.533717,-0.187593,0.048870,0.012521,292.713453,70.000000
-0.883074,0.179125,-0.044799,0.043704,279.151321,70.000000
0.561582,0.506479,-0.509237,0.274260,190.481993,70.000000
0.394204,-0.613690,0.187350,-0.013803,246.039083,70.000000
-0.281269,0.712926,-0.024263,-0.105976,181.721108,70.000000
0.145298,0.020966,0.055494,0.000004,360.048316,70.000000
0.381689,-0.954188,-0.772378,-0.600218,144.456225,70.000000
0.961432,0.791093,-0.626842,0.251545,134.930864,70.000000
-0.093060,-0.057517,0.024482,-0.000013,339.094751,70.000000
-0.683289,-0.037858,-0.226345,-0.024350,261.482182,70.000000
-0.274437,-0.462231,-0.097786,-0.051601,304.898550,70.000000
-0.723675,-0.803868,-0.666036,-0.664112,139.900957,70.000000
-0.613692,-0.316409,-0.394490,-0.039807,228.888976,70.000000
0.108257,-0.522599,-0.143844,-0.028881,282.667525,70.000000
0.681874,0.256793,0.301902,-0.038365,249.836720,70.000000
-0.080935,-0.268895,0.038342,0.003779,349.970662,70.000000
0.688515,-0.133922,0.058608,-0.039550,279.426953,70.000000
-0.828619,-0.607617,0.646221,-0.386542,153.018050,70.000000
-0.217368,0.691159,0.619244,-0.297819,167.562104,70.000000
0.308992,-0.766416,-0.101548,0.127704,200.820043,70.000000
0.842264,-0.074426,-0.313089,0.073070,238.049694,70.000000
-0.881265,0.571985,-0.529523,0.439033,156.938453,70.000000
-0.644245,0.169849,-0.039432,0.017622,293.606872,70.000000
0.647314,-0.586061,-0.343252,-0.088169,168.315776,70.000000
0.071244,-0.600824,0.121770,-0.130947,235.341248,70.000000
-0.044133,0.249021,-0.019346,0.000220,338.727535,70.000000
-0.703758,-0.054481,0.305823,0.032594,217.147327,70.000000
0.345390,0.968463,-0.064611,0.196037,196.768753,70.000000
0.964386,0.428322,0.209856,0.066836,173.012316,70.000000
0.809907,0.111073,0.504804,-0.039237,201.797718,70.000000
0.800310,0.808585,-0.181661,-0.101439,136.938730,70.000000
-0.113233,0.889453,0.113047,0.070244,243.942099,70.000000
-0.956693,0.866648,-0.686803,0.148786,130.099280,70.000000
-0.251609,-0.789333,-0.441670,-0.405411,157.816624,70.000000
-0.318678,-0.022158,-0.079149,-0.000710,354.793602,70.000000
-0.414095,0.305506,-0.132007,-0.014499,276.437960,70.000000
0.633456,0.496635,0.091251,-0.080995,181.460949,70.000000
0.941111,-0.751645,-0.631109,-0.422147,135.573555,70.000000
-0.904552,-0.806897,0.758055,-0.561178,135.216252,70.000000
0.476872,0.787010,0.619897,0.439512,156.930674,70.000000
-0.727876,0.580258,0.503434,0.313409,161.244145,70.000000
0.389921,-0.595985,0.292812,-0.047501,215.812920,70.000000
-0.723164,-0.211063,-0.099914,0.049637,250.914330,70.000000
0.670044,-0.565012,-0.603857,-0.429596,168.872946,70.000000
-0.152400,0.610373,0.031237,-0.158776,255.551681,70.000000
0.541319,-0.047727,-0.136840,0.004685,312.420420,70.000000
-0.142343,-0.366034,0.023099,0.000462,328.516358,70.000000
0.059755,0.302016,0.033205,-0.000374,344.836393,70.000000
-0.011235,-0.825160,0.072274,0.057313,299.483576,70.000000
-0.460057,-0.175877,0.152025,-0.008173,290.389996,70.000000
0.042261,0.276844,0.023829,-0.000145,338.512111,70.000000
0.911850,-0.528993,-0.277038,-0.105895,160.340421,70.000000
-0.783427,0.947922,-0.380037,0.108327,129.690777,70.000000
-0.280163,-0.704659,0.080893,-0.071135,275.918837,70.000000
0.787971,-0.571965,-0.483460,-0.344520,160.874837,70.000000
0.984019,0.411686,-1.259655,-0.109053,169.685490,70.000000
-0.797857,0.422888,0.474109,0.353628,183.399404,70.000000
-0.514399,0.494939,0.479621,0.166557,203.373693,70.000000
0.439102,-0.016203,0.279690,-0.027570,290.045974,70.000000
-0.322079,0.811865,0.297794,0.083779,187.709870,70.000000
-0.986198,0.973914,-0.750488,0.800132,120.953059,70.000000
0.565151,0.485284,0.513730,0.276036,193.865537,70.000000
0.173517,0.293121,0.077151,-0.040562,334.848446,70.000000
0.479050,-0.599529,0.374047,-0.161314,187.004020,70.000000
-0.279705,0.999446,-0.629800,0.348285,148.624869,70.000000
-0.307212,0.683887,0.049290,-0.069371,229.361861,70.000000
0.083582,0.759315,0.663702,0.705157,107.178230,70.000000
-0.191937,0.108108,-0.010531,0.000921,366.307390,70.000000
0.977862,0.932324,-0.698487,0.664889,125.661538,70.000000
-0.437378,0.991832,-0.007243,0.037335,234.832492,70.000000
-0.272576,0.817340,-0.652134,-0.155397,171.030836,70.000000
-0.961181,-0.568705,-0.578246,-0.272907,156.782146,70.000000
-0.217935,-0.826316,-0.072480,0.014471,258.101099,70.000000
0.098663,0.224579,0.034177,-0.000974,350.306370,70.000000
0.507134,-0.590964,-0.474645,-0.197584,183.589813,70.000000
-0.330657,0.649188,-0.252179,0.185620,206.077606,70.000000
0.908595,0.755232,0.008438,-0.130926,137.634530,70.000000
-0.820195,0.974549,0.874852,0.921027,125.827330,70.000000
-0.751668,0.723007,0.191214,-0.079034,145.758110,70.000000
-0.427159,0.730799,-0.533071,0.061673,185.437453,70.000000
0.544532,-0.055170,-0.197086,0.025149,307.244151,70.000000
0.750499,-0.369275,0.358801,-0.054632,200.192515,70.000000
-0.410132,0.919475,-0.718185,0.556288,148.751146,70.000000
-0.376595,0.573181,0.200702,0.033470,243.867775,70.000000
-0.551326,-0.131291,0.049204,-0.018890,290.953858,70.000000
-0.607223,0.409031,0.433028,0.167017,203.511789,70.000000
0.579473,-0.799233,0.554901,-0.474008,148.805577,70.000000
-0.707320,0.075767,0.231931,0.109972,260.020554,70.000000
-0.586383,0.666213,0.499537,0.272570,161.263077,70.000000
-0.964996,-0.680537,0.861165,-0.258969,144.145173,70.000000
0.212212,0.652275,0.004581,0.002266,301.910241,70.000000
0.790176,0.486629,0.368928,0.161056,172.246700,70.000000
0.775429,0.639180,-0.685706,0.615248,152.875920,70.000000
0.689913,-0.627845,-0.176751,0.071428,159.715429,70.000000
-0.184972,-0.825092,-0.044970,-0.033793,147.811861,70.000000
0.686757,0.319296,0.323592,0.035222,218.050746,70.000000
0.401333,-0.802025,-0.183990,-0.065533,182.730197,70.000000
0.360683,-0.001502,0.002143,-0.000108,297.760248,70.000000
0.758276,0.352614,-0.515287,0.156998,203.074306,70.000000
0.380777,-0.285231,0.056397,0.019392,308.649310,70.000000
0.114390,0.547867,1.730097,-0.630288,137.301591,70.000000
-0.001884,0.332186,0.056103,-0.009464,342.607158,70.000000
-0.957550,0.451618,0.660292,0.359966,168.782346,70.000000
0.347149,0.525561,-0.173952,-0.095036,232.898781,70.000000
-0.898762,0.510545,0.540864,0.146020,161.372801,70.000000
0.732730,0.990953,-0.932858,0.467068,126.115497,70.000000
0.939233,-0.305641,0.479405,0.050829,210.300945,70.000000
-0.908049,0.412922,0.070498,-0.049791,181.699280,70.000000
-0.027111,0.346504,0.025614,0.000165,334.465986,70.000000
-0.303191,0.260656,-0.121032,-0.004496,336.845173,70.000000
0.852228,-0.597403,-0.630980,-0.273055,153.125336,70.000000
-0.545145,-0.245991,-0.119443,0.007882,265.058153,70.000000
-0.365706,-0.423062,0.059359,-0.005804,298.891274,70.000000
-0.397308,0.449436,-0.078360,0.037208,259.632069,70.000000
-0.331961,0.738422,-0.429571,0.127020,191.843845,70.000000
0.664607,0.050372,0.047479,-0.032561,272.025234,70.000000
0.601271,-0.445448,0.047830,0.073884,195.356048,70.000000
-0.641385,0.239096,0.216387,-0.026615,253.433530,70.000000
0.480578,-0.921352,0.048382,0.197401,161.725772,70.000000
0.835513,0.460672,0.500474,0.306134,172.714811,70.000000
0.519926,0.400026,-0.253689,-0.005703,226.061616,70.000000
-0.767341,-0.701688,-0.625599,-0.492685,148.545656,70.000000
0.724543,-0.611677,0.255607,0.017826,158.046700,70.000000
-0.455028,0.345530,-0.129464,0.003737,258.501022,70.000000
-0.670118,-0.664949,-0.688068,-0.502279,156.985442,70.000000
0.199767,-0.520388,0.179685,0.098353,268.750583,70.000000
-0.161452,0.479764,-0.006767,-0.008515,313.411956,70.000000
-0.607543,-0.977671,-0.780125,-0.759125,130.742492,70.000000
0.276801,0.192028,0.095973,0.005350,355.954757,70.000000
-0.585520,-0.827330,0.596279,-0.585775,144.425090,70.000000
-0.939312,0.985943,-0.650950,0.530888,121.161777,70.000000
0.743137,-0.093561,0.191313,0.079711,250.162934,70.000000
-0.475434,-0.623611,-0.538206,-0.165037,186.638746,70.000000
0.967274,0.982068,0.749728,0.781642,120.959140,70.000000
-0.378516,0.278858,0.265150,0.155092,263.443309,70.000000
0.759645,-0.641320,-0.642978,-0.512293,152.914874,70.000000
-0.661785,-0.615531,0.449982,-0.199276,161.406404,70.000000
0.778886,0.742740,-0.702239,0.613469,144.268889,70.000000
-0.774040,0.710136,0.034531,-0.135776,146.338618,70.000000
-0.748162,-0.364234,0.416588,-0.189741,203.080305,70.000000
0.326955,-0.874537,-0.232083,0.117314,235.625934,70.000000
-0.346918,-0.658567,-0.292453,0.133694,224.791969,70.000000
-0.543192,0.567941,0.139169,-0.041350,182.378310,70.000000
-0.619847,0.235518,-0.360597,-0.046635,253.226047,70.000000
0.356813,0.956423,4.084520,-0.178444,112.609545,70.000000
0.606925,0.582609,0.486627,0.258425,172.517541,70.000000
-0.082390,-0.737021,-0.118313,-0.393238,194.733738,70.000000
0.893798,0.054927,0.305343,-0.070583,217.615865,70.000000
-0.841561,-0.115645,-0.222004,0.081116,255.112354,70.000000
0.351271,-0.185636,-0.006391,0.004527,335.483310,70.000000
0.024117,-0.670732,-0.036274,0.076715,265.631734,70.000000
-0.986819,0.535572,-0.713544,0.362246,156.941258,70.000000
-0.644408,-0.557140,-0.465787,-0.240301,172.487821,70.000000
0.146565,-0.682105,-0.041608,-0.077049,216.657013,70.000000
-0.146123,0.114041,-0.037285,0.000022,361.383927,70.000000
0.692819,0.211126,0.337040,-0.006370,230.139125,70.000000
0.389756,0.623055,0.271125,-0.064031,198.949857,70.000000
-0.308500,-0.961409,0.063802,0.032120,250.657901,70.000000
-0.398632,0.186984,0.188832,0.011599,311.615344,70.000000
0.642003,0.152804,0.190511,0.063215,276.770452,70.000000
0.183745,0.201795,-0.036463,-0.001929,357.049858,70.000000
-0.438444,-0.926233,-0.776885,0.246372,145.013639,70.000000
0.801435,-0.276348,0.291817,0.021751,239.612849,70.000000
-0.588413,0.545137,-0.520205,0.305107,179.980041,70.000000
0.110845,0.971180,0.065849,0.118942,211.818467,70.000000
0.630358,0.426830,0.082891,-0.062004,195.192706,70.000000
-0.274091,-0.655269,-0.023734,-0.036440,274.574538,70.000000
0.895145,0.699462,-0.429496,0.174929,143.754202,70.000000
-0.140708,-0.878198,0.117686,0.193841,201.657086,70.000000
0.131574,-0.640528,0.013024,0.063257,292.531274,70.000000
0.651308,0.528217,-0.379789,0.131084,176.019353,70.000000
-0.254162,0.301549,-0.098763,0.020318,332.071099,70.000000
0.131763,0.547794,0.017237,-0.008717,296.549753,70.000000
0.778517,0.535584,0.583898,0.539124,165.003244,70.000000
-0.446119,0.084260,-0.022076,-0.001254,314.877273,70.000000
0.163008,-0.322363,0.056450,-0.005629,344.222851,70.000000
0.044604,-0.336014,0.025920,0.000524,333.169305,70.000000
0.615216,-0.072408,-0.156696,-0.005259,301.081523,70.000000
-0.956506,0.002267,-0.095163,-0.000078,228.478082,70.000000
0.100135,0.971794,-0.191163,0.302032,180.473855,70.000000
0.939377,0.105976,-0.120840,0.055398,221.416716,70.000000
-0.854011,0.636903,-0.699395,0.365374,148.804982,70.000000
0.424540,-0.756960,0.173857,0.081501,222.133536,70.000000
-0.219516,0.588697,0.121013,-0.108495,290.398651,70.000000
0.226084,-0.202908,0.090789,-0.002317,348.698525,70.000000
-0.276189,0.084167,-0.112995,-0.002497,362.549053,70.000000
0.595183,-0.761311,-0.617968,-0.232761,152.593056,70.000000
0.652830,0.117658,-0.138416,-0.014512,278.235156,70.000000
-0.514386,0.709632,-0.666498,0.341880,164.883488,70.000000
0.783706,-0.251004,-0.328160,0.127618,213.636323,70.000000
-0.631660,-0.317278,0.418923,-0.068060,226.343797,70.000000
-0.497798,-0.498174,-0.206281,-0.033747,206.777410,70.000000
-0.817936,0.944289,0.474875,0.141940,126.629166,70.000000
0.669038,0.522110,0.215054,-0.021652,173.671898,70.000000
-0.891031,0.441846,0.099877,-0.049028,174.823747,70.000000
0.102431,-0.440981,-0.092810,-0.035385,301.120217,70.000000
0.428491,-0.346209,-0.161158,-0.040485,262.762891,70.000000
-0.739774,0.617447,-0.661853,0.577066,157.006935,70.000000
-0.575678,0.583360,0.399161,0.155598,176.056523,70.000000
0.526908,-0.260410,-0.082350,-0.011911,266.420255,70.000000
-0.703454,-0.958027,-0.675679,-0.879772,130.659790,70.000000
0.437651,-0.401776,-0.126215,-0.042182,246.214828,70.000000
-0.656207,-0.874347,0.042524,0.161162,137.472242,70.000000
0.842452,-0.905295,0.763396,-0.733040,130.570336,70.000000
0.715287,-0.164898,0.348820,0.229143,228.637562,70.000000
0.553674,-0.392706,0.347753,-0.066803,218.235257,70.000000
-0.209366,-0.809617,-0.303261,0.009640,200.018569,70.000000
0.761046,0.892792,0.312265,-0.034177,131.908563,70.000000
-0.849780,-0.254741,-0.881275,0.076403,145.410942,70.000000
0.567784,0.743121,0.462408,0.060538,156.429233,70.000000
-0.369894,-0.811658,-0.255495,0.227978,180.471368,70.000000
0.463673,0.948417,0.356624,-0.055807,178.360365,70.000000
0.036450,0.610533,0.210890,0.080195,196.875890,70.000000
-0.772452,-0.595778,-0.596541,-0.467220,157.069681,70.000000
0.761183,-0.798555,0.752364,-0.762293,139.857420,70.000000
0.693117,-0.774379,-0.711411,-0.714293,144.298656,70.000000
-0.981701,0.553882,-0.712034,0.305835,156.904610,70.000000
-0.913274,0.597411,0.770769,0.385509,152.935913,70.000000
0.693313,0.519396,0.605802,0.461311,172.679318,70.000000
-0.514334,-0.412641,0.038322,0.024046,222.180497,70.000000
0.746646,0.885880,-0.557605,0.427904,135.014859,70.000000
0.980635,-0.471603,-0.730544,-0.419585,161.035778,70.000000
-0.225052,-0.444466,0.045391,-0.007290,274.154250,70.000000
-0.139940,0.036204,-0.057475,-0.000057,359.160454,70.000000
0.477318,0.280101,0.373798,0.031746,263.111903,70.000000
-0.344904,-0.794588,-0.734795,-0.379382,158.371329,70.000000
-0.635373,-0.718611,0.739840,-0.584592,152.854192,70.000000
0.305174,-0.942785,-0.075537,-0.067078,210.031691,70.000000
0.611810,0.682679,0.519488,0.314008,157.203745,70.000000
-0.218740,-0.364605,-0.025089,0.016631,338.419418,70.000000
0.086599,-0.529913,0.036776,-0.007742,282.919193,70.000000
-0.250571,0.658743,0.374781,0.118420,183.016656,70.000000
-0.499943,-0.539278,0.379156,-0.124620,197.093408,70.000000
0.355415,-0.546477,0.217145,-0.114507,238.945115,70.000000
-0.632381,-0.424155,0.228590,0.007567,196.511815,70.000000
-0.774562,-0.061659,0.362803,-0.012165,263.443278,70.000000
-0.301113,-0.809350,-0.030042,-0.146546,218.168765,70.000000
-0.740905,-0.394229,-0.478350,-0.311027,193.668122,70.000000
0.197045,-0.264421,0.018885,0.002991,354.153008,70.000000
-0.117858,-0.843721,0.156220,-0.028027,241.814991,70.000000
-0.417617,-0.892932,0.487606,-0.445416,152.777917,70.000000
0.486999,0.996501,-0.828944,-0.308268,125.462747,70.000000
0.185445,0.782052,0.071194,-0.022205,278.136640,70.000000
-0.059081,-0.966694,2.778751,0.702949,97.930020,70.000000
0.766692,-0.206439,-0.023233,-0.001988,236.493259,70.000000
0.378628,-0.395818,-0.137784,0.036322,303.930107,70.000000
-0.504742,0.793051,-0.572812,0.388025,156.851173,70.000000
0.800826,-0.521614,0.563610,-0.484475,165.019997,70.000000
-0.760737,0.286011,-0.363771,0.101740,222.472020,70.000000
0.982648,-0.636299,0.431497,0.223658,162.944923,70.000000
-0.271689,-0.268918,0.109377,-0.011350,337.202726,70.000000
0.290998,0.798743,-0.066272,-0.129786,215.717386,70.000000
0.465856,-0.365118,-0.073772,-0.021279,255.092018,70.000000
-0.530891,-0.683833,-0.697964,-0.441253,164.954654,70.000000
0.818846,0.336885,-0.531528,0.164037,196.696636,70.000000
0.019218,-0.995997,0.106732,-0.142140,217.427833,70.000000
0.281215,0.375615,-0.091196,-0.076375,298.650146,70.000000
0.963895,0.183211,-0.145129,-0.084788,256.728810,70.000000
-0.776053,0.881719,0.157828,-0.118526,133.511355,70.000000
-0.948272,0.392902,-0.326978,-0.041818,227.050250,70.000000
-0.491867,-0.801907,-0.528892,-0.302228,156.754635,70.000000
0.348628,-0.614087,0.321226,-0.105265,225.382868,70.000000
-0.956254,0.238023,-0.135298,0.459540,168.652880,70.000000
0.455683,0.661851,-0.455701,0.080670,182.973163,70.000000
-0.270824,0.259140,0.091672,0.004580,353.116134,70.000000
-0.639023,-0.064088,-0.186474,0.025922,289.510724,70.000000
0.871145,-0.673378,-0.676981,-0.371618,144.508730,70.000000
0.530853,0.049067,-0.007768,-0.010103,306.094570,70.000000
0.677309,-0.462147,-0.574353,-0.374088,183.603814,70.000000
0.703182,0.376439,0.278060,0.068577,200.618438,70.000000
0.815019,0.023742,0.235864,-0.004941,260.041440,70.000000
-0.965621,0.802497,-0.356910,0.134823,131.560191,70.000000
-0.425965,0.798784,-0.359669,0.019920,171.393157,70.000000
-0.836001,-0.668264,-0.596338,-0.488874,148.555327,70.000000
0.486270,0.742535,-0.530813,0.489583,161.036062,70.000000
-0.212508,0.372142,0.077477,0.002680,324.275901,70.000000
0.587163,0.452207,-0.428467,0.188493,197.097583,70.000000
0.237801,0.720705,0.073459,0.136036,251.295951,70.000000
0.883215,0.201265,0.247072,-0.058769,242.947274,70.000000
0.656682,0.852267,0.656724,0.759862,139.872419,70.000000
0.043421,-0.231051,-0.005812,0.000160,338.206109,70.000000
0.717791,-0.092904,0.178978,0.058375,276.576578,70.000000
0.558338,-0.019131,-0.124647,-0.004718,305.083388,70.000000
0.462611,-0.888943,0.639263,-0.071371,171.605726,70.000000
-0.471868,-0.681073,-0.526298,-0.242503,179.542992,70.000000
-0.799523,0.413815,-0.479593,0.207153,186.892907,70.000000
0.997092,0.123025,0.889325,-0.057438,168.625203,70.000000
-0.322227,0.332409,0.023951,0.004734,324.211807,70.000000
0.790216,-0.837000,-0.768092,-0.780160,135.310446,70.000000
0.534156,-0.437666,0.115561,0.033976,211.606469,70.000000
0.151614,0.182347,-0.052630,-0.000578,357.925116,70.000000
0.705829,0.864731,-0.625347,0.560725,135.467309,70.000000
-0.466682,0.473281,0.297599,-0.029590,225.388973,70.000000
0.430786,0.214516,-0.084117,0.002481,305.651592,70.000000
-0.637610,-0.314360,0.336442,-0.030331,226.228773,70.000000
