init_x,init_y,final_x,final_y,time_delay,true_H0
0.838793,-0.413717,0.559497,-0.315277,50.050000,70.000000
0.664509,0.401700,-0.466605,0.207290,50.050000,70.000000
-0.623029,0.759800,0.711912,0.485974,50.050000,70.000000
-0.043576,-0.376069,-0.178274,0.654901,50.050000,70.000000
-0.585777,0.847975,0.795734,0.340183,50.050000,70.000000
-0.090284,0.597004,7.901778,23.587029,50.050000,70.000000
-0.146761,-0.613610,5.337448,-1.735710,50.050000,70.000000
-0.942615,-0.537639,2.692608,-3.314167,50.050000,70.000000
-0.097973,-0.625869,11.739686,3.708748,50.050000,70.000000
-0.978955,0.700878,5.255991,-20.446546,50.050000,70.000000
-0.339232,0.527725,16.971225,-0.377203,50.050000,70.000000
-0.518620,-0.445823,0.530902,-0.316274,50.050000,70.000000
-0.953947,-0.983914,-0.771666,-0.950271,50.050000,70.000000
-0.637777,0.889842,0.630478,0.579604,50.050000,70.000000
-0.431770,-0.763999,-1.971613,-0.618306,50.050000,70.000000
-0.538442,0.412153,-0.314798,0.110732,50.050000,70.000000
-0.945175,0.441075,0.227419,-0.093647,50.050000,70.000000
-0.847111,0.608606,-1.381042,0.214267,50.050000,70.000000
0.839966,-0.689090,-0.722293,-0.637967,50.050000,70.000000
0.458135,-0.128089,-0.040635,0.041556,50.050000,70.000000
-0.785845,0.307371,0.525440,0.233254,50.050000,70.000000
-0.023375,-0.864805,1.735909,1.293135,50.050000,70.000000
-0.774877,0.635084,-0.740478,0.460134,50.050000,70.000000
-0.147888,0.445856,-4.928265,2.758740,50.050000,70.000000
-0.491398,-0.933041,-0.509246,0.738369,50.050000,70.000000
0.386960,-0.354992,-0.359935,-1.004089,50.050000,70.000000
-0.354114,0.401535,-11.543765,-1.285906,50.050000,70.000000
0.590393,0.730331,0.470415,0.353113,50.050000,70.000000
0.681457,-0.755540,-0.689692,-0.729391,50.050000,70.000000
-0.360657,0.429683,-0.042203,0.199435,50.050000,70.000000
-0.325887,0.814563,-17.311634,-20.947647,50.050000,70.000000
0.367941,-0.019210,0.234811,0.006038,50.050000,70.000000
-0.857306,-0.736914,-0.766403,-0.620096,50.050000,70.000000
0.690544,-0.025822,2.157723,-0.127725,50.050000,70.000000
0.005887,0.947041,-3.332460,-50.837058,50.050000,70.000000
0.922567,-0.411475,0.793430,-0.253442,50.050000,70.000000
0.338929,0.375508,1.294764,1.161644,50.050000,70.000000
-0.835153,-0.408150,-1.116303,-0.414346,50.050000,70.000000
0.228534,0.975894,-1.282782,-0.854514,50.050000,70.000000
-0.153136,0.244741,12.506584,-11.992974,50.050000,70.000000
-0.637796,0.565626,-0.665254,0.488890,50.050000,70.000000
0.483818,-0.470077,-0.553344,-0.177003,50.050000,70.000000
-0.578807,-0.003424,0.081605,-0.012547,50.050000,70.000000
0.451572,-0.429196,-0.446043,-0.005132,50.050000,70.000000
0.503128,0.075698,-0.565168,-0.033475,50.050000,70.000000
0.252059,0.353848,18.508748,-16.269539,50.050000,70.000000
-0.884494,0.301483,-9.824254,-13.939606,50.050000,70.000000
-0.970095,-0.394323,-0.522196,0.001055,50.050000,70.000000
0.616416,0.100810,0.070842,0.015870,50.050000,70.000000
0.320061,-0.741664,-0.718880,0.073454,50.050000,70.000000
0.845581,-0.328121,17.839586,-10.588592,50.050000,70.000000
-0.737781,0.120552,4.728914,-7.782937,50.050000,70.000000
0.124730,0.335402,-0.651563,-0.345861,50.050000,70.000000
-0.905655,0.663970,3.910342,1.329662,50.050000,70.000000
-0.656539,-0.459025,0.620846,-0.442060,50.050000,70.000000
-0.840109,0.293736,-0.661748,0.254912,50.050000,70.000000
0.823351,0.051967,-5.630634,0.188621,50.050000,70.000000
-0.590832,-0.113587,-0.164883,0.187050,50.050000,70.000000
0.936889,0.295477,-0.338267,0.737118,50.050000,70.000000
0.081903,0.548353,-0.639268,1.787414,50.050000,70.000000
0.170771,0.141303,0.626669,0.040283,50.050000,70.000000
0.877731,0.017279,0.833326,-0.006460,50.050000,70.000000
0.403747,-0.219953,-0.399124,-0.031719,50.050000,70.000000
-0.746458,0.275676,-0.496208,0.087408,50.050000,70.000000
-0.712661,0.308767,0.430689,0.191999,50.050000,70.000000
-0.550356,0.163225,-0.627732,0.180262,50.050000,70.000000
-0.669233,0.201051,0.300855,0.196087,50.050000,70.000000
-0.928562,-0.345406,0.274142,-10.707914,50.050000,70.000000
0.756534,-0.939185,0.576684,-0.546040,50.050000,70.000000
-0.888133,-0.858243,-0.912648,-0.797860,50.050000,70.000000
-0.486261,-0.588199,-0.202524,-0.030791,50.050000,70.000000
0.137691,0.164812,-0.184704,-1.007973,50.050000,70.000000
-0.006562,-0.282285,1.076167,-1.295942,50.050000,70.000000
-0.362647,0.999127,1.172802,1.121279,50.050000,70.000000
0.329001,-0.476142,0.114995,-0.115229,50.050000,70.000000
-0.512774,-0.191298,0.373366,-0.141508,50.050000,70.000000
0.847437,0.867677,0.863263,0.735483,50.050000,70.000000
-0.955771,0.356347,-2.710502,-0.132121,50.050000,70.000000
-0.870525,-0.915015,0.660326,-0.535176,50.050000,70.000000
-0.654379,-0.154424,4.358712,-2.419034,50.050000,70.000000
0.600792,-0.495510,-0.639606,-0.464863,50.050000,70.000000
-0.042589,0.205582,0.472857,-0.227277,50.050000,70.000000
-0.789416,0.288056,-13.263228,-8.419422,50.050000,70.000000
-0.642279,-0.784763,0.641516,-0.513540,50.050000,70.000000
0.491720,0.344318,0.491745,0.218196,50.050000,70.000000
0.944366,-0.035557,-0.333685,-0.043317,50.050000,70.000000
0.393728,-0.609312,-1.676636,-1.321061,50.050000,70.000000
-0.705618,0.670033,-0.492526,0.303171,50.050000,70.000000
-0.754379,-0.840722,0.789320,-0.829163,50.050000,70.000000
-0.016003,-0.957273,20.913294,-9.294904,50.050000,70.000000
-0.883803,-0.078816,-2.463898,-0.166635,50.050000,70.000000
-0.657568,0.249066,-0.462131,0.088539,50.050000,70.000000
0.046181,0.159455,-0.082559,0.628313,50.050000,70.000000
-0.041427,-0.258595,1.971240,-0.439080,50.050000,70.000000
-0.213391,-0.464526,1.408633,-1.365879,50.050000,70.000000
0.719122,0.285973,0.573491,0.140691,50.050000,70.000000
0.340510,0.951260,13.921991,3.312385,50.050000,70.000000
-0.177164,0.405058,6.127384,7.797841,50.050000,70.000000
-0.195297,-0.364577,15.715894,4.483452,50.050000,70.000000
0.549184,0.142593,0.344218,-0.043736,50.050000,70.000000
0.557603,-0.366559,-0.283301,-0.032775,50.050000,70.000000
-0.759608,-0.737611,0.593190,-0.383788,50.050000,70.000000
0.974501,0.431479,7.362954,-1.866918,50.050000,70.000000
-0.139017,-0.465848,0.521964,-0.689882,50.050000,70.000000
0.499230,0.562429,0.501357,0.073698,50.050000,70.000000
0.736634,0.609815,0.397292,0.141749,50.050000,70.000000
-0.837504,0.065398,-0.100679,-0.036547,50.050000,70.000000
-0.847460,0.744574,-0.196558,-0.107581,50.050000,70.000000
0.047595,-0.066430,0.016378,0.062443,50.050000,70.000000
-0.491611,-0.504996,-0.714754,-0.372769,50.050000,70.000000
0.540452,-0.624042,0.454734,-0.045591,50.050000,70.000000
-0.274324,-0.565620,-15.141417,-1.103943,50.050000,70.000000
-0.382247,-0.432509,-0.389813,-0.435136,50.050000,70.000000
0.824678,0.364836,-0.548946,0.209936,50.050000,70.000000
-0.198365,0.081516,0.245705,-0.171127,50.050000,70.000000
0.041901,0.230598,0.060356,-0.518593,50.050000,70.000000
-0.343304,0.090556,-0.360989,0.112225,50.050000,70.000000
-0.025544,0.684193,5.443174,-25.745645,50.050000,70.000000
-0.761643,-0.928827,-0.662663,-0.673968,50.050000,70.000000
-0.791316,0.348299,0.716588,0.272385,50.050000,70.000000
-0.143354,0.648725,-6.267720,1.239760,50.050000,70.000000
-0.877265,-0.193320,-10.319325,2.103227,50.050000,70.000000
0.870757,0.815709,-0.661261,0.591103,50.050000,70.000000
-0.385859,0.869427,1.961855,0.863474,50.050000,70.000000
0.459560,-0.182294,0.458665,-0.182382,50.050000,70.000000
0.176892,-0.980682,-9.551665,-2.694881,50.050000,70.000000
-0.320238,-0.242201,10.992027,-6.033927,50.050000,70.000000
-0.679612,-0.245808,0.557381,-0.262011,50.050000,70.000000
0.705784,0.108046,-0.373760,-0.072172,50.050000,70.000000
-0.066191,-0.471690,0.411601,-0.441213,50.050000,70.000000
0.301431,0.146934,-0.237301,0.193125,50.050000,70.000000
-0.487581,-0.776034,0.114170,0.152252,50.050000,70.000000
-0.807073,-0.479664,0.624317,-0.577658,50.050000,70.000000
0.282934,-0.728021,1.522291,-0.098995,50.050000,70.000000
0.154521,-0.958287,-22.611175,8.708399,50.050000,70.000000
0.068032,-0.579653,-4.378043,-1.094674,50.050000,70.000000
-0.219695,-0.416003,2.491616,-0.840600,50.050000,70.000000
0.238460,-0.198205,0.793158,-3.500138,50.050000,70.000000
0.765163,0.086380,-1.546815,-0.222054,50.050000,70.000000
-0.215632,-0.130368,0.271078,-0.217155,50.050000,70.000000
0.910730,0.641530,-0.821882,0.659296,50.050000,70.000000
0.189004,0.592042,-1.462282,1.019391,50.050000,70.000000
0.450142,-0.466684,0.685155,-0.241479,50.050000,70.000000
0.443666,0.691795,0.594340,0.167737,50.050000,70.000000
-0.996024,-0.169709,5.258295,1.441418,50.050000,70.000000
-0.305587,0.007651,0.083129,-0.001013,50.050000,70.000000
0.597210,-0.693203,-0.634518,-0.555394,50.050000,70.000000
-0.670760,0.529120,-0.454724,0.229078,50.050000,70.000000
0.923375,-0.833585,0.902007,-0.826934,50.050000,70.000000
-0.067800,0.492931,-3.757488,-1.921261,50.050000,70.000000
0.692220,0.144364,-0.618146,-0.068625,50.050000,70.000000
0.331303,0.210118,0.223840,0.172033,50.050000,70.000000
-0.544488,0.786263,-5.095675,1.442731,50.050000,70.000000
0.720443,0.484843,-0.550651,0.486052,50.050000,70.000000
0.753555,0.999240,-0.867842,0.879277,50.050000,70.000000
0.230026,0.052598,-0.229818,-0.053139,50.050000,70.000000
0.019987,-0.074254,0.014274,-0.098900,50.050000,70.000000
0.009404,0.054036,-0.004055,-0.012713,50.050000,70.000000
0.181507,0.596075,-2.010165,1.097936,50.050000,70.000000
0.226453,-0.010591,-0.199572,0.005343,50.050000,70.000000
0.000243,0.082352,-0.000003,0.057220,50.050000,70.000000
0.083362,-0.929863,-5.833085,-6.893381,50.050000,70.000000
-0.211437,0.382543,-5.032950,-16.318443,50.050000,70.000000
-0.604023,0.177487,-0.526153,0.041486,50.050000,70.000000
-0.980711,-0.805270,-0.699866,-0.448515,50.050000,70.000000
-0.165084,-0.563850,-0.286799,-0.266089,50.050000,70.000000
-0.629084,0.989012,0.948317,0.654118,50.050000,70.000000
0.331433,0.390764,0.271663,0.048997,50.050000,70.000000
-0.433653,-0.414025,0.296214,-0.234056,50.050000,70.000000
-0.510599,0.354669,0.245094,-0.021740,50.050000,70.000000
0.913723,0.946567,-0.772551,0.887849,50.050000,70.000000
0.948358,-0.948436,-0.591852,-0.405602,50.050000,70.000000
-0.367803,0.342593,-4.018184,0.493103,50.050000,70.000000
-0.045679,0.266493,1.415983,0.603490,50.050000,70.000000
0.939520,0.504524,0.360776,0.450342,50.050000,70.000000
-0.468079,0.999996,0.685175,1.079922,50.050000,70.000000
0.930471,0.418290,5.825731,3.261255,50.050000,70.000000
0.202318,0.352228,-3.181311,-0.495628,50.050000,70.000000
-0.104137,-0.233411,0.677122,0.400680,50.050000,70.000000
-0.944370,-0.034145,-0.939221,-0.086585,50.050000,70.000000
0.130731,-0.811688,0.101281,-0.126070,50.050000,70.000000
-0.032456,0.504951,0.711777,-0.468458,50.050000,70.000000
0.703865,-0.138630,0.331231,0.195877,50.050000,70.000000
0.046834,-0.856518,-11.503373,45.634016,50.050000,70.000000
0.508872,0.609314,0.368416,-0.006764,50.050000,70.000000
0.735359,-0.826438,-0.361285,-0.056275,50.050000,70.000000
0.054603,-0.288777,0.269937,0.679184,50.050000,70.000000
0.531505,-0.997819,1.113529,-0.689549,50.050000,70.000000
-0.346655,-0.235260,-0.949629,-0.337443,50.050000,70.000000
-0.016089,-0.416061,-0.109060,-0.695070,50.050000,70.000000
-0.738286,-0.377241,0.528816,-0.516821,50.050000,70.000000
-0.290258,-0.367385,-0.124644,0.069852,50.050000,70.000000
-0.632396,-0.674740,0.725052,-0.545846,50.050000,70.000000
-0.351463,0.967135,-0.603836,1.489765,50.050000,70.000000
0.638963,-0.950757,0.803782,-0.877114,50.050000,70.000000
0.623867,-0.668751,-0.030871,0.119249,50.050000,70.000000
0.306540,0.023257,-0.322100,-0.023809,50.050000,70.000000
0.885000,0.186762,-2.494313,0.283666,50.050000,70.000000
0.908982,-0.741384,-0.513813,-0.265266,50.050000,70.000000
-0.442836,-0.738130,0.502082,-0.659923,50.050000,70.000000
0.244655,-0.078928,0.217737,-0.023675,50.050000,70.000000
-0.539607,0.831000,-0.655903,0.373288,50.050000,70.000000
0.611931,0.727631,0.540690,0.540373,50.050000,70.000000
-0.710076,-0.249968,-0.730377,-0.281674,50.050000,70.000000
0.779569,0.221550,-3.018343,-0.494556,50.050000,70.000000
-0.404775,0.946514,2.301955,-32.489574,50.050000,70.000000
0.061928,0.818603,0.651238,-2.786833,50.050000,70.000000
0.262195,0.711351,1.855120,1.336780,50.050000,70.000000
-0.328523,0.511131,0.313426,-0.471095,50.050000,70.000000
0.572198,0.928962,-0.232356,-0.002812,50.050000,70.000000
-0.937597,-0.186784,1.281294,7.328304,50.050000,70.000000
0.718170,0.281157,0.558114,0.270100,50.050000,70.000000
-0.594714,0.645845,-0.618100,0.498474,50.050000,70.000000
0.724154,0.863291,-0.752741,0.821764,50.050000,70.000000
-0.665910,0.053889,-0.517101,0.001203,50.050000,70.000000
-0.292705,0.502807,-0.421123,0.239464,50.050000,70.000000
0.671105,-0.745997,-0.466576,-0.347086,50.050000,70.000000
0.031342,0.763104,-8.205755,-39.065433,50.050000,70.000000
-0.507519,0.136275,-4.332488,0.492513,50.050000,70.000000
0.381415,0.439806,0.381947,0.235445,50.050000,70.000000
-0.183797,0.924454,-0.386291,-1.290899,50.050000,70.000000
-0.703300,-0.363147,0.270766,0.013472,50.050000,70.000000
0.580536,-0.923571,-0.373309,-0.290207,50.050000,70.000000
-0.453067,-0.700180,-1.227543,-0.334227,50.050000,70.000000
0.074434,-0.980521,1.282967,0.152968,50.050000,70.000000
0.385353,0.634235,1.737996,0.739231,50.050000,70.000000
-0.408519,0.022098,0.409085,-0.050591,50.050000,70.000000
-0.594708,0.736678,0.997308,0.187219,50.050000,70.000000
-0.648276,0.418661,-0.462954,0.299544,50.050000,70.000000
0.427521,-0.649554,0.226909,0.033180,50.050000,70.000000
0.947611,0.502622,0.080321,-0.024609,50.050000,70.000000
-0.424991,-0.831911,-0.522476,-0.559881,50.050000,70.000000
0.077092,-0.311784,0.212627,1.035999,50.050000,70.000000
-0.161104,0.320082,1.247119,-1.888176,50.050000,70.000000
-0.374670,0.915542,-2.727866,0.445703,50.050000,70.000000
-0.483353,0.284206,0.361813,0.079906,50.050000,70.000000
0.641849,-0.441105,0.624277,-0.447931,50.050000,70.000000
0.351545,0.418649,0.294129,-0.088259,50.050000,70.000000
0.231032,0.962737,33.190639,-4.636973,50.050000,70.000000
0.720392,-0.367590,0.505046,-0.366656,50.050000,70.000000
-0.079254,-0.021243,0.050634,-0.020889,50.050000,70.000000
0.974957,0.110634,-0.614599,-0.010392,50.050000,70.000000
-0.576669,-0.079763,-0.024216,-0.006528,50.050000,70.000000
-0.577828,0.448105,0.625811,0.422372,50.050000,70.000000
-0.699333,0.316799,0.879613,0.391978,50.050000,70.000000
0.434040,0.905841,-0.666660,1.029680,50.050000,70.000000
0.475108,-0.852014,0.077336,-0.315744,50.050000,70.000000
0.197705,0.821522,-1.533284,-0.468592,50.050000,70.000000
-0.682482,-0.483306,-0.280557,0.009322,50.050000,70.000000
-0.926850,0.440121,-0.040048,-0.054525,50.050000,70.000000
-0.890996,-0.963256,0.732628,-0.550547,50.050000,70.000000
0.552783,0.630769,-0.510124,0.479544,50.050000,70.000000
-0.657681,0.357041,-0.482729,0.385750,50.050000,70.000000
0.785897,0.572814,0.511235,0.385578,50.050000,70.000000
-0.710819,-0.738240,0.734435,-0.706703,50.050000,70.000000
0.403314,0.499505,1.534356,0.302663,50.050000,70.000000
-0.826181,0.379862,0.421668,-0.084660,50.050000,70.000000
0.332916,-0.675973,-6.842337,6.270369,50.050000,70.000000
0.914889,0.532635,-0.836829,0.341923,50.050000,70.000000
-0.003017,-0.714849,1.251882,39.244544,50.050000,70.000000
-0.472554,-0.221008,-0.470140,-0.193121,50.050000,70.000000
-0.478914,0.899871,2.227885,-1.975240,50.050000,70.000000
0.129472,0.028064,-0.063561,-0.023497,50.050000,70.000000
-0.328713,-0.671932,0.004182,-0.217583,50.050000,70.000000
0.838382,0.688372,-0.762967,0.691259,50.050000,70.000000
-0.532751,0.050088,-0.651442,0.267801,50.050000,70.000000
-0.172502,0.765296,-3.506634,-15.610321,50.050000,70.000000
0.336289,0.004628,-1.131812,0.001881,50.050000,70.000000
-0.223554,0.733355,1.669882,-1.129993,50.050000,70.000000
-0.498594,0.137971,0.165848,0.020417,50.050000,70.000000
0.884222,-0.878782,0.791984,-0.693404,50.050000,70.000000
0.305473,0.088005,-0.031083,0.016772,50.050000,70.000000
-0.897972,-0.216214,-0.394833,0.407127,50.050000,70.000000
0.086060,0.415604,-1.612319,0.077869,50.050000,70.000000
-0.948429,-0.250610,1.086014,1.828057,50.050000,70.000000
-0.010568,0.388415,1.626037,0.900569,50.050000,70.000000
0.093568,0.596133,16.701021,12.228252,50.050000,70.000000
-0.800620,-0.021996,-2.979885,0.187326,50.050000,70.000000
0.320266,0.714852,2.684255,1.191187,50.050000,70.000000
0.509714,0.762426,0.952124,0.329556,50.050000,70.000000
0.092983,0.770956,-0.490186,-3.176090,50.050000,70.000000
-0.550628,-0.409847,-0.182197,0.024184,50.050000,70.000000
-0.303450,-0.078392,-0.184106,-0.081077,50.050000,70.000000
0.460953,-0.766502,3.791764,-9.529634,50.050000,70.000000
-0.599385,0.138847,0.517920,0.365125,50.050000,70.000000
-0.404035,-0.616916,0.934180,-0.383747,50.050000,70.000000
-0.500446,-0.988110,-0.562494,-0.248253,50.050000,70.000000
0.840829,-0.182367,3.742986,-0.625971,50.050000,70.000000
0.956103,-0.771028,-0.534257,-0.217054,50.050000,70.000000
-0.660815,-0.324379,0.460383,-0.396966,50.050000,70.000000
0.155627,-0.375528,-0.057741,-33.267473,50.050000,70.000000
0.498368,0.074050,-0.524205,-0.062138,50.050000,70.000000
0.563241,0.391629,0.579032,0.363996,50.050000,70.000000
0.113376,-0.496447,0.353367,0.030641,50.050000,70.000000
0.213871,0.527877,0.359536,-0.364406,50.050000,70.000000
0.033246,0.765379,-5.580285,-11.472149,50.050000,70.000000
-0.282592,0.478101,11.203979,-15.529714,50.050000,70.000000
-0.552346,0.722136,0.640446,0.210937,50.050000,70.000000
0.935793,-0.134417,-0.710272,-0.053843,50.050000,70.000000
0.847645,0.377803,-0.583667,0.283877,50.050000,70.000000
-0.257789,-0.656648,-22.959377,-17.659697,50.050000,70.000000
-0.286357,-0.809035,0.296199,-0.037954,50.050000,70.000000
0.540689,-0.644052,-0.577329,-0.465009,50.050000,70.000000
-0.573693,-0.057493,-2.331426,0.079738,50.050000,70.000000
-0.278760,0.887336,7.423482,-0.085508,50.050000,70.000000
-0.546543,0.245787,0.149463,-0.055296,50.050000,70.000000
0.949292,0.758555,-0.825043,0.769714,50.050000,70.000000
-0.971569,0.843076,0.997484,0.783398,50.050000,70.000000
-0.419118,-0.116193,-0.025784,0.051004,50.050000,70.000000
-0.862745,-0.149768,5.426445,1.336975,50.050000,70.000000
0.855875,0.694354,-0.549712,0.344125,50.050000,70.000000
0.013507,-0.990329,-3.424961,53.364091,50.050000,70.000000
-0.459255,-0.703768,-0.561692,-0.596876,50.050000,70.000000
-0.229212,-0.367268,4.516426,7.744147,50.050000,70.000000
-0.675960,-0.858460,0.671937,-0.670478,50.050000,70.000000
-0.133020,0.327113,1.116939,0.399399,50.050000,70.000000
-0.207029,0.466641,0.220081,0.037566,50.050000,70.000000
0.837028,-0.066828,3.393606,0.527165,50.050000,70.000000
0.822071,0.553385,0.301577,0.109312,50.050000,70.000000
0.734330,-0.108548,0.682908,-0.076681,50.050000,70.000000
-0.373797,-0.405194,-0.177122,-0.089299,50.050000,70.000000
-0.103307,-0.283800,0.012349,0.193982,50.050000,70.000000
0.167687,0.313661,-0.154328,-0.052376,50.050000,70.000000
-0.295231,0.053535,0.293175,-0.030209,50.050000,70.000000
-0.244174,0.170267,-4.009132,-1.221916,50.050000,70.000000
-0.328895,0.264984,-0.578291,-0.130442,50.050000,70.000000
-0.421141,-0.122629,-0.114620,-0.014880,50.050000,70.000000
0.978617,-0.391290,-0.568267,-0.000031,50.050000,70.000000
-0.418847,0.443402,-0.470562,0.440524,50.050000,70.000000
0.263401,0.977311,5.076255,-2.824586,50.050000,70.000000
-0.329167,-0.309733,0.305991,-0.553432,50.050000,70.000000
0.321706,0.920810,-0.354681,0.062256,50.050000,70.000000
0.051604,-0.693506,3.087022,2.276219,50.050000,70.000000
0.243806,-0.357935,10.721838,-15.065702,50.050000,70.000000
0.185909,0.566393,1.361329,0.371259,50.050000,70.000000
-0.628860,0.754920,0.642544,0.506275,50.050000,70.000000
-0.052593,0.070908,0.060014,-0.099614,50.050000,70.000000
-0.245874,-0.409192,-1.802522,2.297679,50.050000,70.000000
0.708596,-0.622812,0.455695,-0.179629,50.050000,70.000000
0.395915,0.149720,0.077646,-0.118105,50.050000,70.000000
0.345413,-0.651786,12.919595,4.550964,50.050000,70.000000
-0.559058,-0.090234,-0.137380,0.043095,50.050000,70.000000
-0.568392,-0.957034,-0.940756,-0.608410,50.050000,70.000000
-0.862051,-0.492547,-0.741665,-0.543050,50.050000,70.000000
-0.239441,-0.290343,0.086092,-0.280981,50.050000,70.000000
0.212004,-0.845548,-0.009041,-0.242219,50.050000,70.000000
0.869597,-0.688809,-0.165253,0.080083,50.050000,70.000000
-0.810731,0.043297,-0.887022,0.051060,50.050000,70.000000
-0.301314,-0.184080,0.019599,0.024192,50.050000,70.000000
0.164847,0.590841,2.593628,27.860139,50.050000,70.000000
0.260160,0.502807,0.762980,-0.285292,50.050000,70.000000
0.680997,-0.482233,0.551430,-0.327942,50.050000,70.000000
-0.883531,0.496871,0.732757,0.411892,50.050000,70.000000
0.910270,0.900687,-0.394524,0.132380,50.050000,70.000000
-0.154190,0.524808,6.474816,-1.776076,50.050000,70.000000
0.446860,0.376274,0.422519,0.040399,50.050000,70.000000
0.043326,0.179147,2.102861,-5.244250,50.050000,70.000000
0.920734,0.775577,-0.796939,0.784179,50.050000,70.000000
-0.877560,0.840864,-0.784439,0.823408,50.050000,70.000000
0.407256,0.749986,-12.793689,-10.654670,50.050000,70.000000
-0.977264,-0.877177,1.186259,-0.207110,50.050000,70.000000
-0.706247,0.102807,0.536079,-0.115428,50.050000,70.000000
-0.128232,0.808408,-20.972931,-14.514524,50.050000,70.000000
0.906673,0.456635,-0.682552,0.253579,50.050000,70.000000
0.671143,-0.095986,-0.746258,-0.113525,50.050000,70.000000
0.770798,0.807534,0.310302,-0.002495,50.050000,70.000000
0.220538,0.586411,-4.586021,-10.360061,50.050000,70.000000
-0.182324,-0.316639,0.032971,0.024408,50.050000,70.000000
0.246398,-0.791856,-0.563987,-1.391562,50.050000,70.000000
-0.719521,-0.981604,0.984063,-0.626036,50.050000,70.000000
0.187902,0.072285,0.176916,0.061491,50.050000,70.000000
0.899001,-0.497543,-0.883733,-0.494165,50.050000,70.000000
-0.205708,0.660424,-17.704425,0.205098,50.050000,70.000000
-0.249489,0.837693,0.536361,2.027689,50.050000,70.000000
-0.893324,-0.097779,-9.915029,0.136321,50.050000,70.000000
0.626144,-0.397226,0.602190,-0.379744,50.050000,70.000000
-0.175643,-0.036415,-0.141880,-0.020215,50.050000,70.000000
-0.029785,-0.597517,-0.008715,0.185883,50.050000,70.000000
-0.466894,0.913206,-0.384225,2.028033,50.050000,70.000000
0.258640,0.954345,31.097712,-16.144598,50.050000,70.000000
-0.326920,-0.540849,2.139608,1.830102,50.050000,70.000000
-0.043383,0.864925,0.035609,-0.360067,50.050000,70.000000
0.790747,0.079159,0.422915,-0.008593,50.050000,70.000000
0.433147,-0.096776,0.216252,-0.033206,50.050000,70.000000
-0.520192,-0.873500,-0.300228,-0.176541,50.050000,70.000000
-0.916984,0.255575,0.043095,0.112641,50.050000,70.000000
-0.553449,0.186445,-0.443428,0.191763,50.050000,70.000000
-0.426285,-0.577712,0.446786,-0.346928,50.050000,70.000000
0.386603,-0.367663,-0.398906,-0.029912,50.050000,70.000000
0.687842,0.567916,-0.555020,0.368869,50.050000,70.000000
0.957341,0.038052,5.053208,0.282422,50.050000,70.000000
-0.465113,0.841696,0.170431,0.986571,50.050000,70.000000
0.389691,-0.468473,0.834239,-0.041323,50.050000,70.000000
0.379263,0.275515,-0.642350,0.179988,50.050000,70.000000
0.584769,0.205917,0.083522,-0.028554,50.050000,70.000000
0.842205,0.934270,-0.544977,0.372798,50.050000,70.000000
0.279413,0.090665,-0.220640,0.078679,50.050000,70.000000
-0.187255,0.806024,-5.328326,-27.194433,50.050000,70.000000
0.838856,0.648760,0.476823,0.195836,50.050000,70.000000
-0.291524,0.357820,1.225357,0.467659,50.050000,70.000000
-0.115719,-0.891118,-0.283648,0.686323,50.050000,70.000000
0.979723,0.212850,-0.748467,0.168525,50.050000,70.000000
-0.627274,-0.589155,0.199778,0.057070,50.050000,70.000000
0.078497,-0.694964,0.226659,0.053376,50.050000,70.000000
-0.257755,-0.082083,-0.206821,-0.066923,50.050000,70.000000
0.428821,-0.799912,0.662414,-0.396757,50.050000,70.000000
-0.118526,-0.070084,0.092745,0.067230,50.050000,70.000000
0.096012,-0.324038,-30.230323,3.891508,50.050000,70.000000
-0.104435,0.753674,2.821730,2.434398,50.050000,70.000000
0.997719,0.667304,0.813953,0.476752,50.050000,70.000000
-0.617169,-0.751526,-0.388789,-0.020210,50.050000,70.000000
-0.894647,-0.324449,17.591462,-1.732884,50.050000,70.000000
0.990876,-0.355311,-9.181545,-1.442826,50.050000,70.000000
0.291898,-0.073183,0.298425,0.023420,50.050000,70.000000
0.011900,0.009683,0.008567,0.005604,50.050000,70.000000
0.745412,0.140930,0.522558,0.106407,50.050000,70.000000
0.605569,-0.207668,0.480070,-0.089336,50.050000,70.000000
-0.279934,-0.856778,1.234186,0.027696,50.050000,70.000000
0.130738,-0.681676,-1.069953,0.810733,50.050000,70.000000
-0.926720,0.620563,1.580790,0.447480,50.050000,70.000000
-0.200143,0.190718,-5.066445,-15.309579,50.050000,70.000000
-0.603162,0.648647,-0.720214,0.586090,50.050000,70.000000
-0.190452,-0.918793,16.023159,-18.791351,50.050000,70.000000
-0.146254,-0.089927,0.124000,0.004540,50.050000,70.000000
0.599376,-0.292447,-0.534223,-0.242559,50.050000,70.000000
0.843405,-0.893138,0.803788,-0.786292,50.050000,70.000000
-0.967044,0.898308,0.203249,-0.090901,50.050000,70.000000
-0.133820,0.884729,-0.104604,-0.302543,50.050000,70.000000
-0.355037,0.899767,-8.089249,1.818065,50.050000,70.000000
0.378040,-0.287393,2.057470,-0.470250,50.050000,70.000000
-0.221345,-0.150355,-0.233697,0.112215,50.050000,70.000000
0.989391,0.687900,0.424297,-0.049745,50.050000,70.000000
-0.459235,-0.369441,-0.567454,-0.243618,50.050000,70.000000
0.802022,-0.419115,-0.232530,-0.077769,50.050000,70.000000
-0.059624,-0.107612,0.023314,0.069275,50.050000,70.000000
-0.634499,-0.020971,-0.935535,0.034605,50.050000,70.000000
-0.464054,0.650506,-2.136115,0.383646,50.050000,70.000000
-0.951843,0.374918,1.585601,2.205840,50.050000,70.000000
-0.749347,-0.268960,-0.642196,-0.295020,50.050000,70.000000
-0.414252,-0.334423,-0.650577,-0.351385,50.050000,70.000000
-0.640938,-0.245805,0.544572,-0.387916,50.050000,70.000000
0.747811,0.465969,-0.503892,0.468899,50.050000,70.000000
-0.465611,0.479518,0.685851,0.575514,50.050000,70.000000
-0.738504,-0.042236,-1.352157,-0.040947,50.050000,70.000000
0.142008,0.727495,-2.328544,1.803923,50.050000,70.000000
-0.985374,0.821187,-1.664877,-0.439759,50.050000,70.000000
-0.310910,0.537897,2.083819,-0.564503,50.050000,70.000000
0.438430,0.693946,-0.533566,0.207821,50.050000,70.000000
-0.842987,-0.089614,2.085215,0.103353,50.050000,70.000000
-0.147503,0.923257,0.127781,-0.096899,50.050000,70.000000
-0.819495,0.744610,-0.755155,0.609254,50.050000,70.000000
0.664845,0.055845,1.388040,0.000654,50.050000,70.000000
0.588940,0.313609,-0.507695,0.237906,50.050000,70.000000
0.826932,0.249065,0.889103,0.662452,50.050000,70.000000
0.040467,0.136870,1.156719,0.575031,50.050000,70.000000
0.366688,0.926808,0.505710,0.941869,50.050000,70.000000
0.866526,-0.304732,1.837913,0.286783,50.050000,70.000000
0.376552,0.714729,3.950610,-2.078877,50.050000,70.000000
0.454134,0.625446,0.542488,0.342029,50.050000,70.000000
-0.133681,-0.768894,1.605087,0.449606,50.050000,70.000000
-0.800000,0.397782,0.711027,0.350560,50.050000,70.000000
-0.477809,-0.538548,-0.468220,-0.063789,50.050000,70.000000
0.618553,0.013765,-2.206547,-0.006548,50.050000,70.000000
-0.653033,0.467556,0.338256,0.058321,50.050000,70.000000
0.209739,-0.912601,-0.421464,-17.626257,50.050000,70.000000
-0.091967,0.315511,7.696389,-8.876786,50.050000,70.000000
0.797400,-0.095579,-0.324088,0.054751,50.050000,70.000000
-0.397736,-0.751027,-0.294820,-0.707843,50.050000,70.000000
-0.517035,0.196265,-0.416238,0.180131,50.050000,70.000000
0.618334,0.340005,0.404633,0.223702,50.050000,70.000000
0.456910,-0.715525,-0.394232,0.278918,50.050000,70.000000
0.168613,-0.115981,-0.141612,0.079325,50.050000,70.000000
0.714297,-0.803697,0.721412,-0.793382,50.050000,70.000000
0.268384,0.737150,7.571604,1.701456,50.050000,70.000000
-0.720634,0.305782,-0.688370,0.209775,50.050000,70.000000
-0.717414,0.415077,0.516219,0.476380,50.050000,70.000000
0.193076,-0.979178,0.700770,1.185882,50.050000,70.000000
0.948557,0.394394,-0.933527,-2.160043,50.050000,70.000000
0.578420,-0.489770,0.366442,-0.156565,50.050000,70.000000
0.433268,-0.059995,0.416578,-0.004855,50.050000,70.000000
-0.336979,0.389180,0.182515,0.110344,50.050000,70.000000
0.945249,0.798042,0.351835,0.047607,50.050000,70.000000
0.698956,-0.640364,-0.522913,-0.337193,50.050000,70.000000
-0.599179,-0.405279,-0.463016,-0.241209,50.050000,70.000000
0.474000,0.513995,-0.404672,0.466874,50.050000,70.000000
0.721008,-0.024620,0.217812,-0.124937,50.050000,70.000000
0.210818,-0.785275,16.709505,-2.784800,50.050000,70.000000
-0.108599,0.784305,0.188348,-2.645783,50.050000,70.000000
-0.188141,-0.079026,0.251636,0.061273,50.050000,70.000000
-0.195792,-0.669576,-23.505153,17.709430,50.050000,70.000000
0.436070,-0.978686,7.606955,-1.408797,50.050000,70.000000
-0.781788,0.482858,0.262758,-0.088206,50.050000,70.000000
-0.613936,-0.414375,-0.094851,0.091273,50.050000,70.000000
-0.392993,0.974647,-4.283451,-0.193063,50.050000,70.000000
0.886298,0.003612,4.664216,-0.110798,50.050000,70.000000
0.699512,0.699609,0.699029,0.680629,50.050000,70.000000
0.334115,-0.524982,0.808051,-0.578386,50.050000,70.000000
0.624137,-0.130411,1.825653,0.144406,50.050000,70.000000
0.176053,0.926281,-1.516665,-2.411419,50.050000,70.000000
0.006199,0.186858,0.364686,0.333723,50.050000,70.000000
0.524031,-0.603423,0.209360,0.141582,50.050000,70.000000
0.271453,0.303093,0.208795,-0.071024,50.050000,70.000000
0.091768,0.338763,0.140131,0.211840,50.050000,70.000000
-0.412605,-0.646027,-0.453949,-0.366744,50.050000,70.000000
0.218240,-0.046363,-0.204507,-0.038355,50.050000,70.000000
0.778635,0.512571,-0.654805,0.455049,50.050000,70.000000
0.788393,0.522279,-0.542526,0.475055,50.050000,70.000000
-0.061767,-0.121589,-0.579799,-1.821969,50.050000,70.000000
0.448826,-0.583690,0.633505,-0.315314,50.050000,70.000000
-0.084115,0.275485,-0.347212,-0.005075,50.050000,70.000000
0.077166,0.928053,1.692275,25.750896,50.050000,70.000000
-0.207782,-0.195986,-0.173910,-0.092677,50.050000,70.000000
0.061929,0.835758,-0.600342,-3.800118,50.050000,70.000000
0.593027,0.998217,0.446548,0.135916,50.050000,70.000000
-0.967434,0.336915,4.492232,10.087829,50.050000,70.000000
0.530734,0.050761,-0.377701,0.106413,50.050000,70.000000
-0.866137,0.830937,-0.691789,0.834812,50.050000,70.000000
-0.435002,0.917711,15.852880,-21.461456,50.050000,70.000000
-0.034026,0.121884,3.273791,1.679992,50.050000,70.000000
0.506221,0.051195,0.442237,0.176201,50.050000,70.000000
0.436914,-0.786661,-0.360264,-0.281056,50.050000,70.000000
0.581719,0.949913,0.833104,0.441356,50.050000,70.000000
-0.810711,0.383259,-0.732134,0.294401,50.050000,70.000000
-0.562873,-0.200095,0.371935,-0.116367,50.050000,70.000000
-0.990722,0.934099,0.503208,0.729152,50.050000,70.000000
-0.590705,0.026846,-2.422875,-0.035251,50.050000,70.000000
-0.793432,0.795044,0.773308,0.667160,50.050000,70.000000
0.306483,-0.939887,25.647445,8.447142,50.050000,70.000000
-0.681361,0.373391,0.522340,0.413234,50.050000,70.000000
-0.410853,0.791311,-2.909368,0.746911,50.050000,70.000000
-0.436142,-0.236780,-0.393180,-0.368926,50.050000,70.000000
0.437139,0.988184,5.804144,8.937562,50.050000,70.000000
0.413847,-0.468665,2.301355,8.628186,50.050000,70.000000
-0.844481,0.808277,0.644634,0.243418,50.050000,70.000000
0.707714,0.547376,-0.006423,-0.127930,50.050000,70.000000
-0.245023,-0.106252,-0.194288,0.101418,50.050000,70.000000
0.225637,0.282870,-0.183370,-0.233289,50.050000,70.000000
0.188810,-0.675358,-0.850837,1.063752,50.050000,70.000000
-0.734879,0.889774,-0.769447,0.765358,50.050000,70.000000
0.434690,-0.171083,-0.387082,-0.105131,50.050000,70.000000
0.609113,-0.638354,0.349084,-0.129461,50.050000,70.000000
-0.820773,-0.731636,-0.749763,-0.599834,50.050000,70.000000
-0.601145,0.558474,0.500286,0.228097,50.050000,70.000000
0.265730,0.130633,0.231529,-0.136714,50.050000,70.000000
-0.448761,-0.317753,0.247505,-0.020515,50.050000,70.000000
-0.482714,-0.978830,0.334591,-0.786974,50.050000,70.000000
0.807252,-0.522007,0.457040,-0.039502,50.050000,70.000000
0.632930,-0.339414,0.567508,-0.371466,50.050000,70.000000
-0.537081,-0.716457,0.771804,-0.398220,50.050000,70.000000
0.510005,-0.345608,0.537697,-0.295104,50.050000,70.000000
-0.634084,0.944857,-0.825524,0.786876,50.050000,70.000000
0.218132,0.145104,0.204735,0.154113,50.050000,70.000000
0.763475,-0.276492,0.111539,0.130748,50.050000,70.000000
0.998608,-0.396477,-0.063220,0.471005,50.050000,70.000000
0.411538,0.714407,1.862208,-0.508129,50.050000,70.000000
-0.967678,0.244256,0.465130,0.448091,50.050000,70.000000
-0.787895,-0.151585,-0.314771,0.657439,50.050000,70.000000
0.303076,-0.206057,-0.440436,-0.888855,50.050000,70.000000
0.799773,-0.217535,4.770590,0.750795,50.050000,70.000000
-0.118148,0.293787,18.873185,3.249434,50.050000,70.000000
-0.319239,0.542809,-9.317400,-2.809040,50.050000,70.000000
0.994636,0.842965,0.610360,0.258873,50.050000,70.000000
-0.281183,0.150176,0.509513,0.320453,50.050000,70.000000
0.007788,0.893545,0.001556,-0.161508,50.050000,70.000000
-0.190784,-0.513175,11.766327,0.176358,50.050000,70.000000
-0.935672,0.158504,1.369921,-0.065390,50.050000,70.000000
-0.018725,-0.706956,-0.009891,-0.445387,50.050000,70.000000
0.189507,-0.949343,-1.085888,0.779722,50.050000,70.000000
0.386962,-0.324141,-0.464298,-0.131133,50.050000,70.000000
0.167847,0.997715,-19.515897,-1.823437,50.050000,70.000000
0.589213,0.898781,-0.919621,0.714912,50.050000,70.000000
-0.181431,0.694337,0.439448,-1.480356,50.050000,70.000000
-0.275944,0.216114,-0.896002,-0.141795,50.050000,70.000000
0.233509,0.579753,1.111822,8.725146,50.050000,70.000000
-0.092721,-0.353815,6.329445,-28.862959,50.050000,70.000000
-0.574046,0.008852,1.117508,-0.014335,50.050000,70.000000
0.768706,-0.354950,0.838023,-0.350394,50.050000,70.000000
0.352137,0.371537,-0.019039,-0.214608,50.050000,70.000000
0.414668,-0.681764,10.352506,-3.168289,50.050000,70.000000
-0.403039,0.121434,-0.416365,-0.074768,50.050000,70.000000
0.945510,-0.818267,0.925843,-0.793620,50.050000,70.000000
-0.618224,-0.498507,-0.370709,-0.095403,50.050000,70.000000
-0.404587,0.114206,-1.223881,-0.019856,50.050000,70.000000
-0.544473,-0.949660,-0.843332,-0.485813,50.050000,70.000000
-0.931510,0.119624,0.454348,0.067822,50.050000,70.000000
0.526306,-0.368635,0.389094,-0.104961,50.050000,70.000000
0.350891,-0.567961,-4.938662,0.586709,50.050000,70.000000
0.273264,0.745072,11.996757,3.390438,50.050000,70.000000
0.417099,0.181135,-0.122973,-0.066259,50.050000,70.000000
0.328734,-0.971217,0.172653,0.322702,50.050000,70.000000
0.758606,-0.108101,4.316772,0.980846,50.050000,70.000000
-0.855834,0.004869,0.282206,-0.038617,50.050000,70.000000
-0.164439,0.281025,0.172595,0.087187,50.050000,70.000000
-0.820658,-0.805707,0.850252,-0.774607,50.050000,70.000000
0.480837,-0.572630,0.705713,-0.314391,50.050000,70.000000
-0.192506,0.557950,9.660193,-14.585460,50.050000,70.000000
-0.534271,0.515494,0.436119,0.158926,50.050000,70.000000
-0.095458,-0.360689,-1.125418,2.929762,50.050000,70.000000
-0.095529,0.436226,1.694610,1.003787,50.050000,70.000000
-0.347398,-0.725112,-0.401790,-0.517410,50.050000,70.000000
-0.962978,-0.770382,-0.299656,-0.140676,50.050000,70.000000
0.192981,-0.562876,0.725157,-0.737225,50.050000,70.000000
-0.249025,0.635026,4.133932,-0.801336,50.050000,70.000000
0.889625,-0.071329,-7.283817,0.697413,50.050000,70.000000
-0.833922,0.273735,4.994959,2.060809,50.050000,70.000000
0.672104,0.044273,0.227212,-0.043589,50.050000,70.000000
0.098984,-0.381346,3.267222,-1.274823,50.050000,70.000000
0.718403,0.197989,-2.266978,-1.160697,50.050000,70.000000
-0.404033,-0.580977,2.095457,0.887072,50.050000,70.000000
-0.478922,0.751530,0.110710,-0.143099,50.050000,70.000000
0.962235,0.284787,-12.066175,-1.033182,50.050000,70.000000
0.416687,-0.742150,13.514359,25.214500,50.050000,70.000000
0.685964,-0.995284,-1.192326,-0.618125,50.050000,70.000000
0.265405,0.666012,1.310039,1.363061,50.050000,70.000000
-0.341651,-0.133080,-0.260748,0.032474,50.050000,70.000000
-0.681627,-0.112543,-0.767340,0.043158,50.050000,70.000000
0.496663,-0.578475,0.638576,-0.378433,50.050000,70.000000
-0.436058,-0.827454,-0.244094,0.012473,50.050000,70.000000
0.972801,-0.139027,5.032900,-0.085701,50.050000,70.000000
-0.622297,-0.941155,-0.770073,-0.667824,50.050000,70.000000
0.012038,0.320497,-2.771848,2.265521,50.050000,70.000000
0.592739,0.168361,-0.526201,0.297619,50.050000,70.000000
-0.356480,0.646850,1.506559,1.430172,50.050000,70.000000
-0.390579,-0.463395,0.278305,0.032781,50.050000,70.000000
-0.272959,0.375111,1.094971,0.970154,50.050000,70.000000
0.497736,-0.556037,-0.655771,-0.253391,50.050000,70.000000
0.677873,-0.981189,-0.929162,-0.269827,50.050000,70.000000
-0.841808,-0.268990,-0.344602,-0.230874,50.050000,70.000000
-0.911367,0.648350,-6.586497,4.887172,50.050000,70.000000
0.820207,-0.784885,-0.130958,0.127275,50.050000,70.000000
0.438425,0.616371,0.811730,0.402360,50.050000,70.000000
-0.645543,0.350432,0.530751,0.408274,50.050000,70.000000
-0.287610,0.134400,2.319614,-0.283993,50.050000,70.000000
0.857050,0.438374,0.759282,0.449306,50.050000,70.000000
-0.242228,0.869870,-3.115715,-0.113532,50.050000,70.000000
-0.087045,-0.958983,-1.208519,0.578857,50.050000,70.000000
0.371852,-0.279445,-0.538326,-0.118838,50.050000,70.000000
-0.638292,0.225143,0.452760,-0.001745,50.050000,70.000000
-0.021628,0.494113,2.075655,-1.995871,50.050000,70.000000
0.562104,-0.720662,-0.744550,-0.542487,50.050000,70.000000
-0.163706,0.593750,0.887191,-1.233165,50.050000,70.000000
-0.836991,0.688962,0.179527,-0.102235,50.050000,70.000000
-0.620216,0.024887,-0.082013,-0.053578,50.050000,70.000000
0.281956,0.841785,13.547516,-7.022059,50.050000,70.000000
-0.122563,0.075827,-0.148093,-0.109850,50.050000,70.000000
0.417380,0.913693,-0.120403,0.079745,50.050000,70.000000
0.439997,-0.966517,-9.964205,-1.687290,50.050000,70.000000
-0.258521,-0.956241,12.726562,26.079300,50.050000,70.000000
0.450384,-0.397974,-0.641805,-0.385305,50.050000,70.000000
-0.743337,0.741855,0.317723,-0.005626,50.050000,70.000000
0.365360,0.599539,-6.386753,-0.382545,50.050000,70.000000
0.444528,-0.813628,3.433257,-0.920035,50.050000,70.000000
-0.644702,0.487892,-0.618773,0.479399,50.050000,70.000000
-0.005562,0.521149,1.001245,-11.234697,50.050000,70.000000
0.951555,0.782829,-0.509813,0.179416,50.050000,70.000000
-0.995555,-0.299935,1.561266,1.076873,50.050000,70.000000
0.991130,-0.083037,1.037181,-0.016502,50.050000,70.000000
0.402765,-0.728693,-0.449786,-0.390256,50.050000,70.000000
0.863215,0.054776,10.540882,0.106190,50.050000,70.000000
0.623963,0.950118,1.046948,0.742949,50.050000,70.000000
0.634942,-0.527057,-0.559017,-0.327054,50.050000,70.000000
-0.252512,0.024286,-0.140569,0.017003,50.050000,70.000000
0.178755,0.343391,-7.935130,1.457587,50.050000,70.000000
-0.633881,0.364824,0.436541,0.141770,50.050000,70.000000
-0.399205,0.558797,2.400261,0.095387,50.050000,70.000000
-0.301877,0.350912,-0.105680,0.145309,50.050000,70.000000
-0.216150,-0.840084,-30.149595,-0.571943,50.050000,70.000000
0.715515,-0.342171,-0.516116,-0.482372,50.050000,70.000000
-0.866009,0.982078,-2.387334,-0.329140,50.050000,70.000000
-0.221629,-0.914641,-0.047660,-0.612055,50.050000,70.000000
-0.376066,-0.540775,-1.453207,0.574880,50.050000,70.000000
-0.809744,0.640319,-0.661911,0.357876,50.050000,70.000000
-0.164737,-0.735146,-1.144113,-0.904703,50.050000,70.000000
0.401711,-0.436072,9.136985,0.151617,50.050000,70.000000
0.934483,-0.143639,-2.730742,-0.260218,50.050000,70.000000
-0.141717,0.157990,-0.058297,0.339669,50.050000,70.000000
-0.654982,-0.288492,-0.475972,-0.412399,50.050000,70.000000
-0.682639,0.885782,0.217535,-0.072722,50.050000,70.000000
-0.669712,0.155012,-3.505567,-1.583604,50.050000,70.000000
-0.719343,0.002215,0.484637,0.001043,50.050000,70.000000
-0.767293,0.112583,2.244284,0.690394,50.050000,70.000000
0.179097,0.077255,-0.054870,0.044558,50.050000,70.000000
0.421998,0.514445,0.554414,0.577626,50.050000,70.000000
0.281546,-0.048989,0.029485,-0.011963,50.050000,70.000000
0.642639,0.836268,0.651657,0.769534,50.050000,70.000000
-0.843172,0.802910,0.779834,0.458590,50.050000,70.000000
0.510640,0.318869,0.464223,0.239777,50.050000,70.000000
-0.771676,0.447461,0.304001,0.148555,50.050000,70.000000
0.481995,0.896888,-1.222334,0.373015,50.050000,70.000000
-0.004622,0.317079,-13.430144,-2.571996,50.050000,70.000000
-0.856787,-0.017806,0.908586,-0.022218,50.050000,70.000000
0.731105,-0.315735,0.556666,-0.147652,50.050000,70.000000
-0.558941,-0.122309,0.536073,-0.200346,50.050000,70.000000
0.345361,0.490022,0.070549,0.123310,50.050000,70.000000
-0.203679,0.763766,0.157684,0.677419,50.050000,70.000000
0.610043,0.984315,0.844099,0.629293,50.050000,70.000000
-0.612669,0.877106,0.909928,0.759672,50.050000,70.000000
-0.471105,0.141572,0.004274,-0.043198,50.050000,70.000000
-0.602807,0.617647,0.726751,0.495831,50.050000,70.000000
0.786734,0.637129,0.463288,0.154682,50.050000,70.000000
0.219061,-0.238832,-1.036865,-6.787594,50.050000,70.000000
-0.046314,-0.398642,17.066181,-0.551688,50.050000,70.000000
0.027937,-0.468927,-2.019596,-1.718666,50.050000,70.000000
0.741447,-0.504236,0.608825,-0.581454,50.050000,70.000000
-0.694004,-0.127028,-3.262626,-0.203206,50.050000,70.000000
-0.966924,0.912659,0.748263,0.740814,50.050000,70.000000
-0.937908,0.582556,-1.586529,0.453038,50.050000,70.000000
-0.984082,0.531332,-0.278719,-0.055916,50.050000,70.000000
0.093417,0.055928,0.089309,-0.059346,50.050000,70.000000
-0.020518,-0.841420,1.018071,0.517129,50.050000,70.000000
0.246948,0.452605,0.190977,17.486730,50.050000,70.000000
0.926607,-0.508659,-0.560072,-0.379024,50.050000,70.000000
0.971829,-0.463487,0.178110,-0.183981,50.050000,70.000000
0.176136,0.320862,0.597545,-1.122676,50.050000,70.000000
0.724668,-0.500780,0.439717,-0.239519,50.050000,70.000000
-0.608961,-0.809388,-0.039017,0.168913,50.050000,70.000000
0.608864,-0.816743,0.423573,-0.141973,50.050000,70.000000
0.995666,0.165319,-1.681657,0.016136,50.050000,70.000000
0.514523,-0.410839,0.490816,-0.152780,50.050000,70.000000
-0.978422,-0.331339,-6.488651,-0.290637,50.050000,70.000000
-0.816990,0.841320,-0.527186,0.439654,50.050000,70.000000
0.065843,0.631027,-14.260027,-20.035825,50.050000,70.000000
-0.321966,0.713219,2.835277,-17.667253,50.050000,70.000000
-0.932871,-0.757902,0.945992,-0.592797,50.050000,70.000000
-0.054500,0.023476,-0.052425,-0.022352,50.050000,70.000000
0.556161,-0.593727,-0.355101,-0.039142,50.050000,70.000000
-0.768904,-0.972102,0.899998,-0.817797,50.050000,70.000000
-0.118179,-0.238844,-3.504500,-0.305407,50.050000,70.000000
-0.254949,-0.932998,-1.149249,0.466101,50.050000,70.000000
-0.898742,0.835856,-0.730205,0.756626,50.050000,70.000000
0.232432,0.481775,0.647702,-0.254665,50.050000,70.000000
-0.809383,0.697349,0.683073,0.397331,50.050000,70.000000
0.349489,-0.130561,0.463375,-0.081320,50.050000,70.000000
-0.336290,-0.019091,0.091687,0.021288,50.050000,70.000000
-0.858279,0.908009,0.604285,0.978855,50.050000,70.000000
0.913150,-0.691826,0.912138,-0.689381,50.050000,70.000000
0.479202,-0.059668,-0.316292,-0.119941,50.050000,70.000000
-0.847470,0.572237,-0.090287,-0.101558,50.050000,70.000000
-0.414500,-0.495625,-0.978333,-0.338571,50.050000,70.000000
0.032484,-0.039563,0.017497,-0.032203,50.050000,70.000000
-0.940831,-0.546491,0.923046,-0.259531,50.050000,70.000000
-0.875390,-0.672477,0.324047,-0.025952,50.050000,70.000000
-0.319816,0.851745,-0.000659,-0.024139,50.050000,70.000000
-0.723835,0.507915,-0.601597,0.570055,50.050000,70.000000
0.523761,0.856312,-0.335131,-0.731467,50.050000,70.000000
0.043644,-0.478840,-3.448981,-0.198452,50.050000,70.000000
0.142636,-0.722074,-0.872911,-0.114391,50.050000,70.000000
0.108386,-0.356964,-0.353395,0.831003,50.050000,70.000000
0.503231,-0.194502,-0.273127,-0.066150,50.050000,70.000000
0.997070,-0.246630,-19.528429,-1.467525,50.050000,70.000000
0.884964,-0.418169,0.777937,-0.348192,50.050000,70.000000
-0.172815,-0.499158,-0.780765,-3.192717,50.050000,70.000000
0.653867,-0.448979,-0.393353,-0.180895,50.050000,70.000000
0.013307,-0.345493,16.732602,-22.793053,50.050000,70.000000
-0.709032,-0.705393,-0.654452,-0.490965,50.050000,70.000000
0.459232,0.318053,0.458079,0.132068,50.050000,70.000000
-0.479139,-0.885431,-0.564790,0.593107,50.050000,70.000000
0.562858,-0.042069,-0.218016,-0.040320,50.050000,70.000000
0.948481,-0.873979,-0.330230,-0.070313,50.050000,70.000000
-0.961677,-0.910706,0.509484,-0.932694,50.050000,70.000000
-0.241712,-0.449559,0.286129,-0.465610,50.050000,70.000000
0.261448,0.150498,5.089072,0.874389,50.050000,70.000000
-0.586226,-0.694673,0.753948,-0.557773,50.050000,70.000000
0.629469,-0.521050,0.196495,0.042015,50.050000,70.000000
0.705898,0.026869,-0.956616,-0.071745,50.050000,70.000000
-0.420521,0.307574,0.277090,0.046761,50.050000,70.000000
-0.611125,0.821599,-0.735199,0.761443,50.050000,70.000000
0.611968,-0.659298,0.764801,-0.494004,50.050000,70.000000
-0.828980,-0.662660,0.752855,-0.449740,50.050000,70.000000
0.679003,0.010326,0.006059,0.001296,50.050000,70.000000
-0.455873,0.139481,-0.371355,0.126399,50.050000,70.000000
0.250659,0.823258,18.466735,-23.943686,50.050000,70.000000
0.495506,-0.036911,0.471932,-0.079284,50.050000,70.000000
-0.366434,-0.649447,-0.375675,-0.154741,50.050000,70.000000
0.743904,0.792681,0.750264,0.787861,50.050000,70.000000
0.597348,-0.370932,0.554182,-0.314835,50.050000,70.000000
-0.252111,0.762743,-0.652120,0.114043,50.050000,70.000000
-0.574880,-0.007831,-1.908982,0.189549,50.050000,70.000000
0.377804,-0.240367,0.843836,-0.332272,50.050000,70.000000
0.146468,-0.308910,1.290556,23.681738,50.050000,70.000000
0.146158,0.480559,-8.776035,-3.411283,50.050000,70.000000
0.759097,0.147623,1.588464,0.132916,50.050000,70.000000
-0.904633,-0.164960,-9.780093,-1.028852,50.050000,70.000000
-0.486278,-0.870919,4.493744,-6.502484,50.050000,70.000000
0.466632,0.678153,-0.643688,0.159747,50.050000,70.000000
-0.283927,0.034031,-0.283112,-0.033034,50.050000,70.000000
-0.044293,-0.440589,-0.497452,1.644107,50.050000,70.000000
-0.980031,0.620494,-0.299884,0.165316,50.050000,70.000000
0.641053,0.179654,0.241182,0.142033,50.050000,70.000000
-0.549588,-0.924486,0.890837,-0.613563,50.050000,70.000000
0.161308,-0.891757,-20.391402,4.478146,50.050000,70.000000
0.239691,0.484635,-2.104805,0.517688,50.050000,70.000000
-0.743658,-0.661392,-0.629371,-0.464444,50.050000,70.000000
-0.008197,0.241148,-1.624055,-4.855954,50.050000,70.000000
0.979950,0.013335,1.029577,0.080939,50.050000,70.000000
0.122649,-0.644697,-0.785862,4.696621,50.050000,70.000000
0.582559,-0.924477,-0.413313,-0.382117,50.050000,70.000000
0.323126,0.783551,-0.734224,0.485644,50.050000,70.000000
-0.864667,-0.465238,-0.163477,0.108640,50.050000,70.000000
0.751743,0.538745,-0.631596,0.596707,50.050000,70.000000
0.686288,0.448034,-0.357326,0.087067,50.050000,70.000000
0.112437,-0.276348,-2.821024,17.234253,50.050000,70.000000
-0.588397,0.808212,0.707260,0.411696,50.050000,70.000000
-0.377944,-0.111519,0.162638,-0.078002,50.050000,70.000000
-0.304108,0.864748,2.630965,-0.015047,50.050000,70.000000
-0.180002,0.702461,2.133135,1.355927,50.050000,70.000000
0.253738,0.568848,22.632661,-5.966736,50.050000,70.000000
0.626296,0.160635,0.338909,0.203348,50.050000,70.000000
-0.206496,-0.571383,3.729459,-0.490562,50.050000,70.000000
0.758231,-0.412382,0.263597,-0.057066,50.050000,70.000000
-0.911863,0.316945,-0.732241,-0.032076,50.050000,70.000000
0.898595,0.681479,0.413240,0.109145,50.050000,70.000000
-0.386511,-0.090871,0.244859,0.047325,50.050000,70.000000
0.731835,-0.054867,-0.100426,-0.057377,50.050000,70.000000
-0.144658,0.731495,-0.197413,-1.019756,50.050000,70.000000
0.228534,0.971824,-0.144585,0.140273,50.050000,70.000000
-0.552786,-0.670027,-0.707692,-0.552995,50.050000,70.000000
0.864136,-0.473337,0.460619,-0.037078,50.050000,70.000000
0.625041,-0.933277,0.621195,-0.173905,50.050000,70.000000
0.411541,0.762445,-3.828360,-3.244578,50.050000,70.000000
0.411266,0.149724,0.124816,-0.022086,50.050000,70.000000
0.406615,-0.026282,-0.483446,-0.009866,50.050000,70.000000
0.274561,0.553797,-8.376698,-0.255596,50.050000,70.000000
-0.328595,-0.696196,8.295949,2.726252,50.050000,70.000000
-0.973152,0.229539,17.052093,-1.148564,50.050000,70.000000
-0.141548,-0.991896,0.595994,-5.768250,50.050000,70.000000
-0.801750,0.990481,-0.385278,0.064047,50.050000,70.000000
-0.981397,-0.334905,-3.275107,31.998473,50.050000,70.000000
-0.740745,0.298809,0.602193,0.188601,50.050000,70.000000
0.086870,0.015736,-0.090031,-0.017210,50.050000,70.000000
0.475236,-0.702862,0.853354,-0.478442,50.050000,70.000000
-0.999520,-0.934582,-0.934554,-0.326329,50.050000,70.000000
0.478344,-0.468844,-0.433316,-0.076160,50.050000,70.000000
0.141553,-0.920088,-10.724636,-0.950150,50.050000,70.000000
0.075715,0.546972,-2.884008,-2.345669,50.050000,70.000000
0.960780,-0.164744,2.027002,-0.339448,50.050000,70.000000
-0.844246,0.764945,0.743003,0.633273,50.050000,70.000000
0.425736,-0.648356,0.020482,-0.092423,50.050000,70.000000
-0.918929,-0.432775,-1.368571,-0.426218,50.050000,70.000000
0.356040,-0.029136,0.409177,0.145541,50.050000,70.000000
0.319611,-0.301608,10.983700,-2.762531,50.050000,70.000000
0.866821,0.666062,-0.792513,0.689798,50.050000,70.000000
0.498087,-0.654564,-0.404081,-0.443376,50.050000,70.000000
0.747023,-0.787988,0.752647,-0.784429,50.050000,70.000000
0.290169,0.866381,6.439283,1.608097,50.050000,70.000000
-0.736917,0.641207,0.407002,0.167760,50.050000,70.000000
0.759961,0.669936,0.753443,0.659770,50.050000,70.000000
-0.383390,0.357903,1.893343,-0.566614,50.050000,70.000000
-0.730186,-0.230332,3.343980,0.399214,50.050000,70.000000
0.812333,0.880305,0.861163,0.680627,50.050000,70.000000
-0.712166,0.631438,0.708916,0.599400,50.050000,70.000000
0.575084,-0.558678,-0.660593,-0.372035,50.050000,70.000000
0.302156,0.340057,0.329381,0.584714,50.050000,70.000000
-0.664392,-0.441899,0.546125,-0.400950,50.050000,70.000000
-0.999443,0.368931,13.596705,-4.229752,50.050000,70.000000
0.623111,0.619989,-0.676869,0.405560,50.050000,70.000000
0.155625,-0.405628,-0.637777,-0.700164,50.050000,70.000000
0.604035,0.015981,9.246008,0.396224,50.050000,70.000000
0.594834,-0.631166,-0.708589,-0.394128,50.050000,70.000000
-0.003655,0.569959,1.487378,1.514716,50.050000,70.000000
-0.699830,-0.046100,-0.689559,-0.016753,50.050000,70.000000
-0.795632,-0.183611,0.211680,1.126764,50.050000,70.000000
0.042041,0.585380,12.579791,-4.614739,50.050000,70.000000
0.483317,-0.891313,-0.853880,-0.612081,50.050000,70.000000
-0.291151,0.625051,-0.445937,0.075222,50.050000,70.000000
-0.759579,-0.238789,0.414048,0.166361,50.050000,70.000000
0.666966,-0.307706,0.432058,-0.321832,50.050000,70.000000
0.385791,-0.013204,-1.937944,-0.247312,50.050000,70.000000
0.081930,0.998088,-21.072494,-15.518482,50.050000,70.000000
0.858228,0.245538,0.490733,0.935529,50.050000,70.000000
0.748911,0.953809,0.475140,0.151152,50.050000,70.000000
0.674430,-0.848127,-0.266176,0.067805,50.050000,70.000000
-0.464368,-0.635659,0.728774,-0.408767,50.050000,70.000000
0.479911,-0.127852,0.307949,-0.002623,50.050000,70.000000
-0.807952,0.755874,-0.670878,0.493887,50.050000,70.000000
-0.017474,0.320448,-12.579809,-7.565826,50.050000,70.000000
-0.236652,0.582800,-14.337094,-16.827570,50.050000,70.000000
-0.874894,-0.342230,-18.842987,9.501334,50.050000,70.000000
0.134203,-0.444207,-9.207000,-4.339972,50.050000,70.000000
0.220882,0.365606,-19.201077,-7.512801,50.050000,70.000000
0.740424,0.299008,0.349129,0.262493,50.050000,70.000000
-0.571286,0.388198,-0.501818,0.292272,50.050000,70.000000
0.436603,-0.013831,-0.611241,-0.045986,50.050000,70.000000
-0.454680,0.200062,0.463316,0.173896,50.050000,70.000000
0.435379,-0.592471,-1.134408,-0.162039,50.050000,70.000000
0.348252,-0.922907,5.426216,-0.361110,50.050000,70.000000
0.695799,0.299012,-0.248734,0.108596,50.050000,70.000000
-0.498360,0.057307,0.203462,0.137190,50.050000,70.000000
-0.833005,-0.311902,5.950928,-2.932279,50.050000,70.000000
-0.129561,0.461760,4.531081,-8.933364,50.050000,70.000000
0.797112,-0.931039,0.458218,-0.212450,50.050000,70.000000
0.032162,0.545497,-5.534402,-1.759492,50.050000,70.000000
0.168157,0.220767,0.137308,0.046630,50.050000,70.000000
0.436735,0.200233,-0.438570,0.146679,50.050000,70.000000
-0.677489,-0.565500,0.457912,-0.207385,50.050000,70.000000
-0.359601,0.193459,-1.362627,0.156051,50.050000,70.000000
-0.535854,-0.095070,0.309115,-0.011857,50.050000,70.000000
0.166472,-0.106369,-0.108566,0.087927,50.050000,70.000000
0.252516,0.028025,-0.181032,-0.015471,50.050000,70.000000
-0.980180,0.122583,2.288335,0.100051,50.050000,70.000000
0.251363,0.651391,0.761681,-0.007129,50.050000,70.000000
-0.077593,-0.112582,1.823258,-3.894473,50.050000,70.000000
-0.166355,0.066264,-0.130474,-0.053420,50.050000,70.000000
-0.296533,0.167970,0.256870,0.203002,50.050000,70.000000
-0.936484,0.514544,-0.861018,0.479427,50.050000,70.000000
-0.054004,0.355491,16.074531,26.748537,50.050000,70.000000
0.737721,0.877124,-0.522828,0.460179,50.050000,70.000000
-0.169257,-0.709015,25.495581,-16.247285,50.050000,70.000000
-0.416741,-0.164065,0.258193,-0.086269,50.050000,70.000000
0.553546,-0.544973,0.718162,-0.403856,50.050000,70.000000
0.635819,0.215568,0.741764,0.253942,50.050000,70.000000
-0.942534,0.836969,-0.478031,0.443437,50.050000,70.000000
0.936061,0.381711,-15.076943,-0.400881,50.050000,70.000000
-0.587084,0.872923,0.989297,0.606109,50.050000,70.000000
-0.785664,-0.649972,-0.745996,-0.671217,50.050000,70.000000
-0.077479,-0.183695,2.181379,-0.507293,50.050000,70.000000
0.636910,0.553972,0.217072,-0.037224,50.050000,70.000000
0.614981,-0.018698,-3.227558,0.306342,50.050000,70.000000
-0.255422,-0.869343,-3.539304,-1.430960,50.050000,70.000000
0.944115,-0.252326,-5.736062,0.914199,50.050000,70.000000
-0.851145,0.799143,0.780026,0.434707,50.050000,70.000000
-0.810198,-0.989812,0.814863,-0.758990,50.050000,70.000000
0.225620,-0.009492,0.223693,-0.009339,50.050000,70.000000
0.463196,0.932227,-0.204297,-0.084208,50.050000,70.000000
-0.069207,0.836853,-4.037259,-0.001457,50.050000,70.000000
0.995325,0.430234,-0.976431,0.112419,50.050000,70.000000
0.938750,-0.434891,0.761684,-0.348966,50.050000,70.000000
0.791406,-0.835242,-0.750951,-0.830145,50.050000,70.000000
0.080860,-0.982996,-15.767395,1.668416,50.050000,70.000000
0.789970,-0.982206,-0.981501,-0.872811,50.050000,70.000000
0.070817,0.225855,1.349998,1.069906,50.050000,70.000000
-0.056158,0.146121,0.017268,-0.203662,50.050000,70.000000
-0.151373,-0.128069,0.109336,0.042362,50.050000,70.000000
-0.448513,-0.150885,-0.428436,-0.141427,50.050000,70.000000
0.077222,-0.126819,-0.130541,-0.230404,50.050000,70.000000
0.558590,0.213933,0.461843,0.312081,50.050000,70.000000
-0.430840,0.872883,-9.284443,0.183646,50.050000,70.000000
0.542286,0.200160,0.447045,0.164417,50.050000,70.000000
0.093504,-0.470523,-0.489896,0.039287,50.050000,70.000000
-0.085766,0.528642,17.249707,1.464921,50.050000,70.000000
0.893786,-0.131935,-2.269588,0.508219,50.050000,70.000000
0.562209,-0.948318,0.727739,-0.142947,50.050000,70.000000
-0.379279,-0.536196,0.246033,0.078963,50.050000,70.000000
0.154584,0.092012,-0.089141,0.053981,50.050000,70.000000
0.439201,-0.345414,-0.539231,-0.221782,50.050000,70.000000
0.628009,0.947258,1.004251,0.659708,50.050000,70.000000
0.561266,-0.810709,-1.167555,-0.378708,50.050000,70.000000
0.410166,-0.335957,0.528541,0.033966,50.050000,70.000000
-0.428997,-0.151569,-0.037013,0.051519,50.050000,70.000000
0.587862,0.190978,-0.487466,0.675067,50.050000,70.000000
-0.233763,-0.856535,-4.186264,-1.339892,50.050000,70.000000
0.216087,-0.219341,-0.399736,0.086619,50.050000,70.000000
-0.459745,-0.927873,22.499451,17.656311,50.050000,70.000000
-0.767749,0.448063,-0.088527,-0.129723,50.050000,70.000000
0.592412,0.673123,0.464070,-0.000844,50.050000,70.000000
-0.825198,0.903503,0.504475,0.219538,50.050000,70.000000
-0.828808,0.217460,-0.536548,-0.032651,50.050000,70.000000
0.848116,0.280104,7.812541,-6.427491,50.050000,70.000000
-0.290025,-0.451617,0.569823,-0.390072,50.050000,70.000000
-0.330854,-0.663886,3.613653,3.164535,50.050000,70.000000
0.069043,0.399029,-1.537271,2.862404,50.050000,70.000000
0.488658,0.882073,4.434561,-2.974983,50.050000,70.000000
-0.992342,-0.298018,1.802641,-1.018838,50.050000,70.000000
-0.796834,-0.382312,0.643174,-0.260893,50.050000,70.000000
0.478436,-0.921618,0.225849,0.415283,50.050000,70.000000
0.373042,-0.281522,0.257950,0.028826,50.050000,70.000000
0.454896,-0.566795,-0.482113,-0.094544,50.050000,70.000000
-0.121838,0.273614,-0.217795,0.353611,50.050000,70.000000
0.637091,-0.411400,-0.583799,-0.409900,50.050000,70.000000
-0.396893,-0.588649,1.055519,-0.075501,50.050000,70.000000
0.581331,0.430360,0.572929,0.380866,50.050000,70.000000
-0.945141,-0.984657,-0.755343,-0.899064,50.050000,70.000000
0.869632,-0.095273,4.638553,0.407710,50.050000,70.000000
0.752046,-0.360278,-0.000638,0.107978,50.050000,70.000000
0.807391,-0.182329,1.970742,1.652445,50.050000,70.000000
-0.408380,0.360445,2.207037,0.588744,50.050000,70.000000
0.002557,0.983633,14.256399,-20.420649,50.050000,70.000000
-0.079161,-0.451680,-13.104945,18.393967,50.050000,70.000000
0.615294,-0.753211,0.523637,-0.232327,50.050000,70.000000
0.789988,-0.675835,0.381599,-0.106246,50.050000,70.000000
-0.750928,-0.848202,0.777196,-0.822543,50.050000,70.000000
0.261906,-0.147604,0.214664,0.148562,50.050000,70.000000
-0.775065,-0.519522,0.601371,-0.596537,50.050000,70.000000
0.389694,-0.413782,19.392116,-6.976072,50.050000,70.000000
-0.434673,0.445507,-0.547747,0.159115,50.050000,70.000000
-0.368110,-0.816628,-1.095208,-0.742502,50.050000,70.000000
0.928999,-0.317952,-6.192641,0.639972,50.050000,70.000000
0.186054,-0.986051,4.477027,-12.966364,50.050000,70.000000
-0.553298,0.718541,0.722274,0.339727,50.050000,70.000000
0.520464,-0.565401,0.776187,-0.406427,50.050000,70.000000
-0.701616,-0.052274,4.429583,0.331024,50.050000,70.000000
-0.570768,-0.899222,0.861119,-0.768794,50.050000,70.000000
0.774649,-0.478582,0.584475,-0.594062,50.050000,70.000000
0.466282,0.802835,-2.074794,-1.061140,50.050000,70.000000
-0.753789,-0.926184,-0.715679,-0.796874,50.050000,70.000000
-0.367529,0.932148,-0.529246,0.803070,50.050000,70.000000
0.607119,-0.149255,0.461851,-0.167677,50.050000,70.000000
-0.532818,0.933422,-0.563835,0.627085,50.050000,70.000000
0.015886,0.997926,0.324948,0.670042,50.050000,70.000000
0.135466,0.775194,-10.276964,2.042935,50.050000,70.000000
0.679741,0.407514,0.485298,0.364309,50.050000,70.000000
-0.916396,0.126787,-0.833333,0.070030,50.050000,70.000000
0.901829,-0.955199,-0.768755,-0.809163,50.050000,70.000000
-0.022493,-0.047578,-0.013638,-0.014147,50.050000,70.000000
0.353298,-0.122302,-0.478348,0.185962,50.050000,70.000000
0.462475,0.821484,-1.031062,0.478353,50.050000,70.000000
0.674362,0.004340,1.040510,0.229789,50.050000,70.000000
0.938983,-0.510420,-0.482417,-0.265088,50.050000,70.000000
-0.637032,-0.591270,0.600032,-0.375876,50.050000,70.000000
0.520312,0.886067,-1.411510,0.442053,50.050000,70.000000
0.122280,-0.835762,-3.554205,-22.618377,50.050000,70.000000
-0.647827,-0.025810,10.047043,0.170611,50.050000,70.000000
0.218968,0.194861,-0.024146,-0.078646,50.050000,70.000000
-0.966931,0.797017,-1.671828,-4.420565,50.050000,70.000000
-0.540265,-0.241685,0.436471,-0.144322,50.050000,70.000000
0.001569,0.362632,5.599061,19.057186,50.050000,70.000000
0.752480,0.924679,0.938787,0.824016,50.050000,70.000000
-0.925574,-0.125113,1.813146,-0.135920,50.050000,70.000000
-0.775283,-0.174092,-0.848121,-0.102273,50.050000,70.000000
0.030294,-0.852613,5.829332,2.831906,50.050000,70.000000
0.134324,-0.412606,-2.568428,-5.509252,50.050000,70.000000
-0.673921,-0.582437,0.699482,-0.569791,50.050000,70.000000
0.976269,0.149564,4.602387,0.729954,50.050000,70.000000
-0.269863,0.417853,0.302704,-0.220943,50.050000,70.000000
0.855267,0.464382,-0.681795,0.271150,50.050000,70.000000
0.866020,-0.796655,-0.821208,-0.807951,50.050000,70.000000
0.614905,0.715935,0.021336,-0.150483,50.050000,70.000000
0.714992,0.862164,-0.770015,0.813017,50.050000,70.000000
0.390786,-0.059271,0.254994,-0.032380,50.050000,70.000000
-0.172391,0.625593,0.724091,-2.423945,50.050000,70.000000
0.342379,0.367292,-0.324857,0.391395,50.050000,70.000000
-0.921796,-0.625381,0.895234,0.533158,50.050000,70.000000
-0.775840,0.455067,-0.694368,0.486178,50.050000,70.000000
0.311963,-0.840301,0.803269,-0.476809,50.050000,70.000000
-0.931933,0.997816,-1.543919,0.461325,50.050000,70.000000
0.296003,0.922695,22.762729,1.682161,50.050000,70.000000
-0.261556,0.032407,-0.243876,-0.027348,50.050000,70.000000
0.668726,-0.726613,0.708099,-0.499922,50.050000,70.000000
-0.182498,0.754937,1.277025,0.756443,50.050000,70.000000
0.226057,-0.657683,-18.502850,-0.452113,50.050000,70.000000
0.326017,-0.629895,0.196030,-0.156412,50.050000,70.000000
-0.646683,-0.799942,-0.361466,-0.116259,50.050000,70.000000
-0.627569,0.449099,-0.554515,0.360957,50.050000,70.000000
0.014646,0.154082,1.246302,1.158797,50.050000,70.000000
-0.351091,-0.789723,0.542115,0.464145,50.050000,70.000000
-0.878209,-0.051610,-3.415186,-0.152809,50.050000,70.000000
0.586003,0.953136,1.053652,0.706296,50.050000,70.000000
-0.636771,-0.204121,0.367806,-0.111886,50.050000,70.000000
-0.657166,-0.994524,1.127463,-0.450898,50.050000,70.000000
-0.959769,-0.833158,-0.316044,0.123630,50.050000,70.000000
-0.886339,-0.695744,-0.862446,-0.664515,50.050000,70.000000
0.624656,0.588117,0.541064,0.243538,50.050000,70.000000
0.482818,0.721574,-0.549053,0.507968,50.050000,70.000000
-0.498739,-0.307268,0.489013,-0.271710,50.050000,70.000000
-0.256154,0.816772,1.316887,-26.041426,50.050000,70.000000
-0.507144,0.423417,-0.602068,0.311025,50.050000,70.000000
0.369688,-0.647926,-10.663538,0.996398,50.050000,70.000000
0.309381,-0.236250,-2.373572,0.144388,50.050000,70.000000
-0.658065,-0.105693,-7.626507,0.707373,50.050000,70.000000
-0.384191,0.899537,0.100636,-0.213014,50.050000,70.000000
0.521643,-0.743274,-0.231925,0.134555,50.050000,70.000000
-0.210225,0.749041,-2.654748,23.565495,50.050000,70.000000
-0.870241,-0.137408,-1.132441,-1.060982,50.050000,70.000000
0.588393,-0.885490,-0.732980,-0.391567,50.050000,70.000000
-0.426176,-0.735432,19.437877,21.734742,50.050000,70.000000
-0.407295,0.591550,-1.170307,-0.061807,50.050000,70.000000
0.176996,0.778999,0.690914,-0.416943,50.050000,70.000000
0.636048,0.058441,1.854166,0.104536,50.050000,70.000000
0.216049,-0.860148,1.577570,-1.500303,50.050000,70.000000
-0.510762,-0.380444,-0.565700,-0.321539,50.050000,70.000000
-0.123250,0.532198,-0.144859,0.183136,50.050000,70.000000
0.652154,0.754036,-0.473302,0.264907,50.050000,70.000000
-0.910485,-0.527614,-0.789749,-0.440236,50.050000,70.000000
0.386258,-0.165641,-0.173306,0.022973,50.050000,70.000000
0.074403,0.499495,-0.980312,-0.374113,50.050000,70.000000
-0.985291,0.216629,0.191292,-0.025603,50.050000,70.000000
0.876716,0.966845,-0.752354,0.814218,50.050000,70.000000
-0.243048,-0.907623,2.139508,0.474364,50.050000,70.000000
-0.420065,-0.034543,0.209261,-0.004293,50.050000,70.000000
-0.568485,-0.527582,-0.500872,-0.188724,50.050000,70.000000
0.923851,-0.834973,0.909421,-0.833981,50.050000,70.000000
0.603985,-0.822943,0.540498,-0.375519,50.050000,70.000000
0.796247,0.523137,-0.313124,0.144272,50.050000,70.000000
0.371404,0.184246,0.340115,0.046904,50.050000,70.000000
0.627069,-0.852601,0.476240,-0.389623,50.050000,70.000000
0.337638,0.676054,0.386832,1.801339,50.050000,70.000000
0.441139,0.230690,0.316400,0.018388,50.050000,70.000000
-0.796438,0.271307,-0.054463,-0.158607,50.050000,70.000000
-0.144823,-0.034532,0.077716,-0.019585,50.050000,70.000000
-0.382703,-0.083567,-0.227671,-0.051041,50.050000,70.000000
-0.517011,0.601858,0.609630,0.127712,50.050000,70.000000
-0.567333,0.830222,-1.324009,1.373673,50.050000,70.000000
-0.458653,-0.586214,0.668278,-0.807023,50.050000,70.000000
-0.490514,-0.075790,-0.222644,0.123900,50.050000,70.000000
0.199384,-0.946761,-5.312693,-1.089606,50.050000,70.000000
-0.206976,-0.651186,-0.261605,-0.133502,50.050000,70.000000
-0.486568,0.253879,0.491018,0.234440,50.050000,70.000000
0.947642,-0.989149,0.876197,-0.805992,50.050000,70.000000
-0.624105,0.666502,0.507475,0.316272,50.050000,70.000000
-0.100641,0.527079,2.553910,13.062116,50.050000,70.000000
0.610537,-0.696630,-0.754394,-0.609982,50.050000,70.000000
-0.257686,-0.934456,-1.520425,0.431489,50.050000,70.000000
0.603923,0.142114,-0.308452,-0.003926,50.050000,70.000000
0.502219,0.786541,0.286868,0.116041,50.050000,70.000000
-0.604741,0.110305,-0.283367,0.043418,50.050000,70.000000
-0.097813,0.061440,0.104848,0.009417,50.050000,70.000000
0.625208,-0.122061,0.172199,0.106439,50.050000,70.000000
0.521966,0.682967,0.429184,0.495577,50.050000,70.000000
0.621353,-0.924132,0.044617,0.175495,50.050000,70.000000
0.108425,0.305773,2.940375,17.172421,50.050000,70.000000
-0.876869,0.464181,0.367434,0.111380,50.050000,70.000000
-0.509759,0.483034,0.683865,0.346343,50.050000,70.000000
0.348862,-0.680068,-0.547242,0.218719,50.050000,70.000000
0.091410,0.320488,9.803548,-2.638679,50.050000,70.000000
0.448296,0.506943,0.300924,0.193647,50.050000,70.000000
0.191694,-0.199985,0.245591,0.241344,50.050000,70.000000
0.857287,0.425863,0.175236,-0.059766,50.050000,70.000000
-0.528396,-0.752103,-0.493456,-0.772214,50.050000,70.000000
-0.596730,0.751875,-0.416298,0.470358,50.050000,70.000000
0.763531,0.670248,0.761700,0.670369,50.050000,70.000000
0.861764,-0.331862,5.591194,0.416638,50.050000,70.000000
0.400696,0.501582,-0.693939,0.313074,50.050000,70.000000
0.087174,-0.862610,2.362907,0.297290,50.050000,70.000000
0.119175,0.976036,-0.142368,-0.068660,50.050000,70.000000
0.233312,-0.726747,1.348736,1.234486,50.050000,70.000000
-0.440531,-0.001547,0.229564,0.037832,50.050000,70.000000
0.000919,-0.559145,-1.768894,0.179718,50.050000,70.000000
0.453748,0.141502,0.061556,-0.039925,50.050000,70.000000
0.228825,-0.132594,-0.247157,0.096536,50.050000,70.000000
-0.509395,0.593534,0.674796,0.342488,50.050000,70.000000
-0.470743,0.220078,-0.286879,0.049332,50.050000,70.000000
0.851110,0.603236,0.770211,0.486816,50.050000,70.000000
0.584695,0.967409,1.071118,0.758974,50.050000,70.000000
-0.749693,-0.096757,-1.054463,0.081878,50.050000,70.000000
-0.186664,0.740879,5.916202,41.043627,50.050000,70.000000
-0.040573,0.089597,3.865753,-8.301263,50.050000,70.000000
-0.144859,-0.648871,11.929124,7.901126,50.050000,70.000000
0.427079,-0.078938,0.413853,-0.083161,50.050000,70.000000
-0.717766,0.504790,-0.596328,0.515491,50.050000,70.000000
0.012377,0.016028,-0.001861,0.004881,50.050000,70.000000
-0.623469,-0.636886,-0.656716,-0.468673,50.050000,70.000000
-0.144074,0.545135,-0.056436,0.140972,50.050000,70.000000
0.091843,-0.402569,2.056775,1.311357,50.050000,70.000000
0.020636,0.824309,-11.919302,-2.236102,50.050000,70.000000
0.167056,-0.288173,1.553127,0.376246,50.050000,70.000000
0.670817,0.415930,0.587187,0.474981,50.050000,70.000000
0.527619,-0.312549,-0.354411,-0.104407,50.050000,70.000000
0.988530,0.216521,17.657580,1.879105,50.050000,70.000000
-0.932553,0.587133,-0.213109,0.320546,50.050000,70.000000
-0.059012,0.189479,-3.898992,-1.071366,50.050000,70.000000
0.581059,-0.143402,-0.410539,0.007845,50.050000,70.000000
-0.154683,0.242631,0.090786,0.076753,50.050000,70.000000
-0.102065,0.600115,-0.798878,0.586360,50.050000,70.000000
0.127719,0.577828,1.968859,1.844821,50.050000,70.000000
-0.448606,0.280914,0.058250,-0.069178,50.050000,70.000000
-0.675539,0.212352,-1.883786,-0.376367,50.050000,70.000000
0.997055,-0.488496,0.552183,-0.303174,50.050000,70.000000
-0.158841,0.354954,-4.846140,22.170662,50.050000,70.000000
-0.296492,0.862137,5.102588,0.683205,50.050000,70.000000
-0.060827,-0.315798,0.515112,-0.007835,50.050000,70.000000
0.378097,0.678381,-1.070669,0.844029,50.050000,70.000000
-0.458288,-0.453596,0.428304,-0.325728,50.050000,70.000000
0.415670,0.164997,0.321597,0.029318,50.050000,70.000000
-0.895643,0.936200,-1.191071,0.415839,50.050000,70.000000
0.708083,0.757366,-0.676721,0.696034,50.050000,70.000000
-0.956265,0.048750,1.263968,0.044697,50.050000,70.000000
-0.654186,-0.897261,0.582305,-0.652806,50.050000,70.000000
-0.265615,-0.183730,0.117947,-0.037270,50.050000,70.000000
0.052015,0.208913,3.813366,3.504904,50.050000,70.000000
-0.793168,-0.777657,-0.650978,-0.520936,50.050000,70.000000
-0.082142,-0.565175,0.808815,2.855821,50.050000,70.000000
-0.888233,-0.528077,0.551379,-0.403386,50.050000,70.000000
0.611261,-0.539743,-0.609018,-0.354507,50.050000,70.000000
0.545543,0.947038,0.879668,0.546168,50.050000,70.000000
0.861443,0.278400,-0.153913,-0.122513,50.050000,70.000000
-0.938638,0.317978,0.714420,0.427557,50.050000,70.000000
0.252723,-0.479395,0.866259,-0.134908,50.050000,70.000000
0.810082,-0.957545,-0.849964,-0.770882,50.050000,70.000000
0.541935,0.293224,0.487217,0.236343,50.050000,70.000000
0.210979,-0.076239,0.146001,-0.023152,50.050000,70.000000
0.644465,-0.478260,-0.412884,-0.162754,50.050000,70.000000
-0.114176,-0.961934,23.818432,20.718349,50.050000,70.000000
0.774882,-0.552030,0.625871,-0.431942,50.050000,70.000000
0.026896,0.037823,-0.020976,0.036659,50.050000,70.000000
-0.313402,0.658964,-4.209339,-1.046742,50.050000,70.000000
-0.792075,-0.407541,0.484027,0.003034,50.050000,70.000000
0.466490,0.291924,-0.481947,0.189982,50.050000,70.000000
0.370619,0.993715,3.976020,3.724099,50.050000,70.000000
-0.634916,0.959793,-0.503378,0.355953,50.050000,70.000000
-0.760106,0.905189,-0.708985,0.737801,50.050000,70.000000
-0.495661,-0.577300,-0.482898,-0.513286,50.050000,70.000000
-0.674789,0.826096,-0.280021,0.032651,50.050000,70.000000
0.187130,-0.901925,-0.288518,1.226685,50.050000,70.000000
-0.658521,0.245956,0.280779,0.117969,50.050000,70.000000
-0.213805,0.576001,0.214272,-0.600562,50.050000,70.000000
0.845620,0.342896,-17.928191,2.309551,50.050000,70.000000
-0.950901,0.209667,-0.411639,-0.323736,50.050000,70.000000
-0.130259,0.732803,0.616296,2.156517,50.050000,70.000000
0.217063,0.175275,0.738981,-0.821446,50.050000,70.000000
-0.153445,-0.943782,-1.586742,-0.419315,50.050000,70.000000
-0.140596,0.994856,0.009467,-0.087627,50.050000,70.000000
0.544259,-0.641188,-0.618092,-0.483146,50.050000,70.000000
-0.447220,-0.419922,0.476884,-0.026380,50.050000,70.000000
0.372065,-0.698631,0.267678,-0.824210,50.050000,70.000000
0.108993,-0.160582,-1.819523,0.863960,50.050000,70.000000
-0.909469,0.553781,0.440829,0.295742,50.050000,70.000000
-0.603457,-0.303316,0.238815,0.036604,50.050000,70.000000
0.167932,0.436906,-12.617431,-2.226989,50.050000,70.000000
-0.926926,-0.838520,-1.014198,-0.620471,50.050000,70.000000
0.991329,-0.738375,-0.745772,-0.352281,50.050000,70.000000
0.128830,-0.749410,-4.450856,9.099386,50.050000,70.000000
0.666294,0.395822,-0.563778,0.407852,50.050000,70.000000
0.583914,-0.156786,0.383875,-0.636605,50.050000,70.000000
0.902614,0.226348,5.019663,0.316637,50.050000,70.000000
0.234111,0.705118,0.021835,-0.021280,50.050000,70.000000
0.920690,0.031775,0.130736,-0.017378,50.050000,70.000000
0.034130,-0.377746,0.276163,0.110203,50.050000,70.000000
-0.783982,-0.382723,-0.754417,-0.321344,50.050000,70.000000
-0.420414,0.096588,0.510957,0.102164,50.050000,70.000000
-0.651209,-0.869011,0.677804,-0.704586,50.050000,70.000000
0.528324,-0.462033,0.648642,-0.370169,50.050000,70.000000
0.613505,-0.827928,0.627473,-0.774286,50.050000,70.000000
-0.993097,-0.982857,-0.795465,-1.065603,50.050000,70.000000
-0.876176,0.112370,-1.824544,0.357267,50.050000,70.000000
0.600317,-0.470205,0.596479,-0.427689,50.050000,70.000000
-0.734893,0.651320,-0.421597,0.123653,50.050000,70.000000
0.741361,0.045960,1.120242,0.003241,50.050000,70.000000
0.456894,-0.990544,-17.287165,16.181951,50.050000,70.000000
-0.069262,-0.087003,-0.406102,-0.361585,50.050000,70.000000
-0.251338,-0.244419,0.187188,1.076936,50.050000,70.000000
0.042577,-0.410664,12.781105,5.518188,50.050000,70.000000
-0.026785,-0.169919,-0.525204,-6.201136,50.050000,70.000000
0.174222,0.152074,0.282908,0.333354,50.050000,70.000000
-0.098239,0.898559,20.509067,-36.972473,50.050000,70.000000
0.084593,-0.247462,-0.199896,0.365439,50.050000,70.000000
0.913627,-0.679127,0.813859,-0.551163,50.050000,70.000000
-0.080995,0.714037,-0.194168,0.048935,50.050000,70.000000
0.826794,-0.067963,-1.670077,0.172006,50.050000,70.000000
-0.247863,0.158812,-0.487663,-0.129295,50.050000,70.000000
-0.839468,-0.944897,0.871926,-0.854124,50.050000,70.000000
-0.876424,-0.051540,-3.384246,0.100521,50.050000,70.000000
-0.238335,0.296596,-2.134679,-0.577860,50.050000,70.000000
0.883519,-0.698603,0.788120,-0.546718,50.050000,70.000000
0.571703,0.616528,-0.082354,-0.084991,50.050000,70.000000
-0.011610,0.866881,0.802095,-0.886894,50.050000,70.000000
-0.338847,-0.998302,10.609048,0.079990,50.050000,70.000000
-0.460268,0.276696,0.551963,0.201577,50.050000,70.000000
0.435180,0.074874,0.127539,-0.015151,50.050000,70.000000
0.401154,0.196374,-0.827803,0.178402,50.050000,70.000000
0.462023,-0.777091,-0.442205,-0.656090,50.050000,70.000000
-0.574919,-0.669347,-0.758310,-0.529123,50.050000,70.000000
0.277799,0.975379,0.335744,0.324943,50.050000,70.000000
-0.797282,0.073115,-1.447666,0.192968,50.050000,70.000000
0.839893,0.081418,0.553329,-0.012446,50.050000,70.000000
0.397769,-0.701784,1.236532,0.443206,50.050000,70.000000
-0.886969,0.705442,-0.819859,0.653309,50.050000,70.000000
0.364290,0.614166,-0.884762,0.081155,50.050000,70.000000
0.293561,-0.113088,1.842693,0.061657,50.050000,70.000000
-0.663069,-0.196509,0.112457,0.122419,50.050000,70.000000
-0.725785,-0.265053,-1.871177,-0.331299,50.050000,70.000000
-0.753315,-0.964011,0.767273,-0.490351,50.050000,70.000000
-0.135686,-0.482106,13.817309,-30.375429,50.050000,70.000000
-0.763868,-0.334739,-0.858752,-0.478199,50.050000,70.000000
0.033312,-0.132183,-0.877986,1.675060,50.050000,70.000000
0.393322,0.554996,0.743074,0.061005,50.050000,70.000000
-0.177463,-0.619268,14.002793,-21.727456,50.050000,70.000000
-0.035303,0.664312,3.175144,-1.313763,50.050000,70.000000
-0.910607,-0.571878,0.664161,0.439963,50.050000,70.000000
0.452919,0.212991,0.461186,0.169578,50.050000,70.000000
-0.257355,0.631549,-0.417569,0.274342,50.050000,70.000000
0.437322,0.068784,-0.385045,0.016585,50.050000,70.000000
0.054941,-0.612953,-12.583434,3.067347,50.050000,70.000000
0.103146,-0.417268,11.080058,3.597599,50.050000,70.000000
0.984718,0.155122,0.733770,1.466318,50.050000,70.000000
-0.872899,-0.813579,0.500094,-0.155029,50.050000,70.000000
0.173952,-0.396393,16.307829,-2.878452,50.050000,70.000000
-0.177650,0.242248,-0.845763,0.118934,50.050000,70.000000
-0.529877,0.351637,0.543665,0.332280,50.050000,70.000000
-0.034610,0.307179,0.271869,0.563909,50.050000,70.000000
0.753773,0.663265,0.649520,0.477658,50.050000,70.000000
-0.512925,-0.737342,-0.377618,-0.623879,50.050000,70.000000
-0.499651,0.366682,0.439191,0.207008,50.050000,70.000000
0.817912,0.649741,0.740549,0.575181,50.050000,70.000000
0.202815,0.718617,-4.188250,-1.944820,50.050000,70.000000
-0.208612,-0.143985,0.220944,0.312085,50.050000,70.000000
0.046656,0.142649,-0.101484,-0.116794,50.050000,70.000000
-0.499085,-0.116954,-0.447829,-0.183422,50.050000,70.000000
0.349876,0.362790,0.302866,-0.071436,50.050000,70.000000
-0.590374,-0.417793,-0.593578,-0.416428,50.050000,70.000000
0.148575,-0.901523,-2.921952,0.216028,50.050000,70.000000
0.095026,-0.902824,-13.974519,12.022331,50.050000,70.000000
0.242034,-0.134860,-1.980398,-1.535320,50.050000,70.000000
-0.584337,-0.958120,-0.862289,-0.780220,50.050000,70.000000
0.883412,-0.491124,0.561083,-0.354571,50.050000,70.000000
-0.317142,-0.204046,0.335643,0.016171,50.050000,70.000000
0.596775,-0.010107,0.405995,0.062357,50.050000,70.000000
0.124953,0.090979,-0.033994,0.085981,50.050000,70.000000
-0.919561,0.945089,-0.599394,0.286960,50.050000,70.000000
0.113066,0.293054,-0.296293,-1.044852,50.050000,70.000000
-0.647039,-0.782638,0.652209,-0.531095,50.050000,70.000000
0.204116,0.583865,12.776453,-15.151199,50.050000,70.000000
-0.988400,-0.039679,2.305338,0.092923,50.050000,70.000000
-0.883978,0.988393,-1.050277,0.669316,50.050000,70.000000
-0.075995,0.755469,0.184548,2.588738,50.050000,70.000000
-0.835055,-0.772955,0.370940,-0.044804,50.050000,70.000000
0.944762,0.618281,-0.995757,0.507968,50.050000,70.000000
-0.546473,-0.565278,0.124886,0.073382,50.050000,70.000000
-0.619160,-0.214529,0.557046,-0.201976,50.050000,70.000000
0.404572,-0.354820,0.155317,0.007154,50.050000,70.000000
0.546714,0.619634,0.629772,0.213074,50.050000,70.000000
0.191854,0.484429,5.603896,-8.271116,50.050000,70.000000
-0.207531,0.028954,0.014125,0.007643,50.050000,70.000000
0.632253,0.279260,-0.400907,0.295118,50.050000,70.000000
-0.471657,0.867058,-13.233375,-4.541319,50.050000,70.000000
0.645958,0.620265,-0.042471,-0.120367,50.050000,70.000000
0.786300,-0.653291,0.751717,-0.666427,50.050000,70.000000
0.138650,0.291437,-3.548319,1.931756,50.050000,70.000000
0.182797,0.264364,0.059236,-0.058530,50.050000,70.000000
-0.833312,0.530177,0.192356,-0.107438,50.050000,70.000000
0.680390,-0.692201,0.449225,-0.239627,50.050000,70.000000
0.179569,0.017748,-0.134016,0.010283,50.050000,70.000000
0.294168,0.073449,0.312102,-0.072282,50.050000,70.000000
0.449694,0.000279,-0.744479,0.004989,50.050000,70.000000
0.691822,-0.542924,0.634044,-0.490910,50.050000,70.000000
-0.921003,0.708937,5.087527,0.521412,50.050000,70.000000
-0.901611,0.623653,-0.985021,0.216299,50.050000,70.000000
-0.270070,0.930251,-0.050506,0.065551,50.050000,70.000000
0.723039,0.109495,-0.412775,-0.204011,50.050000,70.000000
0.276932,0.401475,-0.406335,-0.656187,50.050000,70.000000
-0.415624,0.599968,-0.921367,0.210002,50.050000,70.000000
-0.337869,-0.560798,-0.894536,0.446319,50.050000,70.000000
0.673111,0.977954,0.491871,0.192409,50.050000,70.000000
0.465055,0.186128,-0.272226,0.047132,50.050000,70.000000
0.249342,0.686560,-0.643669,-1.300078,50.050000,70.000000
-0.981350,0.443788,0.441569,0.335355,50.050000,70.000000
0.743024,0.005946,0.724002,0.012312,50.050000,70.000000
-0.059605,0.224790,-0.646779,-0.174149,50.050000,70.000000
0.038439,0.048273,-0.021873,-0.039681,50.050000,70.000000
-0.675651,0.340613,-0.429327,0.197724,50.050000,70.000000
0.682719,0.453858,-0.386129,0.122017,50.050000,70.000000
-0.007092,0.807988,0.687651,-39.944993,50.050000,70.000000
-0.137576,-0.234187,-1.654083,-1.111929,50.050000,70.000000
0.011216,0.514375,-5.015623,-4.689111,50.050000,70.000000
-0.905510,-0.911468,0.737982,-0.876096,50.050000,70.000000
0.961001,-0.463841,0.881353,-0.547869,50.050000,70.000000
0.218860,0.387283,-0.062134,0.227768,50.050000,70.000000
-0.934480,0.191803,3.902675,-0.224914,50.050000,70.000000
-0.374735,-0.162838,-0.415972,-0.180049,50.050000,70.000000
-0.812106,0.938071,0.872148,0.941673,50.050000,70.000000
0.157472,0.626787,-0.015094,2.246355,50.050000,70.000000
0.403179,0.235070,-0.518359,-0.011186,50.050000,70.000000
0.819425,0.069570,-2.554461,-0.330318,50.050000,70.000000
-0.744354,-0.351843,-0.790542,-0.321759,50.050000,70.000000
0.577672,0.925647,-0.633477,0.508800,50.050000,70.000000
-0.647008,-0.261136,-0.650647,-0.279068,50.050000,70.000000
-0.906908,-0.411096,-0.893269,-0.526441,50.050000,70.000000
0.704491,0.372419,0.533765,0.511699,50.050000,70.000000
-0.757556,-0.240650,6.890286,1.359007,50.050000,70.000000
-0.604451,0.992175,0.826915,0.475575,50.050000,70.000000
-0.508627,-0.495524,0.497014,-0.161506,50.050000,70.000000
-0.264701,-0.836846,-0.801137,1.554839,50.050000,70.000000
-0.868460,-0.202688,-6.832900,-3.040789,50.050000,70.000000
-0.576477,-0.846471,-0.663591,-0.805216,50.050000,70.000000
-0.634488,0.163653,0.759267,0.883411,50.050000,70.000000
0.512369,-0.619944,-0.672312,-0.194030,50.050000,70.000000
0.604769,0.354049,0.431082,0.227612,50.050000,70.000000
0.497859,-0.486464,-0.604539,-0.237694,50.050000,70.000000
0.004419,0.267791,-1.569452,0.960022,50.050000,70.000000
0.764477,0.568203,0.710053,0.555143,50.050000,70.000000
-0.219972,0.938483,2.885951,-3.184344,50.050000,70.000000
-0.909523,-0.360511,4.751173,0.147073,50.050000,70.000000
0.889056,0.371735,-18.126783,-14.571135,50.050000,70.000000
-0.257779,-0.497303,-4.350465,-38.761887,50.050000,70.000000
-0.176991,-0.684676,1.863657,-0.580288,50.050000,70.000000
0.657375,0.496902,0.600901,0.425346,50.050000,70.000000
-0.564659,-0.229107,-0.143772,0.063449,50.050000,70.000000
-0.593124,-0.637841,0.287039,0.016073,50.050000,70.000000
-0.199182,0.348085,-7.908489,-6.195831,50.050000,70.000000
0.266628,-0.786998,-17.503561,24.893604,50.050000,70.000000
0.916602,-0.678034,0.832723,-0.572487,50.050000,70.000000
0.276818,0.485266,-0.322389,-0.003014,50.050000,70.000000
-0.127673,0.192882,0.224437,-0.063302,50.050000,70.000000
-0.236169,0.708794,1.888526,-1.303966,50.050000,70.000000
0.705931,0.574120,-0.639789,0.532311,50.050000,70.000000
-0.772223,-0.745877,-0.430531,-0.151609,50.050000,70.000000
0.040700,0.037908,-0.044660,0.030545,50.050000,70.000000
-0.885888,0.888446,0.589377,0.996398,50.050000,70.000000
0.107483,0.459222,0.593845,0.579006,50.050000,70.000000
0.145059,0.009592,-0.143271,0.002034,50.050000,70.000000
-0.785473,0.560342,-0.431701,0.284466,50.050000,70.000000
-0.329085,-0.925373,7.786184,3.180205,50.050000,70.000000
-0.748176,-0.587379,-0.579542,-0.504225,50.050000,70.000000
-0.078461,-0.693484,-2.786830,-11.071130,50.050000,70.000000
0.620520,-0.918041,-0.412352,-0.379816,50.050000,70.000000
0.492487,-0.768157,0.473022,-0.735090,50.050000,70.000000
-0.410654,0.136395,-11.496758,0.330037,50.050000,70.000000
0.392964,0.545190,4.480861,1.390155,50.050000,70.000000
-0.992676,0.098661,-0.880740,-0.048122,50.050000,70.000000
0.197594,0.964841,-12.163579,32.693387,50.050000,70.000000
0.081885,0.243688,-1.939726,0.497475,50.050000,70.000000
-0.332246,-0.062680,-1.362266,0.143737,50.050000,70.000000
0.545395,0.454261,0.568642,0.333893,50.050000,70.000000
0.760542,0.427227,0.596047,0.501189,50.050000,70.000000
0.407843,0.625190,0.174000,-0.036345,50.050000,70.000000
-0.437714,-0.660105,10.822592,-4.246885,50.050000,70.000000
-0.390888,0.344232,0.247267,0.127390,50.050000,70.000000
-0.492352,-0.953478,1.234285,1.924629,50.050000,70.000000
0.902312,-0.848630,0.889273,-0.853053,50.050000,70.000000
-0.918459,-0.543638,-1.262448,-0.609192,50.050000,70.000000
-0.922756,-0.752256,0.971768,-0.722796,50.050000,70.000000
0.825592,-0.270952,2.428636,-0.661881,50.050000,70.000000
0.105824,0.580098,0.540189,0.792482,50.050000,70.000000
-0.290016,-0.291552,2.027936,1.747600,50.050000,70.000000
-0.120011,0.976164,-0.028816,-0.174524,50.050000,70.000000
0.381541,0.554569,-1.288195,1.063577,50.050000,70.000000
0.641937,-0.961436,0.687073,-0.878282,50.050000,70.000000
-0.851153,0.672074,0.623429,0.145551,50.050000,70.000000
-0.457726,-0.997823,3.641836,14.174213,50.050000,70.000000
-0.417922,-0.018359,0.193617,-0.048341,50.050000,70.000000
-0.558153,-0.884162,0.616067,-0.083861,50.050000,70.000000
-0.116750,-0.219592,0.026368,0.080519,50.050000,70.000000
-0.678533,-0.109496,0.325334,0.110279,50.050000,70.000000
-0.305467,0.011750,0.081283,-0.000576,50.050000,70.000000
-0.521380,-0.838349,-0.143947,0.151135,50.050000,70.000000
-0.131479,0.235604,1.271832,-0.369254,50.050000,70.000000
-0.197782,-0.118711,-0.278629,-0.145190,50.050000,70.000000
0.820249,-0.076426,-0.947084,0.102563,50.050000,70.000000
-0.497916,-0.478653,0.499931,-0.193887,50.050000,70.000000
-0.718302,-0.493703,0.236944,0.053435,50.050000,70.000000
0.335855,0.707149,2.394664,-35.295007,50.050000,70.000000
-0.951050,-0.292377,0.548137,-0.719010,50.050000,70.000000
0.028098,0.244929,-1.474285,-1.562569,50.050000,70.000000
0.521788,-0.313922,0.142214,0.045097,50.050000,70.000000
-0.091559,-0.825318,1.716326,-0.453548,50.050000,70.000000
0.882609,0.009688,-1.416191,-0.002268,50.050000,70.000000
0.833584,0.045651,-0.083178,-1.175296,50.050000,70.000000
-0.744871,0.944718,0.781333,0.534646,50.050000,70.000000
-0.124238,-0.062585,0.030057,0.045630,50.050000,70.000000
0.135385,-0.591776,2.803228,0.785296,50.050000,70.000000
0.026588,0.870729,3.418855,4.922210,50.050000,70.000000
0.334262,-0.064434,-0.302359,-0.044217,50.050000,70.000000
-0.947573,0.138044,-10.331868,1.130015,50.050000,70.000000
0.108329,0.683586,-3.085633,-0.073430,50.050000,70.000000
-0.977293,0.637839,1.535550,-0.220602,50.050000,70.000000
0.160097,0.752201,0.749903,-3.522851,50.050000,70.000000
0.240393,0.288240,-13.182147,1.472778,50.050000,70.000000
0.443815,-0.804142,1.553533,-0.397966,50.050000,70.000000
0.782368,-0.735662,-0.413159,-0.133416,50.050000,70.000000
-0.278577,-0.049204,-0.316317,0.023124,50.050000,70.000000
-0.973206,-0.674156,-0.968966,0.621354,50.050000,70.000000
-0.546869,0.772760,-0.760657,0.209231,50.050000,70.000000
-0.215183,-0.576888,0.118450,-1.279250,50.050000,70.000000
0.239276,-0.482650,0.959168,0.181124,50.050000,70.000000
0.108128,-0.698580,10.659277,12.737949,50.050000,70.000000
0.967561,-0.202148,-5.253165,1.101700,50.050000,70.000000
0.505586,-0.609447,-0.371787,-0.399480,50.050000,70.000000
-0.971979,-0.042657,-0.652131,-0.019236,50.050000,70.000000
-0.943580,-0.745924,1.002035,-0.641153,50.050000,70.000000
-0.752613,0.841550,0.773963,0.684322,50.050000,70.000000
-0.063766,0.276473,-0.076952,-0.052027,50.050000,70.000000
0.689230,-0.119741,1.370918,0.380698,50.050000,70.000000
-0.485419,-0.433569,0.498809,-0.163508,50.050000,70.000000
-0.986354,0.349638,-18.356124,-22.780576,50.050000,70.000000
0.366333,0.953488,0.070164,-0.249945,50.050000,70.000000
-0.719519,-0.954790,-0.389147,-0.200208,50.050000,70.000000
0.836364,0.776119,0.399648,0.062334,50.050000,70.000000
0.234353,0.763012,1.066911,0.727446,50.050000,70.000000
-0.051536,-0.164721,-0.869437,-0.908100,50.050000,70.000000
-0.458969,0.107179,-0.366053,0.148830,50.050000,70.000000
-0.635463,-0.219662,0.549212,-0.310698,50.050000,70.000000
0.146635,0.490050,-4.327486,-10.108250,50.050000,70.000000
0.268407,-0.876854,-3.258368,1.651862,50.050000,70.000000
0.723077,0.760273,-0.578592,0.456219,50.050000,70.000000
-0.092908,0.495226,-0.731523,-0.957945,50.050000,70.000000
-0.739855,-0.738707,0.731268,-0.633761,50.050000,70.000000
0.556393,-0.706870,-0.673080,-0.635409,50.050000,70.000000
-0.367952,-0.167308,-0.658730,-0.123578,50.050000,70.000000
0.048739,-0.849125,-1.000074,-0.397105,50.050000,70.000000
0.759512,-0.882980,0.449627,-0.080456,50.050000,70.000000
-0.241216,-0.114335,0.347310,0.210644,50.050000,70.000000
0.373500,-0.580469,-0.535863,-1.269568,50.050000,70.000000
0.059975,0.002981,0.051157,-0.002748,50.050000,70.000000
0.104173,0.842021,3.638613,-0.209551,50.050000,70.000000
-0.151072,0.926420,7.570539,7.241320,50.050000,70.000000
0.338128,0.923138,5.014325,-2.968547,50.050000,70.000000
-0.825378,-0.127415,-0.857637,0.112306,50.050000,70.000000
0.531977,0.944333,0.713692,0.650404,50.050000,70.000000
-0.588474,-0.487928,0.479686,-0.189267,50.050000,70.000000
-0.614114,0.579861,-0.670622,0.449113,50.050000,70.000000
-0.269756,0.217026,-0.166175,0.023127,50.050000,70.000000
-0.448768,-0.450520,0.558917,-0.132598,50.050000,70.000000
0.110248,0.932484,-1.307625,-1.686088,50.050000,70.000000
0.266414,-0.385422,14.740029,2.642143,50.050000,70.000000
0.209293,-0.404284,0.370893,0.154332,50.050000,70.000000
-0.798138,-0.300685,-0.562557,-0.520888,50.050000,70.000000
0.379718,-0.074851,-0.562643,-0.518147,50.050000,70.000000
-0.013420,0.448726,2.827214,-1.500242,50.050000,70.000000
-0.263151,-0.778073,1.110710,-0.126058,50.050000,70.000000
0.929395,0.345356,-11.464344,-23.720453,50.050000,70.000000
0.406577,-0.659576,-0.830015,-0.549723,50.050000,70.000000
0.499820,0.482336,0.575558,0.318210,50.050000,70.000000
0.620030,0.844487,0.652702,0.767135,50.050000,70.000000
-0.712592,-0.526716,-0.579780,-0.464684,50.050000,70.000000
-0.516707,-0.298464,0.099469,0.065718,50.050000,70.000000
-0.281504,0.769375,0.629206,0.412676,50.050000,70.000000
0.884608,-0.388781,0.827157,-0.155632,50.050000,70.000000
-0.246785,0.290225,0.091037,0.932160,50.050000,70.000000
-0.193375,-0.050125,-0.072246,0.014147,50.050000,70.000000
-0.446595,0.069510,-0.751093,-0.008089,50.050000,70.000000
0.260304,0.935337,0.177780,-0.799376,50.050000,70.000000
0.204005,0.719169,2.151131,-0.203098,50.050000,70.000000
-0.918727,0.947466,-1.838967,-4.023941,50.050000,70.000000
0.052891,0.931942,-1.188741,-0.819922,50.050000,70.000000
-0.853811,-0.000701,7.111540,0.275447,50.050000,70.000000
0.215233,-0.576017,-0.529758,-4.316430,50.050000,70.000000
0.884761,0.180303,-11.452487,-16.907058,50.050000,70.000000
0.347551,-0.706712,-4.470561,13.902171,50.050000,70.000000
0.298930,0.123228,-0.159957,0.061218,50.050000,70.000000
-0.904091,0.935229,0.131880,-0.098896,50.050000,70.000000
0.392264,0.773517,0.115093,-0.179347,50.050000,70.000000
0.494027,-0.888874,0.900632,-1.077632,50.050000,70.000000
0.699568,-0.368020,0.504276,-0.485561,50.050000,70.000000
0.693892,0.248262,0.663429,0.165369,50.050000,70.000000
0.531653,-0.503884,0.692372,-0.375018,50.050000,70.000000
-0.778161,-0.554500,-0.633921,-0.627743,50.050000,70.000000
0.517649,0.126278,0.149395,0.003405,50.050000,70.000000
0.358111,0.766073,-3.892739,-4.455699,50.050000,70.000000
-0.617310,0.866707,0.856936,0.538777,50.050000,70.000000
0.736439,-0.669731,0.629932,-0.467555,50.050000,70.000000
-0.169172,0.722397,-6.302903,-16.983531,50.050000,70.000000
-0.681441,-0.973057,0.426944,0.117484,50.050000,70.000000
-0.171925,0.451681,-0.734236,0.578265,50.050000,70.000000
-0.604838,0.487696,0.648891,0.461167,50.050000,70.000000
0.698723,-0.567589,-0.663774,-0.565005,50.050000,70.000000
0.527957,-0.622325,0.658976,-0.194172,50.050000,70.000000
0.589701,-0.889135,-0.778670,-0.548833,50.050000,70.000000
0.315063,-0.730769,-10.303774,-0.711037,50.050000,70.000000
-0.030918,0.354055,7.708447,1.366321,50.050000,70.000000
0.604376,-0.257167,-0.471177,-0.301388,50.050000,70.000000
-0.207146,0.496087,-0.238835,-1.748730,50.050000,70.000000
-0.273422,0.602728,10.599976,-4.102265,50.050000,70.000000
0.057255,0.287280,-0.288553,0.739549,50.050000,70.000000
0.314560,0.809803,6.880294,-0.343602,50.050000,70.000000
0.352331,-0.371442,-1.879542,0.333175,50.050000,70.000000
-0.819419,0.029121,-1.077602,0.030506,50.050000,70.000000
-0.564138,0.534956,-0.650171,0.380518,50.050000,70.000000
-0.999508,-0.730783,-1.127452,-0.491868,50.050000,70.000000
-0.277653,-0.506254,0.533719,-10.246969,50.050000,70.000000
-0.609012,0.338774,0.378606,0.077636,50.050000,70.000000
-0.227073,-0.411222,0.561536,-0.278881,50.050000,70.000000
0.598008,0.713664,-0.536427,0.386042,50.050000,70.000000
0.558765,-0.840957,1.004720,-0.321627,50.050000,70.000000
0.028065,-0.310743,0.489388,-0.180842,50.050000,70.000000
-0.661170,-0.291798,0.045061,0.113936,50.050000,70.000000
-0.250925,0.700826,-0.805212,-0.900441,50.050000,70.000000
0.780380,-0.158063,14.473355,2.348371,50.050000,70.000000
-0.561314,0.000837,-0.580825,-0.001187,50.050000,70.000000
0.059517,0.297216,-0.167891,-0.060590,50.050000,70.000000
-0.686654,-0.602159,-0.556089,-0.363604,50.050000,70.000000
-0.484463,-0.367864,0.584862,-0.253579,50.050000,70.000000
-0.687138,-0.735541,0.507295,-0.354612,50.050000,70.000000
-0.236959,-0.575638,-0.016174,0.110327,50.050000,70.000000
-0.746437,0.633858,0.458324,0.269600,50.050000,70.000000
-0.754249,-0.658057,-0.678366,-0.539987,50.050000,70.000000
0.031581,0.788613,-7.419996,-29.949778,50.050000,70.000000
0.216888,-0.755043,-7.752935,-5.416063,50.050000,70.000000
-0.005930,0.333903,-0.490164,-0.137579,50.050000,70.000000
-0.088391,0.416893,22.495503,19.780939,50.050000,70.000000
0.721551,-0.898213,0.477728,-0.097828,50.050000,70.000000
-0.259051,0.136990,0.325902,-0.027967,50.050000,70.000000
0.396739,-0.012476,-0.315785,0.027636,50.050000,70.000000
0.308628,-0.881612,0.763771,2.135530,50.050000,70.000000
0.739196,-0.337766,0.624351,-0.337948,50.050000,70.000000
-0.831045,0.628895,-0.291568,-0.107015,50.050000,70.000000
-0.156156,-0.517387,-0.373360,-0.246504,50.050000,70.000000
0.269872,-0.267133,1.588139,-0.977334,50.050000,70.000000
0.299458,0.982913,-2.005787,-0.031858,50.050000,70.000000
-0.181780,0.828113,-1.424318,-1.445387,50.050000,70.000000
0.101105,-0.730716,-15.022311,6.867954,50.050000,70.000000
0.861726,-0.971980,-0.760043,-0.818195,50.050000,70.000000
-0.074996,-0.457720,-0.740561,1.083300,50.050000,70.000000
-0.907116,0.105042,0.373670,0.260346,50.050000,70.000000
-0.552675,-0.803124,-1.118533,0.408255,50.050000,70.000000
-0.111881,-0.379781,-1.278152,3.527366,50.050000,70.000000
-0.972490,-0.636465,0.460885,-0.481943,50.050000,70.000000
0.935847,0.785197,-0.652945,0.445250,50.050000,70.000000
0.800828,-0.485628,-0.582048,-0.278542,50.050000,70.000000
0.050012,0.559282,8.778206,2.421091,50.050000,70.000000
-0.144045,-0.972541,0.159246,0.304167,50.050000,70.000000
0.502650,0.042227,0.641368,-0.031073,50.050000,70.000000
-0.289034,0.203617,0.973916,-0.098389,50.050000,70.000000
0.183791,0.977435,1.794209,0.816518,50.050000,70.000000
-0.254412,0.094828,0.229657,-0.095439,50.050000,70.000000
-0.218590,0.153483,0.265112,0.171585,50.050000,70.000000
-0.419293,0.948871,-7.812425,13.474369,50.050000,70.000000
-0.322525,-0.679223,-1.126345,-0.917240,50.050000,70.000000
0.304503,-0.216279,0.507506,-0.658516,50.050000,70.000000
-0.995121,0.996323,0.428731,1.130640,50.050000,70.000000
-0.801269,-0.931735,0.110219,0.160517,50.050000,70.000000
0.326653,0.052661,0.206031,0.056738,50.050000,70.000000
-0.931984,0.150956,-1.965963,-0.170945,50.050000,70.000000
-0.881901,-0.106798,-0.248544,0.038059,50.050000,70.000000
-0.957731,-0.579284,1.431259,0.016782,50.050000,70.000000
-0.028990,0.763645,6.027808,-38.711535,50.050000,70.000000
0.581948,0.808047,0.164262,-0.105807,50.050000,70.000000
0.846559,0.116520,0.667491,0.307494,50.050000,70.000000
0.358061,-0.066137,-0.642181,-0.205652,50.050000,70.000000
0.443525,0.330376,-0.515743,0.230512,50.050000,70.000000
0.633311,0.058846,-3.591508,0.126917,50.050000,70.000000
-0.975291,0.280176,-16.472321,-7.287935,50.050000,70.000000
0.917756,0.722925,0.705253,0.379583,50.050000,70.000000
0.193678,-0.858227,-3.618792,1.420765,50.050000,70.000000
-0.225345,0.618582,-5.653403,-3.640086,50.050000,70.000000
0.507922,0.642910,-0.736231,0.116018,50.050000,70.000000
-0.612401,-0.620931,0.692561,-0.457867,50.050000,70.000000
0.010769,0.991058,-4.574319,-47.020365,50.050000,70.000000
0.712579,0.315623,0.521582,0.362048,50.050000,70.000000
0.679485,0.111714,1.011779,0.120384,50.050000,70.000000
-0.429855,-0.567302,0.547822,-0.222645,50.050000,70.000000
-0.651782,-0.498607,-0.542542,-0.343180,50.050000,70.000000
-0.092359,-0.272883,4.336835,31.617147,50.050000,70.000000
-0.343415,0.232091,0.020379,0.028772,50.050000,70.000000
0.748208,-0.866826,-0.617658,-0.626728,50.050000,70.000000
-0.739270,-0.902557,-0.745306,-0.722117,50.050000,70.000000
0.722380,-0.960357,-0.001070,0.179437,50.050000,70.000000
-0.716751,-0.434398,-0.486712,-0.413481,50.050000,70.000000
-0.921721,0.636355,0.578990,-0.985373,50.050000,70.000000
-0.779787,0.122690,-0.460347,0.214341,50.050000,70.000000
0.051631,-0.237354,-7.466138,1.261019,50.050000,70.000000
0.792250,-0.657336,0.729253,-0.654191,50.050000,70.000000
0.150198,0.372059,-2.406998,0.558062,50.050000,70.000000
-0.811644,0.703332,0.430549,0.092502,50.050000,70.000000
0.898565,0.182626,0.256216,-0.058585,50.050000,70.000000
-0.605127,-0.374108,0.371699,-0.143209,50.050000,70.000000
0.372426,-0.638579,4.140874,0.423170,50.050000,70.000000
-0.603195,0.107657,-0.416231,0.118302,50.050000,70.000000
-0.608519,0.618916,0.674272,0.415843,50.050000,70.000000
0.122027,0.907554,-0.006863,-0.872586,50.050000,70.000000
-0.735420,-0.204498,0.561719,-0.086400,50.050000,70.000000
0.998716,-0.577895,0.504932,-0.071800,50.050000,70.000000
-0.678783,-0.299296,0.025105,0.109511,50.050000,70.000000
-0.271123,-0.763855,-2.018556,-0.519907,50.050000,70.000000
-0.117605,-0.582294,0.208789,-0.247616,50.050000,70.000000
-0.618124,-0.817418,-0.575318,-0.577904,50.050000,70.000000
-0.350769,0.626203,7.643614,-0.064142,50.050000,70.000000
0.586564,0.387402,0.124007,-0.072867,50.050000,70.000000
-0.936205,-0.790902,-0.522386,-0.395224,50.050000,70.000000
-0.690240,-0.859254,0.713683,-0.794500,50.050000,70.000000
0.515554,0.911279,-5.849128,1.097985,50.050000,70.000000
-0.128849,0.439486,-0.503675,-0.507640,50.050000,70.000000
0.437296,-0.366581,0.338360,-0.157251,50.050000,70.000000
0.870862,0.574184,0.200669,-0.068409,50.050000,70.000000
0.313608,0.806850,-7.646493,2.327465,50.050000,70.000000
0.723101,-0.842789,-0.641485,-0.613952,50.050000,70.000000
-0.759369,-0.714043,0.769295,-0.685282,50.050000,70.000000
-0.922464,0.150040,-0.057020,0.003879,50.050000,70.000000
-0.271595,-0.698025,0.344582,0.987306,50.050000,70.000000
0.292758,0.387803,-0.546714,-14.961018,50.050000,70.000000
-0.196965,-0.390759,0.155505,-0.070291,50.050000,70.000000
0.519070,0.017444,0.513923,0.117763,50.050000,70.000000
-0.812914,-0.647129,-0.582913,-0.471751,50.050000,70.000000
-0.292094,0.773993,0.868716,0.468332,50.050000,70.000000
0.496583,0.077956,0.527673,-0.455881,50.050000,70.000000
0.208776,0.895674,-5.236498,8.097955,50.050000,70.000000
-0.412647,0.643792,0.708080,0.525775,50.050000,70.000000
0.216268,0.815490,-0.199228,0.368209,50.050000,70.000000
-0.051636,0.147914,-2.525114,-0.321773,50.050000,70.000000
-0.006093,-0.400286,2.202783,-0.915082,50.050000,70.000000
0.396095,-0.836048,-1.704170,1.903129,50.050000,70.000000
0.546062,-0.329206,0.380895,-0.139523,50.050000,70.000000
-0.964549,0.818048,0.862451,0.929821,50.050000,70.000000
0.934712,-0.287634,6.906801,-0.582205,50.050000,70.000000
-0.262726,0.366604,-1.712584,-0.685778,50.050000,70.000000
-0.486884,0.932778,-9.400095,-0.056418,50.050000,70.000000
-0.805290,-0.514077,-0.368059,-0.004017,50.050000,70.000000
-0.096899,-0.581611,-0.128279,0.133671,50.050000,70.000000
0.862330,-0.825218,-0.479649,-0.211278,50.050000,70.000000
0.562727,-0.247180,-0.533825,-0.281997,50.050000,70.000000
-0.349479,0.304071,0.166009,-0.062599,50.050000,70.000000
0.529053,-0.210916,-0.106390,0.068493,50.050000,70.000000
-0.868296,0.541644,0.708729,0.571300,50.050000,70.000000
-0.587989,-0.329032,-0.487285,-0.205269,50.050000,70.000000
-0.048429,0.060986,0.042469,0.063509,50.050000,70.000000
0.988973,-0.331179,1.922810,-4.305691,50.050000,70.000000
-0.124532,0.997348,-0.034158,-0.222496,50.050000,70.000000
0.431206,-0.715988,2.147378,1.020155,50.050000,70.000000
0.394117,-0.071664,0.426815,0.014730,50.050000,70.000000
-0.455822,0.997454,8.577380,-2.905357,50.050000,70.000000
0.212222,0.812309,23.493996,3.477730,50.050000,70.000000
0.474868,-0.895743,3.132859,-1.827967,50.050000,70.000000
-0.746673,0.663650,-0.746649,0.662934,50.050000,70.000000
-0.032645,-0.659532,8.849840,30.419925,50.050000,70.000000
-0.759242,-0.572185,-0.633463,-0.634358,50.050000,70.000000
-0.712907,0.169776,-13.360113,6.221510,50.050000,70.000000
-0.572691,0.777372,0.207987,0.019307,50.050000,70.000000
-0.708801,-0.817988,-0.590458,-0.458154,50.050000,70.000000
0.067830,0.015219,-0.024491,-0.006475,50.050000,70.000000
-0.206712,-0.202005,-0.070630,-0.132371,50.050000,70.000000
0.904462,-0.698927,0.904586,-0.698744,50.050000,70.000000
-0.873462,-0.273421,0.901398,-0.538735,50.050000,70.000000
0.607894,0.872195,-0.475565,0.010845,50.050000,70.000000
0.986793,-0.976353,0.886787,-0.905011,50.050000,70.000000
0.436179,0.865394,-0.086049,0.545155,50.050000,70.000000
0.678005,-0.768706,-0.703809,-0.661681,50.050000,70.000000
0.364749,0.333173,0.858143,-0.474782,50.050000,70.000000
-0.353673,-0.184702,-1.061336,0.200440,50.050000,70.000000
-0.293655,0.539940,15.675816,-0.448140,50.050000,70.000000
0.778425,0.993116,-0.832924,0.897714,50.050000,70.000000
-0.702633,0.853730,0.805867,0.809903,50.050000,70.000000
0.643108,0.713884,0.510685,0.414721,50.050000,70.000000
0.254408,-0.171245,7.549737,-0.266946,50.050000,70.000000
-0.116373,0.116152,5.930130,-11.846091,50.050000,70.000000
0.159405,-0.888177,2.407354,24.182957,50.050000,70.000000
0.405030,-0.664410,-0.695527,-0.356200,50.050000,70.000000
-0.739599,-0.433828,-0.412933,-0.226527,50.050000,70.000000
0.653685,0.489393,0.626243,0.471393,50.050000,70.000000
-0.780188,-0.613904,0.578849,-0.533488,50.050000,70.000000
0.111260,-0.052065,-0.075197,0.029204,50.050000,70.000000
0.939296,0.746458,-0.739739,0.724936,50.050000,70.000000
-0.283189,0.436384,13.161014,-33.219809,50.050000,70.000000
0.310124,0.246230,-0.092095,0.122176,50.050000,70.000000
0.380227,0.468414,-16.637720,-1.531199,50.050000,70.000000
0.636117,-0.781566,-0.671871,-0.743176,50.050000,70.000000
0.220857,-0.061714,-0.214599,0.037607,50.050000,70.000000
0.777191,0.248416,0.065658,-0.445420,50.050000,70.000000
-0.868489,-0.702965,-0.810787,-0.618593,50.050000,70.000000
-0.734971,-0.649876,0.430285,-0.175155,50.050000,70.000000
-0.468221,0.616303,-0.579731,0.429959,50.050000,70.000000
0.203260,0.194099,-0.001900,-0.061987,50.050000,70.000000
0.214337,0.369195,0.170541,0.135034,50.050000,70.000000
-0.941435,-0.706261,0.463911,-0.388398,50.050000,70.000000
-0.128916,-0.699063,1.322850,-0.418550,50.050000,70.000000
0.846028,-0.806433,-0.804220,-0.818044,50.050000,70.000000
0.284270,-0.272446,-0.144722,-0.068178,50.050000,70.000000
-0.992982,0.944261,-0.826824,0.852595,50.050000,70.000000
0.199550,-0.166725,9.488810,1.391904,50.050000,70.000000
-0.143099,0.937732,25.688196,-22.082096,50.050000,70.000000
0.461393,0.635349,0.524326,0.512125,50.050000,70.000000
0.316054,-0.082845,0.146658,0.038354,50.050000,70.000000
-0.372567,0.260005,0.216330,0.073038,50.050000,70.000000
-0.098302,-0.165968,-0.035839,-0.178800,50.050000,70.000000
0.577725,-0.172176,-0.554831,-0.189590,50.050000,70.000000
0.239983,-0.613225,-2.320561,-1.826028,50.050000,70.000000
-0.471601,-0.200571,-0.100743,0.044869,50.050000,70.000000
-0.994265,-0.606492,-0.581918,-0.587105,50.050000,70.000000
0.693816,0.973236,0.367589,0.033223,50.050000,70.000000
-0.815564,0.810656,0.841313,0.666918,50.050000,70.000000
0.694247,0.203784,0.259503,0.035435,50.050000,70.000000
-0.999232,-0.100328,1.705085,0.140399,50.050000,70.000000
-0.208373,-0.128588,0.273409,0.128701,50.050000,70.000000
0.824240,-0.990746,-0.717370,-0.707117,50.050000,70.000000
0.537600,-0.558128,0.701883,-0.374608,50.050000,70.000000
-0.449987,-0.926415,18.212919,25.969705,50.050000,70.000000
-0.258738,-0.603815,-1.968634,27.326281,50.050000,70.000000
-0.314234,0.674353,-0.069264,0.168729,50.050000,70.000000
-0.141121,0.177653,0.043013,0.031594,50.050000,70.000000
-0.190939,0.891616,0.950700,1.045712,50.050000,70.000000
-0.603145,0.944875,-0.954023,0.778562,50.050000,70.000000
0.514830,0.742653,-0.573594,0.682640,50.050000,70.000000
-0.238761,-0.849991,-30.589698,9.809438,50.050000,70.000000
0.204578,0.346277,3.022674,1.590582,50.050000,70.000000
-0.127062,0.475823,0.058123,-0.268391,50.050000,70.000000
-0.840932,0.451941,0.802838,0.444243,50.050000,70.000000
-0.224137,0.923080,-0.545871,2.817289,50.050000,70.000000
0.199347,0.422653,0.085898,-0.124106,50.050000,70.000000
-0.469643,0.716794,-0.339419,0.307059,50.050000,70.000000
-0.844997,0.132026,-0.539128,0.121394,50.050000,70.000000
0.968081,0.532034,0.891687,0.567472,50.050000,70.000000
-0.112073,0.396491,-2.440392,2.459916,50.050000,70.000000
-0.176653,0.997691,23.275953,-7.073648,50.050000,70.000000
0.194607,0.763503,24.725147,-24.313312,50.050000,70.000000
0.198224,-0.445314,-1.298794,-0.864561,50.050000,70.000000
-0.400054,0.293940,0.032053,0.134828,50.050000,70.000000
0.243959,0.220728,11.428688,3.299766,50.050000,70.000000
-0.217503,0.430371,0.219723,0.415678,50.050000,70.000000
-0.748793,-0.964628,0.754176,-0.450352,50.050000,70.000000
-0.504045,0.519237,0.487645,0.317771,50.050000,70.000000
0.816498,0.887789,0.921564,0.807207,50.050000,70.000000
-0.937278,-0.824312,-0.997433,-0.727386,50.050000,70.000000
-0.220150,-0.064181,0.201805,-0.055456,50.050000,70.000000
-0.697322,0.101576,-0.519232,0.215578,50.050000,70.000000
-0.820557,0.893429,-0.439766,0.148683,50.050000,70.000000
-0.139206,0.365240,-18.015592,-10.214698,50.050000,70.000000
0.585735,0.456261,-0.487442,0.283562,50.050000,70.000000
0.380918,0.089852,-7.185145,0.562605,50.050000,70.000000
0.150033,-0.393796,-0.021318,0.098205,50.050000,70.000000
-0.529049,0.271257,0.373722,0.143563,50.050000,70.000000
-0.975357,-0.824610,-0.753867,-0.435676,50.050000,70.000000
0.780506,-0.035567,-4.453367,0.378506,50.050000,70.000000
0.223755,0.653005,19.217564,-12.883576,50.050000,70.000000
-0.942006,-0.293532,-0.779989,-0.455419,50.050000,70.000000
0.606759,-0.196331,-0.045577,0.069699,50.050000,70.000000
0.269022,-0.541194,10.330540,4.701556,50.050000,70.000000
0.156855,0.260870,10.749889,3.601922,50.050000,70.000000
0.444313,-0.435703,0.447827,-0.472907,50.050000,70.000000
-0.859206,-0.677642,0.636587,-0.399750,50.050000,70.000000
0.878783,-0.287394,0.156311,-0.070374,50.050000,70.000000
-0.235715,0.346266,-16.901141,-3.339364,50.050000,70.000000
-0.301981,0.606258,-1.388192,0.025842,50.050000,70.000000
-0.619883,-0.378507,0.469876,-0.179506,50.050000,70.000000
0.428106,-0.814735,0.887109,-0.532807,50.050000,70.000000
0.752174,-0.203769,0.334047,0.136928,50.050000,70.000000
-0.744313,0.330570,-0.701994,0.237998,50.050000,70.000000
-0.116429,-0.823889,-34.208930,8.974430,50.050000,70.000000
0.892595,-0.154637,7.276740,-0.454057,50.050000,70.000000
-0.979616,-0.402830,0.380842,0.208305,50.050000,70.000000
-0.365387,0.943229,2.336713,0.357265,50.050000,70.000000
0.854813,0.839495,0.044460,-0.159888,50.050000,70.000000
-0.613305,0.184564,-0.443164,0.134009,50.050000,70.000000
-0.028022,-0.961718,-0.172289,0.208466,50.050000,70.000000
0.413956,-0.637451,0.435808,-0.408985,50.050000,70.000000
0.367189,-0.658436,0.934631,-0.516876,50.050000,70.000000
-0.334419,-0.574414,-0.500970,-0.279447,50.050000,70.000000
-0.174606,-0.606950,0.789222,-0.303386,50.050000,70.000000
0.992090,0.055907,0.527748,0.060378,50.050000,70.000000
-0.367398,-0.859267,1.161458,0.703927,50.050000,70.000000
0.307858,0.161458,0.227975,-0.023113,50.050000,70.000000
-0.382889,0.782285,9.555202,-19.149417,50.050000,70.000000
-0.139650,0.894532,24.545866,-20.253966,50.050000,70.000000
0.400837,0.862328,-0.480040,-31.309532,50.050000,70.000000
-0.854410,-0.073223,-0.336835,-0.125330,50.050000,70.000000
-0.655032,0.885529,0.596143,0.520446,50.050000,70.000000
-0.917724,-0.188712,-0.910935,-0.238328,50.050000,70.000000
0.312665,0.966310,0.277893,0.279470,50.050000,70.000000
0.766050,-0.992491,-1.097691,-0.724914,50.050000,70.000000
-0.791781,0.528504,-0.659856,0.432818,50.050000,70.000000
0.560245,0.035001,0.457789,-0.026158,50.050000,70.000000
0.256922,0.093747,-0.448803,-0.144531,50.050000,70.000000
-0.389854,-0.283028,-2.971560,0.210596,50.050000,70.000000
-0.856365,-0.927429,0.766175,-0.688793,50.050000,70.000000
0.705651,-0.118039,-23.030146,-3.302291,50.050000,70.000000
0.114576,-0.315904,-0.357926,0.707645,50.050000,70.000000
0.609807,-0.969473,0.757094,-0.886973,50.050000,70.000000
0.075215,0.135597,-0.192155,0.060953,50.050000,70.000000
0.986049,0.526438,0.791393,0.370492,50.050000,70.000000
-0.156230,0.242070,0.229686,-0.204603,50.050000,70.000000
0.478149,0.244457,0.492497,0.209421,50.050000,70.000000
0.584347,-0.886355,-0.694775,-0.252302,50.050000,70.000000
-0.964486,-0.119914,-5.084128,0.089750,50.050000,70.000000
0.612563,-0.645412,0.676719,-0.500551,50.050000,70.000000
0.560176,0.880721,0.331854,0.055851,50.050000,70.000000
0.274700,0.887198,3.317872,-4.501340,50.050000,70.000000
-0.863211,0.008195,-0.614700,0.008771,50.050000,70.000000
-0.270920,0.650304,-25.167019,-6.109862,50.050000,70.000000
-0.335981,-0.827750,-2.479985,-0.829710,50.050000,70.000000
-0.001874,0.496696,2.160887,0.200545,50.050000,70.000000
-0.033244,-0.724509,8.635857,-27.497743,50.050000,70.000000
-0.827078,-0.707109,0.276002,0.009798,50.050000,70.000000
-0.376665,-0.611622,0.987449,-0.483794,50.050000,70.000000
0.469078,-0.198597,0.465857,-0.194182,50.050000,70.000000
0.183906,0.908028,4.133933,2.139227,50.050000,70.000000
-0.775909,-0.695503,0.690775,-0.488947,50.050000,70.000000
0.678652,0.110073,-0.191780,0.139733,50.050000,70.000000
-0.005128,-0.179290,-1.938616,1.024229,50.050000,70.000000
0.668103,0.799576,0.543030,0.300708,50.050000,70.000000
0.478688,-0.690808,0.672122,-0.268773,50.050000,70.000000
-0.403292,-0.134029,0.387035,0.015685,50.050000,70.000000
-0.622189,0.877474,0.873795,0.784783,50.050000,70.000000
-0.289056,-0.159574,0.358114,0.303765,50.050000,70.000000
0.041195,0.356853,3.625993,-1.088152,50.050000,70.000000
-0.372434,0.498409,4.068380,-0.666368,50.050000,70.000000
0.761409,-0.998978,-1.206866,-0.595603,50.050000,70.000000
0.184656,-0.480138,-5.989220,30.798924,50.050000,70.000000
0.318946,0.523369,-5.900678,-0.025396,50.050000,70.000000
0.268341,0.005870,0.248730,0.001217,50.050000,70.000000
0.651518,0.055687,0.350257,-0.006488,50.050000,70.000000
-0.068441,-0.290053,-11.538662,1.524936,50.050000,70.000000
-0.915377,-0.734028,0.759452,-0.545394,50.050000,70.000000
-0.812858,0.296825,5.353094,2.241500,50.050000,70.000000
0.743609,-0.156887,-0.301874,-0.540953,50.050000,70.000000
-0.793705,0.199995,-0.704182,-0.019902,50.050000,70.000000
-0.685843,-0.959075,-0.482767,-0.516139,50.050000,70.000000
0.818584,-0.058107,6.509014,-0.116630,50.050000,70.000000
-0.604167,-0.231939,0.301592,0.034130,50.050000,70.000000
-0.204168,0.540240,0.198111,-0.160838,50.050000,70.000000
-0.194698,-0.285560,-1.424070,0.510439,50.050000,70.000000
0.595813,-0.166535,9.959921,2.413727,50.050000,70.000000
-0.960302,0.199263,1.777936,-0.292593,50.050000,70.000000
-0.988598,0.636399,1.568010,-0.357863,50.050000,70.000000
-0.034904,-0.636786,8.583228,25.036696,50.050000,70.000000
-0.456224,0.247602,-0.473681,0.180556,50.050000,70.000000
-0.553162,-0.997818,-0.417661,-0.296560,50.050000,70.000000
-0.331410,0.000351,-0.587828,-0.009763,50.050000,70.000000
-0.096922,-0.965604,22.464179,38.716564,50.050000,70.000000
-0.907708,0.155254,9.064449,-0.081262,50.050000,70.000000
-0.647346,0.061084,-7.750104,0.300559,50.050000,70.000000
0.637003,0.107022,-0.128076,0.011965,50.050000,70.000000
0.710584,0.790228,0.656823,0.559206,50.050000,70.000000
-0.640543,0.395714,0.381503,0.186087,50.050000,70.000000
0.767132,-0.812774,-0.354278,-0.049762,50.050000,70.000000
-0.294459,-0.980676,0.261887,0.556394,50.050000,70.000000
-0.221313,0.395441,-8.640342,-12.229351,50.050000,70.000000
0.171660,-0.908140,-7.954135,21.287011,50.050000,70.000000
0.883665,-0.247839,-2.261655,0.721093,50.050000,70.000000
0.577758,0.378331,0.518709,0.295305,50.050000,70.000000
0.608001,0.665138,0.712426,0.371452,50.050000,70.000000
0.978678,0.646909,0.388557,0.615103,50.050000,70.000000
0.594902,0.511813,0.082228,-0.096523,50.050000,70.000000
0.038001,0.682423,1.592013,0.002617,50.050000,70.000000
-0.517264,0.346787,-0.438329,0.228758,50.050000,70.000000
0.441858,0.306230,0.490497,0.173737,50.050000,70.000000
0.803022,0.391081,-0.603741,0.286770,50.050000,70.000000
0.903226,0.519088,-0.866718,0.499089,50.050000,70.000000
0.314659,0.466128,-23.444484,-2.021482,50.050000,70.000000
0.220587,-0.594684,4.593687,0.140958,50.050000,70.000000
-0.857399,-0.309357,-0.549466,-0.284411,50.050000,70.000000
0.644301,0.775264,-0.657902,0.750597,50.050000,70.000000
-0.144018,-0.515231,-1.072648,-13.934122,50.050000,70.000000
0.518687,-0.427586,0.604671,-0.341802,50.050000,70.000000
-0.444526,0.858833,-0.284245,0.271374,50.050000,70.000000
0.406967,-0.111551,-0.421660,-0.110846,50.050000,70.000000
-0.831276,0.742414,-0.696304,0.479210,50.050000,70.000000
-0.243295,0.946874,0.664387,0.564960,50.050000,70.000000
0.118160,-0.084025,0.221594,0.150479,50.050000,70.000000
-0.204963,-0.808964,-0.268979,-0.207900,50.050000,70.000000
-0.253800,0.384532,-0.334864,0.249026,50.050000,70.000000
0.825295,0.739628,0.754751,0.622268,50.050000,70.000000
0.924353,-0.391276,0.080542,-0.051763,50.050000,70.000000
-0.170219,-0.864144,-0.527521,-0.025795,50.050000,70.000000
0.333276,-0.625298,-0.277072,-0.175197,50.050000,70.000000
0.620431,-0.414301,-0.203785,0.022888,50.050000,70.000000
0.835074,-0.904865,0.714819,-0.629509,50.050000,70.000000
-0.060175,0.630412,11.517042,-14.494371,50.050000,70.000000
-0.662197,0.461373,0.320908,0.035742,50.050000,70.000000
0.293024,0.853200,-0.296655,1.326934,50.050000,70.000000
-0.259638,0.270662,-4.206245,0.334869,50.050000,70.000000
-0.978960,0.626888,-1.465990,0.075376,50.050000,70.000000
0.102519,-0.964991,-22.377591,35.933470,50.050000,70.000000
-0.596967,0.772714,1.065554,0.555223,50.050000,70.000000
-0.994094,0.256285,28.807998,11.257327,50.050000,70.000000
-0.624810,0.821621,-0.711138,0.780268,50.050000,70.000000
0.981591,-0.392640,8.375694,4.222645,50.050000,70.000000
0.899177,0.465771,-0.297968,0.301380,50.050000,70.000000
0.210092,-0.985222,-2.073823,-3.226725,50.050000,70.000000
-0.632739,-0.437671,-0.576259,-0.408541,50.050000,70.000000
0.061314,0.499347,-5.221381,1.793455,50.050000,70.000000
0.531621,0.959509,1.086586,0.745728,50.050000,70.000000
0.464933,0.122189,-0.273512,0.040922,50.050000,70.000000
-0.369996,-0.526588,-0.399575,-0.747875,50.050000,70.000000
-0.359541,-0.800994,1.188436,0.897023,50.050000,70.000000
-0.297758,-0.412063,12.987225,2.744265,50.050000,70.000000
0.452722,0.893828,0.687261,0.288366,50.050000,70.000000
0.566693,0.414406,-0.585667,0.390887,50.050000,70.000000
0.916373,-0.516602,0.862261,-0.412188,50.050000,70.000000
-0.535981,-0.234689,0.421016,-0.130988,50.050000,70.000000
-0.423277,-0.022983,0.361455,-0.077847,50.050000,70.000000
-0.272451,0.924058,-18.608241,-18.681389,50.050000,70.000000
0.643707,0.783135,-0.630892,0.708525,50.050000,70.000000
0.141877,0.524185,16.440861,-1.960341,50.050000,70.000000
-0.029643,-0.211539,0.199196,0.377477,50.050000,70.000000
0.669351,-0.225848,0.568561,-0.135525,50.050000,70.000000
0.172458,0.505411,-0.189608,0.451945,50.050000,70.000000
0.446461,-0.330971,-0.350759,-0.186530,50.050000,70.000000
-0.630339,-0.115606,1.252009,-0.372945,50.050000,70.000000
-0.994225,0.056511,-4.054226,0.119788,50.050000,70.000000
-0.213999,-0.677499,-13.595404,32.506885,50.050000,70.000000
-0.728289,-0.345594,-0.614408,-0.312092,50.050000,70.000000
-0.397243,-0.458598,0.463178,0.035720,50.050000,70.000000
0.346392,-0.184604,-0.217609,0.117867,50.050000,70.000000
-0.634386,-0.133595,-12.316752,7.838548,50.050000,70.000000
0.662784,-0.592415,-0.716166,-0.552600,50.050000,70.000000
-0.720629,0.390824,0.223973,0.041451,50.050000,70.000000
0.572191,0.822508,-0.251288,-0.001560,50.050000,70.000000
-0.114591,0.069623,0.078808,0.016231,50.050000,70.000000
0.159075,-0.418806,0.101507,-0.221831,50.050000,70.000000
-0.877566,0.744976,0.649299,0.625014,50.050000,70.000000
0.806276,-0.926421,0.500668,-0.272447,50.050000,70.000000
-0.358680,-0.341369,-5.579920,3.418761,50.050000,70.000000
0.605802,-0.287831,-0.536705,-0.330722,50.050000,70.000000
0.421257,0.068843,-0.233690,0.045769,50.050000,70.000000
-0.950688,-0.210818,3.981455,-0.133338,50.050000,70.000000
0.781753,0.916594,0.919504,0.812944,50.050000,70.000000
-0.806700,-0.204419,1.148994,0.128141,50.050000,70.000000
0.333770,-0.335842,2.849166,13.469672,50.050000,70.000000
-0.500501,0.074808,2.537523,0.253046,50.050000,70.000000
-0.704696,0.169985,6.714525,3.518228,50.050000,70.000000
0.941208,0.876568,0.364198,-0.018736,50.050000,70.000000
0.479969,0.835543,-0.734505,0.374608,50.050000,70.000000
0.967618,0.748615,-0.842105,0.748470,50.050000,70.000000
-0.020834,-0.163696,0.060576,-0.324341,50.050000,70.000000
0.763348,-0.413122,0.463223,-0.420932,50.050000,70.000000
0.656294,0.328142,-0.510618,0.431355,50.050000,70.000000
-0.909078,-0.872476,-0.632190,-0.139593,50.050000,70.000000
0.298618,0.875851,-1.277894,0.000322,50.050000,70.000000
0.428941,-0.787564,8.618814,-8.050010,50.050000,70.000000
-0.596288,0.192780,0.605443,0.210848,50.050000,70.000000
0.052533,0.919114,-9.994550,-11.442961,50.050000,70.000000
-0.442610,-0.946427,6.119931,1.885957,50.050000,70.000000
-0.590821,0.076359,0.576090,-0.039661,50.050000,70.000000
-0.640993,0.836647,-0.329597,0.158166,50.050000,70.000000
-0.479395,0.809205,-0.525504,0.629699,50.050000,70.000000
0.310223,-0.085862,0.426730,0.176770,50.050000,70.000000
0.924409,0.541048,0.434497,0.224460,50.050000,70.000000
-0.599668,-0.624532,0.721067,-0.476559,50.050000,70.000000
-0.511108,-0.195374,0.380974,-0.158825,50.050000,70.000000
0.352462,-0.177350,6.195858,-1.153318,50.050000,70.000000
-0.726664,0.958777,0.910409,0.722211,50.050000,70.000000
0.165746,-0.301105,0.963845,-0.389115,50.050000,70.000000
-0.667458,0.039194,7.258171,-0.300732,50.050000,70.000000
0.730263,-0.476063,-0.565434,-0.490651,50.050000,70.000000
0.805594,-0.387810,0.368055,-0.262107,50.050000,70.000000
0.075171,-0.600300,0.099059,0.071938,50.050000,70.000000
0.750906,0.469203,-0.041011,-0.119676,50.050000,70.000000
-0.110835,-0.795729,0.642024,42.745622,50.050000,70.000000
0.183777,0.733283,-9.741454,-35.056114,50.050000,70.000000
0.292749,0.231197,2.861478,-0.481267,50.050000,70.000000
-0.268106,-0.053256,-0.284610,-0.005087,50.050000,70.000000
0.929931,-0.654976,0.479291,-0.180719,50.050000,70.000000
-0.186233,-0.009899,-0.031448,-0.002945,50.050000,70.000000
-0.375079,0.052912,-0.157186,0.052395,50.050000,70.000000
-0.708264,0.201386,0.527640,0.154963,50.050000,70.000000
0.687171,-0.720902,0.664116,-0.423359,50.050000,70.000000
-0.200579,0.876475,-0.792613,1.123666,50.050000,70.000000
0.915399,-0.883685,0.262563,0.093713,50.050000,70.000000
-0.092342,0.000743,-0.019316,0.000684,50.050000,70.000000
0.480735,-0.294635,-0.450165,-0.216980,50.050000,70.000000
0.074120,-0.258671,-11.056477,4.004848,50.050000,70.000000
0.511803,-0.128685,-0.562904,-0.153590,50.050000,70.000000
-0.809389,0.600584,-0.655411,0.200330,50.050000,70.000000
0.016277,-0.434764,-14.628804,-3.294931,50.050000,70.000000
0.913479,0.846786,0.873586,0.856328,50.050000,70.000000
-0.069659,-0.751626,-0.420135,-0.181116,50.050000,70.000000
-0.570210,0.487412,-0.454038,0.225629,50.050000,70.000000
-0.063764,0.320645,-2.905656,0.207622,50.050000,70.000000
-0.911494,0.516698,0.540997,0.348733,50.050000,70.000000
0.135926,0.504719,9.555849,-12.001167,50.050000,70.000000
0.819294,-0.130548,0.041494,0.022167,50.050000,70.000000
-0.121205,0.902403,1.988393,11.494357,50.050000,70.000000
0.687186,-0.469065,0.626774,-0.507761,50.050000,70.000000
0.422368,0.744533,1.313242,0.038729,50.050000,70.000000
-0.640656,0.500481,-0.574960,0.396919,50.050000,70.000000
-0.423645,-0.197597,0.255076,-0.062264,50.050000,70.000000
0.989594,0.105112,-2.935338,0.195751,50.050000,70.000000
0.622126,0.071178,-0.125017,-0.123126,50.050000,70.000000
0.291823,0.674222,-9.710218,-11.768434,50.050000,70.000000
-0.348016,0.889077,-2.961823,1.252400,50.050000,70.000000
0.709098,-0.189884,-0.233202,0.106166,50.050000,70.000000
0.625715,0.395596,0.594192,0.418025,50.050000,70.000000
0.779860,-0.887939,0.755414,-0.635174,50.050000,70.000000
0.402129,0.577826,1.744155,1.462921,50.050000,70.000000
-0.478237,0.278848,0.019717,-0.067749,50.050000,70.000000
0.602711,-0.237048,0.459356,-0.323412,50.050000,70.000000
-0.059705,0.532024,0.224223,-4.958723,50.050000,70.000000
-0.269758,0.173135,-0.011366,0.028599,50.050000,70.000000
-0.112684,0.114833,0.125630,-0.087743,50.050000,70.000000
0.000308,-0.826183,-15.376351,-7.642282,50.050000,70.000000
0.343297,-0.211630,0.507414,-0.079750,50.050000,70.000000
-0.864039,0.101472,10.083502,-0.278179,50.050000,70.000000
-0.555898,-0.980336,-0.788214,-0.848722,50.050000,70.000000
-0.507296,-0.128512,0.007900,0.051485,50.050000,70.000000
0.106184,0.635877,-0.040296,-0.741418,50.050000,70.000000
-0.821835,-0.583819,0.558542,-0.434694,50.050000,70.000000
-0.242033,0.150387,-1.078884,-0.206656,50.050000,70.000000
-0.444691,0.079079,0.253223,0.065295,50.050000,70.000000
-0.921550,-0.498677,0.642904,-0.533943,50.050000,70.000000
0.732168,-0.459435,-0.334609,-0.113286,50.050000,70.000000
0.270824,-0.265823,1.566003,0.501149,50.050000,70.000000
0.305752,0.777143,-18.755648,6.699071,50.050000,70.000000
-0.558357,-0.309842,-0.553850,-0.314641,50.050000,70.000000
0.478002,-0.225170,-0.158559,0.028437,50.050000,70.000000
-0.427778,0.343016,0.335965,-0.044229,50.050000,70.000000
-0.930915,0.112787,-0.085458,0.085604,50.050000,70.000000
-0.396601,0.331852,-0.553137,-0.169345,50.050000,70.000000
-0.558961,-0.458734,0.609517,-0.365587,50.050000,70.000000
0.062000,0.039642,-0.001024,-0.007408,50.050000,70.000000
0.261750,-0.768702,0.555235,9.491401,50.050000,70.000000
0.430459,0.724443,-3.568576,9.572641,50.050000,70.000000
-0.291388,0.641805,0.451872,0.001713,50.050000,70.000000
0.820070,0.921269,0.676075,0.423344,50.050000,70.000000
-0.234977,0.741279,0.881044,-0.505874,50.050000,70.000000
0.669991,0.535284,0.274439,-0.000192,50.050000,70.000000
0.526550,-0.266256,0.507805,-0.265098,50.050000,70.000000
-0.960546,0.096195,1.431265,-0.123924,50.050000,70.000000
0.747515,-0.521025,-0.243138,0.036182,50.050000,70.000000
-0.870367,-0.254206,-0.300069,-1.326940,50.050000,70.000000
-0.437166,0.543016,1.289609,-0.232995,50.050000,70.000000
0.472643,-0.290135,-0.434555,-0.116605,50.050000,70.000000
-0.298421,0.434202,0.838188,-0.898798,50.050000,70.000000
-0.362975,-0.519888,4.958594,1.957915,50.050000,70.000000
0.248483,0.251542,0.296119,0.678384,50.050000,70.000000
-0.330104,-0.057311,1.086485,-0.093427,50.050000,70.000000
0.770503,-0.148875,-0.236314,-0.009517,50.050000,70.000000
-0.134542,0.758287,-1.107195,-0.132325,50.050000,70.000000
0.523730,0.322977,-0.528935,0.307637,50.050000,70.000000
0.269533,0.040874,-0.287159,-0.038878,50.050000,70.000000
0.970746,-0.678234,0.832332,-0.407982,50.050000,70.000000
0.915674,-0.259381,-0.476753,-0.164484,50.050000,70.000000
0.588235,0.472625,0.646306,0.422478,50.050000,70.000000
-0.585017,-0.379203,-0.541186,-0.321350,50.050000,70.000000
0.736873,0.617354,-0.357452,0.066496,50.050000,70.000000
-0.123859,0.304260,0.387577,-0.113870,50.050000,70.000000
-0.295508,-0.594906,0.295149,0.103521,50.050000,70.000000
-0.587290,-0.588430,-0.720887,-0.476608,50.050000,70.000000
0.259850,-0.704608,25.359388,4.640605,50.050000,70.000000
-0.354024,-0.084251,0.405862,-0.045380,50.050000,70.000000
-0.004508,0.225649,-1.328362,-0.986049,50.050000,70.000000
0.474381,0.918486,-0.780029,0.572336,50.050000,70.000000
0.986877,0.433849,-0.569615,0.735600,50.050000,70.000000
-0.295926,0.365979,0.252005,0.054608,50.050000,70.000000
-0.989324,0.428735,0.333260,0.688926,50.050000,70.000000
-0.255303,-0.885609,-0.402636,-0.093779,50.050000,70.000000
-0.435800,-0.482520,-0.480652,-0.059114,50.050000,70.000000
0.280493,0.245275,-4.384154,1.794886,50.050000,70.000000
0.336843,-0.685030,0.235202,-0.101993,50.050000,70.000000
0.707675,-0.108098,-0.503840,0.073292,50.050000,70.000000
-0.797856,0.436804,-0.604888,0.195088,50.050000,70.000000
-0.640212,-0.038798,0.545401,0.079564,50.050000,70.000000
-0.080964,-0.756055,4.939034,-0.694330,50.050000,70.000000
0.987354,0.457193,0.292666,-0.075510,50.050000,70.000000
0.035269,0.762923,-9.107548,-38.644762,50.050000,70.000000
0.449120,0.351978,0.195158,0.069103,50.050000,70.000000
-0.304174,-0.250494,0.907013,-0.361254,50.050000,70.000000
-0.051737,0.455258,-2.673114,38.683372,50.050000,70.000000
-0.472761,0.303051,-0.428238,0.176370,50.050000,70.000000
-0.619837,0.396914,-0.587106,0.396209,50.050000,70.000000
0.929080,-0.950622,-0.696505,-0.634830,50.050000,70.000000
0.889945,-0.691421,0.746005,-0.476561,50.050000,70.000000
-0.706050,-0.582945,-0.024826,0.130542,50.050000,70.000000
0.441989,0.505408,-0.376054,0.285383,50.050000,70.000000
0.395339,0.464197,0.516062,0.070967,50.050000,70.000000
-0.244304,-0.018268,-0.183548,0.016197,50.050000,70.000000
0.970180,-0.184894,-0.715008,1.270830,50.050000,70.000000
0.490568,0.978170,-0.328449,0.598036,50.050000,70.000000
0.107589,0.240410,-0.173774,0.151830,50.050000,70.000000
0.567187,0.713660,-0.497621,0.694138,50.050000,70.000000
0.480751,-0.009630,0.697314,0.021780,50.050000,70.000000
0.154213,-0.135258,0.015015,-0.035402,50.050000,70.000000
0.715007,-0.876967,-0.619670,-0.702971,50.050000,70.000000
0.808340,-0.222672,0.491340,0.244367,50.050000,70.000000
-0.446194,0.823150,0.792239,0.671898,50.050000,70.000000
0.689978,0.458440,0.467759,0.289557,50.050000,70.000000
0.996947,-0.317581,-0.292380,-0.230557,50.050000,70.000000
0.407767,-0.653686,-0.422795,0.477519,50.050000,70.000000
-0.501523,0.896616,-0.201851,-0.316289,50.050000,70.000000
-0.574345,0.981035,-0.555565,0.323669,50.050000,70.000000
0.262847,-0.326035,-0.079146,-0.045351,50.050000,70.000000
0.334387,0.042878,-0.108270,-0.001530,50.050000,70.000000
0.654187,0.915888,0.227769,-0.133047,50.050000,70.000000
-0.674450,0.524397,-0.319373,0.054953,50.050000,70.000000
-0.464701,-0.222888,0.331530,-0.088878,50.050000,70.000000
-0.083968,0.743844,1.488193,-1.338100,50.050000,70.000000
-0.219832,-0.709380,3.501288,1.851350,50.050000,70.000000
-0.542675,-0.736979,-0.901352,-0.881973,50.050000,70.000000
-0.400295,0.237266,0.400487,-0.101097,50.050000,70.000000
-0.263920,0.291654,0.041056,-0.062293,50.050000,70.000000
-0.174983,-0.942865,2.201742,1.580205,50.050000,70.000000
-0.739679,0.211271,-8.735284,0.915976,50.050000,70.000000
0.831802,0.096014,-2.778643,-0.014707,50.050000,70.000000
-0.291026,0.721955,-9.115515,-0.818713,50.050000,70.000000
-0.103077,-0.416024,-12.848678,-1.621560,50.050000,70.000000
-0.120488,0.952679,2.306001,0.826548,50.050000,70.000000
-0.317335,0.556729,0.121190,-0.051388,50.050000,70.000000
0.947791,-0.474489,0.281910,-0.594092,50.050000,70.000000
-0.743548,-0.809845,-0.400805,-0.106611,50.050000,70.000000
0.938647,-0.162937,1.029199,0.354789,50.050000,70.000000
-0.489140,-0.979172,0.159948,0.369483,50.050000,70.000000
-0.950968,-0.923482,0.630464,-0.814968,50.050000,70.000000
-0.960453,-0.339377,-3.934620,-1.486514,50.050000,70.000000
0.099062,0.938039,-4.342395,2.453036,50.050000,70.000000
-0.378196,-0.345585,-17.393553,-1.246455,50.050000,70.000000
-0.247493,0.385441,-0.051644,-0.076866,50.050000,70.000000
0.098627,-0.372979,0.165224,0.398386,50.050000,70.000000
-0.666066,-0.568524,0.219700,0.049252,50.050000,70.000000
0.814470,0.805077,-0.646012,0.545627,50.050000,70.000000
0.936800,0.804695,0.449695,0.172484,50.050000,70.000000
0.500942,-0.664629,-0.556742,-0.448060,50.050000,70.000000
-0.423658,-0.427614,0.353742,-0.126150,50.050000,70.000000
-0.906000,0.864693,0.521344,0.415598,50.050000,70.000000
0.894749,0.042071,-0.446173,0.149228,50.050000,70.000000
-0.918663,0.032952,-0.638407,0.027691,50.050000,70.000000
-0.182045,0.367709,-1.247096,1.576684,50.050000,70.000000
0.084886,0.684059,-17.117959,-19.373913,50.050000,70.000000
0.978540,0.324074,0.807880,0.315699,50.050000,70.000000
0.705532,-0.125393,5.746207,0.152514,50.050000,70.000000
0.513447,-0.502572,-0.495759,-0.168792,50.050000,70.000000
-0.727929,-0.307127,0.651945,-0.202410,50.050000,70.000000
0.109350,-0.149837,0.142402,0.065781,50.050000,70.000000
-0.309722,0.508491,-12.933564,-19.706868,50.050000,70.000000
0.201662,-0.671777,-0.853138,-44.092498,50.050000,70.000000
-0.549458,-0.733306,-0.053963,0.131249,50.050000,70.000000
-0.677994,0.952719,-0.196511,-0.064359,50.050000,70.000000
0.351726,-0.540838,-0.767041,-0.263196,50.050000,70.000000
0.135575,0.607988,-13.440663,-10.517998,50.050000,70.000000
0.462044,-0.426924,-0.660596,-0.237733,50.050000,70.000000
0.688798,0.623978,0.722042,0.552931,50.050000,70.000000
-0.797998,0.047116,-0.231112,-0.016761,50.050000,70.000000
-0.125368,0.943333,15.759305,-8.078589,50.050000,70.000000
0.605055,-0.838792,0.622805,-0.831757,50.050000,70.000000
0.427319,-0.051833,0.583972,0.214722,50.050000,70.000000
0.840350,-0.243042,-19.379121,-10.447211,50.050000,70.000000
-0.810341,0.594641,-0.037040,-0.110672,50.050000,70.000000
0.139612,0.452655,0.002205,-0.816358,50.050000,70.000000
-0.230821,0.586537,1.706122,-0.303658,50.050000,70.000000
-0.070394,0.892416,-0.231848,-0.186698,50.050000,70.000000
0.831382,-0.971056,-0.855218,-0.935736,50.050000,70.000000
-0.546039,0.716909,0.693755,0.255169,50.050000,70.000000
-0.916502,0.358403,0.418847,-0.540608,50.050000,70.000000
-0.324477,0.511041,0.527425,-0.523243,50.050000,70.000000
-0.937102,0.129594,0.523875,0.001267,50.050000,70.000000
0.087229,0.052575,0.051031,0.011862,50.050000,70.000000
-0.378031,0.439992,0.390672,0.489772,50.050000,70.000000
0.945139,0.942927,-0.689597,0.725705,50.050000,70.000000
-0.229118,-0.792305,-5.587619,20.070564,50.050000,70.000000
-0.274550,-0.354632,-6.222418,-9.695262,50.050000,70.000000
-0.297772,-0.659564,-17.165725,10.149738,50.050000,70.000000
0.701709,-0.368881,0.481096,-0.444625,50.050000,70.000000
0.214921,0.183290,0.131202,-0.096950,50.050000,70.000000
0.551065,-0.255546,-0.509339,-0.288531,50.050000,70.000000
-0.953787,-0.304227,-0.131193,0.085619,50.050000,70.000000
0.848581,0.107319,-1.530895,-0.171608,50.050000,70.000000
-0.295801,0.475953,0.218412,0.017051,50.050000,70.000000
-0.664716,0.112388,0.588076,-0.057765,50.050000,70.000000
0.902963,0.096063,4.959617,0.636314,50.050000,70.000000
0.522916,0.651922,-0.547684,0.592469,50.050000,70.000000
0.850431,-0.802304,-0.809355,-0.817012,50.050000,70.000000
-0.327797,0.708058,-5.668197,1.755646,50.050000,70.000000
0.322752,0.487284,-0.214383,0.236609,50.050000,70.000000
-0.226002,-0.413312,-1.153559,1.584308,50.050000,70.000000
-0.527489,0.492850,-0.520582,0.226011,50.050000,70.000000
-0.665357,-0.663443,0.746926,-0.592098,50.050000,70.000000
-0.479096,-0.159066,-0.327868,-0.110429,50.050000,70.000000
0.584976,-0.312116,-0.434973,-0.142644,50.050000,70.000000
0.267225,-0.746675,-7.724648,-0.802523,50.050000,70.000000
0.640406,-0.699875,-0.477979,-0.108834,50.050000,70.000000
-0.807339,-0.950133,0.818607,-0.702912,50.050000,70.000000
-0.890880,0.978309,-1.066024,0.725002,50.050000,70.000000
0.447266,-0.800900,1.329194,-0.384754,50.050000,70.000000
-0.732953,-0.746702,0.675377,-0.519288,50.050000,70.000000
0.180841,-0.598795,0.437028,0.226631,50.050000,70.000000
0.048141,-0.885880,-1.510174,0.983351,50.050000,70.000000
-0.983061,-0.305112,30.683795,-25.540869,50.050000,70.000000
-0.012598,0.262925,-2.601770,-2.299142,50.050000,70.000000
0.982096,0.086448,-0.301374,-0.056941,50.050000,70.000000
0.938851,-0.728163,-0.704448,-0.525546,50.050000,70.000000
-0.236982,-0.960210,1.388288,2.547914,50.050000,70.000000
-0.250271,-0.300464,0.051725,-0.110206,50.050000,70.000000
0.095569,0.225431,0.086512,0.211382,50.050000,70.000000
0.815084,-0.889739,0.845005,-0.872792,50.050000,70.000000
0.162431,-0.021833,0.166106,0.002695,50.050000,70.000000
-0.945451,-0.191180,0.550116,-0.097399,50.050000,70.000000
0.829919,0.441716,0.412896,0.194789,50.050000,70.000000
-0.082816,0.103965,-0.073504,-0.101406,50.050000,70.000000
-0.667151,-0.801444,-0.584694,-0.599683,50.050000,70.000000
0.123265,-0.290723,-0.024881,-0.020861,50.050000,70.000000
-0.185239,0.692575,-0.582533,1.191154,50.050000,70.000000
0.101656,0.527957,-0.106879,0.871352,50.050000,70.000000
-0.619523,-0.319770,0.460960,-0.278144,50.050000,70.000000
-0.382429,0.511811,-0.963855,0.191047,50.050000,70.000000
-0.000098,0.356470,0.635133,26.141393,50.050000,70.000000
-0.803972,-0.362056,0.011221,0.294131,50.050000,70.000000
0.930946,0.412911,1.298717,0.019596,50.050000,70.000000
-0.210170,-0.322360,-0.591534,-0.283243,50.050000,70.000000
0.088322,0.434071,-7.541120,-3.086890,50.050000,70.000000
-0.573455,-0.052771,-0.730293,0.016098,50.050000,70.000000
-0.918718,-0.891718,0.524540,-0.632039,50.050000,70.000000
0.891361,-0.889898,0.529253,-0.219842,50.050000,70.000000
-0.510900,-0.699507,-0.618309,-0.259577,50.050000,70.000000
-0.611406,0.096757,0.368079,0.165570,50.050000,70.000000
0.196963,0.362850,0.344744,-0.126372,50.050000,70.000000
0.417177,-0.506023,0.474264,-0.201825,50.050000,70.000000
-0.733456,0.799160,-0.443531,0.225113,50.050000,70.000000
-0.516364,-0.535094,0.413952,-0.119845,50.050000,70.000000
0.671836,-0.448939,-0.619703,-0.478277,50.050000,70.000000
0.676357,-0.464082,0.403831,-0.197818,50.050000,70.000000
0.173864,0.133784,5.980531,3.035845,50.050000,70.000000
0.499586,0.540319,-0.451504,0.325992,50.050000,70.000000
-0.859253,0.533382,0.751490,0.498669,50.050000,70.000000
0.554361,-0.859925,0.811071,-0.713941,50.050000,70.000000
-0.755514,0.081063,-4.738468,0.438089,50.050000,70.000000
0.422445,0.038498,0.414622,0.190638,50.050000,70.000000
-0.971991,-0.249180,-0.363656,0.139698,50.050000,70.000000
0.037267,0.340833,-0.521995,41.568972,50.050000,70.000000
0.387706,0.179689,-0.668180,0.069669,50.050000,70.000000
0.041225,0.863141,-19.004067,3.863658,50.050000,70.000000
0.807081,0.606702,-0.607376,0.446953,50.050000,70.000000
0.838443,-0.286389,-8.461421,-4.818736,50.050000,70.000000
0.654420,0.836085,0.629147,0.728682,50.050000,70.000000
0.077480,0.207863,1.288300,0.650458,50.050000,70.000000
-0.448221,0.755262,-1.644918,0.672351,50.050000,70.000000
-0.303373,-0.796073,1.720776,0.051083,50.050000,70.000000
0.401389,0.143118,0.114551,-0.100030,50.050000,70.000000
-0.609870,-0.080372,-0.729578,-0.115081,50.050000,70.000000
-0.817192,-0.544727,-0.217594,0.010820,50.050000,70.000000
0.767954,-0.989199,-1.158079,-0.687818,50.050000,70.000000
0.533058,-0.900979,0.720003,-0.671051,50.050000,70.000000
-0.748999,-0.422928,-0.234576,0.000654,50.050000,70.000000
-0.158794,-0.849324,7.869540,-0.857769,50.050000,70.000000
-0.586496,0.766455,-0.741722,0.554493,50.050000,70.000000
-0.184614,-0.805236,13.553753,-12.877576,50.050000,70.000000
0.396489,-0.201400,-0.573068,-0.232112,50.050000,70.000000
-0.924795,0.970578,-1.834712,0.155225,50.050000,70.000000
0.511786,-0.411780,-0.021847,0.081388,50.050000,70.000000
-0.794262,0.844870,-0.232245,-0.051007,50.050000,70.000000
-0.276295,0.308724,-0.180071,-0.021688,50.050000,70.000000
0.721791,-0.851072,-0.695169,-0.792284,50.050000,70.000000
0.035803,-0.261217,-0.222997,-0.350569,50.050000,70.000000
-0.281642,0.450265,9.940983,0.987130,50.050000,70.000000
-0.392774,0.642146,0.685681,-0.594449,50.050000,70.000000
0.546124,0.702435,0.192185,-0.107862,50.050000,70.000000
-0.179468,-0.310801,-2.496344,-0.307030,50.050000,70.000000
0.360502,0.958533,0.355991,2.051273,50.050000,70.000000
0.061379,-0.400265,0.074456,0.104571,50.050000,70.000000
0.744634,-0.932191,0.715999,-0.832116,50.050000,70.000000
0.673481,-0.804231,0.604499,-0.631062,50.050000,70.000000
-0.708398,-0.053548,-0.253857,-0.041535,50.050000,70.000000
0.019651,0.273667,12.121631,-19.983204,50.050000,70.000000
-0.476588,-0.019968,-2.214577,-0.056894,50.050000,70.000000
0.394634,0.621491,-0.551288,0.052227,50.050000,70.000000
-0.594567,-0.879707,0.633637,-0.281546,50.050000,70.000000
0.763556,-0.913201,0.812435,-0.892571,50.050000,70.000000
-0.171000,0.005807,0.154853,0.005175,50.050000,70.000000
-0.404682,0.505026,-0.461674,0.248107,50.050000,70.000000
-0.029093,-0.959956,-1.316625,-0.324138,50.050000,70.000000
0.014866,-0.152060,-17.145382,12.832339,50.050000,70.000000
0.328005,0.787825,-19.118667,-2.457756,50.050000,70.000000
0.976456,-0.701965,-0.655736,-0.509899,50.050000,70.000000
0.066929,0.882919,4.432439,-0.291544,50.050000,70.000000
-0.783162,-0.603680,0.673399,-0.656611,50.050000,70.000000
-0.042912,0.782002,7.626517,-16.033225,50.050000,70.000000
-0.898146,0.867039,0.476435,0.399181,50.050000,70.000000
0.320100,-0.087083,-0.175743,0.033562,50.050000,70.000000
0.403105,0.989816,-0.965928,0.467784,50.050000,70.000000
-0.158047,-0.293245,-0.024086,-0.158225,50.050000,70.000000
-0.566844,-0.946987,-0.866509,-0.370446,50.050000,70.000000
-0.018465,-0.343239,-0.964675,0.436857,50.050000,70.000000
-0.812109,0.887732,-0.653659,0.597507,50.050000,70.000000
0.106418,0.573354,-3.178696,0.293061,50.050000,70.000000
0.365531,-0.523801,0.687399,-0.347960,50.050000,70.000000
0.473938,-0.521402,0.589569,-0.154981,50.050000,70.000000
0.797787,0.413675,0.691110,0.323068,50.050000,70.000000
0.632965,0.240285,-0.585877,0.123478,50.050000,70.000000
0.466887,0.969758,0.373908,1.000112,50.050000,70.000000
0.725277,-0.276333,0.579882,-0.165861,50.050000,70.000000
-0.327153,-0.460420,0.774373,-0.464827,50.050000,70.000000
-0.272290,-0.370116,1.016983,0.338805,50.050000,70.000000
-0.533723,-0.277612,0.509597,-0.252525,50.050000,70.000000
0.169287,-0.793290,-16.086839,-18.183355,50.050000,70.000000
-0.832236,0.617714,-0.917331,0.445851,50.050000,70.000000
-0.074357,0.279135,-1.125260,0.733933,50.050000,70.000000
-0.583242,-0.554334,0.666801,-0.397941,50.050000,70.000000
-0.692391,0.980071,1.012183,0.841255,50.050000,70.000000
0.054577,-0.717599,1.877432,2.394448,50.050000,70.000000
-0.686983,-0.124633,-1.076633,-0.427794,50.050000,70.000000
-0.704684,0.382268,-0.502206,0.403433,50.050000,70.000000
0.772173,-0.084673,-1.803174,-0.008992,50.050000,70.000000
0.906147,-0.385910,-0.040764,-0.586143,50.050000,70.000000
0.016588,0.786786,-5.094605,-45.024118,50.050000,70.000000
-0.494254,-0.927984,2.916213,2.240885,50.050000,70.000000
-0.626543,-0.302772,-0.543619,-0.302122,50.050000,70.000000
-0.694030,-0.567810,0.678217,-0.573865,50.050000,70.000000
0.824848,-0.779087,0.249445,0.067841,50.050000,70.000000
-0.113338,-0.868255,-0.792859,0.081358,50.050000,70.000000
-0.765456,0.978547,0.900205,0.744297,50.050000,70.000000
0.432563,0.082351,-0.189030,-0.053592,50.050000,70.000000
0.075583,0.321575,-4.660223,-5.742848,50.050000,70.000000
0.716873,0.484312,-0.588761,0.550241,50.050000,70.000000
-0.174657,0.532056,2.099589,-0.518543,50.050000,70.000000
0.256941,0.403202,-0.344884,-0.357573,50.050000,70.000000
0.614289,0.351411,0.582275,0.376712,50.050000,70.000000
0.169851,0.689139,-0.826357,-0.048152,50.050000,70.000000
0.351879,0.026086,0.460482,0.023616,50.050000,70.000000
0.425481,-0.936017,7.962397,26.074825,50.050000,70.000000
0.366913,0.702671,1.859364,0.403464,50.050000,70.000000
-0.201434,0.505383,-0.120174,-0.483901,50.050000,70.000000
-0.032701,0.399488,0.505550,0.322100,50.050000,70.000000
0.189414,-0.511283,0.228509,0.109588,50.050000,70.000000
0.864431,0.499288,0.604473,0.298684,50.050000,70.000000
-0.473582,0.509075,-0.258590,0.143931,50.050000,70.000000
0.028561,0.016545,0.030827,-0.009180,50.050000,70.000000
0.071565,0.793439,0.603656,0.052450,50.050000,70.000000
-0.675958,-0.827499,-0.618365,-0.582378,50.050000,70.000000
0.230470,-0.498232,4.831423,1.054326,50.050000,70.000000
0.212893,0.093832,-0.346940,0.242989,50.050000,70.000000
-0.960431,0.041674,0.259464,-0.013125,50.050000,70.000000
0.410891,-0.150034,0.792592,-0.142905,50.050000,70.000000
0.379427,-0.974330,0.546387,-0.374828,50.050000,70.000000
0.437371,0.893715,1.090514,0.555418,50.050000,70.000000
0.663962,-0.789572,-0.375512,-0.020390,50.050000,70.000000
-0.338348,-0.619375,-2.943185,0.682837,50.050000,70.000000
0.158794,0.845849,-9.496279,2.716687,50.050000,70.000000
0.183718,-0.255218,6.218203,0.232042,50.050000,70.000000
0.543955,0.256583,-0.157340,-0.019046,50.050000,70.000000
0.385632,-0.686410,0.561296,1.086566,50.050000,70.000000
-0.491139,-0.578183,0.583191,-0.441128,50.050000,70.000000
0.484568,0.136858,0.392028,0.201123,50.050000,70.000000
0.173392,0.206517,-0.303705,0.161283,50.050000,70.000000
0.926278,-0.045690,3.233159,0.611527,50.050000,70.000000
0.091323,0.860745,-0.625370,1.284146,50.050000,70.000000
0.546202,0.024669,-1.503126,-0.074829,50.050000,70.000000
0.603688,0.185962,-0.826099,0.266499,50.050000,70.000000
-0.534310,-0.147775,0.490410,-0.155638,50.050000,70.000000
0.340073,-0.400534,0.102649,0.659881,50.050000,70.000000
0.223090,-0.521610,0.424007,-0.279216,50.050000,70.000000
-0.700521,0.337753,-0.366551,0.228343,50.050000,70.000000
0.609997,0.217816,-0.470416,0.072636,50.050000,70.000000
0.839436,0.403061,-0.785519,0.278732,50.050000,70.000000
0.252275,-0.016126,0.234319,-0.003949,50.050000,70.000000
0.972402,-0.837976,0.876714,-0.386929,50.050000,70.000000
0.134093,-0.294266,-1.023273,0.025535,50.050000,70.000000
0.266219,0.334703,-2.396679,3.433776,50.050000,70.000000
-0.646962,0.517291,0.639705,0.476870,50.050000,70.000000
0.104576,-0.394540,-2.362577,-0.347226,50.050000,70.000000
0.963912,0.467386,0.794854,0.353544,50.050000,70.000000
-0.638965,0.910968,-0.681800,0.343084,50.050000,70.000000
0.638018,-0.828707,0.638274,-0.824387,50.050000,70.000000
-0.083811,-0.611892,0.190992,-1.751740,50.050000,70.000000
-0.073503,0.638409,6.132883,27.247299,50.050000,70.000000
-0.257202,-0.801543,2.676594,0.774492,50.050000,70.000000
0.464153,-0.986432,-0.029479,0.020426,50.050000,70.000000
-0.957491,-0.548892,-0.863518,-0.380196,50.050000,70.000000
0.774997,-0.629952,-0.454179,-0.252198,50.050000,70.000000
0.392286,-0.851099,3.018442,-1.658264,50.050000,70.000000
-0.427503,0.964800,10.191494,-33.139115,50.050000,70.000000
-0.605505,-0.720244,-0.382776,-0.572132,50.050000,70.000000
0.852305,0.696234,-0.555523,0.355131,50.050000,70.000000
-0.401067,-0.731074,-12.953311,2.701205,50.050000,70.000000
0.831900,-0.260855,-0.411686,-0.562377,50.050000,70.000000
-0.195481,0.548139,-2.999444,-3.952597,50.050000,70.000000
0.574820,0.999936,0.543782,0.207158,50.050000,70.000000
-0.077237,-0.124236,-0.055883,-0.079018,50.050000,70.000000
-0.027758,-0.521458,6.402572,10.830096,50.050000,70.000000
-0.148092,-0.980325,24.898721,7.461435,50.050000,70.000000
-0.315065,0.702641,-0.016344,-0.003476,50.050000,70.000000
-0.715892,0.000417,2.057202,0.247912,50.050000,70.000000
-0.992950,-0.508284,0.575647,-0.304880,50.050000,70.000000
-0.732170,0.425563,-0.576097,0.491596,50.050000,70.000000
0.433629,0.005989,-0.525003,-0.002081,50.050000,70.000000
0.656477,-0.593746,-0.722396,-0.550560,50.050000,70.000000
0.902999,0.700743,0.863172,0.682953,50.050000,70.000000
-0.604496,0.230325,-0.488810,0.239915,50.050000,70.000000
-0.923076,-0.140007,1.054854,0.259403,50.050000,70.000000
0.896857,-0.530805,-0.671114,-0.536844,50.050000,70.000000
0.768506,0.286191,-0.705772,0.201237,50.050000,70.000000
0.016524,-0.275801,-0.377331,-0.175280,50.050000,70.000000
0.620250,0.537422,-0.610872,0.382659,50.050000,70.000000
0.445046,-0.110596,0.361881,0.087491,50.050000,70.000000
-0.782758,0.184647,7.399857,1.550433,50.050000,70.000000
-0.637761,-0.852107,-0.294219,0.002719,50.050000,70.000000
0.632180,-0.945316,0.821792,-0.740370,50.050000,70.000000
0.073708,0.813505,0.027548,0.805059,50.050000,70.000000
0.577116,-0.403839,-0.567353,-0.376055,50.050000,70.000000
0.680334,0.369699,-0.416242,0.272709,50.050000,70.000000
-0.465869,0.141409,0.276853,0.036884,50.050000,70.000000
0.654755,0.461303,-0.613560,0.479949,50.050000,70.000000
-0.874216,-0.955599,0.872610,-0.859801,50.050000,70.000000
-0.748600,0.272687,0.727009,0.259679,50.050000,70.000000
-0.950282,0.615920,2.194076,-1.180003,50.050000,70.000000
-0.225633,-0.206594,-0.510006,-0.464846,50.050000,70.000000
-0.221526,0.804828,-10.951359,-12.316007,50.050000,70.000000
0.739065,-0.540278,-0.607366,-0.566597,50.050000,70.000000
-0.458460,0.667913,-0.770004,0.760983,50.050000,70.000000
-0.393582,-0.938874,-5.434841,2.828397,50.050000,70.000000
0.337737,0.342883,9.518007,16.944205,50.050000,70.000000
0.833107,0.029790,2.278878,0.136930,50.050000,70.000000
0.674059,0.906462,-0.122159,-0.097657,50.050000,70.000000
0.906845,-0.660349,-0.369704,-0.106977,50.050000,70.000000
-0.490763,-0.252238,0.005121,0.072425,50.050000,70.000000
0.637195,-0.659686,0.432123,-0.075172,50.050000,70.000000
0.653924,0.505776,0.387983,0.125333,50.050000,70.000000
0.571158,-0.541028,0.698087,-0.440237,50.050000,70.000000
0.937861,0.635433,-0.626887,0.175495,50.050000,70.000000
-0.271709,-0.615126,-10.742071,-0.156037,50.050000,70.000000
-0.414599,-0.158290,0.193222,0.032739,50.050000,70.000000
-0.381380,0.143368,1.414354,0.138778,50.050000,70.000000
-0.409457,0.250524,-0.483542,-0.051417,50.050000,70.000000
0.559230,0.981076,1.286120,0.694158,50.050000,70.000000
0.944274,0.406103,-0.866603,0.176733,50.050000,70.000000
-0.621420,-0.207435,-0.004162,-0.015958,50.050000,70.000000
-0.367986,-0.745677,-0.058169,-0.207790,50.050000,70.000000
-0.593805,-0.082435,8.605185,14.235904,50.050000,70.000000
0.514763,-0.381825,0.572256,-0.340397,50.050000,70.000000
0.674915,-0.711473,0.746666,-0.673779,50.050000,70.000000
0.270924,-0.584860,-2.481407,-3.138908,50.050000,70.000000
0.254965,-0.800545,9.310089,2.146924,50.050000,70.000000
-0.765722,0.502943,0.652714,0.402834,50.050000,70.000000
0.969960,0.111590,-0.788473,-0.093504,50.050000,70.000000
-0.506159,0.983654,0.096709,-0.136376,50.050000,70.000000
0.278661,-0.544006,16.569677,6.439282,50.050000,70.000000
0.890625,0.730821,0.812499,0.591244,50.050000,70.000000
0.908082,0.138164,-3.414983,0.046740,50.050000,70.000000
0.128925,0.846653,-18.018472,-4.883944,50.050000,70.000000
-0.306419,0.011599,0.078706,-0.000674,50.050000,70.000000
0.939918,-0.802991,0.684110,-0.494448,50.050000,70.000000
0.125318,0.223111,-0.096389,0.134271,50.050000,70.000000
-0.168719,0.338346,-0.008895,-0.092398,50.050000,70.000000
0.581730,-0.855555,0.604730,-0.796336,50.050000,70.000000
0.692551,-0.290852,-0.547420,-0.424316,50.050000,70.000000
-0.355194,0.262358,-2.195493,0.561536,50.050000,70.000000
-0.541187,0.275080,0.468533,0.200842,50.050000,70.000000
-0.729302,0.618310,0.675919,0.536640,50.050000,70.000000
-0.066810,-0.877318,16.748256,39.118143,50.050000,70.000000
0.919827,-0.465244,-0.844355,-0.534931,50.050000,70.000000
0.643019,-0.784208,-0.672481,-0.655018,50.050000,70.000000
-0.182848,0.880402,0.197354,-0.032102,50.050000,70.000000
0.909975,-0.057365,-1.099903,0.141257,50.050000,70.000000
-0.132206,0.019565,0.130866,0.016365,50.050000,70.000000
0.836386,-0.865230,0.775913,-0.684609,50.050000,70.000000
0.085032,-0.867493,-1.280011,18.389945,50.050000,70.000000
0.049410,0.426701,-1.340353,-0.497616,50.050000,70.000000
-0.435296,-0.026238,2.252013,-3.278017,50.050000,70.000000
-0.980947,-0.782568,-0.647702,-0.922015,50.050000,70.000000
-0.616716,0.856253,0.788544,0.370127,50.050000,70.000000
-0.956926,0.941097,-1.151221,0.857009,50.050000,70.000000
-0.975386,0.693160,5.964083,-9.348226,50.050000,70.000000
-0.051848,0.586901,-0.363657,-0.443074,50.050000,70.000000
0.037227,-0.333095,-3.106046,0.287643,50.050000,70.000000
-0.331231,-0.994605,-3.463931,3.131497,50.050000,70.000000
-0.321635,0.276327,0.070219,-0.084166,50.050000,70.000000
0.231546,-0.405200,14.966556,21.701630,50.050000,70.000000
-0.202326,-0.499896,2.050590,-1.840483,50.050000,70.000000
0.249150,-0.527808,1.183629,-0.448658,50.050000,70.000000
-0.866319,-0.218091,0.417999,-0.760641,50.050000,70.000000
0.547342,-0.826131,5.281114,-1.232318,50.050000,70.000000
-0.787021,0.530464,-0.612513,0.348762,50.050000,70.000000
-0.489426,0.221432,0.410550,0.155850,50.050000,70.000000
-0.394942,0.202367,-2.274977,0.334901,50.050000,70.000000
-0.815453,0.676556,0.896707,0.642802,50.050000,70.000000
0.881393,-0.420141,-0.033284,0.067991,50.050000,70.000000
0.696020,0.002278,-3.649421,0.130587,50.050000,70.000000
0.289158,-0.127547,-0.294370,-0.240369,50.050000,70.000000
0.319118,-0.576037,0.115154,0.053319,50.050000,70.000000
0.540307,0.939171,-0.493895,0.195306,50.050000,70.000000
0.646111,-0.816318,0.609806,-0.697073,50.050000,70.000000
0.147277,-0.708480,-0.153889,-0.135907,50.050000,70.000000
0.568260,0.741310,0.556855,0.566247,50.050000,70.000000
-0.801150,-0.930220,-0.062376,0.160292,50.050000,70.000000
-0.199408,0.557759,-8.888077,9.319992,50.050000,70.000000
0.252754,0.044252,-0.353013,-0.000862,50.050000,70.000000
-0.259589,-0.916648,3.861651,7.353870,50.050000,70.000000
-0.095039,0.683544,17.531701,-16.805037,50.050000,70.000000
0.332218,-0.415058,-1.776274,-12.885453,50.050000,70.000000
0.124941,-0.114338,0.113374,-0.089497,50.050000,70.000000
0.318105,0.395067,5.071004,-4.564892,50.050000,70.000000
-0.114495,-0.322653,0.641662,-0.457005,50.050000,70.000000
-0.822333,-0.951100,0.873491,-0.834685,50.050000,70.000000
0.867134,-0.078046,0.715602,0.032926,50.050000,70.000000
0.278168,-0.833180,0.196430,0.217860,50.050000,70.000000
0.746918,-0.556497,-0.352154,-0.116343,50.050000,70.000000
0.959258,0.242935,-11.441434,1.489565,50.050000,70.000000
-0.989927,0.294103,-0.208549,-2.065675,50.050000,70.000000
0.990545,0.092099,-3.801940,-0.058943,50.050000,70.000000
-0.085732,-0.892331,5.759723,-5.183043,50.050000,70.000000
0.585504,0.572222,-0.660063,0.363989,50.050000,70.000000
-0.666430,-0.697025,-0.493102,-0.355382,50.050000,70.000000
-0.902837,0.012690,6.403393,0.368349,50.050000,70.000000
-0.718203,-0.842699,0.696472,-0.669447,50.050000,70.000000
0.758414,0.672287,0.756137,0.669264,50.050000,70.000000
-0.871120,-0.912575,0.618354,-0.459372,50.050000,70.000000
0.344291,0.494898,-5.764429,-19.613289,50.050000,70.000000
-0.250730,-0.019925,-0.236983,0.003142,50.050000,70.000000
-0.886388,0.471937,-0.863828,0.467494,50.050000,70.000000
-0.156038,-0.526688,-0.219798,-0.384480,50.050000,70.000000
-0.041412,-0.008590,-0.022083,0.005064,50.050000,70.000000
-0.370287,0.591887,1.783773,0.414278,50.050000,70.000000
-0.161064,-0.997396,0.044049,-0.141828,50.050000,70.000000
0.772758,-0.255520,6.876511,-5.022653,50.050000,70.000000
-0.522648,-0.150554,-0.610778,-0.141031,50.050000,70.000000
-0.365430,0.225786,0.322136,-0.059710,50.050000,70.000000
0.785774,0.499609,-0.506989,0.137989,50.050000,70.000000
0.929102,-0.588089,0.431919,0.220843,50.050000,70.000000
-0.016632,0.458314,-0.973661,-1.486914,50.050000,70.000000
0.885361,0.261026,-0.611637,-0.060737,50.050000,70.000000
-0.930582,-0.293880,15.694508,-25.568717,50.050000,70.000000
0.766754,0.832308,-0.732367,0.698952,50.050000,70.000000
0.600022,0.564966,-0.616508,0.336586,50.050000,70.000000
-0.624633,-0.208131,0.343372,-0.459336,50.050000,70.000000
-0.060128,-0.571971,7.001275,-35.723977,50.050000,70.000000
0.879944,-0.777821,-0.810301,-0.755964,50.050000,70.000000
-0.837431,-0.706566,-0.328654,-0.007754,50.050000,70.000000
0.746878,0.775679,0.685545,0.589699,50.050000,70.000000
0.839795,0.440792,0.775387,0.455323,50.050000,70.000000
0.394316,-0.734265,0.353249,0.378194,50.050000,70.000000
-0.796824,-0.225002,0.425941,-9.178399,50.050000,70.000000
0.387978,0.745359,-0.042705,-0.250583,50.050000,70.000000
-0.759306,0.339950,-0.743892,0.259763,50.050000,70.000000
-0.465459,-0.970009,-1.355722,0.272828,50.050000,70.000000
-0.941029,0.131372,7.996059,-0.035937,50.050000,70.000000
-0.035701,-0.019642,0.031283,-0.020712,50.050000,70.000000
-0.127815,-0.185192,2.499480,6.688854,50.050000,70.000000
-0.519247,-0.990776,-1.029489,-0.695053,50.050000,70.000000
0.028745,-0.882037,-6.557914,44.786840,50.050000,70.000000
-0.396825,0.559307,0.870471,-0.534846,50.050000,70.000000
0.281020,-0.892191,0.496080,8.694967,50.050000,70.000000
0.938909,0.248192,-24.238836,-20.727079,50.050000,70.000000
-0.634836,0.314944,-0.497285,0.423323,50.050000,70.000000
-0.729013,-0.522063,-0.411754,-0.179576,50.050000,70.000000
-0.308018,-0.864607,-0.452497,0.288371,50.050000,70.000000
0.546242,0.695482,0.523705,0.566496,50.050000,70.000000
0.970585,0.629338,-1.497026,0.458020,50.050000,70.000000
-0.714203,0.397678,0.502107,0.464551,50.050000,70.000000
-0.230149,-0.112389,-0.114407,-0.020395,50.050000,70.000000
-0.924297,-0.668073,-0.594320,-0.769278,50.050000,70.000000
-0.303024,-0.932181,-0.464218,-0.105839,50.050000,70.000000
0.826080,-0.080438,0.380496,-0.001293,50.050000,70.000000
0.084174,0.706724,-16.718686,-15.990432,50.050000,70.000000
-0.084754,-0.460118,0.736210,-0.110638,50.050000,70.000000
0.799339,0.484281,-0.474439,0.075518,50.050000,70.000000
-0.684045,-0.736424,0.494429,-0.337647,50.050000,70.000000
0.928940,0.700716,0.895654,0.637048,50.050000,70.000000
0.925875,-0.826190,0.868552,-0.777464,50.050000,70.000000
0.223960,0.100176,0.181020,-0.045013,50.050000,70.000000
-0.333992,0.604261,-6.239934,18.674205,50.050000,70.000000
-0.190734,0.329991,-1.695985,7.374970,50.050000,70.000000
0.156396,0.542286,0.082610,0.096667,50.050000,70.000000
0.194588,0.438599,-14.068026,-4.698666,50.050000,70.000000
-0.461513,-0.644660,-1.320241,0.308392,50.050000,70.000000
-0.801631,0.994846,-0.552409,0.344779,50.050000,70.000000
0.372298,-0.789469,-0.902519,-0.478257,50.050000,70.000000
-0.607359,0.119379,0.551433,0.190291,50.050000,70.000000
0.410325,0.330127,4.007027,-1.058319,50.050000,70.000000
0.444685,-0.176141,0.258210,-0.041165,50.050000,70.000000
-0.410098,-0.518529,-0.559742,-0.110463,50.050000,70.000000
-0.911104,-0.919843,0.792710,-0.971340,50.050000,70.000000
0.197347,0.818493,-0.222563,0.092788,50.050000,70.000000
0.414029,0.588832,-0.690244,0.230135,50.050000,70.000000
0.497062,0.117077,-0.441922,0.193612,50.050000,70.000000
-0.279848,0.592947,-0.154433,0.512472,50.050000,70.000000
-0.335537,0.625786,-3.708848,0.226695,50.050000,70.000000
-0.410883,0.292552,-0.908423,0.125729,50.050000,70.000000
0.923695,0.547247,0.727943,0.468806,50.050000,70.000000
-0.418469,0.797679,0.781758,0.292635,50.050000,70.000000
0.582821,-0.527967,0.686129,-0.423997,50.050000,70.000000
0.464842,0.606926,0.597559,0.549964,50.050000,70.000000
0.598841,0.726982,0.461826,0.338607,50.050000,70.000000
0.388418,0.134171,-3.908636,0.181793,50.050000,70.000000
-0.985823,-0.720209,0.534272,-0.623355,50.050000,70.000000
-0.545111,0.316694,-0.498795,0.270577,50.050000,70.000000
0.675110,0.577183,-0.606301,0.435904,50.050000,70.000000
0.712577,0.282737,-0.637994,0.315687,50.050000,70.000000
-0.042300,-0.941850,-0.721892,-2.978450,50.050000,70.000000
0.322291,0.744766,0.276972,-0.043795,50.050000,70.000000
-0.718283,-0.180085,0.887804,0.225944,50.050000,70.000000
-0.681899,-0.676380,0.526747,-0.215246,50.050000,70.000000
0.077037,0.756361,-15.488007,-16.279046,50.050000,70.000000
0.160613,-0.583210,2.324263,-0.680478,50.050000,70.000000
-0.011278,0.451652,1.078380,0.737557,50.050000,70.000000
0.922168,0.869931,0.776856,0.611043,50.050000,70.000000
0.935471,0.453038,-6.351092,-5.384717,50.050000,70.000000
0.207197,0.360290,-1.145367,-1.998628,50.050000,70.000000
-0.598724,-0.757163,-0.354656,-0.426858,50.050000,70.000000
0.357480,0.169372,-1.769189,0.879218,50.050000,70.000000
0.637526,0.906193,-0.561300,0.533619,50.050000,70.000000
0.382718,0.342761,-0.356887,0.191435,50.050000,70.000000
0.785478,-0.464798,0.616331,-0.546930,50.050000,70.000000
0.142402,-0.644853,-4.645701,16.390505,50.050000,70.000000
-0.051014,0.609813,-2.093936,-0.012857,50.050000,70.000000
-0.867792,-0.985842,0.412657,-0.034045,50.050000,70.000000
0.959943,-0.231437,6.225548,-2.162928,50.050000,70.000000
0.238386,0.561519,-1.869296,-0.159770,50.050000,70.000000
-0.554276,0.288550,0.527143,0.300350,50.050000,70.000000
-0.336639,0.114451,-0.061530,-0.004430,50.050000,70.000000
-0.427364,-0.706980,-0.295318,0.087714,50.050000,70.000000
-0.218137,-0.226577,0.152396,-0.126483,50.050000,70.000000
-0.071850,0.425088,-1.372020,0.056368,50.050000,70.000000
0.453519,0.289536,-0.085011,-0.027502,50.050000,70.000000
0.223333,-0.448861,1.361828,-2.046200,50.050000,70.000000
-0.014025,0.280159,1.122174,0.694907,50.050000,70.000000
0.634848,-0.105041,-2.659913,-0.153892,50.050000,70.000000
0.572491,-0.143196,0.139365,-0.056790,50.050000,70.000000
-0.695443,-0.318085,-0.126792,0.061697,50.050000,70.000000
-0.060865,-0.958875,-11.325039,10.099359,50.050000,70.000000
0.181121,0.100266,0.121928,0.050297,50.050000,70.000000
-0.822328,-0.871959,-0.783610,-0.805338,50.050000,70.000000
0.977248,0.602972,-0.728235,0.417985,50.050000,70.000000
0.148302,0.509125,-0.352413,-0.035857,50.050000,70.000000
0.862210,-0.841338,0.572983,-0.319297,50.050000,70.000000
-0.360725,-0.711809,0.310071,-0.217614,50.050000,70.000000
0.624637,0.267111,0.164746,-0.040070,50.050000,70.000000
-0.671101,0.813679,-0.618883,0.693434,50.050000,70.000000
-0.492550,-0.288278,-0.495602,-0.234096,50.050000,70.000000
0.913859,-0.765206,-0.866273,-0.783752,50.050000,70.000000
-0.822372,0.402035,0.841991,0.395914,50.050000,70.000000
-0.994132,-0.369136,12.299726,19.092951,50.050000,70.000000
-0.072536,0.889114,-0.465737,0.298746,50.050000,70.000000
-0.667751,-0.888116,0.637754,-0.754855,50.050000,70.000000
-0.567321,-0.963600,-0.946560,-0.705645,50.050000,70.000000
0.772838,-0.919606,0.768758,-0.846548,50.050000,70.000000
0.188561,-0.855687,11.038419,-6.394881,50.050000,70.000000
0.460189,0.396609,0.501726,0.126364,50.050000,70.000000
-0.194875,0.733329,-3.279260,0.212141,50.050000,70.000000
-0.936917,-0.767391,0.792400,-0.376039,50.050000,70.000000
0.452547,-0.038071,1.000522,-0.233282,50.050000,70.000000
0.143575,-0.940184,-23.775450,15.858291,50.050000,70.000000
0.321252,-0.713547,-0.914228,0.438114,50.050000,70.000000
-0.588445,0.005274,-1.502789,0.038117,50.050000,70.000000
0.634219,-0.683945,-0.741879,-0.622034,50.050000,70.000000
0.944258,0.142793,16.491068,1.592360,50.050000,70.000000
-0.078764,0.207105,-0.004258,-0.072363,50.050000,70.000000
0.806975,0.833387,-0.740976,0.803987,50.050000,70.000000
0.743330,-0.851503,-0.719860,-0.856618,50.050000,70.000000
0.790228,-0.630103,0.358786,-0.022256,50.050000,70.000000
-0.132877,0.744632,13.103954,-3.379552,50.050000,70.000000
-0.973498,0.417035,0.406310,0.048719,50.050000,70.000000
-0.889121,0.536205,0.121265,-0.066268,50.050000,70.000000
0.000973,0.353066,-0.129415,0.823072,50.050000,70.000000
-0.027817,0.475436,4.352744,0.685058,50.050000,70.000000
0.653602,-0.914470,-0.059273,0.152947,50.050000,70.000000
0.497526,-0.074178,-0.838413,0.005984,50.050000,70.000000
-0.714804,0.291957,-0.386628,-0.071708,50.050000,70.000000
0.916289,0.071380,-0.894373,0.015290,50.050000,70.000000
-0.320642,0.964291,7.702060,2.339353,50.050000,70.000000
0.837221,-0.822422,-0.739432,-0.715421,50.050000,70.000000
-0.450929,-0.771510,0.632588,-0.618484,50.050000,70.000000
-0.770781,-0.515814,0.625387,-0.596869,50.050000,70.000000
0.718977,-0.153632,0.256375,-0.050993,50.050000,70.000000
-0.092659,0.682646,18.497197,-20.476922,50.050000,70.000000
-0.761687,0.332881,-0.197469,-0.043070,50.050000,70.000000
0.722977,-0.924165,0.795274,-0.883815,50.050000,70.000000
-0.444899,0.584151,5.237294,0.027690,50.050000,70.000000
-0.173148,-0.100146,-0.107333,-0.034445,50.050000,70.000000
0.846556,0.068560,11.947600,0.934300,50.050000,70.000000
0.294495,-0.415551,0.108924,2.229994,50.050000,70.000000
-0.164483,-0.467255,-8.452535,2.582988,50.050000,70.000000
0.851417,-0.230562,2.274578,-0.954420,50.050000,70.000000
0.941724,-0.448199,-0.101112,0.074639,50.050000,70.000000
-0.880310,0.622194,-0.820063,0.229559,50.050000,70.000000
-0.789850,0.986132,0.477705,0.094908,50.050000,70.000000
-0.083239,-0.994318,0.009388,-0.522398,50.050000,70.000000
0.505137,-0.160516,-0.395240,-0.225460,50.050000,70.000000
0.213114,-0.192039,-5.407254,-0.330017,50.050000,70.000000
0.401537,0.637007,-0.351181,-1.524174,50.050000,70.000000
0.169398,-0.933244,1.153365,-0.819825,50.050000,70.000000
0.964646,0.801009,0.678987,0.623089,50.050000,70.000000
0.550596,-0.128153,-0.259318,0.205707,50.050000,70.000000
0.132817,0.257334,0.100827,-0.146408,50.050000,70.000000
-0.988321,-0.718932,0.517990,-0.584233,50.050000,70.000000
0.906998,-0.079854,-7.729312,1.300012,50.050000,70.000000
-0.114332,0.423386,-1.476933,-1.838648,50.050000,70.000000
-0.158607,0.288299,-1.041477,1.503413,50.050000,70.000000
-0.561078,-0.037455,0.240846,-0.084184,50.050000,70.000000
0.487875,-0.288689,-0.262171,-0.064860,50.050000,70.000000
0.010125,0.173419,0.736469,-0.562627,50.050000,70.000000
0.655656,-0.383136,0.354679,-0.034065,50.050000,70.000000
0.632540,-0.894906,-0.655473,-0.867021,50.050000,70.000000
-0.693034,0.175987,1.509371,-0.056141,50.050000,70.000000
-0.178896,-0.707940,2.150262,0.477631,50.050000,70.000000
-0.351900,-0.378398,-0.599636,0.179399,50.050000,70.000000
0.269448,0.606833,-0.866255,-0.660581,50.050000,70.000000
-0.961251,0.247369,-0.002876,1.866158,50.050000,70.000000
-0.465298,-0.265826,0.463543,-0.157309,50.050000,70.000000
0.258606,0.393507,0.252675,-0.532071,50.050000,70.000000
-0.324818,0.781763,0.510931,-0.169960,50.050000,70.000000
-0.911836,0.764692,0.619952,0.292372,50.050000,70.000000
0.175454,0.861962,-2.926919,32.920296,50.050000,70.000000
0.987536,-0.477219,0.933697,-0.564309,50.050000,70.000000
-0.613116,-0.632373,-0.105419,0.097463,50.050000,70.000000
-0.294206,-0.721128,1.855088,1.522188,50.050000,70.000000
0.009111,-0.874323,-0.043608,0.091315,50.050000,70.000000
-0.742140,0.857425,0.551154,0.299981,50.050000,70.000000
0.734579,0.066804,5.816897,0.537417,50.050000,70.000000
0.773102,-0.477014,0.564703,-0.573088,50.050000,70.000000
0.824774,-0.028175,-5.542052,0.023987,50.050000,70.000000
0.455675,0.522322,0.488237,0.196519,50.050000,70.000000
0.673489,-0.672544,-0.728291,-0.590328,50.050000,70.000000
0.546425,-0.238397,0.467241,-0.251326,50.050000,70.000000
-0.733229,0.615204,0.667605,0.517348,50.050000,70.000000
-0.269319,-0.447256,0.150044,0.026869,50.050000,70.000000
0.972360,0.462816,0.849241,0.494906,50.050000,70.000000
0.548101,-0.073751,0.283586,-0.098777,50.050000,70.000000
0.463432,0.909713,-1.210264,0.571359,50.050000,70.000000
-0.460668,-0.448722,-0.558207,-0.225579,50.050000,70.000000
0.330771,-0.735438,-6.924477,1.445852,50.050000,70.000000
-0.499411,0.391783,0.057325,-0.078443,50.050000,70.000000
0.702354,0.466946,0.522440,0.357693,50.050000,70.000000
-0.034336,0.908818,0.245533,-0.454894,50.050000,70.000000
0.500916,0.902134,1.232740,0.710815,50.050000,70.000000
0.170541,0.284171,-0.078672,0.117967,50.050000,70.000000
0.057298,-0.998501,-0.371357,0.267754,50.050000,70.000000
0.190030,-0.159705,0.272038,-0.347249,50.050000,70.000000
-0.153930,0.901110,1.214202,1.180311,50.050000,70.000000
0.958007,-0.773293,-0.367026,-0.025138,50.050000,70.000000
-0.727806,-0.233640,0.492307,0.044558,50.050000,70.000000
-0.795210,0.901804,-0.515379,0.326508,50.050000,70.000000
0.621630,-0.270698,-0.244241,-0.083624,50.050000,70.000000
0.372651,-0.859335,-0.399602,-0.109158,50.050000,70.000000
-0.846829,-0.660730,0.857455,-0.583242,50.050000,70.000000
-0.880915,0.459121,-0.856491,0.427222,50.050000,70.000000
0.447676,0.094100,0.502957,0.069048,50.050000,70.000000
-0.467750,0.519731,-0.417386,0.564037,50.050000,70.000000
-0.887535,-0.793704,0.798849,-0.547931,50.050000,70.000000
0.215460,-0.767173,1.237838,1.058764,50.050000,70.000000
0.117041,-0.888755,-0.284234,0.490501,50.050000,70.000000
0.689954,0.059185,-4.149188,0.693699,50.050000,70.000000
0.728222,-0.767488,0.107020,0.133373,50.050000,70.000000
0.829937,0.758465,0.806291,0.713111,50.050000,70.000000
-0.485455,0.962564,1.731617,1.304174,50.050000,70.000000
-0.179011,-0.645812,-26.294737,17.163192,50.050000,70.000000
-0.160546,-0.301016,-0.347784,0.563856,50.050000,70.000000
0.827582,-0.823288,-0.759836,-0.774817,50.050000,70.000000
0.992540,-0.375962,23.725794,9.360333,50.050000,70.000000
-0.800112,0.509717,-0.338017,-0.023955,50.050000,70.000000
0.820028,0.211104,-1.247810,-0.197195,50.050000,70.000000
0.026127,-0.885657,13.085533,-17.724772,50.050000,70.000000
0.757020,-0.763838,0.597329,-0.447065,50.050000,70.000000
0.169983,0.905269,7.949349,2.345396,50.050000,70.000000
0.855045,0.740329,0.848621,0.733193,50.050000,70.000000
0.714137,0.500463,-0.327108,0.079701,50.050000,70.000000
-0.711968,-0.049712,-0.498721,0.073232,50.050000,70.000000
0.489524,-0.565748,0.436163,-0.704314,50.050000,70.000000
-0.522900,-0.385246,-0.373800,-0.188922,50.050000,70.000000
-0.831838,-0.701947,0.406981,-0.137338,50.050000,70.000000
0.372393,0.802790,-0.007707,-26.832419,50.050000,70.000000
0.492563,0.510969,0.658865,0.280788,50.050000,70.000000
-0.137636,0.759044,-0.117520,0.146466,50.050000,70.000000
-0.746775,0.956938,0.946661,0.822090,50.050000,70.000000
-0.741181,0.976646,0.995802,0.874965,50.050000,70.000000
0.489190,-0.189182,-0.134250,0.036362,50.050000,70.000000
0.419412,-0.943771,2.429613,-4.276884,50.050000,70.000000
0.040772,-0.748442,-0.211815,-0.272941,50.050000,70.000000
0.941995,0.116969,2.685921,0.327018,50.050000,70.000000
-0.099260,-0.259738,-1.212638,-3.601465,50.050000,70.000000
0.584001,-0.687682,-0.265033,-0.068027,50.050000,70.000000
0.123902,0.412588,-0.654172,-0.018530,50.050000,70.000000
0.367675,-0.491213,0.195188,-0.007806,50.050000,70.000000
0.187474,0.870773,-4.462309,-1.225791,50.050000,70.000000
-0.912137,-0.290814,11.323284,1.668139,50.050000,70.000000
0.288901,-0.440753,-0.115847,-0.095446,50.050000,70.000000
0.265619,0.263637,-0.127736,0.101122,50.050000,70.000000
0.948802,0.521426,0.479673,0.396396,50.050000,70.000000
-0.388985,0.331151,2.219894,0.096866,50.050000,70.000000
-0.344565,0.890706,-10.161601,-18.832706,50.050000,70.000000
0.096992,0.144381,-0.051471,0.420813,50.050000,70.000000
0.603207,0.095954,-0.318785,0.110882,50.050000,70.000000
0.695615,-0.790854,0.556159,-0.472372,50.050000,70.000000
0.119805,-0.435106,-0.101175,0.157630,50.050000,70.000000
-0.822388,0.117234,0.877250,-0.054316,50.050000,70.000000
0.345758,-0.846811,-0.280665,-0.429993,50.050000,70.000000
-0.350837,-0.510656,4.965254,0.005024,50.050000,70.000000
-0.592541,-0.841700,-0.587193,-0.798717,50.050000,70.000000
-0.454368,-0.559809,-0.385714,-0.243476,50.050000,70.000000
-0.701646,-0.560205,0.652122,-0.544229,50.050000,70.000000
0.626781,0.315367,-0.483888,0.226899,50.050000,70.000000
0.381087,0.927710,-0.815377,1.307107,50.050000,70.000000
0.015089,-0.392757,1.613998,-1.740372,50.050000,70.000000
0.926087,0.737078,-0.409144,0.211010,50.050000,70.000000
0.063524,-0.352681,-1.248105,-0.970012,50.050000,70.000000
0.484572,0.199782,-0.425275,0.174465,50.050000,70.000000
-0.262791,-0.726693,3.050026,-0.652186,50.050000,70.000000
0.473339,-0.597101,-0.222253,0.104003,50.050000,70.000000
0.523181,-0.900540,-0.780664,-0.363501,50.050000,70.000000
0.618526,-0.432229,-0.569941,-0.374978,50.050000,70.000000
-0.465429,-0.457335,0.364550,-0.226131,50.050000,70.000000
-0.426679,0.813607,-1.068756,0.069183,50.050000,70.000000
0.299841,-0.568988,2.578038,0.713023,50.050000,70.000000
-0.987355,-0.480562,-0.825190,-0.367760,50.050000,70.000000
-0.807104,0.999585,-0.721519,0.656124,50.050000,70.000000
0.021587,0.805051,0.688528,-1.660731,50.050000,70.000000
0.492044,-0.224730,-0.168441,0.025511,50.050000,70.000000
0.961692,-0.834326,0.962929,-0.631323,50.050000,70.000000
-0.520226,0.559745,-0.733736,0.411070,50.050000,70.000000
-0.357450,0.340563,0.679014,-0.113020,50.050000,70.000000
-0.161402,-0.685820,0.157823,-0.224252,50.050000,70.000000
-0.574722,0.639360,0.477018,0.100402,50.050000,70.000000
-0.280734,-0.296188,-2.075260,0.152554,50.050000,70.000000
-0.032910,0.881472,6.043116,-39.773036,50.050000,70.000000
0.901342,0.851548,0.878202,0.846247,50.050000,70.000000
-0.039069,-0.636067,9.830301,27.718546,50.050000,70.000000
-0.379510,-0.422270,0.232530,0.176282,50.050000,70.000000
0.907410,0.847750,0.870498,0.843670,50.050000,70.000000
0.137296,-0.458410,-0.537072,1.329716,50.050000,70.000000
-0.490534,-0.398299,0.212865,0.054014,50.050000,70.000000
-0.209789,0.069122,-0.110534,0.032802,50.050000,70.000000
-0.261613,-0.923505,-27.373488,-1.493261,50.050000,70.000000
0.643282,-0.360666,-0.544397,-0.260490,50.050000,70.000000
0.290389,0.564559,-4.419207,0.296972,50.050000,70.000000
0.551039,-0.687107,0.764638,-0.516346,50.050000,70.000000
-0.210501,0.107096,0.004003,0.077414,50.050000,70.000000
-0.036993,0.256313,-0.828181,0.935785,50.050000,70.000000
-0.143253,0.341725,7.492008,1.093442,50.050000,70.000000
-0.622934,0.349977,-0.472470,0.196038,50.050000,70.000000
0.067295,-0.975494,-1.040374,-0.280023,50.050000,70.000000
0.865328,-0.439193,0.167004,0.067808,50.050000,70.000000
0.475113,-0.783784,0.060978,0.131641,50.050000,70.000000
0.944142,0.188721,-0.093586,-0.443598,50.050000,70.000000
-0.170632,0.181470,10.708679,-9.002413,50.050000,70.000000
-0.040663,0.575085,7.803657,-1.764638,50.050000,70.000000
-0.548394,-0.857190,1.369756,0.311621,50.050000,70.000000
-0.794550,0.001881,-3.071859,0.042765,50.050000,70.000000
-0.385749,0.712928,-0.420031,-1.117441,50.050000,70.000000
0.185557,0.651349,0.055094,0.173754,50.050000,70.000000
-0.784534,0.342091,0.625920,0.109535,50.050000,70.000000
-0.483899,-0.882852,0.685868,-0.893839,50.050000,70.000000
-0.095554,0.022587,0.079550,0.002887,50.050000,70.000000
-0.382577,0.022399,0.309050,0.090388,50.050000,70.000000
0.460250,-0.584414,0.311320,-0.097463,50.050000,70.000000
-0.237934,-0.964932,4.248093,-0.932720,50.050000,70.000000
0.392959,0.461385,0.245759,0.105258,50.050000,70.000000
0.500689,-0.923129,-9.016233,0.876988,50.050000,70.000000
0.971982,0.093263,5.295310,-0.217516,50.050000,70.000000
-0.533082,0.489938,-0.447925,0.150352,50.050000,70.000000
0.384366,0.031407,0.060326,-0.010260,50.050000,70.000000
-0.146135,-0.085985,-0.238966,0.152541,50.050000,70.000000
0.850030,0.450301,0.704665,0.445355,50.050000,70.000000
0.209684,0.158002,-0.079796,0.084181,50.050000,70.000000
-0.467384,0.672290,-8.722224,0.039867,50.050000,70.000000
-0.823066,0.729444,-0.821680,0.729294,50.050000,70.000000
-0.239031,0.606708,-0.972227,-1.791668,50.050000,70.000000
0.940108,0.389479,0.084317,-0.043576,50.050000,70.000000
-0.032445,0.701299,-0.121395,-0.066910,50.050000,70.000000
0.723894,0.487693,-0.514461,0.414353,50.050000,70.000000
0.661344,-0.792065,-0.269683,0.077582,50.050000,70.000000
-0.243062,0.864645,0.643056,-0.327822,50.050000,70.000000
0.093375,-0.638208,-3.856112,-3.379697,50.050000,70.000000
-0.370024,-0.988657,-1.684351,0.926573,50.050000,70.000000
-0.350553,0.260784,-0.147691,-0.094537,50.050000,70.000000
0.998454,-0.989760,0.942858,-1.014443,50.050000,70.000000
-0.897639,-0.620313,-1.940640,-0.315322,50.050000,70.000000
0.393809,0.754605,0.744671,0.272885,50.050000,70.000000
0.647797,-0.479257,-0.139629,0.083642,50.050000,70.000000
-0.878588,-0.428724,0.763661,-0.311932,50.050000,70.000000
0.439317,-0.397916,-0.418308,-0.063972,50.050000,70.000000
0.228135,0.264422,1.259974,0.912808,50.050000,70.000000
0.142793,-0.076886,0.049130,-0.052876,50.050000,70.000000
-0.223826,0.152253,0.166843,0.007305,50.050000,70.000000
0.909419,0.607467,-0.445580,0.257035,50.050000,70.000000
-0.301298,0.080936,0.068892,-0.012562,50.050000,70.000000
0.297430,0.898261,1.189233,-0.828244,50.050000,70.000000
-0.929073,-0.933000,0.757862,-0.835740,50.050000,70.000000
-0.923035,0.542562,-0.851689,0.458296,50.050000,70.000000
0.833512,0.831765,-0.663188,0.641861,50.050000,70.000000
-0.518888,-0.951965,0.023513,0.002270,50.050000,70.000000
0.323001,0.673358,2.216215,1.612873,50.050000,70.000000
-0.872333,0.694160,-0.790821,0.701081,50.050000,70.000000
0.751273,0.639590,-0.631270,0.504724,50.050000,70.000000
-0.403285,-0.003657,-1.068918,-0.038576,50.050000,70.000000
0.534286,-0.249069,0.416952,-0.185899,50.050000,70.000000
-0.095158,0.677067,-0.133493,9.711010,50.050000,70.000000
-0.536680,0.026070,-0.174494,0.039486,50.050000,70.000000
0.156019,0.217938,-0.699985,0.350425,50.050000,70.000000
0.875670,-0.621371,0.091039,0.109053,50.050000,70.000000
0.622582,-0.259403,0.471402,-0.265159,50.050000,70.000000
0.221163,-0.912714,-5.059277,-0.844106,50.050000,70.000000
0.014161,0.012310,0.001662,-0.007596,50.050000,70.000000
0.887903,0.993597,0.539371,0.166035,50.050000,70.000000
-0.610449,0.191310,-0.311437,0.767526,50.050000,70.000000
-0.655534,0.438888,0.209554,-0.025055,50.050000,70.000000
0.398271,-0.255113,-0.030475,0.013406,50.050000,70.000000
0.323186,-0.205736,0.152687,-0.068999,50.050000,70.000000
0.188369,-0.082719,0.158247,-0.028927,50.050000,70.000000
-0.252920,-0.834681,-15.218721,22.283872,50.050000,70.000000
-0.486471,-0.116139,-4.428093,0.843478,50.050000,70.000000
0.059703,-0.579906,-9.722500,10.693516,50.050000,70.000000
-0.478430,-0.966497,-2.316032,-0.458741,50.050000,70.000000
0.091177,0.415208,0.390740,1.638326,50.050000,70.000000
0.407390,-0.992779,0.379045,0.226052,50.050000,70.000000
0.362365,0.276219,6.872003,3.665857,50.050000,70.000000
0.412901,-0.367182,-0.433211,-0.164028,50.050000,70.000000
0.766534,-0.865652,-0.528044,-0.394190,50.050000,70.000000
0.995124,-0.949772,0.617676,-0.381067,50.050000,70.000000
-0.811967,-0.727808,-0.580499,-0.332992,50.050000,70.000000
-0.275668,0.846867,-11.844546,2.954568,50.050000,70.000000
-0.698776,-0.329579,-0.499825,-0.460928,50.050000,70.000000
0.769237,0.561820,0.695594,0.478173,50.050000,70.000000
0.511076,-0.350359,0.501924,-0.306442,50.050000,70.000000
-0.482429,-0.181766,-0.295428,-0.054876,50.050000,70.000000
-0.947035,-0.818242,-0.925033,-0.787478,50.050000,70.000000
-0.189809,-0.119984,0.663371,0.186566,50.050000,70.000000
-0.569250,0.622427,0.595120,0.433855,50.050000,70.000000
-0.865897,0.876200,-0.018600,-0.182293,50.050000,70.000000
0.290782,-0.825774,28.592245,11.892281,50.050000,70.000000
-0.788438,0.720489,0.074128,-0.134663,50.050000,70.000000
-0.745387,0.284246,-0.415498,0.439444,50.050000,70.000000
-0.683690,-0.777598,0.424074,-0.075388,50.050000,70.000000
0.907001,-0.030282,-3.544640,0.270733,50.050000,70.000000
-0.953982,0.427496,-0.986596,0.031581,50.050000,70.000000
0.931328,0.835981,0.853904,0.854046,50.050000,70.000000
0.326408,-0.056856,0.192460,-0.004635,50.050000,70.000000
0.416991,0.374746,0.578016,0.117711,50.050000,70.000000
0.354928,-0.724422,-0.143373,-0.072073,50.050000,70.000000
0.638957,0.951366,1.029693,0.770720,50.050000,70.000000
-0.387712,-0.268910,12.719268,1.286793,50.050000,70.000000
0.427990,-0.763814,-0.395333,0.071277,50.050000,70.000000
0.581415,-0.153208,0.318143,-0.109437,50.050000,70.000000
-0.973167,-0.022236,1.626595,0.099211,50.050000,70.000000
0.287808,-0.815111,-0.066555,-0.105821,50.050000,70.000000
0.423506,-0.131546,0.270643,-0.036564,50.050000,70.000000
-0.898421,0.239792,-3.672056,0.149308,50.050000,70.000000
0.181313,-0.666567,0.595442,-2.276277,50.050000,70.000000
-0.983593,0.753903,3.437268,3.363081,50.050000,70.000000
0.850547,-0.858046,0.769946,-0.672965,50.050000,70.000000
0.815684,-0.795382,-0.560556,-0.367676,50.050000,70.000000
0.023125,0.655470,-2.242599,-1.051673,50.050000,70.000000
0.490903,0.598427,0.193809,0.024100,50.050000,70.000000
-0.239066,0.023174,-0.201442,0.016172,50.050000,70.000000
-0.517376,0.456656,-0.636928,0.339182,50.050000,70.000000
-0.986281,-0.423923,1.183603,-0.739912,50.050000,70.000000
-0.873039,0.841108,-0.775846,0.869900,50.050000,70.000000
0.508054,0.867915,1.410147,-0.286757,50.050000,70.000000
-0.945383,0.949748,0.298609,-0.161816,50.050000,70.000000
0.408674,0.585585,0.600154,0.215654,50.050000,70.000000
-0.066585,0.911835,1.158840,-1.103345,50.050000,70.000000
-0.796968,-0.637293,-0.767206,-0.615850,50.050000,70.000000
-0.978310,-0.460680,-0.871811,-0.444740,50.050000,70.000000
-0.654868,-0.374569,-0.597826,-0.361187,50.050000,70.000000
0.620376,0.656114,0.758645,0.527463,50.050000,70.000000
-0.697250,-0.682614,-0.523877,-0.355385,50.050000,70.000000
-0.688245,0.669021,0.386670,0.046831,50.050000,70.000000
0.241488,0.690037,0.086242,-0.135910,50.050000,70.000000
-0.542587,0.743301,-0.453908,0.269930,50.050000,70.000000
0.656954,-0.572094,0.387813,-0.120407,50.050000,70.000000
0.822032,-0.113062,0.278458,0.053898,50.050000,70.000000
-0.234481,-0.924155,8.960222,1.324789,50.050000,70.000000
-0.267131,0.333471,-0.205142,0.115160,50.050000,70.000000
0.646140,-0.321049,0.431834,-0.297028,50.050000,70.000000
0.121587,-0.492481,1.989279,-0.776358,50.050000,70.000000
0.865908,-0.682372,-0.558263,-0.385702,50.050000,70.000000
-0.625921,0.147184,3.455221,0.028671,50.050000,70.000000
-0.282395,-0.207087,-0.392031,-0.331653,50.050000,70.000000
-0.511405,0.822720,-0.930956,-2.036151,50.050000,70.000000
-0.552732,0.232385,-0.478527,0.294578,50.050000,70.000000
-0.302740,-0.157267,-7.887519,-1.603128,50.050000,70.000000
0.819852,-0.739735,0.765698,-0.638356,50.050000,70.000000
-0.718439,-0.805127,-0.697315,-0.708619,50.050000,70.000000
0.228580,-0.257498,9.670974,15.523029,50.050000,70.000000
0.236288,-0.702739,17.924537,0.700192,50.050000,70.000000
-0.940074,0.182065,0.011593,0.007865,50.050000,70.000000
-0.025963,-0.355829,12.806450,-4.139809,50.050000,70.000000
-0.422060,0.438120,0.803076,0.221834,50.050000,70.000000
-0.509885,0.366298,0.570619,0.315559,50.050000,70.000000
0.375605,0.793280,2.216821,2.636924,50.050000,70.000000
0.659429,-0.972077,0.411178,-0.404785,50.050000,70.000000
0.308843,0.725952,-0.052961,0.094252,50.050000,70.000000
-0.917360,-0.064500,-1.926285,0.054141,50.050000,70.000000
-0.052735,-0.313020,0.778808,0.376556,50.050000,70.000000
-0.919218,0.698457,-0.319611,-0.504680,50.050000,70.000000
0.961112,-0.588862,-4.839377,3.155885,50.050000,70.000000
0.989841,0.265532,-10.872492,-1.000806,50.050000,70.000000
0.794925,0.304404,-0.015527,-0.089849,50.050000,70.000000
0.115452,0.409958,0.839138,-0.775227,50.050000,70.000000
0.165844,-0.663390,10.245466,3.136686,50.050000,70.000000
0.403938,0.986495,1.458049,-0.275635,50.050000,70.000000
0.022268,0.264969,-0.907553,0.555947,50.050000,70.000000
-0.670912,-0.019600,0.685708,0.034358,50.050000,70.000000
0.590364,0.248399,-0.453279,0.319524,50.050000,70.000000
0.847539,0.579930,-0.564122,0.346644,50.050000,70.000000
0.881519,-0.311263,-0.161060,0.529165,50.050000,70.000000
0.605337,-0.098814,-11.184362,-1.167679,50.050000,70.000000
-0.763595,0.266712,0.238977,-0.139276,50.050000,70.000000
0.623548,-0.027841,0.885263,0.035611,50.050000,70.000000
0.069185,0.790095,18.051944,26.002003,50.050000,70.000000
-0.875535,0.886478,0.520465,0.664246,50.050000,70.000000
-0.955938,-0.448248,0.912703,-0.359751,50.050000,70.000000
0.300018,0.406566,4.228042,1.235627,50.050000,70.000000
-0.846454,-0.359485,-0.011622,-0.160781,50.050000,70.000000
0.138453,0.972180,-2.197134,-0.892971,50.050000,70.000000
-0.571608,0.979957,-0.634562,0.398731,50.050000,70.000000
0.141938,-0.448417,2.071159,-0.602109,50.050000,70.000000
-0.538042,-0.878473,0.572077,-0.229401,50.050000,70.000000
-0.493231,0.260476,-0.506311,0.248354,50.050000,70.000000
-0.179316,0.240360,-0.890451,0.264225,50.050000,70.000000
-0.266697,-0.374591,0.219643,-6.053251,50.050000,70.000000
0.244882,-0.263886,-0.180110,0.155025,50.050000,70.000000
0.870602,0.201357,-1.072764,0.030883,50.050000,70.000000
0.205239,-0.554820,-0.650576,-0.039523,50.050000,70.000000
-0.865109,0.118651,1.039010,0.028196,50.050000,70.000000
0.174454,0.047539,0.076360,-0.030362,50.050000,70.000000
0.994280,0.869207,-0.587945,0.568112,50.050000,70.000000
0.766656,-0.813781,-0.398367,-0.109656,50.050000,70.000000
0.783193,-0.880030,0.655150,-0.421698,50.050000,70.000000
-0.672280,0.989893,1.030984,0.858862,50.050000,70.000000
-0.869952,0.722079,-0.665569,0.271963,50.050000,70.000000
-0.020496,-0.473675,0.067876,-0.077898,50.050000,70.000000
0.944537,0.835484,0.864222,0.874277,50.050000,70.000000
-0.020994,-0.841707,-1.981601,-5.858707,50.050000,70.000000
-0.573923,0.068940,11.611558,0.382731,50.050000,70.000000
0.671452,-0.899621,-0.488497,-0.460306,50.050000,70.000000
0.074463,-0.505163,-0.286431,-0.306027,50.050000,70.000000
-0.272470,0.590295,-22.675679,-0.158981,50.050000,70.000000
-0.916806,-0.761436,0.963988,-0.706035,50.050000,70.000000
0.548351,0.132578,-0.645495,-0.091831,50.050000,70.000000
0.236897,-0.476242,-1.324338,1.065622,50.050000,70.000000
-0.195365,0.499629,9.891229,-2.526918,50.050000,70.000000
-0.740782,-0.324185,-0.370430,0.034739,50.050000,70.000000
-0.584142,0.320879,-0.316895,0.107244,50.050000,70.000000
-0.992565,-0.040494,-0.826393,0.107384,50.050000,70.000000
-0.588670,0.219878,0.525939,0.208439,50.050000,70.000000
-0.510848,0.178659,-0.369669,0.184968,50.050000,70.000000
0.717650,-0.452461,0.517978,-0.302989,50.050000,70.000000
-0.506334,0.043491,3.112422,0.420413,50.050000,70.000000
0.951638,0.182184,1.027911,-0.105204,50.050000,70.000000
-0.039035,-0.068327,0.028313,-0.061268,50.050000,70.000000
-0.365282,0.699013,-18.812054,3.439806,50.050000,70.000000
0.305280,0.848687,1.434318,-0.914396,50.050000,70.000000
-0.125409,0.252140,0.408379,-0.807155,50.050000,70.000000
-0.286243,-0.878427,15.329133,-14.430569,50.050000,70.000000
0.282268,0.076828,0.043466,-0.028295,50.050000,70.000000
-0.759150,0.964632,0.980426,0.904444,50.050000,70.000000
0.573324,-0.146736,-0.281779,0.430497,50.050000,70.000000
-0.198186,-0.916821,0.293248,-0.435779,50.050000,70.000000
0.992863,-0.948970,0.573142,-0.299746,50.050000,70.000000
0.659093,-0.625345,0.695970,-0.523183,50.050000,70.000000
-0.170893,-0.200061,2.487795,0.583364,50.050000,70.000000
-0.419053,0.980297,2.691306,1.715841,50.050000,70.000000
-0.155550,-0.332917,5.632230,25.866847,50.050000,70.000000
0.656658,0.449850,-0.472959,0.293640,50.050000,70.000000
0.633430,0.054492,-0.270674,-0.026304,50.050000,70.000000
-0.154693,0.081282,-0.039227,0.045581,50.050000,70.000000
0.114895,-0.959208,-2.966189,-19.003427,50.050000,70.000000
0.596600,-0.951539,0.889456,-0.607106,50.050000,70.000000
-0.511191,0.409106,0.423826,0.198380,50.050000,70.000000
-0.150542,-0.162351,0.612965,0.547289,50.050000,70.000000
-0.631687,-0.767326,0.613163,-0.711433,50.050000,70.000000
-0.446768,-0.826622,0.841330,-0.383322,50.050000,70.000000
0.964878,0.697069,0.613915,0.163414,50.050000,70.000000
-0.360013,-0.731500,-0.352886,0.339535,50.050000,70.000000
-0.327710,0.181325,0.131805,0.083322,50.050000,70.000000
-0.477857,0.655555,0.932895,0.209583,50.050000,70.000000
-0.090568,-0.177472,0.085080,-0.113806,50.050000,70.000000
-0.774418,0.359585,0.586961,0.148716,50.050000,70.000000
-0.455595,0.809178,0.577085,-1.548927,50.050000,70.000000
-0.149592,-0.193991,-0.047627,0.110862,50.050000,70.000000
-0.399481,-0.071502,0.132158,-0.008832,50.050000,70.000000
0.259599,-0.914647,-0.995009,0.689335,50.050000,70.000000
-0.476400,-0.855219,1.300555,0.173451,50.050000,70.000000
0.330026,0.745627,-7.959681,-9.821703,50.050000,70.000000
-0.240721,0.208085,2.841233,1.063401,50.050000,70.000000
-0.710268,0.518258,-0.611427,0.560680,50.050000,70.000000
0.354560,-0.906565,-0.469011,-0.243489,50.050000,70.000000
-0.638351,-0.759899,0.546475,-0.553874,50.050000,70.000000
0.369280,0.497051,-1.142687,-0.141510,50.050000,70.000000
-0.060800,0.129303,0.678743,-0.920063,50.050000,70.000000
-0.804816,-0.535736,-0.629677,-0.639807,50.050000,70.000000
-0.107986,-0.915270,-4.299042,-1.153548,50.050000,70.000000
-0.937485,-0.313590,-0.563583,-1.007913,50.050000,70.000000
-0.501465,-0.118608,-0.437979,-0.091006,50.050000,70.000000
0.562461,-0.712483,-0.732136,-0.622794,50.050000,70.000000
-0.708353,0.709914,0.149704,-0.111929,50.050000,70.000000
-0.469116,-0.427153,0.608601,-0.245985,50.050000,70.000000
0.843781,-0.575959,-0.591734,-0.520983,50.050000,70.000000
-0.136739,-0.176197,4.460672,-12.908291,50.050000,70.000000
0.658564,0.484682,0.602684,0.446555,50.050000,70.000000
0.055555,-0.285542,2.753965,2.124654,50.050000,70.000000
0.896095,0.675320,-0.177104,-0.083381,50.050000,70.000000
0.104700,-0.312475,-4.941356,3.451661,50.050000,70.000000
0.224767,-0.337540,-0.271271,-0.218252,50.050000,70.000000
0.972931,0.044671,3.134382,-0.060309,50.050000,70.000000
0.788275,0.544633,0.681688,0.360077,50.050000,70.000000
-0.345453,-0.030455,-0.421852,0.074956,50.050000,70.000000
0.146990,0.463088,2.232747,-16.771440,50.050000,70.000000
-0.880908,0.571414,-0.549667,0.215694,50.050000,70.000000
-0.248140,-0.480738,2.618360,3.319203,50.050000,70.000000
0.244342,0.664053,-1.801956,-9.232829,50.050000,70.000000
0.738871,0.202449,-0.105882,0.072715,50.050000,70.000000
0.566417,-0.222342,0.255733,-0.061174,50.050000,70.000000
-0.909288,-0.400947,-0.085097,-0.477873,50.050000,70.000000
-0.723939,0.749971,0.388185,0.077680,50.050000,70.000000
0.768864,0.300052,-0.286517,0.121808,50.050000,70.000000
0.968311,0.409827,-1.024661,1.372455,50.050000,70.000000
-0.031879,0.210321,1.313912,0.874738,50.050000,70.000000
0.873412,-0.557050,-0.346278,-0.182635,50.050000,70.000000
-0.345669,0.335856,-0.267266,-0.294058,50.050000,70.000000
0.730409,-0.020743,-0.234753,-0.000598,50.050000,70.000000
-0.633359,-0.863710,0.559205,-0.312084,50.050000,70.000000
-0.370841,-0.731511,-12.927811,-13.385578,50.050000,70.000000
-0.497323,-0.505620,0.084740,0.073710,50.050000,70.000000
0.043600,0.789896,2.183302,-0.792458,50.050000,70.000000
-0.222137,0.539042,-0.109513,0.825939,50.050000,70.000000
-0.325340,0.003441,0.210662,0.002431,50.050000,70.000000
-0.167303,0.144737,-0.145644,0.131189,50.050000,70.000000
0.593385,-0.985606,0.520592,-0.524680,50.050000,70.000000
0.919538,0.681718,0.792725,0.589844,50.050000,70.000000
-0.360955,-0.577237,-0.788869,0.044314,50.050000,70.000000
0.374148,0.309689,0.146582,1.091159,50.050000,70.000000
0.946043,0.140656,-2.985034,-0.122476,50.050000,70.000000
0.003241,0.469863,-0.451069,-0.218118,50.050000,70.000000
0.987928,0.098544,1.076286,0.093476,50.050000,70.000000
0.225709,-0.507033,7.593355,5.856310,50.050000,70.000000
0.298537,-0.491650,-4.034051,-10.147970,50.050000,70.000000
0.831219,0.294488,0.293927,0.174302,50.050000,70.000000
-0.533839,-0.226613,0.132569,0.027129,50.050000,70.000000
-0.686094,0.813323,-0.546269,0.507914,50.050000,70.000000
-0.474588,-0.407418,0.280922,-0.044668,50.050000,70.000000
0.519472,0.758359,0.808166,0.185588,50.050000,70.000000
-0.263684,0.261720,14.059115,1.715529,50.050000,70.000000
0.735733,-0.542286,-0.608340,-0.559840,50.050000,70.000000
-0.204559,-0.017741,0.183593,0.015058,50.050000,70.000000
-0.179668,0.324392,0.201906,0.983261,50.050000,70.000000
0.056170,0.051151,-0.054127,-0.040216,50.050000,70.000000
-0.307139,-0.084180,0.317238,-0.083645,50.050000,70.000000
-0.816262,-0.918129,-0.459848,-0.198249,50.050000,70.000000
-0.991972,-0.066585,1.386114,0.191888,50.050000,70.000000
0.905464,0.131273,5.348627,-0.324154,50.050000,70.000000
0.299975,-0.319518,-1.552070,8.183467,50.050000,70.000000
-0.133212,-0.887646,0.038700,-0.269236,50.050000,70.000000
-0.668887,0.024496,2.963371,0.016118,50.050000,70.000000
-0.291161,0.462733,5.247574,0.831041,50.050000,70.000000
-0.853305,0.506828,-0.554884,0.400636,50.050000,70.000000
0.263230,0.099790,0.708814,0.275528,50.050000,70.000000
-0.827734,0.281456,-11.890750,-6.493733,50.050000,70.000000
0.427702,0.390631,-0.242836,-0.086211,50.050000,70.000000
-0.672433,0.412450,-0.564625,0.439776,50.050000,70.000000
0.053355,0.732531,-8.256614,-6.121694,50.050000,70.000000
-0.351142,0.357563,3.722247,0.667355,50.050000,70.000000
-0.446378,-0.273885,0.479825,-0.151480,50.050000,70.000000
0.819529,-0.168449,-0.308701,0.187626,50.050000,70.000000
0.884042,0.096764,-0.424601,-0.083411,50.050000,70.000000
0.316472,0.944875,6.095325,-4.815130,50.050000,70.000000
0.510447,-0.918509,1.021254,-0.201036,50.050000,70.000000
0.622259,0.305935,0.498377,0.254640,50.050000,70.000000
-0.145075,-0.270868,1.947322,1.266659,50.050000,70.000000
-0.472047,0.311582,-0.470340,0.189751,50.050000,70.000000
0.753080,-0.976081,-1.057103,-0.568597,50.050000,70.000000
-0.985301,0.049911,1.152273,-0.024862,50.050000,70.000000
0.858753,-0.937729,-0.796659,-0.792190,50.050000,70.000000
-0.408158,0.084686,0.333543,0.131295,50.050000,70.000000
-0.688652,-0.178958,-1.166742,0.334573,50.050000,70.000000
0.255316,-0.899619,-0.771778,-0.938977,50.050000,70.000000
0.095782,-0.196228,-0.119204,-0.239701,50.050000,70.000000
-0.003573,-0.046746,0.001534,-0.041922,50.050000,70.000000
0.341149,-0.316612,-0.574080,-0.078260,50.050000,70.000000
0.697885,-0.639933,-0.489996,-0.287678,50.050000,70.000000
0.640306,-0.372793,0.288339,-0.085342,50.050000,70.000000
0.464294,-0.610174,-0.627747,-0.361348,50.050000,70.000000
0.808821,-0.149756,-0.925689,-0.197843,50.050000,70.000000
-0.954648,-0.775795,-0.294407,-0.117018,50.050000,70.000000
-0.781643,0.929365,0.740704,0.522826,50.050000,70.000000
-0.164438,0.298133,0.118898,-0.353091,50.050000,70.000000
0.720946,0.947527,0.832960,0.689782,50.050000,70.000000
-0.909975,0.056551,-0.058246,0.041501,50.050000,70.000000
0.452276,-0.602519,-0.910350,-0.541571,50.050000,70.000000
-0.535999,-0.542563,-0.741604,-0.415761,50.050000,70.000000
-0.856787,-0.025147,-0.598437,0.086838,50.050000,70.000000
-0.651340,0.926473,-0.883336,0.812704,50.050000,70.000000
-0.772765,0.142022,-2.947229,0.312837,50.050000,70.000000
0.961645,0.362172,-7.958890,1.894238,50.050000,70.000000
-0.978784,-0.416263,-0.816031,-0.428129,50.050000,70.000000
-0.131894,-0.740633,-6.655194,1.234232,50.050000,70.000000
0.174774,-0.568388,-15.509740,13.975405,50.050000,70.000000
-0.899744,-0.005442,4.336498,0.224678,50.050000,70.000000
0.538411,-0.920476,-1.007556,-0.645265,50.050000,70.000000
-0.434165,0.993248,19.131480,-10.508648,50.050000,70.000000
-0.478958,0.159324,-0.127845,-0.042420,50.050000,70.000000
-0.239118,-0.858733,-15.098855,-3.138746,50.050000,70.000000
-0.721495,-0.173470,0.155388,-0.426729,50.050000,70.000000
0.482253,-0.767304,-0.515196,-0.488751,50.050000,70.000000
-0.069991,-0.334425,3.106550,-2.284773,50.050000,70.000000
-0.683701,-0.968280,-0.133741,0.107859,50.050000,70.000000
0.120331,0.401648,-0.002922,-0.130825,50.050000,70.000000
0.494204,0.086524,-0.227206,-0.043435,50.050000,70.000000
0.209713,0.640951,-2.126030,-0.316626,50.050000,70.000000
0.466446,-0.434488,0.671119,-0.224396,50.050000,70.000000
-0.440725,0.730130,-3.173369,0.349903,50.050000,70.000000
-0.705561,-0.364115,-0.459681,-0.329993,50.050000,70.000000
0.324056,0.412090,-8.755367,0.432348,50.050000,70.000000
-0.003222,-0.152504,5.219907,-7.456784,50.050000,70.000000
0.869382,-0.302729,-25.906718,1.788664,50.050000,70.000000
0.037140,0.218510,1.085787,-0.450322,50.050000,70.000000
0.496469,0.150838,-0.317790,0.055755,50.050000,70.000000
-0.866950,-0.825232,-0.193553,0.082872,50.050000,70.000000
0.330769,-0.764145,-14.547252,-5.287861,50.050000,70.000000
-0.980018,0.831462,0.185693,-5.168667,50.050000,70.000000
0.373670,0.276719,-0.621411,-0.027391,50.050000,70.000000
0.823368,0.349166,0.013234,0.100170,50.050000,70.000000
0.425135,-0.757082,-0.745134,-0.305673,50.050000,70.000000
-0.283001,-0.401450,0.088353,-0.574027,50.050000,70.000000
0.838045,-0.979391,-0.780915,-0.841852,50.050000,70.000000
-0.620471,-0.256982,0.325995,-0.041536,50.050000,70.000000
0.905761,-0.874831,0.725133,-0.520155,50.050000,70.000000
0.721060,0.858100,-0.770768,0.801886,50.050000,70.000000
0.094867,0.427805,-0.271023,-0.327123,50.050000,70.000000
0.122481,0.535478,-3.644098,2.126230,50.050000,70.000000
-0.219433,-0.010853,-0.022875,-0.000135,50.050000,70.000000
-0.402105,-0.186555,-0.604314,-0.092535,50.050000,70.000000
0.578417,-0.546370,0.546937,-0.311584,50.050000,70.000000
-0.848016,-0.597685,-0.117120,-0.164863,50.050000,70.000000
0.705267,-0.583481,-0.369053,-0.102729,50.050000,70.000000
-0.567587,0.571378,0.580352,0.259032,50.050000,70.000000
-0.850676,0.688029,-0.353719,0.146804,50.050000,70.000000
-0.298203,0.107696,0.715554,-0.146760,50.050000,70.000000
0.054797,0.972612,-0.539104,0.625632,50.050000,70.000000
0.695504,-0.659165,-0.725766,-0.627429,50.050000,70.000000
-0.580980,-0.537620,-0.613186,-0.408300,50.050000,70.000000
0.218119,-0.077681,-0.301922,-0.159462,50.050000,70.000000
0.408798,0.662406,0.367504,0.005607,50.050000,70.000000
-0.936047,-0.148657,-12.497587,-0.221828,50.050000,70.000000
-0.480660,-0.457639,-0.611774,-0.269326,50.050000,70.000000
0.469292,-0.607232,0.442339,-0.432695,50.050000,70.000000
0.244129,-0.921723,1.280905,0.065152,50.050000,70.000000
0.596628,-0.465599,0.624553,-0.436927,50.050000,70.000000
0.670075,-0.056439,-6.676135,0.720452,50.050000,70.000000
-0.563851,-0.644580,0.451087,-0.092329,50.050000,70.000000
0.544192,0.232895,0.415401,0.230622,50.050000,70.000000
0.263503,0.687216,-1.094843,1.316435,50.050000,70.000000
0.046787,0.341060,0.015583,-0.291811,50.050000,70.000000
0.202529,-0.093160,-0.086264,0.052970,50.050000,70.000000
0.254633,-0.385756,0.117158,-0.436434,50.050000,70.000000
0.607147,0.320812,-0.329475,0.144788,50.050000,70.000000
-0.110186,0.100283,-0.091435,-0.088202,50.050000,70.000000
-0.539890,0.063739,3.495456,0.521825,50.050000,70.000000
-0.737885,0.368933,-0.490164,0.399667,50.050000,70.000000
0.652366,0.308241,-0.465376,0.363445,50.050000,70.000000
0.608320,0.028565,0.802006,0.048983,50.050000,70.000000
0.087968,0.485420,3.059439,0.325797,50.050000,70.000000
0.447609,0.965146,-0.126925,-0.129560,50.050000,70.000000
-0.793690,0.452004,-0.570811,0.449423,50.050000,70.000000
0.830935,-0.467701,-0.734114,-0.515322,50.050000,70.000000
-0.647168,-0.953062,-0.691197,-0.921551,50.050000,70.000000
-0.118367,0.604703,2.720451,-1.515366,50.050000,70.000000
-0.760285,-0.115493,0.849501,0.136783,50.050000,70.000000
0.916552,0.481335,0.264260,0.057699,50.050000,70.000000
-0.197006,0.917609,-12.757558,-13.153998,50.050000,70.000000
0.261657,-0.336089,-0.049100,-0.267857,50.050000,70.000000
-0.642372,-0.353433,0.488127,-0.164735,50.050000,70.000000
-0.153308,-0.652831,15.289027,-13.803635,50.050000,70.000000
-0.136176,-0.704020,9.250742,-4.055250,50.050000,70.000000
-0.471824,0.050082,0.643267,-0.079379,50.050000,70.000000
-0.276279,0.574226,0.048647,-0.084531,50.050000,70.000000
-0.990284,0.303878,33.376152,16.585193,50.050000,70.000000
-0.717122,-0.665455,-0.099338,0.120397,50.050000,70.000000
-0.310205,0.391826,0.951442,-1.031794,50.050000,70.000000
-0.586119,-0.906582,0.708177,-0.847251,50.050000,70.000000
-0.932074,0.626911,-0.431353,-0.633912,50.050000,70.000000
0.501539,-0.642400,0.397717,0.161032,50.050000,70.000000
-0.815220,0.591040,-0.418940,0.009100,50.050000,70.000000
-0.389262,-0.328560,-3.073022,-0.216325,50.050000,70.000000
-0.102097,0.060346,-0.102361,0.055450,50.050000,70.000000
0.229547,-0.010033,-0.025376,0.005983,50.050000,70.000000
-0.630904,0.390084,-0.565688,0.358459,50.050000,70.000000
0.147298,-0.360739,-10.302051,-0.850831,50.050000,70.000000
-0.944737,-0.203014,-2.882376,-0.559240,50.050000,70.000000
-0.058489,0.983673,2.633611,-1.189639,50.050000,70.000000
0.595159,0.844146,0.775665,0.772771,50.050000,70.000000
-0.430146,0.542156,0.255243,-0.072320,50.050000,70.000000
0.015163,0.847659,0.414962,-0.683067,50.050000,70.000000
0.613205,0.135803,-0.373408,-1.149092,50.050000,70.000000
0.440233,0.992311,-1.870252,-33.068439,50.050000,70.000000
-0.236069,0.395095,1.629108,-1.410692,50.050000,70.000000
0.363915,0.319261,-0.180254,0.252978,50.050000,70.000000
-0.180198,-0.585835,-3.184272,-2.039501,50.050000,70.000000
-0.137177,0.459096,-3.287854,1.111162,50.050000,70.000000
0.021468,0.809233,-6.592890,-45.770178,50.050000,70.000000
0.777614,-0.649154,0.688019,-0.527394,50.050000,70.000000
-0.325750,-0.873073,0.379320,-0.090781,50.050000,70.000000
0.259750,-0.381925,-3.415046,-1.362647,50.050000,70.000000
0.993372,-0.394482,0.432487,-0.022962,50.050000,70.000000
-0.066182,-0.317605,4.326693,0.900529,50.050000,70.000000
0.017404,0.504517,-2.877420,-18.365036,50.050000,70.000000
-0.583784,0.345336,0.530669,0.326608,50.050000,70.000000
0.061387,-0.265260,1.694627,0.513471,50.050000,70.000000
-0.228520,-0.740383,-19.050356,2.765559,50.050000,70.000000
0.388257,-0.569386,-0.428973,-0.056339,50.050000,70.000000
0.337566,-0.533918,0.700860,0.151612,50.050000,70.000000
0.436017,0.136668,-0.284567,0.058317,50.050000,70.000000
0.975867,-0.609131,-0.080317,0.528357,50.050000,70.000000
0.327053,0.773712,-0.873722,-0.130264,50.050000,70.000000
-0.225660,-0.666503,-0.415629,-0.184402,50.050000,70.000000
0.091891,0.413674,0.633902,-0.290778,50.050000,70.000000
0.622712,-0.074218,0.040105,0.019906,50.050000,70.000000
0.623915,0.138085,0.906079,-0.057715,50.050000,70.000000
0.800196,0.887133,0.887125,0.713836,50.050000,70.000000
0.044400,0.226801,-0.069493,-0.141599,50.050000,70.000000
-0.150581,-0.817809,0.108135,-0.149621,50.050000,70.000000
-0.921444,-0.713060,-0.201899,0.096885,50.050000,70.000000
-0.395316,-0.082755,-0.323435,-0.014926,50.050000,70.000000
-0.866977,0.710461,-0.850556,0.550923,50.050000,70.000000
0.719950,0.194511,20.612950,-1.693110,50.050000,70.000000
-0.857745,-0.117665,-4.222720,0.131055,50.050000,70.000000
0.400982,-0.692182,17.929334,20.782023,50.050000,70.000000
0.495175,0.410593,0.591202,0.255721,50.050000,70.000000
0.834390,-0.401332,-0.529491,-0.143958,50.050000,70.000000
0.821309,-0.251573,-0.403752,-0.092089,50.050000,70.000000
-0.186984,-0.644351,4.436017,-15.538150,50.050000,70.000000
0.385859,-0.865342,0.302056,-0.339183,50.050000,70.000000
0.203166,0.608273,-1.567374,0.502037,50.050000,70.000000
-0.761523,-0.914820,-0.776224,-0.885422,50.050000,70.000000
0.616933,0.799491,-0.497515,0.471406,50.050000,70.000000
-0.953005,0.838532,0.866399,0.950270,50.050000,70.000000
-0.796092,0.080038,-0.369366,0.103916,50.050000,70.000000
-0.798463,0.235601,0.029509,-0.092821,50.050000,70.000000
-0.254789,-0.239960,-0.039447,-0.225185,50.050000,70.000000
0.991082,-0.883987,-0.713344,-0.980858,50.050000,70.000000
0.825526,0.622634,0.761338,0.523723,50.050000,70.000000
0.608714,0.655699,0.720717,0.589583,50.050000,70.000000
0.340834,0.404095,0.190982,-0.106283,50.050000,70.000000
-0.380182,0.278769,3.357144,0.235684,50.050000,70.000000
-0.723483,0.421676,-0.533321,0.315181,50.050000,70.000000
-0.892762,-0.650131,0.754779,-0.374447,50.050000,70.000000
-0.743672,-0.898906,-0.728729,-0.675527,50.050000,70.000000
0.083009,-0.869170,-0.882835,3.187105,50.050000,70.000000
-0.134254,-0.406786,-0.129314,-0.173679,50.050000,70.000000
-0.850738,-0.354710,-0.191100,0.108768,50.050000,70.000000
0.396132,-0.211801,0.097774,-0.017334,50.050000,70.000000
0.263120,0.262503,7.229007,-20.168160,50.050000,70.000000
-0.112727,-0.601561,5.318558,-2.203698,50.050000,70.000000
-0.442668,0.085045,-0.033018,-0.004003,50.050000,70.000000
-0.655179,0.406526,0.075761,-0.111545,50.050000,70.000000
0.487882,-0.174518,0.428086,-0.156035,50.050000,70.000000
0.883379,0.943859,-0.803999,0.933825,50.050000,70.000000
-0.556219,-0.374677,0.560024,-0.367801,50.050000,70.000000
0.809150,-0.608045,-0.435046,-0.271061,50.050000,70.000000
0.585456,-0.248044,0.469905,-0.280262,50.050000,70.000000
-0.878930,-0.179634,-2.296914,5.321045,50.050000,70.000000
0.894136,-0.255929,-0.369730,0.226973,50.050000,70.000000
0.607396,0.505165,0.025350,-0.106604,50.050000,70.000000
0.305169,0.974584,-1.635589,0.887779,50.050000,70.000000
-0.164158,-0.998313,-11.942666,12.569632,50.050000,70.000000
-0.646833,0.678903,0.749779,0.452713,50.050000,70.000000
0.315510,0.773029,-0.184665,-0.217298,50.050000,70.000000
0.295749,0.647291,-0.123886,0.796222,50.050000,70.000000
-0.987538,0.445788,-0.208673,0.105861,50.050000,70.000000
0.357358,0.121399,-0.202645,0.021620,50.050000,70.000000
0.355276,-0.872098,-5.887728,0.287353,50.050000,70.000000
0.650797,-0.056856,-0.606396,0.089226,50.050000,70.000000
0.421437,-0.911790,6.496481,-5.375980,50.050000,70.000000
-0.461249,-0.211147,-0.108921,0.038394,50.050000,70.000000
-0.749252,-0.679816,-0.690162,-0.620089,50.050000,70.000000
0.333630,-0.673751,0.039872,-0.227481,50.050000,70.000000
0.268349,0.141751,-0.132333,0.034365,50.050000,70.000000
0.410595,0.875291,4.171672,-14.327271,50.050000,70.000000
-0.984851,-0.385277,-2.139606,-1.222270,50.050000,70.000000
0.654016,0.054598,0.786324,0.097847,50.050000,70.000000
-0.363644,0.241023,0.100482,0.321254,50.050000,70.000000
0.881669,0.206183,0.643044,0.197662,50.050000,70.000000
-0.686653,-0.579666,0.667315,-0.534849,50.050000,70.000000
-0.444860,-0.758168,0.378539,0.143045,50.050000,70.000000
-0.526659,0.437499,0.584930,0.336851,50.050000,70.000000
-0.948258,0.630589,-6.096412,-5.775597,50.050000,70.000000
0.310759,0.931728,7.188125,1.142287,50.050000,70.000000
-0.446866,-0.473087,0.012452,0.097721,50.050000,70.000000
0.834235,0.983018,-0.749049,0.806017,50.050000,70.000000
-0.422866,0.893696,1.445322,-2.153465,50.050000,70.000000
0.352426,-0.782767,25.688756,-12.973284,50.050000,70.000000
0.036196,0.353473,0.491065,-0.002563,50.050000,70.000000
0.826141,0.956478,-0.779332,0.830452,50.050000,70.000000
-0.474275,0.855862,0.204316,-0.084669,50.050000,70.000000
0.471225,-0.128833,-0.291042,-0.107588,50.050000,70.000000
0.701935,-0.574516,-0.650473,-0.540583,50.050000,70.000000
0.102293,-0.755614,-17.650340,12.207167,50.050000,70.000000
0.390724,0.890962,0.344526,-1.217526,50.050000,70.000000
0.401010,-0.227484,2.234105,-1.456957,50.050000,70.000000
0.682884,-0.767796,-0.702367,-0.645748,50.050000,70.000000
-0.355377,-0.813843,-9.440662,-0.527459,50.050000,70.000000
-0.258043,-0.930441,0.111976,1.434291,50.050000,70.000000
0.084445,-0.740958,-2.295920,13.143546,50.050000,70.000000
0.711249,-0.045989,0.410606,-0.007999,50.050000,70.000000
-0.930326,0.006663,-1.011253,-0.003089,50.050000,70.000000
-0.007888,-0.576778,1.192786,0.000443,50.050000,70.000000
0.095613,0.965320,-20.835717,-30.416597,50.050000,70.000000
0.134499,0.526211,-1.001556,-0.394303,50.050000,70.000000
0.028603,0.727258,1.960361,0.907757,50.050000,70.000000
-0.981894,-0.687253,-0.119140,-0.139419,50.050000,70.000000
-0.657478,-0.234669,0.295123,-0.016470,50.050000,70.000000
-0.085820,-0.376634,-0.075631,-0.269927,50.050000,70.000000
-0.082168,-0.999554,-0.562224,-0.594058,50.050000,70.000000
0.501450,-0.134669,0.537583,-0.194729,50.050000,70.000000
0.611639,-0.186953,-0.604222,-0.241324,50.050000,70.000000
-0.127216,-0.123252,0.281433,0.114648,50.050000,70.000000
0.511928,-0.030717,2.109065,0.481185,50.050000,70.000000
-0.263748,-0.814327,-0.745865,-0.040397,50.050000,70.000000
-0.394759,-0.718035,11.297383,-5.347466,50.050000,70.000000
-0.011197,-0.185213,1.966958,1.175602,50.050000,70.000000
-0.878196,0.160109,5.680216,0.456459,50.050000,70.000000
0.946248,-0.411688,0.392943,-0.531012,50.050000,70.000000
0.766598,0.215186,-9.526616,4.055643,50.050000,70.000000
0.626742,-0.343566,0.569653,-0.357331,50.050000,70.000000
-0.311448,-0.506787,5.401699,9.765491,50.050000,70.000000
0.425882,-0.197544,0.013459,0.055485,50.050000,70.000000
-0.123647,-0.137340,-0.097381,-0.051338,50.050000,70.000000
-0.272448,0.965726,6.706632,-0.002150,50.050000,70.000000
0.950891,-0.374130,20.335461,-14.684553,50.050000,70.000000
-0.004821,0.976957,-1.907243,-0.702282,50.050000,70.000000
-0.290935,0.253998,0.142249,0.093044,50.050000,70.000000
0.945103,0.348217,-0.020466,-0.080541,50.050000,70.000000
0.477436,0.270472,-0.502130,0.204952,50.050000,70.000000
-0.180774,-0.271468,-1.175713,-0.481151,50.050000,70.000000
-0.568423,0.514139,0.592575,0.350580,50.050000,70.000000
-0.870396,-0.744168,-0.378856,-0.086742,50.050000,70.000000
0.771145,0.627425,-0.643736,0.517537,50.050000,70.000000
-0.860216,0.349734,-5.501542,1.503382,50.050000,70.000000
-0.019322,-0.746951,-11.007424,17.503676,50.050000,70.000000
-0.009710,0.807921,1.348278,-39.479877,50.050000,70.000000
0.734425,-0.512517,0.609976,-0.548990,50.050000,70.000000
0.127339,0.188161,1.266767,0.167960,50.050000,70.000000
0.418096,0.938925,0.247173,-0.043895,50.050000,70.000000
0.514555,0.122246,0.385903,0.527642,50.050000,70.000000
0.586480,0.969577,1.043858,0.737608,50.050000,70.000000
-0.321905,-0.251071,0.233926,-0.022377,50.050000,70.000000
0.251861,-0.971984,23.486382,24.866913,50.050000,70.000000
-0.130641,0.308606,-0.181782,0.064224,50.050000,70.000000
0.739043,-0.897396,0.657249,-0.406156,50.050000,70.000000
-0.527733,0.397061,0.515536,0.309498,50.050000,70.000000
-0.599102,0.892082,0.878410,0.752075,50.050000,70.000000
-0.769935,-0.302955,0.507429,-0.178745,50.050000,70.000000
0.236076,-0.265209,3.986202,-0.086695,50.050000,70.000000
0.637217,-0.293334,-0.483938,-0.409625,50.050000,70.000000
-0.062213,0.390908,-13.469199,-11.121316,50.050000,70.000000
-0.016166,0.293355,0.199913,0.859968,50.050000,70.000000
0.417373,0.793918,-0.285468,-0.062725,50.050000,70.000000
-0.614313,-0.750368,-0.447206,-0.123503,50.050000,70.000000
0.559860,-0.426043,-0.291191,-0.081479,50.050000,70.000000
-0.501004,-0.368780,0.075181,0.063997,50.050000,70.000000
-0.088964,0.789661,-5.266269,18.764739,50.050000,70.000000
-0.174720,-0.516255,0.416061,-0.666802,50.050000,70.000000
-0.703630,0.092715,1.457180,-0.143076,50.050000,70.000000
0.263718,0.311029,0.065486,0.434379,50.050000,70.000000
-0.537321,-0.749025,1.143455,-0.434472,50.050000,70.000000
-0.861487,0.989710,4.152171,0.877552,50.050000,70.000000
0.050842,0.494712,-2.090588,34.588371,50.050000,70.000000
0.621540,0.218421,0.323474,0.024339,50.050000,70.000000
-0.997350,-0.466785,0.469841,-0.235641,50.050000,70.000000
0.745203,0.624088,-0.678333,0.546982,50.050000,70.000000
-0.951836,0.495961,0.419973,0.115972,50.050000,70.000000
-0.385915,-0.077047,0.362879,-0.176391,50.050000,70.000000
-0.931312,-0.556329,-0.088005,0.093167,50.050000,70.000000
-0.218162,-0.653771,-0.140285,-0.149864,50.050000,70.000000
0.069522,0.464181,2.761913,0.259181,50.050000,70.000000
-0.505282,-0.277351,-0.239430,-0.009884,50.050000,70.000000
0.555106,-0.332193,-0.523796,-0.302219,50.050000,70.000000
0.834269,-0.434857,-0.666565,-0.240570,50.050000,70.000000
-0.642184,0.817561,-0.674784,0.785310,50.050000,70.000000
0.749238,0.444352,-0.509718,0.250039,50.050000,70.000000
0.220476,-0.467973,3.729079,1.524955,50.050000,70.000000
0.783782,-0.976856,-1.004452,-0.849124,50.050000,70.000000
-0.016675,-0.259614,0.984967,0.528505,50.050000,70.000000
0.660979,-0.926389,0.719903,-0.462010,50.050000,70.000000
0.175516,-0.098102,0.283190,-0.134995,50.050000,70.000000
-0.797326,-0.664427,-0.373893,-0.157630,50.050000,70.000000
0.981814,-0.652935,0.924312,-0.656195,50.050000,70.000000
0.126636,0.379297,0.300519,0.404007,50.050000,70.000000
0.837229,-0.685101,-0.769084,-0.694735,50.050000,70.000000
-0.488899,-0.920527,-5.458841,0.288750,50.050000,70.000000
0.704434,-0.581866,-0.468533,-0.239756,50.050000,70.000000
0.576860,-0.708796,-0.743579,-0.615797,50.050000,70.000000
-0.732337,-0.382617,0.517586,-0.513708,50.050000,70.000000
-0.640134,-0.739668,-0.584595,-0.262203,50.050000,70.000000
0.402641,-0.806202,-0.189035,-0.194255,50.050000,70.000000
0.157352,0.622000,-1.622248,-0.532234,50.050000,70.000000
-0.053556,-0.113053,9.363233,3.452331,50.050000,70.000000
-0.081069,-0.520431,-1.007560,0.506042,50.050000,70.000000
-0.891605,0.793357,-0.357310,0.272350,50.050000,70.000000
-0.050472,-0.283079,-2.096569,-4.653292,50.050000,70.000000
0.290154,0.613699,-1.073277,-1.411141,50.050000,70.000000
0.434055,-0.832226,-0.637249,-0.580311,50.050000,70.000000
0.781802,-0.253091,0.302582,-0.601316,50.050000,70.000000
0.300320,-0.524576,21.919381,-2.773034,50.050000,70.000000
-0.556434,0.005909,-0.414885,0.020576,50.050000,70.000000
-0.682505,-0.867769,0.715792,-0.854388,50.050000,70.000000
-0.589154,0.084273,0.228598,-0.126693,50.050000,70.000000
0.379924,-0.621027,-1.077991,1.223607,50.050000,70.000000
0.401714,-0.388957,-0.402883,-0.311274,50.050000,70.000000
0.791968,0.600401,-0.765376,0.597536,50.050000,70.000000
0.932077,-0.583240,-0.773809,-0.345261,50.050000,70.000000
-0.520681,0.920098,3.263548,0.012421,50.050000,70.000000
0.082957,0.250145,-0.183362,-0.886738,50.050000,70.000000
0.181522,0.837518,0.673673,2.554875,50.050000,70.000000
0.167217,0.413599,-6.409081,-18.633707,50.050000,70.000000
-0.643187,-0.048374,-1.144501,-0.033943,50.050000,70.000000
0.974261,0.396547,-14.419346,10.886089,50.050000,70.000000
0.765079,0.676663,0.743086,0.641301,50.050000,70.000000
0.671816,-0.783423,-0.530467,-0.245759,50.050000,70.000000
-0.985632,0.475658,0.459137,0.011652,50.050000,70.000000
0.384526,0.727591,2.400543,-0.555597,50.050000,70.000000
0.621881,-0.052489,-0.231039,-0.049119,50.050000,70.000000
-0.179523,0.763590,4.818151,-10.625347,50.050000,70.000000
-0.350626,-0.971713,-0.519917,-0.103224,50.050000,70.000000
0.427577,0.284101,0.391005,0.168246,50.050000,70.000000
0.879586,-0.804861,-0.728322,-0.615949,50.050000,70.000000
0.701146,0.168444,2.062995,-0.367720,50.050000,70.000000
-0.967816,-0.077249,0.719121,-0.032529,50.050000,70.000000
-0.315841,-0.335887,-0.307698,-0.132680,50.050000,70.000000
0.749044,-0.820622,-0.352433,-0.046343,50.050000,70.000000
-0.187831,-0.873865,0.908614,0.813916,50.050000,70.000000
0.956347,-0.681891,0.804719,-0.438795,50.050000,70.000000
-0.534191,-0.144428,0.235073,-0.032753,50.050000,70.000000
0.593855,0.916209,-0.570265,0.446591,50.050000,70.000000
0.731959,0.039219,-4.604657,0.740553,50.050000,70.000000
-0.841760,0.536344,0.743381,0.501109,50.050000,70.000000
0.327033,0.436004,4.061107,-0.316971,50.050000,70.000000
-0.081218,0.963845,17.179812,-39.951310,50.050000,70.000000
-0.661301,-0.492620,-0.543015,-0.338036,50.050000,70.000000
0.533822,-0.049407,-0.253174,-0.085948,50.050000,70.000000
-0.388618,0.498173,-0.153433,-0.589146,50.050000,70.000000
0.801736,0.772489,0.780204,0.727787,50.050000,70.000000
-0.772055,0.072117,-1.142182,0.156840,50.050000,70.000000
0.062850,0.312638,-2.867499,1.062096,50.050000,70.000000
0.515213,-0.808983,2.752985,-0.606332,50.050000,70.000000
-0.572051,-0.468085,-0.288191,0.003114,50.050000,70.000000
0.890474,0.190663,0.154514,-1.006946,50.050000,70.000000
0.477411,-0.147629,0.301707,0.001935,50.050000,70.000000
0.807508,-0.218991,-1.415330,0.114673,50.050000,70.000000
-0.575771,-0.977218,-0.775527,-0.887147,50.050000,70.000000
-0.108048,0.038345,-0.107289,0.008722,50.050000,70.000000
0.460240,-0.745167,-0.409471,0.075588,50.050000,70.000000
-0.024103,0.901750,4.418472,-50.976541,50.050000,70.000000
-0.280751,-0.577671,-0.163071,-0.207112,50.050000,70.000000
-0.920998,0.780454,-0.256379,0.034015,50.050000,70.000000
-0.909303,-0.654913,-0.153224,-0.940840,50.050000,70.000000
0.874835,-0.642734,-0.799092,-0.564694,50.050000,70.000000
-0.427917,0.003198,-0.266472,0.086039,50.050000,70.000000
-0.257285,-0.187969,-0.920737,0.141641,50.050000,70.000000
0.808059,-0.958048,-0.852185,-0.764283,50.050000,70.000000
0.088939,0.800535,0.269982,-0.010016,50.050000,70.000000
0.593057,-0.489625,-0.538056,-0.268516,50.050000,70.000000
0.865422,-0.850801,0.769930,-0.672503,50.050000,70.000000
0.595367,0.338777,-0.402878,0.196793,50.050000,70.000000
-0.176984,-0.569378,0.150291,0.120336,50.050000,70.000000
0.472070,0.074509,-0.274628,0.008423,50.050000,70.000000
0.269084,0.497835,-0.411563,0.243053,50.050000,70.000000
-0.886391,0.423445,0.436965,0.009774,50.050000,70.000000
0.835827,-0.257264,0.657608,0.009007,50.050000,70.000000
0.162371,0.965607,0.509871,-0.119772,50.050000,70.000000
0.958595,-0.896555,-0.764769,-0.911292,50.050000,70.000000
-0.406849,0.082074,0.369851,0.028970,50.050000,70.000000
-0.584425,-0.434392,0.007111,0.105665,50.050000,70.000000
-0.826490,-0.811839,0.864739,-0.787285,50.050000,70.000000
-0.574226,0.977495,-0.598816,0.372007,50.050000,70.000000
0.763376,0.058025,1.062140,0.176738,50.050000,70.000000
-0.768860,-0.231461,-0.942663,0.283815,50.050000,70.000000
-0.171136,-0.284784,-0.072345,-0.349194,50.050000,70.000000
-0.358365,0.961747,-1.101891,-0.208857,50.050000,70.000000
0.084897,0.856067,-15.518072,-17.625968,50.050000,70.000000
-0.083952,-0.982155,-1.085750,-3.169512,50.050000,70.000000
0.918131,-0.967050,-0.462758,-0.198570,50.050000,70.000000
0.798444,-0.555997,0.604812,-0.570723,50.050000,70.000000
-0.639182,-0.730720,-0.724060,-0.607738,50.050000,70.000000
0.789817,0.458822,0.720715,0.522859,50.050000,70.000000
-0.576696,-0.535133,-0.684767,-0.463030,50.050000,70.000000
0.027507,0.308038,-1.606799,0.553040,50.050000,70.000000
-0.798608,-0.212143,0.137018,-1.152175,50.050000,70.000000
0.512742,-0.338109,0.437097,-0.162350,50.050000,70.000000
-0.589578,0.965909,-0.700582,0.542652,50.050000,70.000000
0.026247,-0.863355,-1.429347,0.491748,50.050000,70.000000
-0.404675,0.628996,0.034389,-0.088405,50.050000,70.000000
-0.470528,-0.171653,-0.443808,-0.185679,50.050000,70.000000
-0.967045,0.880981,0.624335,0.578284,50.050000,70.000000
0.641517,-0.025454,0.316133,-0.178987,50.050000,70.000000
0.193571,-0.646897,7.362876,-0.668567,50.050000,70.000000
-0.397599,-0.444174,0.269705,-0.162713,50.050000,70.000000
0.772172,-0.112597,-2.380421,0.336307,50.050000,70.000000
-0.420681,-0.385699,-0.027632,0.193452,50.050000,70.000000
-0.447083,-0.126717,0.298048,-0.051670,50.050000,70.000000
0.259369,-0.783175,-11.170544,5.169281,50.050000,70.000000
-0.815852,-0.032348,-0.206856,0.014715,50.050000,70.000000
0.321717,-0.903222,18.936624,11.475139,50.050000,70.000000
-0.452768,0.336558,0.315786,0.168513,50.050000,70.000000
0.533372,0.380631,-0.084381,-0.087230,50.050000,70.000000
-0.735746,0.317544,0.473502,-0.144257,50.050000,70.000000
0.965434,0.055309,-0.093120,0.008339,50.050000,70.000000
-0.417521,0.731618,0.947570,1.053601,50.050000,70.000000
0.311835,-0.984350,26.045386,6.628930,50.050000,70.000000
0.027929,-0.591410,-1.768244,0.550007,50.050000,70.000000
0.175062,0.272472,1.960632,1.067110,50.050000,70.000000
-0.568569,0.065706,-11.095901,-7.812728,50.050000,70.000000
0.321810,0.664415,-8.670468,1.862992,50.050000,70.000000
0.829273,-0.406196,0.396219,-0.179398,50.050000,70.000000
-0.927904,0.723819,0.507328,0.574416,50.050000,70.000000
-0.772806,-0.551739,-0.598337,-0.500572,50.050000,70.000000
0.925953,0.483991,0.188886,-0.128621,50.050000,70.000000
0.438922,0.964744,-0.289945,0.125894,50.050000,70.000000
0.449993,-0.963593,-8.126249,35.160884,50.050000,70.000000
0.890812,-0.118987,0.413248,-0.061170,50.050000,70.000000
0.183188,0.836401,13.184702,-21.739657,50.050000,70.000000
-0.606474,0.987384,0.676606,0.282679,50.050000,70.000000
0.955670,-0.059929,-4.582625,-0.157855,50.050000,70.000000
0.777104,0.793322,0.664028,0.558453,50.050000,70.000000
-0.637137,-0.355678,0.481486,-0.156100,50.050000,70.000000
0.115202,0.199810,-4.075327,-3.222983,50.050000,70.000000
0.201939,-0.012833,-0.182510,0.006386,50.050000,70.000000
0.317371,0.047733,0.267633,-0.030811,50.050000,70.000000
0.241738,0.895944,0.627447,0.522513,50.050000,70.000000
0.127837,0.554659,0.994798,0.946188,50.050000,70.000000
0.155150,-0.393174,-0.193731,-0.909832,50.050000,70.000000
-0.073317,-0.242219,0.111574,0.118693,50.050000,70.000000
-0.977907,0.322935,4.978287,-2.507991,50.050000,70.000000
-0.435466,-0.883082,-12.534877,2.494010,50.050000,70.000000
0.043322,0.117882,0.245510,0.616030,50.050000,70.000000
-0.757072,-0.102885,-0.633582,-0.064841,50.050000,70.000000
0.809207,0.338930,0.584302,0.145441,50.050000,70.000000
0.394745,0.484731,7.799543,9.341093,50.050000,70.000000
0.869732,-0.409441,-0.622748,-1.191606,50.050000,70.000000
0.517763,0.048544,0.402769,0.115459,50.050000,70.000000
-0.119592,0.011678,0.064321,-0.008329,50.050000,70.000000
0.276192,-0.041044,0.398676,-0.267256,50.050000,70.000000
0.178030,0.146636,4.325075,-0.954233,50.050000,70.000000
0.509397,-0.570180,-0.541446,-0.193435,50.050000,70.000000
0.979503,0.506203,-0.314354,0.617880,50.050000,70.000000
-0.239116,-0.825799,-22.965381,7.953379,50.050000,70.000000
0.789517,-0.586275,-0.557270,-0.275461,50.050000,70.000000
0.482009,-0.882768,4.634096,2.079574,50.050000,70.000000
-0.689735,-0.370680,0.480034,-0.232191,50.050000,70.000000
-0.020973,-0.489004,-0.494562,-0.621194,50.050000,70.000000
-0.691963,0.178390,-1.752501,1.073924,50.050000,70.000000
0.198298,0.788700,9.262684,14.379337,50.050000,70.000000
-0.310846,-0.392489,-15.820146,-22.212433,50.050000,70.000000
-0.555140,-0.237880,-0.465680,-0.281613,50.050000,70.000000
-0.046758,0.143188,0.015767,-0.244374,50.050000,70.000000
0.566574,0.416866,-0.564821,0.376129,50.050000,70.000000
0.263630,0.825803,-0.249887,0.637226,50.050000,70.000000
-0.726452,0.517772,-0.351936,0.139835,50.050000,70.000000
0.185678,0.685532,-0.685135,2.338115,50.050000,70.000000
-0.271866,0.743804,0.572852,1.210096,50.050000,70.000000
-0.893510,0.780893,0.674743,0.182194,50.050000,70.000000
0.462401,-0.423034,0.770676,-0.319467,50.050000,70.000000
0.061443,0.668426,-1.443177,0.796009,50.050000,70.000000
0.229605,0.974555,-0.913911,0.259096,50.050000,70.000000
-0.651005,0.562038,-0.588533,0.395596,50.050000,70.000000
0.168495,-0.111204,-0.255270,0.284174,50.050000,70.000000
0.996739,0.197884,0.533916,0.159029,50.050000,70.000000
-0.161648,-0.811287,-6.610019,7.661156,50.050000,70.000000
0.700240,0.939503,0.966622,0.817798,50.050000,70.000000
0.227126,-0.693442,-0.129606,-0.490468,50.050000,70.000000
-0.675044,0.535195,-0.637685,0.527516,50.050000,70.000000
-0.983673,-0.587083,0.585620,-0.656409,50.050000,70.000000
0.902851,0.214838,2.637622,-0.179315,50.050000,70.000000
0.784780,-0.199374,0.532235,0.072569,50.050000,70.000000
-0.881779,-0.063161,6.176390,0.205169,50.050000,70.000000
0.452585,0.593658,-0.413228,-0.077680,50.050000,70.000000
-0.389242,0.010213,2.057875,-0.024616,50.050000,70.000000
-0.357399,-0.807678,11.983183,-11.831810,50.050000,70.000000
-0.640843,-0.647395,-0.655085,-0.426497,50.050000,70.000000
-0.763565,0.763342,-0.762426,0.762814,50.050000,70.000000
-0.514568,-0.336516,0.289554,-0.076966,50.050000,70.000000
0.171956,0.067912,0.190077,-0.070080,50.050000,70.000000
-0.601407,0.149645,0.447381,0.582333,50.050000,70.000000
-0.916464,0.984481,0.271588,-4.293053,50.050000,70.000000
0.172423,-0.085605,0.178496,-0.137832,50.050000,70.000000
-0.761148,-0.622482,0.650397,-0.612635,50.050000,70.000000
-0.053702,-0.566307,1.619529,-0.988942,50.050000,70.000000
0.083860,-0.564727,-0.728015,-0.405007,50.050000,70.000000
0.638042,-0.424882,-0.361752,-0.081158,50.050000,70.000000
-0.997018,-0.888478,2.536961,-0.919497,50.050000,70.000000
-0.643996,0.362325,-0.310041,0.123373,50.050000,70.000000
-0.401106,0.606564,2.399383,16.514131,50.050000,70.000000
0.525814,-0.650483,-0.731370,-0.499160,50.050000,70.000000
-0.673446,-0.608698,-0.540449,-0.330005,50.050000,70.000000
-0.379037,-0.480024,3.816926,7.098846,50.050000,70.000000
0.244045,-0.337654,-0.333666,-1.681756,50.050000,70.000000
-0.956927,0.930720,-0.504044,0.584148,50.050000,70.000000
0.605507,0.760503,0.383583,0.196434,50.050000,70.000000
-0.221923,0.137544,0.322665,0.236953,50.050000,70.000000
-0.302655,-0.714256,0.961631,-0.402570,50.050000,70.000000
-0.505845,0.258361,0.300456,0.063764,50.050000,70.000000
0.275585,-0.247428,-0.176000,0.112963,50.050000,70.000000
-0.514563,-0.265249,0.243967,-0.013678,50.050000,70.000000
-0.044945,0.609976,-1.741276,-3.667139,50.050000,70.000000
-0.133306,-0.471891,0.058837,-0.093904,50.050000,70.000000
0.925886,-0.627244,-0.838443,-0.565758,50.050000,70.000000
-0.085465,-0.412533,-0.346545,0.352029,50.050000,70.000000
0.552362,-0.452564,0.263471,-0.060544,50.050000,70.000000
-0.248218,0.204135,1.731115,-0.181864,50.050000,70.000000
0.897498,0.256922,-2.430561,-6.411935,50.050000,70.000000
0.088003,-0.938591,-2.312351,-1.522914,50.050000,70.000000
-0.897335,0.494438,-0.351750,0.120040,50.050000,70.000000
0.021419,-0.010391,-0.022483,0.000812,50.050000,70.000000
-0.648788,-0.172126,-0.024696,0.270969,50.050000,70.000000
-0.919465,0.545222,-0.775909,0.453941,50.050000,70.000000
-0.459997,0.823598,-0.724642,0.182431,50.050000,70.000000
0.207033,-0.389880,-1.220617,10.509358,50.050000,70.000000
-0.714402,-0.956172,-0.389230,-0.212831,50.050000,70.000000
-0.381577,0.827680,0.272561,3.313552,50.050000,70.000000
0.817369,-0.477856,-0.709321,-0.500513,50.050000,70.000000
0.678940,0.944343,0.983314,0.810479,50.050000,70.000000
-0.428769,-0.327824,0.581577,-0.366814,50.050000,70.000000
0.268090,-0.205547,0.250005,0.196016,50.050000,70.000000
-0.621509,0.298182,0.501845,0.408087,50.050000,70.000000
-0.456330,0.462892,-0.452484,0.073132,50.050000,70.000000
-0.167295,0.275719,-0.510022,-0.313885,50.050000,70.000000
0.009807,0.825066,-16.320891,10.982343,50.050000,70.000000
0.888146,-0.925796,-0.790895,-0.817541,50.050000,70.000000
0.139987,0.761460,0.155441,-0.496535,50.050000,70.000000
-0.145950,-0.985663,13.516675,-2.411999,50.050000,70.000000
-0.033651,0.431425,-0.177068,-1.139838,50.050000,70.000000
0.955644,-0.494104,-0.397219,-0.158067,50.050000,70.000000
-0.413231,0.832468,-1.089071,0.275234,50.050000,70.000000
-0.711855,-0.150941,-5.540765,-0.229369,50.050000,70.000000
-0.864619,0.352681,0.083986,0.067185,50.050000,70.000000
-0.497094,-0.660243,0.613684,-0.133237,50.050000,70.000000
-0.705725,0.886482,-0.545677,0.256194,50.050000,70.000000
-0.900919,0.262403,0.310287,0.008949,50.050000,70.000000
0.205433,0.716993,21.759246,-14.884574,50.050000,70.000000
0.507225,0.923595,0.049313,-0.144229,50.050000,70.000000
0.862105,-0.608860,0.814730,-0.614541,50.050000,70.000000
0.882125,-0.128984,-15.503058,0.338020,50.050000,70.000000
0.161543,-0.951321,-0.247324,0.067076,50.050000,70.000000
-0.851659,0.163464,1.099108,0.237842,50.050000,70.000000
-0.657937,0.052835,-0.299010,0.037782,50.050000,70.000000
0.000854,0.358609,3.159280,31.757475,50.050000,70.000000
-0.854672,-0.473661,0.260401,-0.088884,50.050000,70.000000
-0.828717,-0.251718,-0.615616,0.428636,50.050000,70.000000
-0.623599,-0.830085,-0.622514,-0.832225,50.050000,70.000000
0.758479,-0.245514,-1.760646,-0.842431,50.050000,70.000000
-0.351927,-0.831044,0.435088,0.047833,50.050000,70.000000
0.649933,-0.582582,-0.392913,-0.118623,50.050000,70.000000
0.549719,-0.878574,-0.909954,-0.428594,50.050000,70.000000
-0.188799,0.861750,-18.518733,-31.770552,50.050000,70.000000
-0.561159,0.606579,-0.689362,0.387544,50.050000,70.000000
0.776852,0.555609,0.708504,0.467803,50.050000,70.000000
0.122869,-0.947066,-13.908414,-27.842393,50.050000,70.000000
0.662870,0.854837,-0.474145,0.066485,50.050000,70.000000
-0.752845,0.927004,0.015316,-0.163944,50.050000,70.000000
0.154587,0.140050,-5.724291,0.778630,50.050000,70.000000
-0.181855,-0.439946,-0.228770,-0.381744,50.050000,70.000000
-0.177481,-0.927439,0.760204,-0.448868,50.050000,70.000000
0.532751,-0.050855,0.116816,0.039054,50.050000,70.000000
-0.718202,-0.814618,-0.582354,-0.432946,50.050000,70.000000
0.715998,-0.215817,5.609025,-0.405926,50.050000,70.000000
0.765553,0.656272,0.649825,0.456608,50.050000,70.000000
-0.030149,-0.709019,-0.167072,4.268564,50.050000,70.000000
-0.484126,-0.704421,0.451776,-0.462302,50.050000,70.000000
0.791722,0.477391,0.427956,0.300053,50.050000,70.000000
-0.490095,0.976974,2.181451,1.333532,50.050000,70.000000
0.003321,-0.188243,1.514327,-0.512731,50.050000,70.000000
0.194007,0.675877,-3.066530,-0.027009,50.050000,70.000000
-0.539972,0.697959,0.267713,0.037805,50.050000,70.000000
0.602706,-0.315844,0.575214,-0.300040,50.050000,70.000000
-0.382156,-0.902360,-0.219972,-0.211999,50.050000,70.000000
0.040714,0.272589,1.637412,1.528948,50.050000,70.000000
-0.593772,0.469637,-0.576691,0.388669,50.050000,70.000000
-0.809662,0.017603,-3.430925,-0.113612,50.050000,70.000000
-0.144780,0.689454,-18.425018,-1.150175,50.050000,70.000000
-0.348073,-0.057632,-0.384613,-0.133122,50.050000,70.000000
-0.627907,0.767922,0.610113,0.775356,50.050000,70.000000
0.471157,0.739490,0.534361,0.573022,50.050000,70.000000
0.600845,0.407105,0.467777,0.237810,50.050000,70.000000
0.210517,0.167390,-3.573063,-1.146729,50.050000,70.000000
-0.669701,0.333547,0.452286,0.314121,50.050000,70.000000
-0.079320,0.870825,7.548521,12.059017,50.050000,70.000000
-0.040483,-0.401197,0.629186,0.055933,50.050000,70.000000
-0.923945,-0.740960,0.901536,-0.684198,50.050000,70.000000
0.683919,0.624055,0.735363,0.577728,50.050000,70.000000
0.495889,0.400403,0.201905,-0.006986,50.050000,70.000000
-0.431081,0.817744,0.665567,0.502007,50.050000,70.000000
-0.184187,0.369729,-0.725745,-0.176788,50.050000,70.000000
0.031450,0.578618,-7.468867,-24.054061,50.050000,70.000000
0.839348,0.925286,0.085198,-0.157029,50.050000,70.000000
-0.712882,0.586937,-0.651791,0.551449,50.050000,70.000000
0.654492,0.052256,0.319079,-0.062909,50.050000,70.000000
0.260531,0.741300,-0.044027,-0.280591,50.050000,70.000000
-0.969621,-0.412647,0.582187,-4.353147,50.050000,70.000000
0.640427,-0.344981,0.144881,0.088359,50.050000,70.000000
-0.094798,0.728807,1.860276,0.942328,50.050000,70.000000
-0.941998,-0.158543,9.034062,-0.932087,50.050000,70.000000
-0.629471,0.484266,0.174338,-0.063305,50.050000,70.000000
-0.933502,0.628117,-0.362047,0.412715,50.050000,70.000000
0.764901,-0.313589,1.961390,-0.398578,50.050000,70.000000
-0.497051,0.068705,-0.349644,-0.040627,50.050000,70.000000
0.723863,-0.033809,-1.942181,-0.041222,50.050000,70.000000
-0.227631,0.202895,-0.168670,-1.055442,50.050000,70.000000
0.064048,0.452548,-4.090936,31.544142,50.050000,70.000000
-0.033046,0.590835,-17.704897,1.782496,50.050000,70.000000
0.158432,0.774637,5.412207,2.722914,50.050000,70.000000
-0.676981,-0.016647,-1.313283,-0.006168,50.050000,70.000000
0.207917,0.465367,-8.222469,-20.001834,50.050000,70.000000
-0.575652,-0.982903,-0.685928,-0.827325,50.050000,70.000000
0.351127,-0.613454,0.669585,0.213045,50.050000,70.000000
-0.313143,-0.997730,1.042508,0.046772,50.050000,70.000000
-0.844243,0.810854,0.558143,0.132587,50.050000,70.000000
0.026402,-0.267536,1.448144,0.666630,50.050000,70.000000
-0.477255,0.779840,0.696683,0.560804,50.050000,70.000000
0.770627,-0.065417,-2.351961,-0.018573,50.050000,70.000000
0.540040,0.451108,0.562118,0.320503,50.050000,70.000000
-0.224651,0.289248,0.189151,0.060842,50.050000,70.000000
-0.605475,-0.211843,-0.322248,-0.132435,50.050000,70.000000
-0.452977,0.817963,-0.700344,0.388749,50.050000,70.000000
-0.488497,-0.171332,-0.318391,-0.115473,50.050000,70.000000
0.420644,-0.242586,0.524859,-0.175954,50.050000,70.000000
0.856527,-0.357338,0.239486,0.201064,50.050000,70.000000
0.225340,-0.705110,3.206866,-2.561608,50.050000,70.000000
-0.789708,-0.615352,0.364881,-0.190685,50.050000,70.000000
-0.223458,0.346354,-2.729511,2.033203,50.050000,70.000000
-0.823533,0.883665,-0.648471,0.555655,50.050000,70.000000
-0.240889,-0.616686,1.854873,-14.662312,50.050000,70.000000
-0.644143,-0.110682,-0.163968,-0.085520,50.050000,70.000000
-0.237555,-0.585564,24.366122,-10.598570,50.050000,70.000000
0.422528,-0.573230,0.668985,0.515712,50.050000,70.000000
-0.272979,0.045293,0.388933,0.011198,50.050000,70.000000
-0.767732,0.724475,0.570706,0.302657,50.050000,70.000000
0.244014,-0.858108,37.832858,18.470517,50.050000,70.000000
-0.219838,-0.823206,1.581338,-5.356259,50.050000,70.000000
0.371734,-0.260785,0.629120,-0.103505,50.050000,70.000000
0.992186,-0.329435,1.879847,0.985547,50.050000,70.000000
-0.806326,0.074756,0.251947,-0.011149,50.050000,70.000000
0.416575,-0.629792,-0.202467,0.057793,50.050000,70.000000
-0.913158,0.557056,0.217432,0.080024,50.050000,70.000000
0.440087,0.536020,0.303185,0.229552,50.050000,70.000000
0.892198,-0.824065,0.511533,-0.236210,50.050000,70.000000
-0.062689,0.387334,0.115450,-0.087130,50.050000,70.000000
-0.082909,0.555455,9.860384,2.896216,50.050000,70.000000
-0.470837,0.640717,0.540099,0.111003,50.050000,70.000000
0.525463,-0.550783,0.695941,-0.379167,50.050000,70.000000
0.988073,0.538900,0.010113,-0.116019,50.050000,70.000000
-0.713494,0.299691,0.083024,-0.053745,50.050000,70.000000
0.913472,0.726182,0.695212,0.372913,50.050000,70.000000
0.933026,-0.629641,-0.581807,-0.252095,50.050000,70.000000
-0.368743,0.544284,0.631353,0.613397,50.050000,70.000000
-0.224825,-0.636890,-1.043778,-0.453663,50.050000,70.000000
-0.216781,0.559084,10.883686,-9.995901,50.050000,70.000000
0.518399,0.737705,-0.476595,0.501053,50.050000,70.000000
0.613000,0.693468,-0.599796,0.689513,50.050000,70.000000
-0.877429,-0.941393,0.887749,-0.942624,50.050000,70.000000
0.007206,-0.881074,-1.635326,50.568555,50.050000,70.000000
-0.206681,0.309354,0.350043,-0.101955,50.050000,70.000000
-0.679536,-0.958386,-0.529974,-0.646162,50.050000,70.000000
0.408858,-0.327663,2.319823,-0.373405,50.050000,70.000000
0.963210,0.673330,0.935370,0.672206,50.050000,70.000000
0.649663,0.892212,-0.761064,0.791328,50.050000,70.000000
-0.599386,0.124133,0.133578,0.014416,50.050000,70.000000
0.304923,0.845079,-9.694049,0.500020,50.050000,70.000000
-0.762694,-0.590516,0.030397,0.144671,50.050000,70.000000
-0.802441,-0.626246,-0.744717,-0.477151,50.050000,70.000000
0.690436,0.151729,1.134826,-0.205880,50.050000,70.000000
0.116540,0.691715,-5.316458,-30.259043,50.050000,70.000000
-0.347152,-0.590379,-0.558609,-0.404945,50.050000,70.000000
-0.497200,-0.433824,-0.623608,-0.288766,50.050000,70.000000
0.726878,0.630787,-0.600452,0.455082,50.050000,70.000000
-0.359214,0.682129,-8.379677,-1.608655,50.050000,70.000000
0.550464,-0.345755,-0.348378,-0.115647,50.050000,70.000000
0.900547,-0.510710,-0.823598,-0.426271,50.050000,70.000000
0.496798,-0.315653,-0.450008,-0.239918,50.050000,70.000000
0.821552,-0.171859,18.215241,3.611643,50.050000,70.000000
-0.431857,-0.213208,0.149243,0.008047,50.050000,70.000000
0.609328,0.974642,0.955181,0.716354,50.050000,70.000000
0.809897,-0.068276,-0.220375,0.031287,50.050000,70.000000
0.480357,-0.642979,1.227514,-0.585744,50.050000,70.000000
-0.539656,-0.004559,-0.303843,-0.009349,50.050000,70.000000
-0.625407,0.792223,-0.350730,-0.066487,50.050000,70.000000
0.884539,0.454231,0.634508,0.227720,50.050000,70.000000
0.258919,-0.355766,-2.643520,0.844664,50.050000,70.000000
0.640323,-0.096366,6.596030,-2.842747,50.050000,70.000000
0.378971,-0.630194,-0.210922,-0.090393,50.050000,70.000000
0.331480,-0.810931,7.501679,-0.699914,50.050000,70.000000
0.683813,0.840050,0.305453,0.045855,50.050000,70.000000
0.720157,-0.321581,0.466780,-0.392908,50.050000,70.000000
-0.811353,-0.408490,0.002008,0.090743,50.050000,70.000000
0.507208,0.643552,1.059418,0.278154,50.050000,70.000000
0.176969,0.321501,0.640334,0.444299,50.050000,70.000000
-0.536896,0.393727,0.356939,0.149303,50.050000,70.000000
-0.636062,-0.301778,-0.451168,-0.404238,50.050000,70.000000
0.011042,-0.420529,-1.071867,0.952632,50.050000,70.000000
0.160860,-0.418502,-21.977755,-2.870220,50.050000,70.000000
0.244229,0.756595,7.949212,-0.517376,50.050000,70.000000
0.086069,0.562113,-0.700002,0.881583,50.050000,70.000000
-0.561035,0.681021,-0.469231,0.128477,50.050000,70.000000
-0.080098,-0.208900,1.516108,-0.605497,50.050000,70.000000
-0.990464,-0.728652,-0.843684,-0.930765,50.050000,70.000000
-0.453120,0.406722,-0.271179,0.093510,50.050000,70.000000
-0.228722,-0.126258,-0.213416,-0.183486,50.050000,70.000000
-0.015801,0.433705,-0.120616,-0.122826,50.050000,70.000000
-0.717108,-0.427236,-0.462278,-0.363577,50.050000,70.000000
-0.563009,-0.493377,-0.420467,-0.225813,50.050000,70.000000
-0.193404,-0.537410,4.895822,-4.775555,50.050000,70.000000
-0.252361,0.570940,2.046825,-0.299070,50.050000,70.000000
-0.214209,-0.218399,-0.185179,0.047706,50.050000,70.000000
-0.632854,-0.372725,0.211113,0.055235,50.050000,70.000000
-0.393729,0.594645,-0.472180,0.118664,50.050000,70.000000
0.203804,-0.674407,-1.169721,-2.230297,50.050000,70.000000
-0.755969,0.434919,0.611139,0.375916,50.050000,70.000000
-0.313512,0.795662,10.245834,-3.642676,50.050000,70.000000
0.691324,-0.922649,0.767580,-0.666658,50.050000,70.000000
-0.956919,-0.931959,0.551988,-0.480795,50.050000,70.000000
0.567538,0.611486,0.339939,-0.045858,50.050000,70.000000
-0.746708,0.071491,-2.749646,0.148183,50.050000,70.000000
-0.444771,0.730580,-0.608755,-0.275737,50.050000,70.000000
0.854477,-0.806902,-0.798741,-0.792545,50.050000,70.000000
0.397137,0.680024,-0.465938,-0.050843,50.050000,70.000000
-0.834899,-0.147286,0.268176,0.391655,50.050000,70.000000
0.557306,0.647824,-0.483015,0.080103,50.050000,70.000000
-0.013714,-0.484798,-0.023170,-0.377553,50.050000,70.000000
-0.001738,0.783764,-0.525965,-34.748022,50.050000,70.000000
0.728434,0.796375,0.741145,0.789391,50.050000,70.000000
0.666373,-0.268389,0.618687,-0.422118,50.050000,70.000000
-0.809481,-0.951604,0.841350,-0.752328,50.050000,70.000000
0.389830,-0.127105,0.485682,-0.236503,50.050000,70.000000
-0.249885,0.186124,0.197597,-0.162224,50.050000,70.000000
0.192835,0.983730,-0.895457,-0.723213,50.050000,70.000000
-0.451777,0.989835,0.967524,-33.156478,50.050000,70.000000
0.163570,-0.879379,-0.039229,0.281448,50.050000,70.000000
0.278266,0.821534,-5.423412,0.112484,50.050000,70.000000
-0.481611,-0.434436,0.655573,-0.303891,50.050000,70.000000
0.439350,0.154407,0.437101,0.144912,50.050000,70.000000
-0.887080,0.843220,-0.760884,0.733160,50.050000,70.000000
-0.000097,0.372593,-2.435413,1.062524,50.050000,70.000000
0.163871,0.184908,0.673838,3.581470,50.050000,70.000000
-0.249782,-0.086580,0.154375,-0.011093,50.050000,70.000000
0.845754,0.589549,-0.177955,-0.051328,50.050000,70.000000
0.549639,-0.215333,-0.051935,0.070595,50.050000,70.000000
0.893911,-0.038491,-1.281766,0.028449,50.050000,70.000000
-0.920991,0.896895,0.663757,0.753462,50.050000,70.000000
0.109909,-0.758930,-17.595443,12.065484,50.050000,70.000000
0.671498,-0.131776,-0.959310,-0.028186,50.050000,70.000000
-0.753143,-0.067002,1.658141,0.142057,50.050000,70.000000
-0.108027,0.383957,0.549184,-0.149693,50.050000,70.000000
-0.831036,0.785861,0.876848,0.783229,50.050000,70.000000
-0.034277,-0.097045,0.046330,-0.040975,50.050000,70.000000
0.956918,0.912581,-0.773250,0.952012,50.050000,70.000000
-0.255101,0.509736,-2.607899,-1.796758,50.050000,70.000000
-0.871018,0.796829,0.602801,0.131971,50.050000,70.000000
0.301826,0.786950,0.434781,1.600184,50.050000,70.000000
0.276484,0.869001,2.044076,-1.681003,50.050000,70.000000
-0.696747,-0.231168,-0.394173,-0.618406,50.050000,70.000000
0.759962,0.677089,0.751990,0.663435,50.050000,70.000000
-0.157852,0.981167,24.962054,-16.888330,50.050000,70.000000
0.476035,0.718923,-0.749152,-0.015507,50.050000,70.000000
0.941029,-0.120916,4.689657,0.114192,50.050000,70.000000
-0.229814,-0.491647,-13.519371,-9.284940,50.050000,70.000000
0.884391,-0.037779,-4.716799,0.163296,50.050000,70.000000
-0.951280,-0.157617,0.402332,-0.008099,50.050000,70.000000
0.934517,0.422035,-0.380606,0.586228,50.050000,70.000000
-0.853466,-0.200532,-0.851997,-0.220112,50.050000,70.000000
-0.340747,-0.938106,-8.688827,19.079801,50.050000,70.000000
-0.750570,-0.823448,0.638650,-0.485524,50.050000,70.000000
0.314294,0.340633,-0.062232,-0.044107,50.050000,70.000000
-0.986210,0.765372,-3.583738,-2.316709,50.050000,70.000000
-0.390752,0.625869,0.149251,0.588748,50.050000,70.000000
0.982101,0.177313,-1.271366,-0.019254,50.050000,70.000000
0.092572,-0.150372,-0.272360,-0.405388,50.050000,70.000000
0.691049,0.467416,0.609044,0.519944,50.050000,70.000000
-0.134117,-0.112470,-5.168094,10.439367,50.050000,70.000000
-0.285068,0.856703,-9.953488,-2.142544,50.050000,70.000000
0.599605,-0.430619,-0.414481,-0.165076,50.050000,70.000000
0.586511,-0.514165,-0.247884,-0.026398,50.050000,70.000000
0.436752,0.498402,0.313544,-0.202498,50.050000,70.000000
0.649163,0.486065,0.500814,0.280567,50.050000,70.000000
-0.706875,-0.440330,-0.458238,-0.348198,50.050000,70.000000
-0.628773,0.210719,0.309941,0.112004,50.050000,70.000000
-0.445545,-0.271900,0.104708,0.024614,50.050000,70.000000
0.182465,0.690173,1.141283,-0.823786,50.050000,70.000000
-0.255236,0.240339,-0.252368,0.083550,50.050000,70.000000
-0.620371,-0.567237,-0.651782,-0.435499,50.050000,70.000000
0.440372,-0.663347,-0.740954,-0.376797,50.050000,70.000000
-0.880857,-0.564273,-0.518437,-0.096115,50.050000,70.000000
0.259032,-0.451376,0.829680,-1.332549,50.050000,70.000000
-0.269688,-0.653316,-19.692454,3.249310,50.050000,70.000000
-0.284428,-0.378314,-0.072731,0.084358,50.050000,70.000000
-0.329711,0.555533,0.317222,0.150576,50.050000,70.000000
0.835368,0.034482,0.705305,-0.013472,50.050000,70.000000
-0.457474,-0.761065,-0.288162,-0.218929,50.050000,70.000000
0.774462,0.389179,-0.626027,0.380815,50.050000,70.000000
0.938863,-0.536793,0.850227,-0.418260,50.050000,70.000000
0.125013,-0.898872,-19.681635,13.731317,50.050000,70.000000
0.662755,0.924025,0.760574,0.325850,50.050000,70.000000
0.085593,0.560386,11.820984,21.546743,50.050000,70.000000
0.415140,-0.734023,1.222598,0.695764,50.050000,70.000000
-0.726877,-0.629034,0.687977,-0.582986,50.050000,70.000000
-0.176321,0.573463,-0.276605,22.225745,50.050000,70.000000
0.187165,-0.314384,-9.527992,0.055302,50.050000,70.000000
0.146311,-0.951296,16.234135,-1.781206,50.050000,70.000000
-0.431101,0.478048,0.371895,0.105432,50.050000,70.000000
0.549656,0.076324,-0.567831,0.018110,50.050000,70.000000
0.781124,0.349446,0.709176,0.430121,50.050000,70.000000
-0.865175,-0.999236,-0.472141,-0.209063,50.050000,70.000000
-0.157053,0.405738,-6.381306,28.102713,50.050000,70.000000
-0.755963,0.528084,0.617692,0.556427,50.050000,70.000000
-0.487682,-0.478583,0.499816,-0.268278,50.050000,70.000000
0.462494,-0.861455,0.946581,-0.561688,50.050000,70.000000
-0.466765,-0.912847,-2.384297,5.811106,50.050000,70.000000
-0.226872,0.955902,-15.997156,24.265379,50.050000,70.000000
-0.162475,-0.719778,0.888116,-2.698135,50.050000,70.000000
0.687722,0.542060,0.669850,0.549097,50.050000,70.000000
0.400881,-0.399598,-0.596528,-0.184098,50.050000,70.000000
-0.051762,0.042292,0.050887,0.043723,50.050000,70.000000
0.804310,0.032620,-1.884417,-0.098594,50.050000,70.000000
0.247302,0.400864,8.439207,26.639800,50.050000,70.000000
-0.671346,0.693158,-0.587907,0.572597,50.050000,70.000000
-0.085705,-0.445571,-0.227951,1.186834,50.050000,70.000000
-0.711397,-0.453566,-0.532546,-0.347873,50.050000,70.000000
0.917700,-0.212045,5.850582,-0.305171,50.050000,70.000000
0.163355,-0.492438,4.198462,-3.028235,50.050000,70.000000
-0.404706,0.113332,0.494269,-0.049060,50.050000,70.000000
0.767686,0.504879,0.251178,0.033041,50.050000,70.000000
-0.506937,-0.086758,-0.455813,-0.118177,50.050000,70.000000
-0.141352,0.298873,1.325457,-0.101013,50.050000,70.000000
-0.844894,-0.128485,1.120307,0.561901,50.050000,70.000000
0.556873,-0.629055,-0.142854,0.043368,50.050000,70.000000
-0.533751,-0.757322,-3.365455,-0.759421,50.050000,70.000000
-0.307899,-0.865909,-0.603351,-0.164436,50.050000,70.000000
0.666578,-0.817336,0.666006,-0.815483,50.050000,70.000000
-0.958724,0.726428,-0.543929,-0.077413,50.050000,70.000000
-0.917198,0.651767,4.111808,0.892928,50.050000,70.000000
0.241245,0.603733,5.508181,21.792342,50.050000,70.000000
0.947468,0.092476,7.652107,-0.006928,50.050000,70.000000
0.250074,0.997909,18.052197,-10.280008,50.050000,70.000000
-0.148334,0.951920,-0.090749,0.353782,50.050000,70.000000
0.919548,0.836430,0.832302,0.802270,50.050000,70.000000
-0.121959,0.228772,-0.054950,0.263554,50.050000,70.000000
0.969956,0.052438,-0.965567,-0.096798,50.050000,70.000000
-0.668762,0.118629,-0.409674,0.426499,50.050000,70.000000
-0.199036,0.801214,-6.406586,-27.928612,50.050000,70.000000
-0.002905,-0.832388,1.081159,39.778314,50.050000,70.000000
0.048552,0.015929,-0.045459,0.015748,50.050000,70.000000
-0.279982,0.337951,0.744712,-0.005767,50.050000,70.000000
-0.055359,-0.424487,-0.652157,0.114416,50.050000,70.000000
-0.356094,-0.866029,-0.679283,0.241591,50.050000,70.000000
0.651257,-0.323934,0.547725,-0.301904,50.050000,70.000000
-0.351610,0.482858,-0.022808,-0.053256,50.050000,70.000000
-0.611901,-0.214550,0.983735,-0.390101,50.050000,70.000000
0.064391,0.223681,0.020365,-0.068243,50.050000,70.000000
-0.594221,0.933000,-0.885240,0.641381,50.050000,70.000000
0.931112,-0.795564,0.140303,0.120205,50.050000,70.000000
0.951181,0.495171,-0.270695,-0.167119,50.050000,70.000000
0.334677,0.917845,1.174552,0.296512,50.050000,70.000000
0.227043,-0.084970,0.599769,0.017614,50.050000,70.000000
-0.093776,-0.091092,-0.085507,-0.018047,50.050000,70.000000
-0.977129,-0.601894,-4.479247,-1.261873,50.050000,70.000000
-0.040478,-0.317925,18.358819,0.450396,50.050000,70.000000
0.638121,0.899668,-0.730805,0.757611,50.050000,70.000000
0.721323,-0.732539,-0.666679,-0.638015,50.050000,70.000000
0.221631,0.955119,-1.446993,1.500449,50.050000,70.000000
0.689506,0.531502,0.601573,0.440468,50.050000,70.000000
0.948226,0.831833,0.858539,0.874627,50.050000,70.000000
0.621649,0.049901,-0.769332,-0.081859,50.050000,70.000000
0.686604,-0.242917,-0.914844,1.400692,50.050000,70.000000
-0.702825,-0.383616,-0.521759,-0.494777,50.050000,70.000000
0.563194,-0.405220,-0.303088,-0.032189,50.050000,70.000000
-0.538062,0.792068,-0.499561,0.562123,50.050000,70.000000
0.292039,0.298833,-2.241026,0.682850,50.050000,70.000000
0.484731,0.870734,0.095273,-0.496952,50.050000,70.000000
0.427395,-0.764755,-1.252823,18.333242,50.050000,70.000000
0.755761,0.074614,8.031506,0.772254,50.050000,70.000000
0.038454,0.297903,-0.037173,-0.334109,50.050000,70.000000
0.853640,-0.872030,0.859881,-0.864873,50.050000,70.000000
-0.212673,-0.402337,-0.015843,0.290193,50.050000,70.000000
-0.084885,-0.656933,18.752624,16.778082,50.050000,70.000000
0.931434,0.603973,-0.827921,0.581600,50.050000,70.000000
0.975825,0.696638,0.434174,-0.018753,50.050000,70.000000
0.399093,-0.440788,2.504872,-0.922597,50.050000,70.000000
-0.326962,0.748470,-5.442733,9.419104,50.050000,70.000000
-0.463773,-0.631962,-0.422491,-0.387310,50.050000,70.000000
0.606867,-0.382601,-0.591658,-0.390265,50.050000,70.000000
-0.374727,-0.030196,1.588674,0.344636,50.050000,70.000000
0.490328,0.937071,-4.721384,-0.416196,50.050000,70.000000
-0.640092,-0.034074,-1.589189,0.022811,50.050000,70.000000
-0.676531,-0.452775,0.491558,-0.213146,50.050000,70.000000
0.218646,0.785056,28.399410,0.678227,50.050000,70.000000
0.430847,-0.758634,0.012755,-0.489776,50.050000,70.000000
-0.353655,0.126333,0.276057,-0.026859,50.050000,70.000000
-0.718879,-0.193345,-1.338521,0.116244,50.050000,70.000000
0.451968,0.228665,-0.490894,0.188004,50.050000,70.000000
-0.826650,0.500868,-0.747077,0.454092,50.050000,70.000000
0.084686,-0.688355,-1.784975,1.137646,50.050000,70.000000
0.819478,0.968319,-0.821823,0.923275,50.050000,70.000000
0.529086,0.340937,0.454601,0.239849,50.050000,70.000000
0.124221,-0.215877,-0.049067,-0.048802,50.050000,70.000000
-0.249887,0.154412,0.129822,0.043079,50.050000,70.000000
-0.798282,-0.729036,-0.266393,0.043279,50.050000,70.000000
-0.902111,0.216989,0.360923,-0.068823,50.050000,70.000000
0.940947,0.495836,0.528956,0.356450,50.050000,70.000000
-0.481566,0.312497,0.508785,0.190442,50.050000,70.000000
0.142775,-0.384854,-3.553438,-0.496890,50.050000,70.000000
-0.235790,-0.917176,17.441017,-4.307848,50.050000,70.000000
-0.973272,0.216675,0.856315,-1.381468,50.050000,70.000000
-0.345280,0.875288,15.537742,-0.655270,50.050000,70.000000
0.970821,0.584691,-0.358807,0.268729,50.050000,70.000000
0.905472,0.260251,2.621206,-0.296460,50.050000,70.000000
0.042724,0.056192,-0.024848,0.047041,50.050000,70.000000
0.420962,-0.883574,0.697436,-0.445006,50.050000,70.000000
-0.221496,-0.680229,-2.027233,0.990397,50.050000,70.000000
-0.600627,-0.732499,-0.402573,-0.724418,50.050000,70.000000
0.885620,0.621065,0.001758,-0.121263,50.050000,70.000000
0.245041,0.408694,-0.349051,0.623585,50.050000,70.000000
0.920648,-0.670799,0.804790,-0.535111,50.050000,70.000000
-0.113112,0.932480,0.263171,0.738829,50.050000,70.000000
0.193675,-0.897625,0.889500,-0.405855,50.050000,70.000000
-0.386571,0.901390,-0.330610,0.113891,50.050000,70.000000
-0.336842,0.692637,-0.277033,0.243794,50.050000,70.000000
-0.852945,0.556471,0.510632,0.343857,50.050000,70.000000
0.605784,-0.587049,0.733963,-0.489105,50.050000,70.000000
-0.531459,-0.233835,0.096134,0.045152,50.050000,70.000000
-0.062532,-0.967839,15.369530,47.697368,50.050000,70.000000
-0.465859,0.306827,0.481705,0.163493,50.050000,70.000000
0.837445,0.935393,-0.528101,0.339951,50.050000,70.000000
-0.845028,-0.387269,0.222821,-0.893380,50.050000,70.000000
-0.827238,0.607695,-0.936123,0.467915,50.050000,70.000000
-0.465626,0.224754,0.233759,0.018222,50.050000,70.000000
-0.556584,-0.506684,0.524009,-0.197083,50.050000,70.000000
0.162914,0.088383,0.330434,-0.124236,50.050000,70.000000
-0.544807,-0.575160,0.676432,-0.392398,50.050000,70.000000
-0.715173,0.081294,0.098482,0.043092,50.050000,70.000000
0.315281,0.934320,0.090564,1.681926,50.050000,70.000000
-0.884731,0.326439,0.425324,-0.022495,50.050000,70.000000
0.461155,0.640113,-0.293997,0.144439,50.050000,70.000000
0.379811,-0.510140,1.130898,-0.206301,50.050000,70.000000
0.073488,-0.890418,-9.946553,-4.643078,50.050000,70.000000
0.740424,0.310168,-4.484619,-0.657931,50.050000,70.000000
-0.998401,-0.118613,4.997493,0.164785,50.050000,70.000000
0.471691,-0.287750,-0.530325,-0.240653,50.050000,70.000000
-0.218880,-0.714316,-1.665794,-1.009605,50.050000,70.000000
0.496465,0.084204,-0.595480,-0.744293,50.050000,70.000000
-0.779678,-0.048945,0.087765,-0.015293,50.050000,70.000000
-0.616454,-0.744404,-0.585437,-0.359581,50.050000,70.000000
0.801469,0.293599,-0.199780,-0.026865,50.050000,70.000000
0.519471,0.747120,-0.567264,0.632631,50.050000,70.000000
0.848052,-0.787522,-0.721621,-0.641912,50.050000,70.000000
0.114143,0.403961,0.876473,0.556635,50.050000,70.000000
-0.629950,0.426190,0.141109,-0.083700,50.050000,70.000000
0.970599,0.854753,0.618765,0.307555,50.050000,70.000000
-0.162828,-0.657832,-0.248907,-0.300055,50.050000,70.000000
-0.189049,0.649583,-0.089641,0.360958,50.050000,70.000000
-0.461813,0.310963,-0.576415,0.217666,50.050000,70.000000
0.358551,0.162899,0.290608,0.061023,50.050000,70.000000
-0.149132,-0.453602,0.163701,0.295574,50.050000,70.000000
0.314522,0.170623,-0.245210,-0.168448,50.050000,70.000000
-0.338827,-0.658105,-8.730144,-1.102903,50.050000,70.000000
-0.775693,0.928842,0.679094,0.405307,50.050000,70.000000
-0.960885,0.401149,0.308453,-0.031851,50.050000,70.000000
0.119065,-0.868248,0.031473,-0.097242,50.050000,70.000000
-0.646464,0.879078,0.758814,0.766963,50.050000,70.000000
0.655881,-0.601043,-0.683180,-0.483002,50.050000,70.000000
0.268661,-0.622956,15.615489,3.323893,50.050000,70.000000
-0.016782,-0.056533,-0.013455,0.053791,50.050000,70.000000
-0.152103,-0.397155,-2.404795,1.251742,50.050000,70.000000
-0.977473,-0.390277,1.304485,0.198919,50.050000,70.000000
0.611411,-0.014220,1.535566,0.052175,50.050000,70.000000
-0.999450,0.250878,12.544650,-1.524933,50.050000,70.000000
0.507114,-0.930691,-7.885891,10.264926,50.050000,70.000000
-0.122965,-0.666637,12.388793,31.448450,50.050000,70.000000
-0.176332,0.394990,-16.667022,3.492371,50.050000,70.000000
0.599444,0.861849,0.480802,0.452319,50.050000,70.000000
-0.911297,-0.175378,-16.226945,3.058673,50.050000,70.000000
0.423614,-0.327380,0.696214,0.392608,50.050000,70.000000
-0.281347,-0.598914,-0.023404,-1.529082,50.050000,70.000000
0.044325,0.968071,-12.211984,-45.941728,50.050000,70.000000
0.363876,-0.332989,0.332387,0.150341,50.050000,70.000000
-0.539462,-0.733387,-0.522960,-0.751125,50.050000,70.000000
-0.039172,-0.362470,-0.922142,-0.519805,50.050000,70.000000
-0.037121,0.110918,-10.026965,8.817097,50.050000,70.000000
0.192110,0.788384,1.827562,-0.128196,50.050000,70.000000
0.368303,0.063789,-0.340281,-0.245773,50.050000,70.000000
0.099302,0.966130,-18.320459,-19.035065,50.050000,70.000000
-0.246319,0.112853,0.170322,-0.097085,50.050000,70.000000
0.719706,0.092726,-0.381692,-0.020675,50.050000,70.000000
0.450565,0.644183,-4.160799,-2.065810,50.050000,70.000000
0.784141,-0.935775,0.448446,-0.217661,50.050000,70.000000
0.423539,0.421324,0.636471,-0.023810,50.050000,70.000000
-0.805991,-0.289038,-0.268630,-0.929379,50.050000,70.000000
0.143933,-0.923381,2.394405,3.058129,50.050000,70.000000
0.731248,0.079682,0.628975,-0.022525,50.050000,70.000000
-0.788124,-0.001345,-0.364323,-0.009708,50.050000,70.000000
-0.608761,0.558377,0.167007,-0.070738,50.050000,70.000000
0.634480,-0.290550,0.480286,-0.451142,50.050000,70.000000
0.733934,-0.764750,0.087529,0.139858,50.050000,70.000000
0.841992,-0.642036,0.380213,-0.147718,50.050000,70.000000
-0.702106,-0.294944,0.804507,-0.363678,50.050000,70.000000
0.883062,-0.379715,-12.193845,-0.221249,50.050000,70.000000
0.124908,-0.670887,1.239145,-3.289400,50.050000,70.000000
0.402915,-0.210605,-3.245255,-0.099670,50.050000,70.000000
0.357323,-0.466439,0.467327,-0.204982,50.050000,70.000000
0.552009,-0.387848,-0.217090,-0.001323,50.050000,70.000000
-0.560612,-0.204058,-0.431659,-0.100311,50.050000,70.000000
0.396952,-0.432914,-2.989316,-0.260930,50.050000,70.000000
0.009867,-0.164189,0.299599,0.437249,50.050000,70.000000
0.467334,0.479144,-0.560164,0.201121,50.050000,70.000000
0.969924,-0.480897,0.907346,-0.565120,50.050000,70.000000
-0.442873,0.638343,-8.843162,8.374932,50.050000,70.000000
0.629074,0.845053,0.592700,0.673392,50.050000,70.000000
0.804383,-0.734805,0.478652,-0.184528,50.050000,70.000000
0.133556,0.683057,22.876011,-6.095052,50.050000,70.000000
0.137931,0.205379,-0.027526,0.085439,50.050000,70.000000
-0.203450,0.611037,1.246593,-1.649512,50.050000,70.000000
-0.307138,-0.062611,0.230405,0.071884,50.050000,70.000000
-0.298118,-0.469861,2.192885,-0.549807,50.050000,70.000000
-0.952208,0.239921,-0.151082,1.545716,50.050000,70.000000
0.356981,-0.213765,0.030431,0.034829,50.050000,70.000000
-0.748865,-0.178623,-0.485235,-0.201587,50.050000,70.000000
-0.119590,0.044079,-0.122789,-0.000996,50.050000,70.000000
0.842635,0.164990,-6.900508,1.108003,50.050000,70.000000
0.989576,-0.197001,-11.989675,-0.223543,50.050000,70.000000
-0.999572,0.194531,3.197067,-0.232304,50.050000,70.000000
-0.520569,0.793324,0.740864,0.673505,50.050000,70.000000
-0.610527,0.872801,0.919068,0.687012,50.050000,70.000000
-0.826703,-0.389742,-0.615734,-0.240353,50.050000,70.000000
-0.389454,0.448401,0.078107,-0.655505,50.050000,70.000000
0.269066,0.187770,0.681618,-1.090861,50.050000,70.000000
-0.150482,0.851790,1.161753,0.773765,50.050000,70.000000
0.034900,0.570324,5.538747,-9.976134,50.050000,70.000000
-0.562673,-0.847998,-0.558262,-0.651835,50.050000,70.000000
-0.303758,0.738438,0.217149,-0.208321,50.050000,70.000000
0.929999,0.496768,-0.437220,0.873090,50.050000,70.000000
-0.822254,0.380526,0.246745,-0.155326,50.050000,70.000000
-0.504365,-0.854896,-0.320274,-0.428274,50.050000,70.000000
-0.236486,-0.618803,0.026805,0.043074,50.050000,70.000000
-0.223365,-0.103226,-0.353500,0.103047,50.050000,70.000000
-0.924626,-0.190797,0.713625,-0.257793,50.050000,70.000000
-0.732454,-0.361420,0.499090,-0.096552,50.050000,70.000000
-0.391413,-0.478121,-1.030708,-0.388151,50.050000,70.000000
0.220586,-0.608975,21.544804,16.742351,50.050000,70.000000
0.954600,-0.044675,10.123102,0.064778,50.050000,70.000000
-0.850839,-0.057712,-0.526765,-0.017702,50.050000,70.000000
0.036507,-0.418700,0.062827,-1.644244,50.050000,70.000000
0.911714,-0.822823,0.727957,-0.581839,50.050000,70.000000
0.806246,0.584040,-0.759759,0.485321,50.050000,70.000000
-0.047329,0.545727,-1.437469,-0.402834,50.050000,70.000000
0.040050,-0.878531,-9.917681,43.930465,50.050000,70.000000
0.524152,-0.571901,0.603100,-0.322166,50.050000,70.000000
0.061272,-0.201003,0.072084,-0.366799,50.050000,70.000000
-0.258888,0.861647,0.416948,-0.668183,50.050000,70.000000
-0.300773,0.913182,-3.089511,1.435627,50.050000,70.000000
-0.151744,-0.361114,2.723069,-0.819239,50.050000,70.000000
0.752406,-0.319166,-0.325468,-0.141679,50.050000,70.000000
-0.226244,-0.478970,-14.114780,-16.489557,50.050000,70.000000
-0.040749,-0.871134,-4.345711,-22.717859,50.050000,70.000000
0.846811,0.346532,1.399134,-0.517227,50.050000,70.000000
0.164872,-0.990386,-1.294483,-0.365261,50.050000,70.000000
0.584128,-0.567613,-0.604151,-0.337632,50.050000,70.000000
0.132256,0.827107,-14.678958,-1.866815,50.050000,70.000000
-0.815389,-0.239805,0.823462,1.768303,50.050000,70.000000
-0.396460,0.692770,-0.657998,0.170518,50.050000,70.000000
-0.606714,0.953970,-0.842493,0.750115,50.050000,70.000000
-0.621903,-0.329986,-0.390818,-0.217319,50.050000,70.000000
-0.072184,0.804315,11.113751,-9.359321,50.050000,70.000000
0.118679,0.636820,-0.305451,-0.585835,50.050000,70.000000
-0.963013,0.645505,14.096564,-16.063390,50.050000,70.000000
-0.998299,-0.410492,1.382920,-0.051546,50.050000,70.000000
0.857029,0.085029,-0.796267,0.017356,50.050000,70.000000
-0.910287,0.800784,-0.598075,0.904620,50.050000,70.000000
0.776799,-0.334218,-0.373220,0.125136,50.050000,70.000000
0.802508,-0.249778,-0.687587,-0.254084,50.050000,70.000000
-0.022529,-0.648988,0.230400,0.282325,50.050000,70.000000
0.463506,0.142319,0.448986,0.158002,50.050000,70.000000
-0.048262,0.855892,10.622434,-46.606132,50.050000,70.000000
0.974648,0.907851,-0.765588,0.961106,50.050000,70.000000
0.258680,-0.363431,4.163408,1.403705,50.050000,70.000000
-0.177927,-0.424913,-3.535399,9.947246,50.050000,70.000000
0.488617,0.185010,-0.010266,-0.068992,50.050000,70.000000
-0.536981,0.958355,-1.144040,0.651534,50.050000,70.000000
-0.929483,0.170920,0.559392,-0.031823,50.050000,70.000000
0.659547,-0.997405,-0.936168,-0.469762,50.050000,70.000000
0.608170,-0.495205,-0.580625,-0.411868,50.050000,70.000000
-0.902574,0.437171,-0.255246,-0.151733,50.050000,70.000000
-0.460432,-0.485902,0.555013,-0.311409,50.050000,70.000000
-0.562505,-0.025387,-0.887875,-0.022321,50.050000,70.000000
-0.674313,0.820309,-0.488434,0.408919,50.050000,70.000000
0.934678,-0.867990,0.575804,-0.205700,50.050000,70.000000
-0.315868,-0.790458,8.513976,-6.608093,50.050000,70.000000
0.771233,0.111055,-6.066147,1.174120,50.050000,70.000000
0.495207,0.939452,-6.159854,0.505992,50.050000,70.000000
-0.631114,0.872710,0.867397,0.782056,50.050000,70.000000
-0.354676,0.961728,-10.864151,-23.122335,50.050000,70.000000
-0.238927,0.348545,-3.962088,0.119990,50.050000,70.000000
-0.009763,-0.090014,0.011334,-0.043895,50.050000,70.000000
-0.859084,-0.622343,-0.720331,-0.258065,50.050000,70.000000
0.280403,0.737478,16.774657,0.662272,50.050000,70.000000
0.792730,-0.583982,-0.561736,-0.276037,50.050000,70.000000
-0.992141,-0.912989,-0.959455,-0.058064,50.050000,70.000000
-0.598857,-0.990778,-0.258365,-0.065118,50.050000,70.000000
-0.001105,-0.567161,0.110339,0.032658,50.050000,70.000000
-0.275524,-0.732296,-22.159675,7.769486,50.050000,70.000000
0.306777,-0.002528,-0.076159,0.000333,50.050000,70.000000
-0.489257,-0.941838,-0.743014,-0.083588,50.050000,70.000000
0.528672,-0.603761,-0.608313,-0.204125,50.050000,70.000000
0.594063,0.423894,0.546556,0.344492,50.050000,70.000000
0.390152,-0.722637,-0.770066,2.548458,50.050000,70.000000
0.643566,0.418945,-0.466361,0.211099,50.050000,70.000000
-0.793165,-0.731544,-0.233166,0.067528,50.050000,70.000000
0.938505,-0.538616,0.831347,-0.406864,50.050000,70.000000
-0.521655,0.536486,0.637189,0.361598,50.050000,70.000000
0.718787,0.647136,-0.697270,0.645225,50.050000,70.000000
0.416455,-0.638539,-0.563418,0.237751,50.050000,70.000000
0.071986,-0.127360,-0.566199,-0.126930,50.050000,70.000000
-0.537373,0.365797,-0.552859,0.348742,50.050000,70.000000
-0.048401,0.516559,-13.593609,22.652883,50.050000,70.000000
-0.196379,-0.545374,14.268265,-0.172449,50.050000,70.000000
-0.100352,-0.621762,-1.186173,-3.616162,50.050000,70.000000
0.045442,-0.248878,-2.304165,-1.448375,50.050000,70.000000
-0.890714,-0.227880,3.689699,0.646091,50.050000,70.000000
0.017651,0.653385,0.656448,0.433657,50.050000,70.000000
-0.560760,-0.694894,0.514539,-0.352277,50.050000,70.000000
0.917422,-0.893967,-0.509661,-0.302185,50.050000,70.000000
-0.898419,0.269297,-0.344758,-0.107747,50.050000,70.000000
0.078775,-0.034502,0.082118,-0.037854,50.050000,70.000000
0.127404,-0.713612,0.111225,-0.090288,50.050000,70.000000
0.326679,0.500157,5.348558,1.241052,50.050000,70.000000
0.135667,0.152069,0.550288,-0.346633,50.050000,70.000000
-0.184658,0.458303,-0.050455,0.230220,50.050000,70.000000
0.690625,-0.662218,-0.726760,-0.620880,50.050000,70.000000
0.097791,-0.426462,0.535400,0.836040,50.050000,70.000000
0.452353,0.689834,-0.502110,0.390611,50.050000,70.000000
0.035881,-0.946920,-8.891237,50.698831,50.050000,70.000000
-0.877803,0.763232,0.902535,0.759030,50.050000,70.000000
-0.358820,-0.690141,-3.661777,0.749997,50.050000,70.000000
0.800202,0.998925,-0.700737,0.688627,50.050000,70.000000
0.930166,-0.706776,0.659470,-0.367500,50.050000,70.000000
-0.792097,-0.770590,-0.745857,-0.692238,50.050000,70.000000
0.691573,-0.727762,0.268783,0.070965,50.050000,70.000000
0.508299,0.987106,0.270376,1.007460,50.050000,70.000000
0.286348,0.654136,-1.347115,0.861519,50.050000,70.000000
0.063408,-0.296485,0.035884,0.206230,50.050000,70.000000
0.970282,-0.471670,-0.152286,0.056577,50.050000,70.000000
0.638544,0.005620,-0.163811,-0.002110,50.050000,70.000000
0.456067,-0.880252,-8.295442,-6.734985,50.050000,70.000000
-0.391089,0.968328,1.256665,-1.053579,50.050000,70.000000
0.682733,0.690794,0.374657,0.121740,50.050000,70.000000
0.167906,0.003513,-0.162905,-0.001011,50.050000,70.000000
-0.963482,0.761158,-0.672469,2.524020,50.050000,70.000000
0.781623,0.743086,-0.065123,-0.141110,50.050000,70.000000
-0.955072,0.107923,0.278566,0.089189,50.050000,70.000000
-0.146268,-0.321947,-0.352012,-0.611650,50.050000,70.000000
-0.969892,-0.967829,-0.752125,-0.814505,50.050000,70.000000
-0.298406,0.689342,-5.202074,-14.774541,50.050000,70.000000
-0.231081,0.213616,0.248078,-0.061531,50.050000,70.000000
0.242784,0.463482,-5.506073,14.049943,50.050000,70.000000
-0.260630,-0.402823,22.046477,-24.378008,50.050000,70.000000
-0.239727,0.913956,1.016788,3.369581,50.050000,70.000000
0.853866,0.926013,-0.434669,0.186684,50.050000,70.000000
-0.502541,-0.206740,0.425662,-0.164796,50.050000,70.000000
-0.679664,0.890177,-0.241152,-0.103620,50.050000,70.000000
-0.802952,0.791687,0.790855,0.694515,50.050000,70.000000
-0.123455,-0.909166,-20.287909,-23.076531,50.050000,70.000000
-0.354821,0.515393,0.568328,0.091585,50.050000,70.000000
0.205406,0.259354,-0.161108,0.203958,50.050000,70.000000
0.966601,-0.342015,0.865729,1.008354,50.050000,70.000000
-0.245710,0.359699,-2.767963,-1.281628,50.050000,70.000000
-0.537337,0.984127,-0.142808,-0.099943,50.050000,70.000000
0.226089,-0.129356,2.420209,-10.384114,50.050000,70.000000
-0.084056,-0.737015,17.603845,19.544243,50.050000,70.000000
0.989123,0.185187,0.303552,0.099328,50.050000,70.000000
0.431263,0.242962,0.268247,-0.104814,50.050000,70.000000
-0.543777,0.737254,-0.471016,0.759129,50.050000,70.000000
-0.972458,-0.098480,0.555667,0.062836,50.050000,70.000000
0.843404,-0.904956,0.663675,-0.517625,50.050000,70.000000
0.410896,-0.065728,0.589902,0.153983,50.050000,70.000000
-0.695519,0.406201,0.362722,0.133606,50.050000,70.000000
-0.983408,-0.137604,-0.621919,0.097413,50.050000,70.000000
-0.707683,-0.024966,0.690483,0.022982,50.050000,70.000000
0.392382,0.761508,-0.457732,0.337280,50.050000,70.000000
0.670669,-0.069772,6.491119,0.511227,50.050000,70.000000
-0.663122,0.903490,-0.639480,0.324079,50.050000,70.000000
0.954730,0.145315,-3.823209,0.711957,50.050000,70.000000
0.316114,0.934755,0.080255,-0.742520,50.050000,70.000000
0.433723,-0.424793,0.733938,0.416025,50.050000,70.000000
0.509151,-0.704225,0.479278,-0.142829,50.050000,70.000000
0.089050,0.662914,-9.214437,-0.451946,50.050000,70.000000
-0.411801,0.864055,-0.573849,0.591672,50.050000,70.000000
0.168115,-0.493451,-3.561092,-25.494345,50.050000,70.000000
0.561264,-0.830259,-1.986240,5.251307,50.050000,70.000000
-0.171229,0.161948,0.794849,0.427506,50.050000,70.000000
-0.137026,0.995872,-2.540049,-1.845142,50.050000,70.000000
-0.372186,0.673527,-9.829851,-0.897339,50.050000,70.000000
-0.037826,0.261043,0.077111,0.070978,50.050000,70.000000
-0.646767,-0.207530,0.627740,0.077307,50.050000,70.000000
0.038158,-0.679308,0.079077,-0.079244,50.050000,70.000000
0.871119,0.900899,0.658120,0.384262,50.050000,70.000000
-0.598671,0.141961,0.513374,0.089395,50.050000,70.000000
-0.055267,-0.868793,-4.419590,-13.186808,50.050000,70.000000
0.199282,-0.662504,28.257195,26.550434,50.050000,70.000000
-0.710120,-0.983550,1.009333,-0.556406,50.050000,70.000000
-0.520389,-0.176510,-0.435081,-0.222984,50.050000,70.000000
-0.598940,-0.392183,0.554875,-0.326448,50.050000,70.000000
0.579475,-0.767364,0.624845,-0.518090,50.050000,70.000000
0.914553,0.900639,-0.461463,0.244681,50.050000,70.000000
-0.963045,0.094403,-0.763746,0.081964,50.050000,70.000000
0.636811,0.885140,-0.837626,0.754216,50.050000,70.000000
0.549339,0.747240,0.579654,0.499667,50.050000,70.000000
0.859648,0.107089,2.521892,0.449317,50.050000,70.000000
-0.161104,0.330069,-0.772936,-0.132060,50.050000,70.000000
-0.532453,-0.932067,0.956130,-0.589094,50.050000,70.000000
0.754215,0.095200,-0.694682,-0.122652,50.050000,70.000000
0.033771,-0.412175,2.295516,-5.352079,50.050000,70.000000
0.582924,-0.799137,-0.564466,-0.676373,50.050000,70.000000
0.899168,0.311388,-0.444265,0.563024,50.050000,70.000000
-0.504317,-0.055808,0.397572,-0.158591,50.050000,70.000000
0.034759,0.195804,-0.074076,7.027890,50.050000,70.000000
0.872404,0.497248,0.397422,0.094614,50.050000,70.000000
-0.753784,-0.841393,0.788820,-0.830444,50.050000,70.000000
0.712867,-0.839792,-0.530338,-0.344095,50.050000,70.000000
-0.377352,-0.149005,7.389730,1.201734,50.050000,70.000000
-0.328993,0.614794,0.167002,1.159796,50.050000,70.000000
0.836229,0.495186,0.727945,0.356309,50.050000,70.000000
0.598301,-0.363299,0.564627,-0.348977,50.050000,70.000000
0.036716,-0.913926,-0.392123,-0.125806,50.050000,70.000000
-0.362151,-0.669859,0.534847,-0.534379,50.050000,70.000000
-0.326276,0.277229,-1.118292,0.419844,50.050000,70.000000
-0.620344,-0.122418,0.394803,-0.060271,50.050000,70.000000
0.522099,0.920745,-8.643278,-10.919043,50.050000,70.000000
0.958041,-0.205568,-3.731697,0.221651,50.050000,70.000000
-0.976654,-0.623568,-2.721312,1.031914,50.050000,70.000000
-0.314640,-0.162794,-0.337344,-0.094993,50.050000,70.000000
-0.078994,0.345762,-0.081065,0.591284,50.050000,70.000000
-0.780788,-0.698056,0.761590,-0.613365,50.050000,70.000000
-0.224158,0.579972,0.267903,-0.240118,50.050000,70.000000
-0.417285,0.685328,10.933270,1.714481,50.050000,70.000000
0.308574,0.201106,-6.395891,-3.942136,50.050000,70.000000
-0.015726,-0.303948,11.602521,-25.181368,50.050000,70.000000
-0.461107,0.177602,-0.352218,0.092993,50.050000,70.000000
0.951369,-0.334586,1.231077,-0.800637,50.050000,70.000000
0.609596,-0.523082,0.624680,-0.437795,50.050000,70.000000
0.553282,-0.994577,0.674809,-0.588644,50.050000,70.000000
0.141748,0.365688,-7.151176,2.504709,50.050000,70.000000
0.111463,-0.648189,2.754390,29.079753,50.050000,70.000000
-0.119734,-0.364392,1.214940,0.570916,50.050000,70.000000
-0.333213,-0.305651,-5.753688,0.282188,50.050000,70.000000
0.915278,-0.921108,-0.821849,-0.919671,50.050000,70.000000
0.938346,0.778426,-0.735144,0.594124,50.050000,70.000000
-0.990809,-0.524016,-0.485866,-0.843379,50.050000,70.000000
0.867062,0.710479,0.690610,0.475731,50.050000,70.000000
-0.982210,-0.003424,0.688340,-0.010679,50.050000,70.000000
0.458397,0.271755,-0.430802,0.133278,50.050000,70.000000
-0.609031,0.018613,0.440927,0.008259,50.050000,70.000000
0.825090,-0.713742,-0.320881,-0.043258,50.050000,70.000000
0.138411,0.271516,-23.378497,15.082911,50.050000,70.000000
-0.623630,0.657882,-0.270266,-0.033271,50.050000,70.000000
-0.969773,-0.968113,-0.753027,-0.819659,50.050000,70.000000
0.921842,-0.594784,-1.196305,-0.458391,50.050000,70.000000
-0.535874,-0.429553,0.599389,-0.384665,50.050000,70.000000
0.504482,0.833371,0.971026,0.571931,50.050000,70.000000
0.463177,0.621833,0.718864,0.189599,50.050000,70.000000
-0.857885,-0.470225,-0.154558,0.116192,50.050000,70.000000
0.931093,0.881598,0.359392,-0.021686,50.050000,70.000000
-0.982580,-0.224370,0.268918,0.008211,50.050000,70.000000
-0.983265,0.269302,-11.306598,-5.539929,50.050000,70.000000
0.160607,-0.675389,0.402723,0.019378,50.050000,70.000000
0.736653,0.932168,0.927234,0.808368,50.050000,70.000000
0.940914,-0.062591,-0.450773,0.060223,50.050000,70.000000
0.034174,0.361548,-0.508584,-0.215432,50.050000,70.000000
0.538562,-0.392778,-0.450037,-0.277287,50.050000,70.000000
0.588347,0.355368,-0.560972,0.340267,50.050000,70.000000
0.671450,-0.940474,0.783767,-0.879758,50.050000,70.000000
-0.552791,-0.764945,0.655625,0.029471,50.050000,70.000000
-0.426159,-0.454685,-0.332593,0.193065,50.050000,70.000000
0.116241,-0.334332,-2.127005,15.538590,50.050000,70.000000
0.874529,0.205339,-0.408855,0.594992,50.050000,70.000000
-0.860020,-0.357086,0.579656,-0.287492,50.050000,70.000000
0.451173,0.860522,-0.054280,0.451469,50.050000,70.000000
0.792801,0.606080,-0.743321,0.605766,50.050000,70.000000
0.380849,0.921094,-1.308018,-0.153320,50.050000,70.000000
0.822903,0.529809,0.763993,0.438825,50.050000,70.000000
0.494850,0.943091,3.987653,-12.799480,50.050000,70.000000
0.535594,-0.279417,-0.408784,-0.147797,50.050000,70.000000
-0.160852,0.556371,1.905079,1.757480,50.050000,70.000000
0.925447,-0.013239,-9.799040,0.736830,50.050000,70.000000
-0.505345,0.665541,-0.402838,0.311674,50.050000,70.000000
-0.253938,0.056938,-0.077511,0.020190,50.050000,70.000000
0.960950,0.694386,0.688561,0.253076,50.050000,70.000000
0.540519,0.501249,0.661439,0.358889,50.050000,70.000000
0.491931,-0.121185,-0.058175,0.080837,50.050000,70.000000
-0.748979,-0.093579,1.383422,-0.268843,50.050000,70.000000
-0.785593,0.533845,-0.670580,0.485606,50.050000,70.000000
0.328356,0.677340,3.642518,-7.019176,50.050000,70.000000
0.055865,0.926303,-10.441414,-17.589830,50.050000,70.000000
0.381505,-0.050049,-0.512188,-0.112390,50.050000,70.000000
0.821652,-0.494997,-0.237168,-0.062438,50.050000,70.000000
0.591555,0.271915,0.305244,0.111948,50.050000,70.000000
0.069294,0.617396,-11.782925,18.250977,50.050000,70.000000
0.567241,-0.382895,0.459478,-0.218063,50.050000,70.000000
0.676864,0.046343,-0.798950,0.011832,50.050000,70.000000
0.890842,0.383560,-0.791018,0.291094,50.050000,70.000000
0.487640,-0.234650,0.489336,-0.229744,50.050000,70.000000
0.235797,-0.962768,26.536044,14.918724,50.050000,70.000000
0.762942,0.768968,0.701274,0.603478,50.050000,70.000000
0.038304,-0.225866,0.394839,0.342883,50.050000,70.000000
-0.136902,-0.920278,20.379521,5.405234,50.050000,70.000000
0.879285,0.146614,0.104425,-0.052444,50.050000,70.000000
0.146300,0.865677,0.893423,-0.526551,50.050000,70.000000
-0.573815,-0.108017,0.534859,-0.038180,50.050000,70.000000
0.557671,0.781710,-0.705360,0.151778,50.050000,70.000000
0.201592,0.164051,-0.170158,0.158400,50.050000,70.000000
-0.795444,0.975017,0.733456,0.532619,50.050000,70.000000
-0.885118,-0.173846,0.664072,0.319839,50.050000,70.000000
0.172760,-0.427500,-0.087521,-0.264417,50.050000,70.000000
-0.991059,-0.732380,0.393557,-0.610692,50.050000,70.000000
0.893773,-0.360951,-2.109531,8.917935,50.050000,70.000000
-0.496547,0.528744,0.686476,0.419175,50.050000,70.000000
0.600561,-0.371097,0.524061,-0.271226,50.050000,70.000000
0.970874,-0.527548,0.925319,-0.541886,50.050000,70.000000
-0.500144,0.083158,0.252704,-0.076180,50.050000,70.000000
-0.355512,0.909466,-5.291029,-8.215072,50.050000,70.000000
-0.600614,-0.518667,-0.663744,-0.471602,50.050000,70.000000
0.761068,-0.730322,-0.726823,-0.680677,50.050000,70.000000
-0.516054,0.675155,-0.440668,0.454119,50.050000,70.000000
-0.676463,0.682206,-0.358993,0.161994,50.050000,70.000000
-0.171317,0.668880,-4.056822,-0.309001,50.050000,70.000000
-0.127022,-0.853864,6.130040,-3.659439,50.050000,70.000000
-0.892453,0.536577,-0.852041,0.432199,50.050000,70.000000
0.242362,-0.628570,5.716622,0.202963,50.050000,70.000000
-0.384263,-0.300057,0.067516,0.055559,50.050000,70.000000
0.935628,-0.904639,-0.770250,-0.855302,50.050000,70.000000
-0.267846,0.317959,-0.156796,-0.051589,50.050000,70.000000
-0.058484,-0.948003,13.611403,42.604873,50.050000,70.000000
0.920050,-0.721391,0.416321,-0.093511,50.050000,70.000000
-0.414494,-0.399861,0.401913,0.005465,50.050000,70.000000
-0.471140,-0.452841,0.650117,-0.321553,50.050000,70.000000
-0.897817,0.393426,3.338026,1.710028,50.050000,70.000000
0.309214,0.965447,0.705299,0.161235,50.050000,70.000000
0.268860,0.722567,2.945001,1.893754,50.050000,70.000000
0.178440,-0.960665,-0.193804,1.286837,50.050000,70.000000
0.102490,0.548287,2.496397,-0.198933,50.050000,70.000000
-0.932012,-0.322273,6.568233,1.766483,50.050000,70.000000
-0.445799,-0.538210,0.307653,-0.373256,50.050000,70.000000
0.303392,-0.883062,7.178685,-0.617054,50.050000,70.000000
0.384849,0.163881,-0.317255,0.091990,50.050000,70.000000
0.347978,0.471572,-13.986630,12.391321,50.050000,70.000000
-0.294087,-0.720097,-1.196211,-1.939180,50.050000,70.000000
-0.672292,0.783245,-0.531219,0.297747,50.050000,70.000000
0.006290,-0.280848,-0.038489,0.076943,50.050000,70.000000
-0.218579,0.340188,-8.027292,10.336298,50.050000,70.000000
-0.453819,0.669437,0.594036,0.480441,50.050000,70.000000
-0.764978,-0.984007,0.932054,-0.912134,50.050000,70.000000
-0.205148,0.080086,-0.930226,0.056605,50.050000,70.000000
0.001564,0.291381,-1.160571,-0.442778,50.050000,70.000000
-0.767544,-0.106175,-0.063702,-0.017543,50.050000,70.000000
-0.476375,-0.438042,0.264609,-0.070327,50.050000,70.000000
-0.179715,-0.468278,0.113881,0.083571,50.050000,70.000000
-0.354089,0.832908,4.709472,-1.069052,50.050000,70.000000
0.690200,0.184480,1.502351,1.175886,50.050000,70.000000
0.559428,0.309052,0.526659,0.301584,50.050000,70.000000
0.231775,-0.565161,0.758630,-0.237158,50.050000,70.000000
-0.660423,0.273860,0.362506,0.239210,50.050000,70.000000
0.770979,-0.151703,-2.441895,-0.367856,50.050000,70.000000
0.334290,0.411033,-6.144233,1.570412,50.050000,70.000000
0.236132,0.672578,0.924575,0.528860,50.050000,70.000000
0.021143,-0.641207,-27.714221,-4.467081,50.050000,70.000000
-0.768805,0.692363,0.768029,0.567557,50.050000,70.000000
0.549376,-0.632552,-0.580996,-0.441641,50.050000,70.000000
0.703207,0.806451,0.723243,0.794885,50.050000,70.000000
0.027251,0.002565,0.029377,-0.001585,50.050000,70.000000
-0.892773,-0.834410,-0.839529,-0.761524,50.050000,70.000000
0.067568,-0.381823,-9.420251,-1.188220,50.050000,70.000000
0.707003,0.593458,0.475394,0.223314,50.050000,70.000000
0.252745,-0.119319,-0.180061,-0.015947,50.050000,70.000000
0.600639,0.932119,0.619391,0.178586,50.050000,70.000000
0.117204,-0.151717,-0.868536,0.243765,50.050000,70.000000
0.085224,0.352463,-1.889090,-0.790596,50.050000,70.000000
-0.147641,0.590780,20.229671,22.557224,50.050000,70.000000
-0.763420,-0.798353,-0.498756,-0.260989,50.050000,70.000000
0.083328,0.501614,-0.017767,-0.134530,50.050000,70.000000
0.620557,-0.299272,0.490137,-0.321945,50.050000,70.000000
0.133093,0.899827,1.041910,-0.883535,50.050000,70.000000
-0.613924,-0.220281,-0.567771,-0.281153,50.050000,70.000000
-0.255847,-0.013363,-0.043274,0.004160,50.050000,70.000000
-0.590431,0.631099,0.522319,0.176390,50.050000,70.000000
0.887333,-0.593909,0.956952,-0.486695,50.050000,70.000000
0.179094,0.025883,0.179210,0.022590,50.050000,70.000000
-0.992044,0.721110,-0.400731,-1.868502,50.050000,70.000000
-0.297920,0.866865,12.249058,5.523715,50.050000,70.000000
-0.605460,0.035407,4.434110,0.131639,50.050000,70.000000
-0.911174,-0.098698,-0.385823,-0.107945,50.050000,70.000000
-0.813529,-0.988768,0.813936,-0.752964,50.050000,70.000000
-0.220742,-0.009071,-0.210817,-0.010570,50.050000,70.000000
-0.449338,-0.025285,-0.265920,-0.125714,50.050000,70.000000
-0.956691,0.892522,-0.057733,-0.151532,50.050000,70.000000
0.612319,-0.758138,0.219800,0.111544,50.050000,70.000000
-0.021342,-0.693671,9.262491,-3.875195,50.050000,70.000000
-0.535025,-0.164993,0.108162,0.040605,50.050000,70.000000
0.960210,0.250552,-0.670037,-0.522067,50.050000,70.000000
-0.964175,-0.893777,0.451078,-1.049661,50.050000,70.000000
0.285974,0.364537,-4.787882,-5.446263,50.050000,70.000000
0.772269,-0.468825,0.567216,-0.409419,50.050000,70.000000
0.460963,-0.599879,0.438391,-0.199330,50.050000,70.000000
-0.159875,0.976156,-0.789453,0.628820,50.050000,70.000000
0.257274,-0.002431,-0.399258,0.004048,50.050000,70.000000
-0.859369,0.591770,-0.731894,0.142824,50.050000,70.000000
-0.129349,0.038113,0.131845,0.023876,50.050000,70.000000
0.567858,-0.011798,-1.032242,-0.108013,50.050000,70.000000
-0.286254,0.927839,-0.159665,0.282272,50.050000,70.000000
0.195860,-0.177318,0.050234,0.051064,50.050000,70.000000
-0.184516,0.844437,2.987407,-2.354396,50.050000,70.000000
0.457625,-0.689166,0.098573,0.218354,50.050000,70.000000
-0.815388,-0.220051,-0.070325,0.294066,50.050000,70.000000
-0.395083,-0.159396,-0.469647,-0.331295,50.050000,70.000000
-0.973781,-0.341523,-0.191018,0.013226,50.050000,70.000000
0.031083,0.410625,-2.900334,15.344013,50.050000,70.000000
-0.617639,-0.651557,-0.755118,-0.554620,50.050000,70.000000
-0.716452,0.596064,-0.656026,0.585341,50.050000,70.000000
0.043910,0.002039,-0.046878,0.000807,50.050000,70.000000
0.261708,0.526675,2.494322,-7.227482,50.050000,70.000000
-0.179683,0.066075,-0.125110,0.047679,50.050000,70.000000
0.519935,0.541887,-0.606442,0.363703,50.050000,70.000000
-0.513393,-0.599618,0.546569,-0.359695,50.050000,70.000000
0.216834,0.327268,0.058295,0.107077,50.050000,70.000000
0.399183,-0.923756,0.327377,0.411966,50.050000,70.000000
0.431740,0.261703,-0.556080,0.188244,50.050000,70.000000
0.443199,0.838269,0.169944,-0.127803,50.050000,70.000000
0.779708,0.557628,0.735684,0.559148,50.050000,70.000000
0.046532,0.067925,-0.048634,0.090497,50.050000,70.000000
-0.377495,-0.554236,0.112529,-0.163506,50.050000,70.000000
0.951804,0.964755,0.370089,-0.028381,50.050000,70.000000
0.643085,0.336716,0.465756,0.195197,50.050000,70.000000
-0.814679,-0.302932,-6.388839,1.574437,50.050000,70.000000
0.616469,0.997446,0.376327,0.054757,50.050000,70.000000
0.078297,-0.062322,-0.083749,-0.005487,50.050000,70.000000
0.556594,0.683200,0.555637,0.410214,50.050000,70.000000
0.540360,-0.165946,-0.122570,0.087605,50.050000,70.000000
0.939883,0.607433,-1.096707,0.445836,50.050000,70.000000
-0.879338,0.962980,-3.222057,0.367772,50.050000,70.000000
0.799543,-0.083183,0.714116,0.131088,50.050000,70.000000
-0.051694,-0.820583,-0.270556,-0.292043,50.050000,70.000000
0.455700,0.952303,0.247539,0.115317,50.050000,70.000000
-0.640431,0.283857,-0.174571,-0.043590,50.050000,70.000000
0.784673,-0.006373,0.782840,-0.004869,50.050000,70.000000
0.884468,-0.753581,-0.412808,-0.127384,50.050000,70.000000
0.558226,0.097281,-0.175065,-0.065951,50.050000,70.000000
-0.999937,0.066953,6.066367,-0.327134,50.050000,70.000000
-0.716418,-0.837636,0.621791,-0.489699,50.050000,70.000000
-0.144815,0.091942,-0.015659,0.047218,50.050000,70.000000
-0.732046,0.498439,-0.606813,0.570076,50.050000,70.000000
-0.730879,0.120415,0.161219,0.055503,50.050000,70.000000
-0.186882,-0.928780,-27.660541,4.485263,50.050000,70.000000
-0.004829,0.843705,-9.354893,-9.330981,50.050000,70.000000
0.146684,-0.682218,-4.202825,-0.618916,50.050000,70.000000
-0.032043,-0.546768,0.938736,-1.069685,50.050000,70.000000
0.478330,-0.711164,0.552240,-0.574125,50.050000,70.000000
-0.531444,0.027926,-0.420541,-0.179621,50.050000,70.000000
-0.649669,-0.992233,1.084408,-0.436699,50.050000,70.000000
-0.453547,-0.760151,-0.393038,-0.474678,50.050000,70.000000
0.146391,0.389627,-1.526351,0.658080,50.050000,70.000000
0.464292,-0.639679,0.550819,0.244891,50.050000,70.000000
0.911359,-0.781821,-0.808754,-0.695387,50.050000,70.000000
-0.065646,0.691720,-0.751376,2.526728,50.050000,70.000000
-0.257775,-0.428838,-5.233153,-0.600479,50.050000,70.000000
0.515580,-0.649317,-0.445807,-0.398785,50.050000,70.000000
0.928729,-0.855305,0.854119,-0.674946,50.050000,70.000000
0.890303,-0.682804,0.507346,-0.169527,50.050000,70.000000
0.115419,-0.152883,0.181571,0.037496,50.050000,70.000000
0.494272,-0.775741,0.435378,-0.645998,50.050000,70.000000
0.121051,0.497849,-0.505872,-0.327496,50.050000,70.000000
-0.646576,-0.995651,0.951744,-0.329583,50.050000,70.000000
0.094110,-0.299922,-4.571473,2.495595,50.050000,70.000000
-0.783940,0.312995,1.246290,-0.059705,50.050000,70.000000
0.499725,0.876099,4.349331,6.152790,50.050000,70.000000
0.593618,0.941791,0.921060,0.531831,50.050000,70.000000
0.686233,-0.477919,0.572840,-0.364008,50.050000,70.000000
-0.386354,0.546772,-1.377388,0.325788,50.050000,70.000000
-0.402805,0.050819,0.348355,-0.118652,50.050000,70.000000
0.122803,-0.054153,0.080689,-0.033779,50.050000,70.000000
-0.146490,-0.051619,0.119389,0.046332,50.050000,70.000000
0.434093,-0.195331,0.348830,-0.122115,50.050000,70.000000
-0.936074,-0.603181,0.129644,0.777917,50.050000,70.000000
0.330755,-0.992330,-0.646679,0.030247,50.050000,70.000000
-0.095769,0.402688,4.036374,-25.458098,50.050000,70.000000
-0.029576,0.915145,0.982725,1.359154,50.050000,70.000000
0.849332,0.716335,0.584678,0.326486,50.050000,70.000000
-0.554550,-0.323091,-0.083241,0.076389,50.050000,70.000000
-0.189075,0.211979,1.472220,1.867186,50.050000,70.000000
0.734301,-0.605022,0.538293,-0.350942,50.050000,70.000000
-0.604926,-0.984413,-0.359106,-0.281763,50.050000,70.000000
0.966924,-0.906273,-0.806301,-0.970295,50.050000,70.000000
0.272743,-0.008613,0.127688,-0.002396,50.050000,70.000000
-0.757410,0.206734,-0.532363,0.540957,50.050000,70.000000
0.577279,0.332479,0.505142,0.289928,50.050000,70.000000
-0.025873,-0.852712,13.114600,-24.914087,50.050000,70.000000
0.462455,0.485091,0.417618,0.318434,50.050000,70.000000
0.917152,0.576381,0.837399,0.453285,50.050000,70.000000
-0.760987,0.088181,1.091866,0.024583,50.050000,70.000000
0.059222,-0.662964,-8.702033,9.626122,50.050000,70.000000
-0.442948,-0.632049,0.420820,-0.356499,50.050000,70.000000
-0.847773,-0.522056,-0.261232,-0.055061,50.050000,70.000000
-0.202331,-0.578316,0.011705,0.113651,50.050000,70.000000
0.240513,0.306864,-0.296746,-0.142943,50.050000,70.000000
-0.540641,-0.545810,-0.699466,-0.385683,50.050000,70.000000
0.576295,-0.213186,0.477942,-0.225390,50.050000,70.000000
0.988516,-0.019522,-0.229876,0.001412,50.050000,70.000000
-0.112243,-0.469385,1.028481,1.917802,50.050000,70.000000
-0.946991,-0.070401,-2.770469,0.273178,50.050000,70.000000
0.771999,0.990973,-0.848768,0.918273,50.050000,70.000000
-0.714544,0.663031,-0.414684,0.160485,50.050000,70.000000
-0.439806,0.177458,-0.278391,0.030050,50.050000,70.000000
0.529938,0.662989,0.472599,0.427656,50.050000,70.000000
0.856541,-0.121999,-8.206343,0.769486,50.050000,70.000000
-0.433370,0.346928,-0.377988,0.297544,50.050000,70.000000
0.819759,-0.304523,2.024935,8.881828,50.050000,70.000000
-0.120725,0.977964,-0.518991,6.756866,50.050000,70.000000
0.638503,-0.673411,-0.623222,-0.516480,50.050000,70.000000
-0.025508,-0.709216,-0.508372,-0.801727,50.050000,70.000000
0.206165,-0.982725,-0.343956,0.206430,50.050000,70.000000
-0.654191,-0.994198,0.982340,-0.380192,50.050000,70.000000
0.507342,0.888749,-0.280085,0.230423,50.050000,70.000000
-0.788519,-0.646089,-0.754012,-0.660650,50.050000,70.000000
-0.821650,0.527727,-0.607946,0.523451,50.050000,70.000000
-0.500525,-0.330457,-0.101693,0.055107,50.050000,70.000000
0.005558,-0.584809,-0.211891,0.385762,50.050000,70.000000
-0.879924,-0.876520,-0.787950,-0.600983,50.050000,70.000000
0.335382,0.771226,0.788558,-0.256832,50.050000,70.000000
-0.005151,-0.577872,1.952106,12.745850,50.050000,70.000000
-0.288372,-0.668272,0.066683,0.059059,50.050000,70.000000
0.344769,0.539325,0.209844,0.169458,50.050000,70.000000
0.443266,-0.022243,1.349884,-0.037433,50.050000,70.000000
0.155511,-0.329882,7.442804,-6.976151,50.050000,70.000000
-0.328860,0.846624,0.650886,0.926611,50.050000,70.000000
-0.795802,0.953706,0.915727,0.921380,50.050000,70.000000
0.939121,-0.195740,0.324101,0.160726,50.050000,70.000000
0.189963,0.705190,-7.631592,0.904237,50.050000,70.000000
0.131429,0.927600,-0.124529,-0.047074,50.050000,70.000000
0.177474,0.797662,-1.399237,4.089316,50.050000,70.000000
0.307646,0.603402,0.887153,2.837665,50.050000,70.000000
-0.618286,0.468287,0.466115,0.221342,50.050000,70.000000
0.502774,0.121991,-0.065261,-0.077279,50.050000,70.000000
0.299711,-0.749274,-6.755003,-1.897183,50.050000,70.000000
0.952548,-0.522430,-0.560914,-0.349824,50.050000,70.000000
-0.478156,-0.362948,-0.437894,-0.202755,50.050000,70.000000
-0.066459,-0.978223,0.047599,0.844788,50.050000,70.000000
-0.998511,0.023939,-2.645456,0.280027,50.050000,70.000000
0.345356,0.389923,1.608383,-0.547557,50.050000,70.000000
-0.571990,0.571695,0.567929,0.258332,50.050000,70.000000
0.474855,0.891349,-0.285462,0.204644,50.050000,70.000000
0.899338,-0.823535,0.605630,-0.385100,50.050000,70.000000
0.849166,-0.059459,0.745649,0.158308,50.050000,70.000000
0.675054,-0.373924,-0.189061,0.001964,50.050000,70.000000
-0.548665,0.590352,-0.552824,0.382302,50.050000,70.000000
0.041768,-0.013144,0.027340,-0.006069,50.050000,70.000000
-0.911787,-0.399264,-0.405770,-0.004172,50.050000,70.000000
-0.431865,-0.355100,-0.439715,-0.460415,50.050000,70.000000
-0.170771,-0.149849,-0.162805,0.050102,50.050000,70.000000
-0.516995,0.861709,-0.414207,0.248029,50.050000,70.000000
0.750309,0.438130,-0.518818,0.244258,50.050000,70.000000
-0.356973,0.351603,0.678140,-0.015838,50.050000,70.000000
-0.607610,-0.100442,0.343177,0.036888,50.050000,70.000000
-0.134286,-0.947494,0.389182,-0.142489,50.050000,70.000000
-0.533445,0.384791,0.560781,0.308142,50.050000,70.000000
-0.824182,-0.034699,-0.479158,-0.021397,50.050000,70.000000
0.810855,0.044058,0.151259,-0.228500,50.050000,70.000000
0.481714,0.168352,0.248404,0.042415,50.050000,70.000000
-0.505462,0.693515,-0.535528,0.688009,50.050000,70.000000
-0.093492,0.672694,-0.647954,0.673522,50.050000,70.000000
-0.030091,0.268040,-1.366035,-0.858810,50.050000,70.000000
0.956421,0.575212,-0.281085,0.112288,50.050000,70.000000
-0.408508,0.204844,0.492875,0.218995,50.050000,70.000000
0.812645,0.120952,0.951764,0.000223,50.050000,70.000000
0.832304,0.533654,0.660875,0.457542,50.050000,70.000000
-0.875478,-0.157765,1.540853,0.576011,50.050000,70.000000
0.438750,0.073699,-0.311285,-0.059276,50.050000,70.000000
0.654129,-0.058401,0.321407,-0.061896,50.050000,70.000000
0.449380,0.729047,0.360751,0.049693,50.050000,70.000000
-0.902323,0.649261,0.436309,0.389518,50.050000,70.000000
0.124844,0.253660,1.500682,0.536080,50.050000,70.000000
-0.730705,-0.960349,0.394443,0.054974,50.050000,70.000000
-0.591905,-0.143601,0.287318,-0.242230,50.050000,70.000000
0.494379,-0.976740,0.549278,-0.261991,50.050000,70.000000
-0.076816,0.959630,9.992215,26.282111,50.050000,70.000000
0.507349,-0.987390,0.182976,0.266486,50.050000,70.000000
0.928516,-0.436260,-0.091633,-0.781194,50.050000,70.000000
-0.224662,0.102026,-0.315191,0.152766,50.050000,70.000000
0.747557,0.197639,3.003574,0.090649,50.050000,70.000000
-0.281433,-0.039890,-0.255731,0.015509,50.050000,70.000000
-0.430152,0.427359,0.526664,0.338318,50.050000,70.000000
0.618887,-0.371206,-0.582494,-0.382890,50.050000,70.000000
-0.866930,-0.494035,-0.741009,-0.561194,50.050000,70.000000
0.746888,0.941880,0.791028,0.625978,50.050000,70.000000
0.176264,0.475414,1.410588,1.724919,50.050000,70.000000
0.288517,-0.889212,-0.005576,0.144528,50.050000,70.000000
-0.979543,0.814468,0.874523,0.890103,50.050000,70.000000
0.759105,0.283833,0.016405,-0.056517,50.050000,70.000000
0.379032,0.390067,1.114520,0.128025,50.050000,70.000000
-0.139382,-0.589919,-17.521538,-27.903565,50.050000,70.000000
-0.767689,-0.557346,-0.617952,-0.558460,50.050000,70.000000
0.677605,0.508678,-0.627868,0.517969,50.050000,70.000000
-0.649133,0.029568,1.302599,0.068886,50.050000,70.000000
0.942509,0.741378,-0.710979,0.685472,50.050000,70.000000
0.334065,0.625951,-3.843438,-1.671218,50.050000,70.000000
0.352577,-0.240606,-0.947584,0.132300,50.050000,70.000000
0.140541,0.074229,0.172673,-0.058941,50.050000,70.000000
-0.438007,0.410534,0.422393,0.321589,50.050000,70.000000
-0.151372,-0.111899,9.365818,-7.035644,50.050000,70.000000
-0.691442,0.929711,-0.744515,0.756842,50.050000,70.000000
-0.351605,0.570294,-0.016274,-0.284491,50.050000,70.000000
0.928268,-0.591890,0.242982,-1.084971,50.050000,70.000000
0.103665,0.299257,0.056615,0.188508,50.050000,70.000000
-0.382191,0.515452,-0.410556,-0.240460,50.050000,70.000000
-0.792271,0.303882,-0.564746,0.275213,50.050000,70.000000
-0.659786,0.980380,0.930403,0.662971,50.050000,70.000000
-0.745614,0.462692,0.272947,0.064071,50.050000,70.000000
0.466662,-0.811583,-0.786678,-0.369140,50.050000,70.000000
-0.283216,-0.010173,-0.310411,-0.018948,50.050000,70.000000
-0.972992,0.917756,0.958325,0.719312,50.050000,70.000000
0.720999,-0.164618,0.139894,0.016671,50.050000,70.000000
-0.737137,0.946722,0.769956,0.505717,50.050000,70.000000
-0.442158,0.643962,-0.483318,-0.318519,50.050000,70.000000
-0.930066,0.386879,0.427671,0.848702,50.050000,70.000000
0.272153,0.076316,-0.206620,0.007940,50.050000,70.000000
0.649547,0.936151,0.967196,0.623821,50.050000,70.000000
-0.101852,0.174746,0.365036,0.458644,50.050000,70.000000
0.960151,-0.736102,-0.921698,-0.750063,50.050000,70.000000
0.329949,-0.545536,-0.042645,-0.188350,50.050000,70.000000
-0.818857,-0.535549,-0.554334,-0.548839,50.050000,70.000000
-0.974433,0.710498,5.649938,-1.060135,50.050000,70.000000
-0.656163,-0.139170,3.265756,5.459952,50.050000,70.000000
0.976119,-0.363749,21.279047,8.383842,50.050000,70.000000
0.474080,-0.141685,-0.470655,-0.129380,50.050000,70.000000
0.703801,0.790363,0.628820,0.494507,50.050000,70.000000
-0.373322,-0.422439,0.311899,0.372161,50.050000,70.000000
0.072919,-0.456057,-1.131910,1.411797,50.050000,70.000000
-0.953454,-0.693989,0.522099,-0.784281,50.050000,70.000000
0.133558,0.715270,2.662934,-6.032208,50.050000,70.000000
-0.452533,0.276885,-0.380534,0.068545,50.050000,70.000000
-0.399507,-0.519014,4.286769,1.671117,50.050000,70.000000
0.928873,-0.426970,-4.380707,0.871563,50.050000,70.000000
-0.090943,-0.485854,-32.415066,9.494265,50.050000,70.000000
0.243752,0.734472,-11.660592,10.796365,50.050000,70.000000
0.274769,0.039600,-0.221280,0.038873,50.050000,70.000000
-0.450058,-0.130533,-0.314913,-0.050279,50.050000,70.000000
0.126405,0.494944,-6.435639,-15.158516,50.050000,70.000000
0.528369,0.303809,0.486781,0.253846,50.050000,70.000000
0.112226,0.175270,-4.955238,-0.367960,50.050000,70.000000
-0.243088,0.422393,-2.866598,-1.135749,50.050000,70.000000
-0.843957,-0.383755,-0.400007,-0.146889,50.050000,70.000000
0.228322,-0.599708,4.654937,17.197771,50.050000,70.000000
0.703746,-0.136389,6.776640,-0.433794,50.050000,70.000000
-0.288967,-0.671061,-15.193235,-3.052451,50.050000,70.000000
-0.523803,0.444292,-0.329799,0.034945,50.050000,70.000000
-0.786543,0.564827,-0.048050,-0.127106,50.050000,70.000000
-0.953025,0.510670,-0.859102,0.588374,50.050000,70.000000
0.822887,0.261881,0.526436,-0.097337,50.050000,70.000000
-0.569789,-0.449509,0.524178,-0.259863,50.050000,70.000000
-0.893023,0.966977,-1.262610,0.658205,50.050000,70.000000
-0.009637,0.030979,-0.008927,0.034336,50.050000,70.000000
0.670730,0.953604,0.945623,0.792376,50.050000,70.000000
-0.781945,-0.144580,6.827869,0.582926,50.050000,70.000000
0.045980,0.789279,0.549284,1.263240,50.050000,70.000000
-0.580681,0.488772,0.429509,0.134806,50.050000,70.000000
0.784100,0.373234,0.696560,0.315381,50.050000,70.000000
0.952224,0.027427,-0.551388,-0.003652,50.050000,70.000000
0.973862,-0.308429,-0.744121,-0.462708,50.050000,70.000000
0.237372,-0.492547,0.977192,2.176949,50.050000,70.000000
-0.234605,-0.999990,0.379099,-1.773184,50.050000,70.000000
-0.823907,0.600233,-1.017056,0.491316,50.050000,70.000000
0.119749,0.627968,-2.945597,1.102110,50.050000,70.000000
0.262842,-0.418308,10.451554,-8.513715,50.050000,70.000000
-0.496135,-0.543870,-0.230703,0.027903,50.050000,70.000000
-0.830869,-0.409841,-0.352526,-0.141122,50.050000,70.000000
-0.203256,-0.131628,-0.249198,0.006276,50.050000,70.000000
-0.279712,0.872487,-0.130870,-1.067020,50.050000,70.000000
-0.113211,-0.745650,0.174530,-0.293547,50.050000,70.000000
-0.138858,0.209190,-0.226364,-0.067456,50.050000,70.000000
-0.147858,0.950344,-1.237146,-7.871332,50.050000,70.000000
0.434425,-0.613972,-0.292475,-0.198946,50.050000,70.000000
0.974464,-0.178869,2.497299,-0.130777,50.050000,70.000000
-0.244964,0.897496,0.638567,-0.549010,50.050000,70.000000
0.210042,0.176652,-0.159652,-0.035288,50.050000,70.000000
0.985529,-0.211625,3.590270,-0.288976,50.050000,70.000000
-0.781314,0.455893,-0.675184,0.441241,50.050000,70.000000
0.192357,0.951558,2.033412,1.934825,50.050000,70.000000
0.842403,0.270088,1.817815,0.761206,50.050000,70.000000
-0.632223,0.235934,-0.430346,0.073891,50.050000,70.000000
-0.658825,-0.879909,0.689044,-0.870413,50.050000,70.000000
-0.625074,0.381440,-0.465891,0.294649,50.050000,70.000000
0.859017,-0.493713,0.758797,-0.362733,50.050000,70.000000
0.167932,0.432366,8.468747,10.177429,50.050000,70.000000
0.781157,0.910393,0.942959,0.835216,50.050000,70.000000
0.974252,0.256627,3.919873,0.880455,50.050000,70.000000
-0.867498,-0.035287,0.502952,0.009395,50.050000,70.000000
0.924758,0.403907,-1.531385,-0.546994,50.050000,70.000000
0.462034,-0.587991,0.613622,-0.220276,50.050000,70.000000
-0.358882,0.266447,-0.006522,-0.064349,50.050000,70.000000
0.182287,-0.302630,0.137981,-0.199796,50.050000,70.000000
-0.305422,0.765132,0.511077,-0.092267,50.050000,70.000000
-0.430818,-0.758824,-3.940986,2.495024,50.050000,70.000000
0.447520,-0.524588,-0.482732,-0.372191,50.050000,70.000000
-0.748587,0.490135,-0.596173,0.573847,50.050000,70.000000
-0.304376,0.354192,-0.993292,-0.229422,50.050000,70.000000
0.909633,0.198330,6.265193,-1.206441,50.050000,70.000000
-0.659494,-0.107555,-0.829368,-0.034048,50.050000,70.000000
0.316358,-0.968939,-4.557315,1.696889,50.050000,70.000000
-0.951039,-0.110366,3.165738,0.169989,50.050000,70.000000
-0.929101,0.602302,-1.515388,0.368219,50.050000,70.000000
0.889256,-0.279049,-1.155769,1.419648,50.050000,70.000000
0.023279,-0.755723,0.003633,-0.030162,50.050000,70.000000
0.560465,-0.273097,0.412163,-0.115148,50.050000,70.000000
0.051572,0.769965,0.172116,1.021965,50.050000,70.000000
0.802277,-0.125193,-0.061843,-0.960943,50.050000,70.000000
-0.115235,-0.758800,16.426374,2.691557,50.050000,70.000000
0.843081,-0.341700,11.899798,-5.567671,50.050000,70.000000
-0.944393,-0.414898,0.264407,-0.731831,50.050000,70.000000
0.817337,0.989388,-0.742661,0.789176,50.050000,70.000000
0.638626,-0.621150,-0.194017,0.070748,50.050000,70.000000
0.339450,-0.859209,-0.479126,-0.067283,50.050000,70.000000
-0.721641,-0.626662,0.615969,-0.444401,50.050000,70.000000
-0.300516,-0.766756,0.578748,0.597905,50.050000,70.000000
-0.871142,0.709474,-0.880657,0.626346,50.050000,70.000000
0.121426,0.802678,-22.033581,-14.959067,50.050000,70.000000
0.617099,-0.415355,-0.083756,0.088994,50.050000,70.000000
-0.863414,0.593331,-0.568257,0.211613,50.050000,70.000000
0.109055,0.891282,8.457262,2.234284,50.050000,70.000000
-0.230743,-0.090916,0.202681,-0.081503,50.050000,70.000000
-0.025727,-0.386608,1.548580,0.264198,50.050000,70.000000
0.282575,-0.766675,-5.656419,0.800433,50.050000,70.000000
0.491022,0.598424,-0.651168,0.297224,50.050000,70.000000
-0.283457,-0.059161,-0.310878,0.003038,50.050000,70.000000
-0.310764,0.993108,2.665324,-1.130138,50.050000,70.000000
-0.842052,-0.360428,-0.492973,-1.299614,50.050000,70.000000
0.289898,0.320434,9.208236,-1.870613,50.050000,70.000000
-0.461160,-0.710190,0.768603,-0.384864,50.050000,70.000000
-0.169166,0.820085,12.409143,2.314847,50.050000,70.000000
-0.826769,0.492574,-0.431134,0.045545,50.050000,70.000000
0.699021,0.452338,0.460653,0.283098,50.050000,70.000000
0.443726,-0.301405,0.587922,-0.226635,50.050000,70.000000
0.288119,0.410148,12.536131,-1.388905,50.050000,70.000000
-0.635316,0.250607,0.086429,-0.039120,50.050000,70.000000
-0.055142,-0.779684,-0.893477,0.601122,50.050000,70.000000
-0.155853,0.577360,21.984877,21.014267,50.050000,70.000000
-0.313105,-0.359333,-0.350880,-0.787598,50.050000,70.000000
0.693136,-0.463014,0.603646,-0.501103,50.050000,70.000000
0.117663,-0.443980,-4.778652,4.434185,50.050000,70.000000
0.023574,0.209185,0.002772,-0.126749,50.050000,70.000000
-0.234418,0.142407,0.757101,-0.104272,50.050000,70.000000
-0.560438,0.715569,0.774649,0.511469,50.050000,70.000000
0.568819,0.132531,0.640683,-0.103032,50.050000,70.000000
-0.558419,0.653727,-0.349226,0.189012,50.050000,70.000000
-0.808207,0.473223,0.641992,0.243170,50.050000,70.000000
-0.547448,-0.956700,-1.046675,-0.557465,50.050000,70.000000
0.741958,0.088350,-1.773500,0.183002,50.050000,70.000000
0.906674,0.467420,-0.584288,0.112463,50.050000,70.000000
-0.069785,-0.871852,12.021832,-15.651378,50.050000,70.000000
0.790680,0.960787,-0.699908,0.637949,50.050000,70.000000
-0.053703,-0.586107,22.396812,-7.184132,50.050000,70.000000
-0.706744,-0.246192,1.338335,2.303919,50.050000,70.000000
0.253208,-0.325993,-13.679795,0.845164,50.050000,70.000000
-0.963760,0.088643,1.611792,-0.121022,50.050000,70.000000
-0.171729,-0.257582,0.189899,1.230682,50.050000,70.000000
0.825867,0.346308,0.339949,-0.126916,50.050000,70.000000
0.402392,-0.992809,0.889132,-2.216452,50.050000,70.000000
-0.140886,0.133366,-0.029599,0.626646,50.050000,70.000000
-0.520526,-0.487965,-0.604018,-0.268402,50.050000,70.000000
0.767634,-0.379251,-0.343203,-0.195901,50.050000,70.000000
-0.067788,0.691204,-12.664507,6.602949,50.050000,70.000000
-0.929455,0.649597,6.298566,2.454118,50.050000,70.000000
-0.226255,-0.664689,-0.144392,-0.042264,50.050000,70.000000
0.567538,0.614570,-0.162567,-0.024524,50.050000,70.000000
-0.920820,-0.220012,0.689722,-0.294857,50.050000,70.000000
0.263381,0.640871,22.170635,-3.232543,50.050000,70.000000
-0.875604,-0.271323,15.406575,9.016075,50.050000,70.000000
-0.130165,0.322808,-1.500853,1.006306,50.050000,70.000000
-0.565898,0.952532,-0.937327,0.791174,50.050000,70.000000
-0.792643,0.048171,-0.809799,0.027946,50.050000,70.000000
-0.392302,0.579086,10.995474,-1.455110,50.050000,70.000000
0.700138,-0.783378,0.402703,-0.163682,50.050000,70.000000
-0.238480,-0.137859,0.659281,0.051046,50.050000,70.000000
-0.997785,0.221085,4.994726,0.361703,50.050000,70.000000
-0.221033,-0.894807,-0.870048,-0.207089,50.050000,70.000000
0.981809,-0.737350,-0.877205,-0.576791,50.050000,70.000000
-0.639946,0.420291,0.057524,-0.108660,50.050000,70.000000
-0.163094,0.887476,-0.187608,0.370977,50.050000,70.000000
-0.182682,-0.343757,-9.281932,4.830132,50.050000,70.000000
0.469598,0.527101,-0.180884,0.041042,50.050000,70.000000
0.979285,0.837796,0.802988,0.665948,50.050000,70.000000
0.842674,0.825160,-0.694058,0.692252,50.050000,70.000000
0.465081,0.623137,0.555645,0.498958,50.050000,70.000000
-0.943644,0.176541,3.113953,0.724491,50.050000,70.000000
-0.875284,-0.899209,0.094647,0.152460,50.050000,70.000000
0.986070,0.883227,-0.694328,0.806058,50.050000,70.000000
0.388456,0.777499,0.489061,0.267045,50.050000,70.000000
-0.579637,0.037276,-0.068714,-0.021555,50.050000,70.000000
0.495733,-0.216391,-0.468238,-0.211909,50.050000,70.000000
-0.879774,-0.355364,-0.837097,-0.553877,50.050000,70.000000
-0.607696,0.447297,-0.437016,0.195051,50.050000,70.000000
-0.286254,0.928919,-0.188556,-0.084453,50.050000,70.000000
0.348075,0.096216,0.232397,-0.031772,50.050000,70.000000
-0.890798,0.366316,-1.653916,0.943689,50.050000,70.000000
0.673993,-0.197009,-0.233212,0.113565,50.050000,70.000000
0.867943,-0.477147,0.633128,-0.191225,50.050000,70.000000
0.592537,0.763890,0.117034,-0.121861,50.050000,70.000000
0.705678,0.331695,0.586913,0.394809,50.050000,70.000000
0.802034,-0.211669,-0.393061,-0.060173,50.050000,70.000000
0.480988,-0.032942,-0.137419,0.003896,50.050000,70.000000
0.345898,-0.492576,-0.258707,0.314905,50.050000,70.000000
-0.731861,-0.384897,0.526297,-0.525754,50.050000,70.000000
-0.963658,-0.194549,0.048243,0.045844,50.050000,70.000000
0.220553,0.837106,23.390605,-12.557806,50.050000,70.000000
-0.763894,-0.766959,-0.741117,-0.720829,50.050000,70.000000
-0.272576,0.808293,-3.450394,0.584854,50.050000,70.000000
0.981136,-0.048457,15.831279,-0.432407,50.050000,70.000000
-0.417487,-0.705243,0.547344,-0.462371,50.050000,70.000000
0.981843,-0.158997,14.583424,3.184953,50.050000,70.000000
-0.260478,0.142391,0.349947,-0.114845,50.050000,70.000000
-0.835645,-0.679213,0.831367,-0.660691,50.050000,70.000000
0.463269,0.159292,-0.456636,0.165980,50.050000,70.000000
-0.785555,-0.827101,0.823233,-0.814149,50.050000,70.000000
0.914909,0.874319,0.767616,0.588831,50.050000,70.000000
0.673737,-0.497693,-0.275695,-0.024346,50.050000,70.000000
-0.725095,-0.668957,-0.559633,-0.372909,50.050000,70.000000
0.841243,0.773726,0.398638,0.058299,50.050000,70.000000
0.005281,0.750550,7.700582,-0.162258,50.050000,70.000000
0.493738,0.261767,0.504419,0.240793,50.050000,70.000000
-0.481646,0.973453,18.350940,-3.415961,50.050000,70.000000
0.816450,0.078151,-3.829064,0.177803,50.050000,70.000000
-0.521461,-0.194894,-0.442019,-0.224232,50.050000,70.000000
0.423702,-0.834892,5.522951,3.781548,50.050000,70.000000
-0.025148,-0.663972,6.362749,27.139262,50.050000,70.000000
0.624483,-0.319755,-0.552356,-0.285447,50.050000,70.000000
-0.119291,-0.924677,0.678263,0.320945,50.050000,70.000000
0.962045,-0.908794,-0.812422,-0.967906,50.050000,70.000000
-0.103916,-0.516293,4.114994,0.243319,50.050000,70.000000
0.665033,-0.797579,0.390299,-0.158589,50.050000,70.000000
-0.906413,-0.077813,7.444195,0.738529,50.050000,70.000000
0.195172,0.251332,0.088725,-0.134084,50.050000,70.000000
0.143412,0.330729,-3.282845,31.264007,50.050000,70.000000
0.568376,0.688182,0.075418,-0.157133,50.050000,70.000000
0.275953,-0.061481,-0.992080,0.015993,50.050000,70.000000
0.690109,0.670203,-0.650121,0.540584,50.050000,70.000000
0.102027,0.768892,7.700955,-7.686177,50.050000,70.000000
0.769649,-0.501324,-0.353274,-0.041975,50.050000,70.000000
0.240370,-0.106663,0.163016,-0.041290,50.050000,70.000000
-0.689899,0.862511,0.774544,0.781533,50.050000,70.000000
0.214012,0.895072,0.185587,-1.251466,50.050000,70.000000
-0.521201,0.173551,-0.420490,0.219414,50.050000,70.000000
0.870910,-0.612202,0.667308,-0.472505,50.050000,70.000000
0.718988,0.024934,0.688171,0.094914,50.050000,70.000000
-0.926485,0.573678,-0.813799,0.576040,50.050000,70.000000
-0.200277,-0.049831,0.148292,-0.015040,50.050000,70.000000
0.495772,0.445798,0.408799,0.156312,50.050000,70.000000
0.532481,-0.589053,-0.681449,-0.296918,50.050000,70.000000
-0.220034,-0.116746,0.193054,-0.097000,50.050000,70.000000
-0.149499,-0.626103,-2.689413,6.156895,50.050000,70.000000
-0.908231,-0.634886,0.655286,-0.116454,50.050000,70.000000
-0.524872,0.477092,0.662995,0.351632,50.050000,70.000000
0.493234,-0.219075,-0.467258,-0.210977,50.050000,70.000000
0.014215,0.911794,-0.135987,-0.297240,50.050000,70.000000
0.525895,0.713277,-0.577684,0.704443,50.050000,70.000000
0.049213,-0.870094,0.908102,0.429963,50.050000,70.000000
0.323751,-0.723370,0.323723,0.046179,50.050000,70.000000
0.320181,-0.719190,0.168299,-0.061608,50.050000,70.000000
0.577717,-0.311970,-0.521908,-0.292623,50.050000,70.000000
0.712011,0.764510,-0.583111,0.474895,50.050000,70.000000
-0.880258,-0.488966,-0.459124,-0.335325,50.050000,70.000000
-0.043251,-0.917427,2.295787,1.232828,50.050000,70.000000
0.812244,-0.619165,0.559516,-0.236727,50.050000,70.000000
-0.300072,0.696548,-0.301165,-5.420191,50.050000,70.000000
0.879009,-0.499228,-0.539780,-0.136152,50.050000,70.000000
-0.526271,0.967947,-0.798707,-0.331861,50.050000,70.000000
0.286773,-0.198886,1.056316,0.043843,50.050000,70.000000
-0.680762,0.438901,0.563635,0.421333,50.050000,70.000000
0.601553,0.307397,-0.233276,-0.035021,50.050000,70.000000
0.415825,0.772790,0.464100,-0.253917,50.050000,70.000000
0.284594,-0.836813,-0.065220,-0.036814,50.050000,70.000000
-0.316059,-0.002525,0.043625,0.000493,50.050000,70.000000
-0.441626,-0.402859,0.330426,0.036686,50.050000,70.000000
-0.857337,0.740942,0.129051,-0.109914,50.050000,70.000000
-0.984530,-0.990498,-0.788699,-1.062485,50.050000,70.000000
0.703686,0.848030,-0.642180,0.392984,50.050000,70.000000
0.841492,0.959910,-0.816241,0.925888,50.050000,70.000000
-0.799522,0.436496,-0.730337,0.458071,50.050000,70.000000
0.193602,-0.132751,0.437084,1.504832,50.050000,70.000000
0.845855,0.291863,-0.412487,0.698177,50.050000,70.000000
-0.666062,-0.501703,0.442473,-0.219141,50.050000,70.000000
-0.115894,0.163318,-0.212290,0.257331,50.050000,70.000000
0.891627,-0.428632,-0.845254,-0.373661,50.050000,70.000000
-0.025525,-0.997696,0.439083,0.393437,50.050000,70.000000
-0.276706,-0.594901,-9.399054,-2.439121,50.050000,70.000000
-0.498054,-0.794569,0.168006,0.259330,50.050000,70.000000
-0.328267,0.824196,4.299221,0.297996,50.050000,70.000000
0.258017,0.488392,2.565984,-25.093670,50.050000,70.000000
0.398206,0.641150,-5.865925,1.333288,50.050000,70.000000
-0.188000,0.286885,-0.680271,-0.401596,50.050000,70.000000
-0.322436,0.819324,0.211634,-0.176711,50.050000,70.000000
0.370950,0.557183,0.225656,0.167002,50.050000,70.000000
0.580239,0.070339,0.978282,-0.117309,50.050000,70.000000
0.189974,0.889110,-6.587896,-0.833177,50.050000,70.000000
-0.730550,-0.347328,-0.357028,-0.282395,50.050000,70.000000
0.455574,0.827741,-0.212639,0.017750,50.050000,70.000000
-0.151475,0.151883,-0.167133,-0.370919,50.050000,70.000000
0.702560,-0.066176,0.735335,0.107334,50.050000,70.000000
-0.214171,0.420812,0.860982,-0.394662,50.050000,70.000000
0.584455,0.936360,0.625048,0.214037,50.050000,70.000000
-0.602854,-0.174006,0.806667,-0.312152,50.050000,70.000000
-0.523612,-0.352422,0.453328,-0.195434,50.050000,70.000000
0.840917,-0.710431,0.277869,0.050007,50.050000,70.000000
-0.205929,0.944339,-0.523539,0.244164,50.050000,70.000000
-0.495904,-0.658970,0.710757,-0.458969,50.050000,70.000000
0.685637,-0.506378,-0.635259,-0.527370,50.050000,70.000000
-0.698872,0.066282,1.890569,0.023362,50.050000,70.000000
-0.005048,-0.838649,1.599093,17.919312,50.050000,70.000000
0.828136,0.480058,0.479023,0.114592,50.050000,70.000000
0.328986,-0.728573,10.198539,0.861718,50.050000,70.000000
0.867407,0.514640,0.827789,0.492606,50.050000,70.000000
-0.453918,0.993201,-0.282177,0.183600,50.050000,70.000000
0.734633,0.979296,-0.724259,0.631655,50.050000,70.000000
-0.973103,-0.941289,-0.397735,0.052096,50.050000,70.000000
-0.239045,0.369569,-1.219606,-0.047454,50.050000,70.000000
-0.654873,-0.451784,0.589705,-0.440371,50.050000,70.000000
0.868558,-0.145995,0.239983,-0.103234,50.050000,70.000000
0.260548,-0.964178,-9.962894,-6.942668,50.050000,70.000000
-0.939577,0.526838,-0.319464,-0.044336,50.050000,70.000000
0.562191,0.751697,0.578058,0.673848,50.050000,70.000000
-0.222698,-0.888196,0.084823,0.018636,50.050000,70.000000
0.095027,-0.876198,-21.054457,33.681523,50.050000,70.000000
-0.266411,0.434447,10.136873,-8.160256,50.050000,70.000000
-0.256589,-0.483978,0.287334,1.281693,50.050000,70.000000
-0.217436,-0.445339,-0.060922,0.150829,50.050000,70.000000
-0.819375,0.762327,-0.032309,-0.147593,50.050000,70.000000
0.422007,0.663960,-0.654382,0.599278,50.050000,70.000000
-0.820549,-0.964914,0.915840,-0.929099,50.050000,70.000000
0.694759,0.821572,0.659909,0.723324,50.050000,70.000000
0.153123,-0.456742,2.729045,1.187223,50.050000,70.000000
-0.457809,-0.402594,0.633199,-0.270181,50.050000,70.000000
-0.398592,0.871150,-0.542173,-0.986512,50.050000,70.000000
-0.587633,-0.341140,0.347225,-0.119295,50.050000,70.000000
0.460977,-0.351845,-0.605245,-0.243111,50.050000,70.000000
0.535707,-0.379973,-0.317595,-0.037805,50.050000,70.000000
-0.202745,0.456857,-2.910009,7.943876,50.050000,70.000000
0.395164,-0.470253,-0.204825,-0.014542,50.050000,70.000000
0.451258,0.299807,0.294291,-0.000999,50.050000,70.000000
0.855116,-0.063958,-0.042455,-0.025924,50.050000,70.000000
-0.942590,-0.118412,0.433718,0.033649,50.050000,70.000000
-0.144813,0.128820,0.328183,0.424495,50.050000,70.000000
-0.925989,0.910717,0.802368,0.898193,50.050000,70.000000
0.428543,0.519638,-3.145770,-0.530985,50.050000,70.000000
-0.451196,0.745452,0.032674,-0.082650,50.050000,70.000000
0.805717,-0.311631,-0.255366,0.180867,50.050000,70.000000
0.419610,0.379571,1.501381,-0.108475,50.050000,70.000000
-0.542098,0.961943,-1.108754,0.604958,50.050000,70.000000
-0.617885,-0.799940,0.339108,-0.005731,50.050000,70.000000
-0.584133,0.483824,-0.062316,-0.093525,50.050000,70.000000
-0.375816,-0.337686,-0.438729,0.106259,50.050000,70.000000
0.507076,0.433761,-0.364487,0.097256,50.050000,70.000000
0.219411,-0.352432,18.301617,6.132238,50.050000,70.000000
0.681055,0.498709,-0.516236,0.346131,50.050000,70.000000
-0.200241,0.556744,-4.218828,-1.198987,50.050000,70.000000
-0.799495,0.880690,-0.752388,0.856552,50.050000,70.000000
-0.247694,-0.997085,-0.300295,0.292461,50.050000,70.000000
-0.007257,0.029189,0.005793,-0.025351,50.050000,70.000000
0.581517,-0.437465,0.305580,-0.076096,50.050000,70.000000
-0.470024,0.310128,0.513088,0.209349,50.050000,70.000000
0.321629,-0.384722,-0.329645,-0.100121,50.050000,70.000000
-0.029912,-0.728512,-9.157386,11.296918,50.050000,70.000000
-0.102001,-0.326342,-0.186805,0.369123,50.050000,70.000000
-0.833881,0.959873,0.508043,0.427234,50.050000,70.000000
0.589990,-0.037130,0.208029,-0.023726,50.050000,70.000000
-0.043951,-0.677642,-9.694029,24.346283,50.050000,70.000000
0.870268,0.599492,0.859914,0.578764,50.050000,70.000000
-0.334305,-0.665077,-8.327509,-31.370222,50.050000,70.000000
0.047265,0.378663,0.021410,-0.167341,50.050000,70.000000
0.195574,-0.983319,14.238492,9.415888,50.050000,70.000000
-0.646383,0.239394,0.581310,0.255297,50.050000,70.000000
-0.498086,0.671218,0.064266,-0.156422,50.050000,70.000000
-0.834610,0.716113,-0.795103,0.684159,50.050000,70.000000
-0.282688,0.862300,2.928412,1.220734,50.050000,70.000000
0.682065,-0.530263,0.472679,-0.244820,50.050000,70.000000
-0.135844,0.872815,23.308358,-18.544623,50.050000,70.000000
-0.590127,-0.265482,0.104200,0.052409,50.050000,70.000000
0.048225,0.524588,-3.370491,-0.223778,50.050000,70.000000
0.757118,0.886054,0.546003,0.135332,50.050000,70.000000
-0.085823,-0.425548,-0.868267,7.503274,50.050000,70.000000
-0.193344,0.467183,-0.278179,-0.284762,50.050000,70.000000
-0.061875,0.070097,-0.030762,0.066436,50.050000,70.000000
0.116724,-0.215805,-1.269245,-1.198761,50.050000,70.000000
0.968303,0.274212,-1.150503,-0.104170,50.050000,70.000000
0.681328,-0.918701,0.685051,-0.419778,50.050000,70.000000
-0.616074,-0.347740,-0.517448,-0.319278,50.050000,70.000000
-0.470450,-0.853254,7.550661,-5.017482,50.050000,70.000000
-0.637405,-0.868864,0.648701,-0.564456,50.050000,70.000000
-0.991860,-0.187709,0.972105,-0.348204,50.050000,70.000000
-0.817737,0.300972,-4.127786,-0.553037,50.050000,70.000000
0.437146,-0.888832,-0.168747,-0.112897,50.050000,70.000000
-0.601350,-0.886632,0.738881,-0.741141,50.050000,70.000000
0.383692,0.712645,-7.151386,7.963264,50.050000,70.000000
-0.567632,-0.193524,-0.402431,0.011785,50.050000,70.000000
-0.564862,0.357469,0.336276,0.088924,50.050000,70.000000
-0.010196,0.634515,2.195117,-35.473397,50.050000,70.000000
0.297680,-0.885909,-11.862099,-1.488825,50.050000,70.000000
0.531266,0.985907,1.110991,0.474985,50.050000,70.000000
0.143528,0.270338,0.282766,0.331876,50.050000,70.000000
-0.421589,0.355182,1.157518,0.275496,50.050000,70.000000
-0.461853,-0.357033,-0.593507,-0.211248,50.050000,70.000000
-0.654743,-0.262561,-0.514481,-0.129664,50.050000,70.000000
-0.855191,0.797151,0.767721,0.400926,50.050000,70.000000
-0.289950,0.818540,-0.509889,-0.289494,50.050000,70.000000
-0.800141,0.035064,4.475169,0.277859,50.050000,70.000000
-0.683747,0.259524,-0.663378,0.015492,50.050000,70.000000
-0.187074,-0.153072,8.425465,-9.122684,50.050000,70.000000
-0.679712,0.074278,1.629017,0.522806,50.050000,70.000000
0.382634,0.936848,-0.442844,-0.010157,50.050000,70.000000
-0.399708,0.106334,-0.510347,0.026229,50.050000,70.000000
-0.849996,0.114152,6.508495,1.094006,50.050000,70.000000
0.558673,-0.390954,0.519274,-0.290607,50.050000,70.000000
-0.767801,-0.433593,0.412913,-0.340602,50.050000,70.000000
0.597502,0.222367,-0.436694,0.286928,50.050000,70.000000
-0.679859,-0.391326,-0.427224,-0.312344,50.050000,70.000000
0.980933,0.547354,0.808702,0.425250,50.050000,70.000000
-0.619969,0.181394,-0.287042,0.605636,50.050000,70.000000
0.685861,-0.727651,0.488943,-0.143186,50.050000,70.000000
0.376000,-0.572056,0.166341,0.048951,50.050000,70.000000
-0.548353,-0.161082,-0.111912,0.047898,50.050000,70.000000
0.702479,0.561658,-0.601035,0.457401,50.050000,70.000000
-0.208415,-0.837907,5.667227,1.423492,50.050000,70.000000
-0.708575,0.987693,1.021884,0.868717,50.050000,70.000000
0.158843,-0.318389,-2.602316,1.563052,50.050000,70.000000
0.841038,-0.674072,-0.794202,-0.682416,50.050000,70.000000
0.874243,-0.595669,0.904887,-0.556754,50.050000,70.000000
0.599221,-0.885934,-0.759799,-0.568064,50.050000,70.000000
0.114246,0.126404,-1.711087,-0.264638,50.050000,70.000000
0.469540,-0.443291,0.630399,-0.292708,50.050000,70.000000
-0.391067,-0.666103,0.661684,0.494258,50.050000,70.000000
0.812817,-0.984607,-0.849179,-0.862387,50.050000,70.000000
-0.284431,-0.438828,1.718773,-0.869204,50.050000,70.000000
0.620112,0.215181,-0.840097,0.128733,50.050000,70.000000
0.552548,0.678203,0.556597,0.644121,50.050000,70.000000
0.550098,-0.510038,-0.440866,-0.117248,50.050000,70.000000
-0.207528,0.069370,0.243737,0.043370,50.050000,70.000000
-0.106609,0.225144,-0.078026,0.212902,50.050000,70.000000
-0.002375,0.077072,0.216786,0.371511,50.050000,70.000000
-0.648804,-0.441337,-0.463079,-0.194216,50.050000,70.000000
0.443698,-0.766651,-0.837660,-0.504813,50.050000,70.000000
0.892765,0.696165,0.735272,0.524738,50.050000,70.000000
0.448942,-0.630589,-0.826599,1.029996,50.050000,70.000000
-0.302933,0.606060,2.166705,-0.106632,50.050000,70.000000
0.052188,-0.876782,-11.813026,30.946254,50.050000,70.000000
-0.066997,-0.023831,-0.051303,-0.024606,50.050000,70.000000
-0.532518,-0.028979,0.430551,-0.095970,50.050000,70.000000
0.943980,-0.524337,0.936631,-0.498840,50.050000,70.000000
-0.534119,-0.937101,0.654606,-0.464575,50.050000,70.000000
0.139205,-0.384367,26.625785,21.206208,50.050000,70.000000
-0.064090,0.844331,-0.664265,-0.587136,50.050000,70.000000
0.678160,-0.172981,0.155208,0.218655,50.050000,70.000000
0.713716,-0.583246,0.188241,0.079575,50.050000,70.000000
-0.616319,-0.471673,0.416493,-0.155363,50.050000,70.000000
0.585919,-0.454467,-0.528273,-0.359752,50.050000,70.000000
-0.234119,-0.843739,-0.039833,2.108700,50.050000,70.000000
-0.717993,0.686759,-0.694002,0.629081,50.050000,70.000000
0.354733,0.004437,4.313479,-0.940129,50.050000,70.000000
0.578874,-0.871520,0.308929,-0.148406,50.050000,70.000000
0.368549,0.205472,-0.419289,-0.327821,50.050000,70.000000
-0.629364,0.280215,0.429478,0.343587,50.050000,70.000000
-0.431106,0.403823,-0.504659,-0.000487,50.050000,70.000000
-0.954726,-0.084551,2.657219,0.248680,50.050000,70.000000
0.943273,-0.415034,-0.759910,-0.308802,50.050000,70.000000
0.525902,0.829624,-0.328360,-3.445676,50.050000,70.000000
-0.510028,-0.041375,0.228311,0.051911,50.050000,70.000000
0.616612,-0.605619,-0.655016,-0.430229,50.050000,70.000000
-0.632555,0.646075,-0.644614,0.423392,50.050000,70.000000
0.580598,0.108399,11.006992,2.515706,50.050000,70.000000
-0.143398,-0.093606,0.289843,-0.281280,50.050000,70.000000
0.763530,0.641870,-0.349544,0.086702,50.050000,70.000000
-0.094256,-0.156760,-0.351405,1.161226,50.050000,70.000000
-0.664682,0.687579,-0.333844,0.150818,50.050000,70.000000
0.141165,0.553612,-0.652796,-17.756800,50.050000,70.000000
0.555712,-0.152732,-0.172471,0.035039,50.050000,70.000000
-0.963129,0.694720,2.204884,1.241576,50.050000,70.000000
0.155704,0.918108,-0.670374,0.463926,50.050000,70.000000
0.642446,-0.411033,-0.612816,-0.419085,50.050000,70.000000
-0.239153,0.553836,1.902806,0.843481,50.050000,70.000000
0.315202,-0.397744,-11.328002,-2.357418,50.050000,70.000000
-0.879349,0.789391,0.601750,0.111005,50.050000,70.000000
-0.708598,0.590771,-0.661257,0.567188,50.050000,70.000000
-0.911620,0.402091,-0.119110,0.002440,50.050000,70.000000
-0.059053,-0.497284,20.780020,-15.660684,50.050000,70.000000
0.140149,-0.510424,17.831421,9.100657,50.050000,70.000000
-0.703759,-0.082452,0.072428,0.075752,50.050000,70.000000
0.229335,0.435042,-0.115461,-0.096481,50.050000,70.000000
-0.251186,0.318216,0.622158,0.392531,50.050000,70.000000
0.249775,-0.026386,0.343148,-0.033659,50.050000,70.000000
0.537812,-0.996770,1.042415,-0.707385,50.050000,70.000000
-0.705643,0.253028,-0.475587,0.158495,50.050000,70.000000
0.649194,0.996501,-0.605811,0.397260,50.050000,70.000000
0.187668,0.138783,0.044945,0.056021,50.050000,70.000000
0.532831,-0.710057,-0.468919,-0.584333,50.050000,70.000000
0.072587,-0.022030,0.067099,0.023700,50.050000,70.000000
-0.260701,0.401762,-0.305832,0.663831,50.050000,70.000000
0.415437,0.245833,0.877975,0.033912,50.050000,70.000000
-0.284584,0.992636,2.125475,-3.947635,50.050000,70.000000
-0.766579,0.104490,-5.627031,0.359043,50.050000,70.000000
0.165752,-0.201444,17.865229,-7.203750,50.050000,70.000000
0.334737,-0.082633,1.371493,0.002750,50.050000,70.000000
-0.818957,-0.218062,-2.287832,-0.563117,50.050000,70.000000
-0.968128,0.678333,-4.303262,-1.795061,50.050000,70.000000
0.738476,-0.439868,-0.087816,0.121347,50.050000,70.000000
-0.869758,-0.015343,7.150764,0.064545,50.050000,70.000000
0.137247,0.716988,24.945665,-6.957095,50.050000,70.000000
0.425032,-0.486256,0.387264,-0.437840,50.050000,70.000000
-0.504989,0.647454,0.608199,0.493366,50.050000,70.000000
-0.239403,0.361641,0.227450,0.154783,50.050000,70.000000
0.098983,-0.388578,-12.628393,13.865060,50.050000,70.000000
-0.822513,0.018671,4.890173,0.093912,50.050000,70.000000
-0.196755,-0.857904,2.768083,1.412635,50.050000,70.000000
-0.797211,-0.717696,0.581006,-0.381312,50.050000,70.000000
-0.308763,0.614908,-4.542645,3.194734,50.050000,70.000000
0.760451,0.901930,0.900417,0.685648,50.050000,70.000000
0.745237,-0.807264,0.610301,-0.443379,50.050000,70.000000
0.320775,-0.732539,-2.180658,1.081114,50.050000,70.000000
0.215370,-0.275111,-0.097038,0.095005,50.050000,70.000000
0.205248,-0.388604,2.983816,4.346387,50.050000,70.000000
0.734436,-0.335516,0.701675,-0.299239,50.050000,70.000000
0.985956,0.958128,0.692390,0.378626,50.050000,70.000000
-0.750520,0.002766,-1.129843,0.007245,50.050000,70.000000
0.495513,0.083286,0.404393,-0.007850,50.050000,70.000000
-0.209083,-0.062909,0.122705,-0.022013,50.050000,70.000000
0.692630,-0.968086,0.120232,0.108098,50.050000,70.000000
-0.627468,0.140284,2.521323,-0.573420,50.050000,70.000000
-0.247790,-0.603056,1.347608,-0.731630,50.050000,70.000000
0.438616,-0.182925,0.266067,-0.031269,50.050000,70.000000
-0.425553,-0.274582,0.236266,0.257549,50.050000,70.000000
-0.895058,0.754881,0.817170,0.814500,50.050000,70.000000
-0.718273,-0.007200,-0.322883,-0.012399,50.050000,70.000000
0.987841,0.645187,4.120078,1.203836,50.050000,70.000000
-0.341549,-0.415364,-0.055871,0.042872,50.050000,70.000000
0.969039,0.632362,0.359481,0.592951,50.050000,70.000000
0.110318,0.109257,-0.177304,-0.077807,50.050000,70.000000
0.288239,0.430823,0.477474,0.024306,50.050000,70.000000
0.843130,0.477533,-0.171928,-0.026666,50.050000,70.000000
-0.094881,-0.672191,0.131605,-0.021800,50.050000,70.000000
0.478547,0.932731,-1.299723,-0.205312,50.050000,70.000000
0.410414,-0.178903,0.169436,-0.005673,50.050000,70.000000
-0.817447,-0.828631,0.774884,-0.648347,50.050000,70.000000
-0.808066,0.836802,-0.079688,-0.140102,50.050000,70.000000
0.127647,-0.638187,-0.653131,-1.172732,50.050000,70.000000
-0.000901,0.859583,-0.934677,-34.830995,50.050000,70.000000
-0.981137,0.035606,7.057366,0.191304,50.050000,70.000000
0.432439,0.001304,-1.619307,0.078079,50.050000,70.000000
-0.085360,-0.644807,0.164081,-0.269113,50.050000,70.000000
0.729494,0.610349,0.541410,0.340869,50.050000,70.000000
0.139780,-0.725485,3.909193,29.384814,50.050000,70.000000
0.770996,0.130297,0.073080,-0.091516,50.050000,70.000000
-0.096128,0.382003,-8.120791,-2.433715,50.050000,70.000000
0.317686,-0.658323,-2.316168,-0.570885,50.050000,70.000000
-0.441455,0.470404,0.152606,0.924315,50.050000,70.000000
0.084673,-0.899542,-19.450841,37.904067,50.050000,70.000000
-0.596197,-0.285696,0.549834,-0.331303,50.050000,70.000000
0.313926,0.149802,0.262432,-0.146477,50.050000,70.000000
-0.270463,0.332199,-0.284228,-0.242848,50.050000,70.000000
-0.735407,0.020197,0.548435,0.019113,50.050000,70.000000
-0.551386,0.850905,-0.220136,-0.994736,50.050000,70.000000
-0.833495,-0.551910,0.707338,-0.364632,50.050000,70.000000
0.047117,-0.112924,-0.207130,0.106564,50.050000,70.000000
0.088417,0.017517,-0.039507,-0.006602,50.050000,70.000000
0.414918,-0.472774,0.566974,-0.051223,50.050000,70.000000
0.093273,-0.358711,1.349609,-3.907494,50.050000,70.000000
-0.848142,-0.729056,-0.846885,-0.729845,50.050000,70.000000
0.756346,-0.092085,2.753626,0.018319,50.050000,70.000000
0.324686,-0.995921,0.279333,0.555830,50.050000,70.000000
-0.443807,0.933606,-2.958004,-0.468587,50.050000,70.000000
-0.884277,-0.041098,-0.883805,0.012585,50.050000,70.000000
-0.730940,-0.915155,-0.779492,-0.870607,50.050000,70.000000
0.996066,0.886198,-0.728458,0.917261,50.050000,70.000000
0.327015,0.148385,0.309800,-0.062645,50.050000,70.000000
-0.094933,0.468254,-11.794044,-7.076727,50.050000,70.000000
-0.053650,0.311405,8.849049,-0.879873,50.050000,70.000000
-0.216275,-0.939053,0.347008,0.197753,50.050000,70.000000
-0.666963,0.355259,-0.330433,0.148407,50.050000,70.000000
0.837810,-0.928858,-0.514269,-0.210651,50.050000,70.000000
0.676272,0.095647,-0.608132,-0.182627,50.050000,70.000000
-0.462212,-0.402449,0.746303,-0.265650,50.050000,70.000000
0.033108,0.451152,0.264169,-0.615011,50.050000,70.000000
0.519605,-0.993251,1.096596,-0.699834,50.050000,70.000000
0.438245,-0.418898,-13.601186,-1.025313,50.050000,70.000000
-0.419768,0.960746,6.315551,-2.734592,50.050000,70.000000
-0.733674,-0.852217,0.765200,-0.841577,50.050000,70.000000
0.791653,-0.686954,-0.542376,-0.301310,50.050000,70.000000
0.370088,0.061980,-0.253219,0.021740,50.050000,70.000000
-0.294106,0.964312,-26.647941,-16.792080,50.050000,70.000000
-0.802061,-0.245767,-0.285981,-0.224117,50.050000,70.000000
-0.601629,0.413070,-0.555553,0.355032,50.050000,70.000000
0.471191,-0.686916,0.309829,-0.155485,50.050000,70.000000
-0.994662,0.721168,-0.232670,0.045120,50.050000,70.000000
0.678686,0.678220,-0.622579,0.475148,50.050000,70.000000
0.849065,0.233469,4.940497,-1.094403,50.050000,70.000000
-0.084221,0.504409,-2.107916,0.392063,50.050000,70.000000
-0.398140,0.466062,-0.295893,0.067265,50.050000,70.000000
-0.898036,0.709256,-0.096827,-0.180687,50.050000,70.000000
0.473899,0.827288,-0.720861,0.349712,50.050000,70.000000
0.223058,0.938762,-0.356561,-0.913503,50.050000,70.000000
-0.231014,-0.649213,-0.440669,-38.694520,50.050000,70.000000
0.683401,-0.083203,-8.440449,-1.622631,50.050000,70.000000
-0.396461,0.676773,-0.599244,0.711265,50.050000,70.000000
0.530047,0.496692,0.442774,0.159470,50.050000,70.000000
-0.102773,0.693781,0.914362,-0.695053,50.050000,70.000000
0.375239,0.645119,0.697215,0.351689,50.050000,70.000000
0.519198,0.154967,-0.047136,-0.041056,50.050000,70.000000
0.524708,0.767259,0.589753,0.734758,50.050000,70.000000
-0.685363,-0.903660,-0.212984,0.128471,50.050000,70.000000
0.191635,0.809447,0.245497,-0.294595,50.050000,70.000000
0.382517,0.971443,-4.298888,2.046342,50.050000,70.000000
-0.958293,-0.035808,2.848329,0.199153,50.050000,70.000000
0.176974,0.408890,-0.017017,-1.018115,50.050000,70.000000
0.214047,-0.517246,20.905969,-18.665460,50.050000,70.000000
0.651311,0.577195,0.349406,0.056307,50.050000,70.000000
0.909316,0.879655,0.730715,0.515623,50.050000,70.000000
0.364289,0.605166,0.567161,-0.015168,50.050000,70.000000
-0.974895,0.940792,-0.925724,0.965156,50.050000,70.000000
-0.110720,-0.878832,12.496065,0.395163,50.050000,70.000000
-0.528849,-0.366362,-0.492772,-0.254655,50.050000,70.000000
0.552261,-0.154878,-0.430765,-0.115223,50.050000,70.000000
0.967483,0.490504,0.912985,0.715408,50.050000,70.000000
-0.092696,0.055112,0.098399,-0.008416,50.050000,70.000000
0.275384,0.386936,0.135204,-0.059046,50.050000,70.000000
-0.761901,0.733205,0.263367,-0.053168,50.050000,70.000000
0.969623,0.452734,2.277084,0.514782,50.050000,70.000000
-0.903876,0.555441,-0.764513,0.390807,50.050000,70.000000
-0.699226,0.104983,10.419334,0.831811,50.050000,70.000000
0.450950,-0.878933,-16.853399,5.280588,50.050000,70.000000
-0.225449,0.871924,-1.579736,-2.281182,50.050000,70.000000
0.430515,-0.330476,0.940337,-0.224299,50.050000,70.000000
-0.314243,0.518092,7.937331,16.387272,50.050000,70.000000
-0.424599,-0.238210,0.358972,-0.105336,50.050000,70.000000
0.400527,-0.339046,8.903144,-0.078437,50.050000,70.000000
-0.342259,-0.347932,-0.303386,0.050859,50.050000,70.000000
0.301893,-0.089386,0.489815,-0.048749,50.050000,70.000000
-0.317121,0.147530,1.489338,0.076970,50.050000,70.000000
-0.462706,-0.707824,0.000467,0.155782,50.050000,70.000000
-0.393820,-0.939182,-6.506050,7.043358,50.050000,70.000000
-0.834992,0.283339,0.257652,0.182425,50.050000,70.000000
0.073877,-0.353803,-10.363642,-10.916289,50.050000,70.000000
-0.372767,0.897687,-17.723502,2.173710,50.050000,70.000000
-0.573618,-0.790857,1.957636,5.274147,50.050000,70.000000
0.059949,-0.436109,0.849493,-2.739899,50.050000,70.000000
0.308107,0.361025,0.038140,0.292931,50.050000,70.000000
-0.258074,0.553332,2.361945,-1.156131,50.050000,70.000000
-0.148061,-0.468010,0.008705,0.275958,50.050000,70.000000
0.148547,0.627032,0.035057,-0.053523,50.050000,70.000000
0.521744,0.943778,0.257894,0.219889,50.050000,70.000000
0.075387,-0.967707,-17.286606,43.572048,50.050000,70.000000
-0.247803,-0.831711,3.595237,1.186167,50.050000,70.000000
-0.569403,0.051981,3.798200,0.065489,50.050000,70.000000
-0.347808,0.397810,2.967078,1.462141,50.050000,70.000000
-0.006646,0.299373,-0.743219,0.062920,50.050000,70.000000
-0.429841,-0.330993,-0.204739,-0.065504,50.050000,70.000000
-0.999807,0.248491,2.792244,-0.473433,50.050000,70.000000
0.389725,0.101083,0.368662,-0.164849,50.050000,70.000000
0.910257,0.697233,0.879026,0.692870,50.050000,70.000000
0.389469,-0.191148,-1.128664,-8.042350,50.050000,70.000000
-0.621969,0.559171,-0.541973,0.317113,50.050000,70.000000
-0.019682,-0.792696,7.006933,-6.750039,50.050000,70.000000
-0.846446,-0.213789,0.542456,-0.075253,50.050000,70.000000
0.845917,-0.679142,-0.778468,-0.692704,50.050000,70.000000
-0.340752,0.974849,1.317911,1.195359,50.050000,70.000000
0.286151,-0.665841,-0.123010,-0.090630,50.050000,70.000000
-0.792473,0.903418,-0.502769,0.305302,50.050000,70.000000
-0.250281,-0.464849,0.777313,0.244284,50.050000,70.000000
-0.724133,-0.508757,-0.601946,-0.575737,50.050000,70.000000
-0.672287,0.867207,0.782444,0.799156,50.050000,70.000000
-0.856319,-0.146952,0.612547,-0.010677,50.050000,70.000000
0.180036,-0.132889,0.251958,0.198038,50.050000,70.000000
0.540332,-0.635920,-0.410435,-0.275840,50.050000,70.000000
0.095705,0.507835,0.179292,0.205266,50.050000,70.000000
-0.819760,0.290373,-0.232866,0.235305,50.050000,70.000000
0.300404,0.887614,-1.210896,-0.336043,50.050000,70.000000
0.122058,-0.569754,0.684631,0.178966,50.050000,70.000000
0.147299,-0.347450,14.694795,2.992615,50.050000,70.000000
0.406427,0.814823,2.207061,1.362445,50.050000,70.000000
0.729435,-0.377558,-0.530218,-0.501229,50.050000,70.000000
0.387858,0.725905,0.262658,0.246010,50.050000,70.000000
0.282144,-0.012547,-0.066637,0.004182,50.050000,70.000000
-0.876300,0.034187,1.914051,-0.074393,50.050000,70.000000
0.582205,-0.885039,-0.706167,-0.274047,50.050000,70.000000
-0.856324,-0.229833,0.519480,-0.672949,50.050000,70.000000
-0.805140,0.006749,-0.473702,-0.000320,50.050000,70.000000
-0.564565,-0.640964,0.735944,-0.443177,50.050000,70.000000
-0.682079,0.305349,-0.746194,0.393694,50.050000,70.000000
0.002888,0.541435,2.302918,2.462508,50.050000,70.000000
-0.097364,-0.399387,8.875236,0.802978,50.050000,70.000000
-0.497322,-0.492769,-0.648229,-0.327823,50.050000,70.000000
0.028648,-0.506165,1.698315,1.061720,50.050000,70.000000
0.881379,-0.657154,-0.805617,-0.657964,50.050000,70.000000
-0.794356,-0.749299,-0.755776,-0.673524,50.050000,70.000000
0.528562,-0.450565,0.637477,-0.325388,50.050000,70.000000
-0.640880,0.724805,-0.581078,0.560674,50.050000,70.000000
-0.198779,-0.873183,2.166831,1.428510,50.050000,70.000000
0.406450,-0.793232,0.102063,0.029968,50.050000,70.000000
0.141866,0.336978,0.085731,-0.203400,50.050000,70.000000
-0.413535,-0.290846,-0.406438,-0.062538,50.050000,70.000000
-0.241805,-0.018167,-0.155405,-0.013550,50.050000,70.000000
0.668721,-0.801809,0.547498,-0.493438,50.050000,70.000000
0.002433,0.899001,-2.162244,-34.045778,50.050000,70.000000
-0.484410,0.514700,0.666575,0.350220,50.050000,70.000000
0.566155,-0.634568,-0.760003,-0.498832,50.050000,70.000000
0.821117,0.520191,0.707602,0.339634,50.050000,70.000000
0.843087,-0.238861,-24.216767,-12.123365,50.050000,70.000000
-0.537857,0.239036,0.442531,0.182887,50.050000,70.000000
-0.519929,-0.449113,-0.648057,-0.369816,50.050000,70.000000
-0.237666,-0.454892,-16.429878,-23.069718,50.050000,70.000000
0.621830,-0.904436,-0.594675,-0.787176,50.050000,70.000000
-0.856989,0.590637,-0.850293,0.399135,50.050000,70.000000
0.830613,0.117892,-0.860784,-0.104632,50.050000,70.000000
-0.593610,-0.804642,0.453800,-0.341313,50.050000,70.000000
0.381966,-0.294415,0.415196,0.057650,50.050000,70.000000
-0.228734,-0.333704,0.252247,0.203370,50.050000,70.000000
-0.556413,0.359035,-0.281552,0.046840,50.050000,70.000000
0.302496,0.044369,0.472406,0.048895,50.050000,70.000000
-0.295202,0.542025,-2.501827,27.263662,50.050000,70.000000
-0.181589,0.032057,-0.151203,-0.022041,50.050000,70.000000
0.777739,-0.535126,-0.338963,-0.157778,50.050000,70.000000
0.135433,0.214137,0.653157,-0.196723,50.050000,70.000000
0.998785,0.573176,1.779302,0.784884,50.050000,70.000000
-0.627054,-0.890929,0.672102,-0.873794,50.050000,70.000000
0.155680,0.510354,0.163327,-7.865936,50.050000,70.000000
-0.476316,0.551680,-0.610729,0.351039,50.050000,70.000000
0.088974,-0.619234,0.177433,-0.070547,50.050000,70.000000
0.541594,0.577751,-0.718829,0.460242,50.050000,70.000000
0.268903,-0.553353,0.069149,1.014300,50.050000,70.000000
-0.208477,0.132534,0.169413,0.065992,50.050000,70.000000
-0.504605,-0.892442,-8.609413,15.627131,50.050000,70.000000
0.733989,0.151530,-1.215649,-0.214157,50.050000,70.000000
0.760077,0.606665,-0.538873,0.258203,50.050000,70.000000
0.220739,-0.037856,-0.131005,-0.003763,50.050000,70.000000
-0.251240,-0.584227,-1.103401,-1.416359,50.050000,70.000000
0.890500,0.635123,-0.678838,0.501097,50.050000,70.000000
0.508400,0.678619,-0.505986,0.586672,50.050000,70.000000
-0.451500,-0.367578,-0.563377,-0.094203,50.050000,70.000000
0.116421,0.686537,0.568983,0.021459,50.050000,70.000000
0.619223,-0.718768,0.438445,-0.375119,50.050000,70.000000
-0.330199,0.337814,-0.199495,-0.076559,50.050000,70.000000
-0.368333,-0.576244,0.294213,-0.092084,50.050000,70.000000
-0.930594,-0.491417,0.810627,-0.568684,50.050000,70.000000
0.752981,-0.646024,-0.323373,-0.046091,50.050000,70.000000
0.270692,-0.480107,0.849738,1.447622,50.050000,70.000000
0.845504,0.385756,-0.103119,-0.052916,50.050000,70.000000
-0.605582,-0.013255,0.831496,-0.005584,50.050000,70.000000
-0.768749,-0.370257,0.128169,0.110606,50.050000,70.000000
-0.906662,-0.271902,-0.335982,-0.003602,50.050000,70.000000
0.146808,-0.595989,5.004528,-5.694553,50.050000,70.000000
-0.793084,0.630338,-0.861143,0.566198,50.050000,70.000000
0.092096,-0.145290,-0.054675,0.059648,50.050000,70.000000
0.105101,0.429002,-0.570916,-0.095990,50.050000,70.000000
0.244718,0.974893,0.012221,-0.093142,50.050000,70.000000
-0.976433,-0.912367,0.386396,-0.596981,50.050000,70.000000
-0.147805,-0.163852,-0.070915,-0.031553,50.050000,70.000000
0.144363,0.307605,-0.730590,0.942275,50.050000,70.000000
-0.086304,-0.517404,-1.282163,-0.697166,50.050000,70.000000
-0.006337,-0.498752,-0.215799,0.483024,50.050000,70.000000
-0.523573,0.302457,-0.523502,0.296677,50.050000,70.000000
-0.603122,-0.679491,0.557501,-0.370801,50.050000,70.000000
-0.197491,0.775697,-6.070226,-1.159693,50.050000,70.000000
-0.867029,-0.153664,0.597677,0.510425,50.050000,70.000000
-0.630315,0.299677,0.516559,0.379193,50.050000,70.000000
0.663889,-0.013882,1.112354,0.027578,50.050000,70.000000
0.679301,-0.982348,-0.909432,-0.241296,50.050000,70.000000
-0.315944,-0.064168,0.210210,0.018267,50.050000,70.000000
-0.477636,0.367289,0.519703,0.191528,50.050000,70.000000
-0.979163,-0.797368,-0.696415,-0.876152,50.050000,70.000000
0.637148,0.549600,-0.334801,0.065160,50.050000,70.000000
-0.871887,0.188864,-0.327365,-0.077485,50.050000,70.000000
0.231030,0.919442,9.713037,0.149144,50.050000,70.000000
-0.946652,-0.376232,-12.674028,2.568165,50.050000,70.000000
0.668216,0.710400,0.645510,0.652223,50.050000,70.000000
-0.307261,-0.140183,0.414642,-0.243856,50.050000,70.000000
-0.056283,0.052520,-0.026406,-0.053913,50.050000,70.000000
0.701072,0.914612,0.829418,0.471575,50.050000,70.000000
-0.110703,-0.583496,-0.398880,1.297502,50.050000,70.000000
-0.818876,-0.843924,0.363483,-0.018125,50.050000,70.000000
0.173639,0.349593,1.580533,0.332841,50.050000,70.000000
-0.388662,-0.233858,-1.704122,-0.627763,50.050000,70.000000
-0.453740,-0.015717,0.356932,0.003929,50.050000,70.000000
-0.153494,0.221332,-0.364756,-3.076131,50.050000,70.000000
-0.065684,0.041505,0.061407,0.030692,50.050000,70.000000
-0.417214,-0.119006,0.422262,-0.241182,50.050000,70.000000
-0.137380,-0.951401,2.317027,1.520620,50.050000,70.000000
-0.200471,0.677980,-23.650940,6.997228,50.050000,70.000000
0.809625,-0.628201,0.703635,-0.493521,50.050000,70.000000
-0.170376,0.494519,-0.862857,-0.127483,50.050000,70.000000
-0.617920,0.623304,0.235672,-0.059565,50.050000,70.000000
-0.129892,0.905210,-0.097164,-0.024418,50.050000,70.000000
-0.138638,-0.086480,0.090142,-0.017610,50.050000,70.000000
0.528799,-0.472186,0.425141,-0.215613,50.050000,70.000000
-0.037033,-0.421763,0.204371,-1.769726,50.050000,70.000000
-0.577218,0.696610,0.758528,0.605162,50.050000,70.000000
-0.070364,-0.603472,13.779722,8.396501,50.050000,70.000000
-0.556609,-0.921043,0.889703,-0.742364,50.050000,70.000000
0.026258,-0.679795,-1.185159,0.124103,50.050000,70.000000
0.682608,0.596222,-0.465207,0.201652,50.050000,70.000000
0.709666,-0.648866,-0.719268,-0.639262,50.050000,70.000000
0.501712,0.265409,-0.188075,-0.019259,50.050000,70.000000
0.734586,0.192448,0.451546,0.230028,50.050000,70.000000
0.480753,0.010828,1.751630,0.133908,50.050000,70.000000
-0.006008,-0.982946,-13.272085,1.274906,50.050000,70.000000
-0.373548,-0.223409,-0.772224,0.194388,50.050000,70.000000
-0.832347,0.751955,-0.321543,-0.012017,50.050000,70.000000
0.106176,0.503955,-12.454125,1.774580,50.050000,70.000000
-0.022792,0.932870,-14.159613,-20.189026,50.050000,70.000000
0.751343,-0.174167,0.261280,-0.163283,50.050000,70.000000
0.779264,-0.904972,0.826974,-0.881770,50.050000,70.000000
0.134782,-0.718894,-0.491962,0.366774,50.050000,70.000000
-0.451286,-0.770453,-0.031518,0.166978,50.050000,70.000000
0.988456,0.982303,0.971878,0.921047,50.050000,70.000000
-0.441743,-0.372177,-0.545431,-0.452055,50.050000,70.000000
0.815184,0.796140,-0.430201,0.160388,50.050000,70.000000
0.717375,0.920621,0.948073,0.722495,50.050000,70.000000
0.879467,-0.800570,-0.775379,-0.700105,50.050000,70.000000
0.828246,0.322495,-0.264881,0.016926,50.050000,70.000000
0.165844,-0.657254,1.164002,-0.279751,50.050000,70.000000
-0.470436,-0.618932,0.155248,0.111674,50.050000,70.000000
-0.396028,-0.045517,-0.142080,0.000005,50.050000,70.000000
0.993090,0.863380,-0.480355,0.325467,50.050000,70.000000
0.820302,0.816782,-0.758733,0.806577,50.050000,70.000000
-0.353231,-0.754441,-0.705442,-0.558110,50.050000,70.000000
0.103955,-0.834431,1.260658,0.064697,50.050000,70.000000
-0.290128,-0.184892,0.477292,0.650258,50.050000,70.000000
0.521357,0.447829,-0.530285,0.267966,50.050000,70.000000
0.658926,0.570029,0.516971,0.260946,50.050000,70.000000
0.473499,0.099099,0.543592,-0.041472,50.050000,70.000000
-0.445728,0.644166,-0.854972,1.124137,50.050000,70.000000
0.506274,0.946594,-0.034892,-5.291216,50.050000,70.000000
-0.587820,0.507040,0.381159,0.132364,50.050000,70.000000
-0.173988,-0.215989,-0.011931,-0.051664,50.050000,70.000000
-0.128121,0.663711,-4.114438,5.994043,50.050000,70.000000
0.991655,0.743104,-0.807780,0.552008,50.050000,70.000000
-0.645883,0.639781,-0.632701,0.420963,50.050000,70.000000
0.797591,-0.889836,0.824259,-0.814320,50.050000,70.000000
0.532590,-0.766214,-0.798926,-0.079130,50.050000,70.000000
0.246202,-0.081154,0.143643,-0.050766,50.050000,70.000000
0.052728,0.191163,0.217767,-0.927524,50.050000,70.000000
0.875857,0.526677,-0.894408,0.502638,50.050000,70.000000
-0.143666,-0.597024,-5.538183,-11.030351,50.050000,70.000000
-0.184373,-0.750206,0.356217,0.398446,50.050000,70.000000
-0.718567,-0.949443,-0.532623,-0.511214,50.050000,70.000000
0.716158,0.462695,0.239198,-0.025388,50.050000,70.000000
0.521243,0.532951,-0.629843,0.248800,50.050000,70.000000
-0.691699,0.615847,-0.606227,0.451305,50.050000,70.000000
0.545721,-0.060879,2.502137,-0.335948,50.050000,70.000000
0.810153,0.237917,6.734171,9.678483,50.050000,70.000000
0.675998,-0.505022,-0.592271,-0.459299,50.050000,70.000000
0.101330,-0.946259,-17.522692,20.393988,50.050000,70.000000
0.222258,-0.507222,26.015822,-19.285778,50.050000,70.000000
-0.886404,0.205465,-0.324392,0.125620,50.050000,70.000000
-0.754648,0.623302,0.588506,0.502096,50.050000,70.000000
-0.161104,0.332511,2.909911,1.869918,50.050000,70.000000
0.507337,0.816794,-0.826738,0.657409,50.050000,70.000000
-0.146944,0.318579,-0.489314,0.461706,50.050000,70.000000
0.349037,0.265746,-0.285687,-0.170576,50.050000,70.000000
0.388715,-0.858659,-0.435088,-0.405594,50.050000,70.000000
0.523351,-0.035964,0.369407,-0.178299,50.050000,70.000000
-0.446409,-0.794620,-1.120892,-0.243754,50.050000,70.000000
0.821258,0.875834,0.848183,0.669075,50.050000,70.000000
0.138865,-0.104144,-0.337138,-1.311086,50.050000,70.000000
-0.351950,0.784290,0.144527,-0.259227,50.050000,70.000000
-0.432355,-0.584168,-2.610274,-0.301805,50.050000,70.000000
-0.104265,-0.388293,-0.279078,-1.624697,50.050000,70.000000
-0.032807,0.618863,-1.055711,5.582304,50.050000,70.000000
-0.761993,-0.811768,0.463340,-0.169575,50.050000,70.000000
0.621017,-0.571499,0.698799,-0.469306,50.050000,70.000000
0.808181,-0.893827,0.841684,-0.878068,50.050000,70.000000
-0.556362,-0.784525,0.891558,-0.194435,50.050000,70.000000
0.482652,-0.065223,0.187207,0.012365,50.050000,70.000000
-0.211265,-0.739185,8.592612,1.287721,50.050000,70.000000
0.522171,0.124409,-0.079773,-0.044496,50.050000,70.000000
0.943706,0.870565,0.565299,0.232255,50.050000,70.000000
-0.420965,0.846477,-0.057433,0.025628,50.050000,70.000000
0.732380,-0.888999,0.096493,0.166671,50.050000,70.000000
0.599001,-0.584206,0.730694,-0.479594,50.050000,70.000000
-0.752164,0.387454,0.627480,0.430920,50.050000,70.000000
-0.063799,-0.273658,-0.373348,0.159485,50.050000,70.000000
0.635025,0.870951,-0.750743,0.434478,50.050000,70.000000
0.079508,0.291779,-0.137616,0.287069,50.050000,70.000000
-0.065479,-0.510525,-15.614086,-18.188457,50.050000,70.000000
-0.392345,-0.149471,0.643664,-0.007876,50.050000,70.000000
-0.152560,-0.082821,-0.281900,-0.031509,50.050000,70.000000
0.020739,0.560010,0.381533,0.274908,50.050000,70.000000
0.091559,0.837762,15.674419,-26.827493,50.050000,70.000000
0.262474,-0.597226,12.628874,1.404591,50.050000,70.000000
0.420126,-0.945743,12.079736,7.128735,50.050000,70.000000
0.889978,-0.143778,-0.264193,-0.069349,50.050000,70.000000
-0.480863,0.143870,0.467778,0.140318,50.050000,70.000000
0.026320,0.360079,1.421076,-0.473707,50.050000,70.000000
-0.154557,0.364172,-0.116263,-0.353869,50.050000,70.000000
0.635394,-0.931566,0.712861,-0.358818,50.050000,70.000000
-0.829119,0.989477,-0.871874,0.511930,50.050000,70.000000
0.131787,0.947299,-0.761560,1.425346,50.050000,70.000000
-0.743549,-0.835140,0.739870,-0.724617,50.050000,70.000000
-0.191484,-0.279339,-5.656836,10.547659,50.050000,70.000000
-0.846367,-0.882884,-0.814323,-0.816123,50.050000,70.000000
-0.627058,-0.971682,-0.526559,-0.694473,50.050000,70.000000
0.948782,0.174640,2.094822,-0.037801,50.050000,70.000000
-0.828378,-0.540675,0.145157,0.143048,50.050000,70.000000
0.868089,-0.025584,0.019658,-0.003754,50.050000,70.000000
0.015446,-0.402564,-3.121778,1.998631,50.050000,70.000000
0.107602,0.472211,1.151128,0.350765,50.050000,70.000000
0.453396,0.232093,0.334905,0.108816,50.050000,70.000000
0.780359,-0.509592,-0.607960,-0.592193,50.050000,70.000000
-0.712606,-0.767815,0.210388,0.103952,50.050000,70.000000
-0.669809,0.523981,0.113843,-0.103403,50.050000,70.000000
0.542532,0.341859,-0.514245,0.281587,50.050000,70.000000
-0.372086,0.354772,0.186454,-0.039082,50.050000,70.000000
0.646747,-0.114853,0.253153,0.139922,50.050000,70.000000
-0.342727,-0.215124,-0.795069,-0.067934,50.050000,70.000000
0.412647,-0.648942,-0.886397,-0.413526,50.050000,70.000000
-0.768133,-0.003792,-6.409457,0.459090,50.050000,70.000000
0.259850,-0.708756,26.833080,11.062450,50.050000,70.000000
-0.069052,-0.555072,-10.139080,-15.827045,50.050000,70.000000
0.910922,-0.140987,0.726536,0.078719,50.050000,70.000000
0.426012,-0.015161,0.355006,-0.032823,50.050000,70.000000
-0.811423,0.406754,0.724341,0.358019,50.050000,70.000000
0.316839,-0.890122,-2.143307,1.002057,50.050000,70.000000
-0.280001,0.017101,-0.217117,-0.035006,50.050000,70.000000
-0.578522,0.779724,0.841744,0.561070,50.050000,70.000000
0.823098,-0.191694,1.065625,0.680685,50.050000,70.000000
0.200454,-0.965020,3.168110,-1.298717,50.050000,70.000000
0.910457,0.047404,-0.413816,-0.087500,50.050000,70.000000
0.718137,-0.265718,-0.319237,0.021284,50.050000,70.000000
0.070802,-0.031648,-0.061043,0.033050,50.050000,70.000000
0.087536,-0.780190,-9.521576,1.628534,50.050000,70.000000
-0.658014,0.764286,0.623633,0.702153,50.050000,70.000000
-0.643661,-0.012848,0.320864,-0.002987,50.050000,70.000000
0.070308,-0.337164,4.781554,-6.420272,50.050000,70.000000
-0.707073,0.228579,-1.240694,0.625719,50.050000,70.000000
-0.268314,0.451065,0.500093,0.249196,50.050000,70.000000
-0.949295,-0.794556,-0.685291,-0.690228,50.050000,70.000000
-0.102257,-0.627558,5.818221,-3.513225,50.050000,70.000000
0.628511,-0.613099,-0.724365,-0.482222,50.050000,70.000000
-0.349512,-0.255467,-0.553600,-0.125123,50.050000,70.000000
0.366427,0.542179,-0.369695,-0.054409,50.050000,70.000000
0.399172,0.880773,3.085595,0.747664,50.050000,70.000000
-0.856056,0.263176,0.704887,-0.627055,50.050000,70.000000
-0.802496,0.443747,0.215124,-0.090105,50.050000,70.000000
0.055071,-0.428707,2.462741,0.881908,50.050000,70.000000
0.721364,-0.039107,4.802091,0.429983,50.050000,70.000000
0.732736,-0.902124,0.698476,-0.492825,50.050000,70.000000
0.008495,0.774271,0.520621,1.752323,50.050000,70.000000
-0.829947,-0.921081,0.243131,0.096046,50.050000,70.000000
-0.606707,-0.929949,-0.516435,-0.047924,50.050000,70.000000
0.346570,0.808153,-2.674556,-25.000227,50.050000,70.000000
0.626573,0.807980,0.155293,-0.143902,50.050000,70.000000
-0.278669,0.402568,1.169250,-1.309995,50.050000,70.000000
-0.041532,-0.030204,0.029795,0.031998,50.050000,70.000000
0.366734,-0.307679,0.129138,-0.616960,50.050000,70.000000
0.840659,0.963043,-0.820071,0.935811,50.050000,70.000000
-0.136744,-0.256245,7.721083,-19.492992,50.050000,70.000000
-0.709933,0.153447,12.900285,1.575904,50.050000,70.000000
0.982006,0.571154,-0.612543,0.497690,50.050000,70.000000
-0.618462,-0.497015,-0.261434,0.009313,50.050000,70.000000
0.676376,-0.156114,6.781155,-0.526752,50.050000,70.000000
0.185828,-0.796788,0.170257,-0.010827,50.050000,70.000000
0.382277,0.931111,0.930744,1.053746,50.050000,70.000000
-0.815271,-0.260970,6.503692,2.550259,50.050000,70.000000
-0.119031,-0.546355,-8.304010,5.329085,50.050000,70.000000
-0.590058,0.887812,0.965816,0.711305,50.050000,70.000000
-0.543314,0.524867,0.615924,0.321829,50.050000,70.000000
-0.559442,-0.533841,-0.664341,-0.370130,50.050000,70.000000
-0.260126,0.069097,-0.314286,-0.063554,50.050000,70.000000
-0.688666,-0.414453,-0.021686,0.121546,50.050000,70.000000
0.283271,0.936236,9.915897,2.820159,50.050000,70.000000
-0.686688,0.837598,0.729997,0.509010,50.050000,70.000000
-0.485489,0.380752,-0.421107,0.167552,50.050000,70.000000
-0.698182,-0.345464,0.443280,-0.338706,50.050000,70.000000
-0.211353,-0.217445,-15.195608,-1.549686,50.050000,70.000000
-0.598329,-0.120058,1.916441,0.241111,50.050000,70.000000
0.189488,0.729228,-0.387376,-0.613224,50.050000,70.000000
0.130003,0.965277,3.472355,1.075201,50.050000,70.000000
-0.593072,0.247274,-0.374799,0.194021,50.050000,70.000000
-0.064570,0.776393,1.972741,0.335840,50.050000,70.000000
0.844648,-0.009051,-0.880445,0.039957,50.050000,70.000000
-0.113180,-0.214208,0.022505,-1.624513,50.050000,70.000000
-0.196892,0.832988,4.278370,2.078109,50.050000,70.000000
0.030700,-0.023167,0.033004,0.007723,50.050000,70.000000
0.639014,-0.096352,3.560649,-0.490571,50.050000,70.000000
0.604199,0.764273,-0.297476,-0.079755,50.050000,70.000000
-0.858558,0.222566,-3.982439,1.135072,50.050000,70.000000
0.659371,0.047514,-1.523111,-0.047249,50.050000,70.000000
0.570122,0.047241,-0.907862,0.036170,50.050000,70.000000
-0.019386,0.183669,-0.035062,0.071835,50.050000,70.000000
0.929994,0.407907,-0.240797,-0.176499,50.050000,70.000000
-0.302300,-0.762302,0.759401,-0.291722,50.050000,70.000000
-0.017962,0.105890,-0.013622,-0.134574,50.050000,70.000000
-0.299087,-0.763376,0.312859,0.136233,50.050000,70.000000
-0.053361,-0.834618,13.158097,41.498906,50.050000,70.000000
0.572233,-0.473385,0.543585,-0.251778,50.050000,70.000000
-0.185943,0.858040,-0.893893,1.757735,50.050000,70.000000
-0.923156,0.518475,-0.922532,0.519143,50.050000,70.000000
0.004591,-0.839082,-3.388473,0.920497,50.050000,70.000000
-0.450607,0.654026,-0.413741,0.439060,50.050000,70.000000
0.222396,-0.193466,0.052300,0.010910,50.050000,70.000000
0.419131,0.340497,0.407929,0.207402,50.050000,70.000000
0.735753,-0.201698,0.240540,0.603676,50.050000,70.000000
0.056906,0.414670,-0.518139,-1.117447,50.050000,70.000000
-0.643227,-0.710970,-0.570427,-0.536832,50.050000,70.000000
0.722041,-0.661241,-0.437254,-0.164184,50.050000,70.000000
0.527610,-0.463191,0.639824,-0.341091,50.050000,70.000000
-0.850817,0.325279,-0.270604,0.137844,50.050000,70.000000
0.969708,-0.116653,0.803696,-0.205277,50.050000,70.000000
-0.585430,0.674707,-0.407583,0.071902,50.050000,70.000000
-0.207011,0.759379,-1.917023,0.285928,50.050000,70.000000
0.876456,0.594643,0.867722,0.573178,50.050000,70.000000
0.171606,0.179133,2.152036,1.566920,50.050000,70.000000
0.683736,-0.451724,-0.417138,-0.123789,50.050000,70.000000
-0.117927,-0.002431,0.095479,-0.001712,50.050000,70.000000
-0.850227,0.227906,0.420674,-0.276715,50.050000,70.000000
0.417668,-0.258533,0.662899,0.074734,50.050000,70.000000
0.839991,-0.267468,0.024104,0.093330,50.050000,70.000000
0.661858,-0.158171,-0.103842,-0.089427,50.050000,70.000000
-0.385938,-0.456016,-11.464568,-9.805719,50.050000,70.000000
-0.254089,-0.477240,21.136501,-21.674166,50.050000,70.000000
-0.974850,-0.308941,0.549915,-0.440830,50.050000,70.000000
-0.372198,0.469775,1.696235,-0.090243,50.050000,70.000000
-0.492602,0.832085,-3.080168,0.880288,50.050000,70.000000
0.855699,-0.269789,0.758096,-0.523957,50.050000,70.000000
-0.345299,0.561154,-0.052714,0.240707,50.050000,70.000000
-0.692920,0.098269,-0.800860,-0.113732,50.050000,70.000000
-0.393524,0.048876,-0.138073,-0.004493,50.050000,70.000000
-0.541097,-0.220613,-0.252510,0.013342,50.050000,70.000000
0.148957,-0.482711,-0.631404,1.912982,50.050000,70.000000
-0.924953,0.313385,4.546201,2.231351,50.050000,70.000000
-0.934969,-0.019561,0.385706,-0.021633,50.050000,70.000000
-0.769752,0.777958,-0.592490,0.431815,50.050000,70.000000
-0.861319,-0.185284,0.820993,0.064952,50.050000,70.000000
-0.069150,-0.208189,-0.101647,0.098030,50.050000,70.000000
0.973159,-0.119563,0.826345,0.050252,50.050000,70.000000
0.510547,0.757884,0.501167,-0.077247,50.050000,70.000000
-0.246596,-0.545261,3.144641,4.114955,50.050000,70.000000
-0.204117,-0.594148,17.022617,16.110234,50.050000,70.000000
0.147746,-0.825714,-17.361802,3.165553,50.050000,70.000000
0.217704,0.955457,-0.513181,-1.255078,50.050000,70.000000
0.363624,-0.572095,0.363216,-8.010263,50.050000,70.000000
0.806817,0.177478,2.730080,-0.231174,50.050000,70.000000
0.868773,-0.540011,-0.772665,-0.587717,50.050000,70.000000
0.033360,0.676813,0.058055,-0.139071,50.050000,70.000000
-0.808594,-0.034059,0.796427,-0.042737,50.050000,70.000000
-0.430626,0.464529,-0.405859,0.291778,50.050000,70.000000
-0.662131,-0.427799,-0.581939,-0.359365,50.050000,70.000000
-0.022554,0.939001,1.244434,-0.903413,50.050000,70.000000
-0.211813,0.055737,0.215369,-0.055103,50.050000,70.000000
0.774193,-0.142554,2.442350,0.791563,50.050000,70.000000
0.087243,0.291075,-14.311273,7.310265,50.050000,70.000000
0.104525,0.756581,-20.822438,-19.509656,50.050000,70.000000
-0.150741,0.491720,0.171104,-0.112046,50.050000,70.000000
0.333126,0.845329,-1.199127,-2.836790,50.050000,70.000000
-0.551168,0.524040,0.464410,0.186929,50.050000,70.000000
-0.466461,0.182745,0.342254,0.089558,50.050000,70.000000
-0.603768,0.469076,-0.372687,0.135114,50.050000,70.000000
-0.234582,-0.626844,4.735963,-1.431632,50.050000,70.000000
0.634756,0.350785,-0.479264,0.346675,50.050000,70.000000
-0.359261,-0.095686,0.432468,-0.031089,50.050000,70.000000
-0.201072,0.574904,-0.129362,-0.023297,50.050000,70.000000
0.415836,0.950167,-0.977962,0.421639,50.050000,70.000000
-0.542976,0.202209,0.266275,-0.023825,50.050000,70.000000
0.530531,0.634143,0.487739,0.607933,50.050000,70.000000
0.049373,-0.183677,5.101347,0.150602,50.050000,70.000000
0.932606,0.314684,-0.564128,-0.035884,50.050000,70.000000
0.895264,0.700586,0.821370,0.639492,50.050000,70.000000
0.756342,-0.153366,0.359636,-0.096005,50.050000,70.000000
0.383805,0.614406,0.030993,0.098210,50.050000,70.000000
0.325660,-0.633863,0.929376,-0.370040,50.050000,70.000000
0.665294,-0.400443,-0.431174,-0.118008,50.050000,70.000000
-0.241673,0.193988,0.148211,0.063647,50.050000,70.000000
0.350691,0.064931,0.448671,-0.008846,50.050000,70.000000
-0.703178,-0.310275,-0.059126,0.088678,50.050000,70.000000
-0.794558,-0.136348,-2.699542,-1.519784,50.050000,70.000000
0.393837,-0.788272,-6.908691,-5.974453,50.050000,70.000000
-0.493073,0.916401,0.263033,-0.368781,50.050000,70.000000
-0.041683,-0.559921,0.350388,-7.551606,50.050000,70.000000
-0.592528,-0.615972,0.692499,-0.468166,50.050000,70.000000
-0.641482,0.608894,0.440330,0.142336,50.050000,70.000000
-0.314541,-0.487544,1.326194,-0.543940,50.050000,70.000000
-0.152367,-0.823812,20.593228,0.318891,50.050000,70.000000
0.197251,-0.805353,1.124186,1.623807,50.050000,70.000000
0.427594,0.574162,-0.671440,0.252923,50.050000,70.000000
-0.066910,-0.560410,-1.329290,-7.768955,50.050000,70.000000
-0.807664,-0.412203,0.493691,-0.429302,50.050000,70.000000
0.097548,-0.509682,0.318939,0.351864,50.050000,70.000000
-0.231704,-0.252494,10.853970,23.577279,50.050000,70.000000
0.337153,0.533374,-2.846155,2.381341,50.050000,70.000000
0.421751,0.363793,0.307067,0.687940,50.050000,70.000000
0.267907,0.713227,3.875044,1.743199,50.050000,70.000000
-0.785625,-0.005956,-1.516703,0.024147,50.050000,70.000000
-0.095968,-0.932942,-0.143583,0.901533,50.050000,70.000000
0.038966,0.904405,-8.872231,-28.059816,50.050000,70.000000
0.328505,-0.811319,0.358358,-0.353457,50.050000,70.000000
0.164400,-0.926700,0.191602,-0.486125,50.050000,70.000000
0.953137,-0.633374,-0.755912,-0.630383,50.050000,70.000000
0.883279,-0.724456,0.835730,-0.673096,50.050000,70.000000
0.059634,0.261212,0.140275,-0.168573,50.050000,70.000000
0.195129,-0.468975,3.484369,-13.820546,50.050000,70.000000
-0.068457,-0.560704,-3.560865,-0.909328,50.050000,70.000000
0.244834,0.922720,0.925398,0.121232,50.050000,70.000000
0.148280,0.140221,0.004045,0.097277,50.050000,70.000000
0.697028,0.946195,0.936291,0.802651,50.050000,70.000000
0.706656,0.771688,-0.444327,0.206500,50.050000,70.000000
-0.235570,0.772081,-7.898402,-21.447960,50.050000,70.000000
0.361605,-0.501706,5.804197,1.360093,50.050000,70.000000
-0.176893,0.957798,16.151766,-0.343248,50.050000,70.000000
-0.296254,0.852239,0.848457,0.429949,50.050000,70.000000
-0.413373,0.434406,-0.434112,-0.037496,50.050000,70.000000
-0.942445,0.333496,0.739755,0.261446,50.050000,70.000000
-0.934241,0.209000,1.995210,-0.051569,50.050000,70.000000
0.656542,0.492992,0.642022,0.494508,50.050000,70.000000
-0.285891,-0.966638,2.751437,-34.725408,50.050000,70.000000
-0.281778,0.157843,0.419247,0.047488,50.050000,70.000000
0.873701,0.287222,-0.811748,4.941349,50.050000,70.000000
-0.664018,-0.149076,-13.792305,0.086253,50.050000,70.000000
0.485265,-0.149337,0.040718,0.045643,50.050000,70.000000
0.096284,0.248299,-21.283791,-14.959832,50.050000,70.000000
-0.834771,0.006217,-0.950530,0.010933,50.050000,70.000000
0.495092,-0.991720,-0.920489,1.262071,50.050000,70.000000
0.156586,-0.251752,-8.904792,-16.973636,50.050000,70.000000
0.807972,-0.419638,0.769281,-0.494821,50.050000,70.000000
-0.856072,-0.004595,1.976294,0.404150,50.050000,70.000000
0.763620,0.163253,-0.371718,-0.102709,50.050000,70.000000
-0.200543,-0.526968,-5.651102,0.354199,50.050000,70.000000
-0.748237,0.376394,-0.733909,0.398745,50.050000,70.000000
0.055313,-0.349353,-9.190466,4.038067,50.050000,70.000000
0.425753,-0.365808,-3.615904,-1.048473,50.050000,70.000000
-0.141701,0.430567,-0.251033,0.744483,50.050000,70.000000
0.543103,-0.066330,-0.321399,-0.145513,50.050000,70.000000
-0.815844,0.103126,0.369202,-0.112162,50.050000,70.000000
-0.759170,0.624905,0.471933,0.322928,50.050000,70.000000
0.781016,0.537438,-0.196520,-0.013588,50.050000,70.000000
0.716887,0.722938,-0.238675,-0.044779,50.050000,70.000000
0.412503,0.938329,-4.269549,2.035141,50.050000,70.000000
0.499463,0.476271,0.515104,0.270609,50.050000,70.000000
0.679880,0.741760,-0.418599,0.181390,50.050000,70.000000
0.755069,0.436553,-0.627926,0.524330,50.050000,70.000000
-0.861724,-0.995571,-0.196477,0.114595,50.050000,70.000000
-0.569334,-0.802614,-0.689068,-1.099055,50.050000,70.000000
0.470563,0.747924,-1.005220,0.783041,50.050000,70.000000
0.357461,-0.149897,0.285686,0.067992,50.050000,70.000000
0.684997,0.742679,-0.503048,0.335247,50.050000,70.000000
0.209236,0.636078,9.621549,23.822159,50.050000,70.000000
0.564431,0.397128,0.493234,0.289481,50.050000,70.000000
0.535142,0.137567,-0.400487,0.070712,50.050000,70.000000
0.086989,0.026064,0.082184,0.027767,50.050000,70.000000
0.060726,0.613829,0.245580,0.089798,50.050000,70.000000
0.625267,0.854623,0.480365,0.453597,50.050000,70.000000
-0.351300,-0.306455,-2.160622,0.483301,50.050000,70.000000
-0.594084,-0.769507,0.924747,-0.452002,50.050000,70.000000
0.901124,-0.808391,-0.309022,0.016542,50.050000,70.000000
-0.633392,0.579851,-0.078499,-0.109947,50.050000,70.000000
-0.444503,-0.758708,-0.490096,-0.699952,50.050000,70.000000
0.395598,0.809334,0.179587,-0.694954,50.050000,70.000000
0.483371,0.011772,0.790302,0.190739,50.050000,70.000000
-0.145777,-0.076820,0.273847,-0.087506,50.050000,70.000000
0.879144,-0.227264,-18.127125,-0.390001,50.050000,70.000000
0.367476,0.170559,0.614308,-0.057144,50.050000,70.000000
0.585470,-0.000934,0.480139,-0.131951,50.050000,70.000000
0.295193,-0.697191,4.027221,1.723944,50.050000,70.000000
0.313401,-0.663175,-0.151848,-0.157795,50.050000,70.000000
0.024745,-0.108123,-0.904302,-0.436618,50.050000,70.000000
0.779739,-0.920698,0.743822,-0.793886,50.050000,70.000000
-0.170661,-0.303718,0.033690,-0.124912,50.050000,70.000000
-0.594301,-0.421259,-0.541397,-0.343321,50.050000,70.000000
-0.104672,0.770694,-7.451368,-12.154072,50.050000,70.000000
-0.950347,-0.482057,0.874099,-0.520692,50.050000,70.000000
0.074993,0.411545,12.199144,-0.959728,50.050000,70.000000
0.834166,-0.176443,3.034340,1.511979,50.050000,70.000000
0.516896,-0.523576,-0.695407,-0.375416,50.050000,70.000000
0.252681,0.816545,3.617655,-0.971114,50.050000,70.000000
-0.329340,0.787670,3.938164,-0.088794,50.050000,70.000000
0.376067,0.552546,-4.360480,-0.787945,50.050000,70.000000
0.642577,-0.209914,0.178631,-0.021183,50.050000,70.000000
-0.025465,0.017071,0.027797,-0.004710,50.050000,70.000000
0.912905,-0.808825,0.342153,-0.024243,50.050000,70.000000
0.078051,-0.194567,7.138306,-13.756825,50.050000,70.000000
-0.080167,0.629134,13.191260,-8.671354,50.050000,70.000000
-0.142794,0.060372,-0.100693,-0.051443,50.050000,70.000000
0.679093,-0.479482,0.621090,-0.457696,50.050000,70.000000
-0.661197,-0.746338,0.483608,-0.366689,50.050000,70.000000
0.297415,0.654923,-6.937035,0.695857,50.050000,70.000000
-0.701982,-0.213677,-15.034442,-5.221652,50.050000,70.000000
0.727063,-0.256384,0.297222,-0.100136,50.050000,70.000000
0.954490,0.120558,-2.308379,0.341098,50.050000,70.000000
0.219335,0.364185,13.876745,7.216586,50.050000,70.000000
0.851480,0.826765,-0.624676,0.545772,50.050000,70.000000
-0.566174,0.319619,0.547758,0.325177,50.050000,70.000000
-0.164788,0.410434,0.853159,-0.348989,50.050000,70.000000
0.158304,0.619693,5.654580,-28.263715,50.050000,70.000000
-0.817719,0.591518,-0.224790,-0.083693,50.050000,70.000000
-0.354007,0.203149,-0.012350,0.052950,50.050000,70.000000
0.326148,-0.435710,1.153435,-0.684937,50.050000,70.000000
-0.975475,-0.803022,-0.691806,-0.793277,50.050000,70.000000
-0.393883,0.006246,-0.231322,-0.126469,50.050000,70.000000
0.974206,-0.511406,0.900303,-0.472183,50.050000,70.000000
0.803201,-0.607976,-0.535403,-0.429510,50.050000,70.000000
-0.247288,-0.176169,0.312886,0.101849,50.050000,70.000000
-0.878757,0.735642,0.451212,0.334774,50.050000,70.000000
-0.069007,0.192957,-0.218364,-0.996775,50.050000,70.000000
-0.970363,-0.895503,0.490254,-1.008044,50.050000,70.000000
-0.711679,0.811856,-0.228259,-0.048111,50.050000,70.000000
0.869687,0.837083,0.415707,0.061205,50.050000,70.000000
0.848748,0.901755,0.806614,0.642072,50.050000,70.000000
-0.202393,0.378664,-2.599263,1.786133,50.050000,70.000000
0.199487,0.785575,16.949599,-21.732390,50.050000,70.000000
-0.843722,-0.435540,0.561974,-0.123415,50.050000,70.000000
-0.114467,0.150811,0.111854,0.577550,50.050000,70.000000
0.687698,0.148472,-0.180027,0.026810,50.050000,70.000000
-0.634485,0.208748,-0.478104,0.141120,50.050000,70.000000
0.433104,-0.822077,0.400732,-0.312704,50.050000,70.000000
-0.653171,0.158871,0.325014,0.260406,50.050000,70.000000
0.140690,0.584615,-12.388674,18.869135,50.050000,70.000000
-0.377083,0.373681,-0.378028,0.149120,50.050000,70.000000
0.464944,0.307173,-0.215590,0.021124,50.050000,70.000000
0.657164,0.960808,0.911363,0.750265,50.050000,70.000000
0.294977,-0.314570,0.435820,0.254679,50.050000,70.000000
-0.978430,-0.465514,0.617275,-0.260455,50.050000,70.000000
0.099170,0.743676,-19.118709,-4.308930,50.050000,70.000000
0.967982,0.869509,-0.189703,-0.099494,50.050000,70.000000
-0.158257,0.180318,1.595693,-8.392579,50.050000,70.000000
0.610423,-0.615483,-0.751037,-0.520788,50.050000,70.000000
-0.429508,-0.736141,0.615671,-1.002585,50.050000,70.000000
-0.318121,-0.663621,1.204041,0.382620,50.050000,70.000000
0.526833,0.481627,-0.586855,0.279257,50.050000,70.000000
0.701706,-0.423885,-0.577939,-0.504487,50.050000,70.000000
-0.232654,-0.210915,-0.538289,-0.039223,50.050000,70.000000
-0.842062,-0.543690,0.650444,-0.267638,50.050000,70.000000
0.201051,-0.933790,27.156953,6.081967,50.050000,70.000000
-0.212649,0.012178,0.192167,0.000272,50.050000,70.000000
0.682527,-0.776648,-0.588813,-0.357013,50.050000,70.000000
0.877021,0.087935,0.253091,0.089837,50.050000,70.000000
-0.069830,0.367691,-0.367949,-1.563815,50.050000,70.000000
-0.210043,-0.185949,1.633628,-0.085104,50.050000,70.000000
0.747579,0.552502,-0.485476,0.372795,50.050000,70.000000
-0.095043,0.616629,-0.087515,-0.066262,50.050000,70.000000
-0.315871,-0.840562,1.234814,-0.384380,50.050000,70.000000
0.666313,0.725782,0.664552,0.642620,50.050000,70.000000
0.217062,0.163598,-0.280157,-0.881587,50.050000,70.000000
-0.407825,-0.306923,1.020594,-0.287443,50.050000,70.000000
-0.446593,0.106138,0.189074,0.013446,50.050000,70.000000
-0.142847,-0.831755,-3.405666,15.507230,50.050000,70.000000
0.686623,0.069841,3.745718,0.828324,50.050000,70.000000
-0.189735,-0.883731,-13.549868,-2.896340,50.050000,70.000000
-0.860234,0.039121,11.793921,-0.327364,50.050000,70.000000
-0.491058,0.789021,0.067620,-0.156095,50.050000,70.000000
-0.916146,0.341803,0.880345,-0.235272,50.050000,70.000000
0.682238,0.380755,-0.542247,0.460514,50.050000,70.000000
-0.655544,0.272406,-0.614626,0.311578,50.050000,70.000000
0.326442,0.508474,-0.175105,-0.130466,50.050000,70.000000
-0.082420,0.769589,-7.831422,-20.673950,50.050000,70.000000
0.488557,-0.815795,-0.629816,-0.214958,50.050000,70.000000
0.936822,-0.827826,0.932846,-0.822923,50.050000,70.000000
0.726247,0.027669,-0.309574,0.080882,50.050000,70.000000
-0.965364,-0.874748,0.477923,-1.101446,50.050000,70.000000
0.103635,-0.202397,-0.063675,-0.152669,50.050000,70.000000
0.308665,-0.274490,-0.082351,-0.655879,50.050000,70.000000
0.651573,0.989498,-0.023651,-0.155188,50.050000,70.000000
0.494289,-0.485430,0.475502,-0.122565,50.050000,70.000000
-0.616236,0.921671,-0.793768,0.487010,50.050000,70.000000
0.521418,-0.527746,-0.305533,-0.039615,50.050000,70.000000
0.166167,0.773072,6.311938,2.488408,50.050000,70.000000
-0.976133,0.133873,-0.762833,-0.067930,50.050000,70.000000
-0.001993,0.502161,-9.204104,9.763761,50.050000,70.000000
-0.175476,0.770340,-0.774523,0.168651,50.050000,70.000000
-0.895899,0.627971,0.126340,-0.311387,50.050000,70.000000
0.312617,0.162025,-1.227747,0.149654,50.050000,70.000000
-0.846286,0.470969,-0.737959,0.336788,50.050000,70.000000
-0.431239,0.170584,0.408099,0.159948,50.050000,70.000000
-0.999497,-0.552029,2.565593,8.444826,50.050000,70.000000
0.045429,-0.480695,10.033102,-14.947242,50.050000,70.000000
0.960001,0.742476,-0.820712,0.786697,50.050000,70.000000
0.800743,0.087813,-0.352955,0.045825,50.050000,70.000000
-0.131859,-0.156426,-1.028162,-0.369655,50.050000,70.000000
0.944508,0.346492,2.028765,0.188674,50.050000,70.000000
-0.501997,0.937762,-4.802986,-4.103867,50.050000,70.000000
0.965834,0.771946,-0.594062,0.271026,50.050000,70.000000
0.101491,-0.247242,0.677625,-0.627557,50.050000,70.000000
0.606953,-0.944600,0.776601,-0.385150,50.050000,70.000000
0.115391,-0.619507,-0.198478,-0.473024,50.050000,70.000000
-0.051733,0.523739,-0.372013,0.979567,50.050000,70.000000
0.482885,-0.150380,0.302656,-0.091700,50.050000,70.000000
0.568817,0.110241,-0.048574,-0.098636,50.050000,70.000000
0.821960,0.689770,-0.756187,0.691735,50.050000,70.000000
0.956218,-0.847870,0.816389,-0.447150,50.050000,70.000000
-0.143211,-0.939767,27.223564,16.953087,50.050000,70.000000
-0.664756,-0.547813,-0.663155,-0.539859,50.050000,70.000000
0.901306,0.253503,0.540658,-0.262161,50.050000,70.000000
0.632388,0.538843,-0.682684,0.496423,50.050000,70.000000
0.329309,0.702050,0.385826,8.049325,50.050000,70.000000
-0.639854,-0.019553,-0.396371,0.123398,50.050000,70.000000
-0.631178,-0.213965,0.442794,-0.194164,50.050000,70.000000
-0.113484,0.673952,0.277604,-0.301101,50.050000,70.000000
-0.892445,0.683164,-4.730149,1.034129,50.050000,70.000000
-0.054866,-0.140886,0.031216,-0.051720,50.050000,70.000000
0.132708,0.430299,0.197695,1.480488,50.050000,70.000000
0.041188,0.241023,0.318671,0.938101,50.050000,70.000000
0.868301,-0.460359,0.570520,-0.349483,50.050000,70.000000
0.739457,0.045909,0.384751,-0.061078,50.050000,70.000000
-0.411301,-0.740458,-0.135003,0.109107,50.050000,70.000000
-0.878864,0.936563,-0.384002,-0.157201,50.050000,70.000000
0.813481,0.175123,-0.543908,0.057687,50.050000,70.000000
-0.710789,-0.231435,0.071605,0.117090,50.050000,70.000000
0.264323,0.477749,0.129225,1.149295,50.050000,70.000000
-0.478238,0.255087,0.445525,0.159240,50.050000,70.000000
-0.746014,-0.254806,-0.915380,0.171759,50.050000,70.000000
-0.521506,-0.949309,-1.704062,-0.751123,50.050000,70.000000
0.970152,-0.654319,0.916727,-0.647475,50.050000,70.000000
0.854035,-0.229055,1.604626,6.627379,50.050000,70.000000
0.272676,0.861510,9.647791,-0.665303,50.050000,70.000000
-0.604809,0.977579,0.392008,-0.007552,50.050000,70.000000
0.175034,-0.208052,-0.831236,-0.864112,50.050000,70.000000
-0.725685,-0.589866,-0.665569,-0.617011,50.050000,70.000000
0.121010,-0.178427,-0.179174,0.090907,50.050000,70.000000
-0.826849,-0.851542,-0.503509,-0.274711,50.050000,70.000000
0.136210,-0.716906,24.254134,-5.191078,50.050000,70.000000
0.952769,-0.812293,0.930963,-0.778460,50.050000,70.000000
-0.200460,0.873671,-0.243598,1.837046,50.050000,70.000000
-0.219520,0.527275,-1.104354,-0.884397,50.050000,70.000000
-0.082477,-0.193477,8.164435,0.309045,50.050000,70.000000
0.237575,0.926888,-8.618074,6.615842,50.050000,70.000000
0.203489,0.032541,0.125660,-0.022525,50.050000,70.000000
0.922532,0.999465,0.898318,0.785462,50.050000,70.000000
0.015766,0.985328,-4.692036,-16.782585,50.050000,70.000000
0.404018,0.332959,1.072990,0.219607,50.050000,70.000000
0.046416,0.115810,-0.589357,-0.457047,50.050000,70.000000
0.415084,0.321459,-0.456148,0.210728,50.050000,70.000000
0.766698,-0.101738,1.018398,1.549438,50.050000,70.000000
0.091158,0.092183,-0.083408,-0.092990,50.050000,70.000000
-0.683278,0.153153,1.098566,0.280948,50.050000,70.000000
0.036820,0.841262,-10.177094,-1.346259,50.050000,70.000000
-0.908555,-0.086672,-1.945041,0.444140,50.050000,70.000000
-0.695790,-0.145506,4.498001,10.152623,50.050000,70.000000
0.480537,0.385482,0.341862,0.083517,50.050000,70.000000
0.796692,0.008496,1.004765,-0.012403,50.050000,70.000000
0.795042,0.271343,0.803467,-0.046148,50.050000,70.000000
0.455444,0.650743,-0.487008,0.524388,50.050000,70.000000
-0.965701,-0.535749,-0.602918,-0.335860,50.050000,70.000000
-0.335436,0.333531,-5.948663,-3.117055,50.050000,70.000000
-0.339359,0.396276,-1.922084,-0.230001,50.050000,70.000000
0.217082,0.489519,-0.473049,-0.082493,50.050000,70.000000
-0.648175,0.121115,0.063114,0.080443,50.050000,70.000000
-0.420499,0.664973,-5.425860,-4.643143,50.050000,70.000000
0.193508,0.294242,-0.236562,-0.829739,50.050000,70.000000
-0.671108,0.689365,-0.521298,0.454205,50.050000,70.000000
0.161223,-0.323216,0.171494,-0.159088,50.050000,70.000000
-0.284836,0.759995,-12.856756,-15.307061,50.050000,70.000000
-0.770087,-0.854649,0.673619,-0.561134,50.050000,70.000000
-0.081294,-0.313247,0.397769,0.039578,50.050000,70.000000
-0.734495,-0.657885,-0.309676,-0.009653,50.050000,70.000000
0.922595,0.058326,5.423235,0.072382,50.050000,70.000000
0.289275,-0.148211,-0.141916,0.070795,50.050000,70.000000
-0.985033,0.543578,-0.086149,0.092799,50.050000,70.000000
-0.089429,0.970116,-4.193634,5.402759,50.050000,70.000000
0.738088,-0.950609,0.402918,-0.246980,50.050000,70.000000
-0.892638,-0.571666,-4.012398,1.555015,50.050000,70.000000
0.009801,0.717720,-0.468526,-1.963586,50.050000,70.000000
0.715844,-0.808396,0.709200,-0.740124,50.050000,70.000000
-0.705222,-0.673969,-0.322635,-0.054669,50.050000,70.000000
0.609850,-0.249619,0.014392,0.115259,50.050000,70.000000
0.657893,-0.798078,0.337382,-0.071352,50.050000,70.000000
0.707883,-0.608599,0.713028,-0.598332,50.050000,70.000000
-0.728190,-0.688219,-0.720176,-0.654696,50.050000,70.000000
-0.902923,0.569273,-0.563790,0.276510,50.050000,70.000000
-0.232471,0.867729,-1.844934,-0.788043,50.050000,70.000000
-0.085416,0.410691,0.148995,0.818518,50.050000,70.000000
0.486146,0.648856,-0.105883,-0.921817,50.050000,70.000000
-0.675441,-0.141231,3.209526,1.497411,50.050000,70.000000
0.338472,0.691923,0.799961,-0.284542,50.050000,70.000000
-0.847889,-0.466847,-0.420209,-0.009219,50.050000,70.000000
-0.290382,-0.456039,29.918800,2.511975,50.050000,70.000000
-0.648069,-0.089495,-4.366129,0.956810,50.050000,70.000000
-0.146770,-0.756582,-14.860845,18.852704,50.050000,70.000000
0.125071,0.064335,0.041841,0.044164,50.050000,70.000000
-0.718583,0.782238,-0.723801,0.778647,50.050000,70.000000
-0.925371,-0.710171,-0.226810,0.096332,50.050000,70.000000
0.160120,-0.859016,1.449037,-0.370355,50.050000,70.000000
0.511557,-0.261775,-0.499333,-0.251850,50.050000,70.000000
0.347768,0.941144,-2.693774,5.645522,50.050000,70.000000
-0.201092,0.252693,0.105274,-0.322002,50.050000,70.000000
-0.994902,0.679052,-1.734653,-0.441486,50.050000,70.000000
0.831093,0.175045,2.261596,1.095093,50.050000,70.000000
-0.019170,-0.192706,-13.223676,31.777310,50.050000,70.000000
-0.811020,-0.816706,0.851268,-0.802082,50.050000,70.000000
-0.373920,-0.465846,-6.773921,0.473883,50.050000,70.000000
0.523226,-0.142713,-0.274845,-0.063758,50.050000,70.000000
-0.577448,0.831120,-2.717896,0.427943,50.050000,70.000000
0.626846,-0.605736,-0.733265,-0.519411,50.050000,70.000000
-0.608666,0.143795,0.314129,0.156358,50.050000,70.000000
0.770376,-0.298011,0.253543,-0.041246,50.050000,70.000000
-0.674241,0.025601,1.125450,0.119559,50.050000,70.000000
0.280203,-0.625951,1.506654,0.455274,50.050000,70.000000
-0.360951,-0.504828,-0.473027,-0.025238,50.050000,70.000000
-0.638236,-0.829870,-0.635106,-0.811358,50.050000,70.000000
0.377063,-0.696864,0.683265,1.274532,50.050000,70.000000
-0.186367,-0.273348,-0.251226,-0.517305,50.050000,70.000000
-0.155712,0.948891,-9.982328,-11.423923,50.050000,70.000000
0.004382,-0.345812,-2.610666,4.993774,50.050000,70.000000
-0.061189,-0.400268,0.038246,-0.017950,50.050000,70.000000
0.692385,0.921536,0.912902,0.602155,50.050000,70.000000
0.252350,-0.752512,0.589612,-0.123837,50.050000,70.000000
0.537525,0.174924,0.651106,0.243611,50.050000,70.000000
-0.050207,0.172817,-0.014143,0.088838,50.050000,70.000000
0.540606,-0.029741,3.790338,0.271500,50.050000,70.000000
0.134765,0.997791,3.516217,0.522034,50.050000,70.000000
-0.119217,0.316883,-11.855538,-27.185237,50.050000,70.000000
-0.146319,0.808308,-0.021602,0.173472,50.050000,70.000000
-0.764288,0.612716,0.647682,0.598439,50.050000,70.000000
-0.087567,0.266248,4.207660,3.698077,50.050000,70.000000
0.834542,0.145416,5.778523,1.487485,50.050000,70.000000
0.006798,0.253901,-0.088921,-0.173352,50.050000,70.000000
-0.682156,-0.988694,1.125788,-0.475473,50.050000,70.000000
-0.981155,-0.264958,30.211926,0.201148,50.050000,70.000000
0.855223,-0.265490,1.097989,-0.189789,50.050000,70.000000
-0.085026,0.962207,15.814279,-23.839623,50.050000,70.000000
-0.179097,-0.091092,0.010657,-0.022482,50.050000,70.000000
-0.980807,-0.424655,0.177775,0.065938,50.050000,70.000000
0.825020,0.116513,-0.502389,0.117964,50.050000,70.000000
0.237519,-0.011150,-0.230871,-0.009955,50.050000,70.000000
0.610353,0.201044,-0.314664,-0.032375,50.050000,70.000000
0.952320,-0.350542,-0.154531,-0.015832,50.050000,70.000000
0.443530,0.405807,-0.476153,0.244415,50.050000,70.000000
0.394513,0.582941,0.573740,0.234097,50.050000,70.000000
-0.505320,-0.909190,-0.312406,-0.996800,50.050000,70.000000
-0.753606,0.138936,1.534272,0.051035,50.050000,70.000000
-0.908181,0.200532,2.649148,1.496832,50.050000,70.000000
0.344786,0.811605,-1.197062,0.627135,50.050000,70.000000
0.642916,-0.513084,0.250878,0.007424,50.050000,70.000000
0.593600,0.642307,-0.130170,-0.124546,50.050000,70.000000
-0.738768,-0.471178,0.532591,-0.426866,50.050000,70.000000
0.907698,-0.324335,-0.142622,-0.452050,50.050000,70.000000
0.904971,-0.158465,-0.493233,0.044570,50.050000,70.000000
0.685547,-0.010419,0.602725,-0.024219,50.050000,70.000000
0.895154,0.857883,0.891932,0.857245,50.050000,70.000000
0.447200,0.084734,0.436534,0.184149,50.050000,70.000000
0.127544,-0.366108,-0.548961,0.270654,50.050000,70.000000
0.823157,0.805339,-0.698046,0.662256,50.050000,70.000000
-0.674563,0.619396,-0.690690,0.570166,50.050000,70.000000
0.185363,-0.603153,-0.066931,-0.240397,50.050000,70.000000
0.804720,0.936120,0.331993,-0.024174,50.050000,70.000000
-0.637457,0.254677,-0.505863,0.309018,50.050000,70.000000
0.354322,-0.916531,1.553051,0.311820,50.050000,70.000000
-0.128710,0.763589,-25.385141,-10.275312,50.050000,70.000000
-0.364213,0.678687,-6.463301,-1.637765,50.050000,70.000000
0.696738,0.067472,4.667582,0.378270,50.050000,70.000000
-0.004339,-0.918008,-0.409531,-0.125492,50.050000,70.000000
-0.968307,-0.340705,0.033487,-0.762648,50.050000,70.000000
-0.226376,-0.704116,13.921101,-22.987055,50.050000,70.000000
-0.075447,-0.042709,0.080091,-0.047365,50.050000,70.000000
0.193203,-0.837806,8.231010,-1.100216,50.050000,70.000000
-0.997229,-0.433400,-0.393727,-0.620458,50.050000,70.000000
-0.158984,-0.045942,0.124260,-0.023871,50.050000,70.000000
-0.143760,-0.182553,0.145258,0.074190,50.050000,70.000000
-0.161797,0.678781,-0.348670,-0.537527,50.050000,70.000000
0.268507,0.801464,31.289474,-2.055264,50.050000,70.000000
0.212518,-0.212014,-11.309945,24.208423,50.050000,70.000000
0.675982,-0.767315,-0.711308,-0.706772,50.050000,70.000000
-0.256102,-0.303027,-0.371415,0.315573,50.050000,70.000000
-0.978263,0.331583,-0.341662,0.191657,50.050000,70.000000
0.915425,-0.447803,0.782418,-0.621993,50.050000,70.000000
-0.226770,0.683557,-0.370837,1.134233,50.050000,70.000000
0.541182,-0.356114,0.033152,0.093384,50.050000,70.000000
0.787044,-0.155816,0.889008,0.126638,50.050000,70.000000
-0.796656,0.605342,0.115223,-0.064163,50.050000,70.000000
-0.023242,-0.634712,6.591573,34.376833,50.050000,70.000000
0.391703,-0.650778,-1.000688,-0.035317,50.050000,70.000000
0.372603,0.339088,0.201163,0.186290,50.050000,70.000000
-0.947091,0.242171,0.698748,-0.014373,50.050000,70.000000
0.172573,0.438665,-10.817197,24.601035,50.050000,70.000000
0.647812,-0.215493,0.679493,-0.300783,50.050000,70.000000
0.207948,0.981845,1.968211,1.001533,50.050000,70.000000
-0.133937,0.923519,-3.127847,10.828674,50.050000,70.000000
-0.409367,-0.237922,-0.615382,0.122682,50.050000,70.000000
-0.758519,-0.429417,0.198308,0.091871,50.050000,70.000000
0.796153,0.939268,0.330754,-0.023554,50.050000,70.000000
0.279991,-0.198438,0.190533,0.117041,50.050000,70.000000
0.847971,-0.155039,-15.353236,-0.663464,50.050000,70.000000
0.253345,-0.025197,0.190313,0.003692,50.050000,70.000000
0.515199,0.941262,-0.614327,-0.706914,50.050000,70.000000
-0.205947,0.654873,17.508798,13.534647,50.050000,70.000000
0.447464,0.522583,-0.475802,0.017267,50.050000,70.000000
-0.948143,0.564579,2.431195,1.259531,50.050000,70.000000
0.876663,0.074106,2.406750,-0.147305,50.050000,70.000000
-0.495466,0.704485,0.499391,0.445025,50.050000,70.000000
0.276687,0.272220,-0.011530,-0.076566,50.050000,70.000000
-0.804951,-0.812865,0.831328,-0.776885,50.050000,70.000000
0.183327,-0.817394,4.468877,0.159375,50.050000,70.000000
0.054731,-0.137918,-0.707004,1.345400,50.050000,70.000000
0.009518,-0.031963,-0.007852,0.000814,50.050000,70.000000
0.799900,-0.077540,1.290655,-0.110671,50.050000,70.000000
0.785416,0.479456,0.372241,0.235547,50.050000,70.000000
0.220933,-0.780396,-3.073055,0.976666,50.050000,70.000000
-0.119210,0.440555,-0.859688,0.641317,50.050000,70.000000
0.413809,0.883610,0.328589,1.067726,50.050000,70.000000
0.825097,-0.599399,-0.289449,-0.077145,50.050000,70.000000
-0.094504,-0.334726,0.305743,-26.346008,50.050000,70.000000
0.254798,0.387221,-0.141077,-0.123370,50.050000,70.000000
0.023940,0.353730,-13.696461,20.860593,50.050000,70.000000
-0.864644,-0.074295,-0.114413,-0.019239,50.050000,70.000000
-0.672664,0.535799,-0.630886,0.510913,50.050000,70.000000
-0.822322,-0.762922,-0.649620,-0.494817,50.050000,70.000000
-0.438288,-0.303679,0.305919,-0.227884,50.050000,70.000000
0.061940,-0.977723,1.560385,-12.300606,50.050000,70.000000
-0.598406,0.584256,-0.705117,0.471837,50.050000,70.000000
-0.417490,-0.754283,0.223630,0.828432,50.050000,70.000000
0.766063,-0.781946,0.767041,-0.768518,50.050000,70.000000
-0.162205,-0.177119,-2.144389,23.179149,50.050000,70.000000
-0.833906,0.539222,0.741686,0.507543,50.050000,70.000000
0.696953,-0.311987,0.048849,0.128179,50.050000,70.000000
0.428759,0.148882,0.419661,0.128776,50.050000,70.000000
0.251922,0.045460,-0.186553,0.002835,50.050000,70.000000
0.044893,0.511702,0.976696,1.475080,50.050000,70.000000
0.173494,-0.090998,0.084769,-0.082456,50.050000,70.000000
0.604408,0.291258,-0.417157,0.264802,50.050000,70.000000
-0.828180,0.783434,0.849168,0.761995,50.050000,70.000000
-0.824077,-0.265877,0.631194,-0.482453,50.050000,70.000000
-0.596722,0.891717,0.864021,0.742368,50.050000,70.000000
-0.919270,-0.173855,0.486504,0.269856,50.050000,70.000000
0.022321,-0.846864,-0.337466,-0.325989,50.050000,70.000000
0.763438,-0.905216,0.816679,-0.836961,50.050000,70.000000
0.041935,0.805570,-8.377980,-13.349622,50.050000,70.000000
-0.788160,-0.608844,0.570258,-0.532566,50.050000,70.000000
-0.834952,0.962057,0.431059,0.268776,50.050000,70.000000
-0.706060,-0.749052,0.751163,-0.710568,50.050000,70.000000
0.683973,-0.461950,0.489027,-0.331616,50.050000,70.000000
0.004939,-0.987650,-0.880011,30.381456,50.050000,70.000000
0.565925,-0.493203,0.514950,-0.320568,50.050000,70.000000
0.745429,0.428189,0.579762,0.511908,50.050000,70.000000
0.568545,-0.469922,-0.377120,-0.183897,50.050000,70.000000
0.014508,-0.168096,-1.008475,1.054388,50.050000,70.000000
0.808713,0.043918,-3.062939,-0.044800,50.050000,70.000000
0.123848,-0.484157,3.329509,-6.425195,50.050000,70.000000
0.767909,0.250970,-0.751235,0.319770,50.050000,70.000000
0.055358,0.400711,-0.356546,1.045072,50.050000,70.000000
0.744293,-0.662940,0.574782,-0.366375,50.050000,70.000000
-0.030358,-0.222934,0.054417,0.075414,50.050000,70.000000
-0.846398,0.595598,-0.209427,-0.094348,50.050000,70.000000
0.220891,0.512069,0.105260,-0.169993,50.050000,70.000000
0.338591,0.697008,-0.613581,-1.180491,50.050000,70.000000
0.607282,0.594279,0.628920,0.321374,50.050000,70.000000
0.038816,0.379117,3.040074,2.295124,50.050000,70.000000
-0.180368,0.553000,19.135408,9.670232,50.050000,70.000000
0.278233,0.265408,-3.574400,1.263903,50.050000,70.000000
0.706239,-0.237420,0.145113,-0.100341,50.050000,70.000000
-0.321724,0.780051,-0.639116,0.522975,50.050000,70.000000
0.311058,-0.053119,0.618861,-0.181207,50.050000,70.000000
-0.769148,0.928587,0.596649,0.266846,50.050000,70.000000
0.756072,-0.705714,-0.500331,-0.285961,50.050000,70.000000
-0.938348,-0.822144,-0.972766,-0.774892,50.050000,70.000000
0.220724,-0.287314,2.202734,0.454515,50.050000,70.000000
-0.886699,-0.748267,0.620792,-0.362912,50.050000,70.000000
-0.123805,-0.787803,0.123996,-0.141566,50.050000,70.000000
-0.596705,-0.821478,-0.566266,-0.370849,50.050000,70.000000
-0.585486,-0.261218,-0.525496,-0.271422,50.050000,70.000000
-0.284944,0.941319,3.938412,2.867465,50.050000,70.000000
0.741780,-0.908210,0.791052,-0.754645,50.050000,70.000000
-0.281650,0.301658,-11.108371,13.355286,50.050000,70.000000
-0.032296,-0.791712,-0.124069,1.298391,50.050000,70.000000
-0.302581,0.518131,0.385968,-0.295393,50.050000,70.000000
0.223502,0.406026,-7.278961,23.269250,50.050000,70.000000
0.077258,0.478379,2.491518,1.354488,50.050000,70.000000
0.112671,-0.337712,0.593423,-0.159492,50.050000,70.000000
0.066561,0.697817,0.270123,0.053993,50.050000,70.000000
0.218246,0.066243,-0.179191,-0.069491,50.050000,70.000000
-0.655670,0.161947,0.562238,0.159037,50.050000,70.000000
-0.153509,-0.022709,-0.130450,-0.015934,50.050000,70.000000
0.323006,0.756349,0.742008,0.465164,50.050000,70.000000
-0.045628,-0.867003,0.138970,-1.841705,50.050000,70.000000
0.277272,0.103376,0.075868,-0.043532,50.050000,70.000000
-0.560073,0.857453,0.003617,0.747382,50.050000,70.000000
-0.784256,-0.989981,0.881586,-0.892676,50.050000,70.000000
-0.611690,-0.666903,-0.425071,-0.101166,50.050000,70.000000
-0.645470,-0.417400,0.175899,0.074923,50.050000,70.000000
0.758679,-0.874884,-0.302951,-0.013512,50.050000,70.000000
-0.183480,0.246698,1.008964,2.655015,50.050000,70.000000
0.254149,-0.519842,-0.751515,-0.732629,50.050000,70.000000
-0.983750,0.108559,-0.939392,-0.062208,50.050000,70.000000
0.552003,-0.479370,-0.538019,-0.349165,50.050000,70.000000
-0.763506,-0.252696,0.445186,-0.060075,50.050000,70.000000
0.942309,-0.612989,-0.710191,0.283748,50.050000,70.000000
-0.498858,-0.303931,0.496026,-0.251366,50.050000,70.000000
-0.176665,0.786974,-0.100180,-9.651887,50.050000,70.000000
0.671199,0.845808,0.295404,0.043171,50.050000,70.000000
-0.497928,-0.670415,0.609735,-0.561213,50.050000,70.000000
0.342813,-0.335307,0.488435,0.270354,50.050000,70.000000
0.490322,0.844298,-0.594075,0.498657,50.050000,70.000000
0.110967,-0.979563,0.144954,-0.378862,50.050000,70.000000
0.484805,0.124393,-0.923940,0.536040,50.050000,70.000000
0.676451,-0.881825,-0.652854,-0.854311,50.050000,70.000000
-0.831507,0.861772,-0.762129,0.880142,50.050000,70.000000
-0.203243,0.092707,0.113466,-0.039555,50.050000,70.000000
0.119447,-0.456558,0.133887,0.251483,50.050000,70.000000
0.634170,0.494443,0.466543,0.212798,50.050000,70.000000
0.107259,0.696069,1.247045,-1.148149,50.050000,70.000000
0.830386,0.302521,0.662891,0.287146,50.050000,70.000000
0.471595,0.089577,0.408698,0.112079,50.050000,70.000000
-0.474647,0.611812,-0.571546,0.257280,50.050000,70.000000
0.730013,-0.678197,0.704297,-0.600187,50.050000,70.000000
-0.463616,0.002597,-0.734308,-0.011557,50.050000,70.000000
-0.353661,0.014588,0.311202,0.058352,50.050000,70.000000
-0.815418,-0.726135,-0.590305,-0.344011,50.050000,70.000000
-0.154615,-0.621951,-13.675869,-2.093000,50.050000,70.000000
0.874088,0.797837,-0.772522,0.815202,50.050000,70.000000
-0.745742,0.317563,0.253315,0.145978,50.050000,70.000000
-0.725690,-0.674344,-0.666753,-0.562327,50.050000,70.000000
0.302125,-0.182275,0.131559,0.048083,50.050000,70.000000
0.503627,0.458898,-0.583790,0.283285,50.050000,70.000000
0.690753,-0.516494,-0.304069,-0.023084,50.050000,70.000000
-0.712985,0.862303,0.686131,0.597168,50.050000,70.000000
0.724422,-0.647754,-0.695457,-0.599028,50.050000,70.000000
-0.799840,-0.912671,-0.699702,-0.679752,50.050000,70.000000
0.746162,0.741635,-0.687272,0.668083,50.050000,70.000000
0.653688,0.540436,-0.316376,0.049867,50.050000,70.000000
-0.890733,-0.555993,-0.964344,-0.509483,50.050000,70.000000
-0.572580,0.655857,-0.566289,0.461154,50.050000,70.000000
0.991109,-0.428555,0.776901,-0.331056,50.050000,70.000000
-0.727506,0.807543,0.041119,-0.156833,50.050000,70.000000
0.377191,-0.553221,-16.700238,-12.281151,50.050000,70.000000
0.013805,0.024401,-0.015301,0.009454,50.050000,70.000000
0.115422,-0.104782,0.170691,-0.085418,50.050000,70.000000
0.925518,-0.825431,0.860961,-0.767562,50.050000,70.000000
0.984761,0.885290,-0.705382,0.830885,50.050000,70.000000
-0.923416,0.140560,0.317836,0.029205,50.050000,70.000000
0.396659,0.655789,-2.627730,0.205137,50.050000,70.000000
-0.161402,-0.683237,-0.117266,-0.154765,50.050000,70.000000
0.832748,-0.010884,-1.023053,0.011940,50.050000,70.000000
-0.926190,-0.483000,0.742485,-0.343781,50.050000,70.000000
0.223621,0.406195,4.317701,7.351150,50.050000,70.000000
0.926698,-0.980638,0.607027,-0.296929,50.050000,70.000000
0.409586,-0.080382,-0.215286,-0.001729,50.050000,70.000000
-0.972107,-0.203706,-11.429384,-0.672646,50.050000,70.000000
0.316207,0.490090,0.179694,-0.123663,50.050000,70.000000
0.938360,-0.979113,0.686922,-0.445140,50.050000,70.000000
0.049868,0.128866,0.059497,-0.020078,50.050000,70.000000
-0.151851,-0.160506,0.206440,-0.095451,50.050000,70.000000
0.373382,-0.561213,1.302431,-1.155395,50.050000,70.000000
-0.312675,0.874408,-0.101061,0.443666,50.050000,70.000000
0.176885,0.912973,4.242544,-0.061128,50.050000,70.000000
0.344297,0.592681,4.802917,2.040628,50.050000,70.000000
-0.817605,0.512970,-0.675555,0.380337,50.050000,70.000000
-0.511640,0.865801,-0.194523,-0.117493,50.050000,70.000000
-0.479964,-0.751253,0.663259,-0.236270,50.050000,70.000000
-0.305639,-0.879295,-1.552280,-1.375164,50.050000,70.000000
-0.317245,0.066843,0.406904,-0.106025,50.050000,70.000000
-0.572911,-0.916361,0.627620,-0.724532,50.050000,70.000000
0.716707,-0.305852,1.908172,-0.726056,50.050000,70.000000
-0.448433,-0.810150,-0.153426,0.179831,50.050000,70.000000
-0.184291,0.620927,15.373591,22.211754,50.050000,70.000000
-0.087311,0.569374,5.482729,-39.052677,50.050000,70.000000
-0.532630,0.086087,1.625470,-0.201249,50.050000,70.000000
0.856933,0.467444,-0.717018,0.346132,50.050000,70.000000
0.333508,-0.729629,-13.052729,1.768709,50.050000,70.000000
-0.867067,-0.797915,0.867806,-0.694698,50.050000,70.000000
-0.557959,0.380764,0.083415,-0.080464,50.050000,70.000000
-0.497670,-0.347332,0.347493,-0.152664,50.050000,70.000000
0.397001,0.398935,0.392814,-0.032466,50.050000,70.000000
0.898293,-0.385704,1.712357,0.700704,50.050000,70.000000
-0.527444,-0.756726,0.444962,-0.383648,50.050000,70.000000
-0.296079,-0.202729,-0.382051,0.126348,50.050000,70.000000
0.730154,-0.305274,-0.220556,0.103868,50.050000,70.000000
-0.732402,0.513865,-0.354296,0.152451,50.050000,70.000000
0.531737,0.909903,0.224654,0.436294,50.050000,70.000000
0.734040,-0.986677,-1.185535,-0.506685,50.050000,70.000000
0.912080,-0.668887,0.575525,-0.258683,50.050000,70.000000
0.021366,-0.906276,-4.091064,33.169442,50.050000,70.000000
0.220604,-0.313358,2.547180,-31.576584,50.050000,70.000000
-0.600067,0.679555,0.639068,0.499662,50.050000,70.000000
-0.718056,-0.373620,0.524826,-0.413770,50.050000,70.000000
0.562893,0.550544,0.405578,0.072973,50.050000,70.000000
0.989800,-0.438982,-0.352515,-2.092941,50.050000,70.000000
0.026312,0.224510,0.046130,0.166860,50.050000,70.000000
-0.652123,-0.231219,0.722737,-0.250590,50.050000,70.000000
-0.102191,0.474348,-0.273372,-0.244183,50.050000,70.000000
0.359855,0.082634,-0.270020,-0.050507,50.050000,70.000000
0.837162,0.174957,-0.069795,-1.118894,50.050000,70.000000
0.506107,0.141874,0.384052,0.229945,50.050000,70.000000
0.478119,-0.261064,-0.474432,-0.186976,50.050000,70.000000
0.295535,-0.945326,1.290523,0.070806,50.050000,70.000000
-0.093807,-0.621313,0.313429,0.624570,50.050000,70.000000
-0.399200,0.648737,0.211220,0.291608,50.050000,70.000000
-0.669616,-0.232725,-0.486713,-0.107183,50.050000,70.000000
0.591166,-0.278991,0.165776,0.004834,50.050000,70.000000
0.994484,0.294559,-12.059433,-0.191744,50.050000,70.000000
0.647317,-0.543627,-0.243149,0.011101,50.050000,70.000000
-0.730869,0.291233,-0.515283,0.252802,50.050000,70.000000
0.756882,0.912982,0.952691,0.807852,50.050000,70.000000
0.492951,-0.978571,1.797425,-0.596771,50.050000,70.000000
-0.850115,0.113576,-4.339318,0.543534,50.050000,70.000000
0.869267,-0.223414,0.376758,0.192266,50.050000,70.000000
-0.914523,-0.394821,0.532372,-0.657285,50.050000,70.000000
0.250293,0.677570,-23.570855,-2.418535,50.050000,70.000000
-0.078785,-0.138586,0.177172,0.033456,50.050000,70.000000
0.782873,-0.253694,-0.157607,-0.099002,50.050000,70.000000
0.167003,0.819621,0.621934,0.347902,50.050000,70.000000
-0.637032,-0.590801,0.588829,-0.360715,50.050000,70.000000
0.412579,0.222386,-0.168266,-0.064814,50.050000,70.000000
-0.358712,-0.869728,-0.677015,1.160566,50.050000,70.000000
0.489724,0.796867,0.433554,0.404226,50.050000,70.000000
0.950851,0.952646,-0.496464,0.306805,50.050000,70.000000
-0.885357,-0.192859,0.337989,0.161894,50.050000,70.000000
0.624717,-0.383764,0.043417,0.092155,50.050000,70.000000
0.075895,-0.429670,-1.744819,-0.724767,50.050000,70.000000
0.534491,-0.806358,0.589647,-0.260309,50.050000,70.000000
-0.463683,0.879826,20.596092,-11.730648,50.050000,70.000000
-0.764748,0.875066,-0.722330,0.733335,50.050000,70.000000
-0.763343,0.485986,-0.507213,0.465024,50.050000,70.000000
-0.039486,0.357407,-10.419294,-3.046583,50.050000,70.000000
0.941806,0.935456,-0.754606,0.879906,50.050000,70.000000
0.211407,-0.890474,-3.095910,-32.866205,50.050000,70.000000
-0.198427,-0.962897,1.293582,-3.905301,50.050000,70.000000
0.587149,0.211561,-0.515096,0.244309,50.050000,70.000000
-0.286109,-0.631742,0.120301,-0.012512,50.050000,70.000000
0.308959,0.674249,5.272259,-8.725222,50.050000,70.000000
0.099621,0.324407,-0.205591,0.175821,50.050000,70.000000
0.311106,0.763062,-1.272751,-0.219582,50.050000,70.000000
0.780626,-0.014783,0.151509,0.030021,50.050000,70.000000
-0.456271,-0.541593,-0.202597,-0.134923,50.050000,70.000000
-0.560643,-0.727298,-0.470507,-0.029731,50.050000,70.000000
0.306588,0.817665,18.855978,3.330820,50.050000,70.000000
0.496647,-0.850614,1.934794,-0.393160,50.050000,70.000000
-0.268027,-0.735718,0.035043,-0.171846,50.050000,70.000000
0.790413,0.478594,0.475397,0.366950,50.050000,70.000000
-0.271124,-0.776550,-1.276995,1.085034,50.050000,70.000000
0.528103,-0.174127,0.326234,-0.165111,50.050000,70.000000
-0.548638,-0.965877,-1.084238,-0.644119,50.050000,70.000000
0.497431,0.319835,0.249841,-0.007893,50.050000,70.000000
-0.532006,0.568632,-0.275081,-0.042769,50.050000,70.000000
0.991918,-0.831272,0.786045,-0.086499,50.050000,70.000000
0.816405,-0.685046,-0.754165,-0.646300,50.050000,70.000000
0.439590,0.196507,-0.373951,0.097989,50.050000,70.000000
0.697438,-0.164815,-2.358019,-0.834461,50.050000,70.000000
-0.049162,-0.266767,-1.860723,-0.826647,50.050000,70.000000
0.452753,-0.588066,-3.259208,-0.758336,50.050000,70.000000
0.368268,-0.513265,-0.128948,0.110503,50.050000,70.000000
-0.444894,0.674514,-1.648279,1.300810,50.050000,70.000000
0.562154,0.118904,0.034272,-0.012276,50.050000,70.000000
0.420979,-0.600916,9.391946,-0.760376,50.050000,70.000000
0.397261,0.761588,-6.058429,-1.560399,50.050000,70.000000
0.007538,0.689047,-2.257899,-34.363661,50.050000,70.000000
0.815594,-0.315575,0.547846,-0.592307,50.050000,70.000000
0.123156,-0.122313,0.164536,0.135404,50.050000,70.000000
0.289278,-0.109768,0.305121,0.012578,50.050000,70.000000
-0.871418,0.076920,1.726512,-0.084383,50.050000,70.000000
0.800019,-0.077214,2.449785,1.253002,50.050000,70.000000
0.265612,0.132545,-0.164388,-0.060507,50.050000,70.000000
-0.309149,0.132279,-0.190207,0.030569,50.050000,70.000000
-0.778695,0.479924,0.253863,-0.096753,50.050000,70.000000
0.089064,0.893384,-5.147960,-1.578504,50.050000,70.000000
-0.887016,-0.070417,1.082240,0.104213,50.050000,70.000000
0.497200,0.436156,-0.670590,0.317157,50.050000,70.000000
0.471383,0.539599,0.428899,0.522276,50.050000,70.000000
-0.963046,0.082507,-1.459503,-0.085350,50.050000,70.000000
0.699373,0.365050,-0.430497,0.353109,50.050000,70.000000
-0.598861,0.941039,-0.959538,0.762461,50.050000,70.000000
0.041685,0.599272,-0.257062,-0.533785,50.050000,70.000000
-0.035473,-0.200468,-4.577217,-9.066059,50.050000,70.000000
0.734345,0.144775,-0.264832,0.548247,50.050000,70.000000
-0.758670,-0.972126,0.887489,-0.749255,50.050000,70.000000
-0.515837,0.326140,0.526074,0.303222,50.050000,70.000000
-0.561370,-0.946201,-0.660980,-0.090320,50.050000,70.000000
-0.802075,-0.480401,0.678545,-0.447323,50.050000,70.000000
-0.104518,-0.634489,-0.941808,-0.690480,50.050000,70.000000
0.140236,0.951307,-0.397723,-0.324516,50.050000,70.000000
0.608932,0.323574,-0.356633,0.174170,50.050000,70.000000
0.314474,-0.628027,-0.023539,-0.082643,50.050000,70.000000
0.756045,0.841186,-0.757866,0.770835,50.050000,70.000000
-0.187055,0.163333,-0.246561,0.291708,50.050000,70.000000
-0.870013,-0.313757,-0.037698,0.158636,50.050000,70.000000
0.690168,-0.349278,0.455771,-0.185055,50.050000,70.000000
-0.317723,0.026078,0.255420,0.019895,50.050000,70.000000
0.292777,0.709248,-3.896366,-0.084187,50.050000,70.000000
0.323070,-0.168965,0.226397,-0.013829,50.050000,70.000000
0.197289,-0.166581,-0.020361,0.062906,50.050000,70.000000
0.278787,-0.430652,-0.155917,0.114896,50.050000,70.000000
0.039557,0.835973,-8.600692,-25.460377,50.050000,70.000000
0.203206,-0.724717,-0.435520,-0.454112,50.050000,70.000000
-0.321991,0.304369,3.547504,0.063985,50.050000,70.000000
-0.466923,0.420067,-0.201528,0.045038,50.050000,70.000000
0.062609,0.262993,-0.320920,-1.103667,50.050000,70.000000
0.128268,-0.204478,-5.028611,-11.963946,50.050000,70.000000
-0.661713,0.583657,0.706852,0.568063,50.050000,70.000000
-0.475063,-0.387372,-0.625064,-0.285405,50.050000,70.000000
-0.566226,-0.562679,0.708794,-0.428428,50.050000,70.000000
-0.945796,0.000041,-2.179485,0.063017,50.050000,70.000000
0.694332,-0.362049,-0.520718,-0.481176,50.050000,70.000000
-0.962631,-0.936246,0.410218,-0.140961,50.050000,70.000000
0.511001,0.402133,-0.597176,0.279309,50.050000,70.000000
0.657217,-0.158914,-0.525228,-0.013477,50.050000,70.000000
-0.860763,-0.850351,-0.780509,-0.756374,50.050000,70.000000
0.153809,-0.937719,-24.212836,12.290088,50.050000,70.000000
-0.247389,0.133930,0.161920,0.079564,50.050000,70.000000
0.955876,-0.587948,-2.395696,0.656499,50.050000,70.000000
0.359907,0.959986,0.371317,0.427813,50.050000,70.000000
0.486288,-0.957214,-2.848340,-1.276693,50.050000,70.000000
0.103196,0.414722,4.096130,-5.184497,50.050000,70.000000
0.240824,-0.465497,1.606493,0.097868,50.050000,70.000000
0.388025,-0.459639,0.423046,-0.080537,50.050000,70.000000
0.849213,0.728578,0.790594,0.650287,50.050000,70.000000
-0.785058,-0.474033,-0.503057,-0.517933,50.050000,70.000000
0.933119,0.923487,-0.784703,0.947014,50.050000,70.000000
-0.957761,0.909263,-2.781011,0.118774,50.050000,70.000000
-0.023445,-0.044160,-0.017950,0.041209,50.050000,70.000000
-0.204173,0.469082,0.595674,-0.440046,50.050000,70.000000
-0.136268,-0.249149,-0.153261,0.151264,50.050000,70.000000
0.548814,-0.086258,0.326800,-0.601509,50.050000,70.000000
0.262776,0.469612,-0.322556,-0.431636,50.050000,70.000000
0.773396,0.473478,0.562234,0.210996,50.050000,70.000000
-0.262714,0.562326,0.707534,0.062247,50.050000,70.000000
-0.989879,-0.889325,-0.893361,-0.407189,50.050000,70.000000
-0.882791,0.928996,-0.382336,-0.170805,50.050000,70.000000
-0.365567,-0.089849,-0.170433,-0.007059,50.050000,70.000000
-0.088831,-0.980701,-2.527588,-1.551716,50.050000,70.000000
-0.637331,0.372774,-0.454558,0.300759,50.050000,70.000000
-0.784846,-0.914553,-0.733895,-0.775262,50.050000,70.000000
-0.891607,0.757653,0.834349,0.804189,50.050000,70.000000
-0.125862,0.645441,0.438472,3.208270,50.050000,70.000000
-0.071748,0.129562,-0.223276,-0.123009,50.050000,70.000000
-0.457753,0.550235,0.482562,0.416076,50.050000,70.000000
-0.199036,0.796706,1.737110,1.185978,50.050000,70.000000
0.231329,-0.061054,-0.046198,0.021709,50.050000,70.000000
-0.133924,-0.858000,-1.234492,-0.530059,50.050000,70.000000
-0.400474,-0.759748,1.193962,0.071927,50.050000,70.000000
0.918564,0.300783,-0.196266,-0.105334,50.050000,70.000000
-0.739202,0.236774,0.517566,0.429912,50.050000,70.000000
-0.532573,-0.959973,-0.790806,-0.439572,50.050000,70.000000
-0.265146,-0.311044,0.081666,0.075636,50.050000,70.000000
0.280788,-0.796595,0.205603,0.261909,50.050000,70.000000
-0.369764,-0.623734,-0.612744,-0.213913,50.050000,70.000000
0.904651,0.461079,0.053329,-0.083918,50.050000,70.000000
-0.649970,-0.046111,0.080692,0.026678,50.050000,70.000000
-0.980240,-0.896958,0.911330,-0.901231,50.050000,70.000000
0.823701,-0.053932,0.780641,-0.047260,50.050000,70.000000
-0.430279,0.299400,-0.709456,0.506997,50.050000,70.000000
0.020442,-0.435890,1.908014,1.432031,50.050000,70.000000
-0.003200,0.225181,4.817400,-1.153740,50.050000,70.000000
0.619962,-0.301090,0.119580,0.096759,50.050000,70.000000
-0.424793,0.499853,0.906541,0.432337,50.050000,70.000000
-0.971117,0.429927,1.109853,1.017479,50.050000,70.000000
-0.213443,0.660721,-10.092188,0.716031,50.050000,70.000000
0.740541,0.279111,0.245061,0.069373,50.050000,70.000000
-0.984735,-0.442866,-0.849978,-0.643934,50.050000,70.000000
0.754580,0.228303,0.683136,0.846272,50.050000,70.000000
-0.904702,0.676142,-0.421523,-0.504938,50.050000,70.000000
-0.075795,0.115392,0.061198,0.066408,50.050000,70.000000
-0.610303,0.636706,-0.592483,0.448763,50.050000,70.000000
-0.884402,-0.144560,0.043910,-0.017771,50.050000,70.000000
0.383892,0.064820,0.420730,0.102928,50.050000,70.000000
-0.565290,-0.833132,-0.943174,-0.565816,50.050000,70.000000
-0.457657,0.155063,-0.278417,0.056136,50.050000,70.000000
0.150574,0.690443,-15.423693,-34.934058,50.050000,70.000000
0.275480,-0.007954,0.289980,-0.025533,50.050000,70.000000
0.323069,-0.171266,-2.667505,0.114919,50.050000,70.000000
-0.474821,-0.314545,0.564837,-0.248195,50.050000,70.000000
-0.564352,0.935781,-0.732507,0.474351,50.050000,70.000000
-0.334444,-0.995144,1.470221,-3.093749,50.050000,70.000000
0.616979,-0.437861,-0.426181,-0.185531,50.050000,70.000000
0.878298,-0.445242,-0.955859,-0.394967,50.050000,70.000000
0.824663,0.116255,6.481295,0.819465,50.050000,70.000000
-0.101592,0.545273,-1.976169,2.113241,50.050000,70.000000
0.396411,0.477603,0.981910,-0.837380,50.050000,70.000000
-0.924980,-0.140544,-2.440432,-0.588372,50.050000,70.000000
-0.126681,0.871751,23.901923,-22.546913,50.050000,70.000000
-0.477404,0.278188,-0.517550,0.233615,50.050000,70.000000
-0.494126,-0.773024,-0.435930,-0.035898,50.050000,70.000000
-0.222729,0.600273,-2.598183,-0.734966,50.050000,70.000000
0.785194,0.759943,0.729934,0.632770,50.050000,70.000000
0.360967,0.767809,15.258778,-3.598503,50.050000,70.000000
0.570993,0.679906,0.341441,-0.048176,50.050000,70.000000
-0.815330,0.741575,-0.796916,0.694689,50.050000,70.000000
-0.347054,-0.933458,-1.433440,1.362131,50.050000,70.000000
-0.632072,0.768938,0.619256,0.768817,50.050000,70.000000
-0.453693,0.782620,-0.183814,-0.026552,50.050000,70.000000
-0.509877,0.497828,-0.211745,-0.029107,50.050000,70.000000
0.999673,-0.503675,0.898121,-0.458450,50.050000,70.000000
0.733546,0.714115,-0.132462,-0.113761,50.050000,70.000000
0.136929,-0.642227,-0.622354,-6.725305,50.050000,70.000000
0.083072,0.190896,-1.270659,-0.773174,50.050000,70.000000
0.396074,0.822895,-5.379428,-17.502442,50.050000,70.000000
0.392331,-0.097937,-0.165447,0.031818,50.050000,70.000000
-0.019998,-0.112624,0.043583,0.119719,50.050000,70.000000
-0.868709,-0.397919,-0.045380,-0.982433,50.050000,70.000000
0.170642,-0.012170,-0.125967,-0.007882,50.050000,70.000000
-0.533904,0.679245,-0.676783,0.543544,50.050000,70.000000
0.068048,-0.321930,7.225379,26.395345,50.050000,70.000000
-0.680332,-0.332743,0.507326,-0.441782,50.050000,70.000000
-0.412695,-0.173077,-0.944085,-0.083343,50.050000,70.000000
-0.908832,-0.734408,0.592364,-0.347715,50.050000,70.000000
0.799494,-0.899723,0.834203,-0.883567,50.050000,70.000000
0.347793,-0.635059,7.420428,2.044499,50.050000,70.000000
0.570136,0.280889,-0.530016,0.306903,50.050000,70.000000
0.909741,0.024958,-0.633270,-0.006350,50.050000,70.000000
-0.528968,-0.358987,0.332931,-0.118736,50.050000,70.000000
0.505248,-0.292330,-0.045527,0.079494,50.050000,70.000000
0.809295,-0.179210,-20.211229,2.283919,50.050000,70.000000
0.022628,0.307646,-0.516921,-0.184937,50.050000,70.000000
0.603011,0.804825,-0.474547,0.473714,50.050000,70.000000
0.688021,-0.429733,-0.529388,-0.429570,50.050000,70.000000
-0.516371,-0.648248,0.679764,-0.514067,50.050000,70.000000
0.898495,-0.990688,0.560428,-0.194395,50.050000,70.000000
-0.487250,0.787199,0.818766,0.693676,50.050000,70.000000
0.461948,-0.037278,-0.676596,0.026589,50.050000,70.000000
-0.526491,-0.727117,0.776652,-0.298835,50.050000,70.000000
-0.649143,-0.139654,-3.748962,-0.534942,50.050000,70.000000
0.832453,-0.956899,-0.859231,-0.896780,50.050000,70.000000
-0.599088,-0.867257,-0.026595,0.162500,50.050000,70.000000
0.017050,0.560703,1.445751,0.548552,50.050000,70.000000
-0.272367,0.327342,1.103900,0.798340,50.050000,70.000000
-0.367803,0.328615,0.527264,0.000447,50.050000,70.000000
-0.972169,0.755387,-1.074857,0.654756,50.050000,70.000000
-0.209616,0.982238,2.702266,-0.834379,50.050000,70.000000
0.470814,0.978311,-0.640878,1.207482,50.050000,70.000000
0.478086,-0.805091,0.284502,-0.190495,50.050000,70.000000
0.840805,-0.582482,-0.397168,-0.256181,50.050000,70.000000
0.218222,-0.337519,0.056552,0.347564,50.050000,70.000000
-0.690160,0.483375,0.528031,0.364695,50.050000,70.000000
0.086185,0.515512,-0.667003,-1.207698,50.050000,70.000000
0.218583,-0.275402,0.040802,0.346281,50.050000,70.000000
-0.676371,0.231420,-0.067168,0.631422,50.050000,70.000000
-0.529230,-0.768802,-0.748358,-0.210474,50.050000,70.000000
0.749292,-0.644753,-0.482518,-0.263255,50.050000,70.000000
-0.359438,0.924267,4.106468,-1.230215,50.050000,70.000000
0.155336,0.736372,2.326392,2.892955,50.050000,70.000000
0.205103,-0.830822,-5.155101,-0.207741,50.050000,70.000000
0.367646,-0.976307,10.046118,13.625429,50.050000,70.000000
-0.787711,0.941693,0.904177,0.859316,50.050000,70.000000
-0.964614,-0.269723,-0.030855,-0.153623,50.050000,70.000000
0.760614,-0.360155,-0.591356,-0.138483,50.050000,70.000000
0.872738,0.113811,-2.085896,-2.390682,50.050000,70.000000
0.813726,0.295659,1.037623,0.251821,50.050000,70.000000
-0.854558,-0.562932,0.759407,-0.513904,50.050000,70.000000
0.806880,-0.768357,0.768009,-0.692504,50.050000,70.000000
0.219609,0.963257,-0.069394,-0.260900,50.050000,70.000000
-0.545771,-0.772911,0.900419,-0.328914,50.050000,70.000000
-0.319950,0.593477,-4.027777,-3.214282,50.050000,70.000000
0.573548,-0.385383,0.576402,-0.383657,50.050000,70.000000
0.862795,-0.998974,0.264142,0.108546,50.050000,70.000000
0.246266,0.985330,3.161357,-9.222620,50.050000,70.000000
0.444042,-0.982792,0.061378,0.274001,50.050000,70.000000
0.212034,-0.347416,4.742370,-0.629676,50.050000,70.000000
0.986736,0.078738,0.971342,0.007539,50.050000,70.000000
-0.647134,-0.387576,0.162182,0.033882,50.050000,70.000000
0.012977,0.111653,0.026712,0.055827,50.050000,70.000000
0.546347,0.448479,0.636678,0.374515,50.050000,70.000000
-0.406400,-0.356965,-0.177673,0.007418,50.050000,70.000000
0.494246,0.800117,-0.448048,-0.009336,50.050000,70.000000
-0.437840,-0.776982,-0.628669,-0.539841,50.050000,70.000000
-0.731825,0.216685,-0.314550,0.062720,50.050000,70.000000
-0.180034,0.164147,5.025456,6.312138,50.050000,70.000000
0.821594,0.523577,0.770700,0.441329,50.050000,70.000000
-0.247078,-0.635489,0.014613,-0.151933,50.050000,70.000000
-0.657250,-0.394176,0.603474,-0.433199,50.050000,70.000000
-0.914725,0.222231,-20.470165,-4.461928,50.050000,70.000000
-0.958632,0.277051,1.095014,0.191552,50.050000,70.000000
0.401691,-0.776958,-0.979122,0.040194,50.050000,70.000000
-0.325417,0.710947,-0.653392,-0.187243,50.050000,70.000000
0.893137,0.948198,-0.802284,0.937394,50.050000,70.000000
0.358698,0.636204,0.593225,0.091854,50.050000,70.000000
0.685753,-0.548471,0.613811,-0.447381,50.050000,70.000000
-0.153487,0.338524,12.718196,2.203817,50.050000,70.000000
-0.418845,0.475600,0.415080,0.009778,50.050000,70.000000
-0.590139,-0.462393,-0.515573,-0.271366,50.050000,70.000000
0.557476,-0.505318,0.013856,0.096752,50.050000,70.000000
-0.880201,0.462361,-0.866399,0.444682,50.050000,70.000000
0.901049,-0.068092,-0.518551,-0.035898,50.050000,70.000000
-0.429620,-0.630388,0.530825,-0.449291,50.050000,70.000000
-0.935137,-0.842173,-0.931549,-0.354612,50.050000,70.000000
-0.399197,0.696087,0.624891,0.125150,50.050000,70.000000
-0.865998,-0.820526,0.339371,0.015248,50.050000,70.000000
-0.575536,0.962795,-0.907133,0.720629,50.050000,70.000000
-0.302439,0.914487,-0.267236,-0.096637,50.050000,70.000000
-0.221146,-0.800371,6.685649,-13.759525,50.050000,70.000000
0.161152,0.478802,-0.698927,-0.661791,50.050000,70.000000
-0.774067,0.253326,3.646260,-0.131312,50.050000,70.000000
-0.345781,0.464321,-0.078423,0.143031,50.050000,70.000000
-0.163946,0.567350,28.603263,10.132922,50.050000,70.000000
-0.556706,-0.558727,0.435047,-0.140994,50.050000,70.000000
-0.518986,-0.604675,-0.562971,-0.394079,50.050000,70.000000
-0.774797,-0.013741,-0.187880,0.022945,50.050000,70.000000
-0.937992,-0.828899,-0.945410,-0.745545,50.050000,70.000000
0.701977,0.133895,1.827757,-0.012540,50.050000,70.000000
0.376725,-0.384270,0.256380,0.030910,50.050000,70.000000
-0.433935,0.850224,-1.031054,-2.592511,50.050000,70.000000
-0.289280,0.062998,0.027049,0.004261,50.050000,70.000000
0.801596,0.425674,-0.405377,0.138820,50.050000,70.000000
0.306792,0.260203,0.162610,-0.468080,50.050000,70.000000
-0.765709,0.728828,0.430634,0.113794,50.050000,70.000000
-0.586399,0.392399,0.571821,0.371176,50.050000,70.000000
-0.946052,-0.288339,-0.213323,-0.337128,50.050000,70.000000
-0.121303,-0.742293,0.125106,-0.183439,50.050000,70.000000
0.284083,0.583686,0.127712,0.796286,50.050000,70.000000
0.014445,0.775125,2.593092,-32.666737,50.050000,70.000000
-0.475744,0.168472,-0.435865,0.177839,50.050000,70.000000
-0.486165,-0.978691,6.134476,1.989034,50.050000,70.000000
-0.853102,-0.089468,-0.941442,-0.119282,50.050000,70.000000
0.310369,0.365623,2.298668,-0.009650,50.050000,70.000000
-0.968060,-0.181459,-0.072394,-0.127364,50.050000,70.000000
0.215755,0.188311,5.645132,-4.034357,50.050000,70.000000
0.950662,-0.222058,1.263294,1.068999,50.050000,70.000000
-0.136815,0.553036,0.821177,-0.418546,50.050000,70.000000
0.867903,0.848518,0.726050,0.521466,50.050000,70.000000
-0.966365,0.298119,-0.104022,1.285283,50.050000,70.000000
0.493011,0.040985,-0.404007,-0.196115,50.050000,70.000000
0.840622,0.330109,-1.360932,0.280185,50.050000,70.000000
0.139253,0.430138,-0.245633,0.001118,50.050000,70.000000
-0.663402,0.201423,-0.491320,-0.072660,50.050000,70.000000
-0.685311,-0.021049,0.261066,-0.018382,50.050000,70.000000
0.234155,-0.555947,-0.477272,0.205143,50.050000,70.000000
0.192495,-0.736125,0.807089,1.055285,50.050000,70.000000
-0.055014,-0.626259,1.980088,1.398606,50.050000,70.000000
0.466555,-0.618238,-0.573483,-0.474035,50.050000,70.000000
-0.729306,0.546041,0.644392,0.570250,50.050000,70.000000
-0.686746,-0.136863,-0.235975,-0.077387,50.050000,70.000000
-0.255491,-0.037914,-0.230864,-0.000570,50.050000,70.000000
0.773892,0.805806,0.337575,0.026199,50.050000,70.000000
-0.819643,0.257390,-0.407324,0.280518,50.050000,70.000000
-0.044227,0.684452,10.204413,-31.116997,50.050000,70.000000
-0.422985,0.885559,0.781869,0.559614,50.050000,70.000000
-0.402483,-0.529968,-0.528295,-0.494459,50.050000,70.000000
0.833447,-0.260905,-12.519707,-16.027647,50.050000,70.000000
0.964358,-0.033418,-0.265825,0.019723,50.050000,70.000000
0.343482,0.908274,-0.602602,-0.276796,50.050000,70.000000
-0.640173,0.607112,0.558348,0.295066,50.050000,70.000000
-0.267308,-0.648814,-3.160833,1.190111,50.050000,70.000000
-0.617258,-0.262704,0.201684,0.060826,50.050000,70.000000
0.736916,-0.644901,-0.644631,-0.521946,50.050000,70.000000
-0.845797,0.684352,0.148938,-0.117241,50.050000,70.000000
-0.099472,0.175961,1.860146,4.564748,50.050000,70.000000
-0.618550,0.025273,-1.515641,0.188074,50.050000,70.000000
0.763521,0.491791,0.597493,0.552703,50.050000,70.000000
-0.462881,0.355582,0.369746,-0.000759,50.050000,70.000000
0.260388,0.343034,0.142510,0.106931,50.050000,70.000000
-0.620192,0.426051,0.571405,0.366689,50.050000,70.000000
0.645901,-0.340610,-0.551303,-0.275798,50.050000,70.000000
-0.634101,0.658882,0.367951,0.125125,50.050000,70.000000
-0.172647,0.326631,-0.017255,0.050252,50.050000,70.000000
-0.312346,0.408653,1.222227,1.494021,50.050000,70.000000
0.229940,0.593247,-0.001004,0.116423,50.050000,70.000000
0.694783,-0.776263,-0.418014,-0.079834,50.050000,70.000000
-0.646095,-0.921655,-0.533492,-0.156186,50.050000,70.000000
-0.262130,0.374668,-7.734827,20.502731,50.050000,70.000000
-0.961843,0.305798,20.370423,17.732909,50.050000,70.000000
-0.445292,-0.016030,-0.168421,-0.023097,50.050000,70.000000
0.590128,0.285909,-0.220628,0.036446,50.050000,70.000000
-0.734598,-0.394697,0.269539,-0.087477,50.050000,70.000000
0.319726,-0.363565,0.070056,0.047275,50.050000,70.000000
-0.430701,-0.788003,-0.864644,0.058209,50.050000,70.000000
0.030255,0.496437,1.179350,-0.823724,50.050000,70.000000
-0.389667,0.870325,-1.627989,0.642065,50.050000,70.000000
-0.439993,-0.964642,-2.527343,33.728798,50.050000,70.000000
-0.735095,-0.739345,0.743923,-0.662318,50.050000,70.000000
-0.163823,0.618594,0.420764,1.460716,50.050000,70.000000
0.708340,-0.937411,0.741257,-0.908187,50.050000,70.000000
0.928690,0.491647,0.420682,0.753420,50.050000,70.000000
-0.885816,0.097902,-1.584975,0.228572,50.050000,70.000000
-0.568889,0.683293,-0.046538,-0.129878,50.050000,70.000000
0.101846,-0.272607,0.053953,-0.089382,50.050000,70.000000
0.291346,0.647153,17.436976,-0.059904,50.050000,70.000000
0.708801,0.823999,0.563319,0.489380,50.050000,70.000000
0.953192,0.289668,-0.090776,0.378812,50.050000,70.000000
0.450013,-0.632757,-0.459321,-0.454912,50.050000,70.000000
-0.743807,0.829193,0.837667,0.803879,50.050000,70.000000
0.241564,-0.026939,-0.260128,-0.025992,50.050000,70.000000
-0.763750,-0.342600,0.724211,-0.369441,50.050000,70.000000
-0.075019,-0.842261,0.576775,-0.529410,50.050000,70.000000
0.115202,0.193142,3.504897,0.935099,50.050000,70.000000
0.131743,0.211433,-0.287554,-0.107919,50.050000,70.000000
-0.452542,0.130046,-0.396887,0.108950,50.050000,70.000000
-0.311488,0.813931,-0.755840,0.418948,50.050000,70.000000
-0.264902,-0.205879,-3.015181,0.748205,50.050000,70.000000
-0.203197,0.863056,-5.053342,1.264116,50.050000,70.000000
-0.616066,-0.224694,0.385764,-0.057256,50.050000,70.000000
-0.433345,0.773622,0.869368,0.450480,50.050000,70.000000
0.259969,-0.702357,18.354736,-1.148525,50.050000,70.000000
-0.515532,-0.552252,-0.322376,-0.062715,50.050000,70.000000
0.293342,0.199065,-4.418415,-0.852657,50.050000,70.000000
-0.321144,0.530830,0.188209,0.165477,50.050000,70.000000
-0.337148,-0.449460,-8.124956,-15.734144,50.050000,70.000000
-0.073586,-0.763528,14.073339,14.822022,50.050000,70.000000
-0.621193,-0.382908,-0.012935,0.096845,50.050000,70.000000
0.466021,0.418331,-0.360049,-0.021420,50.050000,70.000000
0.883462,0.349006,-0.253740,0.110833,50.050000,70.000000
-0.261736,-0.995130,12.222739,-24.715113,50.050000,70.000000
0.853836,0.421760,0.736070,0.320557,50.050000,70.000000
0.517769,0.142351,-0.299008,0.057325,50.050000,70.000000
0.492336,0.697070,-0.207460,0.996577,50.050000,70.000000
-0.343327,-0.292936,-3.541561,-0.691490,50.050000,70.000000
0.622837,0.023406,0.684367,-0.234413,50.050000,70.000000
-0.618107,-0.523460,-0.351962,-0.111656,50.050000,70.000000
0.208554,-0.837896,-1.144749,-7.068703,50.050000,70.000000
-0.514481,-0.875161,-0.823120,-0.296345,50.050000,70.000000
-0.829166,0.204883,1.869635,-2.494627,50.050000,70.000000
-0.531474,-0.486251,0.337456,-0.118271,50.050000,70.000000
-0.419275,-0.750690,-11.158250,7.163898,50.050000,70.000000
-0.849914,-0.502114,-0.723600,-0.543596,50.050000,70.000000
0.965767,-0.347569,0.707318,-1.647203,50.050000,70.000000
0.410123,0.945050,0.238749,-1.096890,50.050000,70.000000
-0.542518,-0.101308,0.313956,0.037753,50.050000,70.000000
-0.682458,-0.069589,0.479179,0.054897,50.050000,70.000000
0.423707,-0.751337,-2.396093,-0.991935,50.050000,70.000000
0.272278,0.178448,-0.300720,-0.141459,50.050000,70.000000
-0.826709,-0.496728,-0.583389,-0.207080,50.050000,70.000000
-0.511018,-0.676354,-0.346503,-0.222107,50.050000,70.000000
0.521762,-0.740365,0.063461,0.128727,50.050000,70.000000
0.677441,-0.248114,0.656984,-0.294498,50.050000,70.000000
-0.045779,0.588456,-4.460992,3.466980,50.050000,70.000000
0.185439,0.678603,-1.743034,-19.818720,50.050000,70.000000
-0.725564,-0.557843,0.613364,-0.503137,50.050000,70.000000
0.329248,-0.323783,22.089942,-1.237940,50.050000,70.000000
0.176103,-0.231555,1.388308,-0.100657,50.050000,70.000000
0.261430,-0.146842,-0.080407,-0.007203,50.050000,70.000000
0.030127,0.347926,-0.794475,0.670909,50.050000,70.000000
-0.406343,0.586066,-0.398890,0.210675,50.050000,70.000000
0.008491,0.707809,1.222204,-1.445551,50.050000,70.000000
0.151156,0.478523,-8.057739,1.707300,50.050000,70.000000
0.536372,0.810671,-0.791478,0.364353,50.050000,70.000000
0.945160,-0.694728,0.686059,-0.362765,50.050000,70.000000
-0.292603,0.222902,-15.128448,-3.738676,50.050000,70.000000
0.309258,-0.297074,0.693778,0.052844,50.050000,70.000000
-0.925364,-0.587923,-4.762875,1.077690,50.050000,70.000000
0.780371,-0.303884,0.293120,0.122886,50.050000,70.000000
0.626618,-0.437527,0.321393,-0.071439,50.050000,70.000000
0.490259,-0.221951,-0.467371,-0.210561,50.050000,70.000000
-0.334214,0.862552,8.601959,-1.090155,50.050000,70.000000
0.908132,0.981503,0.242494,-0.117316,50.050000,70.000000
0.114824,-0.146249,0.204768,0.396912,50.050000,70.000000
-0.002804,0.878033,-0.830603,-47.096806,50.050000,70.000000
-0.894000,0.536674,-0.659682,0.301259,50.050000,70.000000
-0.128251,0.486619,-4.603298,32.444178,50.050000,70.000000
0.598976,0.988208,0.619726,0.331381,50.050000,70.000000
0.812319,0.646281,0.792938,0.645402,50.050000,70.000000
0.044893,0.521094,-6.403597,-4.551829,50.050000,70.000000
0.018839,0.635389,-4.934688,-33.460512,50.050000,70.000000
0.984567,-0.388057,23.238977,21.079326,50.050000,70.000000
-0.077156,-0.763027,15.262668,16.864162,50.050000,70.000000
-0.186417,0.889810,-4.389464,0.603301,50.050000,70.000000
-0.965247,-0.905790,0.475184,-0.985184,50.050000,70.000000
0.380376,0.984561,4.207791,-8.116111,50.050000,70.000000
-0.491146,-0.692902,-0.522827,-0.598245,50.050000,70.000000
0.403670,0.474045,5.669635,-0.778600,50.050000,70.000000
-0.720241,0.904351,-0.814845,0.858400,50.050000,70.000000
-0.577475,0.374326,-0.542994,0.336852,50.050000,70.000000
-0.707697,-0.265971,-1.637702,-0.911821,50.050000,70.000000
-0.182266,0.651217,-0.327130,-0.390105,50.050000,70.000000
0.998506,-0.104081,0.768412,0.053563,50.050000,70.000000
0.707694,0.211578,-0.578524,0.760181,50.050000,70.000000
-0.005361,-0.108206,0.033471,-0.056429,50.050000,70.000000
-0.616923,-0.628219,0.191173,0.070805,50.050000,70.000000
-0.474039,0.828339,1.012445,0.436515,50.050000,70.000000
-0.104421,0.998185,-0.668215,0.555824,50.050000,70.000000
0.501296,-0.711220,0.544514,-0.307906,50.050000,70.000000
0.530253,-0.037495,-0.126518,0.030194,50.050000,70.000000
-0.171747,-0.556549,1.053318,-0.455967,50.050000,70.000000
0.082360,0.223000,-0.171349,-0.160503,50.050000,70.000000
-0.032647,-0.701278,0.230931,0.137339,50.050000,70.000000
-0.381803,-0.970974,-1.529541,-1.774629,50.050000,70.000000
0.847289,0.389332,3.218856,-0.998471,50.050000,70.000000
-0.500991,-0.158611,-0.619865,0.108988,50.050000,70.000000
0.226799,-0.185017,-1.161284,0.670654,50.050000,70.000000
0.415923,0.415138,-0.790076,0.327839,50.050000,70.000000
-0.773640,-0.571161,-0.539210,-0.486445,50.050000,70.000000
0.496825,0.136711,-0.507889,0.194204,50.050000,70.000000
-0.294293,-0.184236,0.359008,0.044454,50.050000,70.000000
-0.454231,-0.266886,0.080534,0.049982,50.050000,70.000000
0.450298,0.153459,0.317171,0.060916,50.050000,70.000000
-0.809468,-0.736019,-0.715157,-0.561166,50.050000,70.000000
-0.270258,-0.222900,0.159809,0.050703,50.050000,70.000000
-0.273351,-0.207554,0.047606,0.007358,50.050000,70.000000
-0.357418,0.874728,1.286232,3.718954,50.050000,70.000000
-0.444286,0.888631,-0.268839,-1.440323,50.050000,70.000000
-0.785918,-0.931152,-0.428606,-0.176786,50.050000,70.000000
0.121651,0.592958,-0.575536,0.311884,50.050000,70.000000
-0.158254,0.219763,-0.126359,0.386077,50.050000,70.000000
-0.439124,-0.364660,-0.459232,-0.262468,50.050000,70.000000
-0.832843,0.410736,0.820600,0.257355,50.050000,70.000000
-0.763822,0.441245,0.051098,-0.105205,50.050000,70.000000
0.005006,0.135512,-0.036031,-0.317815,50.050000,70.000000
-0.446098,0.426586,-0.486803,0.494110,50.050000,70.000000
-0.374138,-0.145570,-0.361800,0.027210,50.050000,70.000000
-0.598625,0.902951,0.615958,0.478830,50.050000,70.000000
-0.109974,-0.340894,-2.186687,0.111695,50.050000,70.000000
0.586210,0.427058,0.577512,0.386314,50.050000,70.000000
-0.432596,-0.647337,0.072717,1.260223,50.050000,70.000000
0.211491,0.530215,-0.288207,-1.618926,50.050000,70.000000
-0.669897,-0.951180,-0.652219,-0.875720,50.050000,70.000000
-0.489004,-0.682900,-0.313539,-0.272138,50.050000,70.000000
0.499149,-0.810739,-6.289407,-1.643024,50.050000,70.000000
-0.094447,0.633615,0.988925,1.137620,50.050000,70.000000
-0.837751,-0.077474,-0.111423,-0.074086,50.050000,70.000000
-0.112538,0.578480,12.627919,-37.962792,50.050000,70.000000
0.517562,0.661980,0.601421,0.218340,50.050000,70.000000
-0.098975,0.521501,-0.239303,0.638244,50.050000,70.000000
0.860307,-0.817879,-0.672792,-0.546739,50.050000,70.000000
-0.089405,-0.623336,2.481836,0.698943,50.050000,70.000000
-0.399969,-0.276543,-0.689825,0.328123,50.050000,70.000000
0.147115,0.555249,-0.822587,-0.322121,50.050000,70.000000
0.063694,0.497354,-21.509510,14.882784,50.050000,70.000000
-0.977573,-0.077298,-0.467911,-0.136125,50.050000,70.000000
0.851950,0.724949,0.769940,0.612823,50.050000,70.000000
0.212714,-0.923750,-1.898026,1.739681,50.050000,70.000000
0.540746,0.320016,0.424477,0.178120,50.050000,70.000000
0.514126,0.917306,0.725409,0.159782,50.050000,70.000000
-0.838209,0.221175,0.431461,0.054659,50.050000,70.000000
-0.716053,-0.704298,-0.606129,-0.413478,50.050000,70.000000
0.862846,-0.151582,-11.891303,-0.293131,50.050000,70.000000
0.368739,-0.604014,-1.554927,-0.828341,50.050000,70.000000
0.328426,-0.142929,0.183325,-0.073602,50.050000,70.000000
-0.201026,-0.638640,-0.479004,0.084410,50.050000,70.000000
0.385091,0.217784,0.618846,0.118901,50.050000,70.000000
0.291481,0.916362,7.523308,2.754868,50.050000,70.000000
-0.698753,0.053538,1.386146,-0.171876,50.050000,70.000000
-0.192958,0.953552,17.879166,0.226139,50.050000,70.000000
0.352334,-0.328553,0.104603,0.085870,50.050000,70.000000
0.007660,0.746287,-12.093176,27.320987,50.050000,70.000000
0.838585,0.099417,-2.664707,0.354569,50.050000,70.000000
0.896833,-0.926287,-0.814611,-0.881654,50.050000,70.000000
-0.099004,0.038050,-0.009658,-0.008081,50.050000,70.000000
-0.491942,-0.069841,0.230990,0.018116,50.050000,70.000000
0.174646,-0.721125,8.370938,-1.850366,50.050000,70.000000
0.053173,-0.316575,-0.580108,-1.596311,50.050000,70.000000
-0.684176,-0.942333,-0.707279,-0.912483,50.050000,70.000000
0.214125,0.807023,26.947461,-21.470875,50.050000,70.000000
-0.365709,-0.468658,10.738278,3.563892,50.050000,70.000000
-0.736461,0.292829,0.340261,0.080889,50.050000,70.000000
-0.427629,0.836497,-0.709042,0.584851,50.050000,70.000000
-0.991613,-0.031562,1.010626,-0.000454,50.050000,70.000000
-0.464570,-0.026308,-0.565859,-0.005622,50.050000,70.000000
-0.162197,-0.044008,-0.079047,0.029432,50.050000,70.000000
0.360795,-0.125459,-0.477442,0.044956,50.050000,70.000000
-0.581603,0.993187,0.784102,0.434371,50.050000,70.000000
0.486600,0.283714,-0.518264,0.247915,50.050000,70.000000
0.383026,-0.481270,0.410217,0.036076,50.050000,70.000000
-0.698333,-0.884964,0.581941,-0.524307,50.050000,70.000000
0.407150,0.967609,0.506453,0.181386,50.050000,70.000000
0.606864,-0.433253,-0.598871,-0.423873,50.050000,70.000000
0.312709,-0.307842,-1.186048,-1.177786,50.050000,70.000000
0.106674,0.867511,-1.018909,-0.864058,50.050000,70.000000
0.256054,-0.506830,1.503866,-0.928690,50.050000,70.000000
-0.288978,-0.859113,0.826074,-0.306094,50.050000,70.000000
0.886224,0.759610,-0.399142,0.168639,50.050000,70.000000
0.768087,-0.766354,0.719007,-0.667554,50.050000,70.000000
-0.104354,0.122631,-0.315430,-1.562478,50.050000,70.000000
-0.938530,0.127841,6.286634,0.153850,50.050000,70.000000
0.629307,0.762573,-0.542316,0.365302,50.050000,70.000000
0.570389,0.531641,0.531933,0.255156,50.050000,70.000000
-0.708309,-0.545187,0.383147,-0.118063,50.050000,70.000000
-0.965516,0.576203,5.161568,2.321664,50.050000,70.000000
0.246037,-0.855836,27.559976,-0.560488,50.050000,70.000000
-0.039303,-0.563715,1.936222,-1.644636,50.050000,70.000000
-0.355414,0.557997,-0.977768,0.524072,50.050000,70.000000
0.256005,0.675189,4.165005,-2.498374,50.050000,70.000000
-0.092444,0.295032,0.098018,-0.067423,50.050000,70.000000
0.609035,0.059025,-2.007831,0.178744,50.050000,70.000000
0.029768,0.318538,-0.236960,0.988891,50.050000,70.000000
-0.329102,0.779479,-0.428165,0.368512,50.050000,70.000000
0.698758,0.024710,-1.173337,0.033583,50.050000,70.000000
-0.692236,-0.411541,0.106365,0.084824,50.050000,70.000000
-0.768315,0.935393,0.763930,0.540302,50.050000,70.000000
-0.853715,-0.394214,1.727137,-0.559943,50.050000,70.000000
0.450854,-0.493951,0.229873,-0.146166,50.050000,70.000000
0.162741,-0.819943,4.969302,-0.705780,50.050000,70.000000
-0.776108,-0.046520,-0.074453,-0.124666,50.050000,70.000000
0.143903,0.579269,-5.774379,4.969215,50.050000,70.000000
-0.232113,0.872667,-0.227119,0.071543,50.050000,70.000000
0.913292,-0.293748,0.649398,-0.265465,50.050000,70.000000
0.972866,0.967105,0.746142,0.486508,50.050000,70.000000
0.139453,-0.218548,0.122193,0.049312,50.050000,70.000000
0.869783,0.445229,0.383340,0.125480,50.050000,70.000000
0.970380,-0.827851,1.002939,-0.611624,50.050000,70.000000
0.309414,0.325073,-0.229446,0.556663,50.050000,70.000000
-0.504824,-0.580775,-0.752371,-0.376047,50.050000,70.000000
0.920571,0.031339,-0.880290,0.053872,50.050000,70.000000
0.712405,-0.609310,0.691934,-0.568517,50.050000,70.000000
-0.675002,-0.754140,0.703068,-0.723386,50.050000,70.000000
-0.826358,-0.601406,-0.653598,-0.165764,50.050000,70.000000
0.169430,-0.388936,-0.271585,0.825878,50.050000,70.000000
-0.845264,-0.360043,-0.396788,0.096836,50.050000,70.000000
0.749971,0.767675,0.572543,0.355936,50.050000,70.000000
0.306308,0.116302,-0.258529,0.028817,50.050000,70.000000
0.695007,0.987501,-0.645105,0.452443,50.050000,70.000000
0.928525,-0.277369,-1.353510,0.096816,50.050000,70.000000
0.255513,0.401277,-1.235168,0.550553,50.050000,70.000000
0.262536,0.438093,1.903774,0.527962,50.050000,70.000000
-0.972032,-0.940092,-0.233763,0.165062,50.050000,70.000000
-0.118671,-0.497010,-4.632916,-3.206918,50.050000,70.000000
0.754060,-0.512029,0.140248,0.103236,50.050000,70.000000
0.324256,-0.235579,0.547120,0.327574,50.050000,70.000000
0.629876,0.319995,-0.534943,0.387398,50.050000,70.000000
0.149589,0.150210,11.557778,18.777963,50.050000,70.000000
0.577094,-0.784670,0.921266,-0.112528,50.050000,70.000000
0.051563,0.614721,-1.498084,-11.835531,50.050000,70.000000
-0.381288,-0.312364,-0.229181,0.045173,50.050000,70.000000
0.100748,-0.729722,-2.053116,-1.937276,50.050000,70.000000
-0.431339,0.481293,-2.538140,-1.127899,50.050000,70.000000
-0.904917,-0.938404,0.841632,-0.904214,50.050000,70.000000
0.249054,-0.157821,6.185971,0.493144,50.050000,70.000000
-0.504531,0.350245,-0.553918,0.310039,50.050000,70.000000
0.567066,0.675798,0.611053,0.630107,50.050000,70.000000
0.145324,0.454156,-4.224998,-4.608194,50.050000,70.000000
0.998263,-0.199605,-0.280052,0.070704,50.050000,70.000000
-0.753766,-0.542316,0.521793,-0.380767,50.050000,70.000000
-0.702097,-0.138009,-12.488528,-0.104604,50.050000,70.000000
0.478790,-0.981795,0.151055,0.118646,50.050000,70.000000
0.977353,0.377758,-4.638242,-1.423348,50.050000,70.000000
0.972519,-0.871961,-0.555877,-0.603624,50.050000,70.000000
0.952626,0.785090,-0.391098,0.029460,50.050000,70.000000
-0.986042,-0.404190,28.885309,13.503932,50.050000,70.000000
0.776481,0.313062,0.672963,0.045503,50.050000,70.000000
-0.363088,-0.420208,-0.081154,-0.059252,50.050000,70.000000
-0.441856,-0.276740,-0.224774,-0.081359,50.050000,70.000000
0.831364,0.729773,0.657979,0.450062,50.050000,70.000000
-0.709529,0.947862,0.464725,0.069825,50.050000,70.000000
0.723556,0.797985,0.737384,0.788900,50.050000,70.000000
-0.258334,0.183541,-0.183865,0.011816,50.050000,70.000000
0.780231,-0.654815,0.745477,-0.651039,50.050000,70.000000
0.516588,0.302161,0.333931,0.074207,50.050000,70.000000
0.411731,-0.041329,-0.271078,0.052235,50.050000,70.000000
-0.608359,-0.681534,0.631117,-0.450329,50.050000,70.000000
-0.548709,-0.148661,0.511357,-0.078390,50.050000,70.000000
-0.545416,-0.801298,-0.815941,-0.231303,50.050000,70.000000
0.590856,0.521576,0.580025,0.306846,50.050000,70.000000
0.128007,-0.590031,0.318257,0.448825,50.050000,70.000000
-0.650526,0.607733,0.108877,-0.111645,50.050000,70.000000
0.171613,0.294540,0.172708,0.149274,50.050000,70.000000
0.339960,-0.295642,-6.384585,0.327909,50.050000,70.000000
-0.863082,0.183252,-0.426862,0.065776,50.050000,70.000000
-0.078066,-0.052183,-0.073543,0.055047,50.050000,70.000000
0.956783,0.646268,0.423216,0.295274,50.050000,70.000000
-0.178565,0.854166,-0.023379,-0.176877,50.050000,70.000000
-0.024320,-0.743178,-2.830556,-0.265301,50.050000,70.000000
-0.585596,-0.110745,0.368730,-0.029728,50.050000,70.000000
0.704962,0.291577,-0.536451,0.141782,50.050000,70.000000
0.542604,-0.461755,-0.328377,-0.012493,50.050000,70.000000
-0.716563,0.717954,0.661689,0.554543,50.050000,70.000000
0.657814,-0.118339,0.496526,0.036292,50.050000,70.000000
-0.927750,-0.692822,-0.903191,-0.513868,50.050000,70.000000
-0.253545,0.675433,-0.226219,2.110436,50.050000,70.000000
-0.003902,0.424785,-3.669787,1.286572,50.050000,70.000000
-0.637018,-0.360158,0.535709,-0.238811,50.050000,70.000000
0.831196,-0.088769,2.574393,0.282043,50.050000,70.000000
0.060676,-0.219241,-7.989247,-8.742141,50.050000,70.000000
-0.783055,-0.798293,0.248221,0.070604,50.050000,70.000000
-0.905943,-0.182274,2.873943,1.742873,50.050000,70.000000
0.514287,-0.386635,0.426839,-0.246462,50.050000,70.000000
-0.174798,0.164986,0.109753,-0.062529,50.050000,70.000000
0.915992,-0.915285,-0.793323,-0.861917,50.050000,70.000000
0.799189,-0.034010,-2.491209,0.131481,50.050000,70.000000
0.401865,0.139054,0.118518,-0.023658,50.050000,70.000000
-0.924009,0.186733,2.888156,0.618967,50.050000,70.000000
0.428490,-0.372349,0.459067,-0.199188,50.050000,70.000000
-0.075986,0.895670,0.791406,-3.308181,50.050000,70.000000
-0.467118,-0.859213,0.979488,0.969699,50.050000,70.000000
-0.796775,0.610572,-0.552409,0.117312,50.050000,70.000000
-0.111609,0.191977,-2.697657,-0.182568,50.050000,70.000000
0.563378,0.701285,-0.411205,0.276206,50.050000,70.000000
0.493110,-0.298603,0.421862,-0.206895,50.050000,70.000000
-0.628397,0.532844,0.683960,0.507489,50.050000,70.000000
-0.483358,0.196159,0.452178,0.204820,50.050000,70.000000
0.841733,0.999021,-0.351458,0.089821,50.050000,70.000000
0.537561,0.787228,-0.917737,0.546083,50.050000,70.000000
0.940186,-0.289195,-0.318103,-0.020446,50.050000,70.000000
-0.507673,-0.452155,0.629267,-0.346372,50.050000,70.000000
0.625667,-0.419614,-0.586173,-0.407974,50.050000,70.000000
-0.459228,-0.249510,0.495110,-0.180917,50.050000,70.000000
0.487087,0.476843,-0.052592,-0.095800,50.050000,70.000000
0.294997,0.017534,0.280629,0.074696,50.050000,70.000000
0.696073,0.890728,-0.532490,0.503909,50.050000,70.000000
0.458868,0.188629,0.314486,0.078878,50.050000,70.000000
0.282094,-0.839246,-5.841870,-2.292980,50.050000,70.000000
0.787139,-0.555996,0.665666,-0.625540,50.050000,70.000000
-0.631230,0.911673,-0.613530,0.235786,50.050000,70.000000
0.484825,0.447356,-0.554176,0.183317,50.050000,70.000000
0.714817,-0.072599,-0.270804,-0.069730,50.050000,70.000000
-0.175163,0.034591,0.105184,0.025010,50.050000,70.000000
-0.633460,-0.564161,-0.685565,-0.509092,50.050000,70.000000
0.150853,-0.611074,21.194351,17.285853,50.050000,70.000000
-0.328786,0.091173,-0.680534,-0.059214,50.050000,70.000000
0.343268,-0.687958,1.661393,0.783334,50.050000,70.000000
-0.516901,0.450353,0.259241,0.031161,50.050000,70.000000
-0.920227,-0.259939,0.216628,0.135200,50.050000,70.000000
-0.801295,0.642056,-0.687090,0.451556,50.050000,70.000000
-0.958214,-0.701975,0.563612,-0.885729,50.050000,70.000000
-0.100868,0.712741,-0.527222,0.192470,50.050000,70.000000
-0.961270,-0.062508,-2.283243,-0.027655,50.050000,70.000000
-0.572482,0.297047,-0.548336,0.309752,50.050000,70.000000
0.465283,0.007509,-0.278916,-0.119200,50.050000,70.000000
0.205158,0.097228,-0.203780,-0.011193,50.050000,70.000000
0.118564,0.702799,-3.047909,2.324493,50.050000,70.000000
-0.055067,0.480705,2.316536,-47.777327,50.050000,70.000000
-0.784299,0.280867,0.529907,-0.052139,50.050000,70.000000
0.538740,0.607649,0.573090,0.596565,50.050000,70.000000
0.756339,-0.209841,0.857269,-3.647987,50.050000,70.000000
-0.792874,0.166401,0.227119,-0.074099,50.050000,70.000000
0.706308,0.917752,0.909996,0.620534,50.050000,70.000000
0.655806,0.125607,5.725934,1.300790,50.050000,70.000000
-0.929470,0.391123,-1.077801,-4.766200,50.050000,70.000000
-0.393246,0.713940,-0.323845,0.373675,50.050000,70.000000
-0.811719,-0.556213,0.342300,0.049709,50.050000,70.000000
-0.266908,0.084493,-0.270111,-0.030385,50.050000,70.000000
0.077241,0.197772,5.103285,-0.456028,50.050000,70.000000
-0.043185,0.189066,0.071258,0.064477,50.050000,70.000000
-0.375269,0.861287,-0.216537,0.084313,50.050000,70.000000
-0.344420,-0.671427,1.111864,22.000595,50.050000,70.000000
-0.671228,0.668612,0.709018,0.466121,50.050000,70.000000
-0.632600,-0.106196,-3.599123,-0.410351,50.050000,70.000000
-0.831598,-0.675171,0.855374,-0.661454,50.050000,70.000000
0.405921,0.319534,3.591407,1.027594,50.050000,70.000000
0.406540,0.713359,-0.727365,-1.684490,50.050000,70.000000
-0.570841,-0.127289,0.472787,-0.078175,50.050000,70.000000
0.654160,0.467891,-0.564535,0.384092,50.050000,70.000000
-0.160519,0.164544,0.129973,0.116443,50.050000,70.000000
-0.515552,-0.885092,1.604758,-0.741652,50.050000,70.000000
0.254288,-0.184078,0.244391,-0.163082,50.050000,70.000000
0.206045,-0.994242,3.498862,-2.551297,50.050000,70.000000
-0.233424,0.837102,-8.381985,-2.506771,50.050000,70.000000
-0.832265,0.118924,-0.544967,-0.052332,50.050000,70.000000
0.759329,0.040741,0.505049,0.025465,50.050000,70.000000
0.726550,-0.875909,-0.595369,-0.616089,50.050000,70.000000
0.600746,0.732590,0.565692,0.641166,50.050000,70.000000
0.648442,0.363864,-0.420272,0.126879,50.050000,70.000000
-0.534627,0.520965,0.674778,0.380819,50.050000,70.000000
-0.148908,-0.701171,-11.827066,0.170870,50.050000,70.000000
-0.577575,0.698403,0.787511,0.588479,50.050000,70.000000
0.053425,-0.078456,0.054411,0.010216,50.050000,70.000000
-0.604216,0.940532,-0.950242,0.747768,50.050000,70.000000
-0.483736,-0.144108,-0.458273,-0.099192,50.050000,70.000000
-0.025047,-0.962175,-1.433420,-2.710669,50.050000,70.000000
0.727288,-0.476075,-0.586065,-0.548250,50.050000,70.000000
0.599995,0.114495,0.461218,0.073225,50.050000,70.000000
0.323357,0.660734,-9.735567,35.072255,50.050000,70.000000
0.955579,0.411378,-0.998229,-0.209508,50.050000,70.000000
0.027098,-0.571841,0.075795,-0.402680,50.050000,70.000000
-0.932805,0.350907,-8.798531,-1.222763,50.050000,70.000000
-0.306827,-0.836897,0.313395,-0.311334,50.050000,70.000000
0.272252,-0.262599,-0.209190,0.043926,50.050000,70.000000
0.492778,0.120945,4.228677,1.374444,50.050000,70.000000
0.719448,-0.241251,-0.106200,0.018964,50.050000,70.000000
-0.704224,0.107332,0.701306,0.253207,50.050000,70.000000
-0.064813,0.682232,12.175849,-14.790509,50.050000,70.000000
0.270763,0.712381,-8.755324,-1.798333,50.050000,70.000000
0.995208,0.457488,-0.663067,0.690373,50.050000,70.000000
0.997719,0.665175,0.750926,0.717535,50.050000,70.000000
-0.395447,-0.276173,0.377929,0.371389,50.050000,70.000000
0.352518,0.762863,0.839903,0.262897,50.050000,70.000000
-0.566023,0.848554,0.102700,0.144636,50.050000,70.000000
-0.359305,-0.841805,0.289858,0.269276,50.050000,70.000000
-0.224567,-0.302882,0.911536,-0.081264,50.050000,70.000000
-0.535841,0.118356,0.560607,0.212407,50.050000,70.000000
-0.798045,-0.749233,-0.773443,-0.700627,50.050000,70.000000
-0.358387,0.590589,-1.145884,-0.117661,50.050000,70.000000
0.036832,-0.970733,-8.294074,45.420562,50.050000,70.000000
0.892192,-0.935622,-0.840882,-0.940620,50.050000,70.000000
0.997679,-0.010929,-3.075083,0.122226,50.050000,70.000000
0.318111,0.491253,0.651798,0.548058,50.050000,70.000000
0.484921,0.066757,0.505064,0.162008,50.050000,70.000000
-0.012212,0.758248,1.410378,-7.371278,50.050000,70.000000
-0.124466,0.100287,-0.260161,-0.367553,50.050000,70.000000
-0.474462,-0.280352,-0.508051,-0.217934,50.050000,70.000000
0.122609,0.684036,4.189549,-6.084824,50.050000,70.000000
0.586470,0.807039,-0.279429,0.149734,50.050000,70.000000
-0.098689,-0.662402,0.151020,-4.602870,50.050000,70.000000
-0.994079,0.518030,-0.824524,0.594299,50.050000,70.000000
0.524977,-0.713984,-0.113589,0.069375,50.050000,70.000000
0.076603,-0.525152,19.680499,16.155004,50.050000,70.000000
-0.229796,-0.174085,0.470020,0.858613,50.050000,70.000000
0.161683,-0.596226,-21.222608,0.151201,50.050000,70.000000
-0.763527,-0.594192,0.446192,-0.134300,50.050000,70.000000
-0.577539,-0.695617,0.696848,-0.530892,50.050000,70.000000
0.761286,0.930431,0.874126,0.748775,50.050000,70.000000
-0.241801,0.042190,0.205898,-0.026820,50.050000,70.000000
-0.911857,0.426436,-0.337815,0.839040,50.050000,70.000000
-0.887749,-0.400064,-0.591385,-0.486613,50.050000,70.000000
0.128835,-0.677220,0.254452,-0.592686,50.050000,70.000000
-0.029149,0.099314,0.042557,0.031768,50.050000,70.000000
-0.827269,0.088212,-0.290089,0.019095,50.050000,70.000000
0.582148,0.165888,0.498536,0.201444,50.050000,70.000000
0.082259,0.535166,0.339547,-0.143539,50.050000,70.000000
0.527962,-0.545063,0.623192,-0.322518,50.050000,70.000000
-0.869254,0.446606,-0.484118,0.235913,50.050000,70.000000
0.109166,0.747399,-0.050392,-0.122352,50.050000,70.000000
-0.465831,0.778506,-0.512955,0.536145,50.050000,70.000000
0.356861,-0.243049,0.379554,-0.232527,50.050000,70.000000
-0.918877,0.428596,-5.375978,0.446263,50.050000,70.000000
-0.594997,-0.107375,2.102688,-0.798749,50.050000,70.000000
-0.646870,0.060541,1.407202,0.008941,50.050000,70.000000
-0.485131,0.396522,-0.627385,0.270095,50.050000,70.000000
0.348825,0.707863,-15.999506,-5.118632,50.050000,70.000000
-0.952850,-0.549339,3.324063,-1.260164,50.050000,70.000000
-0.743921,0.912374,-0.704837,0.721224,50.050000,70.000000
0.269568,0.628760,0.396851,1.096128,50.050000,70.000000
-0.436760,-0.628852,-0.133636,0.159025,50.050000,70.000000
0.878984,-0.915575,-0.614287,-0.438289,50.050000,70.000000
-0.073524,0.276017,0.343571,1.006653,50.050000,70.000000
-0.982945,-0.350382,-19.649293,20.728130,50.050000,70.000000
-0.871556,-0.240593,-0.368257,1.396017,50.050000,70.000000
0.356345,-0.902801,-0.067511,-0.010797,50.050000,70.000000
0.623147,-0.770728,-0.558069,-0.621929,50.050000,70.000000
0.372432,-0.531295,5.668663,1.292475,50.050000,70.000000
0.516805,-0.054586,0.924616,0.087894,50.050000,70.000000
0.567489,-0.207794,-0.096911,0.075464,50.050000,70.000000
-0.385447,-0.204847,5.319386,0.590230,50.050000,70.000000
-0.857881,-0.409367,-0.265303,0.095080,50.050000,70.000000
-0.231066,0.468583,1.947733,9.026253,50.050000,70.000000
-0.519154,0.573668,0.527467,0.372525,50.050000,70.000000
-0.356632,0.088238,0.324936,0.037852,50.050000,70.000000
-0.987354,-0.466537,-0.349917,0.285912,50.050000,70.000000
0.908612,-0.955678,-0.738787,-0.741562,50.050000,70.000000
-0.077377,-0.476060,-0.109969,0.073474,50.050000,70.000000
0.866905,0.079222,-0.216051,0.016087,50.050000,70.000000
-0.512735,0.464833,-0.570141,0.257727,50.050000,70.000000
0.449443,-0.204532,-0.334584,-0.083291,50.050000,70.000000
0.436689,-0.569537,0.104417,-1.331728,50.050000,70.000000
-0.208180,-0.882570,10.143607,1.823318,50.050000,70.000000
0.648024,-0.660944,-0.328257,-0.104226,50.050000,70.000000
-0.485584,0.784658,-0.190595,-0.025795,50.050000,70.000000
-0.251620,-0.983662,2.726811,3.117418,50.050000,70.000000
-0.401958,0.297692,4.755209,1.191118,50.050000,70.000000
-0.696871,-0.304999,0.359690,-0.277935,50.050000,70.000000
-0.123140,0.378814,5.367353,-24.991242,50.050000,70.000000
0.730191,0.318598,0.822670,0.361740,50.050000,70.000000
0.670842,0.836519,0.553859,0.544699,50.050000,70.000000
-0.631646,-0.082534,-1.127059,0.168951,50.050000,70.000000
0.846619,-0.872141,0.850970,-0.848751,50.050000,70.000000
-0.065879,0.764808,-2.202634,-1.300874,50.050000,70.000000
0.130873,-0.421671,0.096409,0.155502,50.050000,70.000000
0.977287,-0.741758,-0.857360,-0.573153,50.050000,70.000000
-0.718848,0.320331,-0.463462,0.297980,50.050000,70.000000
-0.196845,-0.371618,-1.159182,-0.629386,50.050000,70.000000
0.216109,0.145728,-0.058231,-0.047814,50.050000,70.000000
-0.748079,-0.962014,0.688451,-0.339323,50.050000,70.000000
-0.573695,-0.091381,0.020545,-0.170278,50.050000,70.000000
0.162618,-0.883709,13.147531,-11.888466,50.050000,70.000000
-0.501615,-0.636351,-0.503103,-0.388486,50.050000,70.000000
0.856016,-0.944634,-0.832245,-0.877066,50.050000,70.000000
-0.455793,-0.510361,0.609948,-0.226809,50.050000,70.000000
0.360643,-0.680189,-0.819033,0.137381,50.050000,70.000000
0.064364,-0.229716,0.351913,-0.256578,50.050000,70.000000
-0.841363,-0.794525,0.869525,-0.760725,50.050000,70.000000
0.411670,0.932838,0.227134,-0.942897,50.050000,70.000000
0.207598,-0.893536,-4.517893,0.006709,50.050000,70.000000
0.343899,-0.081538,0.288179,0.047635,50.050000,70.000000
-0.401804,0.872677,0.712837,0.328178,50.050000,70.000000
-0.923043,0.424477,0.776891,0.342194,50.050000,70.000000
0.191364,0.258664,0.032325,-0.158641,50.050000,70.000000
-0.632079,0.655957,0.017395,-0.122344,50.050000,70.000000
0.666797,0.864189,-0.740726,0.525683,50.050000,70.000000
0.416819,-0.530011,0.967463,4.296373,50.050000,70.000000
0.104859,0.360245,1.076215,-0.446417,50.050000,70.000000
0.642494,0.391201,0.485014,0.212173,50.050000,70.000000
0.910283,-0.878218,0.614365,-0.321780,50.050000,70.000000
-0.211675,0.375160,18.737323,16.333778,50.050000,70.000000
-0.686913,-0.949269,-0.637881,-0.827416,50.050000,70.000000
-0.359660,-0.810445,0.004556,0.203829,50.050000,70.000000
0.848985,0.899042,0.837654,0.698005,50.050000,70.000000
0.196750,0.774553,-0.559111,0.720819,50.050000,70.000000
-0.080233,-0.478986,-7.176389,2.451042,50.050000,70.000000
-0.315142,-0.585987,-0.147538,-0.543810,50.050000,70.000000
-0.675786,0.072907,11.572949,0.643388,50.050000,70.000000
-0.654471,0.300541,0.477961,0.448046,50.050000,70.000000
-0.800117,0.435414,-0.350982,0.174799,50.050000,70.000000
0.000267,0.494175,-1.173787,26.959695,50.050000,70.000000
-0.398226,-0.977809,0.057573,-0.194101,50.050000,70.000000
-0.041495,0.594575,1.238678,-1.279170,50.050000,70.000000
-0.971639,-0.334808,16.597732,-11.587360,50.050000,70.000000
0.880691,-0.228394,0.731643,-0.040521,50.050000,70.000000
-0.624899,-0.684533,0.814424,-0.581009,50.050000,70.000000
-0.939586,0.385525,-0.168585,0.878749,50.050000,70.000000
-0.484111,-0.458000,-0.491713,-0.206591,50.050000,70.000000
0.390520,-0.533434,12.534209,3.063100,50.050000,70.000000
0.567959,-0.313789,-0.126273,0.050142,50.050000,70.000000
0.152261,-0.941457,-0.122748,-0.210709,50.050000,70.000000
0.928482,-0.997489,0.893190,-0.792274,50.050000,70.000000
-0.799450,-0.355629,-0.808648,-0.372633,50.050000,70.000000
0.946597,-0.540956,-0.712689,-0.554825,50.050000,70.000000
0.155316,0.390681,-0.107800,-0.677703,50.050000,70.000000
0.181001,0.082096,-0.308217,-0.021889,50.050000,70.000000
-0.208681,0.694817,0.965286,0.480641,50.050000,70.000000
-0.214971,0.980995,-0.772709,0.279593,50.050000,70.000000
-0.419158,-0.791969,3.065545,-0.008128,50.050000,70.000000
-0.624600,0.353082,0.122128,-0.059879,50.050000,70.000000
0.251584,0.374473,8.267594,-0.159005,50.050000,70.000000
-0.236396,0.895239,-0.099376,1.336084,50.050000,70.000000
0.287902,0.768774,2.500180,-2.175712,50.050000,70.000000
0.777995,-0.237651,0.759144,-0.196787,50.050000,70.000000
-0.202023,0.607765,-18.753067,-24.536401,50.050000,70.000000
0.703524,0.128774,-21.757384,-3.503585,50.050000,70.000000
0.300077,-0.598076,16.701703,0.785633,50.050000,70.000000
0.129442,-0.474608,5.375317,-0.357623,50.050000,70.000000
-0.737769,0.309434,-0.784977,0.340242,50.050000,70.000000
0.657709,0.114247,0.583796,0.110274,50.050000,70.000000
0.156629,0.468478,1.349104,-1.922089,50.050000,70.000000
-0.295537,0.915742,-3.302851,0.403117,50.050000,70.000000
0.880968,0.433195,0.487421,-0.109264,50.050000,70.000000
0.701701,-0.508895,-0.323232,-0.038422,50.050000,70.000000
-0.996109,0.404076,-1.079810,4.877672,50.050000,70.000000
-0.699795,0.538577,-0.284747,0.025299,50.050000,70.000000
-0.133631,0.067588,0.113996,-0.055034,50.050000,70.000000
-0.041203,-0.505382,1.171805,-1.390199,50.050000,70.000000
0.048291,-0.376214,-1.199998,-1.525661,50.050000,70.000000
0.976387,0.142346,-2.712295,-0.331624,50.050000,70.000000
0.407905,-0.332588,-2.973307,1.832396,50.050000,70.000000
0.186457,-0.210559,0.416739,0.137493,50.050000,70.000000
-0.870120,-0.108296,-0.448638,0.142813,50.050000,70.000000
-0.135427,-0.116026,0.735232,-0.267110,50.050000,70.000000
-0.041072,-0.304857,-0.404720,-0.159999,50.050000,70.000000
0.265107,-0.338983,-0.122373,0.305386,50.050000,70.000000
0.716680,-0.759045,-0.647431,-0.489932,50.050000,70.000000
0.724407,-0.891937,0.090082,0.168455,50.050000,70.000000
-0.778830,0.201277,-8.347287,-0.778033,50.050000,70.000000
0.862046,0.403827,-0.451193,0.804283,50.050000,70.000000
-0.872925,0.748410,0.663388,0.613823,50.050000,70.000000
0.530100,-0.603855,0.476607,-0.361303,50.050000,70.000000
-0.990933,-0.608961,-0.576495,0.021403,50.050000,70.000000
-0.799699,-0.547354,-0.601010,-0.624246,50.050000,70.000000
0.622646,0.804530,0.022221,-0.160521,50.050000,70.000000
-0.268841,-0.414004,24.906453,13.421245,50.050000,70.000000
-0.169605,-0.543902,0.000944,1.433380,50.050000,70.000000
0.637611,0.332815,0.491829,0.355807,50.050000,70.000000
-0.383108,-0.896688,0.219678,0.083844,50.050000,70.000000
-0.633874,0.478307,0.435525,0.185881,50.050000,70.000000
0.898723,0.835969,0.739554,0.598570,50.050000,70.000000
0.125036,-0.524145,-10.447162,10.723580,50.050000,70.000000
0.692051,-0.693148,0.631683,-0.513592,50.050000,70.000000
0.253909,-0.544286,0.196364,14.242647,50.050000,70.000000
0.180982,-0.237799,-3.639461,2.215224,50.050000,70.000000
-0.684234,0.082877,-0.511699,-0.145549,50.050000,70.000000
0.919537,0.652933,-0.515893,0.225541,50.050000,70.000000
-0.156940,0.306388,-0.378131,-0.107403,50.050000,70.000000
-0.541037,0.791790,-0.403913,0.372611,50.050000,70.000000
-0.385845,-0.889443,-0.543768,-0.594276,50.050000,70.000000
-0.861188,0.017682,0.478505,-0.115829,50.050000,70.000000
-0.812544,-0.422097,-0.291739,0.094558,50.050000,70.000000
-0.187707,-0.797576,-0.280689,-0.161421,50.050000,70.000000
-0.857686,0.876456,-0.438190,0.028478,50.050000,70.000000
0.593908,-0.192946,0.177378,0.054143,50.050000,70.000000
-0.847768,-0.429377,-0.770497,-0.461298,50.050000,70.000000
-0.531844,-0.700091,0.142265,0.065564,50.050000,70.000000
-0.424624,-0.663511,-1.383915,4.036172,50.050000,70.000000
0.374044,0.556536,8.848201,1.964258,50.050000,70.000000
-0.307728,0.014852,-0.193906,0.006190,50.050000,70.000000
-0.378211,-0.587921,0.510649,0.019917,50.050000,70.000000
0.816435,-0.177756,-1.842688,-0.036948,50.050000,70.000000
0.455942,-0.977719,-0.562810,-0.147852,50.050000,70.000000
-0.518311,0.741979,-0.457687,0.606507,50.050000,70.000000
0.447377,-0.928833,-12.145761,28.767766,50.050000,70.000000
-0.894029,0.046367,1.205487,0.278371,50.050000,70.000000
-0.707603,-0.675606,-0.467485,-0.250772,50.050000,70.000000
-0.914489,0.186319,-4.715203,0.294575,50.050000,70.000000
-0.542786,-0.604836,-0.351821,-0.119224,50.050000,70.000000
0.528111,-0.040139,0.399699,0.048012,50.050000,70.000000
-0.621705,0.997239,1.013466,0.749477,50.050000,70.000000
0.587689,-0.705060,-0.749210,-0.611725,50.050000,70.000000
0.049264,-0.027539,0.021177,-0.027340,50.050000,70.000000
-0.844129,0.723196,-0.840554,0.674763,50.050000,70.000000
0.758783,0.870521,-0.503420,0.406467,50.050000,70.000000
0.847880,0.323233,11.196707,5.350268,50.050000,70.000000
0.571970,-0.901623,-0.971332,-0.700859,50.050000,70.000000
0.418148,-0.189311,-0.631719,-0.077204,50.050000,70.000000
0.245700,-0.512125,6.273295,-4.387720,50.050000,70.000000
0.707375,0.846618,-0.641265,0.397522,50.050000,70.000000
-0.896058,-0.045360,3.141188,-0.034923,50.050000,70.000000
-0.365056,0.496070,-0.171252,0.136967,50.050000,70.000000
-0.558348,-0.161987,-0.252440,-0.101027,50.050000,70.000000
-0.510105,0.670577,-0.559801,0.654216,50.050000,70.000000
0.390515,-0.618335,0.505165,-0.102049,50.050000,70.000000
-0.353967,0.879676,0.395042,-0.959428,50.050000,70.000000
0.715630,-0.400449,-0.018209,0.124389,50.050000,70.000000
-0.340771,0.662514,-1.127359,-0.932528,50.050000,70.000000
0.876101,0.636961,-0.525397,0.292958,50.050000,70.000000
-0.601938,-0.771492,0.578297,-0.614032,50.050000,70.000000
-0.473489,0.078607,-0.378463,-0.159297,50.050000,70.000000
-0.857254,0.130279,-1.618425,-0.282349,50.050000,70.000000
-0.396379,0.066298,0.420492,0.107486,50.050000,70.000000
0.275105,-0.311985,-1.166941,0.095200,50.050000,70.000000
0.476249,0.320180,-0.388954,0.091614,50.050000,70.000000
-0.734983,-0.865540,0.688328,-0.677867,50.050000,70.000000
0.876489,-0.843955,0.754816,-0.642858,50.050000,70.000000
-0.359775,-0.739896,0.241930,-0.262742,50.050000,70.000000
0.574999,0.007750,0.759504,-0.001031,50.050000,70.000000
0.262426,0.601980,-0.320461,1.554780,50.050000,70.000000
-0.526357,-0.482310,0.594674,-0.258733,50.050000,70.000000
-0.191521,-0.887510,5.614368,-1.381618,50.050000,70.000000
-0.384808,0.538739,-8.419661,0.854814,50.050000,70.000000
0.588490,0.751834,0.518053,0.600186,50.050000,70.000000
0.068331,0.431603,-12.003375,28.076063,50.050000,70.000000
-0.047796,0.694220,-0.108999,-0.903308,50.050000,70.000000
-0.247469,0.794979,-0.854717,-0.804039,50.050000,70.000000
-0.791995,0.942320,0.909906,0.890025,50.050000,70.000000
-0.421963,0.075475,0.994020,-0.110543,50.050000,70.000000
0.510773,0.555755,-0.689115,0.390067,50.050000,70.000000
0.569705,-0.972981,0.894055,-0.843451,50.050000,70.000000
-0.889199,-0.767918,0.924248,-0.741448,50.050000,70.000000
-0.403741,0.327018,-0.378196,0.235065,50.050000,70.000000
0.183400,0.405132,2.040818,-1.187729,50.050000,70.000000
-0.953534,-0.052959,-11.832547,0.573937,50.050000,70.000000
-0.087975,-0.592876,8.802707,8.567622,50.050000,70.000000
-0.461440,0.573780,-0.063360,-0.147471,50.050000,70.000000
-0.472621,0.653826,-0.490377,0.599484,50.050000,70.000000
0.859436,0.545120,-0.928354,0.497142,50.050000,70.000000
-0.165395,0.213410,-0.016118,-0.026836,50.050000,70.000000
0.784906,-0.088227,0.636852,-0.008075,50.050000,70.000000
-0.826503,0.961290,0.600693,0.533210,50.050000,70.000000
0.408371,-0.509584,2.482611,-0.464544,50.050000,70.000000
-0.586648,0.201347,0.270136,-0.004432,50.050000,70.000000
0.042247,0.039204,-0.018203,-0.032742,50.050000,70.000000
0.898451,0.271004,0.340762,0.869057,50.050000,70.000000
0.763968,0.003525,0.895319,0.014336,50.050000,70.000000
-0.756897,0.832614,0.830109,0.784209,50.050000,70.000000
-0.260292,-0.728032,1.583968,1.409187,50.050000,70.000000
-0.031073,-0.245395,1.351008,-2.500176,50.050000,70.000000
-0.356578,0.991119,1.159820,1.013157,50.050000,70.000000
-0.261963,-0.814148,0.121892,-0.969285,50.050000,70.000000
0.622431,-0.796101,-0.582770,-0.457672,50.050000,70.000000
-0.069805,0.779045,-3.596700,5.128698,50.050000,70.000000
-0.583898,0.429785,-0.368451,0.138634,50.050000,70.000000
-0.601488,0.798501,-1.395140,0.561125,50.050000,70.000000
0.399791,-0.718343,19.413595,11.420264,50.050000,70.000000
0.813648,0.978528,-0.820595,0.928531,50.050000,70.000000
0.124924,-0.405025,-3.568030,-13.829452,50.050000,70.000000
0.741578,-0.297810,0.690843,-0.270737,50.050000,70.000000
0.702305,-0.363385,-0.407364,-0.289074,50.050000,70.000000
0.595568,-0.282235,0.307765,-0.001827,50.050000,70.000000
0.473820,-0.505152,-0.426121,-0.364998,50.050000,70.000000
-0.085373,-0.867342,1.276955,1.517974,50.050000,70.000000
0.584026,-0.271382,-0.548151,-0.298608,50.050000,70.000000
0.881928,0.570886,0.548039,0.226456,50.050000,70.000000
0.885492,0.463680,-0.807153,0.414068,50.050000,70.000000
-0.935487,-0.732001,0.958283,-0.713336,50.050000,70.000000
-0.740118,0.843605,0.795666,0.748171,50.050000,70.000000
0.473422,0.801753,-0.691847,0.627437,50.050000,70.000000
-0.938718,0.972328,11.098919,-6.284533,50.050000,70.000000
-0.091494,0.252718,0.878981,-0.710744,50.050000,70.000000
-0.576301,0.109189,3.650390,2.201282,50.050000,70.000000
-0.862644,-0.463999,0.511818,-0.380849,50.050000,70.000000
-0.430710,-0.941666,15.409043,26.748356,50.050000,70.000000
-0.582677,0.941541,-0.944449,0.742163,50.050000,70.000000
0.473643,0.518386,0.409554,0.305755,50.050000,70.000000
0.515342,-0.638637,-0.374084,-0.324937,50.050000,70.000000
0.435054,-0.044977,-0.429015,-0.197892,50.050000,70.000000
0.075858,0.938805,-2.754345,-0.435862,50.050000,70.000000
0.487290,-0.111017,-0.524312,-0.138209,50.050000,70.000000
0.139872,0.825905,-12.919213,0.390315,50.050000,70.000000
0.980588,0.750895,-0.801493,0.582058,50.050000,70.000000
0.284923,0.700406,-0.109984,0.470741,50.050000,70.000000
-0.278645,0.807770,1.751782,1.483940,50.050000,70.000000
0.195911,0.679748,-1.278356,0.533404,50.050000,70.000000
0.518664,-0.816729,-1.496048,-0.621923,50.050000,70.000000
-0.766428,0.651003,-0.779182,0.641334,50.050000,70.000000
-0.594893,-0.364129,-0.575815,-0.364885,50.050000,70.000000
0.080061,-0.409993,-1.155245,-0.419175,50.050000,70.000000
-0.754747,0.970983,0.981634,0.886441,50.050000,70.000000
-0.682012,-0.574322,0.685623,-0.563904,50.050000,70.000000
-0.625815,-0.067903,0.150122,0.002825,50.050000,70.000000
0.751720,0.165114,-0.102871,-0.077933,50.050000,70.000000
-0.927718,-0.150047,-4.412805,1.142642,50.050000,70.000000
0.155139,-0.584263,8.251364,-0.183756,50.050000,70.000000
0.300047,0.898234,23.562686,0.638481,50.050000,70.000000
0.620472,0.278066,-0.373893,0.220439,50.050000,70.000000
-0.542960,0.475569,0.555516,0.313134,50.050000,70.000000
0.882395,0.416837,-0.532045,0.751041,50.050000,70.000000
-0.218819,0.310391,-3.461010,-1.120296,50.050000,70.000000
0.739066,-0.510961,0.580498,-0.492456,50.050000,70.000000
0.282095,-0.834550,21.037109,2.217648,50.050000,70.000000
-0.290188,0.807197,8.871100,11.190082,50.050000,70.000000
0.558849,0.572015,-0.666600,0.450392,50.050000,70.000000
-0.139664,0.674126,-0.277970,0.270541,50.050000,70.000000
0.033647,-0.494756,-0.972532,0.508728,50.050000,70.000000
0.640575,0.135837,0.346129,0.372887,50.050000,70.000000
-0.983637,0.015047,1.391540,-0.000725,50.050000,70.000000
0.894119,-0.534093,-0.609626,-0.478535,50.050000,70.000000
-0.508670,0.780803,0.905709,0.381092,50.050000,70.000000
0.962180,-0.638568,-0.038149,0.135682,50.050000,70.000000
-0.411558,0.941937,-6.080853,-6.191095,50.050000,70.000000
-0.856600,-0.873954,-0.843695,-0.845708,50.050000,70.000000
-0.539398,0.342191,0.548503,0.327236,50.050000,70.000000
-0.800947,0.476959,0.767786,0.517046,50.050000,70.000000
0.250509,0.312355,-4.902428,-0.052822,50.050000,70.000000
-0.246913,0.129990,-0.232534,-0.114577,50.050000,70.000000
0.746342,-0.231157,0.172780,-0.030667,50.050000,70.000000
0.943991,-0.343360,11.801153,-0.300537,50.050000,70.000000
-0.854306,-0.319631,-0.569659,-0.195509,50.050000,70.000000
-0.035145,-0.674770,1.811567,1.005919,50.050000,70.000000
-0.851865,0.704037,-0.818981,0.686039,50.050000,70.000000
0.745872,-0.122892,11.519032,0.447629,50.050000,70.000000
0.552241,-0.481206,0.343901,-0.019835,50.050000,70.000000
0.367869,0.770990,5.609313,-5.530330,50.050000,70.000000
0.031403,-0.207619,-0.993911,-1.439879,50.050000,70.000000
0.553151,0.814619,1.186164,0.498048,50.050000,70.000000
-0.705135,0.790267,-0.710324,0.786540,50.050000,70.000000
0.014634,-0.049889,0.012731,-0.009714,50.050000,70.000000
-0.488926,0.624370,1.184217,-1.209524,50.050000,70.000000
-0.217947,0.968648,-3.084968,0.153396,50.050000,70.000000
0.071689,0.876349,-18.166161,-38.731078,50.050000,70.000000
0.790978,-0.027050,-5.170767,0.183237,50.050000,70.000000
-0.623420,0.174333,-0.477169,0.148423,50.050000,70.000000
0.010742,0.547992,4.846740,-1.167444,50.050000,70.000000
0.095317,-0.012877,-0.058119,0.011682,50.050000,70.000000
-0.421783,-0.907131,-11.800315,0.033347,50.050000,70.000000
-0.147311,0.142884,0.094548,0.069971,50.050000,70.000000
-0.541133,-0.826734,-2.249631,-0.010123,50.050000,70.000000
-0.926584,0.907506,0.867102,0.766108,50.050000,70.000000
0.456930,-0.378083,-0.307008,-0.057128,50.050000,70.000000
-0.448113,0.563091,-0.993038,0.501797,50.050000,70.000000
-0.126615,-0.011489,0.004088,-0.009580,50.050000,70.000000
0.912662,-0.887177,0.060272,0.167352,50.050000,70.000000
-0.789501,0.849616,-0.398954,0.154450,50.050000,70.000000
-0.498513,-0.509350,0.654955,-0.309468,50.050000,70.000000
-0.650626,0.922685,-0.876588,0.759798,50.050000,70.000000
-0.440326,-0.553750,0.663400,-0.050085,50.050000,70.000000
-0.868044,0.787074,0.832414,0.480521,50.050000,70.000000
0.348265,-0.710797,0.978452,-0.017723,50.050000,70.000000
-0.367066,0.714455,-1.668509,0.583737,50.050000,70.000000
-0.162485,-0.885024,11.684934,-18.388122,50.050000,70.000000
-0.601137,0.691287,0.819793,0.539623,50.050000,70.000000
0.461995,0.752951,0.182022,-0.058993,50.050000,70.000000
0.843978,0.742265,0.840765,0.743992,50.050000,70.000000
-0.745322,-0.631693,0.671093,-0.610697,50.050000,70.000000
-0.858503,-0.862000,-0.844141,-0.860467,50.050000,70.000000
0.371374,-0.309159,0.419375,-0.480676,50.050000,70.000000
-0.041247,0.765467,4.300613,-3.794020,50.050000,70.000000
-0.801279,0.898339,-0.538702,0.365000,50.050000,70.000000
0.378197,0.349905,-0.522229,-0.099675,50.050000,70.000000
0.856352,0.708697,0.468797,0.165691,50.050000,70.000000
-0.923754,0.460495,-0.659902,0.277315,50.050000,70.000000
-0.468463,0.537152,0.369804,-0.029498,50.050000,70.000000
-0.081147,0.166539,-4.795211,0.480014,50.050000,70.000000
-0.986322,0.888452,0.041708,-0.115808,50.050000,70.000000
0.216895,-0.642500,17.292117,-1.184062,50.050000,70.000000
-0.492537,-0.061564,-0.446567,-0.054755,50.050000,70.000000
-0.699494,-0.390233,-0.557089,-0.435985,50.050000,70.000000
-0.645350,-0.396631,0.468840,-0.290926,50.050000,70.000000
-0.184422,0.419306,-0.988945,2.259371,50.050000,70.000000
-0.719418,0.747398,0.567890,0.360553,50.050000,70.000000
-0.483941,0.400065,-0.550854,0.229232,50.050000,70.000000
-0.113855,0.440546,-0.464583,-7.092010,50.050000,70.000000
0.257735,-0.242962,-0.325631,-0.149539,50.050000,70.000000
0.543762,0.999670,1.549529,-0.016928,50.050000,70.000000
-0.538753,-0.818820,9.998046,2.102756,50.050000,70.000000
0.091061,0.467037,0.093204,0.092363,50.050000,70.000000
-0.504986,0.707999,0.463042,0.402771,50.050000,70.000000
-0.663073,-0.275587,0.016644,0.112806,50.050000,70.000000
0.216404,-0.901229,0.205886,0.116290,50.050000,70.000000
-0.954248,-0.044178,-2.826174,0.169023,50.050000,70.000000
-0.499305,0.179091,0.492668,0.180120,50.050000,70.000000
-0.012968,0.054376,0.006078,-0.001708,50.050000,70.000000
-0.103709,0.962826,21.505778,-36.830913,50.050000,70.000000
0.210298,0.481139,-0.152970,0.290449,50.050000,70.000000
0.505932,-0.795628,0.477892,-0.592798,50.050000,70.000000
-0.126056,-0.629065,16.317437,-1.667322,50.050000,70.000000
-0.693080,-0.603613,-0.651299,-0.526368,50.050000,70.000000
-0.921049,-0.065295,-1.768890,0.279933,50.050000,70.000000
0.591159,-0.388451,-0.438163,-0.207089,50.050000,70.000000
-0.693021,0.398522,0.279654,0.014872,50.050000,70.000000
-0.033428,0.173791,-0.600724,0.451179,50.050000,70.000000
0.905951,0.325231,0.380746,-0.000733,50.050000,70.000000
0.154952,0.273450,0.872658,0.328390,50.050000,70.000000
-0.121892,-0.638627,-0.607968,0.059362,50.050000,70.000000
0.592505,0.232245,0.442353,0.340766,50.050000,70.000000
-0.656270,0.062159,-0.452997,-0.035428,50.050000,70.000000
0.698573,0.909894,0.685988,0.259648,50.050000,70.000000
0.583461,0.226279,0.260430,-0.075471,50.050000,70.000000
-0.934319,0.902575,0.254214,-0.049774,50.050000,70.000000
-0.420282,0.318979,-2.147606,-1.025206,50.050000,70.000000
-0.917812,0.329490,0.950190,0.306649,50.050000,70.000000
-0.262915,-0.811763,7.893759,-8.127851,50.050000,70.000000
0.701973,0.055381,0.645173,-0.059987,50.050000,70.000000
0.789634,-0.616863,-0.541930,-0.421211,50.050000,70.000000
0.387941,0.129298,-0.371588,0.185782,50.050000,70.000000
-0.887838,0.111408,-5.777940,0.841601,50.050000,70.000000
0.430756,-0.275869,-0.521381,-0.079300,50.050000,70.000000
-0.532340,0.967362,-1.123444,0.635521,50.050000,70.000000
0.449246,0.484476,-0.799463,1.629772,50.050000,70.000000
0.586188,0.065276,-0.688289,0.488198,50.050000,70.000000
-0.898391,0.741039,0.751281,0.836303,50.050000,70.000000
0.650493,0.831899,0.677637,0.800855,50.050000,70.000000
-0.277244,0.364390,0.413938,0.165159,50.050000,70.000000
0.310594,0.161444,-1.565878,-18.070466,50.050000,70.000000
-0.614659,-0.577773,-0.713072,-0.516849,50.050000,70.000000
-0.635662,0.429525,-0.488314,0.311620,50.050000,70.000000
-0.968132,0.604984,0.301925,0.123807,50.050000,70.000000
-0.033675,0.027052,-0.003661,-0.001386,50.050000,70.000000
0.661206,0.890108,-0.735470,0.782997,50.050000,70.000000
0.051753,-0.185155,-5.529660,-7.272109,50.050000,70.000000
0.104906,-0.852172,-22.145197,28.165160,50.050000,70.000000
-0.446810,0.465984,-0.503547,0.599928,50.050000,70.000000
-0.209642,0.554417,0.279333,-0.540829,50.050000,70.000000
0.089163,0.568979,-0.266561,0.269297,50.050000,70.000000
0.827275,0.006643,-0.769623,0.128328,50.050000,70.000000
-0.344156,-0.229383,-2.523540,0.230865,50.050000,70.000000
0.757339,0.603752,-0.303246,-0.015245,50.050000,70.000000
-0.742624,0.725811,0.755450,0.653921,50.050000,70.000000
0.709623,0.625833,0.402106,0.095585,50.050000,70.000000
0.368733,-0.702220,-0.670537,-0.901728,50.050000,70.000000
-0.207740,0.521488,-1.055855,-2.812441,50.050000,70.000000
0.657119,0.198065,0.617930,-0.044171,50.050000,70.000000
0.885221,-0.098061,0.265532,0.126376,50.050000,70.000000
-0.102987,-0.894938,5.385805,1.131074,50.050000,70.000000
0.774788,-0.130531,-0.397521,-0.153632,50.050000,70.000000
0.170405,0.000389,0.004635,-0.000145,50.050000,70.000000
0.541491,0.834850,3.891566,-2.552120,50.050000,70.000000
-0.670366,-0.836185,-0.493668,-0.288908,50.050000,70.000000
0.241745,0.999831,1.692070,0.871448,50.050000,70.000000
0.160437,0.459706,0.255208,-0.111314,50.050000,70.000000
0.277001,-0.440864,4.284858,-0.674700,50.050000,70.000000
0.390922,0.228016,-2.260530,-13.293746,50.050000,70.000000
0.272345,-0.696574,-2.443544,-0.333022,50.050000,70.000000
0.678034,-0.276505,-0.593056,-0.361209,50.050000,70.000000
0.776245,0.351886,0.534498,0.353116,50.050000,70.000000
0.153124,-0.453142,0.335841,0.296858,50.050000,70.000000
0.049573,-0.824146,0.737197,-0.308967,50.050000,70.000000
0.580469,-0.055921,-0.405026,0.269591,50.050000,70.000000
0.133593,-0.700616,-0.904723,1.080191,50.050000,70.000000
0.738747,0.124501,0.252980,-0.098274,50.050000,70.000000
0.494439,0.030983,0.885403,-0.368657,50.050000,70.000000
0.728786,0.700916,0.673894,0.548992,50.050000,70.000000
0.298335,0.122099,-0.361319,-0.941111,50.050000,70.000000
0.113347,-0.971476,0.094551,0.132886,50.050000,70.000000
0.396282,0.307241,2.113851,0.276461,50.050000,70.000000
-0.195161,-0.074863,0.168331,0.080791,50.050000,70.000000
-0.229365,-0.941925,-21.932147,15.426078,50.050000,70.000000
-0.925201,0.147487,0.467547,-0.076513,50.050000,70.000000
0.815781,0.823487,-0.761078,0.824137,50.050000,70.000000
0.351526,0.105156,0.350925,-0.050544,50.050000,70.000000
-0.646609,0.435951,-0.554297,0.360882,50.050000,70.000000
-0.969292,-0.892051,0.478785,-1.020676,50.050000,70.000000
-0.708422,-0.440390,-0.546333,-0.509130,50.050000,70.000000
0.369859,0.213802,-2.551537,0.510454,50.050000,70.000000
-0.635309,0.361021,0.542176,0.294852,50.050000,70.000000
-0.320027,-0.699799,-0.123926,-0.011048,50.050000,70.000000
0.480208,0.857545,-0.875524,0.332347,50.050000,70.000000
0.763096,-0.653887,0.618551,-0.418502,50.050000,70.000000
0.116562,-0.949321,-2.263492,2.075323,50.050000,70.000000
0.765039,0.003329,1.248981,-0.015575,50.050000,70.000000
-0.050249,-0.531712,5.481387,-18.676216,50.050000,70.000000
-0.491082,0.379155,0.514512,0.188320,50.050000,70.000000
0.449889,-0.708920,-0.736618,0.151092,50.050000,70.000000
-0.825170,-0.639469,-0.578940,-0.442109,50.050000,70.000000
0.451868,0.545855,0.144733,-0.052616,50.050000,70.000000
0.181219,-0.244300,0.148312,0.358721,50.050000,70.000000
0.050620,0.765791,-0.115529,-0.781306,50.050000,70.000000
0.653152,-0.470971,-0.483917,-0.245264,50.050000,70.000000
0.395394,-0.613653,-3.657054,0.423601,50.050000,70.000000
0.327122,-0.065575,0.390502,-0.011340,50.050000,70.000000
-0.119376,-0.352378,2.405707,38.381377,50.050000,70.000000
-0.424344,0.057120,-2.915567,0.448937,50.050000,70.000000
0.021718,-0.981276,0.013297,0.232042,50.050000,70.000000
-0.307656,-0.770558,-0.284610,0.169778,50.050000,70.000000
-0.765793,-0.686759,-0.136982,0.104294,50.050000,70.000000
-0.352292,-0.964647,11.285259,0.029006,50.050000,70.000000
-0.830013,-0.029639,-3.433888,0.077712,50.050000,70.000000
-0.145171,0.109794,0.238006,0.255378,50.050000,70.000000
-0.692716,-0.474423,-0.350645,-0.054333,50.050000,70.000000
0.371584,-0.779639,1.216876,1.867096,50.050000,70.000000
0.607374,0.142460,0.505796,-0.021848,50.050000,70.000000
0.317915,-0.798468,-2.719742,-0.603070,50.050000,70.000000
0.154128,0.436836,1.196577,31.899679,50.050000,70.000000
-0.091364,0.443209,4.308376,-0.906459,50.050000,70.000000
-0.990929,-0.539603,-0.578819,-0.647871,50.050000,70.000000
0.888179,-0.372989,-0.476815,-0.011423,50.050000,70.000000
-0.819885,0.187788,2.299957,0.151679,50.050000,70.000000
0.147468,0.495385,-11.188210,-2.111491,50.050000,70.000000
-0.070484,-0.619154,-0.575911,-1.579974,50.050000,70.000000
-0.113945,0.928225,-0.229408,0.766256,50.050000,70.000000
0.684781,-0.881791,-0.642865,-0.822987,50.050000,70.000000
-0.255831,0.255316,0.019426,0.041735,50.050000,70.000000
-0.898164,0.561810,-0.569274,0.335815,50.050000,70.000000
0.346362,-0.694648,0.757480,-0.316105,50.050000,70.000000
-0.952040,-0.932443,0.600706,-0.571076,50.050000,70.000000
0.433686,0.966723,-0.632924,0.662122,50.050000,70.000000
-0.290802,0.493185,-0.374688,0.000048,50.050000,70.000000
0.958593,-0.924261,-0.794665,-0.866723,50.050000,70.000000
-0.050619,-0.760767,13.302879,38.529487,50.050000,70.000000
-0.205892,-0.430412,-22.688231,-29.101387,50.050000,70.000000
0.057991,0.650220,0.035938,0.115371,50.050000,70.000000
0.244676,0.268219,-0.305741,0.792068,50.050000,70.000000
-0.049476,0.460671,1.545398,0.003275,50.050000,70.000000
0.497183,0.151213,0.458058,0.122492,50.050000,70.000000
-0.556407,0.461028,0.647018,0.395617,50.050000,70.000000
0.502951,-0.907072,-2.327678,-0.683021,50.050000,70.000000
0.833317,-0.435337,-0.740844,-0.321003,50.050000,70.000000
-0.705473,-0.882505,0.585767,-0.516178,50.050000,70.000000
-0.257270,0.055635,0.363224,0.051812,50.050000,70.000000
-0.946748,0.013211,0.003279,-0.001430,50.050000,70.000000
0.032945,-0.286433,0.129639,0.062731,50.050000,70.000000
-0.083309,-0.178901,-3.430432,0.216015,50.050000,70.000000
-0.791401,0.929128,0.792337,0.644952,50.050000,70.000000
-0.153554,-0.775559,13.241926,-3.117363,50.050000,70.000000
-0.822987,0.057986,-4.403872,-0.078316,50.050000,70.000000
0.563582,0.121361,-0.594440,0.094692,50.050000,70.000000
-0.282698,0.693564,-15.885323,3.321595,50.050000,70.000000
0.727353,0.618990,0.080263,-0.123314,50.050000,70.000000
-0.632688,0.411177,0.602903,0.433874,50.050000,70.000000
0.649816,-0.547407,0.380071,-0.095502,50.050000,70.000000
-0.275070,0.894079,-14.732143,3.362948,50.050000,70.000000
0.778282,0.581264,0.437013,0.273480,50.050000,70.000000
-0.702805,-0.038411,4.657478,0.373558,50.050000,70.000000
0.431953,-0.165669,-0.382229,-0.159155,50.050000,70.000000
-0.398043,0.089376,-0.256832,0.028526,50.050000,70.000000
0.143830,-0.657235,-0.105698,-1.527441,50.050000,70.000000
-0.150338,-0.723397,-3.460087,-0.418531,50.050000,70.000000
-0.138350,0.744879,-0.215605,-0.188675,50.050000,70.000000
-0.826900,0.294100,0.587368,0.207760,50.050000,70.000000
0.945105,0.383701,2.780729,0.467953,50.050000,70.000000
0.869768,0.185003,1.541418,-0.434385,50.050000,70.000000
-0.661076,-0.704814,-0.614311,-0.555991,50.050000,70.000000
0.192528,-0.185571,0.928737,-0.467339,50.050000,70.000000
-0.897770,-0.814264,-0.538322,-0.344243,50.050000,70.000000
0.668735,-0.574155,-0.468714,-0.219336,50.050000,70.000000
0.173615,-0.053387,-0.038637,-0.020844,50.050000,70.000000
0.730627,-0.351898,0.443183,-0.332330,50.050000,70.000000
-0.349033,-0.200771,5.030676,-0.757328,50.050000,70.000000
-0.361998,-0.105956,0.048154,-0.059422,50.050000,70.000000
-0.809956,-0.930431,0.316729,0.049463,50.050000,70.000000
0.245574,-0.640976,0.057082,-0.076867,50.050000,70.000000
-0.886378,0.642927,0.674760,0.678150,50.050000,70.000000
-0.318442,-0.061608,0.924861,-0.071862,50.050000,70.000000
0.546670,-0.109987,0.871500,-0.241837,50.050000,70.000000
-0.549984,0.422662,0.553933,0.355801,50.050000,70.000000
-0.324730,0.270479,0.430529,-0.227755,50.050000,70.000000
-0.056851,0.497869,16.727992,1.221323,50.050000,70.000000
-0.313751,0.780328,2.849843,0.064192,50.050000,70.000000
0.966041,0.255588,-29.880752,4.637986,50.050000,70.000000
-0.324402,-0.228648,-0.107682,0.037316,50.050000,70.000000
-0.880926,0.277048,0.337716,-0.260383,50.050000,70.000000
0.352573,-0.308116,0.135498,-0.067636,50.050000,70.000000
-0.504419,0.222719,-0.359832,0.115601,50.050000,70.000000
-0.754045,0.760344,-0.733733,0.721240,50.050000,70.000000
-0.893313,0.081241,0.403685,0.155555,50.050000,70.000000
-0.578490,-0.681086,-0.398661,-0.053920,50.050000,70.000000
0.987474,0.481373,0.352498,0.301511,50.050000,70.000000
0.442643,-0.498966,-0.458225,-0.412091,50.050000,70.000000
-0.115360,-0.860807,-0.117810,0.080585,50.050000,70.000000
0.423941,-0.819135,0.458479,0.045547,50.050000,70.000000
0.803175,0.960478,-0.749450,0.749345,50.050000,70.000000
0.759073,-0.253635,2.388884,-0.025744,50.050000,70.000000
-0.847031,-0.049829,-5.517238,-0.045121,50.050000,70.000000
0.521458,0.152819,-0.372499,0.037990,50.050000,70.000000
0.429149,0.700680,0.174499,-0.067626,50.050000,70.000000
0.322039,0.507304,1.406286,0.258500,50.050000,70.000000
0.250932,-0.592102,8.612320,-2.899363,50.050000,70.000000
0.542573,-0.972801,1.085583,-0.717980,50.050000,70.000000
0.128946,-0.798374,8.188025,-5.139477,50.050000,70.000000
-0.278500,-0.753408,-1.413188,0.391960,50.050000,70.000000
-0.524699,-0.612171,-0.731375,-0.378998,50.050000,70.000000
-0.761827,-0.021276,-0.418090,-0.028492,50.050000,70.000000
0.419379,0.506129,0.232853,-7.285627,50.050000,70.000000
0.512719,-0.735328,-0.323238,0.071298,50.050000,70.000000
-0.658477,0.973386,0.792371,0.453517,50.050000,70.000000
-0.302548,-0.931722,0.450273,1.173023,50.050000,70.000000
0.540782,0.926544,-0.867097,0.641320,50.050000,70.000000
0.429632,0.818565,-0.789062,0.485823,50.050000,70.000000
-0.370285,0.616540,0.907818,-0.763182,50.050000,70.000000
0.182969,-0.840631,-1.639255,-4.539580,50.050000,70.000000
-0.479326,-0.038722,-0.336381,-0.036818,50.050000,70.000000
-0.801211,0.039987,-7.968746,0.926324,50.050000,70.000000
0.058429,0.009464,0.060181,0.000810,50.050000,70.000000
-0.931604,0.531153,-0.585821,0.217332,50.050000,70.000000
-0.909326,0.952751,-1.046326,0.921456,50.050000,70.000000
0.885516,0.862465,0.898155,0.854309,50.050000,70.000000
-0.559030,0.381586,-0.213763,-0.027420,50.050000,70.000000
-0.681296,-0.534580,-0.621478,-0.509647,50.050000,70.000000
-0.680198,-0.086872,2.673219,-0.268087,50.050000,70.000000
-0.065934,-0.158609,-0.634316,-4.052957,50.050000,70.000000
0.250325,-0.782426,24.274982,-0.324417,50.050000,70.000000
-0.234479,-0.882565,-0.190309,-0.712159,50.050000,70.000000
0.724675,-0.379847,-0.527101,-0.543164,50.050000,70.000000
-0.087059,0.804050,16.730129,-19.665799,50.050000,70.000000
-0.329297,-0.497391,24.667947,-16.878754,50.050000,70.000000
0.353014,-0.901271,1.554705,0.311694,50.050000,70.000000
0.332128,0.077224,1.346820,0.107859,50.050000,70.000000
-0.103793,-0.457238,-1.267706,-0.856683,50.050000,70.000000
-0.795209,0.917848,0.584090,0.276589,50.050000,70.000000
0.274095,0.720212,0.773216,0.142024,50.050000,70.000000
0.605421,-0.686499,-0.630641,-0.543990,50.050000,70.000000
0.019503,-0.219266,-0.055333,0.475937,50.050000,70.000000
0.791754,-0.983247,-0.982861,-0.860794,50.050000,70.000000
0.568113,0.273358,0.401662,0.113870,50.050000,70.000000
0.335812,-0.001310,0.551003,-0.021966,50.050000,70.000000
-0.014708,0.802648,-0.421252,-0.355055,50.050000,70.000000
0.100856,-0.910936,0.035304,0.255782,50.050000,70.000000
-0.101677,-0.886671,1.616108,-0.759632,50.050000,70.000000
-0.283459,-0.094567,0.240636,-0.041659,50.050000,70.000000
0.612283,0.634630,0.323185,0.127953,50.050000,70.000000
0.224752,-0.599410,-0.100966,-0.146517,50.050000,70.000000
-0.281461,-0.509409,-0.039626,-0.137723,50.050000,70.000000
0.354861,0.152870,2.072305,-0.017382,50.050000,70.000000
-0.719828,-0.143313,-0.165348,0.071013,50.050000,70.000000
-0.666436,-0.794651,-0.442638,-0.269391,50.050000,70.000000
0.294793,0.591901,0.377425,-0.007591,50.050000,70.000000
0.080051,-0.581218,-2.329874,1.223761,50.050000,70.000000
-0.538476,-0.162256,0.410415,-0.122421,50.050000,70.000000
0.970402,-0.455942,-0.487327,-0.035191,50.050000,70.000000
0.985107,0.689983,-0.161666,-0.042118,50.050000,70.000000
0.549445,0.518347,-0.690700,0.400742,50.050000,70.000000
-0.138895,-0.408499,0.017579,0.545939,50.050000,70.000000
0.363751,-0.444105,1.841487,-1.949206,50.050000,70.000000
-0.068587,-0.735417,17.248477,33.145139,50.050000,70.000000
-0.160357,0.871841,-0.312005,-1.101047,50.050000,70.000000
-0.963878,0.107961,-0.124130,0.029671,50.050000,70.000000
0.507923,0.658688,3.211939,-6.131320,50.050000,70.000000
0.567780,0.679398,0.630608,0.492636,50.050000,70.000000
0.649435,-0.950191,0.778204,-0.897759,50.050000,70.000000
0.134299,-0.842430,0.870880,0.675474,50.050000,70.000000
-0.729245,-0.426732,-0.525541,-0.502266,50.050000,70.000000
-0.088976,0.572886,0.300967,2.676217,50.050000,70.000000
0.491624,0.727530,2.594274,-2.426928,50.050000,70.000000
-0.394984,-0.494227,-0.423710,-0.076546,50.050000,70.000000
-0.467825,-0.730751,0.660344,-0.651290,50.050000,70.000000
0.267751,0.099126,-0.266073,0.000921,50.050000,70.000000
0.014681,0.749167,-0.719997,0.495450,50.050000,70.000000
-0.743832,0.416555,-0.619112,0.415095,50.050000,70.000000
-0.956778,-0.561946,0.915293,-0.453113,50.050000,70.000000
-0.633305,0.037575,-0.251209,-0.006648,50.050000,70.000000
-0.479159,0.777393,0.964125,0.437377,50.050000,70.000000
-0.348131,0.969440,-0.037398,-0.267212,50.050000,70.000000
-0.616502,0.447899,-0.603066,0.435279,50.050000,70.000000
-0.161343,0.313138,-0.486387,-0.354256,50.050000,70.000000
0.908556,0.102685,0.058996,0.012310,50.050000,70.000000
-0.177895,0.113995,-0.093202,0.048303,50.050000,70.000000
-0.082367,-0.343714,-0.444565,-0.222756,50.050000,70.000000
-0.806197,0.244789,-0.154185,-26.402088,50.050000,70.000000
0.162169,-0.430896,0.593967,0.056410,50.050000,70.000000
-0.073779,-0.005492,0.077529,0.003431,50.050000,70.000000
-0.308402,0.690847,-2.434431,1.069664,50.050000,70.000000
-0.930026,-0.951026,0.579916,-0.311762,50.050000,70.000000
0.105954,0.775363,-12.784445,23.857340,50.050000,70.000000
-0.466593,-0.021098,0.251357,-0.096323,50.050000,70.000000
-0.592607,0.055189,0.399918,0.159053,50.050000,70.000000
-0.442531,0.381239,-0.333918,0.089262,50.050000,70.000000
-0.520440,0.963216,0.742924,0.094334,50.050000,70.000000
0.767387,-0.529199,-0.568578,-0.583681,50.050000,70.000000
-0.243026,-0.542100,4.296112,-13.385809,50.050000,70.000000
0.920792,-0.243575,1.675383,0.234092,50.050000,70.000000
0.227276,-0.166526,1.103009,-2.344943,50.050000,70.000000
-0.806311,0.336782,-0.215519,0.208401,50.050000,70.000000
0.301722,-0.963605,-1.522157,0.517143,50.050000,70.000000
0.693259,-0.395835,0.571298,-0.487557,50.050000,70.000000
-0.806355,-0.410229,0.695936,-0.477873,50.050000,70.000000
-0.717081,0.019602,-0.947934,0.185282,50.050000,70.000000
-0.544533,0.036888,-0.123501,0.026530,50.050000,70.000000
-0.022772,-0.724757,-1.395900,-0.346043,50.050000,70.000000
-0.996577,0.536258,0.425974,0.655630,50.050000,70.000000
0.887935,-0.469404,0.889979,-0.496053,50.050000,70.000000
0.723347,-0.705113,0.626206,-0.400047,50.050000,70.000000
-0.835382,-0.269884,0.453321,-0.624782,50.050000,70.000000
0.063882,-0.335816,0.494739,-0.454103,50.050000,70.000000
-0.053130,-0.962146,1.346559,12.722980,50.050000,70.000000
-0.793269,-0.471174,-0.387043,-0.304897,50.050000,70.000000
0.982033,-0.978423,0.888975,-0.900235,50.050000,70.000000
-0.355679,0.100488,-0.250388,-0.000394,50.050000,70.000000
0.908768,-0.336067,-0.378997,-0.232276,50.050000,70.000000
-0.275081,0.714964,9.351606,3.008568,50.050000,70.000000
0.404462,-0.202140,-0.879464,-0.215130,50.050000,70.000000
0.630276,-0.949406,0.826339,-0.816794,50.050000,70.000000
-0.667985,-0.828756,-0.627094,-0.634237,50.050000,70.000000
-0.895953,-0.288168,-0.622780,-0.469674,50.050000,70.000000
0.762213,0.514219,-0.515933,0.227636,50.050000,70.000000
0.486571,-0.196308,-0.456467,-0.208483,50.050000,70.000000
0.644328,-0.778101,-0.682715,-0.733629,50.050000,70.000000
0.454475,0.369296,0.510870,0.214117,50.050000,70.000000
0.764416,-0.466882,0.311125,0.010264,50.050000,70.000000
-0.881680,-0.399009,2.385360,1.234065,50.050000,70.000000
-0.141371,-0.024262,0.130971,0.000371,50.050000,70.000000
0.222909,0.438972,1.588367,0.041729,50.050000,70.000000
-0.189773,0.477246,-0.021490,-0.138715,50.050000,70.000000
-0.920636,0.864564,0.770484,0.903689,50.050000,70.000000
0.725670,0.344087,-0.732177,0.387647,50.050000,70.000000
-0.933709,-0.851111,-0.872619,-0.315072,50.050000,70.000000
-0.621894,-0.170782,0.764941,0.024467,50.050000,70.000000
-0.330498,-0.672221,6.219202,0.428180,50.050000,70.000000
-0.020337,0.187964,0.020778,0.167517,50.050000,70.000000
-0.895244,-0.372912,-0.320593,-1.508227,50.050000,70.000000
0.467772,-0.163005,0.378228,-0.114816,50.050000,70.000000
0.379918,-0.715710,-2.612907,-0.533070,50.050000,70.000000
-0.942447,0.297855,0.479690,0.457104,50.050000,70.000000
0.042672,-0.817638,-8.698760,31.867703,50.050000,70.000000
-0.036159,0.270993,2.253151,4.940942,50.050000,70.000000
0.573975,0.792180,-0.805187,0.631412,50.050000,70.000000
0.168301,0.642011,-0.563723,0.427888,50.050000,70.000000
0.282253,-0.181239,0.945840,0.256477,50.050000,70.000000
-0.086176,-0.365262,-1.278645,-0.761927,50.050000,70.000000
-0.956126,0.386377,1.173987,-1.687551,50.050000,70.000000
-0.158396,-0.165996,-3.102177,-2.573882,50.050000,70.000000
0.107689,-0.068656,-0.130219,-0.022208,50.050000,70.000000
0.095542,-0.222848,2.237055,-1.948609,50.050000,70.000000
0.593654,-0.451383,-0.488953,-0.301007,50.050000,70.000000
-0.399825,0.136343,0.365209,0.149690,50.050000,70.000000
-0.489725,-0.812708,0.175427,-0.872886,50.050000,70.000000
0.816666,-0.297818,-0.790022,-0.193164,50.050000,70.000000
0.577490,-0.128030,0.402054,-0.084747,50.050000,70.000000
0.201890,-0.834539,-6.203446,-8.077098,50.050000,70.000000
-0.098082,-0.466255,-3.518593,0.031376,50.050000,70.000000
-0.352913,0.598153,0.104656,1.262072,50.050000,70.000000
-0.835054,-0.753687,-0.696284,-0.554516,50.050000,70.000000
0.790797,0.918585,0.877898,0.756028,50.050000,70.000000
0.650152,-0.892339,-0.625691,-0.835024,50.050000,70.000000
0.458357,-0.390684,0.477697,-0.197304,50.050000,70.000000
-0.230495,0.072932,-0.254157,-0.077639,50.050000,70.000000
-0.239376,0.801749,-10.330012,-33.925396,50.050000,70.000000
0.994962,0.321111,3.588547,-0.431272,50.050000,70.000000
0.909005,-0.348500,-6.094751,2.316876,50.050000,70.000000
0.754129,0.649044,-0.207308,-0.059750,50.050000,70.000000
0.481278,0.836390,-0.796297,0.251999,50.050000,70.000000
-0.788453,0.470734,-0.461403,0.379656,50.050000,70.000000
-0.379282,-0.592796,-0.013380,0.163132,50.050000,70.000000
0.873300,-0.445679,1.766312,-0.114508,50.050000,70.000000
-0.518553,0.681925,-0.563704,0.643898,50.050000,70.000000
-0.884827,0.720593,-0.037720,-0.159455,50.050000,70.000000
-0.988367,0.517684,-0.814785,1.104233,50.050000,70.000000
0.711143,0.177019,-0.278775,0.347436,50.050000,70.000000
-0.848200,0.307048,-0.411527,0.373829,50.050000,70.000000
0.562358,-0.443567,0.509772,-0.339408,50.050000,70.000000
0.974439,-0.608881,2.968119,-2.628506,50.050000,70.000000
0.542805,0.918673,-0.875156,0.633990,50.050000,70.000000
0.137194,-0.186441,-0.203027,0.102275,50.050000,70.000000
0.491996,0.968982,1.871466,1.537448,50.050000,70.000000
-0.324318,-0.805829,-0.242140,-0.661396,50.050000,70.000000
0.425883,-0.186587,0.335821,-0.156628,50.050000,70.000000
0.029256,-0.289889,0.782937,0.770413,50.050000,70.000000
-0.162263,0.839858,-0.049336,0.547633,50.050000,70.000000
-0.506248,-0.511667,-0.510730,-0.205023,50.050000,70.000000
0.405783,-0.008075,-0.309780,-0.048861,50.050000,70.000000
0.279119,-0.843093,-0.557289,-0.578385,50.050000,70.000000
0.128024,-0.300299,-6.610875,-0.863384,50.050000,70.000000
0.878391,-0.883239,0.769269,-0.661187,50.050000,70.000000
-0.600504,-0.662331,-0.738389,-0.499705,50.050000,70.000000
0.209038,-0.703950,-0.206217,0.082149,50.050000,70.000000
0.708737,-0.263804,0.484365,-0.337475,50.050000,70.000000
0.252942,-0.805275,11.280002,-7.732312,50.050000,70.000000
-0.249123,0.983381,5.603167,13.986254,50.050000,70.000000
-0.319034,0.003896,0.045975,-0.000622,50.050000,70.000000
-0.523163,-0.792979,-0.515477,-0.147861,50.050000,70.000000
0.401258,-0.063354,-0.437744,-0.114845,50.050000,70.000000
-0.795405,-0.377648,0.080079,0.091870,50.050000,70.000000
0.868415,-0.546436,-0.758746,-0.609586,50.050000,70.000000
0.042471,-0.183759,-5.250861,1.378377,50.050000,70.000000
-0.438840,0.421917,-0.179356,0.041205,50.050000,70.000000
-0.847766,-0.396631,-1.173382,-0.879101,50.050000,70.000000
-0.177738,0.752577,-2.089226,-5.651918,50.050000,70.000000
0.567527,0.434611,0.614880,0.391041,50.050000,70.000000
0.499280,-0.608790,0.355083,-0.688383,50.050000,70.000000
0.062247,0.191014,10.756512,-14.369347,50.050000,70.000000
0.376866,-0.015229,-0.179090,-0.000553,50.050000,70.000000
0.054536,0.581252,2.148218,-0.987389,50.050000,70.000000
-0.894347,0.705762,-0.477201,0.009711,50.050000,70.000000
-0.252702,0.831002,-7.623766,0.238314,50.050000,70.000000
0.656588,-0.717750,0.724273,-0.674228,50.050000,70.000000
0.773892,0.807684,0.169467,-0.114452,50.050000,70.000000
0.749426,-0.397333,0.451605,-0.371877,50.050000,70.000000
0.031805,0.548589,1.998022,-0.594470,50.050000,70.000000
0.127219,0.176267,0.093157,-0.109097,50.050000,70.000000
0.525049,0.501170,0.515291,0.232637,50.050000,70.000000
-0.840258,-0.220407,2.313251,1.183938,50.050000,70.000000
-0.375713,-0.601735,0.653445,-14.895904,50.050000,70.000000
0.640789,-0.260934,0.378479,-0.290048,50.050000,70.000000
0.487873,-0.317036,-0.519457,-0.267780,50.050000,70.000000
-0.419744,-0.629058,-0.361209,-0.268197,50.050000,70.000000
-0.575121,-0.066070,-0.028090,-0.047927,50.050000,70.000000
-0.437633,0.709494,-0.256691,-0.317516,50.050000,70.000000
0.458961,-0.235594,-0.372844,-0.084961,50.050000,70.000000
0.363435,0.247535,0.120014,0.077144,50.050000,70.000000
0.322001,-0.134881,-0.271797,-0.031917,50.050000,70.000000
-0.950737,0.968791,-0.689663,0.413033,50.050000,70.000000
0.464648,-0.655700,-0.415940,-0.044108,50.050000,70.000000
-0.348129,-0.997313,0.894330,0.641753,50.050000,70.000000
0.156022,0.259308,2.198345,-0.614608,50.050000,70.000000
0.184418,-0.491638,0.010604,0.163146,50.050000,70.000000
-0.952820,-0.051786,-0.016016,0.007657,50.050000,70.000000
-0.360578,-0.234873,-1.867583,-0.082520,50.050000,70.000000
0.493055,0.773111,0.916676,0.411474,50.050000,70.000000
-0.325449,0.185579,-4.851983,1.031717,50.050000,70.000000
-0.975506,0.674129,0.147526,0.780255,50.050000,70.000000
0.092642,-0.962909,-17.307796,18.150434,50.050000,70.000000
0.393493,-0.559468,-0.446036,-0.065867,50.050000,70.000000
-0.984201,0.529393,-0.835151,0.587686,50.050000,70.000000
-0.483564,0.748142,-0.474934,0.626194,50.050000,70.000000
0.027637,0.495853,0.029812,0.212661,50.050000,70.000000
-0.199160,0.722045,1.422541,0.114119,50.050000,70.000000
-0.594779,-0.453493,0.185759,0.041601,50.050000,70.000000
0.137205,0.006104,-0.141782,-0.000501,50.050000,70.000000
0.584659,0.371118,0.487048,0.264524,50.050000,70.000000
-0.613772,0.333745,0.423752,0.118440,50.050000,70.000000
-0.740215,-0.794939,-0.716377,-0.714674,50.050000,70.000000
-0.540979,-0.239712,0.496451,-0.259826,50.050000,70.000000
-0.847637,-0.242032,-1.361785,-0.382978,50.050000,70.000000
0.175338,0.897778,-21.702583,10.587089,50.050000,70.000000
0.948846,-0.744930,-0.905804,-0.761126,50.050000,70.000000
-0.036724,0.774054,0.004165,0.192064,50.050000,70.000000
-0.481199,0.491541,-0.351817,0.315875,50.050000,70.000000
-0.668882,0.106704,0.463110,0.213274,50.050000,70.000000
-0.618234,-0.658963,-0.649235,-0.384901,50.050000,70.000000
0.807681,0.693890,-0.726788,0.654731,50.050000,70.000000
0.210523,0.256439,-0.267178,0.974914,50.050000,70.000000
-0.032748,-0.389097,0.499423,2.946100,50.050000,70.000000
0.441881,0.696452,-0.861721,0.268417,50.050000,70.000000
-0.722861,0.872446,0.051343,-0.157230,50.050000,70.000000
-0.801196,0.293546,-0.385972,0.063163,50.050000,70.000000
-0.380311,0.110693,0.397692,-0.005587,50.050000,70.000000
0.415370,-0.875889,-0.110844,-0.215991,50.050000,70.000000
0.930392,-0.895773,-0.656966,-0.615799,50.050000,70.000000
0.744613,0.707421,0.043980,-0.143044,50.050000,70.000000
-0.378587,-0.918107,-15.959108,5.326480,50.050000,70.000000
-0.629673,-0.919296,-0.094411,0.176647,50.050000,70.000000
-0.612961,-0.036820,-0.210038,-0.043175,50.050000,70.000000
-0.839071,-0.260864,-1.154538,-1.289011,50.050000,70.000000
-0.343838,-0.882173,-0.858296,0.359565,50.050000,70.000000
-0.679668,0.828035,0.213489,-0.126562,50.050000,70.000000
0.787010,-0.714572,-0.743339,-0.703493,50.050000,70.000000
0.194497,0.918969,-0.802060,-0.359365,50.050000,70.000000
-0.890761,0.981140,-0.830601,0.937707,50.050000,70.000000
0.019554,0.645892,-9.173768,-11.563209,50.050000,70.000000
-0.494993,0.651490,0.408628,0.213599,50.050000,70.000000
-0.411704,0.494851,0.434677,-0.111545,50.050000,70.000000
0.960106,0.498745,0.258542,0.391527,50.050000,70.000000
0.406553,0.944535,0.873665,0.949129,50.050000,70.000000
0.792345,0.942718,0.143107,-0.138850,50.050000,70.000000
0.261757,-0.653451,-20.942448,-1.975379,50.050000,70.000000
-0.544073,-0.231583,-0.450411,-0.186429,50.050000,70.000000
-0.209545,0.172143,0.241450,1.285360,50.050000,70.000000
-0.786952,-0.299713,-0.679400,-0.257926,50.050000,70.000000
0.726844,0.060151,-1.271145,0.062420,50.050000,70.000000
0.957576,-0.013122,-3.764789,0.472972,50.050000,70.000000
-0.547954,0.529431,0.167883,-0.053565,50.050000,70.000000
0.148353,-0.627767,-11.715648,-36.431460,50.050000,70.000000
-0.887438,0.824805,-0.691940,0.881401,50.050000,70.000000
0.493123,-0.075333,-4.801594,-0.177226,50.050000,70.000000
-0.118377,0.441476,1.032924,0.385447,50.050000,70.000000
-0.112395,0.979908,0.402880,-0.523209,50.050000,70.000000
-0.690600,-0.912168,-0.655833,-0.461886,50.050000,70.000000
-0.809796,-0.244906,0.369609,0.226236,50.050000,70.000000
-0.140878,0.258071,-0.016540,-0.193629,50.050000,70.000000
-0.597410,-0.672761,-0.417452,-0.083820,50.050000,70.000000
0.898836,0.733910,0.706065,0.412829,50.050000,70.000000
0.827887,0.300119,0.344291,0.634362,50.050000,70.000000
0.100944,0.558527,-2.466929,0.338934,50.050000,70.000000
-0.829651,0.057413,-3.914104,0.035360,50.050000,70.000000
0.948011,-0.783605,-0.040701,0.146617,50.050000,70.000000
-0.048811,-0.362319,4.930030,0.901595,50.050000,70.000000
0.506261,0.735157,0.834385,0.193515,50.050000,70.000000
-0.212705,-0.926344,0.209266,0.271102,50.050000,70.000000
0.934048,0.544325,0.593716,0.371563,50.050000,70.000000
0.470501,-0.293641,0.512517,-0.217919,50.050000,70.000000
0.782464,0.871404,0.157488,-0.145151,50.050000,70.000000
-0.309160,-0.052345,0.168364,0.000346,50.050000,70.000000
0.244883,-0.249626,14.747928,0.341147,50.050000,70.000000
0.532452,0.914254,-3.970175,-3.526232,50.050000,70.000000
-0.134221,0.147086,-0.089776,0.261029,50.050000,70.000000
0.078529,-0.166058,5.565480,1.885307,50.050000,70.000000
-0.934032,-0.274409,-0.791083,0.749033,50.050000,70.000000
0.004737,-0.390008,-9.004020,23.830468,50.050000,70.000000
-0.856714,-0.794920,0.899220,-0.771104,50.050000,70.000000
-0.226422,0.527069,0.347864,-0.960427,50.050000,70.000000
0.441472,-0.175929,0.363426,-0.092517,50.050000,70.000000
-0.843856,-0.694605,0.423126,-0.155153,50.050000,70.000000
-0.233939,0.185770,-0.129954,-0.100163,50.050000,70.000000
0.244419,-0.049073,-0.061901,-0.022138,50.050000,70.000000
-0.765700,0.874367,-0.718596,0.727247,50.050000,70.000000
-0.509691,-0.371029,0.325803,-0.132276,50.050000,70.000000
0.111802,-0.948793,-16.644179,-32.059867,50.050000,70.000000
-0.356274,0.099390,0.424095,0.088038,50.050000,70.000000
0.452358,0.779649,-0.371246,0.494760,50.050000,70.000000
-0.436462,0.379758,0.433229,0.318401,50.050000,70.000000
0.591111,0.800049,-0.679170,0.685644,50.050000,70.000000
0.416802,-0.806125,-0.848183,-0.312450,50.050000,70.000000
-0.548307,0.604478,-0.688201,0.497258,50.050000,70.000000
-0.534161,0.363065,-0.524991,0.277171,50.050000,70.000000
0.030189,-0.612278,-0.059877,1.853627,50.050000,70.000000
-0.558886,0.797962,-13.455568,-6.411801,50.050000,70.000000
-0.652282,-0.902563,0.499917,-0.442667,50.050000,70.000000
0.630733,0.732144,0.634568,0.730993,50.050000,70.000000
-0.855074,0.772558,0.878626,0.777112,50.050000,70.000000
0.373929,0.624283,0.912651,-0.154923,50.050000,70.000000
0.327757,0.616856,0.105863,-0.006256,50.050000,70.000000
-0.509281,0.508835,-0.675831,0.391411,50.050000,70.000000
-0.017078,0.976947,0.907583,-0.182733,50.050000,70.000000
-0.454005,-0.467356,-0.576602,-0.129430,50.050000,70.000000
-0.847390,-0.085932,-0.797432,-0.066212,50.050000,70.000000
-0.260723,0.036865,-0.239766,-0.017471,50.050000,70.000000
-0.402398,0.903291,-0.015376,0.710353,50.050000,70.000000
-0.388335,-0.747041,0.568870,1.315484,50.050000,70.000000
0.480318,0.696304,-0.628271,0.208089,50.050000,70.000000
0.777193,0.282931,0.536066,0.281654,50.050000,70.000000
-0.786844,-0.483494,0.015038,0.139813,50.050000,70.000000
-0.087889,0.853641,18.981528,-37.646701,50.050000,70.000000
-0.858209,0.083060,-0.001826,0.048862,50.050000,70.000000
-0.003338,-0.108752,0.040514,-0.134917,50.050000,70.000000
0.210009,-0.386643,-5.062890,7.610550,50.050000,70.000000
-0.315235,-0.149085,0.268389,0.039406,50.050000,70.000000
0.334091,-0.933253,5.158412,-0.637108,50.050000,70.000000
0.823881,0.962351,-0.807834,0.892645,50.050000,70.000000
0.233271,0.590574,-2.029413,8.661657,50.050000,70.000000
-0.218715,0.057409,-0.239079,-0.032339,50.050000,70.000000
0.867211,-0.779730,-0.760974,-0.688079,50.050000,70.000000
-0.918157,0.533719,-0.905032,0.518271,50.050000,70.000000
0.217302,0.200518,0.187636,-0.086871,50.050000,70.000000
0.098678,0.474319,0.104836,-0.377373,50.050000,70.000000
-0.122046,0.774867,0.575307,0.606852,50.050000,70.000000
-0.804947,-0.748266,-0.794380,-0.727595,50.050000,70.000000
-0.103769,-0.051065,-0.078444,0.042790,50.050000,70.000000
-0.247080,-0.677141,6.636276,-14.941290,50.050000,70.000000
-0.701358,0.274299,0.785822,0.412657,50.050000,70.000000
0.149273,0.834994,-0.071429,0.128680,50.050000,70.000000
-0.259421,-0.094396,0.172478,0.083285,50.050000,70.000000
-0.516332,0.007571,-0.344698,0.220311,50.050000,70.000000
-0.761010,-0.287109,0.810959,0.106976,50.050000,70.000000
0.559205,0.550626,0.729896,0.425892,50.050000,70.000000
0.365926,0.113383,0.271867,0.045463,50.050000,70.000000
-0.378676,-0.405493,-0.514488,-0.497821,50.050000,70.000000
0.876766,-0.199569,17.676693,-2.307226,50.050000,70.000000
-0.153233,0.615244,3.286942,-0.669488,50.050000,70.000000
0.405486,-0.996086,14.141636,16.398326,50.050000,70.000000
0.774451,0.194491,-4.459545,-0.788734,50.050000,70.000000
0.804845,-0.974788,-0.924207,-0.908316,50.050000,70.000000
0.744332,-0.016670,0.570436,0.028182,50.050000,70.000000
-0.165964,0.642152,0.878701,1.385298,50.050000,70.000000
0.646896,0.382995,0.575344,0.377069,50.050000,70.000000
0.994661,-0.731703,-0.864940,-0.482583,50.050000,70.000000
0.271451,0.277016,0.911963,2.188814,50.050000,70.000000
-0.192142,0.661829,4.753841,-0.569578,50.050000,70.000000
-0.634844,0.173538,-0.287708,0.054354,50.050000,70.000000
0.646231,-0.799024,-0.113186,0.154245,50.050000,70.000000
0.801398,-0.903053,0.822946,-0.874970,50.050000,70.000000
0.391664,0.693357,1.180336,1.110031,50.050000,70.000000
-0.757119,-0.898123,-0.764384,-0.775047,50.050000,70.000000
-0.745446,-0.717858,0.735021,-0.645405,50.050000,70.000000
0.954841,0.005737,11.735581,0.264847,50.050000,70.000000
0.426809,-0.612895,0.510789,-0.630458,50.050000,70.000000
-0.926118,0.740747,-0.467724,0.073673,50.050000,70.000000
-0.264749,0.365584,9.987153,5.758092,50.050000,70.000000
0.378626,-0.429862,1.862087,-1.649418,50.050000,70.000000
-0.694121,-0.090101,-0.191272,-0.059654,50.050000,70.000000
-0.327248,-0.059096,0.373453,0.031849,50.050000,70.000000
0.766802,-0.358070,-0.733072,-0.375346,50.050000,70.000000
-0.078870,0.424336,-14.900970,-1.494780,50.050000,70.000000
-0.185786,-0.502955,11.814670,-22.845789,50.050000,70.000000
0.829779,0.099487,2.082367,0.122808,50.050000,70.000000
0.077175,-0.923230,-17.880187,41.936940,50.050000,70.000000
-0.726732,-0.183654,0.477617,-0.451921,50.050000,70.000000
-0.668264,0.478804,-0.601176,0.480582,50.050000,70.000000
-0.744515,0.940014,0.661871,0.344259,50.050000,70.000000
0.819916,0.327219,-9.164406,-26.553409,50.050000,70.000000
-0.434857,-0.642763,0.161336,0.170051,50.050000,70.000000
-0.916235,0.834444,-0.341806,-0.000295,50.050000,70.000000
0.504242,0.795700,-0.749551,0.373391,50.050000,70.000000
-0.670952,-0.697520,-0.565819,-0.462702,50.050000,70.000000
0.787155,-0.284609,0.065328,0.308529,50.050000,70.000000
0.573111,0.281825,-0.417620,0.127334,50.050000,70.000000
0.636799,0.684081,-0.634389,0.675272,50.050000,70.000000
-0.656438,-0.753487,0.593899,-0.594497,50.050000,70.000000
0.137759,-0.683240,-12.774999,-19.027118,50.050000,70.000000
0.777400,-0.246122,-8.374298,0.100752,50.050000,70.000000
-0.567029,-0.056733,2.076802,0.220023,50.050000,70.000000
0.493719,-0.073170,-0.056265,-0.034573,50.050000,70.000000
0.227172,0.088084,0.151778,0.049090,50.050000,70.000000
0.425404,-0.228542,-0.480555,-0.087005,50.050000,70.000000
0.901201,0.483711,0.690612,0.421169,50.050000,70.000000
-0.270721,-0.003876,-0.228680,-0.001455,50.050000,70.000000
0.857677,0.981120,-0.675955,0.656133,50.050000,70.000000
-0.318576,-0.312707,-0.698711,-0.128722,50.050000,70.000000
0.332667,-0.868810,10.158292,-0.676758,50.050000,70.000000
-0.087429,0.582165,0.273227,0.114692,50.050000,70.000000
0.444507,0.827517,0.415029,0.298139,50.050000,70.000000
0.084636,0.472658,1.196075,0.563080,50.050000,70.000000
-0.031411,0.077779,1.128382,-0.677166,50.050000,70.000000
-0.765057,-0.306914,-0.727764,-0.351030,50.050000,70.000000
-0.300553,0.601265,0.345225,0.534847,50.050000,70.000000
-0.547535,-0.420294,0.587013,-0.396724,50.050000,70.000000
0.123273,-0.151743,0.003684,-0.004718,50.050000,70.000000
-0.337197,0.731886,0.566713,-0.201055,50.050000,70.000000
0.810698,-0.591441,-0.679495,-0.632163,50.050000,70.000000
-0.342292,-0.901476,-0.269695,-0.083629,50.050000,70.000000
0.897213,-0.542615,-0.605940,-0.461330,50.050000,70.000000
0.276348,0.586362,0.163376,0.155091,50.050000,70.000000
0.991963,-0.079439,-0.331457,-0.163089,50.050000,70.000000
0.862485,-0.215374,-3.423503,-0.565089,50.050000,70.000000
0.205864,-0.051598,0.193464,-0.036786,50.050000,70.000000
0.792713,-0.870803,0.508246,-0.177686,50.050000,70.000000
0.410999,-0.336836,-0.412981,-0.330797,50.050000,70.000000
0.791108,0.155506,-1.618700,0.526601,50.050000,70.000000
-0.417365,-0.658256,10.033132,0.914548,50.050000,70.000000
0.690332,0.413023,-0.273395,0.036456,50.050000,70.000000
-0.318474,-0.586664,-0.482248,1.185893,50.050000,70.000000
-0.060461,-0.159842,5.926728,7.965499,50.050000,70.000000
-0.470034,0.134238,-0.460789,0.140206,50.050000,70.000000
0.141378,0.141267,0.038058,0.073813,50.050000,70.000000
0.267023,-0.139406,-0.124969,-0.008462,50.050000,70.000000
-0.990754,0.392953,-0.249090,-0.921634,50.050000,70.000000
0.360472,0.452448,2.386741,-1.776082,50.050000,70.000000
0.301847,-0.862820,1.482069,1.031866,50.050000,70.000000
0.592504,0.207169,-0.665808,0.224186,50.050000,70.000000
-0.103344,-0.897294,23.476561,28.555747,50.050000,70.000000
-0.816450,-0.076335,0.640739,-0.012152,50.050000,70.000000
-0.961772,-0.504672,0.297629,0.223400,50.050000,70.000000
-0.016872,0.436891,0.170607,0.727873,50.050000,70.000000
0.823679,-0.421677,0.738363,-0.448180,50.050000,70.000000
0.872132,-0.083479,-0.324897,-0.182525,50.050000,70.000000
0.968043,-0.102842,-3.045659,0.466634,50.050000,70.000000
-0.457447,-0.307246,0.504644,-0.175885,50.050000,70.000000
0.124646,0.919392,-19.390777,-10.755702,50.050000,70.000000
0.225412,0.504236,-4.601818,-1.439612,50.050000,70.000000
0.692392,-0.969756,-0.075795,0.189447,50.050000,70.000000
-0.687773,0.605414,-0.688908,0.595852,50.050000,70.000000
-0.812143,0.311852,0.554901,0.691651,50.050000,70.000000
-0.707109,-0.377463,0.331473,-0.076339,50.050000,70.000000
-0.028476,-0.602664,-7.265809,-7.797900,50.050000,70.000000
-0.980910,-0.158352,-6.282071,0.548290,50.050000,70.000000
0.574191,0.425541,0.551653,0.302152,50.050000,70.000000
0.060296,-0.609581,2.397232,2.949738,50.050000,70.000000
0.771397,0.877661,0.359208,-0.041590,50.050000,70.000000
0.840240,-0.090363,-0.844319,-0.235665,50.050000,70.000000
-0.726779,-0.974399,0.860336,-0.503521,50.050000,70.000000
-0.720227,-0.860529,0.743237,-0.838060,50.050000,70.000000
-0.919244,0.269415,0.491249,1.436105,50.050000,70.000000
0.059566,-0.872625,1.259680,-0.377597,50.050000,70.000000
-0.210391,-0.034423,0.138715,-0.017750,50.050000,70.000000
-0.547670,-0.681457,-0.756113,-0.533757,50.050000,70.000000
0.751674,-0.619010,-0.682401,-0.578603,50.050000,70.000000
0.301288,-0.247278,-13.387148,-1.131052,50.050000,70.000000
-0.001579,-0.533779,-1.976697,-2.133032,50.050000,70.000000
0.779169,-0.501864,-0.549257,-0.339901,50.050000,70.000000
-0.835511,-0.428835,0.338912,0.043783,50.050000,70.000000
0.575796,-0.597575,0.764035,-0.484200,50.050000,70.000000
0.556078,-0.001190,0.292607,0.003832,50.050000,70.000000
0.001427,-0.010824,-0.000603,-0.010961,50.050000,70.000000
0.076696,-0.967751,-17.455232,42.984354,50.050000,70.000000
-0.999182,0.751400,0.013769,-0.123286,50.050000,70.000000
0.786035,0.887416,0.835376,0.597445,50.050000,70.000000
0.800797,-0.997833,-0.749497,-0.631755,50.050000,70.000000
-0.572070,-0.786634,0.867157,-0.592761,50.050000,70.000000
-0.960579,-0.457161,-0.885898,-0.541154,50.050000,70.000000
0.499742,-0.839726,-0.522417,-1.392305,50.050000,70.000000
0.730706,0.971040,-0.479179,0.206805,50.050000,70.000000
0.272523,0.300471,3.283114,-0.176771,50.050000,70.000000
0.021701,0.736787,-6.301842,-42.015538,50.050000,70.000000
-0.824936,-0.696685,0.682953,-0.520586,50.050000,70.000000
0.821854,0.906281,0.876910,0.759865,50.050000,70.000000
-0.138020,0.300098,0.191653,-0.251659,50.050000,70.000000
-0.252574,0.996637,0.781052,0.445022,50.050000,70.000000
0.477946,0.830954,-0.426231,0.306962,50.050000,70.000000
-0.148103,0.829949,10.088922,-6.376399,50.050000,70.000000
0.945875,-0.681580,0.897834,-0.604154,50.050000,70.000000
0.687610,0.657048,-0.641506,0.613272,50.050000,70.000000
0.998455,-0.963870,0.828447,-0.808000,50.050000,70.000000
0.229364,0.922092,3.992513,1.570878,50.050000,70.000000
-0.391554,-0.851374,8.669602,7.626820,50.050000,70.000000
0.964785,-0.855667,0.439395,0.033291,50.050000,70.000000
0.805895,0.683787,-0.557223,0.357267,50.050000,70.000000
0.403417,0.226956,-0.583717,0.075189,50.050000,70.000000
0.457494,-0.902213,-0.058172,0.029789,50.050000,70.000000
0.507335,0.774203,0.597712,0.701068,50.050000,70.000000
0.024413,0.314415,-9.302188,7.811309,50.050000,70.000000
0.375019,0.946440,-0.395182,0.593449,50.050000,70.000000
0.812823,-0.875460,0.772177,-0.675299,50.050000,70.000000
0.141562,-0.767005,2.394187,1.447281,50.050000,70.000000
0.954851,0.187074,-4.923178,-0.106030,50.050000,70.000000
0.157361,0.762420,1.538797,-4.706231,50.050000,70.000000
-0.002561,0.957638,-22.174799,-24.079310,50.050000,70.000000
-0.980402,0.389342,5.597300,0.333119,50.050000,70.000000
-0.325884,0.867861,0.178221,-0.454314,50.050000,70.000000
0.140278,-0.346966,-2.043463,2.174598,50.050000,70.000000
0.550093,-0.592027,0.640315,-0.416594,50.050000,70.000000
-0.197397,0.348014,0.176202,-0.109094,50.050000,70.000000
-0.925391,0.955565,-1.210887,-3.488159,50.050000,70.000000
0.181189,-0.762327,4.685091,-1.720929,50.050000,70.000000
-0.435577,-0.750485,2.040075,-0.305264,50.050000,70.000000
0.600920,-0.334415,-0.522877,-0.309926,50.050000,70.000000
-0.513149,-0.496801,0.382677,-0.125740,50.050000,70.000000
0.271512,-0.694677,-8.839541,-0.685687,50.050000,70.000000
0.557842,-0.354887,0.551753,-0.345649,50.050000,70.000000
-0.594011,0.460861,-0.597008,0.386168,50.050000,70.000000
-0.306278,0.393100,0.194812,-0.002793,50.050000,70.000000
0.836547,-0.148290,-0.648153,-0.114980,50.050000,70.000000
-0.308739,-0.968682,-0.405897,-0.725401,50.050000,70.000000
-0.639993,-0.361297,0.527950,-0.230642,50.050000,70.000000
-0.315844,-0.393630,18.163590,-5.424284,50.050000,70.000000
0.263243,0.323311,0.450763,-0.465339,50.050000,70.000000
-0.108504,0.369458,0.876174,0.238053,50.050000,70.000000
-0.524530,0.222931,0.258640,0.021933,50.050000,70.000000
0.801928,0.006689,-0.592326,0.005534,50.050000,70.000000
0.429668,-0.562118,0.855637,-0.261109,50.050000,70.000000
0.477966,-0.823104,0.589302,-0.350058,50.050000,70.000000
0.085208,0.096400,-0.019763,0.658340,50.050000,70.000000
0.199006,0.695848,-4.883526,36.830878,50.050000,70.000000
-0.878436,0.123173,-0.913963,0.111001,50.050000,70.000000
0.176670,-0.704140,2.311867,-0.183823,50.050000,70.000000
-0.475250,0.480922,0.105488,-0.034093,50.050000,70.000000
0.850924,-0.521145,0.506921,-0.383223,50.050000,70.000000
-0.878785,0.255525,0.063236,-0.039509,50.050000,70.000000
0.613841,0.828862,0.743877,0.716147,50.050000,70.000000
0.678644,-0.034449,-2.482547,-0.568455,50.050000,70.000000
-0.981923,0.812830,0.607671,0.358650,50.050000,70.000000
-0.765234,0.719770,0.708659,0.518582,50.050000,70.000000
-0.821647,0.583309,0.156502,-0.019573,50.050000,70.000000
-0.319154,-0.021459,-0.264700,0.034823,50.050000,70.000000
-0.661205,-0.871889,0.700464,-0.829997,50.050000,70.000000
0.168218,-0.765655,0.547207,0.223322,50.050000,70.000000
-0.367398,-0.865700,-1.175807,0.084441,50.050000,70.000000
0.183796,-0.946117,-0.071057,-0.858980,50.050000,70.000000
0.606702,0.847616,0.705384,0.794389,50.050000,70.000000
-0.124102,0.223858,-0.754576,-0.474173,50.050000,70.000000
0.374039,0.480682,-2.455808,-0.667526,50.050000,70.000000
0.828029,0.688070,-0.764616,0.699820,50.050000,70.000000
0.384711,-0.167986,-1.036811,0.203182,50.050000,70.000000
0.664001,-0.134176,-0.107948,0.059923,50.050000,70.000000
0.899106,-0.718484,0.813725,-0.618114,50.050000,70.000000
0.438141,-0.160156,0.432922,-0.150548,50.050000,70.000000
0.263899,-0.644967,20.324364,2.560371,50.050000,70.000000
0.033075,-0.103800,-0.048118,-0.051940,50.050000,70.000000
-0.561876,0.544563,-0.596587,0.302041,50.050000,70.000000
0.474690,0.121832,0.246117,-0.021517,50.050000,70.000000
-0.377752,-0.878900,-0.837544,-0.781428,50.050000,70.000000
0.326983,-0.401762,-0.814947,0.292585,50.050000,70.000000
-0.412212,-0.052264,0.206549,-0.595864,50.050000,70.000000
-0.406023,-0.028782,0.153150,-0.011838,50.050000,70.000000
0.266681,0.106695,-0.197141,-0.004286,50.050000,70.000000
-0.783370,-0.106293,0.169547,-0.029951,50.050000,70.000000
-0.464617,-0.823894,6.187769,3.844386,50.050000,70.000000
0.821813,0.217607,10.057681,-1.120732,50.050000,70.000000
-0.674150,-0.434623,0.542193,-0.420221,50.050000,70.000000
-0.712282,0.676348,-0.683784,0.625419,50.050000,70.000000
-0.616696,-0.813005,-0.459337,-0.243622,50.050000,70.000000
-0.169999,0.822013,5.007251,2.781040,50.050000,70.000000
-0.420811,-0.563386,0.436766,1.003419,50.050000,70.000000
-0.836634,0.692382,-0.238339,-0.003659,50.050000,70.000000
0.860161,0.733015,0.855287,0.735602,50.050000,70.000000
-0.209448,-0.196810,0.078432,0.027595,50.050000,70.000000
0.214248,0.871854,-4.022702,-4.779441,50.050000,70.000000
-0.751063,0.883497,-0.757204,0.779311,50.050000,70.000000
0.927844,0.273075,-1.087207,-0.086565,50.050000,70.000000
-0.425500,0.617593,0.021166,-0.172239,50.050000,70.000000
-0.113361,0.739190,-1.681419,1.600190,50.050000,70.000000
-0.437834,-0.673204,0.575211,-0.185854,50.050000,70.000000
-0.540754,-0.456743,-0.341157,-0.150361,50.050000,70.000000
-0.479285,0.657715,-1.019466,0.377707,50.050000,70.000000
0.220404,0.335188,-0.257007,-0.296239,50.050000,70.000000
-0.500932,0.834853,2.443210,0.962307,50.050000,70.000000
-0.629449,0.843372,-0.192428,-0.030053,50.050000,70.000000
0.546369,0.822721,-0.303370,-0.026039,50.050000,70.000000
-0.532446,-0.821668,0.012495,0.022454,50.050000,70.000000
0.226255,0.663875,3.923013,0.890348,50.050000,70.000000
-0.247468,0.802476,-0.604496,0.238245,50.050000,70.000000
-0.778794,0.812219,0.847109,0.794192,50.050000,70.000000
0.964864,0.466489,-3.065621,5.233892,50.050000,70.000000
0.273673,-0.375503,-2.360331,0.204528,50.050000,70.000000
0.922103,-0.207024,0.493564,0.206526,50.050000,70.000000
0.546595,0.627072,0.617707,0.209370,50.050000,70.000000
-0.802856,0.391819,-0.734941,0.296385,50.050000,70.000000
-0.696518,-0.378622,-0.387298,-0.250784,50.050000,70.000000
0.499251,0.908151,1.231425,0.212473,50.050000,70.000000
-0.713112,0.719318,0.650905,0.545486,50.050000,70.000000
-0.426577,0.525344,-0.635714,3.434728,50.050000,70.000000
-0.544363,0.893450,-0.730566,0.557890,50.050000,70.000000
0.217598,-0.826999,0.171869,1.290415,50.050000,70.000000
0.632374,0.315776,-0.505155,0.379647,50.050000,70.000000
-0.760728,0.439157,0.631303,0.499095,50.050000,70.000000
0.914086,-0.951354,-0.757881,-0.777302,50.050000,70.000000
0.594093,0.920383,-0.540442,0.415029,50.050000,70.000000
0.884356,-0.632207,-0.779675,-0.518741,50.050000,70.000000
0.490635,0.106952,0.091618,-0.000524,50.050000,70.000000
-0.460303,-0.315181,-0.098903,0.046220,50.050000,70.000000
0.758414,0.666777,0.728649,0.613540,50.050000,70.000000
0.526277,-0.858722,-0.014983,-1.162457,50.050000,70.000000
-0.545402,-0.573237,0.668236,-0.384901,50.050000,70.000000
-0.397997,0.860665,-0.826087,0.305356,50.050000,70.000000
-0.807149,0.247267,-0.112199,0.422069,50.050000,70.000000
-0.179837,-0.512150,2.215546,-2.039384,50.050000,70.000000
0.289462,0.991806,1.970549,0.999417,50.050000,70.000000
-0.709052,0.954896,0.729592,0.413229,50.050000,70.000000
0.930000,0.513438,-0.884365,0.425093,50.050000,70.000000
-0.646765,-0.180138,-0.380867,0.065058,50.050000,70.000000
0.420416,-0.060680,0.362503,-0.067172,50.050000,70.000000
0.146581,-0.413771,0.151722,0.634985,50.050000,70.000000
-0.241519,0.798118,0.798656,-0.239444,50.050000,70.000000
-0.028758,0.668628,-0.371751,-0.460513,50.050000,70.000000
-0.375582,-0.405233,-1.009049,-0.178061,50.050000,70.000000
-0.752818,-0.604838,0.550066,-0.315886,50.050000,70.000000
0.481998,0.939213,15.766330,9.310720,50.050000,70.000000
-0.648264,0.630661,-0.717014,0.582757,50.050000,70.000000
-0.476873,-0.812586,-0.835093,-0.460040,50.050000,70.000000
0.862385,0.101549,10.719510,0.797679,50.050000,70.000000
0.741448,-0.487347,0.407442,-0.179921,50.050000,70.000000
-0.835457,0.469257,-0.639732,0.243965,50.050000,70.000000
0.800061,0.624357,0.214205,-0.076297,50.050000,70.000000
-0.423984,0.104838,-0.428453,0.121567,50.050000,70.000000
0.005977,0.452976,7.664684,-28.952587,50.050000,70.000000
-0.839314,-0.346589,-8.741798,-3.907318,50.050000,70.000000
0.880013,0.381796,2.524652,1.144114,50.050000,70.000000
0.853562,-0.177187,11.385196,2.473679,50.050000,70.000000
0.019625,-0.168288,3.990763,-6.252493,50.050000,70.000000
-0.415485,0.947487,18.972937,-8.788899,50.050000,70.000000
0.421685,-0.744405,-0.507078,-0.265479,50.050000,70.000000
0.780182,0.510815,-0.667097,0.478292,50.050000,70.000000
-0.727005,-0.781239,-0.683417,-0.689656,50.050000,70.000000
-0.278834,-0.356509,22.495015,6.205055,50.050000,70.000000
0.152787,-0.108069,-1.090438,-0.274763,50.050000,70.000000
-0.316174,0.061513,0.298262,-0.051916,50.050000,70.000000
-0.155052,0.042221,0.101159,0.030922,50.050000,70.000000
-0.388570,-0.693973,-0.724367,1.262785,50.050000,70.000000
0.395303,-0.134943,-0.472082,0.053982,50.050000,70.000000
0.011862,-0.628103,0.137061,-0.437712,50.050000,70.000000
-0.532019,0.352013,0.472167,0.267119,50.050000,70.000000
0.289018,-0.475379,-0.298689,0.076596,50.050000,70.000000
0.298053,-0.616643,1.482559,0.286618,50.050000,70.000000
0.087231,0.095620,0.112573,0.127275,50.050000,70.000000
-0.920196,0.269264,18.939440,-1.353541,50.050000,70.000000
-0.479136,-0.837267,0.788207,0.177163,50.050000,70.000000
0.046406,-0.046916,0.041923,-0.021341,50.050000,70.000000
-0.518607,-0.224400,0.305994,-0.044875,50.050000,70.000000
0.513155,0.601862,-4.927080,-0.130458,50.050000,70.000000
-0.508244,-0.059478,-0.464628,-0.372218,50.050000,70.000000
0.361529,0.222283,-0.414815,0.100598,50.050000,70.000000
-0.097872,-0.933933,-0.533684,0.628741,50.050000,70.000000
-0.613763,0.481852,0.643665,0.466116,50.050000,70.000000
0.480888,0.280178,0.129553,-0.026954,50.050000,70.000000
0.954117,-0.152512,14.604032,-0.090552,50.050000,70.000000
0.736005,0.030286,-0.827904,-0.006731,50.050000,70.000000
-0.988760,-0.097038,4.077792,0.141949,50.050000,70.000000
-0.922791,0.648385,1.339495,-0.316686,50.050000,70.000000
-0.601299,-0.037737,2.269481,0.107010,50.050000,70.000000
-0.238579,0.199523,-0.450904,0.191266,50.050000,70.000000
-0.622423,0.937649,-0.925468,0.794696,50.050000,70.000000
-0.937758,-0.901188,0.598351,-1.017397,50.050000,70.000000
-0.269816,-0.801529,0.244408,-0.175465,50.050000,70.000000
0.697331,0.050428,-0.575063,0.038584,50.050000,70.000000
-0.452521,0.473139,-0.404999,0.286855,50.050000,70.000000
0.042068,-0.959955,0.557913,-0.009308,50.050000,70.000000
0.039581,-0.755725,-4.084665,1.394137,50.050000,70.000000
0.529613,-0.795058,-0.740286,-0.181987,50.050000,70.000000
-0.544608,0.771145,-1.817146,-2.513809,50.050000,70.000000
0.633827,0.737695,0.624321,0.659095,50.050000,70.000000
0.434888,-0.843514,8.795466,6.042114,50.050000,70.000000
-0.943351,-0.901095,0.571101,-1.043861,50.050000,70.000000
-0.709583,0.045764,-0.225117,0.009678,50.050000,70.000000
-0.848057,0.706128,-0.816697,0.686705,50.050000,70.000000
-0.107140,-0.699312,1.155014,1.000190,50.050000,70.000000
0.668578,0.794541,0.301657,-0.038630,50.050000,70.000000
-0.146137,-0.118762,-0.177627,0.116494,50.050000,70.000000
-0.030227,-0.024788,0.022141,0.022311,50.050000,70.000000
-0.617069,0.928811,-0.892039,0.656938,50.050000,70.000000
0.531543,-0.350563,-0.520424,-0.297721,50.050000,70.000000
0.091500,-0.163904,-0.247185,-0.101043,50.050000,70.000000
-0.732879,0.500007,-0.596673,0.573368,50.050000,70.000000
-0.375659,0.306609,0.711233,0.101289,50.050000,70.000000
-0.820444,0.803971,0.873412,0.728594,50.050000,70.000000
0.339484,-0.285927,5.672606,-0.366578,50.050000,70.000000
0.421340,-0.536811,0.423718,0.220800,50.050000,70.000000
-0.178352,0.433384,1.276275,-0.773900,50.050000,70.000000
-0.110744,0.727611,1.823796,1.059944,50.050000,70.000000
0.961936,-0.735594,-0.924563,-0.748072,50.050000,70.000000
0.871727,-0.888178,0.742303,-0.621732,50.050000,70.000000
0.385840,0.804933,0.300480,-0.767878,50.050000,70.000000
0.516151,0.956049,-0.448644,-0.174793,50.050000,70.000000
0.308419,-0.398532,1.377826,-0.431103,50.050000,70.000000
-0.133587,0.809810,-2.602661,-1.682560,50.050000,70.000000
0.476473,0.080954,0.089697,-0.021387,50.050000,70.000000
0.592202,-0.862486,0.301224,-0.112700,50.050000,70.000000
0.189782,-0.334431,4.933463,-37.177823,50.050000,70.000000
-0.777806,-0.578644,-0.123652,0.106191,50.050000,70.000000
0.721937,-0.407538,-0.524245,-0.524611,50.050000,70.000000
0.500941,-0.678732,0.357908,-0.254528,50.050000,70.000000
0.545247,-0.028404,-0.447106,-0.038661,50.050000,70.000000
0.606463,0.818131,0.716290,0.440853,50.050000,70.000000
0.330295,-0.732328,-0.018843,-0.046093,50.050000,70.000000
-0.232883,-0.059172,-0.396572,0.036616,50.050000,70.000000
-0.498644,-0.703035,-0.165192,0.138266,50.050000,70.000000
0.096584,-0.715495,0.263849,0.452014,50.050000,70.000000
0.679597,-0.013793,0.142751,-0.011172,50.050000,70.000000
0.185784,0.463417,7.749413,-1.483784,50.050000,70.000000
0.641315,0.582425,0.354182,0.054331,50.050000,70.000000
0.822359,-0.616853,0.667905,-0.384804,50.050000,70.000000
0.544923,0.514253,-0.572704,0.291852,50.050000,70.000000
-0.956285,-0.284246,0.843212,-1.045054,50.050000,70.000000
0.676004,-0.392510,0.296523,-0.106874,50.050000,70.000000
-0.911428,-0.364147,0.387654,-0.326392,50.050000,70.000000
-0.223445,0.554583,2.432008,0.003189,50.050000,70.000000
0.870859,0.518867,-0.615278,0.298934,50.050000,70.000000
0.604521,0.188432,-0.492259,0.122317,50.050000,70.000000
0.983968,-0.441623,0.522681,-0.229242,50.050000,70.000000
-0.362898,0.774609,-1.329376,4.084166,50.050000,70.000000
0.861717,0.883044,0.903204,0.827917,50.050000,70.000000
-0.680984,0.709291,-0.644844,0.519607,50.050000,70.000000
-0.942160,-0.875263,0.379483,-0.610711,50.050000,70.000000
-0.552642,-0.257595,0.524982,-0.277508,50.050000,70.000000
0.598104,0.333598,-0.162172,-0.028196,50.050000,70.000000
0.776306,-0.628948,-0.459455,-0.262577,50.050000,70.000000
-0.733029,-0.016875,-1.086049,-0.119113,50.050000,70.000000
0.387052,-0.808956,-0.254882,-0.149364,50.050000,70.000000
-0.116369,0.188092,1.173301,-1.067325,50.050000,70.000000
-0.745247,0.635944,0.408753,0.189678,50.050000,70.000000
0.317042,0.532036,-2.813998,-32.535513,50.050000,70.000000
-0.066758,0.000284,0.042758,0.000051,50.050000,70.000000
0.778163,0.581955,0.394002,0.210084,50.050000,70.000000
0.916912,0.537192,0.774300,0.513878,50.050000,70.000000
0.586552,0.181396,-0.618969,0.043093,50.050000,70.000000
0.726136,0.165807,-0.381654,0.165383,50.050000,70.000000
0.720988,-0.358477,-0.421740,-0.288942,50.050000,70.000000
-0.928149,0.602891,-0.627645,-0.000578,50.050000,70.000000
0.794074,-0.000509,-0.461874,-0.007997,50.050000,70.000000
-0.549111,-0.908265,0.967956,-0.711113,50.050000,70.000000
0.793116,-0.095656,-0.043294,0.047304,50.050000,70.000000
0.306515,-0.410308,0.092481,0.039646,50.050000,70.000000
-0.045388,-0.836877,9.974092,28.056415,50.050000,70.000000
0.608974,-0.980802,0.601897,-0.719250,50.050000,70.000000
-0.343840,-0.915779,0.576735,-0.732366,50.050000,70.000000
0.497070,0.258782,0.501969,0.241883,50.050000,70.000000
-0.656656,-0.417089,-0.537212,-0.394131,50.050000,70.000000
-0.016249,0.909387,0.976055,-0.286854,50.050000,70.000000
0.064145,0.082373,0.043002,0.036003,50.050000,70.000000
0.448259,-0.112029,-0.364100,-0.011247,50.050000,70.000000
-0.868895,0.486294,-0.704927,0.493297,50.050000,70.000000
-0.864346,0.930590,0.558261,0.936552,50.050000,70.000000
0.427476,0.583290,0.148563,0.242278,50.050000,70.000000
-0.649458,0.557730,-0.666382,0.515687,50.050000,70.000000
-0.228223,0.257944,-0.246760,0.098715,50.050000,70.000000
-0.740270,0.280845,0.684506,0.231725,50.050000,70.000000
0.161619,0.327790,0.216211,0.594593,50.050000,70.000000
-0.841716,-0.725098,-0.821389,-0.684564,50.050000,70.000000
-0.714976,-0.600951,-0.675579,-0.610643,50.050000,70.000000
-0.185569,-0.857495,-10.709665,0.132405,50.050000,70.000000
0.079194,-0.986277,-17.821004,33.994123,50.050000,70.000000
-0.360576,-0.206181,-0.380179,0.270035,50.050000,70.000000
0.710586,0.822222,0.586224,0.534322,50.050000,70.000000
-0.914065,-0.689729,-0.931596,-0.662343,50.050000,70.000000
-0.271129,-0.860308,-18.124441,8.609052,50.050000,70.000000
0.810694,-0.662285,0.431969,-0.197658,50.050000,70.000000
0.977650,-0.640852,-0.157073,0.126473,50.050000,70.000000
-0.803781,0.848352,-0.550095,0.458326,50.050000,70.000000
0.257794,0.738496,0.054666,-3.540321,50.050000,70.000000
-0.091454,0.929495,-26.498293,16.944267,50.050000,70.000000
0.022391,0.323820,1.053856,0.355104,50.050000,70.000000
0.448864,0.050089,0.171185,-0.023000,50.050000,70.000000
-0.154031,-0.805524,-0.624036,-1.156898,50.050000,70.000000
-0.435151,0.418939,0.838735,0.032283,50.050000,70.000000
-0.892873,-0.522965,0.788196,-0.546870,50.050000,70.000000
0.526701,0.258703,0.243492,0.031401,50.050000,70.000000
0.023740,0.996452,-0.563085,1.851587,50.050000,70.000000
-0.629624,-0.089357,-13.509304,0.767591,50.050000,70.000000
0.180245,-0.626033,-9.756641,-7.734365,50.050000,70.000000
0.255519,0.508060,9.737647,2.267225,50.050000,70.000000
0.964117,-0.082891,0.371246,-0.167287,50.050000,70.000000
0.850368,0.136096,0.037688,-0.022452,50.050000,70.000000
-0.639532,-0.620266,-0.189452,0.061533,50.050000,70.000000
-0.815743,-0.191868,1.939375,0.377732,50.050000,70.000000
-0.725872,0.266767,0.762800,0.429934,50.050000,70.000000
-0.453144,0.011177,0.432529,-0.110391,50.050000,70.000000
-0.148534,-0.419242,-0.023560,0.642731,50.050000,70.000000
-0.193468,0.377526,1.351129,1.104276,50.050000,70.000000
-0.914385,-0.062140,-0.261476,-0.046961,50.050000,70.000000
-0.385800,-0.133728,0.125253,-0.002406,50.050000,70.000000
0.427635,-0.732406,0.924766,-0.552876,50.050000,70.000000
0.444195,-0.417653,-0.545571,-0.242938,50.050000,70.000000
0.511324,-0.169434,-0.450897,-0.245454,50.050000,70.000000
0.319375,-0.262597,0.173486,0.150978,50.050000,70.000000
0.539940,0.767656,0.512862,0.628030,50.050000,70.000000
-0.002881,-0.415556,1.957328,5.101914,50.050000,70.000000
-0.248851,-0.444611,-2.160172,-8.082716,50.050000,70.000000
-0.573956,-0.478984,-0.629969,-0.441602,50.050000,70.000000
-0.289096,-0.828228,-6.624151,-1.350923,50.050000,70.000000
-0.021273,0.460546,-0.354706,0.299219,50.050000,70.000000
0.394895,0.996714,-0.911294,0.282180,50.050000,70.000000
-0.235634,-0.302808,0.106917,0.035436,50.050000,70.000000
0.698706,-0.847867,-0.579280,-0.454047,50.050000,70.000000
-0.103312,-0.360123,-0.982099,0.025871,50.050000,70.000000
-0.588823,-0.349441,0.585029,-0.353135,50.050000,70.000000
0.948683,0.507435,-0.448141,0.350029,50.050000,70.000000
0.465841,-0.608831,1.639446,-0.631996,50.050000,70.000000
-0.617614,-0.233566,0.073139,0.061405,50.050000,70.000000
0.453737,-0.034888,0.236899,0.042405,50.050000,70.000000
-0.369844,0.034654,-0.288225,0.035400,50.050000,70.000000
0.433931,-0.914463,2.454655,21.894062,50.050000,70.000000
0.627115,-0.071482,-14.798581,0.900337,50.050000,70.000000
0.598121,0.620841,-0.679465,0.532499,50.050000,70.000000
0.476206,-0.402413,-0.515411,-0.191295,50.050000,70.000000
0.644113,-0.393727,0.063387,0.103218,50.050000,70.000000
0.627109,-0.177451,0.590236,0.761397,50.050000,70.000000
-0.423530,-0.275221,0.489147,-0.267880,50.050000,70.000000
0.353420,-0.070808,0.041060,-0.052221,50.050000,70.000000
-0.063270,0.622169,3.373930,-4.557366,50.050000,70.000000
0.798843,0.149214,0.463421,-0.017445,50.050000,70.000000
-0.165341,-0.893351,14.246712,-2.974856,50.050000,70.000000
-0.544258,0.658406,-0.494621,0.448317,50.050000,70.000000
-0.169646,0.751631,0.102046,0.526970,50.050000,70.000000
0.658225,0.786553,-0.544178,0.458233,50.050000,70.000000
-0.398783,-0.341262,-0.740234,-0.122209,50.050000,70.000000
0.411846,-0.101688,-0.255436,-0.093639,50.050000,70.000000
0.927828,0.007886,-4.314298,-0.055261,50.050000,70.000000
0.548086,-0.313144,0.090336,0.070750,50.050000,70.000000
0.985569,0.454117,1.382049,0.255543,50.050000,70.000000
0.349097,-0.732980,-10.633235,0.085543,50.050000,70.000000
0.807179,0.263842,-0.723411,0.857614,50.050000,70.000000
0.386629,0.073322,-0.408736,0.040454,50.050000,70.000000
0.316053,-0.094600,-0.263245,-0.040420,50.050000,70.000000
0.057675,-0.659189,-13.151653,28.835850,50.050000,70.000000
-0.990800,-0.382358,0.179018,0.049551,50.050000,70.000000
-0.298973,-0.833189,-14.976797,-3.081032,50.050000,70.000000
0.585178,-0.916427,-0.623768,-0.757354,50.050000,70.000000
-0.380331,-0.220691,0.082626,-0.015015,50.050000,70.000000
0.842344,-0.716442,0.600176,-0.319377,50.050000,70.000000
0.766506,0.673861,0.755003,0.658991,50.050000,70.000000
-0.425255,0.744281,-0.189341,-0.326437,50.050000,70.000000
-0.868429,0.313477,0.512689,0.267160,50.050000,70.000000
0.603727,0.835739,0.779152,0.732301,50.050000,70.000000
0.259013,-0.771505,-0.576347,-0.440055,50.050000,70.000000
-0.691375,0.066585,-6.652809,0.501420,50.050000,70.000000
-0.909424,-0.689393,-0.929903,-0.656994,50.050000,70.000000
-0.636268,0.242551,0.514804,0.046581,50.050000,70.000000
0.552989,0.094298,-0.463485,0.116710,50.050000,70.000000
0.864311,0.469957,0.888003,0.488900,50.050000,70.000000
0.567179,0.582662,-0.485713,0.124699,50.050000,70.000000
0.801254,0.668487,0.571357,0.338544,50.050000,70.000000
-0.731695,0.406722,-0.456732,0.095664,50.050000,70.000000
-0.223854,-0.309754,12.511999,-26.523351,50.050000,70.000000
-0.029291,-0.285913,17.384406,12.089480,50.050000,70.000000
0.664114,-0.234623,-0.165401,0.145646,50.050000,70.000000
0.698742,-0.239523,0.404442,-0.319315,50.050000,70.000000
0.328961,0.841571,-6.369153,14.355307,50.050000,70.000000
0.285931,-0.352077,2.165682,-0.585609,50.050000,70.000000
0.646236,-0.714546,0.602627,-0.549891,50.050000,70.000000
0.620283,-0.899205,-0.628615,-0.835388,50.050000,70.000000
-0.938812,-0.617083,0.089259,-0.135828,50.050000,70.000000
0.688338,0.901465,-0.285182,0.071527,50.050000,70.000000
0.920307,-0.392454,-2.987360,-0.591846,50.050000,70.000000
0.029959,-0.472838,-0.746658,-1.022711,50.050000,70.000000
-0.992870,0.827051,0.010729,-0.787140,50.050000,70.000000
0.245243,-0.194364,-5.797689,0.198915,50.050000,70.000000
-0.680862,0.752036,0.678320,0.732157,50.050000,70.000000
-0.527152,0.158672,-0.365227,0.031449,50.050000,70.000000
0.800991,0.253507,-1.062164,0.267378,50.050000,70.000000
0.697409,-0.645213,-0.619478,-0.490075,50.050000,70.000000
-0.101674,-0.832654,18.808731,14.612733,50.050000,70.000000
-0.409645,-0.906633,2.934158,-0.385699,50.050000,70.000000
0.215493,-0.205897,-0.182813,-0.115795,50.050000,70.000000
-0.518944,0.102531,-0.470523,0.309638,50.050000,70.000000
-0.757185,-0.005616,0.535735,0.090407,50.050000,70.000000
-0.394771,-0.915792,-0.040109,0.341221,50.050000,70.000000
0.291972,-0.820494,-0.687220,0.422169,50.050000,70.000000
-0.049729,0.197554,0.503992,0.627638,50.050000,70.000000
0.285528,0.864950,0.672897,1.016442,50.050000,70.000000
-0.787068,-0.246397,-0.061047,-0.060572,50.050000,70.000000
0.806648,-0.674060,-0.380935,-0.059573,50.050000,70.000000
-0.924337,0.660847,1.178648,0.061014,50.050000,70.000000
0.857793,0.933862,-0.657487,0.600848,50.050000,70.000000
-0.588132,-0.739977,-0.400101,-0.511024,50.050000,70.000000
-0.790217,0.819062,0.845370,0.749160,50.050000,70.000000
-0.018767,0.590267,0.045824,0.359106,50.050000,70.000000
0.622283,0.715145,0.251817,-0.017022,50.050000,70.000000
-0.560284,-0.690991,-0.063932,0.118127,50.050000,70.000000
0.508751,0.579357,0.647358,0.418551,50.050000,70.000000
-0.746903,0.798723,-0.003604,-0.154365,50.050000,70.000000
0.135285,-0.258213,0.168658,-0.086281,50.050000,70.000000
0.211510,0.851895,-17.329892,1.225616,50.050000,70.000000
-0.203728,-0.061228,-0.209595,0.044377,50.050000,70.000000
0.948719,-0.883908,-0.594468,-0.550295,50.050000,70.000000
0.159625,0.817076,-0.775298,-13.214851,50.050000,70.000000
0.603146,-0.925513,-0.335636,-0.233252,50.050000,70.000000
0.909658,0.624915,-0.792368,0.613899,50.050000,70.000000
0.939187,0.916136,-0.771304,0.924048,50.050000,70.000000
-0.499551,0.042104,-0.017795,0.010105,50.050000,70.000000
-0.361629,0.103485,0.353858,-0.011172,50.050000,70.000000
-0.728843,0.332199,-0.836378,0.394340,50.050000,70.000000
-0.739758,0.885187,-0.742669,0.715428,50.050000,70.000000
-0.667945,-0.158568,-0.065298,-0.023769,50.050000,70.000000
0.947921,-0.293218,-0.576471,0.055060,50.050000,70.000000
-0.109690,0.438294,2.601893,0.298052,50.050000,70.000000
0.399615,0.328267,-0.590697,-0.075549,50.050000,70.000000
-0.812237,0.731723,-0.794711,0.719445,50.050000,70.000000
0.076541,0.419196,-0.856152,0.194407,50.050000,70.000000
-0.572811,0.757637,0.868220,0.366645,50.050000,70.000000
-0.402712,-0.372277,-0.796247,0.141290,50.050000,70.000000
-0.854415,-0.160205,-1.195385,-0.267102,50.050000,70.000000
-0.566009,-0.912022,0.768709,-0.747242,50.050000,70.000000
-0.355290,0.636211,3.842343,14.512593,50.050000,70.000000
0.800268,0.112445,2.112561,0.315769,50.050000,70.000000
-0.136413,-0.692745,-2.720808,3.601019,50.050000,70.000000
-0.968627,0.286414,0.328551,0.026670,50.050000,70.000000
-0.233314,0.686144,-25.885467,-19.418820,50.050000,70.000000
0.022486,-0.078865,-0.018810,-0.067001,50.050000,70.000000
0.522197,0.562717,0.391538,0.001171,50.050000,70.000000
-0.414007,-0.208971,0.209517,0.016687,50.050000,70.000000
-0.178976,-0.057159,-0.141952,0.012707,50.050000,70.000000
-0.677349,-0.202312,0.833813,-0.384981,50.050000,70.000000
-0.261395,0.731706,-33.421046,-18.502023,50.050000,70.000000
-0.211219,0.037802,0.128324,-0.025663,50.050000,70.000000
-0.669298,-0.890414,0.613641,-0.687429,50.050000,70.000000
0.811503,0.936360,0.081684,-0.155615,50.050000,70.000000
-0.590864,-0.658115,-0.746825,-0.559881,50.050000,70.000000
-0.936259,0.299580,0.482962,-0.127713,50.050000,70.000000
-0.959675,0.735043,0.569852,0.816155,50.050000,70.000000
-0.133577,0.965085,2.717364,1.857524,50.050000,70.000000
0.186190,-0.709454,6.743659,-5.600526,50.050000,70.000000
0.210819,-0.760496,1.502862,-0.818151,50.050000,70.000000
0.340039,-0.969245,-0.853359,-0.608601,50.050000,70.000000
-0.101823,0.662047,14.393167,-24.130418,50.050000,70.000000
-0.971008,0.273679,5.022757,1.159037,50.050000,70.000000
-0.278237,-0.326265,-2.946276,-6.111976,50.050000,70.000000
0.455920,0.650435,0.227143,-0.015654,50.050000,70.000000
-0.141702,0.421911,0.128741,-0.364295,50.050000,70.000000
-0.937691,0.234183,-0.766830,1.775019,50.050000,70.000000
-0.082890,0.862562,1.879080,0.017117,50.050000,70.000000
-0.928030,0.593560,0.322043,0.384153,50.050000,70.000000
-0.043361,-0.764387,10.456538,33.624491,50.050000,70.000000
0.946544,0.569640,-0.385588,0.238595,50.050000,70.000000
-0.062004,-0.109344,-0.377741,0.017532,50.050000,70.000000
0.262709,-0.652298,3.580250,0.884423,50.050000,70.000000
0.831466,0.450541,0.739135,0.471033,50.050000,70.000000
0.240875,0.378843,25.314087,17.962362,50.050000,70.000000
-0.789239,-0.735059,-0.337908,-0.026213,50.050000,70.000000
-0.139954,-0.210781,0.637541,1.198717,50.050000,70.000000
-0.592200,0.887343,0.949978,0.730108,50.050000,70.000000
-0.425767,0.136934,0.320843,0.049689,50.050000,70.000000
-0.549375,0.647391,0.531606,0.115859,50.050000,70.000000
0.692439,-0.178760,-3.274091,0.895376,50.050000,70.000000
-0.426601,0.124117,-0.411195,0.124241,50.050000,70.000000
0.039390,0.031003,-0.004713,-0.032549,50.050000,70.000000
-0.940065,0.327808,-0.347733,1.138494,50.050000,70.000000
-0.529272,0.526481,0.503757,0.230040,50.050000,70.000000
0.560697,-0.370384,-0.548328,-0.347002,50.050000,70.000000
0.948083,0.431141,2.209557,2.647061,50.050000,70.000000
0.194363,0.650950,-3.363200,0.124526,50.050000,70.000000
0.510537,0.603610,-0.614300,0.489086,50.050000,70.000000
0.880524,0.962628,-0.770523,0.855422,50.050000,70.000000
0.884483,-0.501932,0.609607,-0.409362,50.050000,70.000000
0.024266,-0.169189,0.317527,0.213162,50.050000,70.000000
0.436405,0.664705,-2.766930,-2.345903,50.050000,70.000000
-0.302741,-0.165046,0.203734,-0.023262,50.050000,70.000000
0.071291,0.188575,1.281974,-0.357506,50.050000,70.000000
-0.616670,-0.375761,0.604782,-0.378527,50.050000,70.000000
0.583149,0.980154,0.985410,0.691440,50.050000,70.000000
-0.555240,0.076633,0.275560,0.057800,50.050000,70.000000
-0.024812,0.981000,0.409810,0.337076,50.050000,70.000000
-0.325837,-0.335383,-0.388975,-0.166084,50.050000,70.000000
-0.786738,-0.702745,0.800399,-0.698304,50.050000,70.000000
0.968123,-0.756189,-0.724143,-0.435191,50.050000,70.000000
0.723608,-0.321877,0.566039,-0.098588,50.050000,70.000000
0.218245,0.046865,-0.202876,0.044998,50.050000,70.000000
-0.343233,-0.716831,1.916853,-0.789289,50.050000,70.000000
0.228765,0.845611,13.794623,-4.523613,50.050000,70.000000
0.180060,0.273879,0.044264,0.514333,50.050000,70.000000
-0.914667,-0.804904,-0.552520,-0.381656,50.050000,70.000000
-0.022339,0.552232,4.782188,-21.267166,50.050000,70.000000
-0.635010,-0.612744,0.594059,-0.357033,50.050000,70.000000
-0.384802,0.639011,-0.216231,-0.073150,50.050000,70.000000
-0.149368,-0.432778,-0.183084,-0.000780,50.050000,70.000000
0.293821,0.245449,-0.056421,-0.025184,50.050000,70.000000
-0.742701,-0.570157,-0.577938,-0.453461,50.050000,70.000000
-0.632716,-0.059470,-1.075614,0.066739,50.050000,70.000000
0.493388,0.370937,-0.606069,0.272033,50.050000,70.000000
0.340596,0.403490,0.490631,0.180647,50.050000,70.000000
-0.551347,-0.493777,-0.653772,-0.418934,50.050000,70.000000
-0.911418,-0.207072,2.317972,0.572386,50.050000,70.000000
-0.260037,-0.446601,0.246217,0.935323,50.050000,70.000000
-0.020994,-0.842678,-0.089564,-0.187952,50.050000,70.000000
-0.884609,0.373880,-0.266350,-0.819922,50.050000,70.000000
-0.201164,-0.962758,-0.318645,2.132232,50.050000,70.000000
0.923524,-0.338695,10.047523,-7.460860,50.050000,70.000000
-0.451695,0.357540,0.250213,0.069163,50.050000,70.000000
-0.818725,-0.315693,0.333844,-0.412671,50.050000,70.000000
0.140721,-0.907125,-0.603641,-1.272224,50.050000,70.000000
-0.050045,0.894515,13.661337,2.462447,50.050000,70.000000
0.121811,-0.722895,-0.233243,-0.068177,50.050000,70.000000
0.304643,0.132274,0.204015,0.074296,50.050000,70.000000
-0.872580,0.552618,-0.364524,0.009149,50.050000,70.000000
-0.152381,0.926402,-1.266231,0.299707,50.050000,70.000000
0.037204,-0.704816,-14.540150,-1.894721,50.050000,70.000000
0.149984,0.775012,-9.222430,2.672872,50.050000,70.000000
-0.368301,-0.036381,0.439380,0.167233,50.050000,70.000000
0.546032,-0.836292,0.663311,0.655852,50.050000,70.000000
0.439081,-0.361988,-1.668566,-0.337420,50.050000,70.000000
0.075365,0.657520,-16.365961,-21.863615,50.050000,70.000000
0.933674,0.251830,-0.699833,0.045706,50.050000,70.000000
0.510380,-0.039949,1.074823,0.122575,50.050000,70.000000
0.572596,-0.380682,0.521628,-0.301553,50.050000,70.000000
-0.122478,-0.488316,5.404495,1.827804,50.050000,70.000000
0.866144,-0.711476,0.794538,-0.587424,50.050000,70.000000
0.227800,0.641927,-0.487715,0.451507,50.050000,70.000000
0.869640,0.037228,-8.374997,0.478422,50.050000,70.000000
-0.313201,0.037827,-0.617859,0.023626,50.050000,70.000000
-0.245876,-0.433000,1.457544,-0.469742,50.050000,70.000000
0.570645,0.825798,0.283090,0.041908,50.050000,70.000000
-0.817786,-0.528216,-0.641140,-0.632613,50.050000,70.000000
0.271568,0.238492,0.181205,-0.108785,50.050000,70.000000
0.334473,-0.509901,13.627466,-1.770434,50.050000,70.000000
0.095819,0.429647,4.924182,-1.874514,50.050000,70.000000
-0.926655,-0.289130,-1.457195,-0.058799,50.050000,70.000000
0.592198,-0.920636,-0.505942,-0.601163,50.050000,70.000000
0.864016,-0.481975,0.804265,-0.427055,50.050000,70.000000
-0.548286,0.960782,-0.974873,0.782124,50.050000,70.000000
-0.144818,0.050963,-0.041987,-0.013553,50.050000,70.000000
0.536095,0.148972,-0.442983,0.126662,50.050000,70.000000
-0.222970,0.551160,-0.718757,1.348885,50.050000,70.000000
-0.657182,0.745610,0.607005,0.646631,50.050000,70.000000
-0.540486,0.047724,-0.625544,-0.112311,50.050000,70.000000
0.094681,-0.699095,0.660975,-0.574770,50.050000,70.000000
0.303833,0.518680,-0.497961,-0.356212,50.050000,70.000000
-0.541241,-0.636285,0.739538,-0.520693,50.050000,70.000000
-0.041656,-0.110249,0.447297,0.437082,50.050000,70.000000
-0.957372,-0.556580,-0.832939,-0.471975,50.050000,70.000000
-0.439502,-0.716713,-2.137418,0.838590,50.050000,70.000000
0.204469,0.507925,-2.420387,0.765835,50.050000,70.000000
0.698806,0.830482,0.492891,0.359630,50.050000,70.000000
-0.087720,-0.309989,-15.563022,-18.521996,50.050000,70.000000
0.014668,0.519088,-4.735689,8.829415,50.050000,70.000000
0.308272,-0.868707,16.005557,-0.771964,50.050000,70.000000
-0.353356,-0.853192,0.702376,0.006158,50.050000,70.000000
0.404535,-0.980053,-1.008371,-0.665180,50.050000,70.000000
0.255895,0.821655,14.471422,3.315367,50.050000,70.000000
-0.449885,0.775366,-0.968375,0.383041,50.050000,70.000000
-0.419008,-0.271346,0.401532,-0.187127,50.050000,70.000000
-0.512248,0.647991,0.422792,0.387815,50.050000,70.000000
0.782272,-0.346908,0.737622,-0.299139,50.050000,70.000000
-0.489174,0.460694,0.036390,-0.077346,50.050000,70.000000
0.889534,0.403609,2.160333,0.842130,50.050000,70.000000
-0.550395,-0.490558,-0.640098,-0.423870,50.050000,70.000000
-0.809903,-0.045143,-4.877432,0.297282,50.050000,70.000000
-0.725983,0.410649,-0.601681,0.496438,50.050000,70.000000
-0.218055,-0.858245,-7.362972,-3.397662,50.050000,70.000000
-0.531122,-0.562801,0.105226,0.060522,50.050000,70.000000
-0.992016,-0.817744,-0.549749,-0.883835,50.050000,70.000000
0.171633,0.643659,14.040909,16.075729,50.050000,70.000000
-0.022387,-0.253430,-4.476830,-18.323322,50.050000,70.000000
0.602003,-0.135821,0.151885,-0.028742,50.050000,70.000000
-0.746682,0.514057,0.460522,0.136110,50.050000,70.000000
-0.245927,0.700339,-2.756549,4.814377,50.050000,70.000000
0.602137,0.114839,0.305742,0.000239,50.050000,70.000000
0.101205,0.958982,-2.367143,-0.065286,50.050000,70.000000
-0.392890,0.705871,0.279595,1.089863,50.050000,70.000000
-0.428814,0.923302,1.093049,0.308665,50.050000,70.000000
-0.056706,0.943594,12.084876,-45.359599,50.050000,70.000000
0.981968,-0.067697,1.800547,-0.021177,50.050000,70.000000
0.214967,0.951745,-0.964004,-1.146021,50.050000,70.000000
-0.016593,-0.880170,4.479874,50.157196,50.050000,70.000000
0.985366,-0.954720,0.621066,-0.381449,50.050000,70.000000
0.013169,-0.675905,-3.578351,22.367880,50.050000,70.000000
0.073019,-0.768551,0.673259,0.713288,50.050000,70.000000
0.961350,-0.585628,-0.591879,-0.564146,50.050000,70.000000
-0.642297,0.921467,-0.868200,0.690277,50.050000,70.000000
-0.910695,-0.057056,2.152671,0.163265,50.050000,70.000000
-0.946986,0.013420,0.290856,-0.053015,50.050000,70.000000
-0.458290,-0.476026,0.709286,-0.283271,50.050000,70.000000
-0.571631,0.600144,-0.677048,0.378748,50.050000,70.000000
0.613079,0.025297,1.463827,0.014177,50.050000,70.000000
-0.828945,-0.072504,1.162377,0.042223,50.050000,70.000000
-0.582544,-0.814749,-0.587892,-0.272298,50.050000,70.000000
0.515975,-0.014215,-0.558252,0.013852,50.050000,70.000000
-0.912937,0.269588,25.794901,8.712882,50.050000,70.000000
0.968346,0.987867,0.949058,0.894172,50.050000,70.000000
-0.913922,-0.291792,0.884952,0.042779,50.050000,70.000000
-0.145144,0.565570,1.548267,-0.368875,50.050000,70.000000
-0.458085,0.957120,1.750267,1.298878,50.050000,70.000000
0.320667,-0.546801,-12.462158,-2.575598,50.050000,70.000000
-0.085451,-0.167271,-0.034513,-0.115737,50.050000,70.000000
0.683567,0.707023,0.685569,0.690253,50.050000,70.000000
0.929616,0.063821,1.172583,0.138429,50.050000,70.000000
0.640480,0.541105,-0.604496,0.402230,50.050000,70.000000
0.350500,0.852175,0.420884,0.247328,50.050000,70.000000
0.508638,0.682542,-0.640878,0.209399,50.050000,70.000000
-0.508313,0.781625,-0.878268,0.504321,50.050000,70.000000
0.772012,-0.791407,0.683784,-0.571119,50.050000,70.000000
0.825193,-0.975380,-0.854784,-0.921169,50.050000,70.000000
0.785762,0.303261,0.417842,0.739090,50.050000,70.000000
0.909073,0.785587,-0.776033,0.760454,50.050000,70.000000
-0.631142,0.393862,-0.461728,0.194225,50.050000,70.000000
-0.362706,0.005695,0.409524,0.001614,50.050000,70.000000
-0.288599,-0.482109,-1.374416,1.119349,50.050000,70.000000
-0.808619,-0.467812,-0.163591,0.022138,50.050000,70.000000
-0.517921,-0.693638,-0.745858,-0.492168,50.050000,70.000000
0.030258,0.546369,-0.852204,-0.378605,50.050000,70.000000
0.821422,-0.367719,-8.480820,-1.277302,50.050000,70.000000
-0.252151,0.090333,-0.209743,-0.034815,50.050000,70.000000
0.224514,-0.594693,0.026419,1.320928,50.050000,70.000000
0.993070,0.529663,-0.559716,0.111121,50.050000,70.000000
0.049016,-0.194157,1.775305,-3.856292,50.050000,70.000000
0.805144,0.050555,-0.456993,-0.001591,50.050000,70.000000
-0.315750,-0.816867,-9.660035,0.595235,50.050000,70.000000
0.918345,0.616363,-0.609989,0.434079,50.050000,70.000000
-0.783726,-0.080755,-8.203989,0.758142,50.050000,70.000000
0.744821,0.207671,0.432432,0.058100,50.050000,70.000000
0.318706,0.494981,-0.487293,-0.092412,50.050000,70.000000
-0.861972,0.834429,-0.722291,0.865369,50.050000,70.000000
0.255614,0.103246,0.244827,0.119288,50.050000,70.000000
-0.740828,0.905089,-0.777822,0.850347,50.050000,70.000000
-0.162443,-0.180040,-0.386107,0.168041,50.050000,70.000000
0.059743,0.107500,-0.034980,-0.047518,50.050000,70.000000
0.748579,-0.639838,-0.613694,-0.484050,50.050000,70.000000
0.249564,0.427205,-0.028481,-0.523772,50.050000,70.000000
0.030644,-0.970048,-7.292956,50.320431,50.050000,70.000000
0.408177,0.238136,-0.436429,0.087600,50.050000,70.000000
0.359338,-0.612712,-1.010306,-0.114007,50.050000,70.000000
0.145325,0.482628,-0.094247,-0.365563,50.050000,70.000000
-0.467264,0.692558,-1.046055,0.456083,50.050000,70.000000
-0.184586,-0.335106,5.917370,8.577161,50.050000,70.000000
-0.128577,-0.989695,0.194928,0.575047,50.050000,70.000000
0.188630,0.298530,0.882754,0.223508,50.050000,70.000000
-0.609891,-0.441684,0.336671,-0.078069,50.050000,70.000000
0.609281,0.179968,-0.295868,0.186444,50.050000,70.000000
0.725964,-0.721481,-0.504550,-0.335661,50.050000,70.000000
0.063262,-0.762731,-13.787265,32.714462,50.050000,70.000000
0.782482,-0.820800,-0.698886,-0.687661,50.050000,70.000000
0.808972,0.393767,-0.280550,-0.103468,50.050000,70.000000
0.037271,0.420287,0.007825,0.121533,50.050000,70.000000
-0.240668,-0.915080,2.176612,1.370684,50.050000,70.000000
0.257364,-0.483865,-0.330675,-0.992985,50.050000,70.000000
-0.319260,0.203646,-0.025265,0.038674,50.050000,70.000000
0.673049,-0.069277,-0.925328,0.075834,50.050000,70.000000
-0.343300,0.149175,0.365311,-0.206805,50.050000,70.000000
-0.807511,0.168057,-0.310071,0.038757,50.050000,70.000000
0.527845,-0.502219,0.499771,-0.177466,50.050000,70.000000
-0.787011,0.712474,0.620274,0.350820,50.050000,70.000000
0.553375,0.578805,0.124878,-0.093405,50.050000,70.000000
-0.027474,0.237240,-0.028615,-0.164218,50.050000,70.000000
-0.700616,0.746151,0.692934,0.671674,50.050000,70.000000
0.559249,-0.702927,-0.497480,-0.452195,50.050000,70.000000
-0.085992,0.726592,-20.568394,-17.416257,50.050000,70.000000
-0.163694,0.802542,0.650411,-1.457979,50.050000,70.000000
0.328121,0.727747,0.427925,0.288549,50.050000,70.000000
-0.751997,-0.810753,0.017917,0.158929,50.050000,70.000000
-0.324871,-0.101944,0.008747,-0.034961,50.050000,70.000000
0.630353,0.345341,0.493171,0.214366,50.050000,70.000000
0.154458,-0.017884,0.140186,0.012309,50.050000,70.000000
-0.570029,-0.473014,-0.521352,-0.239767,50.050000,70.000000
0.056244,-0.706742,-0.541327,-14.001287,50.050000,70.000000
-0.207858,0.525295,0.191308,0.157767,50.050000,70.000000
0.628875,-0.495414,0.414230,-0.139866,50.050000,70.000000
-0.417428,0.290365,-0.687412,0.173716,50.050000,70.000000
0.166949,-0.094750,-0.258779,-0.082380,50.050000,70.000000
-0.459896,0.528197,-0.756345,0.578383,50.050000,70.000000
-0.599633,-0.039495,-3.709182,0.252166,50.050000,70.000000
0.201631,0.813671,-10.494153,4.733293,50.050000,70.000000
-0.632877,-0.760819,0.549062,-0.576649,50.050000,70.000000
0.910432,-0.362072,1.789267,1.321074,50.050000,70.000000
0.661062,0.463824,-0.550204,0.363058,50.050000,70.000000
-0.504100,-0.413510,-0.623534,-0.342780,50.050000,70.000000
0.142907,-0.154511,-0.059996,-0.069699,50.050000,70.000000
-0.860000,-0.023667,-0.666853,0.019684,50.050000,70.000000
0.224023,-0.841542,-2.480747,-10.615453,50.050000,70.000000
0.205721,-0.444072,-2.483555,-3.974424,50.050000,70.000000
0.480104,-0.884166,1.793749,0.410824,50.050000,70.000000
-0.182429,-0.084710,-1.545197,-0.056748,50.050000,70.000000
0.281603,0.898597,0.110798,-2.684835,50.050000,70.000000
0.711876,0.506258,0.008490,-0.128537,50.050000,70.000000
0.680200,0.128947,2.817101,1.128368,50.050000,70.000000
-0.786917,0.292822,-0.730465,0.455356,50.050000,70.000000
-0.547216,0.939094,-0.828451,0.588187,50.050000,70.000000
-0.640936,-0.205578,-0.663670,-0.193052,50.050000,70.000000
0.852042,0.277325,-0.957400,-0.595693,50.050000,70.000000
0.996067,0.903118,-0.744448,0.950599,50.050000,70.000000
0.711713,-0.232909,-0.307054,-0.055312,50.050000,70.000000
-0.493347,0.311021,0.431682,0.195915,50.050000,70.000000
-0.663889,0.021865,-0.637552,-0.003196,50.050000,70.000000
-0.510757,-0.300224,0.426975,-0.201467,50.050000,70.000000
0.139078,-0.513249,2.555795,7.120927,50.050000,70.000000
-0.183994,-0.381780,-0.092700,0.117051,50.050000,70.000000
-0.578826,-0.320298,0.401868,-0.119597,50.050000,70.000000
0.749606,0.622519,-0.693158,0.563842,50.050000,70.000000
0.676587,-0.604211,0.141369,0.091036,50.050000,70.000000
-0.967477,-0.388574,0.303294,0.184385,50.050000,70.000000
-0.759151,0.948604,0.904839,0.775476,50.050000,70.000000
-0.816066,0.373564,0.619429,0.303497,50.050000,70.000000
0.486344,-0.024123,-0.400043,-0.082891,50.050000,70.000000
0.564450,0.703656,-0.420749,0.366635,50.050000,70.000000
0.344153,0.175616,-0.132371,-0.004132,50.050000,70.000000
-0.421944,0.387685,0.264248,0.114379,50.050000,70.000000
-0.183783,-0.836732,0.939963,1.716931,50.050000,70.000000
-0.959233,0.177654,1.018407,-0.292309,50.050000,70.000000
-0.169338,-0.064088,-0.139624,0.059578,50.050000,70.000000
0.867544,0.819239,-0.630937,0.536226,50.050000,70.000000
0.952405,-0.929993,-0.783020,-0.828192,50.050000,70.000000
-0.395620,0.816628,0.999107,0.263550,50.050000,70.000000
-0.937342,0.098670,6.525742,0.856267,50.050000,70.000000
0.338672,0.065010,-0.346885,-0.063522,50.050000,70.000000
0.623423,-0.129034,15.993125,-0.868754,50.050000,70.000000
-0.670025,0.895613,-0.414109,0.031784,50.050000,70.000000
0.571647,-0.330353,-0.388847,-0.128577,50.050000,70.000000
-0.242447,-0.798631,-0.214917,1.781268,50.050000,70.000000
-0.583708,-0.375287,-0.581258,-0.377265,50.050000,70.000000
0.543615,0.536759,-0.571728,0.258367,50.050000,70.000000
-0.691455,0.719917,0.328447,0.044762,50.050000,70.000000
-0.353554,-0.185973,4.182526,0.943658,50.050000,70.000000
0.352832,0.049544,0.486533,-0.227907,50.050000,70.000000
0.683716,-0.778725,-0.528245,-0.241312,50.050000,70.000000
-0.029791,-0.704003,0.277654,1.549181,50.050000,70.000000
-0.170039,0.147193,0.253562,0.770870,50.050000,70.000000
-0.135055,0.123313,-0.122042,-0.040822,50.050000,70.000000
0.514391,-0.629897,0.380342,-0.453364,50.050000,70.000000
-0.676721,0.358027,-0.153362,-0.084294,50.050000,70.000000
-0.640796,0.149893,0.286651,0.101419,50.050000,70.000000
-0.746011,-0.211276,0.634243,-0.044538,50.050000,70.000000
-0.908328,-0.272507,2.154470,1.817415,50.050000,70.000000
-0.017814,0.597055,5.513880,24.536223,50.050000,70.000000
0.705030,-0.566900,-0.666929,-0.585513,50.050000,70.000000
0.118231,-0.891881,-14.592499,-30.386434,50.050000,70.000000
0.157078,0.016134,-0.130260,-0.006870,50.050000,70.000000
-0.831105,-0.378797,0.096441,0.040911,50.050000,70.000000
-0.435606,0.763748,-0.615489,0.589237,50.050000,70.000000
0.313486,0.754447,-1.406490,0.502839,50.050000,70.000000
-0.009537,-0.293692,-0.202674,0.354265,50.050000,70.000000
-0.087265,-0.659917,13.502566,4.154602,50.050000,70.000000
0.782595,-0.924205,0.695234,-0.699567,50.050000,70.000000
0.887324,-0.746084,0.059588,0.139803,50.050000,70.000000
0.558341,0.035998,0.254480,0.122855,50.050000,70.000000
-0.985209,-0.405054,0.080731,0.095844,50.050000,70.000000
0.259662,0.131347,0.418977,-0.067839,50.050000,70.000000
-0.451015,-0.203908,0.466687,-0.164969,50.050000,70.000000
0.920157,-0.913092,-0.789326,-0.860801,50.050000,70.000000
-0.345468,-0.278958,1.742346,-0.480142,50.050000,70.000000
-0.440859,0.482898,0.136650,-0.004512,50.050000,70.000000
0.060103,0.146091,0.018847,-0.099809,50.050000,70.000000
-0.640224,-0.241392,-0.592037,-0.287818,50.050000,70.000000
0.931852,-0.355425,4.149438,-1.186107,50.050000,70.000000
0.370039,-0.755515,5.818038,0.368772,50.050000,70.000000
0.057772,0.965988,-15.808679,-45.721937,50.050000,70.000000
-0.642941,0.085217,0.953334,-0.108525,50.050000,70.000000
0.235522,0.414728,0.339482,-0.140637,50.050000,70.000000
0.336056,0.086309,-1.057182,-0.173802,50.050000,70.000000
0.593586,0.395166,-0.584575,0.393818,50.050000,70.000000
-0.439042,-0.976042,-0.759419,0.611590,50.050000,70.000000
-0.346168,-0.048158,0.206625,-0.043487,50.050000,70.000000
0.611785,0.266645,0.477660,0.344638,50.050000,70.000000
-0.504482,-0.832322,-3.939103,1.934903,50.050000,70.000000
-0.837114,0.629280,-0.732881,0.151680,50.050000,70.000000
0.317003,-0.138965,0.261336,-0.093902,50.050000,70.000000
0.409438,-0.577619,-0.844899,-0.057559,50.050000,70.000000
-0.049548,-0.749912,-0.090975,0.293801,50.050000,70.000000
0.232113,-0.880024,1.174289,-1.486101,50.050000,70.000000
-0.558813,0.024745,-0.166620,0.073950,50.050000,70.000000
-0.103990,0.231691,-0.090151,-0.309623,50.050000,70.000000
0.038912,-0.003392,0.040453,0.002429,50.050000,70.000000
0.997383,-0.983851,0.933320,-1.005738,50.050000,70.000000
0.418298,0.335898,1.150006,0.041169,50.050000,70.000000
-0.560804,0.567502,0.731804,0.461139,50.050000,70.000000
0.007040,0.326838,0.223013,0.733215,50.050000,70.000000
-0.838752,-0.911760,-0.296585,0.033748,50.050000,70.000000
0.051300,0.198598,0.906493,0.136006,50.050000,70.000000
-0.156702,0.317324,0.028247,-0.201432,50.050000,70.000000
-0.739991,0.963362,0.977827,0.859816,50.050000,70.000000
-0.779735,0.992059,0.388916,-0.017392,50.050000,70.000000
-0.467786,-0.086954,-2.779765,-0.144892,50.050000,70.000000
0.566204,0.192930,-0.467121,0.144226,50.050000,70.000000
0.574533,0.182117,-0.611563,0.158755,50.050000,70.000000
0.838835,0.306685,-0.264985,0.142172,50.050000,70.000000
0.454832,0.360398,-0.664341,0.361609,50.050000,70.000000
-0.795685,0.918469,0.606840,0.314743,50.050000,70.000000
0.711607,-0.013235,-3.545273,0.347770,50.050000,70.000000
-0.446319,0.723539,0.584385,0.090299,50.050000,70.000000
0.521402,-0.803767,0.160657,0.645720,50.050000,70.000000
-0.908545,0.084569,0.537591,-0.008536,50.050000,70.000000
-0.648986,0.498944,-0.455642,0.224962,50.050000,70.000000
-0.254577,-0.667363,1.632786,1.030297,50.050000,70.000000
-0.376311,-0.655301,-0.775510,-1.221884,50.050000,70.000000
0.355047,-0.723298,-6.033722,-11.139267,50.050000,70.000000
-0.463993,-0.323802,0.484310,-0.191023,50.050000,70.000000
-0.135480,0.986024,12.113005,-1.478248,50.050000,70.000000
0.102343,0.074106,-0.037103,-0.057446,50.050000,70.000000
-0.499129,-0.855200,-0.928530,-0.281625,50.050000,70.000000
0.653396,-0.376042,0.497011,-0.186199,50.050000,70.000000
-0.140018,0.714236,-0.141709,-0.675977,50.050000,70.000000
0.166447,-0.526082,0.183477,0.095192,50.050000,70.000000
0.144013,0.425807,3.552221,12.616116,50.050000,70.000000
0.530546,0.881175,9.644856,-1.553191,50.050000,70.000000
-0.091882,-0.257288,1.666955,-0.936208,50.050000,70.000000
-0.234630,0.579766,-20.295596,34.786658,50.050000,70.000000
0.123021,-0.383147,16.420327,14.330182,50.050000,70.000000
0.442266,-0.841612,-0.440687,0.211599,50.050000,70.000000
-0.969627,-0.526020,0.624936,-0.491770,50.050000,70.000000
-0.815972,-0.043678,5.044729,-0.126952,50.050000,70.000000
-0.100609,-0.937394,2.050372,-12.247606,50.050000,70.000000
-0.784771,0.353147,-0.097564,-0.071994,50.050000,70.000000
-0.663759,0.196532,-0.015752,-0.080688,50.050000,70.000000
-0.894793,-0.782977,0.887508,-0.659925,50.050000,70.000000
0.499335,0.322407,0.531368,0.276914,50.050000,70.000000
0.691356,-0.376540,-0.561174,-0.411115,50.050000,70.000000
-0.513138,-0.303787,-0.333508,-0.081630,50.050000,70.000000
0.256443,0.043779,-0.070544,-0.013127,50.050000,70.000000
-0.212605,0.750722,-17.438263,-20.358804,50.050000,70.000000
-0.622558,0.675186,0.736443,0.584348,50.050000,70.000000
-0.144630,-0.798939,6.418886,-3.322224,50.050000,70.000000
0.232747,-0.220055,3.946852,-1.203605,50.050000,70.000000
-0.462171,0.298684,0.557735,0.211673,50.050000,70.000000
-0.022603,0.109547,-0.070993,-0.101125,50.050000,70.000000
-0.849676,-0.507520,-0.633348,-0.579298,50.050000,70.000000
0.115911,0.120090,-0.288480,-0.143295,50.050000,70.000000
0.354757,0.408560,14.549561,5.497088,50.050000,70.000000
0.664102,-0.435103,0.312933,-0.010094,50.050000,70.000000
-0.773239,0.174543,0.132605,0.076119,50.050000,70.000000
-0.452819,-0.523982,-0.193646,0.079461,50.050000,70.000000
-0.572586,0.553034,0.582573,0.330462,50.050000,70.000000
0.847649,0.428722,0.698886,0.356703,50.050000,70.000000
-0.472939,-0.688422,0.674672,-0.618077,50.050000,70.000000
-0.308599,-0.625389,2.423055,-0.022185,50.050000,70.000000
-0.910845,-0.571778,0.775616,-0.318047,50.050000,70.000000
0.120155,-0.555076,-0.509293,-0.458379,50.050000,70.000000
0.833221,-0.048148,0.241118,0.051958,50.050000,70.000000
0.776373,0.506329,-0.530691,0.206117,50.050000,70.000000
-0.124556,0.579952,1.346900,0.378470,50.050000,70.000000
-0.742111,-0.659031,-0.556431,-0.337170,50.050000,70.000000
-0.334719,0.386030,0.244010,-0.049090,50.050000,70.000000
0.012853,0.013982,0.012037,0.012546,50.050000,70.000000
0.999142,0.576393,1.002350,-0.554497,50.050000,70.000000
-0.566658,0.171461,0.667890,0.206729,50.050000,70.000000
-0.260628,-0.380189,13.004513,1.001115,50.050000,70.000000
0.167557,0.124548,-0.238932,-0.064103,50.050000,70.000000
-0.729952,-0.311137,0.459526,-0.368423,50.050000,70.000000
0.727426,-0.153710,-0.555913,-0.419214,50.050000,70.000000
0.597097,-0.584618,0.745539,-0.492521,50.050000,70.000000
0.328903,-0.120305,-0.257852,0.039253,50.050000,70.000000
0.028693,0.242615,0.500237,-0.357994,50.050000,70.000000
-0.372278,-0.873559,-0.644769,-0.135503,50.050000,70.000000
0.098365,-0.776627,-12.146122,-14.529541,50.050000,70.000000
-0.770245,0.496047,0.507163,0.139663,50.050000,70.000000
-0.937959,-0.270863,3.720047,1.761299,50.050000,70.000000
-0.390652,0.304578,0.920186,-0.024587,50.050000,70.000000
-0.951569,0.985291,-0.951574,0.909713,50.050000,70.000000
-0.206032,-0.774551,0.111742,-1.257274,50.050000,70.000000
0.122762,-0.744673,-0.668816,0.601709,50.050000,70.000000
0.274462,0.890803,-20.451478,-8.723996,50.050000,70.000000
-0.267046,-0.248688,-0.156665,0.079377,50.050000,70.000000
0.294916,0.650330,1.879157,0.346671,50.050000,70.000000
0.096786,0.685783,0.633168,0.848903,50.050000,70.000000
-0.049978,0.014391,0.034113,0.015824,50.050000,70.000000
-0.136084,0.842658,-0.055471,0.000672,50.050000,70.000000
0.552020,-0.203725,-0.458961,-0.261870,50.050000,70.000000
-0.002608,0.166752,12.991443,3.091812,50.050000,70.000000
0.599955,-0.550887,-0.690659,-0.448001,50.050000,70.000000
-0.756315,0.607452,0.714114,0.633302,50.050000,70.000000
-0.561337,-0.393612,-0.543477,-0.363917,50.050000,70.000000
0.554994,-0.211022,-0.211859,0.013243,50.050000,70.000000
-0.653303,-0.070924,0.272048,-0.035070,50.050000,70.000000
-0.027454,0.583479,2.105441,-0.190332,50.050000,70.000000
0.531131,0.725605,-0.703061,0.616225,50.050000,70.000000
-0.758915,0.919657,-0.410912,0.167570,50.050000,70.000000
0.668411,-0.019586,-0.827832,-0.058276,50.050000,70.000000
0.811381,0.875536,0.796469,0.562179,50.050000,70.000000
-0.858163,0.859655,-0.764434,0.708034,50.050000,70.000000
0.228303,-0.903841,1.873357,-1.215172,50.050000,70.000000
-0.854701,-0.959209,0.899140,-0.905594,50.050000,70.000000
0.566906,-0.005907,-0.665932,-0.009202,50.050000,70.000000
0.722216,0.290506,-0.615401,0.180722,50.050000,70.000000
0.530559,-0.893504,-1.090291,-0.619208,50.050000,70.000000
0.881039,-0.380062,1.194601,2.118166,50.050000,70.000000
0.302668,0.948531,-3.933879,-4.328734,50.050000,70.000000
-0.042004,0.031353,-0.043679,-0.017866,50.050000,70.000000
0.957464,0.101912,-0.307050,0.070457,50.050000,70.000000
0.838847,0.498791,0.844032,0.527249,50.050000,70.000000
-0.818620,-0.551364,0.342114,0.053424,50.050000,70.000000
-0.769547,0.223079,0.498092,0.075780,50.050000,70.000000
-0.716205,0.743914,0.662911,0.552013,50.050000,70.000000
0.967022,0.733117,-0.784898,0.765926,50.050000,70.000000
-0.506775,0.638227,0.372176,0.294707,50.050000,70.000000
0.685724,0.959955,0.834921,0.687677,50.050000,70.000000
-0.041961,0.768237,0.934831,-1.874746,50.050000,70.000000
-0.233631,-0.634582,-0.323650,0.374618,50.050000,70.000000
0.583368,0.665262,0.632141,0.610307,50.050000,70.000000
-0.935391,0.887431,-0.545682,0.248090,50.050000,70.000000
-0.940995,0.696874,0.716028,-0.063324,50.050000,70.000000
0.358719,0.998518,-3.316418,-1.434198,50.050000,70.000000
0.096117,-0.555685,-0.211524,-0.393807,50.050000,70.000000
0.595720,0.265013,0.389777,0.230485,50.050000,70.000000
0.077727,0.359063,-1.061061,-4.556612,50.050000,70.000000
0.773064,0.885419,0.710858,0.374346,50.050000,70.000000
-0.769600,-0.660143,-0.735468,-0.678561,50.050000,70.000000
0.981328,-0.827906,0.974305,-0.416891,50.050000,70.000000
-0.617666,0.884840,0.846523,0.785696,50.050000,70.000000
-0.488870,-0.440802,0.670548,-0.320598,50.050000,70.000000
-0.555304,-0.998037,-0.440592,-0.362838,50.050000,70.000000
-0.004653,-0.208211,-0.065111,0.018433,50.050000,70.000000
0.589948,-0.735821,0.422390,-0.563353,50.050000,70.000000
-0.948449,-0.587176,1.721145,2.076849,50.050000,70.000000
-0.661609,0.337139,-0.515608,0.466302,50.050000,70.000000
0.303295,-0.526145,2.930192,0.612408,50.050000,70.000000
-0.921469,0.871329,0.801908,0.993552,50.050000,70.000000
0.421982,0.252215,0.401720,0.062857,50.050000,70.000000
0.976417,0.639086,0.561028,0.856775,50.050000,70.000000
-0.888681,-0.062789,7.047159,0.689853,50.050000,70.000000
0.710331,0.525999,0.647632,0.564079,50.050000,70.000000
0.469436,-0.186505,-0.457361,-0.193008,50.050000,70.000000
-0.591847,0.826853,-1.108914,0.403695,50.050000,70.000000
0.917033,0.572001,0.853147,0.479328,50.050000,70.000000
-0.377757,-0.968465,0.997676,-0.567057,50.050000,70.000000
-0.991465,0.450931,0.726596,0.087059,50.050000,70.000000
0.795678,0.959471,-0.706794,0.655651,50.050000,70.000000
-0.174951,-0.407370,0.575940,-0.099079,50.050000,70.000000
-0.661139,0.238626,-0.194835,-0.046838,50.050000,70.000000
0.591128,-0.904068,-0.718259,-0.824697,50.050000,70.000000
-0.665579,-0.391314,0.598470,-0.364691,50.050000,70.000000
-0.821419,0.402656,0.190973,0.056123,50.050000,70.000000
-0.563162,0.931825,-0.552973,0.250826,50.050000,70.000000
-0.810325,0.867641,-0.756958,0.890803,50.050000,70.000000
0.440738,-0.522496,-1.028521,0.067032,50.050000,70.000000
0.403080,0.573313,1.545710,1.930297,50.050000,70.000000
-0.336056,-0.097281,-0.398125,-0.026220,50.050000,70.000000
0.990435,0.246172,-1.880796,0.289471,50.050000,70.000000
-0.588443,0.036376,1.340555,-0.079673,50.050000,70.000000
-0.634611,0.091606,-7.159376,0.615848,50.050000,70.000000
-0.380118,-0.640206,-0.077310,0.244000,50.050000,70.000000
0.065042,-0.837591,2.317890,-3.236964,50.050000,70.000000
0.615360,0.357304,0.578585,0.351410,50.050000,70.000000
-0.787101,-0.814247,0.764992,-0.684087,50.050000,70.000000
0.950891,-0.373817,0.127387,-0.517619,50.050000,70.000000
-0.743309,-0.798831,-0.669343,-0.602167,50.050000,70.000000
0.055070,-0.435312,1.545697,-1.116275,50.050000,70.000000
-0.296529,0.230001,-0.081015,-6.180444,50.050000,70.000000
-0.367975,-0.557672,-8.264425,-1.987688,50.050000,70.000000
-0.793058,-0.931385,-0.264082,0.044148,50.050000,70.000000
0.208232,-0.247247,-0.049122,-0.071009,50.050000,70.000000
0.512489,-0.605702,0.455581,-0.699730,50.050000,70.000000
-0.040848,-0.526599,19.130540,-38.077004,50.050000,70.000000
-0.552289,-0.313640,-0.534037,-0.304335,50.050000,70.000000
0.654367,-0.047512,0.474151,-0.049685,50.050000,70.000000
-0.538801,0.366987,-0.532477,0.329744,50.050000,70.000000
-0.048115,-0.665841,-1.538164,-1.974022,50.050000,70.000000
-0.795510,-0.133244,2.474400,0.660853,50.050000,70.000000
0.574854,-0.421101,0.330845,-0.052776,50.050000,70.000000
0.562179,0.535079,0.570064,0.299889,50.050000,70.000000
-0.925598,-0.532303,-0.334905,-0.511341,50.050000,70.000000
-0.423324,-0.807795,-0.848243,-0.466142,50.050000,70.000000
-0.618770,0.333559,-0.359967,0.185154,50.050000,70.000000
0.125778,-0.049899,-0.031618,0.037410,50.050000,70.000000
-0.647410,0.984160,0.939636,0.662636,50.050000,70.000000
0.774279,-0.696523,-0.526275,-0.302185,50.050000,70.000000
-0.464869,0.952825,1.535606,1.980610,50.050000,70.000000
0.137500,0.962434,-10.601599,1.303589,50.050000,70.000000
-0.375639,0.643190,-0.347692,-0.673418,50.050000,70.000000
0.093673,0.366457,-0.749017,3.010092,50.050000,70.000000
-0.952942,-0.098115,-5.257241,0.746653,50.050000,70.000000
0.980107,0.663954,0.903861,0.642351,50.050000,70.000000
-0.922339,0.254614,-0.795171,1.316295,50.050000,70.000000
-0.708061,-0.382044,-0.494179,-0.466999,50.050000,70.000000
0.982434,-0.239919,2.421041,-4.668294,50.050000,70.000000
-0.320088,0.282898,6.514639,7.422308,50.050000,70.000000
0.672354,0.255345,-0.294153,0.162144,50.050000,70.000000
-0.415652,0.129525,1.414617,0.277224,50.050000,70.000000
0.925686,0.003285,13.989324,0.262352,50.050000,70.000000
-0.786319,0.339313,-0.711206,0.264367,50.050000,70.000000
0.828365,0.334247,0.544804,-0.141347,50.050000,70.000000
-0.308789,0.179605,0.457293,0.285711,50.050000,70.000000
0.628675,0.133910,0.297540,0.158460,50.050000,70.000000
0.624899,0.678992,-0.486645,0.525914,50.050000,70.000000
-0.189168,0.645907,14.848266,-1.531336,50.050000,70.000000
-0.240182,-0.741204,-0.127393,-0.171997,50.050000,70.000000
0.586376,-0.774154,-0.826962,-0.414548,50.050000,70.000000
0.795821,-0.628067,0.460096,-0.130631,50.050000,70.000000
0.085168,-0.578014,-1.232541,-1.861725,50.050000,70.000000
-0.675274,0.674024,0.483846,0.130887,50.050000,70.000000
0.322396,0.504791,1.546175,0.359383,50.050000,70.000000
0.025666,-0.632808,-5.484006,25.608762,50.050000,70.000000
0.394368,0.151038,0.325552,0.009458,50.050000,70.000000
0.494695,0.337834,-0.414399,0.103632,50.050000,70.000000
-0.026399,0.309720,1.112301,1.423934,50.050000,70.000000
-0.534067,-0.067153,6.631155,30.025083,50.050000,70.000000
-0.646416,-0.319174,-0.462290,-0.198330,50.050000,70.000000
-0.350026,-0.880627,-0.302450,-0.306725,50.050000,70.000000
-0.694525,-0.881621,0.639259,-0.675049,50.050000,70.000000
0.600184,-0.711959,-0.566463,-0.113467,50.050000,70.000000
0.107222,0.085252,0.097419,-0.070140,50.050000,70.000000
0.832173,0.329545,-0.105488,0.010917,50.050000,70.000000
0.663398,-0.262234,0.548205,-0.357796,50.050000,70.000000
0.636697,0.967695,0.957933,0.769360,50.050000,70.000000
0.054320,0.954513,-1.463490,0.422525,50.050000,70.000000
0.494627,-0.800543,1.023638,-0.448341,50.050000,70.000000
-0.723836,0.493186,-0.477195,0.257941,50.050000,70.000000
0.969644,0.807096,0.777967,0.798632,50.050000,70.000000
0.864096,0.853220,0.775447,0.602352,50.050000,70.000000
0.061447,0.739959,0.957063,2.889811,50.050000,70.000000
0.484989,-0.792800,0.365870,-0.047630,50.050000,70.000000
-0.588799,0.054588,0.191887,-0.071076,50.050000,70.000000
-0.544542,-0.123412,-1.705090,-0.271533,50.050000,70.000000
-0.179748,0.967033,0.020346,-0.259350,50.050000,70.000000
0.931421,0.397701,2.610769,1.399870,50.050000,70.000000
0.165881,-0.037234,0.150530,-0.024954,50.050000,70.000000
0.216216,-0.054097,-0.055412,0.042511,50.050000,70.000000
0.784723,0.840565,-0.748653,0.819791,50.050000,70.000000
-0.622251,-0.168035,-0.489661,-0.052309,50.050000,70.000000
-0.159098,0.036645,-0.047629,-0.017174,50.050000,70.000000
-0.112629,-0.952858,-7.775684,1.651846,50.050000,70.000000
-0.692217,-0.097782,0.729827,-0.181194,50.050000,70.000000
0.581612,-0.847240,0.644858,-0.819321,50.050000,70.000000
0.430073,0.244334,0.252347,-0.056967,50.050000,70.000000
0.524634,-0.475287,-0.368230,-0.048098,50.050000,70.000000
-0.150760,0.172967,-0.479861,1.268200,50.050000,70.000000
-0.937910,0.551767,0.390538,0.231654,50.050000,70.000000
-0.453741,-0.020006,0.071853,0.089397,50.050000,70.000000
-0.236202,0.149616,-0.230727,-0.138874,50.050000,70.000000
0.594043,0.085059,0.543396,0.124000,50.050000,70.000000
-0.406848,0.100544,-0.352558,0.014139,50.050000,70.000000
-0.155245,0.794168,-0.018227,-1.105297,50.050000,70.000000
-0.412178,0.518842,-0.737977,0.320401,50.050000,70.000000
0.169453,0.002790,0.169761,-0.001239,50.050000,70.000000
0.884108,-0.802457,-0.731255,-0.613423,50.050000,70.000000
-0.893626,0.833442,-0.746089,0.786692,50.050000,70.000000
-0.348498,0.793433,-0.160290,-0.158415,50.050000,70.000000
-0.768184,-0.868794,0.164509,0.125790,50.050000,70.000000
0.177353,0.768613,17.376147,2.052714,50.050000,70.000000
0.083767,-0.121219,-0.110766,-0.364608,50.050000,70.000000
0.665812,0.299850,-0.496947,0.457006,50.050000,70.000000
-0.417955,-0.571120,0.130766,0.003134,50.050000,70.000000
-0.809054,0.223142,3.644577,0.294511,50.050000,70.000000
0.341732,-0.504036,-5.133237,6.736855,50.050000,70.000000
0.672055,-0.776650,-0.655649,-0.519243,50.050000,70.000000
0.837310,0.665198,-0.571572,0.360205,50.050000,70.000000
-0.011235,-0.823078,1.654683,1.297265,50.050000,70.000000
0.528995,0.815139,0.260732,0.041820,50.050000,70.000000
0.043196,-0.007071,-0.042837,0.007035,50.050000,70.000000
-0.845006,-0.015125,2.152854,0.005523,50.050000,70.000000
-0.205412,-0.359234,6.084365,-12.621449,50.050000,70.000000
0.348147,-0.693107,2.013525,0.847717,50.050000,70.000000
0.952726,0.464817,-0.525431,0.744865,50.050000,70.000000
0.180201,0.632481,14.463288,-7.555019,50.050000,70.000000
0.102395,0.948625,1.361772,0.494140,50.050000,70.000000
-0.466682,0.483502,0.466291,-0.006245,50.050000,70.000000
0.219137,-0.964934,10.430020,-1.084530,50.050000,70.000000
0.359462,-0.520348,3.701420,11.271186,50.050000,70.000000
0.509910,0.054306,0.640535,-0.146999,50.050000,70.000000
0.728205,0.947945,0.795102,0.635782,50.050000,70.000000
0.115961,0.948950,-0.095208,0.276439,50.050000,70.000000
0.995749,-0.454188,0.278796,-0.287889,50.050000,70.000000
0.464974,0.811943,0.414391,-0.041661,50.050000,70.000000
0.318348,0.481668,0.249045,1.308076,50.050000,70.000000
-0.606114,-0.958826,-0.771627,-0.888952,50.050000,70.000000
-0.986748,-0.275947,-0.032324,-0.449998,50.050000,70.000000
0.157949,0.644667,5.457755,-27.818744,50.050000,70.000000
0.920998,-0.780501,-0.771701,-0.617748,50.050000,70.000000
0.120076,0.121281,-0.135024,0.095812,50.050000,70.000000
0.373264,-0.553870,4.644214,3.288037,50.050000,70.000000
-0.885838,-0.285465,0.253878,-0.021513,50.050000,70.000000
0.184097,0.112190,1.732662,-0.248358,50.050000,70.000000
-0.416216,0.657035,-0.700568,0.308258,50.050000,70.000000
0.794563,0.213673,10.923348,5.316605,50.050000,70.000000
-0.800490,0.168856,-0.780643,0.004249,50.050000,70.000000
-0.043623,0.823904,3.488538,0.224213,50.050000,70.000000
-0.641556,-0.639271,-0.743843,-0.574838,50.050000,70.000000
-0.224069,0.064462,-0.104472,0.024743,50.050000,70.000000
-0.592706,0.391631,0.588368,0.391156,50.050000,70.000000
0.148297,0.425164,1.008551,-0.531340,50.050000,70.000000
-0.275181,-0.975234,-0.029996,-0.064247,50.050000,70.000000
-0.759341,-0.238732,0.892261,-0.209105,50.050000,70.000000
-0.369514,-0.427532,-1.375889,-0.341703,50.050000,70.000000
0.468217,-0.678163,-4.293323,-1.648001,50.050000,70.000000
0.122062,-0.498565,0.229338,0.174991,50.050000,70.000000
0.615020,0.638561,0.266570,0.056001,50.050000,70.000000
0.288027,0.865614,0.045266,2.876694,50.050000,70.000000
0.382194,-0.459729,-1.710014,0.460678,50.050000,70.000000
-0.658678,-0.393988,0.610526,-0.429952,50.050000,70.000000
0.248725,0.322350,-20.858075,-2.963531,50.050000,70.000000
-0.264979,0.494975,0.487790,0.465266,50.050000,70.000000
-0.949878,-0.598007,4.376089,12.197304,50.050000,70.000000
-0.703365,0.544964,0.506319,0.264815,50.050000,70.000000
-0.782439,-0.444491,-0.559933,-0.279659,50.050000,70.000000
-0.567572,0.811460,-0.213397,0.603665,50.050000,70.000000
0.202513,-0.363107,-0.525666,2.631147,50.050000,70.000000
-0.746756,-0.724529,0.772205,-0.715362,50.050000,70.000000
0.846797,0.113259,0.796194,0.108907,50.050000,70.000000
-0.450441,-0.562619,-0.245283,0.082223,50.050000,70.000000
0.058295,-0.227891,-0.387175,0.483840,50.050000,70.000000
-0.165252,0.615276,10.389468,-6.300348,50.050000,70.000000
0.942860,0.651523,0.153002,-0.086873,50.050000,70.000000
0.147083,0.029849,-0.133489,0.014302,50.050000,70.000000
-0.331100,-0.799136,10.911489,-15.318470,50.050000,70.000000
0.921770,0.192520,2.142368,0.181708,50.050000,70.000000
-0.316147,0.525773,-0.169817,-0.044843,50.050000,70.000000
0.666541,0.549934,0.675014,0.517355,50.050000,70.000000
0.737256,-0.941450,0.619977,-0.696130,50.050000,70.000000
-0.945764,0.551691,-0.554678,0.191268,50.050000,70.000000
0.266867,-0.765309,4.987505,0.974891,50.050000,70.000000
-0.549432,-0.304750,0.333501,-0.070861,50.050000,70.000000
0.068209,0.388952,-0.229494,0.316236,50.050000,70.000000
-0.884350,0.727548,0.053058,-0.134516,50.050000,70.000000
-0.097300,0.677083,-1.214274,0.188179,50.050000,70.000000
-0.263790,0.485667,-0.092418,-0.294154,50.050000,70.000000
0.602394,0.430737,-0.399356,0.146549,50.050000,70.000000
-0.596296,0.047538,3.530596,-0.283069,50.050000,70.000000
0.974260,0.395545,-0.930690,-0.131950,50.050000,70.000000
-0.071758,-0.040818,0.076662,0.020807,50.050000,70.000000
-0.035401,-0.977629,1.778668,2.004002,50.050000,70.000000
0.987592,0.453947,0.307557,-0.573038,50.050000,70.000000
-0.510158,-0.222349,0.108505,0.045238,50.050000,70.000000
0.981190,0.859245,0.139545,-0.160589,50.050000,70.000000
-0.664818,0.400025,-0.119843,-0.076756,50.050000,70.000000
-0.775856,0.185198,-4.971302,14.885696,50.050000,70.000000
0.625952,0.376979,-0.369816,0.079873,50.050000,70.000000
-0.105782,0.117936,0.664705,1.098267,50.050000,70.000000
0.145340,0.730239,0.027128,-1.735463,50.050000,70.000000
-0.874723,0.533741,0.545664,0.395327,50.050000,70.000000
0.588288,-0.645249,0.229906,-0.022951,50.050000,70.000000
-0.697840,-0.592128,-0.415084,-0.160486,50.050000,70.000000
0.110542,-0.121782,2.362155,-9.655201,50.050000,70.000000
-0.796049,0.797043,0.810081,0.726153,50.050000,70.000000
-0.095540,0.261589,0.086664,-1.254619,50.050000,70.000000
0.518397,0.697728,-0.777067,0.459503,50.050000,70.000000
0.717978,-0.938517,0.711861,-0.876876,50.050000,70.000000
0.337698,-0.316442,0.258540,-0.017981,50.050000,70.000000
-0.436317,0.815027,1.811591,0.613260,50.050000,70.000000
0.152345,0.463313,-0.027207,0.010846,50.050000,70.000000
0.909152,0.113002,8.346993,1.171092,50.050000,70.000000
-0.769971,-0.898651,-0.791170,-0.854032,50.050000,70.000000
0.368870,-0.408702,-0.842787,-0.338548,50.050000,70.000000
0.941076,0.661158,0.708626,0.526698,50.050000,70.000000
0.078279,-0.363011,0.034846,0.216614,50.050000,70.000000
0.874774,0.326721,1.625332,0.618444,50.050000,70.000000
-0.797708,0.916792,0.582384,0.277927,50.050000,70.000000
0.527944,-0.846722,-0.209131,-0.148233,50.050000,70.000000
-0.861760,0.395067,-1.922430,-8.079066,50.050000,70.000000
-0.101519,-0.233000,-6.912765,-1.762219,50.050000,70.000000
-0.028709,-0.509181,0.045033,-0.088223,50.050000,70.000000
0.195214,0.956285,0.537302,-3.288059,50.050000,70.000000
0.278142,0.724521,-7.828814,2.339386,50.050000,70.000000
-0.979642,-0.835675,0.552677,-0.862715,50.050000,70.000000
0.805702,-0.564720,-0.011435,0.137787,50.050000,70.000000
0.750617,-0.385338,0.639443,-0.495284,50.050000,70.000000
-0.370064,0.335020,-0.467956,-0.296083,50.050000,70.000000
0.679947,-0.128739,1.202946,0.146100,50.050000,70.000000
0.288653,-0.603348,-2.528251,1.113104,50.050000,70.000000
-0.474685,-0.027868,-0.809946,0.012923,50.050000,70.000000
-0.379563,0.676398,-0.637959,0.844851,50.050000,70.000000
0.226501,0.805214,0.109163,-1.027230,50.050000,70.000000
-0.763797,0.869927,-0.653086,0.580383,50.050000,70.000000
0.855814,-0.338570,-8.962961,-2.348842,50.050000,70.000000
-0.343772,0.219248,-1.580564,-15.599139,50.050000,70.000000
0.896333,0.676238,-0.113483,-0.112655,50.050000,70.000000
-0.462624,0.684284,-0.449927,0.005917,50.050000,70.000000
0.758708,-0.398102,-0.558283,-0.491130,50.050000,70.000000
-0.901427,-0.277074,0.610229,-0.249114,50.050000,70.000000
-0.779814,-0.339739,0.777325,-0.279040,50.050000,70.000000
0.009881,0.066579,-0.009368,0.055778,50.050000,70.000000
0.990555,0.257674,-2.266622,0.179647,50.050000,70.000000
0.727714,0.693865,0.729801,0.672216,50.050000,70.000000
-0.212305,-0.204103,-4.457626,3.429535,50.050000,70.000000
-0.365885,0.578875,0.507008,0.040443,50.050000,70.000000
-0.840887,-0.792548,0.857807,-0.742596,50.050000,70.000000
-0.355297,0.527252,9.110886,2.022761,50.050000,70.000000
-0.468818,0.575149,0.556414,0.551162,50.050000,70.000000
0.536450,0.121776,-1.429712,-0.318406,50.050000,70.000000
0.681581,-0.668733,-0.723801,-0.594235,50.050000,70.000000
0.612097,-0.478418,-0.505719,-0.260747,50.050000,70.000000
-0.772011,0.805213,0.768879,0.657183,50.050000,70.000000
-0.792535,-0.136831,0.558772,0.179511,50.050000,70.000000
0.273071,-0.501854,-20.300299,1.561983,50.050000,70.000000
-0.665068,0.201116,-0.174904,-0.145027,50.050000,70.000000
0.148503,-0.115002,-0.251892,0.100321,50.050000,70.000000
-0.839026,0.491970,-0.700558,0.345941,50.050000,70.000000
0.539079,0.304980,-0.459997,0.227180,50.050000,70.000000
-0.206178,0.774136,-7.924601,-13.201885,50.050000,70.000000
0.909062,0.601151,0.430445,0.048644,50.050000,70.000000
-0.450658,-0.201161,0.457094,-0.170189,50.050000,70.000000
-0.911715,0.812978,-0.628056,0.932847,50.050000,70.000000
-0.280784,0.864465,17.665927,8.138517,50.050000,70.000000
-0.934537,-0.766912,0.814151,-0.414914,50.050000,70.000000
0.509294,-0.303596,-0.429985,-0.214552,50.050000,70.000000
-0.535966,0.017022,0.275937,0.043128,50.050000,70.000000
0.095065,-0.244610,0.273278,-0.269697,50.050000,70.000000
0.833092,-0.216052,-0.436989,-0.075919,50.050000,70.000000
0.809058,-0.167919,0.172536,-0.088022,50.050000,70.000000
-0.211099,0.055189,0.234626,-0.086632,50.050000,70.000000
-0.436724,-0.017722,3.859141,0.209766,50.050000,70.000000
0.138709,-0.718386,26.370127,7.897439,50.050000,70.000000
0.080677,-0.061482,-0.080540,0.063966,50.050000,70.000000
0.664079,-0.824480,0.665415,-0.804567,50.050000,70.000000
0.958725,-0.701447,-0.213364,0.037564,50.050000,70.000000
0.785818,-0.759578,0.751723,-0.692175,50.050000,70.000000
-0.230024,-0.010712,-0.317809,0.014674,50.050000,70.000000
-0.029745,0.073939,-1.349152,-0.969186,50.050000,70.000000
0.686102,-0.683781,-0.014389,0.137902,50.050000,70.000000
-0.311942,-0.813289,-12.144667,28.623386,50.050000,70.000000
-0.942488,-0.395045,-0.353646,0.260437,50.050000,70.000000
0.476136,0.420767,0.299262,0.084163,50.050000,70.000000
-0.166939,0.256396,0.148848,-0.793290,50.050000,70.000000
-0.758628,-0.255872,0.854020,0.294751,50.050000,70.000000
-0.440542,-0.185983,-0.401156,-0.134913,50.050000,70.000000
0.181403,0.845832,0.621264,-1.452535,50.050000,70.000000
-0.095261,0.948785,-0.365891,0.209271,50.050000,70.000000
0.236640,-0.786020,-1.973532,-1.082481,50.050000,70.000000
-0.635313,0.294434,-0.506706,0.352748,50.050000,70.000000
0.556471,0.610120,0.459907,0.029457,50.050000,70.000000
0.284886,0.073889,0.368798,-0.032247,50.050000,70.000000
-0.141662,-0.909482,1.735044,0.964901,50.050000,70.000000
0.335550,-0.403142,-6.056954,-1.468786,50.050000,70.000000
0.397880,-0.832346,-1.067051,-0.439792,50.050000,70.000000
0.755258,-0.384877,-0.884871,-0.322797,50.050000,70.000000
-0.630599,-0.472436,0.634463,-0.473521,50.050000,70.000000
-0.239355,-0.847880,12.973826,-8.482573,50.050000,70.000000
-0.321339,-0.739825,0.223539,-0.105113,50.050000,70.000000
-0.241889,0.575184,-18.780176,-10.700569,50.050000,70.000000
-0.881017,0.742423,0.692126,0.705880,50.050000,70.000000
-0.103077,-0.422113,0.618206,0.958796,50.050000,70.000000
-0.456888,-0.908261,-3.561829,0.791007,50.050000,70.000000
0.852863,0.063819,0.340673,-0.009885,50.050000,70.000000
0.597544,0.924799,-0.479794,0.324611,50.050000,70.000000
-0.900298,0.697551,-0.304851,0.404937,50.050000,70.000000
-0.252426,-0.527554,0.583738,0.240620,50.050000,70.000000
-0.595078,0.529788,-0.485923,0.240960,50.050000,70.000000
0.151930,-0.516634,-5.048210,-1.393231,50.050000,70.000000
0.932796,-0.493597,0.648653,-0.254941,50.050000,70.000000
0.109873,0.640663,6.373674,29.707399,50.050000,70.000000
-0.381457,0.850327,0.072207,-0.255400,50.050000,70.000000
-0.556663,0.161612,-0.455773,0.098322,50.050000,70.000000
0.219034,-0.690820,0.349091,0.125944,50.050000,70.000000
-0.616655,-0.117209,3.512319,0.086493,50.050000,70.000000
0.065518,-0.842422,-0.004076,-1.387289,50.050000,70.000000
-0.589482,0.575088,-0.507418,0.278709,50.050000,70.000000
-0.489133,-0.853058,-0.526798,-0.399132,50.050000,70.000000
0.648950,0.900680,-0.661699,0.691989,50.050000,70.000000
-0.272228,0.671887,21.299971,2.011040,50.050000,70.000000
0.407391,-0.985015,-0.108443,-0.305133,50.050000,70.000000
0.847851,-0.163301,-5.807577,0.479167,50.050000,70.000000
-0.606168,0.137917,-0.022007,0.080320,50.050000,70.000000
-0.025953,-0.197392,-0.563798,-0.182839,50.050000,70.000000
0.428923,0.912263,1.317954,1.642192,50.050000,70.000000
0.403386,-0.293748,0.733935,0.011363,50.050000,70.000000
0.985373,-0.835509,0.789922,-0.149366,50.050000,70.000000
-0.403242,0.704363,-2.892668,-0.442317,50.050000,70.000000
0.231829,0.342009,2.417662,31.151244,50.050000,70.000000
0.147676,-0.002033,-0.128248,0.001308,50.050000,70.000000
-0.174929,-0.035680,0.171470,-0.027020,50.050000,70.000000
0.331496,-0.553412,0.551894,-0.099621,50.050000,70.000000
0.803194,-0.722429,-0.491943,-0.268471,50.050000,70.000000
0.144098,-0.148401,0.161720,-0.147357,50.050000,70.000000
-0.178286,-0.452438,-0.353564,0.181280,50.050000,70.000000
-0.128148,0.212490,0.370803,-0.464606,50.050000,70.000000
-0.687983,-0.926142,-0.758856,-0.820420,50.050000,70.000000
0.339411,0.477475,0.365345,-0.374175,50.050000,70.000000
0.924662,0.799861,-0.398910,0.070844,50.050000,70.000000
-0.733797,-0.921196,-0.772242,-0.904191,50.050000,70.000000
-0.538020,-0.509929,0.516990,-0.180992,50.050000,70.000000
-0.378788,-0.284902,1.816876,0.436973,50.050000,70.000000
-0.344603,0.249570,-0.109076,-0.077312,50.050000,70.000000
0.521387,0.956386,-2.687313,2.721411,50.050000,70.000000
-0.015600,-0.196135,0.531235,0.853418,50.050000,70.000000
-0.440929,-0.685814,0.461001,-0.545061,50.050000,70.000000
-0.477801,-0.396672,0.616495,-0.287859,50.050000,70.000000
-0.864424,-0.372954,0.010940,-1.446187,50.050000,70.000000
-0.243442,0.472036,-0.103955,0.012903,50.050000,70.000000
-0.498131,-0.087799,0.377657,-0.033524,50.050000,70.000000
0.367621,0.600756,0.329090,0.490447,50.050000,70.000000
0.910218,0.030082,-0.392417,-0.128996,50.050000,70.000000
-0.417743,0.988767,16.344445,-0.904581,50.050000,70.000000
0.206185,-0.651215,-0.032106,0.752375,50.050000,70.000000
-0.976561,0.936039,-0.847522,0.813577,50.050000,70.000000
0.009630,-0.156608,-0.044706,-0.118621,50.050000,70.000000
-0.115305,0.069764,0.135743,0.089515,50.050000,70.000000
0.530027,0.164885,0.522367,0.210859,50.050000,70.000000
-0.778839,0.050541,1.398755,-0.130708,50.050000,70.000000
-0.555754,-0.554678,-0.390867,-0.128653,50.050000,70.000000
-0.474466,-0.348582,0.331847,-0.087289,50.050000,70.000000
-0.623828,-0.683163,0.804768,-0.586096,50.050000,70.000000
0.074620,0.142263,-1.122288,-1.161837,50.050000,70.000000
-0.984875,-0.797366,-0.471679,-0.901590,50.050000,70.000000
0.663320,0.411964,0.437938,0.271025,50.050000,70.000000
-0.127690,-0.085095,-0.174356,-0.000447,50.050000,70.000000
-0.195328,-0.881039,0.821082,0.413271,50.050000,70.000000
0.370545,-0.252619,1.865697,-0.209320,50.050000,70.000000
0.235397,0.323444,3.116202,-1.139937,50.050000,70.000000
0.123686,0.788165,-13.918476,32.154576,50.050000,70.000000
0.691834,-0.338343,0.303456,-0.120680,50.050000,70.000000
-0.523221,0.232059,-0.490500,0.258795,50.050000,70.000000
0.212837,-0.840761,0.334253,0.100741,50.050000,70.000000
-0.676940,0.676519,0.225195,-0.092770,50.050000,70.000000
0.246738,0.917543,7.534296,-19.393896,50.050000,70.000000
-0.850768,-0.854220,-0.761103,-0.737653,50.050000,70.000000
-0.871659,0.034115,-0.326779,0.074461,50.050000,70.000000
-0.622900,0.926342,-0.899796,0.688144,50.050000,70.000000
-0.963835,0.822853,0.893805,0.815273,50.050000,70.000000
-0.304357,0.671238,-0.575662,-0.556361,50.050000,70.000000
-0.494570,-0.230067,-0.488726,-0.227398,50.050000,70.000000
-0.742649,0.293232,0.499174,0.097722,50.050000,70.000000
0.352996,0.808464,0.723825,0.146725,50.050000,70.000000
-0.141359,0.187034,-0.321976,-0.045165,50.050000,70.000000
-0.519886,0.271461,-0.490061,0.244152,50.050000,70.000000
0.446488,0.127122,0.532994,0.147741,50.050000,70.000000
0.539476,0.975112,-0.008805,-0.098211,50.050000,70.000000
0.715297,-0.011548,0.400980,0.018217,50.050000,70.000000
-0.094905,0.937977,-0.484508,-0.772762,50.050000,70.000000
0.581319,0.231632,0.339402,0.147226,50.050000,70.000000
-0.952658,0.685002,15.706021,-10.698485,50.050000,70.000000
0.825482,-0.120965,0.269343,-0.196427,50.050000,70.000000
0.940387,-0.917173,-0.828652,-0.961542,50.050000,70.000000
-0.925500,-0.876666,0.286767,-0.182673,50.050000,70.000000
-0.130394,0.475694,19.268333,30.272277,50.050000,70.000000
0.982038,-0.888435,-0.739846,-0.966139,50.050000,70.000000
0.065809,0.050483,0.016807,-0.036058,50.050000,70.000000
0.467985,-0.578371,0.602030,-0.492355,50.050000,70.000000
-0.682357,-0.366038,0.412116,-0.290787,50.050000,70.000000
-0.009023,0.347934,0.099333,0.189432,50.050000,70.000000
-0.270806,0.557481,4.127894,2.029030,50.050000,70.000000
-0.418539,-0.389206,-0.294333,-0.081524,50.050000,70.000000
0.614173,0.413712,0.406690,0.145999,50.050000,70.000000
-0.744964,-0.610162,0.560596,-0.341822,50.050000,70.000000
-0.999684,0.316844,0.667248,0.358663,50.050000,70.000000
-0.803625,-0.524367,-0.525768,-0.241544,50.050000,70.000000
0.967122,0.422736,8.527912,-0.451194,50.050000,70.000000
0.923232,0.760025,-0.765318,0.769415,50.050000,70.000000
-0.254596,-0.986695,-3.168587,-1.067768,50.050000,70.000000
0.618857,-0.863657,-0.037662,0.174924,50.050000,70.000000
0.512364,-0.692119,0.511509,-0.607170,50.050000,70.000000
-0.436713,0.161767,-0.394874,0.120214,50.050000,70.000000
0.826342,0.334073,1.021480,0.460670,50.050000,70.000000
0.762803,0.422340,0.652031,0.453128,50.050000,70.000000
0.274058,0.096748,0.256179,0.057350,50.050000,70.000000
0.042142,0.282325,0.190826,-0.319898,50.050000,70.000000
-0.967307,0.477067,0.849312,0.520315,50.050000,70.000000
0.065053,-0.651464,-0.135553,-0.173392,50.050000,70.000000
0.847038,0.163077,0.195268,0.111645,50.050000,70.000000
0.830336,-0.543807,0.179350,0.033420,50.050000,70.000000
0.238260,0.441246,0.853520,0.770765,50.050000,70.000000
0.017387,0.228293,-0.056556,-0.057378,50.050000,70.000000
0.921521,0.011094,-3.667434,-0.106753,50.050000,70.000000
0.463631,0.247863,0.517661,0.210319,50.050000,70.000000
-0.174043,0.866933,16.875824,-0.099793,50.050000,70.000000
0.536940,0.343267,-0.434624,0.173133,50.050000,70.000000
-0.713504,0.143759,-8.365454,-6.039173,50.050000,70.000000
0.154581,0.045742,-0.143554,-0.007743,50.050000,70.000000
0.787798,0.515921,-0.572635,0.504385,50.050000,70.000000
-0.911571,-0.772650,0.908982,-0.641329,50.050000,70.000000
0.074556,-0.938480,0.859697,1.489528,50.050000,70.000000
0.961960,-0.336308,1.740885,-0.555944,50.050000,70.000000
-0.333398,0.584149,7.177345,2.163637,50.050000,70.000000
-0.201730,-0.476148,-0.053549,0.111859,50.050000,70.000000
-0.624081,-0.921721,-0.188009,0.160923,50.050000,70.000000
0.628544,-0.054499,-1.723009,-0.179633,50.050000,70.000000
0.028578,0.318799,-0.899257,0.589359,50.050000,70.000000
0.060943,0.270982,6.222406,0.444643,50.050000,70.000000
0.392137,0.643210,-0.438383,0.273678,50.050000,70.000000
0.434246,0.364846,0.516814,0.381127,50.050000,70.000000
-0.031741,0.521026,5.661692,-9.888554,50.050000,70.000000
0.879211,0.891906,0.759981,0.562341,50.050000,70.000000
0.271181,-0.268367,-1.339555,-0.981226,50.050000,70.000000
-0.445665,-0.285984,0.155809,0.054230,50.050000,70.000000
-0.541162,0.682928,-0.626402,0.361255,50.050000,70.000000
-0.032086,0.722860,-1.316661,-0.083715,50.050000,70.000000
-0.891135,0.688958,-0.513529,0.147604,50.050000,70.000000
-0.679055,-0.876204,0.697614,-0.853686,50.050000,70.000000
-0.358856,0.710093,1.725160,0.414454,50.050000,70.000000
0.533346,-0.059336,0.774816,-0.045043,50.050000,70.000000
0.735956,-0.791248,0.740964,-0.788635,50.050000,70.000000
-0.510382,0.012291,1.824290,-0.002042,50.050000,70.000000
0.572861,0.071473,-1.866741,0.242609,50.050000,70.000000
-0.747088,-0.311101,0.177564,0.050235,50.050000,70.000000
-0.667909,0.455802,0.421305,0.152538,50.050000,70.000000
0.664290,0.724575,0.670765,0.666256,50.050000,70.000000
-0.074334,0.666430,12.944787,0.892187,50.050000,70.000000
0.695742,-0.669360,-0.618094,-0.410025,50.050000,70.000000
0.068037,-0.500418,-1.137927,-2.332477,50.050000,70.000000
-0.531128,-0.667721,-0.464815,-0.335864,50.050000,70.000000
-0.387604,-0.462694,3.599585,-0.468944,50.050000,70.000000
-0.492035,0.366074,-0.584357,0.283486,50.050000,70.000000
0.610761,-0.933555,0.656930,-0.164307,50.050000,70.000000
-0.258391,-0.783438,-0.275256,0.335835,50.050000,70.000000
0.760355,-0.714794,-0.705045,-0.651206,50.050000,70.000000
0.458189,0.778909,2.461265,-0.349582,50.050000,70.000000
-0.871577,-0.591840,1.063582,-0.304232,50.050000,70.000000
0.940414,-0.469661,-0.639852,-0.155435,50.050000,70.000000
0.405226,0.635657,-0.681246,0.219423,50.050000,70.000000
-0.515850,0.106329,0.624530,-0.028754,50.050000,70.000000
-0.931688,-0.877280,0.363990,-0.467435,50.050000,70.000000
-0.449681,0.218969,-0.088830,-0.054081,50.050000,70.000000
0.207775,0.070420,0.354595,0.692923,50.050000,70.000000
-0.454202,0.232452,0.232552,0.004584,50.050000,70.000000
0.824257,-0.715774,-0.204130,0.068045,50.050000,70.000000
-0.013751,0.879262,1.973385,-50.522272,50.050000,70.000000
-0.236252,-0.682296,-15.852590,-3.133981,50.050000,70.000000
0.653315,0.261731,-0.426719,0.259679,50.050000,70.000000
0.918729,-0.925724,-0.837106,-0.953533,50.050000,70.000000
-0.640915,0.139643,2.410061,0.548494,50.050000,70.000000
0.983877,0.028087,-0.446624,0.012498,50.050000,70.000000
0.053386,-0.734039,-10.937716,20.649812,50.050000,70.000000
-0.998578,0.905113,11.788244,-3.013073,50.050000,70.000000
0.229314,0.075483,-0.069270,-0.000092,50.050000,70.000000
0.639751,0.298503,-0.396834,0.264068,50.050000,70.000000
0.945414,-0.418807,-0.474648,-0.415598,50.050000,70.000000
-0.885126,-0.320528,-0.336215,0.145376,50.050000,70.000000
0.891534,0.017552,0.728052,0.024590,50.050000,70.000000
0.988168,0.144057,-0.709971,-0.101463,50.050000,70.000000
-0.839297,-0.071148,0.278863,-0.051342,50.050000,70.000000
0.220929,-0.844494,-8.098059,5.963030,50.050000,70.000000
0.586305,0.032967,-0.208016,0.046990,50.050000,70.000000
0.069228,-0.480065,9.247626,-1.386082,50.050000,70.000000
-0.450639,0.105194,-0.141269,-0.055477,50.050000,70.000000
0.003464,0.227710,-0.004659,0.086054,50.050000,70.000000
-0.880020,-0.494794,0.040997,0.129293,50.050000,70.000000
0.003852,0.747545,-0.699766,0.067697,50.050000,70.000000
-0.010229,0.074914,0.046487,-0.131777,50.050000,70.000000
-0.917247,-0.177656,0.454275,0.084271,50.050000,70.000000
0.129533,-0.937102,-0.507603,15.967753,50.050000,70.000000
0.123787,0.486190,-5.137441,14.973208,50.050000,70.000000
-0.606574,-0.696428,0.852469,-0.522546,50.050000,70.000000
-0.873298,0.477422,-0.558087,0.305607,50.050000,70.000000
0.035822,0.053262,0.016961,-0.058563,50.050000,70.000000
-0.830238,0.183322,0.826778,1.311121,50.050000,70.000000
-0.913173,0.295280,1.111767,-0.113626,50.050000,70.000000
0.764149,-0.950797,-0.280505,0.130577,50.050000,70.000000
-0.037414,-0.822622,1.190518,14.198775,50.050000,70.000000
0.190447,0.839011,-0.793307,-0.527895,50.050000,70.000000
-0.749958,-0.550728,0.341289,-0.073881,50.050000,70.000000
-0.078821,-0.736771,18.000668,26.582370,50.050000,70.000000
-0.913350,-0.679680,-0.925153,-0.664268,50.050000,70.000000
0.620120,0.354131,0.491577,0.209047,50.050000,70.000000
-0.125561,-0.304907,0.220124,0.117799,50.050000,70.000000
-0.575460,0.239495,0.482286,0.283992,50.050000,70.000000
-0.806134,-0.700514,0.775366,-0.661906,50.050000,70.000000
0.457574,0.453533,0.502035,0.312753,50.050000,70.000000
0.535299,0.772956,0.154952,-0.071111,50.050000,70.000000
-0.930534,0.517418,-0.402270,0.043408,50.050000,70.000000
0.236948,0.391217,-0.109076,0.144685,50.050000,70.000000
-0.810003,0.282330,-0.594995,0.084462,50.050000,70.000000
-0.877460,0.530875,0.463869,0.301167,50.050000,70.000000
0.414152,0.652051,-0.703062,0.255796,50.050000,70.000000
-0.985077,-0.185464,0.429323,0.039922,50.050000,70.000000
0.902530,0.823143,0.490415,0.189134,50.050000,70.000000
0.560999,0.715691,-0.449516,0.638581,50.050000,70.000000
0.621237,-0.871756,-0.659445,-0.463457,50.050000,70.000000
0.403695,0.898923,0.312736,-0.092223,50.050000,70.000000
0.203201,-0.793918,0.055560,-3.001953,50.050000,70.000000
0.620887,-0.757890,0.059037,0.157014,50.050000,70.000000
0.148610,-0.307846,0.652576,-0.624224,50.050000,70.000000
0.025483,0.294497,10.141846,2.096776,50.050000,70.000000
-0.393559,-0.543298,0.467591,-0.227107,50.050000,70.000000
0.783701,-0.341712,-0.782718,-0.358986,50.050000,70.000000
0.845375,0.217037,-0.921133,0.740925,50.050000,70.000000
-0.252827,0.729544,0.690515,1.726709,50.050000,70.000000
-0.554906,-0.302813,0.303396,-0.045111,50.050000,70.000000
0.626970,-0.523233,0.168911,0.058956,50.050000,70.000000
0.018305,-0.347232,-0.085077,0.639267,50.050000,70.000000
0.066679,0.670657,5.525162,-2.000736,50.050000,70.000000
-0.262270,0.033441,-0.243952,-0.025860,50.050000,70.000000
0.034985,-0.003915,0.036843,0.004584,50.050000,70.000000
0.202344,0.795967,-0.540127,0.009835,50.050000,70.000000
-0.174625,-0.922854,-0.061062,0.353124,50.050000,70.000000
-0.399191,0.802682,-3.925875,-0.469336,50.050000,70.000000
0.678677,0.523963,-0.397591,0.149195,50.050000,70.000000
0.239261,-0.747431,3.477168,-5.277678,50.050000,70.000000
-0.078321,-0.337840,-1.034646,-0.180360,50.050000,70.000000
-0.083702,-0.783324,20.251642,31.912012,50.050000,70.000000
0.678395,-0.222903,0.263243,-0.109064,50.050000,70.000000
-0.323080,0.001340,-0.302131,0.001901,50.050000,70.000000
0.526365,0.611790,0.485813,0.488548,50.050000,70.000000
0.352688,-0.378039,0.001350,-0.070530,50.050000,70.000000
0.292590,-0.437563,-0.004234,-0.716697,50.050000,70.000000
-0.127711,-0.445703,-1.086262,0.595749,50.050000,70.000000
-0.930455,-0.151865,0.865953,0.116105,50.050000,70.000000
-0.392934,-0.035850,-0.653712,-0.027052,50.050000,70.000000
-0.528072,0.695707,0.039530,-0.131106,50.050000,70.000000
0.752991,-0.473030,-0.393231,-0.181207,50.050000,70.000000
-0.218039,-0.580065,-0.575868,0.017509,50.050000,70.000000
0.848020,0.672771,-0.767881,0.671640,50.050000,70.000000
-0.731727,-0.139058,-4.010023,-0.382579,50.050000,70.000000
0.856952,0.797498,-0.755213,0.793054,50.050000,70.000000
-0.454890,0.658019,0.491666,0.487399,50.050000,70.000000
-0.673704,-0.937979,-0.744236,-0.906573,50.050000,70.000000
-0.611153,0.346319,-0.533990,0.363460,50.050000,70.000000
0.585169,0.940695,0.770424,0.383044,50.050000,70.000000
0.265809,-0.551453,-1.731493,-0.235785,50.050000,70.000000
-0.274464,-0.915128,4.364986,14.584815,50.050000,70.000000
-0.552399,-0.172653,0.313078,-0.133389,50.050000,70.000000
0.220474,-0.490904,-0.505226,-1.258536,50.050000,70.000000
-0.621937,-0.900450,0.607368,-0.793887,50.050000,70.000000
0.138438,0.732380,-0.110710,-0.084208,50.050000,70.000000
-0.889437,-0.767115,0.923164,-0.739945,50.050000,70.000000
-0.898104,-0.436571,0.876377,-0.526174,50.050000,70.000000
0.552489,-0.325514,0.249442,-0.011637,50.050000,70.000000
-0.908156,0.618601,-1.206462,-0.805017,50.050000,70.000000
0.830353,-0.263294,0.242816,0.056290,50.050000,70.000000
0.815663,0.847204,-0.523668,0.392416,50.050000,70.000000
0.955416,-0.328384,7.656324,-3.015603,50.050000,70.000000
0.856678,0.184229,0.120171,-0.051371,50.050000,70.000000
0.332813,-0.410359,4.370261,-2.766499,50.050000,70.000000
-0.911266,0.348394,-1.800600,0.267299,50.050000,70.000000
-0.541453,-0.196798,0.216928,0.011636,50.050000,70.000000
0.420082,0.315682,0.349519,0.137938,50.050000,70.000000
-0.331089,-0.618034,-0.167478,0.201075,50.050000,70.000000
0.706188,0.899676,0.189154,-0.144308,50.050000,70.000000
0.847906,0.759647,0.711090,0.508310,50.050000,70.000000
-0.617888,-0.837647,-0.606308,-0.811383,50.050000,70.000000
-0.333196,-0.022619,0.339182,0.006125,50.050000,70.000000
-0.152151,0.789764,-1.390813,-1.728666,50.050000,70.000000
-0.438283,-0.227200,0.480122,-0.159834,50.050000,70.000000
-0.550794,0.797485,-0.020381,-0.150235,50.050000,70.000000
-0.669317,0.785700,-0.568355,0.368418,50.050000,70.000000
-0.748321,0.965707,0.989968,0.895678,50.050000,70.000000
0.632076,-0.697468,-0.684944,-0.394879,50.050000,70.000000
-0.343226,-0.594817,-0.488856,-0.997864,50.050000,70.000000
0.902882,0.732584,0.684501,0.374722,50.050000,70.000000
0.535617,0.115110,0.320745,0.100721,50.050000,70.000000
0.659048,0.620663,0.546221,0.370892,50.050000,70.000000
-0.521403,0.783199,0.047806,-0.162295,50.050000,70.000000
-0.772762,0.184644,0.207791,-0.021266,50.050000,70.000000
-0.683561,-0.611244,-0.685880,-0.566513,50.050000,70.000000
0.829835,-0.965888,-0.870194,-0.939967,50.050000,70.000000
0.319835,-0.535653,0.221737,0.267228,50.050000,70.000000
-0.727978,0.879838,-0.587265,0.370717,50.050000,70.000000
-0.562233,0.546872,-0.474204,0.174656,50.050000,70.000000
-0.720026,0.516799,-0.539057,0.451785,50.050000,70.000000
-0.154451,0.145313,0.918416,-1.203447,50.050000,70.000000
0.268295,-0.761130,15.999195,1.612935,50.050000,70.000000
-0.314796,-0.777099,-7.449715,-2.067425,50.050000,70.000000
-0.698670,-0.544854,-0.300386,-0.023021,50.050000,70.000000
0.646445,0.799493,-0.188241,-0.089115,50.050000,70.000000
-0.912840,-0.109539,1.505300,0.023032,50.050000,70.000000
0.970421,-0.127485,3.601461,-0.020481,50.050000,70.000000
-0.637000,-0.065855,0.492411,0.101735,50.050000,70.000000
-0.821819,-0.306233,5.333540,-0.840872,50.050000,70.000000
-0.859763,-0.040045,3.907784,0.377198,50.050000,70.000000
0.958188,0.267455,0.520701,1.212076,50.050000,70.000000
-0.877130,0.079771,12.273422,0.485018,50.050000,70.000000
0.705945,0.825487,0.555440,0.477537,50.050000,70.000000
-0.041543,-0.214139,2.876550,1.457882,50.050000,70.000000
0.965637,-0.543961,0.087638,0.110864,50.050000,70.000000
-0.354741,-0.132571,-0.342848,-0.010133,50.050000,70.000000
-0.115541,0.101185,3.411868,-2.829487,50.050000,70.000000
0.611491,-0.670683,0.441642,-0.060550,50.050000,70.000000
-0.170435,-0.494671,-2.878913,-0.700013,50.050000,70.000000
0.057961,0.155421,3.133255,-0.509203,50.050000,70.000000
0.162634,-0.611461,2.037404,1.258928,50.050000,70.000000
-0.828116,-0.149613,-1.127286,0.076968,50.050000,70.000000
-0.540495,-0.103513,-0.446356,-0.128194,50.050000,70.000000
0.258463,-0.016341,0.239680,0.003164,50.050000,70.000000
-0.651316,-0.675416,0.789892,-0.597015,50.050000,70.000000
0.291442,0.273551,0.702489,0.037940,50.050000,70.000000
-0.423445,-0.833996,-0.580298,-0.637257,50.050000,70.000000
-0.962893,0.649275,0.579391,-0.169592,50.050000,70.000000
0.358524,-0.291061,19.017145,6.978893,50.050000,70.000000
0.133005,-0.584710,-2.287086,9.648646,50.050000,70.000000
0.772270,-0.460216,0.550255,-0.329555,50.050000,70.000000
-0.847470,0.565976,-0.389717,0.014317,50.050000,70.000000
0.355270,-0.979883,-0.291503,-0.109632,50.050000,70.000000
-0.887621,-0.253353,15.850775,24.894876,50.050000,70.000000
-0.108180,-0.182184,-1.511565,0.119285,50.050000,70.000000
0.032837,-0.109602,0.039116,0.068008,50.050000,70.000000
-0.074133,0.050083,-0.073861,-0.046412,50.050000,70.000000
-0.256932,-0.264362,0.388316,0.309605,50.050000,70.000000
0.866073,0.087004,-0.311656,0.074919,50.050000,70.000000
0.283489,0.601653,-3.853218,0.128927,50.050000,70.000000
-0.015913,0.545406,0.523446,2.197525,50.050000,70.000000
0.634596,-0.345744,0.512133,-0.196008,50.050000,70.000000
-0.914939,0.624183,0.053735,0.022404,50.050000,70.000000
0.647874,0.819857,0.698001,0.702872,50.050000,70.000000
-0.658059,0.009918,-0.434440,0.065097,50.050000,70.000000
0.692015,0.701357,0.681676,0.665828,50.050000,70.000000
-0.298608,-0.705643,-10.083161,-2.661351,50.050000,70.000000
0.254875,-0.307888,-13.858228,11.018735,50.050000,70.000000
-0.680643,0.429099,0.556355,0.469379,50.050000,70.000000
-0.128149,0.207199,1.367988,-4.911467,50.050000,70.000000
0.392472,0.284661,0.163147,0.029604,50.050000,70.000000
0.291922,0.326823,-12.799746,-11.819252,50.050000,70.000000
0.908252,0.997701,0.816618,0.619523,50.050000,70.000000
0.353655,-0.125566,0.566076,-0.008901,50.050000,70.000000
-0.390418,0.242666,-0.178316,-0.104737,50.050000,70.000000
0.495745,-0.017476,-1.257741,0.044425,50.050000,70.000000
0.284650,0.109505,-2.710782,0.171537,50.050000,70.000000
0.444057,-0.740597,0.308489,-0.159782,50.050000,70.000000
0.780426,0.614885,-0.725720,0.608511,50.050000,70.000000
0.373719,-0.906333,4.979323,13.090371,50.050000,70.000000
-0.736154,-0.544882,0.643799,-0.595724,50.050000,70.000000
0.160506,-0.381772,0.483722,2.363995,50.050000,70.000000
-0.447296,0.303769,-0.519172,0.193647,50.050000,70.000000
-0.547350,0.696636,0.488028,0.351380,50.050000,70.000000
0.362779,-0.776125,0.593332,0.123463,50.050000,70.000000
-0.335657,0.611858,-0.207122,-0.072940,50.050000,70.000000
-0.503755,-0.602587,0.720352,-0.114950,50.050000,70.000000
0.319848,-0.314887,-7.025340,4.787016,50.050000,70.000000
-0.310050,0.994767,-0.076661,-0.559837,50.050000,70.000000
-0.959312,0.845105,0.852925,0.839674,50.050000,70.000000
-0.319298,-0.448667,0.196930,-0.095417,50.050000,70.000000
-0.738517,-0.261672,1.379748,-0.403746,50.050000,70.000000
0.085504,-0.934528,7.081013,10.419475,50.050000,70.000000
-0.617773,-0.906616,0.563435,-0.704254,50.050000,70.000000
0.511424,-0.499052,0.670265,-0.331775,50.050000,70.000000
